solid OpenSCAD_Model
  facet normal -0.991443 -0.130542 0
    outer loop
      vertex -8.30647 0.148165 0
      vertex -8.32583 0.295201 3
      vertex -8.32583 0.295201 0
    endloop
  endfacet
  facet normal -0.991443 -0.130542 0
    outer loop
      vertex -8.32583 0.295201 3
      vertex -8.30647 0.148165 0
      vertex -8.30647 0.148165 3
    endloop
  endfacet
  facet normal -0.999048 -0.043626 0
    outer loop
      vertex -8.3 0 0
      vertex -8.30647 0.148165 3
      vertex -8.30647 0.148165 0
    endloop
  endfacet
  facet normal -0.999048 -0.043626 0
    outer loop
      vertex -8.30647 0.148165 3
      vertex -8.3 0 0
      vertex -8.3 0 3
    endloop
  endfacet
  facet normal -0.976295 -0.216444 0
    outer loop
      vertex -8.32583 0.295201 0
      vertex -8.35793 0.439992 3
      vertex -8.35793 0.439992 0
    endloop
  endfacet
  facet normal -0.976295 -0.216444 0
    outer loop
      vertex -8.35793 0.439992 3
      vertex -8.32583 0.295201 0
      vertex -8.32583 0.295201 3
    endloop
  endfacet
  facet normal -0.30067 0.953728 0
    outer loop
      vertex -9.41857 -1.59748 0
      vertex -9.56001 -1.64207 3
      vertex -9.41857 -1.59748 3
    endloop
  endfacet
  facet normal -0.30067 0.953728 0
    outer loop
      vertex -9.56001 -1.64207 3
      vertex -9.41857 -1.59748 0
      vertex -9.56001 -1.64207 0
    endloop
  endfacet
  facet normal -0.30067 -0.953728 0
    outer loop
      vertex -9.56001 1.64207 0
      vertex -9.41857 1.59748 3
      vertex -9.56001 1.64207 3
    endloop
  endfacet
  facet normal -0.30067 -0.953728 -0
    outer loop
      vertex -9.41857 1.59748 3
      vertex -9.56001 1.64207 0
      vertex -9.41857 1.59748 0
    endloop
  endfacet
  facet normal 0.461884 0.886941 -0
    outer loop
      vertex -10.7185 -1.54072 0
      vertex -10.85 -1.47224 3
      vertex -10.7185 -1.54072 3
    endloop
  endfacet
  facet normal 0.461884 0.886941 0
    outer loop
      vertex -10.85 -1.47224 3
      vertex -10.7185 -1.54072 0
      vertex -10.85 -1.47224 0
    endloop
  endfacet
  facet normal -0.461745 0.887012 0
    outer loop
      vertex -9.15 -1.47224 0
      vertex -9.28155 -1.54072 3
      vertex -9.15 -1.47224 3
    endloop
  endfacet
  facet normal -0.461745 0.887012 0
    outer loop
      vertex -9.28155 -1.54072 3
      vertex -9.15 -1.47224 0
      vertex -9.28155 -1.54072 0
    endloop
  endfacet
  facet normal 0.7933 -0.608831 0
    outer loop
      vertex -11.3926 0.97508 3
      vertex -11.3023 1.09274 0
      vertex -11.3023 1.09274 3
    endloop
  endfacet
  facet normal 0.7933 -0.608831 0
    outer loop
      vertex -11.3023 1.09274 0
      vertex -11.3926 0.97508 3
      vertex -11.3926 0.97508 0
    endloop
  endfacet
  facet normal 0.843652 -0.53689 0
    outer loop
      vertex -11.4722 0.849999 3
      vertex -11.3926 0.97508 0
      vertex -11.3926 0.97508 3
    endloop
  endfacet
  facet normal 0.843652 -0.53689 0
    outer loop
      vertex -11.3926 0.97508 0
      vertex -11.4722 0.849999 3
      vertex -11.4722 0.849999 0
    endloop
  endfacet
  facet normal 0.886954 -0.461857 0
    outer loop
      vertex -11.5407 0.718451 3
      vertex -11.4722 0.849999 0
      vertex -11.4722 0.849999 3
    endloop
  endfacet
  facet normal 0.886954 -0.461857 0
    outer loop
      vertex -11.4722 0.849999 0
      vertex -11.5407 0.718451 3
      vertex -11.5407 0.718451 0
    endloop
  endfacet
  facet normal -0.216445 0.976295 0
    outer loop
      vertex -9.56001 -1.64207 0
      vertex -9.7048 -1.67417 3
      vertex -9.56001 -1.64207 3
    endloop
  endfacet
  facet normal -0.216445 0.976295 0
    outer loop
      vertex -9.7048 -1.67417 3
      vertex -9.56001 -1.64207 0
      vertex -9.7048 -1.67417 0
    endloop
  endfacet
  facet normal 0.216431 0.976298 -0
    outer loop
      vertex -10.2952 -1.67417 0
      vertex -10.44 -1.64207 3
      vertex -10.2952 -1.67417 3
    endloop
  endfacet
  facet normal 0.216431 0.976298 0
    outer loop
      vertex -10.44 -1.64207 3
      vertex -10.2952 -1.67417 0
      vertex -10.44 -1.64207 0
    endloop
  endfacet
  facet normal -0.216445 -0.976295 0
    outer loop
      vertex -9.7048 1.67417 0
      vertex -9.56001 1.64207 3
      vertex -9.7048 1.67417 3
    endloop
  endfacet
  facet normal -0.216445 -0.976295 -0
    outer loop
      vertex -9.56001 1.64207 3
      vertex -9.7048 1.67417 0
      vertex -9.56001 1.64207 0
    endloop
  endfacet
  facet normal 0.991495 0.130144 0
    outer loop
      vertex -11.6742 -0.295201 3
      vertex -11.6935 -0.148165 0
      vertex -11.6935 -0.148165 3
    endloop
  endfacet
  facet normal 0.991495 0.130144 0
    outer loop
      vertex -11.6935 -0.148165 0
      vertex -11.6742 -0.295201 3
      vertex -11.6742 -0.295201 0
    endloop
  endfacet
  facet normal 0.300747 -0.953704 0
    outer loop
      vertex -10.5814 1.59748 0
      vertex -10.44 1.64207 3
      vertex -10.5814 1.59748 3
    endloop
  endfacet
  facet normal 0.300747 -0.953704 0
    outer loop
      vertex -10.44 1.64207 3
      vertex -10.5814 1.59748 0
      vertex -10.44 1.64207 0
    endloop
  endfacet
  facet normal 0.923772 0.382944 0
    outer loop
      vertex -11.5407 -0.718451 3
      vertex -11.5975 -0.581433 0
      vertex -11.5975 -0.581433 3
    endloop
  endfacet
  facet normal 0.923772 0.382944 0
    outer loop
      vertex -11.5975 -0.581433 0
      vertex -11.5407 -0.718451 3
      vertex -11.5407 -0.718451 0
    endloop
  endfacet
  facet normal -0.737249 0.675621 0
    outer loop
      vertex -8.79792 -1.20208 0
      vertex -8.69772 -1.09274 3
      vertex -8.69772 -1.09274 0
    endloop
  endfacet
  facet normal -0.737249 0.675621 0
    outer loop
      vertex -8.69772 -1.09274 3
      vertex -8.79792 -1.20208 0
      vertex -8.79792 -1.20208 3
    endloop
  endfacet
  facet normal -0.130547 0.991442 0
    outer loop
      vertex -9.7048 -1.67417 0
      vertex -9.85183 -1.69353 3
      vertex -9.7048 -1.67417 3
    endloop
  endfacet
  facet normal -0.130547 0.991442 0
    outer loop
      vertex -9.85183 -1.69353 3
      vertex -9.7048 -1.67417 0
      vertex -9.85183 -1.69353 0
    endloop
  endfacet
  facet normal -0.608788 -0.793333 0
    outer loop
      vertex -9.02492 1.39256 0
      vertex -8.90726 1.30227 3
      vertex -9.02492 1.39256 3
    endloop
  endfacet
  facet normal -0.608788 -0.793333 -0
    outer loop
      vertex -8.90726 1.30227 3
      vertex -9.02492 1.39256 0
      vertex -8.90726 1.30227 0
    endloop
  endfacet
  facet normal -0.953729 0.300668 0
    outer loop
      vertex -8.40252 -0.581433 0
      vertex -8.35793 -0.439992 3
      vertex -8.35793 -0.439992 0
    endloop
  endfacet
  facet normal -0.953729 0.300668 0
    outer loop
      vertex -8.35793 -0.439992 3
      vertex -8.40252 -0.581433 0
      vertex -8.40252 -0.581433 3
    endloop
  endfacet
  facet normal 0.537216 -0.843445 0
    outer loop
      vertex -10.9751 1.39256 0
      vertex -10.85 1.47224 3
      vertex -10.9751 1.39256 3
    endloop
  endfacet
  facet normal 0.537216 -0.843445 0
    outer loop
      vertex -10.85 1.47224 3
      vertex -10.9751 1.39256 0
      vertex -10.85 1.47224 0
    endloop
  endfacet
  facet normal 0.923772 -0.382944 0
    outer loop
      vertex -11.5975 0.581433 3
      vertex -11.5407 0.718451 0
      vertex -11.5407 0.718451 3
    endloop
  endfacet
  facet normal 0.923772 -0.382944 0
    outer loop
      vertex -11.5407 0.718451 0
      vertex -11.5975 0.581433 3
      vertex -11.5975 0.581433 0
    endloop
  endfacet
  facet normal 0.537216 0.843445 -0
    outer loop
      vertex -10.85 -1.47224 0
      vertex -10.9751 -1.39256 3
      vertex -10.85 -1.47224 3
    endloop
  endfacet
  facet normal 0.537216 0.843445 0
    outer loop
      vertex -10.9751 -1.39256 3
      vertex -10.85 -1.47224 0
      vertex -10.9751 -1.39256 0
    endloop
  endfacet
  facet normal 0.608984 -0.793183 0
    outer loop
      vertex -11.0927 1.30227 0
      vertex -10.9751 1.39256 3
      vertex -11.0927 1.30227 3
    endloop
  endfacet
  facet normal 0.608984 -0.793183 0
    outer loop
      vertex -10.9751 1.39256 3
      vertex -11.0927 1.30227 0
      vertex -10.9751 1.39256 0
    endloop
  endfacet
  facet normal 0.7933 0.608831 0
    outer loop
      vertex -11.3023 -1.09274 3
      vertex -11.3926 -0.97508 0
      vertex -11.3926 -0.97508 3
    endloop
  endfacet
  facet normal 0.7933 0.608831 0
    outer loop
      vertex -11.3926 -0.97508 0
      vertex -11.3023 -1.09274 3
      vertex -11.3023 -1.09274 0
    endloop
  endfacet
  facet normal -0.537277 -0.843406 0
    outer loop
      vertex -9.15 1.47224 0
      vertex -9.02492 1.39256 3
      vertex -9.15 1.47224 3
    endloop
  endfacet
  facet normal -0.537277 -0.843406 -0
    outer loop
      vertex -9.02492 1.39256 3
      vertex -9.15 1.47224 0
      vertex -9.02492 1.39256 0
    endloop
  endfacet
  facet normal -0.0436245 0.999048 0
    outer loop
      vertex -9.85183 -1.69353 0
      vertex -10 -1.7 3
      vertex -9.85183 -1.69353 3
    endloop
  endfacet
  facet normal -0.0436245 0.999048 0
    outer loop
      vertex -10 -1.7 3
      vertex -9.85183 -1.69353 0
      vertex -10 -1.7 0
    endloop
  endfacet
  facet normal 0.976295 -0.216444 0
    outer loop
      vertex -11.6742 0.295201 3
      vertex -11.6421 0.439992 0
      vertex -11.6421 0.439992 3
    endloop
  endfacet
  facet normal 0.976295 -0.216444 0
    outer loop
      vertex -11.6421 0.439992 0
      vertex -11.6742 0.295201 3
      vertex -11.6742 0.295201 0
    endloop
  endfacet
  facet normal 0.216431 -0.976298 0
    outer loop
      vertex -10.44 1.64207 0
      vertex -10.2952 1.67417 3
      vertex -10.44 1.64207 3
    endloop
  endfacet
  facet normal 0.216431 -0.976298 0
    outer loop
      vertex -10.2952 1.67417 3
      vertex -10.44 1.64207 0
      vertex -10.2952 1.67417 0
    endloop
  endfacet
  facet normal 0.0436157 -0.999048 0
    outer loop
      vertex -10.1482 1.69353 0
      vertex -10 1.7 3
      vertex -10.1482 1.69353 3
    endloop
  endfacet
  facet normal 0.0436157 -0.999048 0
    outer loop
      vertex -10 1.7 3
      vertex -10.1482 1.69353 0
      vertex -10 1.7 0
    endloop
  endfacet
  facet normal -0.675584 -0.737283 0
    outer loop
      vertex -8.90726 1.30227 0
      vertex -8.79792 1.20208 3
      vertex -8.90726 1.30227 3
    endloop
  endfacet
  facet normal -0.675584 -0.737283 -0
    outer loop
      vertex -8.79792 1.20208 3
      vertex -8.90726 1.30227 0
      vertex -8.79792 1.20208 0
    endloop
  endfacet
  facet normal 0.737249 -0.675621 0
    outer loop
      vertex -11.3023 1.09274 3
      vertex -11.2021 1.20208 0
      vertex -11.2021 1.20208 3
    endloop
  endfacet
  facet normal 0.737249 -0.675621 0
    outer loop
      vertex -11.2021 1.20208 0
      vertex -11.3023 1.09274 3
      vertex -11.3023 1.09274 0
    endloop
  endfacet
  facet normal -0.843408 0.537274 0
    outer loop
      vertex -8.60744 -0.97508 0
      vertex -8.52776 -0.849999 3
      vertex -8.52776 -0.849999 0
    endloop
  endfacet
  facet normal -0.843408 0.537274 0
    outer loop
      vertex -8.52776 -0.849999 3
      vertex -8.60744 -0.97508 0
      vertex -8.60744 -0.97508 3
    endloop
  endfacet
  facet normal -0.991443 0.130542 0
    outer loop
      vertex -8.32583 -0.295201 0
      vertex -8.30647 -0.148165 3
      vertex -8.30647 -0.148165 0
    endloop
  endfacet
  facet normal -0.991443 0.130542 0
    outer loop
      vertex -8.30647 -0.148165 3
      vertex -8.32583 -0.295201 0
      vertex -8.32583 -0.295201 3
    endloop
  endfacet
  facet normal 0.461884 -0.886941 0
    outer loop
      vertex -10.85 1.47224 0
      vertex -10.7185 1.54072 3
      vertex -10.85 1.47224 3
    endloop
  endfacet
  facet normal 0.461884 -0.886941 0
    outer loop
      vertex -10.7185 1.54072 3
      vertex -10.85 1.47224 0
      vertex -10.7185 1.54072 0
    endloop
  endfacet
  facet normal -0.976295 0.216444 0
    outer loop
      vertex -8.35793 -0.439992 0
      vertex -8.32583 -0.295201 3
      vertex -8.32583 -0.295201 0
    endloop
  endfacet
  facet normal -0.976295 0.216444 0
    outer loop
      vertex -8.32583 -0.295201 3
      vertex -8.35793 -0.439992 0
      vertex -8.35793 -0.439992 3
    endloop
  endfacet
  facet normal 0.991495 -0.130144 0
    outer loop
      vertex -11.6935 0.148165 3
      vertex -11.6742 0.295201 0
      vertex -11.6742 0.295201 3
    endloop
  endfacet
  facet normal 0.991495 -0.130144 0
    outer loop
      vertex -11.6742 0.295201 0
      vertex -11.6935 0.148165 3
      vertex -11.6935 0.148165 0
    endloop
  endfacet
  facet normal -0.953729 -0.300668 0
    outer loop
      vertex -8.35793 0.439992 0
      vertex -8.40252 0.581433 3
      vertex -8.40252 0.581433 0
    endloop
  endfacet
  facet normal -0.953729 -0.300668 0
    outer loop
      vertex -8.40252 0.581433 3
      vertex -8.35793 0.439992 0
      vertex -8.35793 0.439992 3
    endloop
  endfacet
  facet normal -0.793365 0.608746 0
    outer loop
      vertex -8.69772 -1.09274 0
      vertex -8.60744 -0.97508 3
      vertex -8.60744 -0.97508 0
    endloop
  endfacet
  facet normal -0.793365 0.608746 0
    outer loop
      vertex -8.60744 -0.97508 3
      vertex -8.69772 -1.09274 0
      vertex -8.69772 -1.09274 3
    endloop
  endfacet
  facet normal -0.923867 0.382714 0
    outer loop
      vertex -8.45928 -0.718451 0
      vertex -8.40252 -0.581433 3
      vertex -8.40252 -0.581433 0
    endloop
  endfacet
  facet normal -0.923867 0.382714 0
    outer loop
      vertex -8.40252 -0.581433 3
      vertex -8.45928 -0.718451 0
      vertex -8.45928 -0.718451 3
    endloop
  endfacet
  facet normal -0.461745 -0.887012 0
    outer loop
      vertex -9.28155 1.54072 0
      vertex -9.15 1.47224 3
      vertex -9.28155 1.54072 3
    endloop
  endfacet
  facet normal -0.461745 -0.887012 -0
    outer loop
      vertex -9.15 1.47224 3
      vertex -9.28155 1.54072 0
      vertex -9.15 1.47224 0
    endloop
  endfacet
  facet normal -0.843408 -0.537274 0
    outer loop
      vertex -8.52776 0.849999 0
      vertex -8.60744 0.97508 3
      vertex -8.60744 0.97508 0
    endloop
  endfacet
  facet normal -0.843408 -0.537274 0
    outer loop
      vertex -8.60744 0.97508 3
      vertex -8.52776 0.849999 0
      vertex -8.52776 0.849999 3
    endloop
  endfacet
  facet normal 0.95371 0.300729 0
    outer loop
      vertex -11.5975 -0.581433 3
      vertex -11.6421 -0.439992 0
      vertex -11.6421 -0.439992 3
    endloop
  endfacet
  facet normal 0.95371 0.300729 0
    outer loop
      vertex -11.6421 -0.439992 0
      vertex -11.5975 -0.581433 3
      vertex -11.5975 -0.581433 0
    endloop
  endfacet
  facet normal -0.923867 -0.382714 0
    outer loop
      vertex -8.40252 0.581433 0
      vertex -8.45928 0.718451 3
      vertex -8.45928 0.718451 0
    endloop
  endfacet
  facet normal -0.923867 -0.382714 0
    outer loop
      vertex -8.45928 0.718451 3
      vertex -8.40252 0.581433 0
      vertex -8.40252 0.581433 3
    endloop
  endfacet
  facet normal 0.95371 -0.300729 0
    outer loop
      vertex -11.6421 0.439992 3
      vertex -11.5975 0.581433 0
      vertex -11.5975 0.581433 3
    endloop
  endfacet
  facet normal 0.95371 -0.300729 0
    outer loop
      vertex -11.5975 0.581433 0
      vertex -11.6421 0.439992 3
      vertex -11.6421 0.439992 0
    endloop
  endfacet
  facet normal -0.382709 0.923869 0
    outer loop
      vertex -9.28155 -1.54072 0
      vertex -9.41857 -1.59748 3
      vertex -9.28155 -1.54072 3
    endloop
  endfacet
  facet normal -0.382709 0.923869 0
    outer loop
      vertex -9.41857 -1.59748 3
      vertex -9.28155 -1.54072 0
      vertex -9.41857 -1.59748 0
    endloop
  endfacet
  facet normal -0.88701 -0.461751 0
    outer loop
      vertex -8.45928 0.718451 0
      vertex -8.52776 0.849999 3
      vertex -8.52776 0.849999 0
    endloop
  endfacet
  facet normal -0.88701 -0.461751 0
    outer loop
      vertex -8.52776 0.849999 3
      vertex -8.45928 0.718451 0
      vertex -8.45928 0.718451 3
    endloop
  endfacet
  facet normal 0.608984 0.793183 -0
    outer loop
      vertex -10.9751 -1.39256 0
      vertex -11.0927 -1.30227 3
      vertex -10.9751 -1.39256 3
    endloop
  endfacet
  facet normal 0.608984 0.793183 0
    outer loop
      vertex -11.0927 -1.30227 3
      vertex -10.9751 -1.39256 0
      vertex -11.0927 -1.30227 0
    endloop
  endfacet
  facet normal 0.675383 -0.737467 0
    outer loop
      vertex -11.2021 1.20208 0
      vertex -11.0927 1.30227 3
      vertex -11.2021 1.20208 3
    endloop
  endfacet
  facet normal 0.675383 -0.737467 0
    outer loop
      vertex -11.0927 1.30227 3
      vertex -11.2021 1.20208 0
      vertex -11.0927 1.30227 0
    endloop
  endfacet
  facet normal 0.886954 0.461857 0
    outer loop
      vertex -11.4722 -0.849999 3
      vertex -11.5407 -0.718451 0
      vertex -11.5407 -0.718451 3
    endloop
  endfacet
  facet normal 0.886954 0.461857 0
    outer loop
      vertex -11.5407 -0.718451 0
      vertex -11.4722 -0.849999 3
      vertex -11.4722 -0.849999 0
    endloop
  endfacet
  facet normal -0.999048 0.043626 0
    outer loop
      vertex -8.30647 -0.148165 0
      vertex -8.3 0 3
      vertex -8.3 0 0
    endloop
  endfacet
  facet normal -0.999048 0.043626 0
    outer loop
      vertex -8.3 0 3
      vertex -8.30647 -0.148165 0
      vertex -8.30647 -0.148165 3
    endloop
  endfacet
  facet normal 0.382518 -0.923948 0
    outer loop
      vertex -10.7185 1.54072 0
      vertex -10.5814 1.59748 3
      vertex -10.7185 1.54072 3
    endloop
  endfacet
  facet normal 0.382518 -0.923948 0
    outer loop
      vertex -10.5814 1.59748 3
      vertex -10.7185 1.54072 0
      vertex -10.5814 1.59748 0
    endloop
  endfacet
  facet normal -0.0436245 -0.999048 0
    outer loop
      vertex -10 1.7 0
      vertex -9.85183 1.69353 3
      vertex -10 1.7 3
    endloop
  endfacet
  facet normal -0.0436245 -0.999048 -0
    outer loop
      vertex -9.85183 1.69353 3
      vertex -10 1.7 0
      vertex -9.85183 1.69353 0
    endloop
  endfacet
  facet normal -0.737249 -0.675621 0
    outer loop
      vertex -8.69772 1.09274 0
      vertex -8.79792 1.20208 3
      vertex -8.79792 1.20208 0
    endloop
  endfacet
  facet normal -0.737249 -0.675621 0
    outer loop
      vertex -8.79792 1.20208 3
      vertex -8.69772 1.09274 0
      vertex -8.69772 1.09274 3
    endloop
  endfacet
  facet normal 0.130573 0.991439 -0
    outer loop
      vertex -10.1482 -1.69353 0
      vertex -10.2952 -1.67417 3
      vertex -10.1482 -1.69353 3
    endloop
  endfacet
  facet normal 0.130573 0.991439 0
    outer loop
      vertex -10.2952 -1.67417 3
      vertex -10.1482 -1.69353 0
      vertex -10.2952 -1.67417 0
    endloop
  endfacet
  facet normal 0.737249 0.675621 0
    outer loop
      vertex -11.2021 -1.20208 3
      vertex -11.3023 -1.09274 0
      vertex -11.3023 -1.09274 3
    endloop
  endfacet
  facet normal 0.737249 0.675621 0
    outer loop
      vertex -11.3023 -1.09274 0
      vertex -11.2021 -1.20208 3
      vertex -11.2021 -1.20208 0
    endloop
  endfacet
  facet normal 0.976295 0.216444 0
    outer loop
      vertex -11.6421 -0.439992 3
      vertex -11.6742 -0.295201 0
      vertex -11.6742 -0.295201 3
    endloop
  endfacet
  facet normal 0.976295 0.216444 0
    outer loop
      vertex -11.6742 -0.295201 0
      vertex -11.6421 -0.439992 3
      vertex -11.6421 -0.439992 0
    endloop
  endfacet
  facet normal 0.0436157 0.999048 -0
    outer loop
      vertex -10 -1.7 0
      vertex -10.1482 -1.69353 3
      vertex -10 -1.7 3
    endloop
  endfacet
  facet normal 0.0436157 0.999048 0
    outer loop
      vertex -10.1482 -1.69353 3
      vertex -10 -1.7 0
      vertex -10.1482 -1.69353 0
    endloop
  endfacet
  facet normal 0.675383 0.737467 -0
    outer loop
      vertex -11.0927 -1.30227 0
      vertex -11.2021 -1.20208 3
      vertex -11.0927 -1.30227 3
    endloop
  endfacet
  facet normal 0.675383 0.737467 0
    outer loop
      vertex -11.2021 -1.20208 3
      vertex -11.0927 -1.30227 0
      vertex -11.2021 -1.20208 0
    endloop
  endfacet
  facet normal -0.537277 0.843406 0
    outer loop
      vertex -9.02492 -1.39256 0
      vertex -9.15 -1.47224 3
      vertex -9.02492 -1.39256 3
    endloop
  endfacet
  facet normal -0.537277 0.843406 0
    outer loop
      vertex -9.15 -1.47224 3
      vertex -9.02492 -1.39256 0
      vertex -9.15 -1.47224 0
    endloop
  endfacet
  facet normal 0.999039 0.0438279 0
    outer loop
      vertex -11.6935 -0.148165 3
      vertex -11.7 0 0
      vertex -11.7 0 3
    endloop
  endfacet
  facet normal 0.999039 0.0438279 0
    outer loop
      vertex -11.7 0 0
      vertex -11.6935 -0.148165 3
      vertex -11.6935 -0.148165 0
    endloop
  endfacet
  facet normal -0.793365 -0.608746 0
    outer loop
      vertex -8.60744 0.97508 0
      vertex -8.69772 1.09274 3
      vertex -8.69772 1.09274 0
    endloop
  endfacet
  facet normal -0.793365 -0.608746 0
    outer loop
      vertex -8.69772 1.09274 3
      vertex -8.60744 0.97508 0
      vertex -8.60744 0.97508 3
    endloop
  endfacet
  facet normal 0.130573 -0.991439 0
    outer loop
      vertex -10.2952 1.67417 0
      vertex -10.1482 1.69353 3
      vertex -10.2952 1.67417 3
    endloop
  endfacet
  facet normal 0.130573 -0.991439 0
    outer loop
      vertex -10.1482 1.69353 3
      vertex -10.2952 1.67417 0
      vertex -10.1482 1.69353 0
    endloop
  endfacet
  facet normal 0.843652 0.53689 0
    outer loop
      vertex -11.3926 -0.97508 3
      vertex -11.4722 -0.849999 0
      vertex -11.4722 -0.849999 3
    endloop
  endfacet
  facet normal 0.843652 0.53689 0
    outer loop
      vertex -11.4722 -0.849999 0
      vertex -11.3926 -0.97508 3
      vertex -11.3926 -0.97508 0
    endloop
  endfacet
  facet normal -0.88701 0.461751 0
    outer loop
      vertex -8.52776 -0.849999 0
      vertex -8.45928 -0.718451 3
      vertex -8.45928 -0.718451 0
    endloop
  endfacet
  facet normal -0.88701 0.461751 0
    outer loop
      vertex -8.45928 -0.718451 3
      vertex -8.52776 -0.849999 0
      vertex -8.52776 -0.849999 3
    endloop
  endfacet
  facet normal 0.999039 -0.0438279 0
    outer loop
      vertex -11.7 0 3
      vertex -11.6935 0.148165 0
      vertex -11.6935 0.148165 3
    endloop
  endfacet
  facet normal 0.999039 -0.0438279 0
    outer loop
      vertex -11.6935 0.148165 0
      vertex -11.7 0 3
      vertex -11.7 0 0
    endloop
  endfacet
  facet normal 0.382518 0.923948 -0
    outer loop
      vertex -10.5814 -1.59748 0
      vertex -10.7185 -1.54072 3
      vertex -10.5814 -1.59748 3
    endloop
  endfacet
  facet normal 0.382518 0.923948 0
    outer loop
      vertex -10.7185 -1.54072 3
      vertex -10.5814 -1.59748 0
      vertex -10.7185 -1.54072 0
    endloop
  endfacet
  facet normal 0.300747 0.953704 -0
    outer loop
      vertex -10.44 -1.64207 0
      vertex -10.5814 -1.59748 3
      vertex -10.44 -1.64207 3
    endloop
  endfacet
  facet normal 0.300747 0.953704 0
    outer loop
      vertex -10.5814 -1.59748 3
      vertex -10.44 -1.64207 0
      vertex -10.5814 -1.59748 0
    endloop
  endfacet
  facet normal -0.382709 -0.923869 0
    outer loop
      vertex -9.41857 1.59748 0
      vertex -9.28155 1.54072 3
      vertex -9.41857 1.59748 3
    endloop
  endfacet
  facet normal -0.382709 -0.923869 -0
    outer loop
      vertex -9.28155 1.54072 3
      vertex -9.41857 1.59748 0
      vertex -9.28155 1.54072 0
    endloop
  endfacet
  facet normal -0.675584 0.737283 0
    outer loop
      vertex -8.79792 -1.20208 0
      vertex -8.90726 -1.30227 3
      vertex -8.79792 -1.20208 3
    endloop
  endfacet
  facet normal -0.675584 0.737283 0
    outer loop
      vertex -8.90726 -1.30227 3
      vertex -8.79792 -1.20208 0
      vertex -8.90726 -1.30227 0
    endloop
  endfacet
  facet normal -0.608788 0.793333 0
    outer loop
      vertex -8.90726 -1.30227 0
      vertex -9.02492 -1.39256 3
      vertex -8.90726 -1.30227 3
    endloop
  endfacet
  facet normal -0.608788 0.793333 0
    outer loop
      vertex -9.02492 -1.39256 3
      vertex -8.90726 -1.30227 0
      vertex -9.02492 -1.39256 0
    endloop
  endfacet
  facet normal -0.130547 -0.991442 0
    outer loop
      vertex -9.85183 1.69353 0
      vertex -9.7048 1.67417 3
      vertex -9.85183 1.69353 3
    endloop
  endfacet
  facet normal -0.130547 -0.991442 -0
    outer loop
      vertex -9.7048 1.67417 3
      vertex -9.85183 1.69353 0
      vertex -9.7048 1.67417 0
    endloop
  endfacet
  facet normal -0.991495 -0.130144 0
    outer loop
      vertex 11.6935 0.148165 0
      vertex 11.6742 0.295201 3
      vertex 11.6742 0.295201 0
    endloop
  endfacet
  facet normal -0.991495 -0.130144 0
    outer loop
      vertex 11.6742 0.295201 3
      vertex 11.6935 0.148165 0
      vertex 11.6935 0.148165 3
    endloop
  endfacet
  facet normal -0.999039 -0.0438279 0
    outer loop
      vertex 11.7 0 0
      vertex 11.6935 0.148165 3
      vertex 11.6935 0.148165 0
    endloop
  endfacet
  facet normal -0.999039 -0.0438279 0
    outer loop
      vertex 11.6935 0.148165 3
      vertex 11.7 0 0
      vertex 11.7 0 3
    endloop
  endfacet
  facet normal -0.976295 -0.216444 0
    outer loop
      vertex 11.6742 0.295201 0
      vertex 11.6421 0.439992 3
      vertex 11.6421 0.439992 0
    endloop
  endfacet
  facet normal -0.976295 -0.216444 0
    outer loop
      vertex 11.6421 0.439992 3
      vertex 11.6742 0.295201 0
      vertex 11.6742 0.295201 3
    endloop
  endfacet
  facet normal -0.130573 0.991439 0
    outer loop
      vertex 10.2952 -1.67417 0
      vertex 10.1482 -1.69353 3
      vertex 10.2952 -1.67417 3
    endloop
  endfacet
  facet normal -0.130573 0.991439 0
    outer loop
      vertex 10.1482 -1.69353 3
      vertex 10.2952 -1.67417 0
      vertex 10.1482 -1.69353 0
    endloop
  endfacet
  facet normal -0.300747 0.953704 0
    outer loop
      vertex 10.5814 -1.59748 0
      vertex 10.44 -1.64207 3
      vertex 10.5814 -1.59748 3
    endloop
  endfacet
  facet normal -0.300747 0.953704 0
    outer loop
      vertex 10.44 -1.64207 3
      vertex 10.5814 -1.59748 0
      vertex 10.44 -1.64207 0
    endloop
  endfacet
  facet normal 0.953729 -0.300668 0
    outer loop
      vertex 8.35793 0.439992 3
      vertex 8.40252 0.581433 0
      vertex 8.40252 0.581433 3
    endloop
  endfacet
  facet normal 0.953729 -0.300668 0
    outer loop
      vertex 8.40252 0.581433 0
      vertex 8.35793 0.439992 3
      vertex 8.35793 0.439992 0
    endloop
  endfacet
  facet normal 0.793365 0.608746 0
    outer loop
      vertex 8.69772 -1.09274 3
      vertex 8.60744 -0.97508 0
      vertex 8.60744 -0.97508 3
    endloop
  endfacet
  facet normal 0.793365 0.608746 0
    outer loop
      vertex 8.60744 -0.97508 0
      vertex 8.69772 -1.09274 3
      vertex 8.69772 -1.09274 0
    endloop
  endfacet
  facet normal -0.95371 -0.300729 0
    outer loop
      vertex 11.6421 0.439992 0
      vertex 11.5975 0.581433 3
      vertex 11.5975 0.581433 0
    endloop
  endfacet
  facet normal -0.95371 -0.300729 0
    outer loop
      vertex 11.5975 0.581433 3
      vertex 11.6421 0.439992 0
      vertex 11.6421 0.439992 3
    endloop
  endfacet
  facet normal -0.7933 -0.608831 0
    outer loop
      vertex 11.3926 0.97508 0
      vertex 11.3023 1.09274 3
      vertex 11.3023 1.09274 0
    endloop
  endfacet
  facet normal -0.7933 -0.608831 0
    outer loop
      vertex 11.3023 1.09274 3
      vertex 11.3926 0.97508 0
      vertex 11.3926 0.97508 3
    endloop
  endfacet
  facet normal 0.537277 -0.843406 0
    outer loop
      vertex 9.02492 1.39256 0
      vertex 9.15 1.47224 3
      vertex 9.02492 1.39256 3
    endloop
  endfacet
  facet normal 0.537277 -0.843406 0
    outer loop
      vertex 9.15 1.47224 3
      vertex 9.02492 1.39256 0
      vertex 9.15 1.47224 0
    endloop
  endfacet
  facet normal 0.30067 -0.953728 0
    outer loop
      vertex 9.41857 1.59748 0
      vertex 9.56001 1.64207 3
      vertex 9.41857 1.59748 3
    endloop
  endfacet
  facet normal 0.30067 -0.953728 0
    outer loop
      vertex 9.56001 1.64207 3
      vertex 9.41857 1.59748 0
      vertex 9.56001 1.64207 0
    endloop
  endfacet
  facet normal 0.216445 -0.976295 0
    outer loop
      vertex 9.56001 1.64207 0
      vertex 9.7048 1.67417 3
      vertex 9.56001 1.64207 3
    endloop
  endfacet
  facet normal 0.216445 -0.976295 0
    outer loop
      vertex 9.7048 1.67417 3
      vertex 9.56001 1.64207 0
      vertex 9.7048 1.67417 0
    endloop
  endfacet
  facet normal 0.923867 0.382714 0
    outer loop
      vertex 8.45928 -0.718451 3
      vertex 8.40252 -0.581433 0
      vertex 8.40252 -0.581433 3
    endloop
  endfacet
  facet normal 0.923867 0.382714 0
    outer loop
      vertex 8.40252 -0.581433 0
      vertex 8.45928 -0.718451 3
      vertex 8.45928 -0.718451 0
    endloop
  endfacet
  facet normal -0.843652 -0.53689 0
    outer loop
      vertex 11.4722 0.849999 0
      vertex 11.3926 0.97508 3
      vertex 11.3926 0.97508 0
    endloop
  endfacet
  facet normal -0.843652 -0.53689 0
    outer loop
      vertex 11.3926 0.97508 3
      vertex 11.4722 0.849999 0
      vertex 11.4722 0.849999 3
    endloop
  endfacet
  facet normal -0.95371 0.300729 0
    outer loop
      vertex 11.5975 -0.581433 0
      vertex 11.6421 -0.439992 3
      vertex 11.6421 -0.439992 0
    endloop
  endfacet
  facet normal -0.95371 0.300729 0
    outer loop
      vertex 11.6421 -0.439992 3
      vertex 11.5975 -0.581433 0
      vertex 11.5975 -0.581433 3
    endloop
  endfacet
  facet normal -0.675383 -0.737467 0
    outer loop
      vertex 11.0927 1.30227 0
      vertex 11.2021 1.20208 3
      vertex 11.0927 1.30227 3
    endloop
  endfacet
  facet normal -0.675383 -0.737467 -0
    outer loop
      vertex 11.2021 1.20208 3
      vertex 11.0927 1.30227 0
      vertex 11.2021 1.20208 0
    endloop
  endfacet
  facet normal -0.537216 -0.843445 0
    outer loop
      vertex 10.85 1.47224 0
      vertex 10.9751 1.39256 3
      vertex 10.85 1.47224 3
    endloop
  endfacet
  facet normal -0.537216 -0.843445 -0
    outer loop
      vertex 10.9751 1.39256 3
      vertex 10.85 1.47224 0
      vertex 10.9751 1.39256 0
    endloop
  endfacet
  facet normal -0.999039 0.0438279 0
    outer loop
      vertex 11.6935 -0.148165 0
      vertex 11.7 0 3
      vertex 11.7 0 0
    endloop
  endfacet
  facet normal -0.999039 0.0438279 0
    outer loop
      vertex 11.7 0 3
      vertex 11.6935 -0.148165 0
      vertex 11.6935 -0.148165 3
    endloop
  endfacet
  facet normal 0.216445 0.976295 -0
    outer loop
      vertex 9.7048 -1.67417 0
      vertex 9.56001 -1.64207 3
      vertex 9.7048 -1.67417 3
    endloop
  endfacet
  facet normal 0.216445 0.976295 0
    outer loop
      vertex 9.56001 -1.64207 3
      vertex 9.7048 -1.67417 0
      vertex 9.56001 -1.64207 0
    endloop
  endfacet
  facet normal -0.608984 -0.793183 0
    outer loop
      vertex 10.9751 1.39256 0
      vertex 11.0927 1.30227 3
      vertex 10.9751 1.39256 3
    endloop
  endfacet
  facet normal -0.608984 -0.793183 -0
    outer loop
      vertex 11.0927 1.30227 3
      vertex 10.9751 1.39256 0
      vertex 11.0927 1.30227 0
    endloop
  endfacet
  facet normal 0.953729 0.300668 0
    outer loop
      vertex 8.40252 -0.581433 3
      vertex 8.35793 -0.439992 0
      vertex 8.35793 -0.439992 3
    endloop
  endfacet
  facet normal 0.953729 0.300668 0
    outer loop
      vertex 8.35793 -0.439992 0
      vertex 8.40252 -0.581433 3
      vertex 8.40252 -0.581433 0
    endloop
  endfacet
  facet normal 0.608788 -0.793333 0
    outer loop
      vertex 8.90726 1.30227 0
      vertex 9.02492 1.39256 3
      vertex 8.90726 1.30227 3
    endloop
  endfacet
  facet normal 0.608788 -0.793333 0
    outer loop
      vertex 9.02492 1.39256 3
      vertex 8.90726 1.30227 0
      vertex 9.02492 1.39256 0
    endloop
  endfacet
  facet normal -0.216431 0.976298 0
    outer loop
      vertex 10.44 -1.64207 0
      vertex 10.2952 -1.67417 3
      vertex 10.44 -1.64207 3
    endloop
  endfacet
  facet normal -0.216431 0.976298 0
    outer loop
      vertex 10.2952 -1.67417 3
      vertex 10.44 -1.64207 0
      vertex 10.2952 -1.67417 0
    endloop
  endfacet
  facet normal 0.382709 0.923869 -0
    outer loop
      vertex 9.41857 -1.59748 0
      vertex 9.28155 -1.54072 3
      vertex 9.41857 -1.59748 3
    endloop
  endfacet
  facet normal 0.382709 0.923869 0
    outer loop
      vertex 9.28155 -1.54072 3
      vertex 9.41857 -1.59748 0
      vertex 9.28155 -1.54072 0
    endloop
  endfacet
  facet normal -0.461884 0.886941 0
    outer loop
      vertex 10.85 -1.47224 0
      vertex 10.7185 -1.54072 3
      vertex 10.85 -1.47224 3
    endloop
  endfacet
  facet normal -0.461884 0.886941 0
    outer loop
      vertex 10.7185 -1.54072 3
      vertex 10.85 -1.47224 0
      vertex 10.7185 -1.54072 0
    endloop
  endfacet
  facet normal 0.0436245 -0.999048 0
    outer loop
      vertex 9.85183 1.69353 0
      vertex 10 1.7 3
      vertex 9.85183 1.69353 3
    endloop
  endfacet
  facet normal 0.0436245 -0.999048 0
    outer loop
      vertex 10 1.7 3
      vertex 9.85183 1.69353 0
      vertex 10 1.7 0
    endloop
  endfacet
  facet normal 0.537277 0.843406 -0
    outer loop
      vertex 9.15 -1.47224 0
      vertex 9.02492 -1.39256 3
      vertex 9.15 -1.47224 3
    endloop
  endfacet
  facet normal 0.537277 0.843406 0
    outer loop
      vertex 9.02492 -1.39256 3
      vertex 9.15 -1.47224 0
      vertex 9.02492 -1.39256 0
    endloop
  endfacet
  facet normal -0.0436157 0.999048 0
    outer loop
      vertex 10.1482 -1.69353 0
      vertex 10 -1.7 3
      vertex 10.1482 -1.69353 3
    endloop
  endfacet
  facet normal -0.0436157 0.999048 0
    outer loop
      vertex 10 -1.7 3
      vertex 10.1482 -1.69353 0
      vertex 10 -1.7 0
    endloop
  endfacet
  facet normal 0.88701 0.461751 0
    outer loop
      vertex 8.52776 -0.849999 3
      vertex 8.45928 -0.718451 0
      vertex 8.45928 -0.718451 3
    endloop
  endfacet
  facet normal 0.88701 0.461751 0
    outer loop
      vertex 8.45928 -0.718451 0
      vertex 8.52776 -0.849999 3
      vertex 8.52776 -0.849999 0
    endloop
  endfacet
  facet normal -0.461884 -0.886941 0
    outer loop
      vertex 10.7185 1.54072 0
      vertex 10.85 1.47224 3
      vertex 10.7185 1.54072 3
    endloop
  endfacet
  facet normal -0.461884 -0.886941 -0
    outer loop
      vertex 10.85 1.47224 3
      vertex 10.7185 1.54072 0
      vertex 10.85 1.47224 0
    endloop
  endfacet
  facet normal -0.675383 0.737467 0
    outer loop
      vertex 11.2021 -1.20208 0
      vertex 11.0927 -1.30227 3
      vertex 11.2021 -1.20208 3
    endloop
  endfacet
  facet normal -0.675383 0.737467 0
    outer loop
      vertex 11.0927 -1.30227 3
      vertex 11.2021 -1.20208 0
      vertex 11.0927 -1.30227 0
    endloop
  endfacet
  facet normal -0.537216 0.843445 0
    outer loop
      vertex 10.9751 -1.39256 0
      vertex 10.85 -1.47224 3
      vertex 10.9751 -1.39256 3
    endloop
  endfacet
  facet normal -0.537216 0.843445 0
    outer loop
      vertex 10.85 -1.47224 3
      vertex 10.9751 -1.39256 0
      vertex 10.85 -1.47224 0
    endloop
  endfacet
  facet normal -0.7933 0.608831 0
    outer loop
      vertex 11.3023 -1.09274 0
      vertex 11.3926 -0.97508 3
      vertex 11.3926 -0.97508 0
    endloop
  endfacet
  facet normal -0.7933 0.608831 0
    outer loop
      vertex 11.3926 -0.97508 3
      vertex 11.3023 -1.09274 0
      vertex 11.3023 -1.09274 3
    endloop
  endfacet
  facet normal 0.999048 -0.043626 0
    outer loop
      vertex 8.3 0 3
      vertex 8.30647 0.148165 0
      vertex 8.30647 0.148165 3
    endloop
  endfacet
  facet normal 0.999048 -0.043626 0
    outer loop
      vertex 8.30647 0.148165 0
      vertex 8.3 0 3
      vertex 8.3 0 0
    endloop
  endfacet
  facet normal -0.608984 0.793183 0
    outer loop
      vertex 11.0927 -1.30227 0
      vertex 10.9751 -1.39256 3
      vertex 11.0927 -1.30227 3
    endloop
  endfacet
  facet normal -0.608984 0.793183 0
    outer loop
      vertex 10.9751 -1.39256 3
      vertex 11.0927 -1.30227 0
      vertex 10.9751 -1.39256 0
    endloop
  endfacet
  facet normal -0.923772 -0.382944 0
    outer loop
      vertex 11.5975 0.581433 0
      vertex 11.5407 0.718451 3
      vertex 11.5407 0.718451 0
    endloop
  endfacet
  facet normal -0.923772 -0.382944 0
    outer loop
      vertex 11.5407 0.718451 3
      vertex 11.5975 0.581433 0
      vertex 11.5975 0.581433 3
    endloop
  endfacet
  facet normal -0.737249 -0.675621 0
    outer loop
      vertex 11.3023 1.09274 0
      vertex 11.2021 1.20208 3
      vertex 11.2021 1.20208 0
    endloop
  endfacet
  facet normal -0.737249 -0.675621 0
    outer loop
      vertex 11.2021 1.20208 3
      vertex 11.3023 1.09274 0
      vertex 11.3023 1.09274 3
    endloop
  endfacet
  facet normal 0.923867 -0.382714 0
    outer loop
      vertex 8.40252 0.581433 3
      vertex 8.45928 0.718451 0
      vertex 8.45928 0.718451 3
    endloop
  endfacet
  facet normal 0.923867 -0.382714 0
    outer loop
      vertex 8.45928 0.718451 0
      vertex 8.40252 0.581433 3
      vertex 8.40252 0.581433 0
    endloop
  endfacet
  facet normal -0.382518 0.923948 0
    outer loop
      vertex 10.7185 -1.54072 0
      vertex 10.5814 -1.59748 3
      vertex 10.7185 -1.54072 3
    endloop
  endfacet
  facet normal -0.382518 0.923948 0
    outer loop
      vertex 10.5814 -1.59748 3
      vertex 10.7185 -1.54072 0
      vertex 10.5814 -1.59748 0
    endloop
  endfacet
  facet normal -0.886954 -0.461857 0
    outer loop
      vertex 11.5407 0.718451 0
      vertex 11.4722 0.849999 3
      vertex 11.4722 0.849999 0
    endloop
  endfacet
  facet normal -0.886954 -0.461857 0
    outer loop
      vertex 11.4722 0.849999 3
      vertex 11.5407 0.718451 0
      vertex 11.5407 0.718451 3
    endloop
  endfacet
  facet normal 0.675584 -0.737283 0
    outer loop
      vertex 8.79792 1.20208 0
      vertex 8.90726 1.30227 3
      vertex 8.79792 1.20208 3
    endloop
  endfacet
  facet normal 0.675584 -0.737283 0
    outer loop
      vertex 8.90726 1.30227 3
      vertex 8.79792 1.20208 0
      vertex 8.90726 1.30227 0
    endloop
  endfacet
  facet normal 0.675584 0.737283 -0
    outer loop
      vertex 8.90726 -1.30227 0
      vertex 8.79792 -1.20208 3
      vertex 8.90726 -1.30227 3
    endloop
  endfacet
  facet normal 0.675584 0.737283 0
    outer loop
      vertex 8.79792 -1.20208 3
      vertex 8.90726 -1.30227 0
      vertex 8.79792 -1.20208 0
    endloop
  endfacet
  facet normal -0.130573 -0.991439 0
    outer loop
      vertex 10.1482 1.69353 0
      vertex 10.2952 1.67417 3
      vertex 10.1482 1.69353 3
    endloop
  endfacet
  facet normal -0.130573 -0.991439 -0
    outer loop
      vertex 10.2952 1.67417 3
      vertex 10.1482 1.69353 0
      vertex 10.2952 1.67417 0
    endloop
  endfacet
  facet normal 0.461745 -0.887012 0
    outer loop
      vertex 9.15 1.47224 0
      vertex 9.28155 1.54072 3
      vertex 9.15 1.47224 3
    endloop
  endfacet
  facet normal 0.461745 -0.887012 0
    outer loop
      vertex 9.28155 1.54072 3
      vertex 9.15 1.47224 0
      vertex 9.28155 1.54072 0
    endloop
  endfacet
  facet normal 0.382709 -0.923869 0
    outer loop
      vertex 9.28155 1.54072 0
      vertex 9.41857 1.59748 3
      vertex 9.28155 1.54072 3
    endloop
  endfacet
  facet normal 0.382709 -0.923869 0
    outer loop
      vertex 9.41857 1.59748 3
      vertex 9.28155 1.54072 0
      vertex 9.41857 1.59748 0
    endloop
  endfacet
  facet normal 0.991443 -0.130542 0
    outer loop
      vertex 8.30647 0.148165 3
      vertex 8.32583 0.295201 0
      vertex 8.32583 0.295201 3
    endloop
  endfacet
  facet normal 0.991443 -0.130542 0
    outer loop
      vertex 8.32583 0.295201 0
      vertex 8.30647 0.148165 3
      vertex 8.30647 0.148165 0
    endloop
  endfacet
  facet normal 0.976295 -0.216444 0
    outer loop
      vertex 8.32583 0.295201 3
      vertex 8.35793 0.439992 0
      vertex 8.35793 0.439992 3
    endloop
  endfacet
  facet normal 0.976295 -0.216444 0
    outer loop
      vertex 8.35793 0.439992 0
      vertex 8.32583 0.295201 3
      vertex 8.32583 0.295201 0
    endloop
  endfacet
  facet normal -0.923772 0.382944 0
    outer loop
      vertex 11.5407 -0.718451 0
      vertex 11.5975 -0.581433 3
      vertex 11.5975 -0.581433 0
    endloop
  endfacet
  facet normal -0.923772 0.382944 0
    outer loop
      vertex 11.5975 -0.581433 3
      vertex 11.5407 -0.718451 0
      vertex 11.5407 -0.718451 3
    endloop
  endfacet
  facet normal -0.216431 -0.976298 0
    outer loop
      vertex 10.2952 1.67417 0
      vertex 10.44 1.64207 3
      vertex 10.2952 1.67417 3
    endloop
  endfacet
  facet normal -0.216431 -0.976298 -0
    outer loop
      vertex 10.44 1.64207 3
      vertex 10.2952 1.67417 0
      vertex 10.44 1.64207 0
    endloop
  endfacet
  facet normal 0.793365 -0.608746 0
    outer loop
      vertex 8.60744 0.97508 3
      vertex 8.69772 1.09274 0
      vertex 8.69772 1.09274 3
    endloop
  endfacet
  facet normal 0.793365 -0.608746 0
    outer loop
      vertex 8.69772 1.09274 0
      vertex 8.60744 0.97508 3
      vertex 8.60744 0.97508 0
    endloop
  endfacet
  facet normal 0.999048 0.043626 0
    outer loop
      vertex 8.30647 -0.148165 3
      vertex 8.3 0 0
      vertex 8.3 0 3
    endloop
  endfacet
  facet normal 0.999048 0.043626 0
    outer loop
      vertex 8.3 0 0
      vertex 8.30647 -0.148165 3
      vertex 8.30647 -0.148165 0
    endloop
  endfacet
  facet normal 0.461745 0.887012 -0
    outer loop
      vertex 9.28155 -1.54072 0
      vertex 9.15 -1.47224 3
      vertex 9.28155 -1.54072 3
    endloop
  endfacet
  facet normal 0.461745 0.887012 0
    outer loop
      vertex 9.15 -1.47224 3
      vertex 9.28155 -1.54072 0
      vertex 9.15 -1.47224 0
    endloop
  endfacet
  facet normal -0.0436157 -0.999048 0
    outer loop
      vertex 10 1.7 0
      vertex 10.1482 1.69353 3
      vertex 10 1.7 3
    endloop
  endfacet
  facet normal -0.0436157 -0.999048 -0
    outer loop
      vertex 10.1482 1.69353 3
      vertex 10 1.7 0
      vertex 10.1482 1.69353 0
    endloop
  endfacet
  facet normal -0.976295 0.216444 0
    outer loop
      vertex 11.6421 -0.439992 0
      vertex 11.6742 -0.295201 3
      vertex 11.6742 -0.295201 0
    endloop
  endfacet
  facet normal -0.976295 0.216444 0
    outer loop
      vertex 11.6742 -0.295201 3
      vertex 11.6421 -0.439992 0
      vertex 11.6421 -0.439992 3
    endloop
  endfacet
  facet normal 0.737249 0.675621 0
    outer loop
      vertex 8.79792 -1.20208 3
      vertex 8.69772 -1.09274 0
      vertex 8.69772 -1.09274 3
    endloop
  endfacet
  facet normal 0.737249 0.675621 0
    outer loop
      vertex 8.69772 -1.09274 0
      vertex 8.79792 -1.20208 3
      vertex 8.79792 -1.20208 0
    endloop
  endfacet
  facet normal 0.976295 0.216444 0
    outer loop
      vertex 8.35793 -0.439992 3
      vertex 8.32583 -0.295201 0
      vertex 8.32583 -0.295201 3
    endloop
  endfacet
  facet normal 0.976295 0.216444 0
    outer loop
      vertex 8.32583 -0.295201 0
      vertex 8.35793 -0.439992 3
      vertex 8.35793 -0.439992 0
    endloop
  endfacet
  facet normal -0.886954 0.461857 0
    outer loop
      vertex 11.4722 -0.849999 0
      vertex 11.5407 -0.718451 3
      vertex 11.5407 -0.718451 0
    endloop
  endfacet
  facet normal -0.886954 0.461857 0
    outer loop
      vertex 11.5407 -0.718451 3
      vertex 11.4722 -0.849999 0
      vertex 11.4722 -0.849999 3
    endloop
  endfacet
  facet normal -0.382518 -0.923948 0
    outer loop
      vertex 10.5814 1.59748 0
      vertex 10.7185 1.54072 3
      vertex 10.5814 1.59748 3
    endloop
  endfacet
  facet normal -0.382518 -0.923948 -0
    outer loop
      vertex 10.7185 1.54072 3
      vertex 10.5814 1.59748 0
      vertex 10.7185 1.54072 0
    endloop
  endfacet
  facet normal -0.300747 -0.953704 0
    outer loop
      vertex 10.44 1.64207 0
      vertex 10.5814 1.59748 3
      vertex 10.44 1.64207 3
    endloop
  endfacet
  facet normal -0.300747 -0.953704 -0
    outer loop
      vertex 10.5814 1.59748 3
      vertex 10.44 1.64207 0
      vertex 10.5814 1.59748 0
    endloop
  endfacet
  facet normal 0.737249 -0.675621 0
    outer loop
      vertex 8.69772 1.09274 3
      vertex 8.79792 1.20208 0
      vertex 8.79792 1.20208 3
    endloop
  endfacet
  facet normal 0.737249 -0.675621 0
    outer loop
      vertex 8.79792 1.20208 0
      vertex 8.69772 1.09274 3
      vertex 8.69772 1.09274 0
    endloop
  endfacet
  facet normal 0.130547 -0.991442 0
    outer loop
      vertex 9.7048 1.67417 0
      vertex 9.85183 1.69353 3
      vertex 9.7048 1.67417 3
    endloop
  endfacet
  facet normal 0.130547 -0.991442 0
    outer loop
      vertex 9.85183 1.69353 3
      vertex 9.7048 1.67417 0
      vertex 9.85183 1.69353 0
    endloop
  endfacet
  facet normal 0.608788 0.793333 -0
    outer loop
      vertex 9.02492 -1.39256 0
      vertex 8.90726 -1.30227 3
      vertex 9.02492 -1.39256 3
    endloop
  endfacet
  facet normal 0.608788 0.793333 0
    outer loop
      vertex 8.90726 -1.30227 3
      vertex 9.02492 -1.39256 0
      vertex 8.90726 -1.30227 0
    endloop
  endfacet
  facet normal -0.843652 0.53689 0
    outer loop
      vertex 11.3926 -0.97508 0
      vertex 11.4722 -0.849999 3
      vertex 11.4722 -0.849999 0
    endloop
  endfacet
  facet normal -0.843652 0.53689 0
    outer loop
      vertex 11.4722 -0.849999 3
      vertex 11.3926 -0.97508 0
      vertex 11.3926 -0.97508 3
    endloop
  endfacet
  facet normal 0.30067 0.953728 -0
    outer loop
      vertex 9.56001 -1.64207 0
      vertex 9.41857 -1.59748 3
      vertex 9.56001 -1.64207 3
    endloop
  endfacet
  facet normal 0.30067 0.953728 0
    outer loop
      vertex 9.41857 -1.59748 3
      vertex 9.56001 -1.64207 0
      vertex 9.41857 -1.59748 0
    endloop
  endfacet
  facet normal 0.991443 0.130542 0
    outer loop
      vertex 8.32583 -0.295201 3
      vertex 8.30647 -0.148165 0
      vertex 8.30647 -0.148165 3
    endloop
  endfacet
  facet normal 0.991443 0.130542 0
    outer loop
      vertex 8.30647 -0.148165 0
      vertex 8.32583 -0.295201 3
      vertex 8.32583 -0.295201 0
    endloop
  endfacet
  facet normal 0.843408 0.537274 0
    outer loop
      vertex 8.60744 -0.97508 3
      vertex 8.52776 -0.849999 0
      vertex 8.52776 -0.849999 3
    endloop
  endfacet
  facet normal 0.843408 0.537274 0
    outer loop
      vertex 8.52776 -0.849999 0
      vertex 8.60744 -0.97508 3
      vertex 8.60744 -0.97508 0
    endloop
  endfacet
  facet normal 0.88701 -0.461751 0
    outer loop
      vertex 8.45928 0.718451 3
      vertex 8.52776 0.849999 0
      vertex 8.52776 0.849999 3
    endloop
  endfacet
  facet normal 0.88701 -0.461751 0
    outer loop
      vertex 8.52776 0.849999 0
      vertex 8.45928 0.718451 3
      vertex 8.45928 0.718451 0
    endloop
  endfacet
  facet normal -0.991495 0.130144 0
    outer loop
      vertex 11.6742 -0.295201 0
      vertex 11.6935 -0.148165 3
      vertex 11.6935 -0.148165 0
    endloop
  endfacet
  facet normal -0.991495 0.130144 0
    outer loop
      vertex 11.6935 -0.148165 3
      vertex 11.6742 -0.295201 0
      vertex 11.6742 -0.295201 3
    endloop
  endfacet
  facet normal -0.737249 0.675621 0
    outer loop
      vertex 11.2021 -1.20208 0
      vertex 11.3023 -1.09274 3
      vertex 11.3023 -1.09274 0
    endloop
  endfacet
  facet normal -0.737249 0.675621 0
    outer loop
      vertex 11.3023 -1.09274 3
      vertex 11.2021 -1.20208 0
      vertex 11.2021 -1.20208 3
    endloop
  endfacet
  facet normal 0.0436245 0.999048 -0
    outer loop
      vertex 10 -1.7 0
      vertex 9.85183 -1.69353 3
      vertex 10 -1.7 3
    endloop
  endfacet
  facet normal 0.0436245 0.999048 0
    outer loop
      vertex 9.85183 -1.69353 3
      vertex 10 -1.7 0
      vertex 9.85183 -1.69353 0
    endloop
  endfacet
  facet normal 0.130547 0.991442 -0
    outer loop
      vertex 9.85183 -1.69353 0
      vertex 9.7048 -1.67417 3
      vertex 9.85183 -1.69353 3
    endloop
  endfacet
  facet normal 0.130547 0.991442 0
    outer loop
      vertex 9.7048 -1.67417 3
      vertex 9.85183 -1.69353 0
      vertex 9.7048 -1.67417 0
    endloop
  endfacet
  facet normal 0.843408 -0.537274 0
    outer loop
      vertex 8.52776 0.849999 3
      vertex 8.60744 0.97508 0
      vertex 8.60744 0.97508 3
    endloop
  endfacet
  facet normal 0.843408 -0.537274 0
    outer loop
      vertex 8.60744 0.97508 0
      vertex 8.52776 0.849999 3
      vertex 8.52776 0.849999 0
    endloop
  endfacet
  facet normal 0.0436405 -0.999047 0
    outer loop
      vertex 0 -14 0
      vertex 1.22018 -13.9467 3
      vertex 0 -14 3
    endloop
  endfacet
  facet normal 0.0436405 -0.999047 0
    outer loop
      vertex 1.22018 -13.9467 3
      vertex 0 -14 0
      vertex 1.22018 -13.9467 0
    endloop
  endfacet
  facet normal 0.130513 -0.991447 0
    outer loop
      vertex 1.22018 -13.9467 0
      vertex 2.43107 -13.7873 3
      vertex 1.22018 -13.9467 3
    endloop
  endfacet
  facet normal 0.130513 -0.991447 0
    outer loop
      vertex 2.43107 -13.7873 3
      vertex 1.22018 -13.9467 0
      vertex 2.43107 -13.7873 0
    endloop
  endfacet
  facet normal 1 -0 0
    outer loop
      vertex 14 -8 3
      vertex 14 8 0
      vertex 14 8 3
    endloop
  endfacet
  facet normal 1 0 0
    outer loop
      vertex 14 8 0
      vertex 14 -8 3
      vertex 14 -8 0
    endloop
  endfacet
  facet normal 0.216402 0.976304 -0
    outer loop
      vertex 3.62347 13.523 0
      vertex 2.43107 13.7873 3
      vertex 3.62347 13.523 3
    endloop
  endfacet
  facet normal 0.216402 0.976304 0
    outer loop
      vertex 2.43107 13.7873 3
      vertex 3.62347 13.523 0
      vertex 2.43107 13.7873 0
    endloop
  endfacet
  facet normal 0.461716 -0.887028 0
    outer loop
      vertex 5.91666 -12.6883 0
      vertex 7 -12.1244 3
      vertex 5.91666 -12.6883 3
    endloop
  endfacet
  facet normal 0.461716 -0.887028 0
    outer loop
      vertex 7 -12.1244 3
      vertex 5.91666 -12.6883 0
      vertex 7 -12.1244 0
    endloop
  endfacet
  facet normal -0.130513 0.991447 0
    outer loop
      vertex -1.22018 13.9467 0
      vertex -2.43107 13.7873 3
      vertex -1.22018 13.9467 3
    endloop
  endfacet
  facet normal -0.130513 0.991447 0
    outer loop
      vertex -2.43107 13.7873 3
      vertex -1.22018 13.9467 0
      vertex -2.43107 13.7873 0
    endloop
  endfacet
  facet normal -0.216402 -0.976304 0
    outer loop
      vertex -3.62347 -13.523 0
      vertex -2.43107 -13.7873 3
      vertex -3.62347 -13.523 3
    endloop
  endfacet
  facet normal -0.216402 -0.976304 -0
    outer loop
      vertex -2.43107 -13.7873 3
      vertex -3.62347 -13.523 0
      vertex -2.43107 -13.7873 0
    endloop
  endfacet
  facet normal 0.507637 -0.861571 0
    outer loop
      vertex 7 -12.1244 0
      vertex 14 -8 3
      vertex 7 -12.1244 3
    endloop
  endfacet
  facet normal 0.507637 -0.861571 0
    outer loop
      vertex 14 -8 3
      vertex 7 -12.1244 0
      vertex 14 -8 0
    endloop
  endfacet
  facet normal -0.0436405 0.999047 0
    outer loop
      vertex 0 14 0
      vertex -1.22018 13.9467 3
      vertex 0 14 3
    endloop
  endfacet
  facet normal -0.0436405 0.999047 0
    outer loop
      vertex -1.22018 13.9467 3
      vertex 0 14 0
      vertex -1.22018 13.9467 0
    endloop
  endfacet
  facet normal 0.300733 -0.953708 0
    outer loop
      vertex 3.62347 -13.523 0
      vertex 4.78828 -13.1557 3
      vertex 3.62347 -13.523 3
    endloop
  endfacet
  facet normal 0.300733 -0.953708 0
    outer loop
      vertex 4.78828 -13.1557 3
      vertex 3.62347 -13.523 0
      vertex 4.78828 -13.1557 0
    endloop
  endfacet
  facet normal -0.507637 -0.861571 0
    outer loop
      vertex -14 -8 0
      vertex -7 -12.1244 3
      vertex -14 -8 3
    endloop
  endfacet
  facet normal -0.507637 -0.861571 -0
    outer loop
      vertex -7 -12.1244 3
      vertex -14 -8 0
      vertex -7 -12.1244 0
    endloop
  endfacet
  facet normal 0.507637 0.861571 -0
    outer loop
      vertex 14 8 0
      vertex 7 12.1244 3
      vertex 14 8 3
    endloop
  endfacet
  facet normal 0.507637 0.861571 0
    outer loop
      vertex 7 12.1244 3
      vertex 14 8 0
      vertex 7 12.1244 0
    endloop
  endfacet
  facet normal -0.461716 -0.887028 0
    outer loop
      vertex -7 -12.1244 0
      vertex -5.91666 -12.6883 3
      vertex -7 -12.1244 3
    endloop
  endfacet
  facet normal -0.461716 -0.887028 -0
    outer loop
      vertex -5.91666 -12.6883 3
      vertex -7 -12.1244 0
      vertex -5.91666 -12.6883 0
    endloop
  endfacet
  facet normal -1 0 0
    outer loop
      vertex -14 -8 0
      vertex -14 8 3
      vertex -14 8 0
    endloop
  endfacet
  facet normal -1 -0 0
    outer loop
      vertex -14 8 3
      vertex -14 -8 0
      vertex -14 -8 3
    endloop
  endfacet
  facet normal 0.461716 0.887028 -0
    outer loop
      vertex 7 12.1244 0
      vertex 5.91666 12.6883 3
      vertex 7 12.1244 3
    endloop
  endfacet
  facet normal 0.461716 0.887028 0
    outer loop
      vertex 5.91666 12.6883 3
      vertex 7 12.1244 0
      vertex 5.91666 12.6883 0
    endloop
  endfacet
  facet normal -0.300733 -0.953708 0
    outer loop
      vertex -4.78828 -13.1557 0
      vertex -3.62347 -13.523 3
      vertex -4.78828 -13.1557 3
    endloop
  endfacet
  facet normal -0.300733 -0.953708 -0
    outer loop
      vertex -3.62347 -13.523 3
      vertex -4.78828 -13.1557 0
      vertex -3.62347 -13.523 0
    endloop
  endfacet
  facet normal 0.0436405 0.999047 -0
    outer loop
      vertex 1.22018 13.9467 0
      vertex 0 14 3
      vertex 1.22018 13.9467 3
    endloop
  endfacet
  facet normal 0.0436405 0.999047 0
    outer loop
      vertex 0 14 3
      vertex 1.22018 13.9467 0
      vertex 0 14 0
    endloop
  endfacet
  facet normal -0.507637 0.861571 0
    outer loop
      vertex -7 12.1244 0
      vertex -14 8 3
      vertex -7 12.1244 3
    endloop
  endfacet
  facet normal -0.507637 0.861571 0
    outer loop
      vertex -14 8 3
      vertex -7 12.1244 0
      vertex -14 8 0
    endloop
  endfacet
  facet normal 0 0 -1
    outer loop
      vertex -8.52776 0.849999 0
      vertex -5.90885 1.04189 0
      vertex -8.45928 0.718451 0
    endloop
  endfacet
  facet normal -0 0 -1
    outer loop
      vertex -5.90885 1.04189 0
      vertex -8.52776 0.849999 0
      vertex -5.79555 1.55291 0
    endloop
  endfacet
  facet normal 0 0 -1
    outer loop
      vertex -8.60744 0.97508 0
      vertex -5.79555 1.55291 0
      vertex -8.52776 0.849999 0
    endloop
  endfacet
  facet normal 0 0 -1
    outer loop
      vertex -8.69772 1.09274 0
      vertex -5.79555 1.55291 0
      vertex -8.60744 0.97508 0
    endloop
  endfacet
  facet normal -0 0 -1
    outer loop
      vertex -5.79555 1.55291 0
      vertex -8.69772 1.09274 0
      vertex -5.63815 2.05212 0
    endloop
  endfacet
  facet normal 0 0 -1
    outer loop
      vertex -8.79792 1.20208 0
      vertex -5.63815 2.05212 0
      vertex -8.69772 1.09274 0
    endloop
  endfacet
  facet normal 0 0 -1
    outer loop
      vertex -8.90726 1.30227 0
      vertex -5.63815 2.05212 0
      vertex -8.79792 1.20208 0
    endloop
  endfacet
  facet normal 0 0 -1
    outer loop
      vertex -9.02492 1.39256 0
      vertex -5.63815 2.05212 0
      vertex -8.90726 1.30227 0
    endloop
  endfacet
  facet normal -0 0 -1
    outer loop
      vertex -5.63815 2.05212 0
      vertex -9.02492 1.39256 0
      vertex -5.43785 2.53571 0
    endloop
  endfacet
  facet normal 0 0 -1
    outer loop
      vertex -9.15 1.47224 0
      vertex -5.43785 2.53571 0
      vertex -9.02492 1.39256 0
    endloop
  endfacet
  facet normal 0 0 -1
    outer loop
      vertex -9.28155 1.54072 0
      vertex -5.43785 2.53571 0
      vertex -9.15 1.47224 0
    endloop
  endfacet
  facet normal -0 0 -1
    outer loop
      vertex -5.43785 2.53571 0
      vertex -9.28155 1.54072 0
      vertex -5.19615 3 0
    endloop
  endfacet
  facet normal 0 0 -1
    outer loop
      vertex -9.41857 1.59748 0
      vertex -5.19615 3 0
      vertex -9.28155 1.54072 0
    endloop
  endfacet
  facet normal 0 0 -1
    outer loop
      vertex -9.56001 1.64207 0
      vertex -5.19615 3 0
      vertex -9.41857 1.59748 0
    endloop
  endfacet
  facet normal 0 0 -1
    outer loop
      vertex -9.7048 1.67417 0
      vertex -5.19615 3 0
      vertex -9.56001 1.64207 0
    endloop
  endfacet
  facet normal 0 0 -1
    outer loop
      vertex -14 8 0
      vertex -5.19615 3 0
      vertex -9.7048 1.67417 0
    endloop
  endfacet
  facet normal 0 0 -1
    outer loop
      vertex -14 8 0
      vertex -9.7048 1.67417 0
      vertex -9.85183 1.69353 0
    endloop
  endfacet
  facet normal 0 0 -1
    outer loop
      vertex -14 8 0
      vertex -9.85183 1.69353 0
      vertex -10 1.7 0
    endloop
  endfacet
  facet normal 0 0 -1
    outer loop
      vertex -14 8 0
      vertex -10 1.7 0
      vertex -10.1482 1.69353 0
    endloop
  endfacet
  facet normal 0 0 -1
    outer loop
      vertex -14 8 0
      vertex -10.1482 1.69353 0
      vertex -10.2952 1.67417 0
    endloop
  endfacet
  facet normal 0 0 -1
    outer loop
      vertex -14 8 0
      vertex -10.2952 1.67417 0
      vertex -10.44 1.64207 0
    endloop
  endfacet
  facet normal 0 0 -1
    outer loop
      vertex -14 8 0
      vertex -10.44 1.64207 0
      vertex -10.5814 1.59748 0
    endloop
  endfacet
  facet normal 0 0 -1
    outer loop
      vertex -14 8 0
      vertex -10.5814 1.59748 0
      vertex -10.7185 1.54072 0
    endloop
  endfacet
  facet normal 0 0 -1
    outer loop
      vertex -14 8 0
      vertex -10.7185 1.54072 0
      vertex -10.85 1.47224 0
    endloop
  endfacet
  facet normal 0 0 -1
    outer loop
      vertex -14 8 0
      vertex -10.85 1.47224 0
      vertex -10.9751 1.39256 0
    endloop
  endfacet
  facet normal 0 0 -1
    outer loop
      vertex -14 8 0
      vertex -10.9751 1.39256 0
      vertex -11.0927 1.30227 0
    endloop
  endfacet
  facet normal 0 0 -1
    outer loop
      vertex -14 8 0
      vertex -11.0927 1.30227 0
      vertex -11.2021 1.20208 0
    endloop
  endfacet
  facet normal 0 0 -1
    outer loop
      vertex -14 8 0
      vertex -11.2021 1.20208 0
      vertex -11.3023 1.09274 0
    endloop
  endfacet
  facet normal 0 0 -1
    outer loop
      vertex -14 8 0
      vertex -11.3023 1.09274 0
      vertex -11.3926 0.97508 0
    endloop
  endfacet
  facet normal 0 0 -1
    outer loop
      vertex -14 8 0
      vertex -11.3926 0.97508 0
      vertex -11.4722 0.849999 0
    endloop
  endfacet
  facet normal 0 0 -1
    outer loop
      vertex -14 8 0
      vertex -11.4722 0.849999 0
      vertex -11.5407 0.718451 0
    endloop
  endfacet
  facet normal 0 0 -1
    outer loop
      vertex -14 8 0
      vertex -11.5407 0.718451 0
      vertex -11.5975 0.581433 0
    endloop
  endfacet
  facet normal 0 0 -1
    outer loop
      vertex -14 8 0
      vertex -11.7 0 0
      vertex -14 -8 0
    endloop
  endfacet
  facet normal 0 0 -1
    outer loop
      vertex -11.7 0 0
      vertex -14 8 0
      vertex -11.6935 0.148165 0
    endloop
  endfacet
  facet normal 0 0 -1
    outer loop
      vertex -11.6935 0.148165 0
      vertex -14 8 0
      vertex -11.6742 0.295201 0
    endloop
  endfacet
  facet normal 0 0 -1
    outer loop
      vertex -5.19615 3 0
      vertex -14 8 0
      vertex -7 12.1244 0
    endloop
  endfacet
  facet normal 0 0 -1
    outer loop
      vertex -11.6421 0.439992 0
      vertex -14 8 0
      vertex -11.5975 0.581433 0
    endloop
  endfacet
  facet normal 0 0 -1
    outer loop
      vertex -11.6742 0.295201 0
      vertex -14 8 0
      vertex -11.6421 0.439992 0
    endloop
  endfacet
  facet normal 0 0 -1
    outer loop
      vertex 8.69772 1.09274 0
      vertex 5.63815 2.05212 0
      vertex 8.79792 1.20208 0
    endloop
  endfacet
  facet normal 0 0 -1
    outer loop
      vertex 8.79792 1.20208 0
      vertex 5.63815 2.05212 0
      vertex 8.90726 1.30227 0
    endloop
  endfacet
  facet normal 0 0 -1
    outer loop
      vertex 8.90726 1.30227 0
      vertex 5.63815 2.05212 0
      vertex 9.02492 1.39256 0
    endloop
  endfacet
  facet normal 0 0 -1
    outer loop
      vertex 5.43785 2.53571 0
      vertex 9.02492 1.39256 0
      vertex 5.63815 2.05212 0
    endloop
  endfacet
  facet normal 0 0 -1
    outer loop
      vertex 5.19615 3 0
      vertex 9.02492 1.39256 0
      vertex 5.43785 2.53571 0
    endloop
  endfacet
  facet normal 0 0 -1
    outer loop
      vertex 4.91491 3.44146 0
      vertex 9.02492 1.39256 0
      vertex 5.19615 3 0
    endloop
  endfacet
  facet normal 0 0 -1
    outer loop
      vertex 9.02492 1.39256 0
      vertex 4.91491 3.44146 0
      vertex 7 12.1244 0
    endloop
  endfacet
  facet normal 0 0 -1
    outer loop
      vertex 4.59627 3.85672 0
      vertex 7 12.1244 0
      vertex 4.91491 3.44146 0
    endloop
  endfacet
  facet normal 0 0 -1
    outer loop
      vertex 4.24264 4.24264 0
      vertex 7 12.1244 0
      vertex 4.59627 3.85672 0
    endloop
  endfacet
  facet normal 0 0 -1
    outer loop
      vertex 3.85672 4.59627 0
      vertex 7 12.1244 0
      vertex 4.24264 4.24264 0
    endloop
  endfacet
  facet normal 0 0 -1
    outer loop
      vertex 3.44146 4.91491 0
      vertex 7 12.1244 0
      vertex 3.85672 4.59627 0
    endloop
  endfacet
  facet normal 0 0 -1
    outer loop
      vertex 3 5.19615 0
      vertex 7 12.1244 0
      vertex 3.44146 4.91491 0
    endloop
  endfacet
  facet normal -0 0 -1
    outer loop
      vertex 7 12.1244 0
      vertex 3 5.19615 0
      vertex 5.91666 12.6883 0
    endloop
  endfacet
  facet normal 0 0 -1
    outer loop
      vertex 2.53571 5.43785 0
      vertex 5.91666 12.6883 0
      vertex 3 5.19615 0
    endloop
  endfacet
  facet normal -0 0 -1
    outer loop
      vertex 5.91666 12.6883 0
      vertex 2.53571 5.43785 0
      vertex 4.78828 13.1557 0
    endloop
  endfacet
  facet normal 0 0 -1
    outer loop
      vertex 2.05212 5.63815 0
      vertex 4.78828 13.1557 0
      vertex 2.53571 5.43785 0
    endloop
  endfacet
  facet normal -0 0 -1
    outer loop
      vertex 4.78828 13.1557 0
      vertex 2.05212 5.63815 0
      vertex 3.62347 13.523 0
    endloop
  endfacet
  facet normal 0 0 -1
    outer loop
      vertex 1.55291 5.79555 0
      vertex 3.62347 13.523 0
      vertex 2.05212 5.63815 0
    endloop
  endfacet
  facet normal -0 0 -1
    outer loop
      vertex 3.62347 13.523 0
      vertex 1.55291 5.79555 0
      vertex 2.43107 13.7873 0
    endloop
  endfacet
  facet normal 0 0 -1
    outer loop
      vertex 1.04189 5.90885 0
      vertex 2.43107 13.7873 0
      vertex 1.55291 5.79555 0
    endloop
  endfacet
  facet normal -0 0 -1
    outer loop
      vertex 2.43107 13.7873 0
      vertex 1.04189 5.90885 0
      vertex 1.22018 13.9467 0
    endloop
  endfacet
  facet normal 0 0 -1
    outer loop
      vertex 0.522934 5.97717 0
      vertex 1.22018 13.9467 0
      vertex 1.04189 5.90885 0
    endloop
  endfacet
  facet normal 0 0 -1
    outer loop
      vertex 0 6 0
      vertex 1.22018 13.9467 0
      vertex 0.522934 5.97717 0
    endloop
  endfacet
  facet normal 0 0 -1
    outer loop
      vertex 0 6 0
      vertex 0 14 0
      vertex 1.22018 13.9467 0
    endloop
  endfacet
  facet normal 0 0 -1
    outer loop
      vertex -0.522934 5.97717 0
      vertex 0 14 0
      vertex 0 6 0
    endloop
  endfacet
  facet normal 0 0 -1
    outer loop
      vertex -1.22018 13.9467 0
      vertex -0.522934 5.97717 0
      vertex -1.04189 5.90885 0
    endloop
  endfacet
  facet normal 0 0 -1
    outer loop
      vertex -0.522934 5.97717 0
      vertex -1.22018 13.9467 0
      vertex 0 14 0
    endloop
  endfacet
  facet normal 0 0 -1
    outer loop
      vertex -2.43107 13.7873 0
      vertex -1.04189 5.90885 0
      vertex -1.55291 5.79555 0
    endloop
  endfacet
  facet normal 0 0 -1
    outer loop
      vertex -3.62347 13.523 0
      vertex -1.55291 5.79555 0
      vertex -2.05212 5.63815 0
    endloop
  endfacet
  facet normal 0 0 -1
    outer loop
      vertex -1.04189 5.90885 0
      vertex -2.43107 13.7873 0
      vertex -1.22018 13.9467 0
    endloop
  endfacet
  facet normal 0 0 -1
    outer loop
      vertex -4.78828 13.1557 0
      vertex -2.05212 5.63815 0
      vertex -2.53571 5.43785 0
    endloop
  endfacet
  facet normal 0 0 -1
    outer loop
      vertex -5.91666 12.6883 0
      vertex -2.53571 5.43785 0
      vertex -3 5.19615 0
    endloop
  endfacet
  facet normal 0 0 -1
    outer loop
      vertex -7 12.1244 0
      vertex -3 5.19615 0
      vertex -3.44146 4.91491 0
    endloop
  endfacet
  facet normal 0 0 -1
    outer loop
      vertex -1.55291 5.79555 0
      vertex -3.62347 13.523 0
      vertex -2.43107 13.7873 0
    endloop
  endfacet
  facet normal 0 0 -1
    outer loop
      vertex -7 12.1244 0
      vertex -3.44146 4.91491 0
      vertex -3.85672 4.59627 0
    endloop
  endfacet
  facet normal 0 0 -1
    outer loop
      vertex -7 12.1244 0
      vertex -3.85672 4.59627 0
      vertex -4.24264 4.24264 0
    endloop
  endfacet
  facet normal 0 0 -1
    outer loop
      vertex -7 12.1244 0
      vertex -4.24264 4.24264 0
      vertex -4.59627 3.85672 0
    endloop
  endfacet
  facet normal 0 0 -1
    outer loop
      vertex -2.05212 5.63815 0
      vertex -4.78828 13.1557 0
      vertex -3.62347 13.523 0
    endloop
  endfacet
  facet normal 0 0 -1
    outer loop
      vertex -7 12.1244 0
      vertex -4.59627 3.85672 0
      vertex -4.91491 3.44146 0
    endloop
  endfacet
  facet normal 0 0 -1
    outer loop
      vertex -7 12.1244 0
      vertex -4.91491 3.44146 0
      vertex -5.19615 3 0
    endloop
  endfacet
  facet normal 0 0 -1
    outer loop
      vertex -5.97717 0.522934 0
      vertex -8.40252 0.581433 0
      vertex -5.90885 1.04189 0
    endloop
  endfacet
  facet normal 0 0 -1
    outer loop
      vertex -8.40252 0.581433 0
      vertex -5.97717 0.522934 0
      vertex -8.35793 0.439992 0
    endloop
  endfacet
  facet normal 0 0 -1
    outer loop
      vertex -8.35793 0.439992 0
      vertex -5.97717 0.522934 0
      vertex -8.32583 0.295201 0
    endloop
  endfacet
  facet normal 0 0 -1
    outer loop
      vertex -8.32583 0.295201 0
      vertex -5.97717 0.522934 0
      vertex -8.30647 0.148165 0
    endloop
  endfacet
  facet normal 0 0 -1
    outer loop
      vertex -2.53571 5.43785 0
      vertex -5.91666 12.6883 0
      vertex -4.78828 13.1557 0
    endloop
  endfacet
  facet normal 0 0 -1
    outer loop
      vertex -6 0 0
      vertex -8.30647 0.148165 0
      vertex -5.97717 0.522934 0
    endloop
  endfacet
  facet normal 0 0 -1
    outer loop
      vertex -8.30647 0.148165 0
      vertex -6 0 0
      vertex -8.3 0 0
    endloop
  endfacet
  facet normal 0 -0 -1
    outer loop
      vertex -8.60744 -0.97508 0
      vertex -5.79555 -1.55291 0
      vertex -8.69772 -1.09274 0
    endloop
  endfacet
  facet normal 0 0 -1
    outer loop
      vertex -8.45928 0.718451 0
      vertex -5.90885 1.04189 0
      vertex -8.40252 0.581433 0
    endloop
  endfacet
  facet normal 0 0 -1
    outer loop
      vertex -3 5.19615 0
      vertex -7 12.1244 0
      vertex -5.91666 12.6883 0
    endloop
  endfacet
  facet normal -0 0 -1
    outer loop
      vertex -6 0 0
      vertex -8.30647 -0.148165 0
      vertex -8.3 0 0
    endloop
  endfacet
  facet normal 0 0 -1
    outer loop
      vertex -5.97717 -0.522934 0
      vertex -8.30647 -0.148165 0
      vertex -6 0 0
    endloop
  endfacet
  facet normal 0 -0 -1
    outer loop
      vertex -8.30647 -0.148165 0
      vertex -5.97717 -0.522934 0
      vertex -8.32583 -0.295201 0
    endloop
  endfacet
  facet normal 0 -0 -1
    outer loop
      vertex -8.32583 -0.295201 0
      vertex -5.97717 -0.522934 0
      vertex -8.35793 -0.439992 0
    endloop
  endfacet
  facet normal 0 -0 -1
    outer loop
      vertex -8.35793 -0.439992 0
      vertex -5.97717 -0.522934 0
      vertex -8.40252 -0.581433 0
    endloop
  endfacet
  facet normal 0 0 -1
    outer loop
      vertex -5.90885 -1.04189 0
      vertex -8.40252 -0.581433 0
      vertex -5.97717 -0.522934 0
    endloop
  endfacet
  facet normal 0 -0 -1
    outer loop
      vertex -8.40252 -0.581433 0
      vertex -5.90885 -1.04189 0
      vertex -8.45928 -0.718451 0
    endloop
  endfacet
  facet normal 0 -0 -1
    outer loop
      vertex -8.45928 -0.718451 0
      vertex -5.90885 -1.04189 0
      vertex -8.52776 -0.849999 0
    endloop
  endfacet
  facet normal 0 0 -1
    outer loop
      vertex -5.79555 -1.55291 0
      vertex -8.52776 -0.849999 0
      vertex -5.90885 -1.04189 0
    endloop
  endfacet
  facet normal 0 -0 -1
    outer loop
      vertex -8.52776 -0.849999 0
      vertex -5.79555 -1.55291 0
      vertex -8.60744 -0.97508 0
    endloop
  endfacet
  facet normal 0 0 -1
    outer loop
      vertex -7 -12.1244 0
      vertex -9.02492 -1.39256 0
      vertex -8.90726 -1.30227 0
    endloop
  endfacet
  facet normal 0 0 -1
    outer loop
      vertex -7 -12.1244 0
      vertex -9.15 -1.47224 0
      vertex -9.02492 -1.39256 0
    endloop
  endfacet
  facet normal 0 0 -1
    outer loop
      vertex -7 -12.1244 0
      vertex -9.28155 -1.54072 0
      vertex -9.15 -1.47224 0
    endloop
  endfacet
  facet normal 0 0 -1
    outer loop
      vertex -7 -12.1244 0
      vertex -9.41857 -1.59748 0
      vertex -9.28155 -1.54072 0
    endloop
  endfacet
  facet normal 0 0 -1
    outer loop
      vertex -7 -12.1244 0
      vertex -9.56001 -1.64207 0
      vertex -9.41857 -1.59748 0
    endloop
  endfacet
  facet normal 0 0 -1
    outer loop
      vertex -7 -12.1244 0
      vertex -9.7048 -1.67417 0
      vertex -9.56001 -1.64207 0
    endloop
  endfacet
  facet normal 0 0 -1
    outer loop
      vertex -14 -8 0
      vertex -9.7048 -1.67417 0
      vertex -7 -12.1244 0
    endloop
  endfacet
  facet normal 0 0 -1
    outer loop
      vertex -9.7048 -1.67417 0
      vertex -14 -8 0
      vertex -9.85183 -1.69353 0
    endloop
  endfacet
  facet normal 0 0 -1
    outer loop
      vertex -9.85183 -1.69353 0
      vertex -14 -8 0
      vertex -10 -1.7 0
    endloop
  endfacet
  facet normal -0 0 -1
    outer loop
      vertex -10 -1.7 0
      vertex -14 -8 0
      vertex -10.1482 -1.69353 0
    endloop
  endfacet
  facet normal -0 0 -1
    outer loop
      vertex -10.1482 -1.69353 0
      vertex -14 -8 0
      vertex -10.2952 -1.67417 0
    endloop
  endfacet
  facet normal -0 0 -1
    outer loop
      vertex -10.2952 -1.67417 0
      vertex -14 -8 0
      vertex -10.44 -1.64207 0
    endloop
  endfacet
  facet normal -0 0 -1
    outer loop
      vertex -10.44 -1.64207 0
      vertex -14 -8 0
      vertex -10.5814 -1.59748 0
    endloop
  endfacet
  facet normal -0 0 -1
    outer loop
      vertex -10.5814 -1.59748 0
      vertex -14 -8 0
      vertex -10.7185 -1.54072 0
    endloop
  endfacet
  facet normal -0 0 -1
    outer loop
      vertex -10.7185 -1.54072 0
      vertex -14 -8 0
      vertex -10.85 -1.47224 0
    endloop
  endfacet
  facet normal -0 0 -1
    outer loop
      vertex -10.85 -1.47224 0
      vertex -14 -8 0
      vertex -10.9751 -1.39256 0
    endloop
  endfacet
  facet normal -0 0 -1
    outer loop
      vertex -10.9751 -1.39256 0
      vertex -14 -8 0
      vertex -11.0927 -1.30227 0
    endloop
  endfacet
  facet normal -0 0 -1
    outer loop
      vertex -11.0927 -1.30227 0
      vertex -14 -8 0
      vertex -11.2021 -1.20208 0
    endloop
  endfacet
  facet normal -0 0 -1
    outer loop
      vertex -11.2021 -1.20208 0
      vertex -14 -8 0
      vertex -11.3023 -1.09274 0
    endloop
  endfacet
  facet normal -0 0 -1
    outer loop
      vertex -11.3023 -1.09274 0
      vertex -14 -8 0
      vertex -11.3926 -0.97508 0
    endloop
  endfacet
  facet normal -0 0 -1
    outer loop
      vertex -11.3926 -0.97508 0
      vertex -14 -8 0
      vertex -11.4722 -0.849999 0
    endloop
  endfacet
  facet normal -0 0 -1
    outer loop
      vertex -11.4722 -0.849999 0
      vertex -14 -8 0
      vertex -11.5407 -0.718451 0
    endloop
  endfacet
  facet normal -0 0 -1
    outer loop
      vertex -11.6935 -0.148165 0
      vertex -14 -8 0
      vertex -11.7 0 0
    endloop
  endfacet
  facet normal -0 0 -1
    outer loop
      vertex -11.6742 -0.295201 0
      vertex -14 -8 0
      vertex -11.6935 -0.148165 0
    endloop
  endfacet
  facet normal -0 0 -1
    outer loop
      vertex -11.6421 -0.439992 0
      vertex -14 -8 0
      vertex -11.6742 -0.295201 0
    endloop
  endfacet
  facet normal -0 0 -1
    outer loop
      vertex -11.5975 -0.581433 0
      vertex -14 -8 0
      vertex -11.6421 -0.439992 0
    endloop
  endfacet
  facet normal -0 0 -1
    outer loop
      vertex -11.5407 -0.718451 0
      vertex -14 -8 0
      vertex -11.5975 -0.581433 0
    endloop
  endfacet
  facet normal 0 0 -1
    outer loop
      vertex 14 -8 0
      vertex 11.7 0 0
      vertex 14 8 0
    endloop
  endfacet
  facet normal 0 0 -1
    outer loop
      vertex 14 -8 0
      vertex 11.6935 -0.148165 0
      vertex 11.7 0 0
    endloop
  endfacet
  facet normal 0 0 -1
    outer loop
      vertex 14 -8 0
      vertex 11.6742 -0.295201 0
      vertex 11.6935 -0.148165 0
    endloop
  endfacet
  facet normal 0 0 -1
    outer loop
      vertex 14 -8 0
      vertex 11.6421 -0.439992 0
      vertex 11.6742 -0.295201 0
    endloop
  endfacet
  facet normal 0 0 -1
    outer loop
      vertex 14 -8 0
      vertex 11.5975 -0.581433 0
      vertex 11.6421 -0.439992 0
    endloop
  endfacet
  facet normal 0 0 -1
    outer loop
      vertex 14 -8 0
      vertex 11.5407 -0.718451 0
      vertex 11.5975 -0.581433 0
    endloop
  endfacet
  facet normal 0 0 -1
    outer loop
      vertex 14 -8 0
      vertex 11.4722 -0.849999 0
      vertex 11.5407 -0.718451 0
    endloop
  endfacet
  facet normal 0 0 -1
    outer loop
      vertex 14 -8 0
      vertex 11.3926 -0.97508 0
      vertex 11.4722 -0.849999 0
    endloop
  endfacet
  facet normal 0 0 -1
    outer loop
      vertex 14 -8 0
      vertex 11.3023 -1.09274 0
      vertex 11.3926 -0.97508 0
    endloop
  endfacet
  facet normal 0 0 -1
    outer loop
      vertex 14 -8 0
      vertex 11.2021 -1.20208 0
      vertex 11.3023 -1.09274 0
    endloop
  endfacet
  facet normal 0 0 -1
    outer loop
      vertex 14 -8 0
      vertex 11.0927 -1.30227 0
      vertex 11.2021 -1.20208 0
    endloop
  endfacet
  facet normal 0 0 -1
    outer loop
      vertex 14 -8 0
      vertex 10.9751 -1.39256 0
      vertex 11.0927 -1.30227 0
    endloop
  endfacet
  facet normal 0 0 -1
    outer loop
      vertex 14 -8 0
      vertex 10.85 -1.47224 0
      vertex 10.9751 -1.39256 0
    endloop
  endfacet
  facet normal 0 0 -1
    outer loop
      vertex 14 -8 0
      vertex 10.7185 -1.54072 0
      vertex 10.85 -1.47224 0
    endloop
  endfacet
  facet normal 0 0 -1
    outer loop
      vertex 14 -8 0
      vertex 10.5814 -1.59748 0
      vertex 10.7185 -1.54072 0
    endloop
  endfacet
  facet normal 0 0 -1
    outer loop
      vertex 14 -8 0
      vertex 10.44 -1.64207 0
      vertex 10.5814 -1.59748 0
    endloop
  endfacet
  facet normal 0 0 -1
    outer loop
      vertex 14 -8 0
      vertex 10.2952 -1.67417 0
      vertex 10.44 -1.64207 0
    endloop
  endfacet
  facet normal 0 0 -1
    outer loop
      vertex 14 -8 0
      vertex 10.1482 -1.69353 0
      vertex 10.2952 -1.67417 0
    endloop
  endfacet
  facet normal 0 0 -1
    outer loop
      vertex 14 -8 0
      vertex 10 -1.7 0
      vertex 10.1482 -1.69353 0
    endloop
  endfacet
  facet normal 0 0 -1
    outer loop
      vertex 14 -8 0
      vertex 9.85183 -1.69353 0
      vertex 10 -1.7 0
    endloop
  endfacet
  facet normal 0 0 -1
    outer loop
      vertex 14 -8 0
      vertex 9.7048 -1.67417 0
      vertex 9.85183 -1.69353 0
    endloop
  endfacet
  facet normal 0 0 -1
    outer loop
      vertex 5.19615 -3 0
      vertex 9.7048 -1.67417 0
      vertex 14 -8 0
    endloop
  endfacet
  facet normal -0 0 -1
    outer loop
      vertex 9.7048 -1.67417 0
      vertex 5.19615 -3 0
      vertex 9.56001 -1.64207 0
    endloop
  endfacet
  facet normal -0 0 -1
    outer loop
      vertex 9.56001 -1.64207 0
      vertex 5.19615 -3 0
      vertex 9.41857 -1.59748 0
    endloop
  endfacet
  facet normal -0 0 -1
    outer loop
      vertex 9.41857 -1.59748 0
      vertex 5.19615 -3 0
      vertex 9.28155 -1.54072 0
    endloop
  endfacet
  facet normal 0 -0 -1
    outer loop
      vertex 5.43785 -2.53571 0
      vertex 9.28155 -1.54072 0
      vertex 5.19615 -3 0
    endloop
  endfacet
  facet normal -0 0 -1
    outer loop
      vertex 9.28155 -1.54072 0
      vertex 5.43785 -2.53571 0
      vertex 9.15 -1.47224 0
    endloop
  endfacet
  facet normal -0 0 -1
    outer loop
      vertex 9.15 -1.47224 0
      vertex 5.43785 -2.53571 0
      vertex 9.02492 -1.39256 0
    endloop
  endfacet
  facet normal 0 -0 -1
    outer loop
      vertex 5.63815 -2.05212 0
      vertex 9.02492 -1.39256 0
      vertex 5.43785 -2.53571 0
    endloop
  endfacet
  facet normal -0 0 -1
    outer loop
      vertex 8.52776 -0.849999 0
      vertex 5.90885 -1.04189 0
      vertex 8.45928 -0.718451 0
    endloop
  endfacet
  facet normal 0 -0 -1
    outer loop
      vertex 5.90885 -1.04189 0
      vertex 8.52776 -0.849999 0
      vertex 5.79555 -1.55291 0
    endloop
  endfacet
  facet normal -0 0 -1
    outer loop
      vertex 8.60744 -0.97508 0
      vertex 5.79555 -1.55291 0
      vertex 8.52776 -0.849999 0
    endloop
  endfacet
  facet normal -0 0 -1
    outer loop
      vertex 8.69772 -1.09274 0
      vertex 5.79555 -1.55291 0
      vertex 8.60744 -0.97508 0
    endloop
  endfacet
  facet normal 0 -0 -1
    outer loop
      vertex 5.79555 -1.55291 0
      vertex 8.69772 -1.09274 0
      vertex 5.63815 -2.05212 0
    endloop
  endfacet
  facet normal -0 0 -1
    outer loop
      vertex 8.79792 -1.20208 0
      vertex 5.63815 -2.05212 0
      vertex 8.69772 -1.09274 0
    endloop
  endfacet
  facet normal -0 0 -1
    outer loop
      vertex 8.90726 -1.30227 0
      vertex 5.63815 -2.05212 0
      vertex 8.79792 -1.20208 0
    endloop
  endfacet
  facet normal -0 0 -1
    outer loop
      vertex 9.02492 -1.39256 0
      vertex 5.63815 -2.05212 0
      vertex 8.90726 -1.30227 0
    endloop
  endfacet
  facet normal 0 0 -1
    outer loop
      vertex 5.19615 -3 0
      vertex 14 -8 0
      vertex 7 -12.1244 0
    endloop
  endfacet
  facet normal 0 0 -1
    outer loop
      vertex 11.6935 0.148165 0
      vertex 14 8 0
      vertex 11.7 0 0
    endloop
  endfacet
  facet normal 0 0 -1
    outer loop
      vertex 11.6742 0.295201 0
      vertex 14 8 0
      vertex 11.6935 0.148165 0
    endloop
  endfacet
  facet normal 0 0 -1
    outer loop
      vertex 11.6421 0.439992 0
      vertex 14 8 0
      vertex 11.6742 0.295201 0
    endloop
  endfacet
  facet normal 0 0 -1
    outer loop
      vertex 11.5975 0.581433 0
      vertex 14 8 0
      vertex 11.6421 0.439992 0
    endloop
  endfacet
  facet normal 0 0 -1
    outer loop
      vertex 11.5407 0.718451 0
      vertex 14 8 0
      vertex 11.5975 0.581433 0
    endloop
  endfacet
  facet normal 0 0 -1
    outer loop
      vertex 11.4722 0.849999 0
      vertex 14 8 0
      vertex 11.5407 0.718451 0
    endloop
  endfacet
  facet normal 0 0 -1
    outer loop
      vertex 11.3926 0.97508 0
      vertex 14 8 0
      vertex 11.4722 0.849999 0
    endloop
  endfacet
  facet normal 0 0 -1
    outer loop
      vertex 11.3023 1.09274 0
      vertex 14 8 0
      vertex 11.3926 0.97508 0
    endloop
  endfacet
  facet normal 0 0 -1
    outer loop
      vertex 11.2021 1.20208 0
      vertex 14 8 0
      vertex 11.3023 1.09274 0
    endloop
  endfacet
  facet normal 0 0 -1
    outer loop
      vertex 11.0927 1.30227 0
      vertex 14 8 0
      vertex 11.2021 1.20208 0
    endloop
  endfacet
  facet normal 0 0 -1
    outer loop
      vertex 10.9751 1.39256 0
      vertex 14 8 0
      vertex 11.0927 1.30227 0
    endloop
  endfacet
  facet normal 0 0 -1
    outer loop
      vertex 10.85 1.47224 0
      vertex 14 8 0
      vertex 10.9751 1.39256 0
    endloop
  endfacet
  facet normal 0 0 -1
    outer loop
      vertex 10.7185 1.54072 0
      vertex 14 8 0
      vertex 10.85 1.47224 0
    endloop
  endfacet
  facet normal 0 0 -1
    outer loop
      vertex 10.5814 1.59748 0
      vertex 14 8 0
      vertex 10.7185 1.54072 0
    endloop
  endfacet
  facet normal 0 0 -1
    outer loop
      vertex 10.44 1.64207 0
      vertex 14 8 0
      vertex 10.5814 1.59748 0
    endloop
  endfacet
  facet normal 0 0 -1
    outer loop
      vertex 10.2952 1.67417 0
      vertex 14 8 0
      vertex 10.44 1.64207 0
    endloop
  endfacet
  facet normal 0 0 -1
    outer loop
      vertex 10.1482 1.69353 0
      vertex 14 8 0
      vertex 10.2952 1.67417 0
    endloop
  endfacet
  facet normal 0 0 -1
    outer loop
      vertex 10 1.7 0
      vertex 14 8 0
      vertex 10.1482 1.69353 0
    endloop
  endfacet
  facet normal 0 0 -1
    outer loop
      vertex 9.85183 1.69353 0
      vertex 14 8 0
      vertex 10 1.7 0
    endloop
  endfacet
  facet normal 0 0 -1
    outer loop
      vertex 9.7048 1.67417 0
      vertex 14 8 0
      vertex 9.85183 1.69353 0
    endloop
  endfacet
  facet normal 0 0 -1
    outer loop
      vertex 7 12.1244 0
      vertex 9.7048 1.67417 0
      vertex 9.56001 1.64207 0
    endloop
  endfacet
  facet normal 0 0 -1
    outer loop
      vertex 7 12.1244 0
      vertex 9.56001 1.64207 0
      vertex 9.41857 1.59748 0
    endloop
  endfacet
  facet normal 0 0 -1
    outer loop
      vertex 7 12.1244 0
      vertex 9.41857 1.59748 0
      vertex 9.28155 1.54072 0
    endloop
  endfacet
  facet normal 0 0 -1
    outer loop
      vertex 7 12.1244 0
      vertex 9.28155 1.54072 0
      vertex 9.15 1.47224 0
    endloop
  endfacet
  facet normal 0 0 -1
    outer loop
      vertex 7 12.1244 0
      vertex 9.15 1.47224 0
      vertex 9.02492 1.39256 0
    endloop
  endfacet
  facet normal 0 0 -1
    outer loop
      vertex 5.63815 2.05212 0
      vertex 8.69772 1.09274 0
      vertex 5.79555 1.55291 0
    endloop
  endfacet
  facet normal 0 0 -1
    outer loop
      vertex 8.52776 0.849999 0
      vertex 5.79555 1.55291 0
      vertex 8.60744 0.97508 0
    endloop
  endfacet
  facet normal 0 0 -1
    outer loop
      vertex 5.79555 1.55291 0
      vertex 8.52776 0.849999 0
      vertex 5.90885 1.04189 0
    endloop
  endfacet
  facet normal -0 0 -1
    outer loop
      vertex 8.45928 -0.718451 0
      vertex 5.90885 -1.04189 0
      vertex 8.40252 -0.581433 0
    endloop
  endfacet
  facet normal 0 0 -1
    outer loop
      vertex 9.7048 1.67417 0
      vertex 7 12.1244 0
      vertex 14 8 0
    endloop
  endfacet
  facet normal 0 0 -1
    outer loop
      vertex 8.45928 0.718451 0
      vertex 5.90885 1.04189 0
      vertex 8.52776 0.849999 0
    endloop
  endfacet
  facet normal 0 0 -1
    outer loop
      vertex 8.40252 0.581433 0
      vertex 5.90885 1.04189 0
      vertex 8.45928 0.718451 0
    endloop
  endfacet
  facet normal 0 0 -1
    outer loop
      vertex 5.90885 1.04189 0
      vertex 8.40252 0.581433 0
      vertex 5.97717 0.522934 0
    endloop
  endfacet
  facet normal 0 0 -1
    outer loop
      vertex 8.35793 0.439992 0
      vertex 5.97717 0.522934 0
      vertex 8.40252 0.581433 0
    endloop
  endfacet
  facet normal 0 0 -1
    outer loop
      vertex 8.32583 0.295201 0
      vertex 5.97717 0.522934 0
      vertex 8.35793 0.439992 0
    endloop
  endfacet
  facet normal 0 0 -1
    outer loop
      vertex 8.30647 0.148165 0
      vertex 5.97717 0.522934 0
      vertex 8.32583 0.295201 0
    endloop
  endfacet
  facet normal 0 0 -1
    outer loop
      vertex 5.97717 0.522934 0
      vertex 8.30647 0.148165 0
      vertex 6 0 0
    endloop
  endfacet
  facet normal 0 -0 -1
    outer loop
      vertex 5.97717 -0.522934 0
      vertex 8.40252 -0.581433 0
      vertex 5.90885 -1.04189 0
    endloop
  endfacet
  facet normal 0 0 -1
    outer loop
      vertex 8.60744 0.97508 0
      vertex 5.79555 1.55291 0
      vertex 8.69772 1.09274 0
    endloop
  endfacet
  facet normal 0 0 -1
    outer loop
      vertex 8.3 0 0
      vertex 6 0 0
      vertex 8.30647 0.148165 0
    endloop
  endfacet
  facet normal 0 0 -1
    outer loop
      vertex 3 -5.19615 0
      vertex 7 -12.1244 0
      vertex 5.91666 -12.6883 0
    endloop
  endfacet
  facet normal 0 0 -1
    outer loop
      vertex 8.30647 -0.148165 0
      vertex 6 0 0
      vertex 8.3 0 0
    endloop
  endfacet
  facet normal 0 -0 -1
    outer loop
      vertex 6 0 0
      vertex 8.30647 -0.148165 0
      vertex 5.97717 -0.522934 0
    endloop
  endfacet
  facet normal -0 0 -1
    outer loop
      vertex 8.32583 -0.295201 0
      vertex 5.97717 -0.522934 0
      vertex 8.30647 -0.148165 0
    endloop
  endfacet
  facet normal -0 0 -1
    outer loop
      vertex 8.35793 -0.439992 0
      vertex 5.97717 -0.522934 0
      vertex 8.32583 -0.295201 0
    endloop
  endfacet
  facet normal 0 0 -1
    outer loop
      vertex 8.40252 -0.581433 0
      vertex 5.97717 -0.522934 0
      vertex 8.35793 -0.439992 0
    endloop
  endfacet
  facet normal 0 0 -1
    outer loop
      vertex 7 -12.1244 0
      vertex 4.91491 -3.44146 0
      vertex 5.19615 -3 0
    endloop
  endfacet
  facet normal 0 0 -1
    outer loop
      vertex 2.53571 -5.43785 0
      vertex 5.91666 -12.6883 0
      vertex 4.78828 -13.1557 0
    endloop
  endfacet
  facet normal 0 0 -1
    outer loop
      vertex 7 -12.1244 0
      vertex 4.59627 -3.85672 0
      vertex 4.91491 -3.44146 0
    endloop
  endfacet
  facet normal 0 0 -1
    outer loop
      vertex 7 -12.1244 0
      vertex 4.24264 -4.24264 0
      vertex 4.59627 -3.85672 0
    endloop
  endfacet
  facet normal 0 0 -1
    outer loop
      vertex 7 -12.1244 0
      vertex 3.85672 -4.59627 0
      vertex 4.24264 -4.24264 0
    endloop
  endfacet
  facet normal 0 0 -1
    outer loop
      vertex 2.05212 -5.63815 0
      vertex 4.78828 -13.1557 0
      vertex 3.62347 -13.523 0
    endloop
  endfacet
  facet normal 0 0 -1
    outer loop
      vertex 7 -12.1244 0
      vertex 3.44146 -4.91491 0
      vertex 3.85672 -4.59627 0
    endloop
  endfacet
  facet normal 0 0 -1
    outer loop
      vertex 7 -12.1244 0
      vertex 3 -5.19615 0
      vertex 3.44146 -4.91491 0
    endloop
  endfacet
  facet normal 0 0 -1
    outer loop
      vertex 5.91666 -12.6883 0
      vertex 2.53571 -5.43785 0
      vertex 3 -5.19615 0
    endloop
  endfacet
  facet normal 0 0 -1
    outer loop
      vertex 1.55291 -5.79555 0
      vertex 3.62347 -13.523 0
      vertex 2.43107 -13.7873 0
    endloop
  endfacet
  facet normal 0 0 -1
    outer loop
      vertex 4.78828 -13.1557 0
      vertex 2.05212 -5.63815 0
      vertex 2.53571 -5.43785 0
    endloop
  endfacet
  facet normal 0 0 -1
    outer loop
      vertex 3.62347 -13.523 0
      vertex 1.55291 -5.79555 0
      vertex 2.05212 -5.63815 0
    endloop
  endfacet
  facet normal 0 0 -1
    outer loop
      vertex 1.04189 -5.90885 0
      vertex 2.43107 -13.7873 0
      vertex 1.22018 -13.9467 0
    endloop
  endfacet
  facet normal 0 0 -1
    outer loop
      vertex 2.43107 -13.7873 0
      vertex 1.04189 -5.90885 0
      vertex 1.55291 -5.79555 0
    endloop
  endfacet
  facet normal 0 0 -1
    outer loop
      vertex 1.22018 -13.9467 0
      vertex 0.522934 -5.97717 0
      vertex 1.04189 -5.90885 0
    endloop
  endfacet
  facet normal 0 0 -1
    outer loop
      vertex 0 -14 0
      vertex 0.522934 -5.97717 0
      vertex 1.22018 -13.9467 0
    endloop
  endfacet
  facet normal 0 0 -1
    outer loop
      vertex 0 -14 0
      vertex 0 -6 0
      vertex 0.522934 -5.97717 0
    endloop
  endfacet
  facet normal 0 0 -1
    outer loop
      vertex 0 -14 0
      vertex -0.522934 -5.97717 0
      vertex 0 -6 0
    endloop
  endfacet
  facet normal 0 0 -1
    outer loop
      vertex -1.22018 -13.9467 0
      vertex -0.522934 -5.97717 0
      vertex 0 -14 0
    endloop
  endfacet
  facet normal -0 0 -1
    outer loop
      vertex -0.522934 -5.97717 0
      vertex -1.22018 -13.9467 0
      vertex -1.04189 -5.90885 0
    endloop
  endfacet
  facet normal 0 0 -1
    outer loop
      vertex -2.43107 -13.7873 0
      vertex -1.04189 -5.90885 0
      vertex -1.22018 -13.9467 0
    endloop
  endfacet
  facet normal -0 0 -1
    outer loop
      vertex -1.04189 -5.90885 0
      vertex -2.43107 -13.7873 0
      vertex -1.55291 -5.79555 0
    endloop
  endfacet
  facet normal 0 0 -1
    outer loop
      vertex -3.62347 -13.523 0
      vertex -1.55291 -5.79555 0
      vertex -2.43107 -13.7873 0
    endloop
  endfacet
  facet normal -0 0 -1
    outer loop
      vertex -1.55291 -5.79555 0
      vertex -3.62347 -13.523 0
      vertex -2.05212 -5.63815 0
    endloop
  endfacet
  facet normal 0 0 -1
    outer loop
      vertex -4.78828 -13.1557 0
      vertex -2.05212 -5.63815 0
      vertex -3.62347 -13.523 0
    endloop
  endfacet
  facet normal -0 0 -1
    outer loop
      vertex -2.05212 -5.63815 0
      vertex -4.78828 -13.1557 0
      vertex -2.53571 -5.43785 0
    endloop
  endfacet
  facet normal 0 0 -1
    outer loop
      vertex -5.91666 -12.6883 0
      vertex -2.53571 -5.43785 0
      vertex -4.78828 -13.1557 0
    endloop
  endfacet
  facet normal -0 0 -1
    outer loop
      vertex -2.53571 -5.43785 0
      vertex -5.91666 -12.6883 0
      vertex -3 -5.19615 0
    endloop
  endfacet
  facet normal 0 0 -1
    outer loop
      vertex -7 -12.1244 0
      vertex -3 -5.19615 0
      vertex -5.91666 -12.6883 0
    endloop
  endfacet
  facet normal -0 0 -1
    outer loop
      vertex -3 -5.19615 0
      vertex -7 -12.1244 0
      vertex -3.44146 -4.91491 0
    endloop
  endfacet
  facet normal -0 0 -1
    outer loop
      vertex -3.44146 -4.91491 0
      vertex -7 -12.1244 0
      vertex -3.85672 -4.59627 0
    endloop
  endfacet
  facet normal -0 0 -1
    outer loop
      vertex -3.85672 -4.59627 0
      vertex -7 -12.1244 0
      vertex -4.24264 -4.24264 0
    endloop
  endfacet
  facet normal -0 0 -1
    outer loop
      vertex -4.24264 -4.24264 0
      vertex -7 -12.1244 0
      vertex -4.59627 -3.85672 0
    endloop
  endfacet
  facet normal -0 0 -1
    outer loop
      vertex -4.59627 -3.85672 0
      vertex -7 -12.1244 0
      vertex -4.91491 -3.44146 0
    endloop
  endfacet
  facet normal 0 0 -1
    outer loop
      vertex -8.90726 -1.30227 0
      vertex -4.91491 -3.44146 0
      vertex -7 -12.1244 0
    endloop
  endfacet
  facet normal 0 0 -1
    outer loop
      vertex -4.91491 -3.44146 0
      vertex -8.90726 -1.30227 0
      vertex -5.19615 -3 0
    endloop
  endfacet
  facet normal 0 0 -1
    outer loop
      vertex -5.19615 -3 0
      vertex -8.90726 -1.30227 0
      vertex -5.43785 -2.53571 0
    endloop
  endfacet
  facet normal 0 0 -1
    outer loop
      vertex -5.43785 -2.53571 0
      vertex -8.90726 -1.30227 0
      vertex -5.63815 -2.05212 0
    endloop
  endfacet
  facet normal 0 -0 -1
    outer loop
      vertex -8.79792 -1.20208 0
      vertex -5.63815 -2.05212 0
      vertex -8.90726 -1.30227 0
    endloop
  endfacet
  facet normal 0 -0 -1
    outer loop
      vertex -8.69772 -1.09274 0
      vertex -5.63815 -2.05212 0
      vertex -8.79792 -1.20208 0
    endloop
  endfacet
  facet normal 0 0 -1
    outer loop
      vertex -5.63815 -2.05212 0
      vertex -8.69772 -1.09274 0
      vertex -5.79555 -1.55291 0
    endloop
  endfacet
  facet normal 0.300733 0.953708 -0
    outer loop
      vertex 4.78828 13.1557 0
      vertex 3.62347 13.523 3
      vertex 4.78828 13.1557 3
    endloop
  endfacet
  facet normal 0.300733 0.953708 0
    outer loop
      vertex 3.62347 13.523 3
      vertex 4.78828 13.1557 0
      vertex 3.62347 13.523 0
    endloop
  endfacet
  facet normal 0.38269 -0.923877 0
    outer loop
      vertex 4.78828 -13.1557 0
      vertex 5.91666 -12.6883 3
      vertex 4.78828 -13.1557 3
    endloop
  endfacet
  facet normal 0.38269 -0.923877 0
    outer loop
      vertex 5.91666 -12.6883 3
      vertex 4.78828 -13.1557 0
      vertex 5.91666 -12.6883 0
    endloop
  endfacet
  facet normal -0.461716 0.887028 0
    outer loop
      vertex -5.91666 12.6883 0
      vertex -7 12.1244 3
      vertex -5.91666 12.6883 3
    endloop
  endfacet
  facet normal -0.461716 0.887028 0
    outer loop
      vertex -7 12.1244 3
      vertex -5.91666 12.6883 0
      vertex -7 12.1244 0
    endloop
  endfacet
  facet normal 0.130513 0.991447 -0
    outer loop
      vertex 2.43107 13.7873 0
      vertex 1.22018 13.9467 3
      vertex 2.43107 13.7873 3
    endloop
  endfacet
  facet normal 0.130513 0.991447 0
    outer loop
      vertex 1.22018 13.9467 3
      vertex 2.43107 13.7873 0
      vertex 1.22018 13.9467 0
    endloop
  endfacet
  facet normal -0.0436405 -0.999047 0
    outer loop
      vertex -1.22018 -13.9467 0
      vertex 0 -14 3
      vertex -1.22018 -13.9467 3
    endloop
  endfacet
  facet normal -0.0436405 -0.999047 -0
    outer loop
      vertex 0 -14 3
      vertex -1.22018 -13.9467 0
      vertex 0 -14 0
    endloop
  endfacet
  facet normal -0.216402 0.976304 0
    outer loop
      vertex -2.43107 13.7873 0
      vertex -3.62347 13.523 3
      vertex -2.43107 13.7873 3
    endloop
  endfacet
  facet normal -0.216402 0.976304 0
    outer loop
      vertex -3.62347 13.523 3
      vertex -2.43107 13.7873 0
      vertex -3.62347 13.523 0
    endloop
  endfacet
  facet normal -0.38269 -0.923877 0
    outer loop
      vertex -5.91666 -12.6883 0
      vertex -4.78828 -13.1557 3
      vertex -5.91666 -12.6883 3
    endloop
  endfacet
  facet normal -0.38269 -0.923877 -0
    outer loop
      vertex -4.78828 -13.1557 3
      vertex -5.91666 -12.6883 0
      vertex -4.78828 -13.1557 0
    endloop
  endfacet
  facet normal 0.216402 -0.976304 0
    outer loop
      vertex 2.43107 -13.7873 0
      vertex 3.62347 -13.523 3
      vertex 2.43107 -13.7873 3
    endloop
  endfacet
  facet normal 0.216402 -0.976304 0
    outer loop
      vertex 3.62347 -13.523 3
      vertex 2.43107 -13.7873 0
      vertex 3.62347 -13.523 0
    endloop
  endfacet
  facet normal -0.300733 0.953708 0
    outer loop
      vertex -3.62347 13.523 0
      vertex -4.78828 13.1557 3
      vertex -3.62347 13.523 3
    endloop
  endfacet
  facet normal -0.300733 0.953708 0
    outer loop
      vertex -4.78828 13.1557 3
      vertex -3.62347 13.523 0
      vertex -4.78828 13.1557 0
    endloop
  endfacet
  facet normal -0.130513 -0.991447 0
    outer loop
      vertex -2.43107 -13.7873 0
      vertex -1.22018 -13.9467 3
      vertex -2.43107 -13.7873 3
    endloop
  endfacet
  facet normal -0.130513 -0.991447 -0
    outer loop
      vertex -1.22018 -13.9467 3
      vertex -2.43107 -13.7873 0
      vertex -1.22018 -13.9467 0
    endloop
  endfacet
  facet normal -0.38269 0.923877 0
    outer loop
      vertex -4.78828 13.1557 0
      vertex -5.91666 12.6883 3
      vertex -4.78828 13.1557 3
    endloop
  endfacet
  facet normal -0.38269 0.923877 0
    outer loop
      vertex -5.91666 12.6883 3
      vertex -4.78828 13.1557 0
      vertex -5.91666 12.6883 0
    endloop
  endfacet
  facet normal 0.38269 0.923877 -0
    outer loop
      vertex 5.91666 12.6883 0
      vertex 4.78828 13.1557 3
      vertex 5.91666 12.6883 3
    endloop
  endfacet
  facet normal 0.38269 0.923877 0
    outer loop
      vertex 4.78828 13.1557 3
      vertex 5.91666 12.6883 0
      vertex 4.78828 13.1557 0
    endloop
  endfacet
  facet normal -0 0 1
    outer loop
      vertex -8.52776 -0.849999 3
      vertex -5.90885 -1.04189 3
      vertex -8.45928 -0.718451 3
    endloop
  endfacet
  facet normal 0 0 1
    outer loop
      vertex -5.90885 -1.04189 3
      vertex -8.52776 -0.849999 3
      vertex -5.79555 -1.55291 3
    endloop
  endfacet
  facet normal -0 0 1
    outer loop
      vertex -8.60744 -0.97508 3
      vertex -5.79555 -1.55291 3
      vertex -8.52776 -0.849999 3
    endloop
  endfacet
  facet normal -0 0 1
    outer loop
      vertex -8.69772 -1.09274 3
      vertex -5.79555 -1.55291 3
      vertex -8.60744 -0.97508 3
    endloop
  endfacet
  facet normal 0 0 1
    outer loop
      vertex -5.79555 -1.55291 3
      vertex -8.69772 -1.09274 3
      vertex -5.63815 -2.05212 3
    endloop
  endfacet
  facet normal -0 0 1
    outer loop
      vertex -8.79792 -1.20208 3
      vertex -5.63815 -2.05212 3
      vertex -8.69772 -1.09274 3
    endloop
  endfacet
  facet normal -0 0 1
    outer loop
      vertex -8.90726 -1.30227 3
      vertex -5.63815 -2.05212 3
      vertex -8.79792 -1.20208 3
    endloop
  endfacet
  facet normal -0 0 1
    outer loop
      vertex -9.02492 -1.39256 3
      vertex -5.63815 -2.05212 3
      vertex -8.90726 -1.30227 3
    endloop
  endfacet
  facet normal 0 0 1
    outer loop
      vertex -5.63815 -2.05212 3
      vertex -9.02492 -1.39256 3
      vertex -5.43785 -2.53571 3
    endloop
  endfacet
  facet normal -0 0 1
    outer loop
      vertex -9.15 -1.47224 3
      vertex -5.43785 -2.53571 3
      vertex -9.02492 -1.39256 3
    endloop
  endfacet
  facet normal -0 0 1
    outer loop
      vertex -9.28155 -1.54072 3
      vertex -5.43785 -2.53571 3
      vertex -9.15 -1.47224 3
    endloop
  endfacet
  facet normal 0 0 1
    outer loop
      vertex -5.43785 -2.53571 3
      vertex -9.28155 -1.54072 3
      vertex -5.19615 -3 3
    endloop
  endfacet
  facet normal -0 0 1
    outer loop
      vertex -9.41857 -1.59748 3
      vertex -5.19615 -3 3
      vertex -9.28155 -1.54072 3
    endloop
  endfacet
  facet normal -0 0 1
    outer loop
      vertex -9.56001 -1.64207 3
      vertex -5.19615 -3 3
      vertex -9.41857 -1.59748 3
    endloop
  endfacet
  facet normal -0 0 1
    outer loop
      vertex -9.7048 -1.67417 3
      vertex -5.19615 -3 3
      vertex -9.56001 -1.64207 3
    endloop
  endfacet
  facet normal 0 0 1
    outer loop
      vertex -14 -8 3
      vertex -5.19615 -3 3
      vertex -9.7048 -1.67417 3
    endloop
  endfacet
  facet normal 0 0 1
    outer loop
      vertex -14 -8 3
      vertex -9.7048 -1.67417 3
      vertex -9.85183 -1.69353 3
    endloop
  endfacet
  facet normal 0 0 1
    outer loop
      vertex -14 -8 3
      vertex -9.85183 -1.69353 3
      vertex -10 -1.7 3
    endloop
  endfacet
  facet normal 0 0 1
    outer loop
      vertex -14 -8 3
      vertex -10 -1.7 3
      vertex -10.1482 -1.69353 3
    endloop
  endfacet
  facet normal 0 0 1
    outer loop
      vertex -14 -8 3
      vertex -10.1482 -1.69353 3
      vertex -10.2952 -1.67417 3
    endloop
  endfacet
  facet normal 0 0 1
    outer loop
      vertex -14 -8 3
      vertex -10.2952 -1.67417 3
      vertex -10.44 -1.64207 3
    endloop
  endfacet
  facet normal 0 0 1
    outer loop
      vertex -14 -8 3
      vertex -10.44 -1.64207 3
      vertex -10.5814 -1.59748 3
    endloop
  endfacet
  facet normal 0 0 1
    outer loop
      vertex -14 -8 3
      vertex -10.5814 -1.59748 3
      vertex -10.7185 -1.54072 3
    endloop
  endfacet
  facet normal 0 0 1
    outer loop
      vertex -14 -8 3
      vertex -10.7185 -1.54072 3
      vertex -10.85 -1.47224 3
    endloop
  endfacet
  facet normal 0 0 1
    outer loop
      vertex -14 -8 3
      vertex -10.85 -1.47224 3
      vertex -10.9751 -1.39256 3
    endloop
  endfacet
  facet normal 0 0 1
    outer loop
      vertex -14 -8 3
      vertex -10.9751 -1.39256 3
      vertex -11.0927 -1.30227 3
    endloop
  endfacet
  facet normal 0 0 1
    outer loop
      vertex -14 -8 3
      vertex -11.0927 -1.30227 3
      vertex -11.2021 -1.20208 3
    endloop
  endfacet
  facet normal 0 0 1
    outer loop
      vertex -14 -8 3
      vertex -11.2021 -1.20208 3
      vertex -11.3023 -1.09274 3
    endloop
  endfacet
  facet normal 0 0 1
    outer loop
      vertex -14 -8 3
      vertex -11.3023 -1.09274 3
      vertex -11.3926 -0.97508 3
    endloop
  endfacet
  facet normal 0 0 1
    outer loop
      vertex -14 -8 3
      vertex -11.3926 -0.97508 3
      vertex -11.4722 -0.849999 3
    endloop
  endfacet
  facet normal 0 0 1
    outer loop
      vertex -14 -8 3
      vertex -11.4722 -0.849999 3
      vertex -11.5407 -0.718451 3
    endloop
  endfacet
  facet normal 0 0 1
    outer loop
      vertex -14 -8 3
      vertex -11.5407 -0.718451 3
      vertex -11.5975 -0.581433 3
    endloop
  endfacet
  facet normal 0 0 1
    outer loop
      vertex -14 -8 3
      vertex -11.7 0 3
      vertex -14 8 3
    endloop
  endfacet
  facet normal 0 0 1
    outer loop
      vertex -11.7 0 3
      vertex -14 -8 3
      vertex -11.6935 -0.148165 3
    endloop
  endfacet
  facet normal 0 0 1
    outer loop
      vertex -11.6935 -0.148165 3
      vertex -14 -8 3
      vertex -11.6742 -0.295201 3
    endloop
  endfacet
  facet normal 0 0 1
    outer loop
      vertex -5.19615 -3 3
      vertex -14 -8 3
      vertex -7 -12.1244 3
    endloop
  endfacet
  facet normal 0 0 1
    outer loop
      vertex -11.6421 -0.439992 3
      vertex -14 -8 3
      vertex -11.5975 -0.581433 3
    endloop
  endfacet
  facet normal 0 0 1
    outer loop
      vertex -11.6742 -0.295201 3
      vertex -14 -8 3
      vertex -11.6421 -0.439992 3
    endloop
  endfacet
  facet normal 0 0 1
    outer loop
      vertex 8.69772 -1.09274 3
      vertex 5.63815 -2.05212 3
      vertex 8.79792 -1.20208 3
    endloop
  endfacet
  facet normal 0 0 1
    outer loop
      vertex 8.79792 -1.20208 3
      vertex 5.63815 -2.05212 3
      vertex 8.90726 -1.30227 3
    endloop
  endfacet
  facet normal 0 0 1
    outer loop
      vertex 8.90726 -1.30227 3
      vertex 5.63815 -2.05212 3
      vertex 9.02492 -1.39256 3
    endloop
  endfacet
  facet normal 0 0 1
    outer loop
      vertex 5.43785 -2.53571 3
      vertex 9.02492 -1.39256 3
      vertex 5.63815 -2.05212 3
    endloop
  endfacet
  facet normal 0 0 1
    outer loop
      vertex 5.19615 -3 3
      vertex 9.02492 -1.39256 3
      vertex 5.43785 -2.53571 3
    endloop
  endfacet
  facet normal 0 0 1
    outer loop
      vertex 4.91491 -3.44146 3
      vertex 9.02492 -1.39256 3
      vertex 5.19615 -3 3
    endloop
  endfacet
  facet normal 0 0 1
    outer loop
      vertex 9.02492 -1.39256 3
      vertex 4.91491 -3.44146 3
      vertex 7 -12.1244 3
    endloop
  endfacet
  facet normal -0 0 1
    outer loop
      vertex 4.59627 -3.85672 3
      vertex 7 -12.1244 3
      vertex 4.91491 -3.44146 3
    endloop
  endfacet
  facet normal -0 0 1
    outer loop
      vertex 4.24264 -4.24264 3
      vertex 7 -12.1244 3
      vertex 4.59627 -3.85672 3
    endloop
  endfacet
  facet normal -0 0 1
    outer loop
      vertex 3.85672 -4.59627 3
      vertex 7 -12.1244 3
      vertex 4.24264 -4.24264 3
    endloop
  endfacet
  facet normal -0 0 1
    outer loop
      vertex 3.44146 -4.91491 3
      vertex 7 -12.1244 3
      vertex 3.85672 -4.59627 3
    endloop
  endfacet
  facet normal -0 0 1
    outer loop
      vertex 3 -5.19615 3
      vertex 7 -12.1244 3
      vertex 3.44146 -4.91491 3
    endloop
  endfacet
  facet normal 0 0 1
    outer loop
      vertex 7 -12.1244 3
      vertex 3 -5.19615 3
      vertex 5.91666 -12.6883 3
    endloop
  endfacet
  facet normal -0 0 1
    outer loop
      vertex 2.53571 -5.43785 3
      vertex 5.91666 -12.6883 3
      vertex 3 -5.19615 3
    endloop
  endfacet
  facet normal 0 0 1
    outer loop
      vertex 5.91666 -12.6883 3
      vertex 2.53571 -5.43785 3
      vertex 4.78828 -13.1557 3
    endloop
  endfacet
  facet normal -0 0 1
    outer loop
      vertex 2.05212 -5.63815 3
      vertex 4.78828 -13.1557 3
      vertex 2.53571 -5.43785 3
    endloop
  endfacet
  facet normal 0 0 1
    outer loop
      vertex 4.78828 -13.1557 3
      vertex 2.05212 -5.63815 3
      vertex 3.62347 -13.523 3
    endloop
  endfacet
  facet normal -0 0 1
    outer loop
      vertex 1.55291 -5.79555 3
      vertex 3.62347 -13.523 3
      vertex 2.05212 -5.63815 3
    endloop
  endfacet
  facet normal 0 0 1
    outer loop
      vertex 3.62347 -13.523 3
      vertex 1.55291 -5.79555 3
      vertex 2.43107 -13.7873 3
    endloop
  endfacet
  facet normal -0 0 1
    outer loop
      vertex 1.04189 -5.90885 3
      vertex 2.43107 -13.7873 3
      vertex 1.55291 -5.79555 3
    endloop
  endfacet
  facet normal 0 0 1
    outer loop
      vertex 2.43107 -13.7873 3
      vertex 1.04189 -5.90885 3
      vertex 1.22018 -13.9467 3
    endloop
  endfacet
  facet normal -0 0 1
    outer loop
      vertex 0.522934 -5.97717 3
      vertex 1.22018 -13.9467 3
      vertex 1.04189 -5.90885 3
    endloop
  endfacet
  facet normal -0 0 1
    outer loop
      vertex 0 -6 3
      vertex 1.22018 -13.9467 3
      vertex 0.522934 -5.97717 3
    endloop
  endfacet
  facet normal 0 0 1
    outer loop
      vertex 0 -6 3
      vertex 0 -14 3
      vertex 1.22018 -13.9467 3
    endloop
  endfacet
  facet normal 0 0 1
    outer loop
      vertex -0.522934 -5.97717 3
      vertex 0 -14 3
      vertex 0 -6 3
    endloop
  endfacet
  facet normal 0 0 1
    outer loop
      vertex -1.22018 -13.9467 3
      vertex -0.522934 -5.97717 3
      vertex -1.04189 -5.90885 3
    endloop
  endfacet
  facet normal 0 0 1
    outer loop
      vertex -0.522934 -5.97717 3
      vertex -1.22018 -13.9467 3
      vertex 0 -14 3
    endloop
  endfacet
  facet normal 0 0 1
    outer loop
      vertex -2.43107 -13.7873 3
      vertex -1.04189 -5.90885 3
      vertex -1.55291 -5.79555 3
    endloop
  endfacet
  facet normal 0 0 1
    outer loop
      vertex -3.62347 -13.523 3
      vertex -1.55291 -5.79555 3
      vertex -2.05212 -5.63815 3
    endloop
  endfacet
  facet normal 0 0 1
    outer loop
      vertex -1.04189 -5.90885 3
      vertex -2.43107 -13.7873 3
      vertex -1.22018 -13.9467 3
    endloop
  endfacet
  facet normal 0 0 1
    outer loop
      vertex -4.78828 -13.1557 3
      vertex -2.05212 -5.63815 3
      vertex -2.53571 -5.43785 3
    endloop
  endfacet
  facet normal 0 0 1
    outer loop
      vertex -5.91666 -12.6883 3
      vertex -2.53571 -5.43785 3
      vertex -3 -5.19615 3
    endloop
  endfacet
  facet normal 0 0 1
    outer loop
      vertex -7 -12.1244 3
      vertex -3 -5.19615 3
      vertex -3.44146 -4.91491 3
    endloop
  endfacet
  facet normal 0 0 1
    outer loop
      vertex -1.55291 -5.79555 3
      vertex -3.62347 -13.523 3
      vertex -2.43107 -13.7873 3
    endloop
  endfacet
  facet normal 0 0 1
    outer loop
      vertex -7 -12.1244 3
      vertex -3.44146 -4.91491 3
      vertex -3.85672 -4.59627 3
    endloop
  endfacet
  facet normal 0 0 1
    outer loop
      vertex -7 -12.1244 3
      vertex -3.85672 -4.59627 3
      vertex -4.24264 -4.24264 3
    endloop
  endfacet
  facet normal 0 0 1
    outer loop
      vertex -7 -12.1244 3
      vertex -4.24264 -4.24264 3
      vertex -4.59627 -3.85672 3
    endloop
  endfacet
  facet normal 0 0 1
    outer loop
      vertex -2.05212 -5.63815 3
      vertex -4.78828 -13.1557 3
      vertex -3.62347 -13.523 3
    endloop
  endfacet
  facet normal 0 0 1
    outer loop
      vertex -7 -12.1244 3
      vertex -4.59627 -3.85672 3
      vertex -4.91491 -3.44146 3
    endloop
  endfacet
  facet normal 0 0 1
    outer loop
      vertex -7 -12.1244 3
      vertex -4.91491 -3.44146 3
      vertex -5.19615 -3 3
    endloop
  endfacet
  facet normal 0 0 1
    outer loop
      vertex -5.97717 -0.522934 3
      vertex -8.40252 -0.581433 3
      vertex -5.90885 -1.04189 3
    endloop
  endfacet
  facet normal 0 0 1
    outer loop
      vertex -8.40252 -0.581433 3
      vertex -5.97717 -0.522934 3
      vertex -8.35793 -0.439992 3
    endloop
  endfacet
  facet normal -0 0 1
    outer loop
      vertex -8.35793 -0.439992 3
      vertex -5.97717 -0.522934 3
      vertex -8.32583 -0.295201 3
    endloop
  endfacet
  facet normal -0 0 1
    outer loop
      vertex -8.32583 -0.295201 3
      vertex -5.97717 -0.522934 3
      vertex -8.30647 -0.148165 3
    endloop
  endfacet
  facet normal 0 0 1
    outer loop
      vertex -2.53571 -5.43785 3
      vertex -5.91666 -12.6883 3
      vertex -4.78828 -13.1557 3
    endloop
  endfacet
  facet normal 0 0 1
    outer loop
      vertex -6 0 3
      vertex -8.30647 -0.148165 3
      vertex -5.97717 -0.522934 3
    endloop
  endfacet
  facet normal 0 0 1
    outer loop
      vertex -8.30647 -0.148165 3
      vertex -6 0 3
      vertex -8.3 0 3
    endloop
  endfacet
  facet normal 0 -0 1
    outer loop
      vertex -8.60744 0.97508 3
      vertex -5.79555 1.55291 3
      vertex -8.69772 1.09274 3
    endloop
  endfacet
  facet normal -0 0 1
    outer loop
      vertex -8.45928 -0.718451 3
      vertex -5.90885 -1.04189 3
      vertex -8.40252 -0.581433 3
    endloop
  endfacet
  facet normal 0 0 1
    outer loop
      vertex -3 -5.19615 3
      vertex -7 -12.1244 3
      vertex -5.91666 -12.6883 3
    endloop
  endfacet
  facet normal 0 0 1
    outer loop
      vertex -6 0 3
      vertex -8.30647 0.148165 3
      vertex -8.3 0 3
    endloop
  endfacet
  facet normal 0 0 1
    outer loop
      vertex -5.97717 0.522934 3
      vertex -8.30647 0.148165 3
      vertex -6 0 3
    endloop
  endfacet
  facet normal 0 -0 1
    outer loop
      vertex -8.30647 0.148165 3
      vertex -5.97717 0.522934 3
      vertex -8.32583 0.295201 3
    endloop
  endfacet
  facet normal 0 -0 1
    outer loop
      vertex -8.32583 0.295201 3
      vertex -5.97717 0.522934 3
      vertex -8.35793 0.439992 3
    endloop
  endfacet
  facet normal 0 -0 1
    outer loop
      vertex -8.35793 0.439992 3
      vertex -5.97717 0.522934 3
      vertex -8.40252 0.581433 3
    endloop
  endfacet
  facet normal 0 0 1
    outer loop
      vertex -5.90885 1.04189 3
      vertex -8.40252 0.581433 3
      vertex -5.97717 0.522934 3
    endloop
  endfacet
  facet normal 0 -0 1
    outer loop
      vertex -8.40252 0.581433 3
      vertex -5.90885 1.04189 3
      vertex -8.45928 0.718451 3
    endloop
  endfacet
  facet normal 0 -0 1
    outer loop
      vertex -8.45928 0.718451 3
      vertex -5.90885 1.04189 3
      vertex -8.52776 0.849999 3
    endloop
  endfacet
  facet normal 0 0 1
    outer loop
      vertex -5.79555 1.55291 3
      vertex -8.52776 0.849999 3
      vertex -5.90885 1.04189 3
    endloop
  endfacet
  facet normal 0 -0 1
    outer loop
      vertex -8.52776 0.849999 3
      vertex -5.79555 1.55291 3
      vertex -8.60744 0.97508 3
    endloop
  endfacet
  facet normal 0 0 1
    outer loop
      vertex -7 12.1244 3
      vertex -9.02492 1.39256 3
      vertex -8.90726 1.30227 3
    endloop
  endfacet
  facet normal 0 0 1
    outer loop
      vertex -7 12.1244 3
      vertex -9.15 1.47224 3
      vertex -9.02492 1.39256 3
    endloop
  endfacet
  facet normal 0 0 1
    outer loop
      vertex -7 12.1244 3
      vertex -9.28155 1.54072 3
      vertex -9.15 1.47224 3
    endloop
  endfacet
  facet normal 0 0 1
    outer loop
      vertex -7 12.1244 3
      vertex -9.41857 1.59748 3
      vertex -9.28155 1.54072 3
    endloop
  endfacet
  facet normal 0 0 1
    outer loop
      vertex -7 12.1244 3
      vertex -9.56001 1.64207 3
      vertex -9.41857 1.59748 3
    endloop
  endfacet
  facet normal 0 0 1
    outer loop
      vertex -7 12.1244 3
      vertex -9.7048 1.67417 3
      vertex -9.56001 1.64207 3
    endloop
  endfacet
  facet normal -0 0 1
    outer loop
      vertex -14 8 3
      vertex -9.7048 1.67417 3
      vertex -7 12.1244 3
    endloop
  endfacet
  facet normal 0 0 1
    outer loop
      vertex -9.7048 1.67417 3
      vertex -14 8 3
      vertex -9.85183 1.69353 3
    endloop
  endfacet
  facet normal 0 0 1
    outer loop
      vertex -9.85183 1.69353 3
      vertex -14 8 3
      vertex -10 1.7 3
    endloop
  endfacet
  facet normal 0 0 1
    outer loop
      vertex -10 1.7 3
      vertex -14 8 3
      vertex -10.1482 1.69353 3
    endloop
  endfacet
  facet normal 0 0 1
    outer loop
      vertex -10.1482 1.69353 3
      vertex -14 8 3
      vertex -10.2952 1.67417 3
    endloop
  endfacet
  facet normal 0 0 1
    outer loop
      vertex -10.2952 1.67417 3
      vertex -14 8 3
      vertex -10.44 1.64207 3
    endloop
  endfacet
  facet normal 0 0 1
    outer loop
      vertex -10.44 1.64207 3
      vertex -14 8 3
      vertex -10.5814 1.59748 3
    endloop
  endfacet
  facet normal 0 0 1
    outer loop
      vertex -10.5814 1.59748 3
      vertex -14 8 3
      vertex -10.7185 1.54072 3
    endloop
  endfacet
  facet normal 0 0 1
    outer loop
      vertex -10.7185 1.54072 3
      vertex -14 8 3
      vertex -10.85 1.47224 3
    endloop
  endfacet
  facet normal 0 0 1
    outer loop
      vertex -10.85 1.47224 3
      vertex -14 8 3
      vertex -10.9751 1.39256 3
    endloop
  endfacet
  facet normal 0 0 1
    outer loop
      vertex -10.9751 1.39256 3
      vertex -14 8 3
      vertex -11.0927 1.30227 3
    endloop
  endfacet
  facet normal 0 0 1
    outer loop
      vertex -11.0927 1.30227 3
      vertex -14 8 3
      vertex -11.2021 1.20208 3
    endloop
  endfacet
  facet normal 0 0 1
    outer loop
      vertex -11.2021 1.20208 3
      vertex -14 8 3
      vertex -11.3023 1.09274 3
    endloop
  endfacet
  facet normal 0 0 1
    outer loop
      vertex -11.3023 1.09274 3
      vertex -14 8 3
      vertex -11.3926 0.97508 3
    endloop
  endfacet
  facet normal 0 0 1
    outer loop
      vertex -11.3926 0.97508 3
      vertex -14 8 3
      vertex -11.4722 0.849999 3
    endloop
  endfacet
  facet normal 0 0 1
    outer loop
      vertex -11.4722 0.849999 3
      vertex -14 8 3
      vertex -11.5407 0.718451 3
    endloop
  endfacet
  facet normal 0 0 1
    outer loop
      vertex -11.6935 0.148165 3
      vertex -14 8 3
      vertex -11.7 0 3
    endloop
  endfacet
  facet normal 0 0 1
    outer loop
      vertex -11.6742 0.295201 3
      vertex -14 8 3
      vertex -11.6935 0.148165 3
    endloop
  endfacet
  facet normal 0 0 1
    outer loop
      vertex -11.6421 0.439992 3
      vertex -14 8 3
      vertex -11.6742 0.295201 3
    endloop
  endfacet
  facet normal 0 0 1
    outer loop
      vertex -11.5975 0.581433 3
      vertex -14 8 3
      vertex -11.6421 0.439992 3
    endloop
  endfacet
  facet normal 0 0 1
    outer loop
      vertex -11.5407 0.718451 3
      vertex -14 8 3
      vertex -11.5975 0.581433 3
    endloop
  endfacet
  facet normal 0 0 1
    outer loop
      vertex 14 8 3
      vertex 11.7 0 3
      vertex 14 -8 3
    endloop
  endfacet
  facet normal 0 0 1
    outer loop
      vertex 14 8 3
      vertex 11.6935 0.148165 3
      vertex 11.7 0 3
    endloop
  endfacet
  facet normal 0 0 1
    outer loop
      vertex 14 8 3
      vertex 11.6742 0.295201 3
      vertex 11.6935 0.148165 3
    endloop
  endfacet
  facet normal 0 0 1
    outer loop
      vertex 14 8 3
      vertex 11.6421 0.439992 3
      vertex 11.6742 0.295201 3
    endloop
  endfacet
  facet normal 0 0 1
    outer loop
      vertex 14 8 3
      vertex 11.5975 0.581433 3
      vertex 11.6421 0.439992 3
    endloop
  endfacet
  facet normal 0 0 1
    outer loop
      vertex 14 8 3
      vertex 11.5407 0.718451 3
      vertex 11.5975 0.581433 3
    endloop
  endfacet
  facet normal 0 0 1
    outer loop
      vertex 14 8 3
      vertex 11.4722 0.849999 3
      vertex 11.5407 0.718451 3
    endloop
  endfacet
  facet normal 0 0 1
    outer loop
      vertex 14 8 3
      vertex 11.3926 0.97508 3
      vertex 11.4722 0.849999 3
    endloop
  endfacet
  facet normal 0 0 1
    outer loop
      vertex 14 8 3
      vertex 11.3023 1.09274 3
      vertex 11.3926 0.97508 3
    endloop
  endfacet
  facet normal 0 0 1
    outer loop
      vertex 14 8 3
      vertex 11.2021 1.20208 3
      vertex 11.3023 1.09274 3
    endloop
  endfacet
  facet normal 0 0 1
    outer loop
      vertex 14 8 3
      vertex 11.0927 1.30227 3
      vertex 11.2021 1.20208 3
    endloop
  endfacet
  facet normal 0 0 1
    outer loop
      vertex 14 8 3
      vertex 10.9751 1.39256 3
      vertex 11.0927 1.30227 3
    endloop
  endfacet
  facet normal 0 0 1
    outer loop
      vertex 14 8 3
      vertex 10.85 1.47224 3
      vertex 10.9751 1.39256 3
    endloop
  endfacet
  facet normal 0 0 1
    outer loop
      vertex 14 8 3
      vertex 10.7185 1.54072 3
      vertex 10.85 1.47224 3
    endloop
  endfacet
  facet normal 0 0 1
    outer loop
      vertex 14 8 3
      vertex 10.5814 1.59748 3
      vertex 10.7185 1.54072 3
    endloop
  endfacet
  facet normal 0 0 1
    outer loop
      vertex 14 8 3
      vertex 10.44 1.64207 3
      vertex 10.5814 1.59748 3
    endloop
  endfacet
  facet normal 0 0 1
    outer loop
      vertex 14 8 3
      vertex 10.2952 1.67417 3
      vertex 10.44 1.64207 3
    endloop
  endfacet
  facet normal 0 0 1
    outer loop
      vertex 14 8 3
      vertex 10.1482 1.69353 3
      vertex 10.2952 1.67417 3
    endloop
  endfacet
  facet normal 0 0 1
    outer loop
      vertex 14 8 3
      vertex 10 1.7 3
      vertex 10.1482 1.69353 3
    endloop
  endfacet
  facet normal 0 0 1
    outer loop
      vertex 14 8 3
      vertex 9.85183 1.69353 3
      vertex 10 1.7 3
    endloop
  endfacet
  facet normal 0 0 1
    outer loop
      vertex 14 8 3
      vertex 9.7048 1.67417 3
      vertex 9.85183 1.69353 3
    endloop
  endfacet
  facet normal -0 0 1
    outer loop
      vertex 5.19615 3 3
      vertex 9.7048 1.67417 3
      vertex 14 8 3
    endloop
  endfacet
  facet normal 0 0 1
    outer loop
      vertex 9.7048 1.67417 3
      vertex 5.19615 3 3
      vertex 9.56001 1.64207 3
    endloop
  endfacet
  facet normal 0 0 1
    outer loop
      vertex 9.56001 1.64207 3
      vertex 5.19615 3 3
      vertex 9.41857 1.59748 3
    endloop
  endfacet
  facet normal 0 0 1
    outer loop
      vertex 9.41857 1.59748 3
      vertex 5.19615 3 3
      vertex 9.28155 1.54072 3
    endloop
  endfacet
  facet normal -0 -0 1
    outer loop
      vertex 5.43785 2.53571 3
      vertex 9.28155 1.54072 3
      vertex 5.19615 3 3
    endloop
  endfacet
  facet normal 0 0 1
    outer loop
      vertex 9.28155 1.54072 3
      vertex 5.43785 2.53571 3
      vertex 9.15 1.47224 3
    endloop
  endfacet
  facet normal 0 0 1
    outer loop
      vertex 9.15 1.47224 3
      vertex 5.43785 2.53571 3
      vertex 9.02492 1.39256 3
    endloop
  endfacet
  facet normal -0 -0 1
    outer loop
      vertex 5.63815 2.05212 3
      vertex 9.02492 1.39256 3
      vertex 5.43785 2.53571 3
    endloop
  endfacet
  facet normal 0 0 1
    outer loop
      vertex 8.52776 0.849999 3
      vertex 5.90885 1.04189 3
      vertex 8.45928 0.718451 3
    endloop
  endfacet
  facet normal -0 -0 1
    outer loop
      vertex 5.90885 1.04189 3
      vertex 8.52776 0.849999 3
      vertex 5.79555 1.55291 3
    endloop
  endfacet
  facet normal 0 0 1
    outer loop
      vertex 8.60744 0.97508 3
      vertex 5.79555 1.55291 3
      vertex 8.52776 0.849999 3
    endloop
  endfacet
  facet normal 0 0 1
    outer loop
      vertex 8.69772 1.09274 3
      vertex 5.79555 1.55291 3
      vertex 8.60744 0.97508 3
    endloop
  endfacet
  facet normal -0 -0 1
    outer loop
      vertex 5.79555 1.55291 3
      vertex 8.69772 1.09274 3
      vertex 5.63815 2.05212 3
    endloop
  endfacet
  facet normal 0 0 1
    outer loop
      vertex 8.79792 1.20208 3
      vertex 5.63815 2.05212 3
      vertex 8.69772 1.09274 3
    endloop
  endfacet
  facet normal 0 0 1
    outer loop
      vertex 8.90726 1.30227 3
      vertex 5.63815 2.05212 3
      vertex 8.79792 1.20208 3
    endloop
  endfacet
  facet normal 0 0 1
    outer loop
      vertex 9.02492 1.39256 3
      vertex 5.63815 2.05212 3
      vertex 8.90726 1.30227 3
    endloop
  endfacet
  facet normal 0 0 1
    outer loop
      vertex 5.19615 3 3
      vertex 14 8 3
      vertex 7 12.1244 3
    endloop
  endfacet
  facet normal -0 0 1
    outer loop
      vertex 11.6935 -0.148165 3
      vertex 14 -8 3
      vertex 11.7 0 3
    endloop
  endfacet
  facet normal -0 0 1
    outer loop
      vertex 11.6742 -0.295201 3
      vertex 14 -8 3
      vertex 11.6935 -0.148165 3
    endloop
  endfacet
  facet normal -0 0 1
    outer loop
      vertex 11.6421 -0.439992 3
      vertex 14 -8 3
      vertex 11.6742 -0.295201 3
    endloop
  endfacet
  facet normal -0 0 1
    outer loop
      vertex 11.5975 -0.581433 3
      vertex 14 -8 3
      vertex 11.6421 -0.439992 3
    endloop
  endfacet
  facet normal -0 0 1
    outer loop
      vertex 11.5407 -0.718451 3
      vertex 14 -8 3
      vertex 11.5975 -0.581433 3
    endloop
  endfacet
  facet normal -0 0 1
    outer loop
      vertex 11.4722 -0.849999 3
      vertex 14 -8 3
      vertex 11.5407 -0.718451 3
    endloop
  endfacet
  facet normal -0 0 1
    outer loop
      vertex 11.3926 -0.97508 3
      vertex 14 -8 3
      vertex 11.4722 -0.849999 3
    endloop
  endfacet
  facet normal -0 0 1
    outer loop
      vertex 11.3023 -1.09274 3
      vertex 14 -8 3
      vertex 11.3926 -0.97508 3
    endloop
  endfacet
  facet normal -0 0 1
    outer loop
      vertex 11.2021 -1.20208 3
      vertex 14 -8 3
      vertex 11.3023 -1.09274 3
    endloop
  endfacet
  facet normal -0 0 1
    outer loop
      vertex 11.0927 -1.30227 3
      vertex 14 -8 3
      vertex 11.2021 -1.20208 3
    endloop
  endfacet
  facet normal -0 0 1
    outer loop
      vertex 10.9751 -1.39256 3
      vertex 14 -8 3
      vertex 11.0927 -1.30227 3
    endloop
  endfacet
  facet normal -0 0 1
    outer loop
      vertex 10.85 -1.47224 3
      vertex 14 -8 3
      vertex 10.9751 -1.39256 3
    endloop
  endfacet
  facet normal -0 0 1
    outer loop
      vertex 10.7185 -1.54072 3
      vertex 14 -8 3
      vertex 10.85 -1.47224 3
    endloop
  endfacet
  facet normal -0 0 1
    outer loop
      vertex 10.5814 -1.59748 3
      vertex 14 -8 3
      vertex 10.7185 -1.54072 3
    endloop
  endfacet
  facet normal -0 0 1
    outer loop
      vertex 10.44 -1.64207 3
      vertex 14 -8 3
      vertex 10.5814 -1.59748 3
    endloop
  endfacet
  facet normal -0 0 1
    outer loop
      vertex 10.2952 -1.67417 3
      vertex 14 -8 3
      vertex 10.44 -1.64207 3
    endloop
  endfacet
  facet normal -0 0 1
    outer loop
      vertex 10.1482 -1.69353 3
      vertex 14 -8 3
      vertex 10.2952 -1.67417 3
    endloop
  endfacet
  facet normal -0 0 1
    outer loop
      vertex 10 -1.7 3
      vertex 14 -8 3
      vertex 10.1482 -1.69353 3
    endloop
  endfacet
  facet normal 0 0 1
    outer loop
      vertex 9.85183 -1.69353 3
      vertex 14 -8 3
      vertex 10 -1.7 3
    endloop
  endfacet
  facet normal 0 0 1
    outer loop
      vertex 9.7048 -1.67417 3
      vertex 14 -8 3
      vertex 9.85183 -1.69353 3
    endloop
  endfacet
  facet normal 0 0 1
    outer loop
      vertex 7 -12.1244 3
      vertex 9.7048 -1.67417 3
      vertex 9.56001 -1.64207 3
    endloop
  endfacet
  facet normal 0 0 1
    outer loop
      vertex 7 -12.1244 3
      vertex 9.56001 -1.64207 3
      vertex 9.41857 -1.59748 3
    endloop
  endfacet
  facet normal 0 0 1
    outer loop
      vertex 7 -12.1244 3
      vertex 9.41857 -1.59748 3
      vertex 9.28155 -1.54072 3
    endloop
  endfacet
  facet normal 0 0 1
    outer loop
      vertex 7 -12.1244 3
      vertex 9.28155 -1.54072 3
      vertex 9.15 -1.47224 3
    endloop
  endfacet
  facet normal 0 0 1
    outer loop
      vertex 7 -12.1244 3
      vertex 9.15 -1.47224 3
      vertex 9.02492 -1.39256 3
    endloop
  endfacet
  facet normal 0 0 1
    outer loop
      vertex 5.63815 -2.05212 3
      vertex 8.69772 -1.09274 3
      vertex 5.79555 -1.55291 3
    endloop
  endfacet
  facet normal 0 0 1
    outer loop
      vertex 8.52776 -0.849999 3
      vertex 5.79555 -1.55291 3
      vertex 8.60744 -0.97508 3
    endloop
  endfacet
  facet normal 0 0 1
    outer loop
      vertex 5.79555 -1.55291 3
      vertex 8.52776 -0.849999 3
      vertex 5.90885 -1.04189 3
    endloop
  endfacet
  facet normal 0 0 1
    outer loop
      vertex 8.45928 0.718451 3
      vertex 5.90885 1.04189 3
      vertex 8.40252 0.581433 3
    endloop
  endfacet
  facet normal 0 0 1
    outer loop
      vertex 9.7048 -1.67417 3
      vertex 7 -12.1244 3
      vertex 14 -8 3
    endloop
  endfacet
  facet normal 0 0 1
    outer loop
      vertex 8.45928 -0.718451 3
      vertex 5.90885 -1.04189 3
      vertex 8.52776 -0.849999 3
    endloop
  endfacet
  facet normal 0 0 1
    outer loop
      vertex 8.40252 -0.581433 3
      vertex 5.90885 -1.04189 3
      vertex 8.45928 -0.718451 3
    endloop
  endfacet
  facet normal 0 0 1
    outer loop
      vertex 5.90885 -1.04189 3
      vertex 8.40252 -0.581433 3
      vertex 5.97717 -0.522934 3
    endloop
  endfacet
  facet normal 0 0 1
    outer loop
      vertex 8.35793 -0.439992 3
      vertex 5.97717 -0.522934 3
      vertex 8.40252 -0.581433 3
    endloop
  endfacet
  facet normal 0 0 1
    outer loop
      vertex 8.32583 -0.295201 3
      vertex 5.97717 -0.522934 3
      vertex 8.35793 -0.439992 3
    endloop
  endfacet
  facet normal 0 0 1
    outer loop
      vertex 8.30647 -0.148165 3
      vertex 5.97717 -0.522934 3
      vertex 8.32583 -0.295201 3
    endloop
  endfacet
  facet normal 0 0 1
    outer loop
      vertex 5.97717 -0.522934 3
      vertex 8.30647 -0.148165 3
      vertex 6 0 3
    endloop
  endfacet
  facet normal 0 -0 1
    outer loop
      vertex 5.97717 0.522934 3
      vertex 8.40252 0.581433 3
      vertex 5.90885 1.04189 3
    endloop
  endfacet
  facet normal 0 0 1
    outer loop
      vertex 8.60744 -0.97508 3
      vertex 5.79555 -1.55291 3
      vertex 8.69772 -1.09274 3
    endloop
  endfacet
  facet normal 0 0 1
    outer loop
      vertex 8.3 0 3
      vertex 6 0 3
      vertex 8.30647 -0.148165 3
    endloop
  endfacet
  facet normal 0 0 1
    outer loop
      vertex 3 5.19615 3
      vertex 7 12.1244 3
      vertex 5.91666 12.6883 3
    endloop
  endfacet
  facet normal 0 0 1
    outer loop
      vertex 8.30647 0.148165 3
      vertex 6 0 3
      vertex 8.3 0 3
    endloop
  endfacet
  facet normal 0 -0 1
    outer loop
      vertex 6 0 3
      vertex 8.30647 0.148165 3
      vertex 5.97717 0.522934 3
    endloop
  endfacet
  facet normal 0 0 1
    outer loop
      vertex 8.32583 0.295201 3
      vertex 5.97717 0.522934 3
      vertex 8.30647 0.148165 3
    endloop
  endfacet
  facet normal 0 0 1
    outer loop
      vertex 8.35793 0.439992 3
      vertex 5.97717 0.522934 3
      vertex 8.32583 0.295201 3
    endloop
  endfacet
  facet normal 0 0 1
    outer loop
      vertex 8.40252 0.581433 3
      vertex 5.97717 0.522934 3
      vertex 8.35793 0.439992 3
    endloop
  endfacet
  facet normal 0 0 1
    outer loop
      vertex 7 12.1244 3
      vertex 4.91491 3.44146 3
      vertex 5.19615 3 3
    endloop
  endfacet
  facet normal 0 0 1
    outer loop
      vertex 2.53571 5.43785 3
      vertex 5.91666 12.6883 3
      vertex 4.78828 13.1557 3
    endloop
  endfacet
  facet normal 0 0 1
    outer loop
      vertex 7 12.1244 3
      vertex 4.59627 3.85672 3
      vertex 4.91491 3.44146 3
    endloop
  endfacet
  facet normal 0 0 1
    outer loop
      vertex 7 12.1244 3
      vertex 4.24264 4.24264 3
      vertex 4.59627 3.85672 3
    endloop
  endfacet
  facet normal 0 0 1
    outer loop
      vertex 7 12.1244 3
      vertex 3.85672 4.59627 3
      vertex 4.24264 4.24264 3
    endloop
  endfacet
  facet normal 0 0 1
    outer loop
      vertex 2.05212 5.63815 3
      vertex 4.78828 13.1557 3
      vertex 3.62347 13.523 3
    endloop
  endfacet
  facet normal 0 0 1
    outer loop
      vertex 7 12.1244 3
      vertex 3.44146 4.91491 3
      vertex 3.85672 4.59627 3
    endloop
  endfacet
  facet normal 0 0 1
    outer loop
      vertex 7 12.1244 3
      vertex 3 5.19615 3
      vertex 3.44146 4.91491 3
    endloop
  endfacet
  facet normal 0 0 1
    outer loop
      vertex 5.91666 12.6883 3
      vertex 2.53571 5.43785 3
      vertex 3 5.19615 3
    endloop
  endfacet
  facet normal 0 0 1
    outer loop
      vertex 1.55291 5.79555 3
      vertex 3.62347 13.523 3
      vertex 2.43107 13.7873 3
    endloop
  endfacet
  facet normal 0 0 1
    outer loop
      vertex 4.78828 13.1557 3
      vertex 2.05212 5.63815 3
      vertex 2.53571 5.43785 3
    endloop
  endfacet
  facet normal 0 0 1
    outer loop
      vertex 3.62347 13.523 3
      vertex 1.55291 5.79555 3
      vertex 2.05212 5.63815 3
    endloop
  endfacet
  facet normal 0 0 1
    outer loop
      vertex 1.04189 5.90885 3
      vertex 2.43107 13.7873 3
      vertex 1.22018 13.9467 3
    endloop
  endfacet
  facet normal 0 0 1
    outer loop
      vertex 2.43107 13.7873 3
      vertex 1.04189 5.90885 3
      vertex 1.55291 5.79555 3
    endloop
  endfacet
  facet normal 0 0 1
    outer loop
      vertex 1.22018 13.9467 3
      vertex 0.522934 5.97717 3
      vertex 1.04189 5.90885 3
    endloop
  endfacet
  facet normal 0 0 1
    outer loop
      vertex 0 14 3
      vertex 0.522934 5.97717 3
      vertex 1.22018 13.9467 3
    endloop
  endfacet
  facet normal 0 0 1
    outer loop
      vertex 0 14 3
      vertex 0 6 3
      vertex 0.522934 5.97717 3
    endloop
  endfacet
  facet normal 0 0 1
    outer loop
      vertex 0 14 3
      vertex -0.522934 5.97717 3
      vertex 0 6 3
    endloop
  endfacet
  facet normal -0 0 1
    outer loop
      vertex -1.22018 13.9467 3
      vertex -0.522934 5.97717 3
      vertex 0 14 3
    endloop
  endfacet
  facet normal 0 0 1
    outer loop
      vertex -0.522934 5.97717 3
      vertex -1.22018 13.9467 3
      vertex -1.04189 5.90885 3
    endloop
  endfacet
  facet normal -0 0 1
    outer loop
      vertex -2.43107 13.7873 3
      vertex -1.04189 5.90885 3
      vertex -1.22018 13.9467 3
    endloop
  endfacet
  facet normal 0 0 1
    outer loop
      vertex -1.04189 5.90885 3
      vertex -2.43107 13.7873 3
      vertex -1.55291 5.79555 3
    endloop
  endfacet
  facet normal -0 0 1
    outer loop
      vertex -3.62347 13.523 3
      vertex -1.55291 5.79555 3
      vertex -2.43107 13.7873 3
    endloop
  endfacet
  facet normal 0 0 1
    outer loop
      vertex -1.55291 5.79555 3
      vertex -3.62347 13.523 3
      vertex -2.05212 5.63815 3
    endloop
  endfacet
  facet normal -0 0 1
    outer loop
      vertex -4.78828 13.1557 3
      vertex -2.05212 5.63815 3
      vertex -3.62347 13.523 3
    endloop
  endfacet
  facet normal 0 0 1
    outer loop
      vertex -2.05212 5.63815 3
      vertex -4.78828 13.1557 3
      vertex -2.53571 5.43785 3
    endloop
  endfacet
  facet normal -0 0 1
    outer loop
      vertex -5.91666 12.6883 3
      vertex -2.53571 5.43785 3
      vertex -4.78828 13.1557 3
    endloop
  endfacet
  facet normal 0 0 1
    outer loop
      vertex -2.53571 5.43785 3
      vertex -5.91666 12.6883 3
      vertex -3 5.19615 3
    endloop
  endfacet
  facet normal -0 0 1
    outer loop
      vertex -7 12.1244 3
      vertex -3 5.19615 3
      vertex -5.91666 12.6883 3
    endloop
  endfacet
  facet normal 0 0 1
    outer loop
      vertex -3 5.19615 3
      vertex -7 12.1244 3
      vertex -3.44146 4.91491 3
    endloop
  endfacet
  facet normal 0 0 1
    outer loop
      vertex -3.44146 4.91491 3
      vertex -7 12.1244 3
      vertex -3.85672 4.59627 3
    endloop
  endfacet
  facet normal 0 0 1
    outer loop
      vertex -3.85672 4.59627 3
      vertex -7 12.1244 3
      vertex -4.24264 4.24264 3
    endloop
  endfacet
  facet normal 0 0 1
    outer loop
      vertex -4.24264 4.24264 3
      vertex -7 12.1244 3
      vertex -4.59627 3.85672 3
    endloop
  endfacet
  facet normal 0 0 1
    outer loop
      vertex -4.59627 3.85672 3
      vertex -7 12.1244 3
      vertex -4.91491 3.44146 3
    endloop
  endfacet
  facet normal 0 0 1
    outer loop
      vertex -8.90726 1.30227 3
      vertex -4.91491 3.44146 3
      vertex -7 12.1244 3
    endloop
  endfacet
  facet normal 0 0 1
    outer loop
      vertex -4.91491 3.44146 3
      vertex -8.90726 1.30227 3
      vertex -5.19615 3 3
    endloop
  endfacet
  facet normal 0 0 1
    outer loop
      vertex -5.19615 3 3
      vertex -8.90726 1.30227 3
      vertex -5.43785 2.53571 3
    endloop
  endfacet
  facet normal 0 0 1
    outer loop
      vertex -5.43785 2.53571 3
      vertex -8.90726 1.30227 3
      vertex -5.63815 2.05212 3
    endloop
  endfacet
  facet normal 0 -0 1
    outer loop
      vertex -8.79792 1.20208 3
      vertex -5.63815 2.05212 3
      vertex -8.90726 1.30227 3
    endloop
  endfacet
  facet normal 0 -0 1
    outer loop
      vertex -8.69772 1.09274 3
      vertex -5.63815 2.05212 3
      vertex -8.79792 1.20208 3
    endloop
  endfacet
  facet normal 0 0 1
    outer loop
      vertex -5.63815 2.05212 3
      vertex -8.69772 1.09274 3
      vertex -5.79555 1.55291 3
    endloop
  endfacet
  facet normal -0.793354 0.608761 0
    outer loop
      vertex 4.59627 -3.85672 0
      vertex 4.91491 -3.44146 3
      vertex 4.91491 -3.44146 0
    endloop
  endfacet
  facet normal -0.793354 0.608761 0
    outer loop
      vertex 4.91491 -3.44146 3
      vertex 4.59627 -3.85672 0
      vertex 4.59627 -3.85672 3
    endloop
  endfacet
  facet normal -0.991445 -0.130523 0
    outer loop
      vertex 5.97717 0.522934 0
      vertex 5.90885 1.04189 3
      vertex 5.90885 1.04189 0
    endloop
  endfacet
  facet normal -0.991445 -0.130523 0
    outer loop
      vertex 5.90885 1.04189 3
      vertex 5.97717 0.522934 0
      vertex 5.97717 0.522934 3
    endloop
  endfacet
  facet normal -0.999048 -0.043616 0
    outer loop
      vertex 6 0 0
      vertex 5.97717 0.522934 3
      vertex 5.97717 0.522934 0
    endloop
  endfacet
  facet normal -0.999048 -0.043616 0
    outer loop
      vertex 5.97717 0.522934 3
      vertex 6 0 0
      vertex 6 0 3
    endloop
  endfacet
  facet normal -0.976292 -0.216457 0
    outer loop
      vertex 5.90885 1.04189 0
      vertex 5.79555 1.55291 3
      vertex 5.79555 1.55291 0
    endloop
  endfacet
  facet normal -0.976292 -0.216457 0
    outer loop
      vertex 5.79555 1.55291 3
      vertex 5.90885 1.04189 0
      vertex 5.90885 1.04189 3
    endloop
  endfacet
  facet normal 0.608761 0.793354 -0
    outer loop
      vertex -3.44146 -4.91491 0
      vertex -3.85672 -4.59627 3
      vertex -3.44146 -4.91491 3
    endloop
  endfacet
  facet normal 0.608761 0.793354 0
    outer loop
      vertex -3.85672 -4.59627 3
      vertex -3.44146 -4.91491 0
      vertex -3.85672 -4.59627 0
    endloop
  endfacet
  facet normal 0.216457 0.976292 -0
    outer loop
      vertex -1.04189 -5.90885 0
      vertex -1.55291 -5.79555 3
      vertex -1.04189 -5.90885 3
    endloop
  endfacet
  facet normal 0.216457 0.976292 0
    outer loop
      vertex -1.55291 -5.79555 3
      vertex -1.04189 -5.90885 0
      vertex -1.55291 -5.79555 0
    endloop
  endfacet
  facet normal -0.382668 0.923886 0
    outer loop
      vertex 2.53571 -5.43785 0
      vertex 2.05212 -5.63815 3
      vertex 2.53571 -5.43785 3
    endloop
  endfacet
  facet normal -0.382668 0.923886 0
    outer loop
      vertex 2.05212 -5.63815 3
      vertex 2.53571 -5.43785 0
      vertex 2.05212 -5.63815 0
    endloop
  endfacet
  facet normal 0.461758 0.887006 -0
    outer loop
      vertex -2.53571 -5.43785 0
      vertex -3 -5.19615 3
      vertex -2.53571 -5.43785 3
    endloop
  endfacet
  facet normal 0.461758 0.887006 0
    outer loop
      vertex -3 -5.19615 3
      vertex -2.53571 -5.43785 0
      vertex -3 -5.19615 0
    endloop
  endfacet
  facet normal 0.67559 0.737278 -0
    outer loop
      vertex -3.85672 -4.59627 0
      vertex -4.24264 -4.24264 3
      vertex -3.85672 -4.59627 3
    endloop
  endfacet
  facet normal 0.67559 0.737278 0
    outer loop
      vertex -4.24264 -4.24264 3
      vertex -3.85672 -4.59627 0
      vertex -4.24264 -4.24264 0
    endloop
  endfacet
  facet normal -0.953717 0.300705 0
    outer loop
      vertex 5.63815 -2.05212 0
      vertex 5.79555 -1.55291 3
      vertex 5.79555 -1.55291 0
    endloop
  endfacet
  facet normal -0.953717 0.300705 0
    outer loop
      vertex 5.79555 -1.55291 3
      vertex 5.63815 -2.05212 0
      vertex 5.63815 -2.05212 3
    endloop
  endfacet
  facet normal 0.953717 -0.300705 0
    outer loop
      vertex -5.79555 1.55291 3
      vertex -5.63815 2.05212 0
      vertex -5.63815 2.05212 3
    endloop
  endfacet
  facet normal 0.953717 -0.300705 0
    outer loop
      vertex -5.63815 2.05212 0
      vertex -5.79555 1.55291 3
      vertex -5.79555 1.55291 0
    endloop
  endfacet
  facet normal -0.130523 0.991445 0
    outer loop
      vertex 1.04189 -5.90885 0
      vertex 0.522934 -5.97717 3
      vertex 1.04189 -5.90885 3
    endloop
  endfacet
  facet normal -0.130523 0.991445 0
    outer loop
      vertex 0.522934 -5.97717 3
      vertex 1.04189 -5.90885 0
      vertex 0.522934 -5.97717 0
    endloop
  endfacet
  facet normal 0.737278 -0.67559 0
    outer loop
      vertex -4.59627 3.85672 3
      vertex -4.24264 4.24264 0
      vertex -4.24264 4.24264 3
    endloop
  endfacet
  facet normal 0.737278 -0.67559 0
    outer loop
      vertex -4.24264 4.24264 0
      vertex -4.59627 3.85672 3
      vertex -4.59627 3.85672 0
    endloop
  endfacet
  facet normal -0.537298 0.843392 0
    outer loop
      vertex 3.44146 -4.91491 0
      vertex 3 -5.19615 3
      vertex 3.44146 -4.91491 3
    endloop
  endfacet
  facet normal -0.537298 0.843392 0
    outer loop
      vertex 3 -5.19615 3
      vertex 3.44146 -4.91491 0
      vertex 3 -5.19615 0
    endloop
  endfacet
  facet normal -0.382668 -0.923886 0
    outer loop
      vertex 2.05212 5.63815 0
      vertex 2.53571 5.43785 3
      vertex 2.05212 5.63815 3
    endloop
  endfacet
  facet normal -0.382668 -0.923886 -0
    outer loop
      vertex 2.53571 5.43785 3
      vertex 2.05212 5.63815 0
      vertex 2.53571 5.43785 0
    endloop
  endfacet
  facet normal 0.608761 -0.793354 0
    outer loop
      vertex -3.85672 4.59627 0
      vertex -3.44146 4.91491 3
      vertex -3.85672 4.59627 3
    endloop
  endfacet
  facet normal 0.608761 -0.793354 0
    outer loop
      vertex -3.44146 4.91491 3
      vertex -3.85672 4.59627 0
      vertex -3.44146 4.91491 0
    endloop
  endfacet
  facet normal 0.382668 -0.923886 0
    outer loop
      vertex -2.53571 5.43785 0
      vertex -2.05212 5.63815 3
      vertex -2.53571 5.43785 3
    endloop
  endfacet
  facet normal 0.382668 -0.923886 0
    outer loop
      vertex -2.05212 5.63815 3
      vertex -2.53571 5.43785 0
      vertex -2.05212 5.63815 0
    endloop
  endfacet
  facet normal -0.67559 -0.737278 0
    outer loop
      vertex 3.85672 4.59627 0
      vertex 4.24264 4.24264 3
      vertex 3.85672 4.59627 3
    endloop
  endfacet
  facet normal -0.67559 -0.737278 -0
    outer loop
      vertex 4.24264 4.24264 3
      vertex 3.85672 4.59627 0
      vertex 4.24264 4.24264 0
    endloop
  endfacet
  facet normal -0.608761 -0.793354 0
    outer loop
      vertex 3.44146 4.91491 0
      vertex 3.85672 4.59627 3
      vertex 3.44146 4.91491 3
    endloop
  endfacet
  facet normal -0.608761 -0.793354 -0
    outer loop
      vertex 3.85672 4.59627 3
      vertex 3.44146 4.91491 0
      vertex 3.85672 4.59627 0
    endloop
  endfacet
  facet normal 0.843392 0.537298 0
    outer loop
      vertex -4.91491 -3.44146 3
      vertex -5.19615 -3 0
      vertex -5.19615 -3 3
    endloop
  endfacet
  facet normal 0.843392 0.537298 0
    outer loop
      vertex -5.19615 -3 0
      vertex -4.91491 -3.44146 3
      vertex -4.91491 -3.44146 0
    endloop
  endfacet
  facet normal 0.043616 0.999048 -0
    outer loop
      vertex 0 -6 0
      vertex -0.522934 -5.97717 3
      vertex 0 -6 3
    endloop
  endfacet
  facet normal 0.043616 0.999048 0
    outer loop
      vertex -0.522934 -5.97717 3
      vertex 0 -6 0
      vertex -0.522934 -5.97717 0
    endloop
  endfacet
  facet normal -0.843392 -0.537298 0
    outer loop
      vertex 5.19615 3 0
      vertex 4.91491 3.44146 3
      vertex 4.91491 3.44146 0
    endloop
  endfacet
  facet normal -0.843392 -0.537298 0
    outer loop
      vertex 4.91491 3.44146 3
      vertex 5.19615 3 0
      vertex 5.19615 3 3
    endloop
  endfacet
  facet normal -0.953717 -0.300705 0
    outer loop
      vertex 5.79555 1.55291 0
      vertex 5.63815 2.05212 3
      vertex 5.63815 2.05212 0
    endloop
  endfacet
  facet normal -0.953717 -0.300705 0
    outer loop
      vertex 5.63815 2.05212 3
      vertex 5.79555 1.55291 0
      vertex 5.79555 1.55291 3
    endloop
  endfacet
  facet normal 0.537298 0.843392 -0
    outer loop
      vertex -3 -5.19615 0
      vertex -3.44146 -4.91491 3
      vertex -3 -5.19615 3
    endloop
  endfacet
  facet normal 0.537298 0.843392 0
    outer loop
      vertex -3.44146 -4.91491 3
      vertex -3 -5.19615 0
      vertex -3.44146 -4.91491 0
    endloop
  endfacet
  facet normal 0.793354 0.608761 0
    outer loop
      vertex -4.59627 -3.85672 3
      vertex -4.91491 -3.44146 0
      vertex -4.91491 -3.44146 3
    endloop
  endfacet
  facet normal 0.793354 0.608761 0
    outer loop
      vertex -4.91491 -3.44146 0
      vertex -4.59627 -3.85672 3
      vertex -4.59627 -3.85672 0
    endloop
  endfacet
  facet normal 0.130523 -0.991445 0
    outer loop
      vertex -1.04189 5.90885 0
      vertex -0.522934 5.97717 3
      vertex -1.04189 5.90885 3
    endloop
  endfacet
  facet normal 0.130523 -0.991445 0
    outer loop
      vertex -0.522934 5.97717 3
      vertex -1.04189 5.90885 0
      vertex -0.522934 5.97717 0
    endloop
  endfacet
  facet normal 0.887006 0.461758 0
    outer loop
      vertex -5.19615 -3 3
      vertex -5.43785 -2.53571 0
      vertex -5.43785 -2.53571 3
    endloop
  endfacet
  facet normal 0.887006 0.461758 0
    outer loop
      vertex -5.43785 -2.53571 0
      vertex -5.19615 -3 3
      vertex -5.19615 -3 0
    endloop
  endfacet
  facet normal 0.300705 0.953717 -0
    outer loop
      vertex -1.55291 -5.79555 0
      vertex -2.05212 -5.63815 3
      vertex -1.55291 -5.79555 3
    endloop
  endfacet
  facet normal 0.300705 0.953717 0
    outer loop
      vertex -2.05212 -5.63815 3
      vertex -1.55291 -5.79555 0
      vertex -2.05212 -5.63815 0
    endloop
  endfacet
  facet normal 0.923886 0.382668 0
    outer loop
      vertex -5.43785 -2.53571 3
      vertex -5.63815 -2.05212 0
      vertex -5.63815 -2.05212 3
    endloop
  endfacet
  facet normal 0.923886 0.382668 0
    outer loop
      vertex -5.63815 -2.05212 0
      vertex -5.43785 -2.53571 3
      vertex -5.43785 -2.53571 0
    endloop
  endfacet
  facet normal -0.999048 0.043616 0
    outer loop
      vertex 5.97717 -0.522934 0
      vertex 6 0 3
      vertex 6 0 0
    endloop
  endfacet
  facet normal -0.999048 0.043616 0
    outer loop
      vertex 6 0 3
      vertex 5.97717 -0.522934 0
      vertex 5.97717 -0.522934 3
    endloop
  endfacet
  facet normal -0.887006 0.461758 0
    outer loop
      vertex 5.19615 -3 0
      vertex 5.43785 -2.53571 3
      vertex 5.43785 -2.53571 0
    endloop
  endfacet
  facet normal -0.887006 0.461758 0
    outer loop
      vertex 5.43785 -2.53571 3
      vertex 5.19615 -3 0
      vertex 5.19615 -3 3
    endloop
  endfacet
  facet normal 0.537298 -0.843392 0
    outer loop
      vertex -3.44146 4.91491 0
      vertex -3 5.19615 3
      vertex -3.44146 4.91491 3
    endloop
  endfacet
  facet normal 0.537298 -0.843392 0
    outer loop
      vertex -3 5.19615 3
      vertex -3.44146 4.91491 0
      vertex -3 5.19615 0
    endloop
  endfacet
  facet normal 0.887006 -0.461758 0
    outer loop
      vertex -5.43785 2.53571 3
      vertex -5.19615 3 0
      vertex -5.19615 3 3
    endloop
  endfacet
  facet normal 0.887006 -0.461758 0
    outer loop
      vertex -5.19615 3 0
      vertex -5.43785 2.53571 3
      vertex -5.43785 2.53571 0
    endloop
  endfacet
  facet normal 0.976292 0.216457 0
    outer loop
      vertex -5.79555 -1.55291 3
      vertex -5.90885 -1.04189 0
      vertex -5.90885 -1.04189 3
    endloop
  endfacet
  facet normal 0.976292 0.216457 0
    outer loop
      vertex -5.90885 -1.04189 0
      vertex -5.79555 -1.55291 3
      vertex -5.79555 -1.55291 0
    endloop
  endfacet
  facet normal -0.537298 -0.843392 0
    outer loop
      vertex 3 5.19615 0
      vertex 3.44146 4.91491 3
      vertex 3 5.19615 3
    endloop
  endfacet
  facet normal -0.537298 -0.843392 -0
    outer loop
      vertex 3.44146 4.91491 3
      vertex 3 5.19615 0
      vertex 3.44146 4.91491 0
    endloop
  endfacet
  facet normal 0.216457 -0.976292 0
    outer loop
      vertex -1.55291 5.79555 0
      vertex -1.04189 5.90885 3
      vertex -1.55291 5.79555 3
    endloop
  endfacet
  facet normal 0.216457 -0.976292 0
    outer loop
      vertex -1.04189 5.90885 3
      vertex -1.55291 5.79555 0
      vertex -1.04189 5.90885 0
    endloop
  endfacet
  facet normal -0.043616 0.999048 0
    outer loop
      vertex 0.522934 -5.97717 0
      vertex 0 -6 3
      vertex 0.522934 -5.97717 3
    endloop
  endfacet
  facet normal -0.043616 0.999048 0
    outer loop
      vertex 0 -6 3
      vertex 0.522934 -5.97717 0
      vertex 0 -6 0
    endloop
  endfacet
  facet normal -0.843392 0.537298 0
    outer loop
      vertex 4.91491 -3.44146 0
      vertex 5.19615 -3 3
      vertex 5.19615 -3 0
    endloop
  endfacet
  facet normal -0.843392 0.537298 0
    outer loop
      vertex 5.19615 -3 3
      vertex 4.91491 -3.44146 0
      vertex 4.91491 -3.44146 3
    endloop
  endfacet
  facet normal -0.043616 -0.999048 0
    outer loop
      vertex 0 6 0
      vertex 0.522934 5.97717 3
      vertex 0 6 3
    endloop
  endfacet
  facet normal -0.043616 -0.999048 -0
    outer loop
      vertex 0.522934 5.97717 3
      vertex 0 6 0
      vertex 0.522934 5.97717 0
    endloop
  endfacet
  facet normal -0.737278 -0.67559 0
    outer loop
      vertex 4.59627 3.85672 0
      vertex 4.24264 4.24264 3
      vertex 4.24264 4.24264 0
    endloop
  endfacet
  facet normal -0.737278 -0.67559 0
    outer loop
      vertex 4.24264 4.24264 3
      vertex 4.59627 3.85672 0
      vertex 4.59627 3.85672 3
    endloop
  endfacet
  facet normal -0.887006 -0.461758 0
    outer loop
      vertex 5.43785 2.53571 0
      vertex 5.19615 3 3
      vertex 5.19615 3 0
    endloop
  endfacet
  facet normal -0.887006 -0.461758 0
    outer loop
      vertex 5.19615 3 3
      vertex 5.43785 2.53571 0
      vertex 5.43785 2.53571 3
    endloop
  endfacet
  facet normal -0.923886 0.382668 0
    outer loop
      vertex 5.43785 -2.53571 0
      vertex 5.63815 -2.05212 3
      vertex 5.63815 -2.05212 0
    endloop
  endfacet
  facet normal -0.923886 0.382668 0
    outer loop
      vertex 5.63815 -2.05212 3
      vertex 5.43785 -2.53571 0
      vertex 5.43785 -2.53571 3
    endloop
  endfacet
  facet normal -0.461758 -0.887006 0
    outer loop
      vertex 2.53571 5.43785 0
      vertex 3 5.19615 3
      vertex 2.53571 5.43785 3
    endloop
  endfacet
  facet normal -0.461758 -0.887006 -0
    outer loop
      vertex 3 5.19615 3
      vertex 2.53571 5.43785 0
      vertex 3 5.19615 0
    endloop
  endfacet
  facet normal -0.737278 0.67559 0
    outer loop
      vertex 4.24264 -4.24264 0
      vertex 4.59627 -3.85672 3
      vertex 4.59627 -3.85672 0
    endloop
  endfacet
  facet normal -0.737278 0.67559 0
    outer loop
      vertex 4.59627 -3.85672 3
      vertex 4.24264 -4.24264 0
      vertex 4.24264 -4.24264 3
    endloop
  endfacet
  facet normal -0.608761 0.793354 0
    outer loop
      vertex 3.85672 -4.59627 0
      vertex 3.44146 -4.91491 3
      vertex 3.85672 -4.59627 3
    endloop
  endfacet
  facet normal -0.608761 0.793354 0
    outer loop
      vertex 3.44146 -4.91491 3
      vertex 3.85672 -4.59627 0
      vertex 3.44146 -4.91491 0
    endloop
  endfacet
  facet normal 0.461758 -0.887006 0
    outer loop
      vertex -3 5.19615 0
      vertex -2.53571 5.43785 3
      vertex -3 5.19615 3
    endloop
  endfacet
  facet normal 0.461758 -0.887006 0
    outer loop
      vertex -2.53571 5.43785 3
      vertex -3 5.19615 0
      vertex -2.53571 5.43785 0
    endloop
  endfacet
  facet normal -0.923886 -0.382668 0
    outer loop
      vertex 5.63815 2.05212 0
      vertex 5.43785 2.53571 3
      vertex 5.43785 2.53571 0
    endloop
  endfacet
  facet normal -0.923886 -0.382668 0
    outer loop
      vertex 5.43785 2.53571 3
      vertex 5.63815 2.05212 0
      vertex 5.63815 2.05212 3
    endloop
  endfacet
  facet normal 0.991445 -0.130523 0
    outer loop
      vertex -5.97717 0.522934 3
      vertex -5.90885 1.04189 0
      vertex -5.90885 1.04189 3
    endloop
  endfacet
  facet normal 0.991445 -0.130523 0
    outer loop
      vertex -5.90885 1.04189 0
      vertex -5.97717 0.522934 3
      vertex -5.97717 0.522934 0
    endloop
  endfacet
  facet normal -0.300705 -0.953717 0
    outer loop
      vertex 1.55291 5.79555 0
      vertex 2.05212 5.63815 3
      vertex 1.55291 5.79555 3
    endloop
  endfacet
  facet normal -0.300705 -0.953717 -0
    outer loop
      vertex 2.05212 5.63815 3
      vertex 1.55291 5.79555 0
      vertex 2.05212 5.63815 0
    endloop
  endfacet
  facet normal 0.67559 -0.737278 0
    outer loop
      vertex -4.24264 4.24264 0
      vertex -3.85672 4.59627 3
      vertex -4.24264 4.24264 3
    endloop
  endfacet
  facet normal 0.67559 -0.737278 0
    outer loop
      vertex -3.85672 4.59627 3
      vertex -4.24264 4.24264 0
      vertex -3.85672 4.59627 0
    endloop
  endfacet
  facet normal -0.793354 -0.608761 0
    outer loop
      vertex 4.91491 3.44146 0
      vertex 4.59627 3.85672 3
      vertex 4.59627 3.85672 0
    endloop
  endfacet
  facet normal -0.793354 -0.608761 0
    outer loop
      vertex 4.59627 3.85672 3
      vertex 4.91491 3.44146 0
      vertex 4.91491 3.44146 3
    endloop
  endfacet
  facet normal -0.461758 0.887006 0
    outer loop
      vertex 3 -5.19615 0
      vertex 2.53571 -5.43785 3
      vertex 3 -5.19615 3
    endloop
  endfacet
  facet normal -0.461758 0.887006 0
    outer loop
      vertex 2.53571 -5.43785 3
      vertex 3 -5.19615 0
      vertex 2.53571 -5.43785 0
    endloop
  endfacet
  facet normal 0.300705 -0.953717 0
    outer loop
      vertex -2.05212 5.63815 0
      vertex -1.55291 5.79555 3
      vertex -2.05212 5.63815 3
    endloop
  endfacet
  facet normal 0.300705 -0.953717 0
    outer loop
      vertex -1.55291 5.79555 3
      vertex -2.05212 5.63815 0
      vertex -1.55291 5.79555 0
    endloop
  endfacet
  facet normal 0.999048 0.043616 0
    outer loop
      vertex -5.97717 -0.522934 3
      vertex -6 0 0
      vertex -6 0 3
    endloop
  endfacet
  facet normal 0.999048 0.043616 0
    outer loop
      vertex -6 0 0
      vertex -5.97717 -0.522934 3
      vertex -5.97717 -0.522934 0
    endloop
  endfacet
  facet normal 0.043616 -0.999048 0
    outer loop
      vertex -0.522934 5.97717 0
      vertex 0 6 3
      vertex -0.522934 5.97717 3
    endloop
  endfacet
  facet normal 0.043616 -0.999048 0
    outer loop
      vertex 0 6 3
      vertex -0.522934 5.97717 0
      vertex 0 6 0
    endloop
  endfacet
  facet normal -0.976292 0.216457 0
    outer loop
      vertex 5.79555 -1.55291 0
      vertex 5.90885 -1.04189 3
      vertex 5.90885 -1.04189 0
    endloop
  endfacet
  facet normal -0.976292 0.216457 0
    outer loop
      vertex 5.90885 -1.04189 3
      vertex 5.79555 -1.55291 0
      vertex 5.79555 -1.55291 3
    endloop
  endfacet
  facet normal -0.216457 0.976292 0
    outer loop
      vertex 1.55291 -5.79555 0
      vertex 1.04189 -5.90885 3
      vertex 1.55291 -5.79555 3
    endloop
  endfacet
  facet normal -0.216457 0.976292 0
    outer loop
      vertex 1.04189 -5.90885 3
      vertex 1.55291 -5.79555 0
      vertex 1.04189 -5.90885 0
    endloop
  endfacet
  facet normal 0.976292 -0.216457 0
    outer loop
      vertex -5.90885 1.04189 3
      vertex -5.79555 1.55291 0
      vertex -5.79555 1.55291 3
    endloop
  endfacet
  facet normal 0.976292 -0.216457 0
    outer loop
      vertex -5.79555 1.55291 0
      vertex -5.90885 1.04189 3
      vertex -5.90885 1.04189 0
    endloop
  endfacet
  facet normal 0.737278 0.67559 0
    outer loop
      vertex -4.24264 -4.24264 3
      vertex -4.59627 -3.85672 0
      vertex -4.59627 -3.85672 3
    endloop
  endfacet
  facet normal 0.737278 0.67559 0
    outer loop
      vertex -4.59627 -3.85672 0
      vertex -4.24264 -4.24264 3
      vertex -4.24264 -4.24264 0
    endloop
  endfacet
  facet normal 0.991445 0.130523 0
    outer loop
      vertex -5.90885 -1.04189 3
      vertex -5.97717 -0.522934 0
      vertex -5.97717 -0.522934 3
    endloop
  endfacet
  facet normal 0.991445 0.130523 0
    outer loop
      vertex -5.97717 -0.522934 0
      vertex -5.90885 -1.04189 3
      vertex -5.90885 -1.04189 0
    endloop
  endfacet
  facet normal -0.130523 -0.991445 0
    outer loop
      vertex 0.522934 5.97717 0
      vertex 1.04189 5.90885 3
      vertex 0.522934 5.97717 3
    endloop
  endfacet
  facet normal -0.130523 -0.991445 -0
    outer loop
      vertex 1.04189 5.90885 3
      vertex 0.522934 5.97717 0
      vertex 1.04189 5.90885 0
    endloop
  endfacet
  facet normal 0.953717 0.300705 0
    outer loop
      vertex -5.63815 -2.05212 3
      vertex -5.79555 -1.55291 0
      vertex -5.79555 -1.55291 3
    endloop
  endfacet
  facet normal 0.953717 0.300705 0
    outer loop
      vertex -5.79555 -1.55291 0
      vertex -5.63815 -2.05212 3
      vertex -5.63815 -2.05212 0
    endloop
  endfacet
  facet normal -0.216457 -0.976292 0
    outer loop
      vertex 1.04189 5.90885 0
      vertex 1.55291 5.79555 3
      vertex 1.04189 5.90885 3
    endloop
  endfacet
  facet normal -0.216457 -0.976292 -0
    outer loop
      vertex 1.55291 5.79555 3
      vertex 1.04189 5.90885 0
      vertex 1.55291 5.79555 0
    endloop
  endfacet
  facet normal 0.793354 -0.608761 0
    outer loop
      vertex -4.91491 3.44146 3
      vertex -4.59627 3.85672 0
      vertex -4.59627 3.85672 3
    endloop
  endfacet
  facet normal 0.793354 -0.608761 0
    outer loop
      vertex -4.59627 3.85672 0
      vertex -4.91491 3.44146 3
      vertex -4.91491 3.44146 0
    endloop
  endfacet
  facet normal 0.382668 0.923886 -0
    outer loop
      vertex -2.05212 -5.63815 0
      vertex -2.53571 -5.43785 3
      vertex -2.05212 -5.63815 3
    endloop
  endfacet
  facet normal 0.382668 0.923886 0
    outer loop
      vertex -2.53571 -5.43785 3
      vertex -2.05212 -5.63815 0
      vertex -2.53571 -5.43785 0
    endloop
  endfacet
  facet normal 0.130523 0.991445 -0
    outer loop
      vertex -0.522934 -5.97717 0
      vertex -1.04189 -5.90885 3
      vertex -0.522934 -5.97717 3
    endloop
  endfacet
  facet normal 0.130523 0.991445 0
    outer loop
      vertex -1.04189 -5.90885 3
      vertex -0.522934 -5.97717 0
      vertex -1.04189 -5.90885 0
    endloop
  endfacet
  facet normal 0.843392 -0.537298 0
    outer loop
      vertex -5.19615 3 3
      vertex -4.91491 3.44146 0
      vertex -4.91491 3.44146 3
    endloop
  endfacet
  facet normal 0.843392 -0.537298 0
    outer loop
      vertex -4.91491 3.44146 0
      vertex -5.19615 3 3
      vertex -5.19615 3 0
    endloop
  endfacet
  facet normal 0.999048 -0.043616 0
    outer loop
      vertex -6 0 3
      vertex -5.97717 0.522934 0
      vertex -5.97717 0.522934 3
    endloop
  endfacet
  facet normal 0.999048 -0.043616 0
    outer loop
      vertex -5.97717 0.522934 0
      vertex -6 0 3
      vertex -6 0 0
    endloop
  endfacet
  facet normal -0.300705 0.953717 0
    outer loop
      vertex 2.05212 -5.63815 0
      vertex 1.55291 -5.79555 3
      vertex 2.05212 -5.63815 3
    endloop
  endfacet
  facet normal -0.300705 0.953717 0
    outer loop
      vertex 1.55291 -5.79555 3
      vertex 2.05212 -5.63815 0
      vertex 1.55291 -5.79555 0
    endloop
  endfacet
  facet normal 0.923886 -0.382668 0
    outer loop
      vertex -5.63815 2.05212 3
      vertex -5.43785 2.53571 0
      vertex -5.43785 2.53571 3
    endloop
  endfacet
  facet normal 0.923886 -0.382668 0
    outer loop
      vertex -5.43785 2.53571 0
      vertex -5.63815 2.05212 3
      vertex -5.63815 2.05212 0
    endloop
  endfacet
  facet normal -0.991445 0.130523 0
    outer loop
      vertex 5.90885 -1.04189 0
      vertex 5.97717 -0.522934 3
      vertex 5.97717 -0.522934 0
    endloop
  endfacet
  facet normal -0.991445 0.130523 0
    outer loop
      vertex 5.97717 -0.522934 3
      vertex 5.90885 -1.04189 0
      vertex 5.90885 -1.04189 3
    endloop
  endfacet
  facet normal -0.67559 0.737278 0
    outer loop
      vertex 4.24264 -4.24264 0
      vertex 3.85672 -4.59627 3
      vertex 4.24264 -4.24264 3
    endloop
  endfacet
  facet normal -0.67559 0.737278 0
    outer loop
      vertex 3.85672 -4.59627 3
      vertex 4.24264 -4.24264 0
      vertex 3.85672 -4.59627 0
    endloop
  endfacet
endsolid OpenSCAD_Model
