solid OpenSCAD_Model
  facet normal -0.461751 0.887009 0
    outer loop
      vertex -4.6488 9.96939 0
      vertex -5.5 9.52628 10
      vertex -4.6488 9.96939 10
    endloop
  endfacet
  facet normal -0.461751 0.887009 0
    outer loop
      vertex -5.5 9.52628 10
      vertex -4.6488 9.96939 0
      vertex -5.5 9.52628 0
    endloop
  endfacet
  facet normal -0.216438 -0.976296 0
    outer loop
      vertex -2.84701 -10.6252 0
      vertex -1.91013 -10.8329 10
      vertex -2.84701 -10.6252 10
    endloop
  endfacet
  facet normal -0.216438 -0.976296 -0
    outer loop
      vertex -1.91013 -10.8329 10
      vertex -2.84701 -10.6252 0
      vertex -1.91013 -10.8329 0
    endloop
  endfacet
  facet normal -0.675594 -0.737274 0
    outer loop
      vertex -7.77817 -7.77817 0
      vertex -7.07066 -8.42649 10
      vertex -7.77817 -7.77817 10
    endloop
  endfacet
  facet normal -0.675594 -0.737274 -0
    outer loop
      vertex -7.07066 -8.42649 10
      vertex -7.77817 -7.77817 0
      vertex -7.07066 -8.42649 0
    endloop
  endfacet
  facet normal -0.953706 0.300739 0
    outer loop
      vertex -10.6252 2.84701 0
      vertex -10.3366 3.76222 10
      vertex -10.3366 3.76222 0
    endloop
  endfacet
  facet normal -0.953706 0.300739 0
    outer loop
      vertex -10.3366 3.76222 10
      vertex -10.6252 2.84701 0
      vertex -10.6252 2.84701 10
    endloop
  endfacet
  facet normal -0.537302 -0.84339 0
    outer loop
      vertex -6.30934 -9.01067 0
      vertex -5.5 -9.52628 10
      vertex -6.30934 -9.01067 10
    endloop
  endfacet
  facet normal -0.537302 -0.84339 -0
    outer loop
      vertex -5.5 -9.52628 10
      vertex -6.30934 -9.01067 0
      vertex -5.5 -9.52628 0
    endloop
  endfacet
  facet normal 0.537302 -0.84339 0
    outer loop
      vertex 5.5 -9.52628 0
      vertex 6.30934 -9.01067 10
      vertex 5.5 -9.52628 10
    endloop
  endfacet
  facet normal 0.537302 -0.84339 0
    outer loop
      vertex 6.30934 -9.01067 10
      vertex 5.5 -9.52628 0
      vertex 6.30934 -9.01067 0
    endloop
  endfacet
  facet normal -0.923888 -0.382663 0
    outer loop
      vertex -9.96939 -4.6488 0
      vertex -10.3366 -3.76222 10
      vertex -10.3366 -3.76222 0
    endloop
  endfacet
  facet normal -0.923888 -0.382663 0
    outer loop
      vertex -10.3366 -3.76222 10
      vertex -9.96939 -4.6488 0
      vertex -9.96939 -4.6488 10
    endloop
  endfacet
  facet normal -0.887009 0.461751 0
    outer loop
      vertex -9.96939 4.6488 0
      vertex -9.52628 5.5 10
      vertex -9.52628 5.5 0
    endloop
  endfacet
  facet normal -0.887009 0.461751 0
    outer loop
      vertex -9.52628 5.5 10
      vertex -9.96939 4.6488 0
      vertex -9.96939 4.6488 10
    endloop
  endfacet
  facet normal -0.608761 0.793354 0
    outer loop
      vertex -6.30934 9.01067 0
      vertex -7.07066 8.42649 10
      vertex -6.30934 9.01067 10
    endloop
  endfacet
  facet normal -0.608761 0.793354 0
    outer loop
      vertex -7.07066 8.42649 10
      vertex -6.30934 9.01067 0
      vertex -7.07066 8.42649 0
    endloop
  endfacet
  facet normal -0.130468 -0.991452 0
    outer loop
      vertex -1.91013 -10.8329 0
      vertex -0.958713 -10.9581 10
      vertex -1.91013 -10.8329 10
    endloop
  endfacet
  facet normal -0.130468 -0.991452 -0
    outer loop
      vertex -0.958713 -10.9581 10
      vertex -1.91013 -10.8329 0
      vertex -0.958713 -10.9581 0
    endloop
  endfacet
  facet normal -0.976296 -0.216438 0
    outer loop
      vertex -10.6252 -2.84701 0
      vertex -10.8329 -1.91013 10
      vertex -10.8329 -1.91013 0
    endloop
  endfacet
  facet normal -0.976296 -0.216438 0
    outer loop
      vertex -10.8329 -1.91013 10
      vertex -10.6252 -2.84701 0
      vertex -10.6252 -2.84701 10
    endloop
  endfacet
  facet normal 0.675592 0.737276 -0
    outer loop
      vertex 7.53609 8 0
      vertex 7.07066 8.42649 10
      vertex 7.53609 8 10
    endloop
  endfacet
  facet normal 0.675592 0.737276 0
    outer loop
      vertex 7.07066 8.42649 10
      vertex 7.53609 8 0
      vertex 7.07066 8.42649 0
    endloop
  endfacet
  facet normal 0.608761 0.793354 -0
    outer loop
      vertex 7.07066 8.42649 0
      vertex 6.30934 9.01067 10
      vertex 7.07066 8.42649 10
    endloop
  endfacet
  facet normal 0.608761 0.793354 0
    outer loop
      vertex 6.30934 9.01067 10
      vertex 7.07066 8.42649 0
      vertex 6.30934 9.01067 0
    endloop
  endfacet
  facet normal -0.793354 -0.608761 0
    outer loop
      vertex -8.42649 -7.07066 0
      vertex -9.01067 -6.30934 10
      vertex -9.01067 -6.30934 0
    endloop
  endfacet
  facet normal -0.793354 -0.608761 0
    outer loop
      vertex -9.01067 -6.30934 10
      vertex -8.42649 -7.07066 0
      vertex -8.42649 -7.07066 10
    endloop
  endfacet
  facet normal 0.130468 -0.991452 0
    outer loop
      vertex 0.958713 -10.9581 0
      vertex 1.91013 -10.8329 10
      vertex 0.958713 -10.9581 10
    endloop
  endfacet
  facet normal 0.130468 -0.991452 0
    outer loop
      vertex 1.91013 -10.8329 10
      vertex 0.958713 -10.9581 0
      vertex 1.91013 -10.8329 0
    endloop
  endfacet
  facet normal -0.461751 -0.887009 0
    outer loop
      vertex -5.5 -9.52628 0
      vertex -4.6488 -9.96939 10
      vertex -5.5 -9.52628 10
    endloop
  endfacet
  facet normal -0.461751 -0.887009 -0
    outer loop
      vertex -4.6488 -9.96939 10
      vertex -5.5 -9.52628 0
      vertex -4.6488 -9.96939 0
    endloop
  endfacet
  facet normal 0.461751 -0.887009 0
    outer loop
      vertex 4.6488 -9.96939 0
      vertex 5.5 -9.52628 10
      vertex 4.6488 -9.96939 10
    endloop
  endfacet
  facet normal 0.461751 -0.887009 0
    outer loop
      vertex 5.5 -9.52628 10
      vertex 4.6488 -9.96939 0
      vertex 5.5 -9.52628 0
    endloop
  endfacet
  facet normal -0.953706 -0.300739 0
    outer loop
      vertex -10.3366 -3.76222 0
      vertex -10.6252 -2.84701 10
      vertex -10.6252 -2.84701 0
    endloop
  endfacet
  facet normal -0.953706 -0.300739 0
    outer loop
      vertex -10.6252 -2.84701 10
      vertex -10.3366 -3.76222 0
      vertex -10.3366 -3.76222 10
    endloop
  endfacet
  facet normal 0.537302 0.84339 -0
    outer loop
      vertex 6.30934 9.01067 0
      vertex 5.5 9.52628 10
      vertex 6.30934 9.01067 10
    endloop
  endfacet
  facet normal 0.537302 0.84339 0
    outer loop
      vertex 5.5 9.52628 10
      vertex 6.30934 9.01067 0
      vertex 5.5 9.52628 0
    endloop
  endfacet
  facet normal 0.382663 0.923888 -0
    outer loop
      vertex 4.6488 9.96939 0
      vertex 3.76222 10.3366 10
      vertex 4.6488 9.96939 10
    endloop
  endfacet
  facet normal 0.382663 0.923888 0
    outer loop
      vertex 3.76222 10.3366 10
      vertex 4.6488 9.96939 0
      vertex 3.76222 10.3366 0
    endloop
  endfacet
  facet normal -0.300739 0.953706 0
    outer loop
      vertex -2.84701 10.6252 0
      vertex -3.76222 10.3366 10
      vertex -2.84701 10.6252 10
    endloop
  endfacet
  facet normal -0.300739 0.953706 0
    outer loop
      vertex -3.76222 10.3366 10
      vertex -2.84701 10.6252 0
      vertex -3.76222 10.3366 0
    endloop
  endfacet
  facet normal 0.0436627 -0.999046 0
    outer loop
      vertex 0 -11 0
      vertex 0.958713 -10.9581 10
      vertex 0 -11 10
    endloop
  endfacet
  facet normal 0.0436627 -0.999046 0
    outer loop
      vertex 0.958713 -10.9581 10
      vertex 0 -11 0
      vertex 0.958713 -10.9581 0
    endloop
  endfacet
  facet normal 0.461751 0.887009 -0
    outer loop
      vertex 5.5 9.52628 0
      vertex 4.6488 9.96939 10
      vertex 5.5 9.52628 10
    endloop
  endfacet
  facet normal 0.461751 0.887009 0
    outer loop
      vertex 4.6488 9.96939 10
      vertex 5.5 9.52628 0
      vertex 4.6488 9.96939 0
    endloop
  endfacet
  facet normal -0.999046 0.0436627 0
    outer loop
      vertex -11 0 0
      vertex -10.9581 0.958713 10
      vertex -10.9581 0.958713 0
    endloop
  endfacet
  facet normal -0.999046 0.0436627 0
    outer loop
      vertex -10.9581 0.958713 10
      vertex -11 0 0
      vertex -11 0 10
    endloop
  endfacet
  facet normal 0.216438 0.976296 -0
    outer loop
      vertex 2.84701 10.6252 0
      vertex 1.91013 10.8329 10
      vertex 2.84701 10.6252 10
    endloop
  endfacet
  facet normal 0.216438 0.976296 0
    outer loop
      vertex 1.91013 10.8329 10
      vertex 2.84701 10.6252 0
      vertex 1.91013 10.8329 0
    endloop
  endfacet
  facet normal 0 0 1
    outer loop
      vertex 71.0342 0.784401 10
      vertex 7.53609 8 10
      vertex 71 0 10
    endloop
  endfacet
  facet normal 0 0 1
    outer loop
      vertex 71.1367 1.56283 10
      vertex 7.53609 8 10
      vertex 71.0342 0.784401 10
    endloop
  endfacet
  facet normal 0 0 1
    outer loop
      vertex 71.3067 2.32937 10
      vertex 7.53609 8 10
      vertex 71.1367 1.56283 10
    endloop
  endfacet
  facet normal 0 0 1
    outer loop
      vertex 71.5428 3.07818 10
      vertex 7.53609 8 10
      vertex 71.3067 2.32937 10
    endloop
  endfacet
  facet normal 0 0 1
    outer loop
      vertex 71.8432 3.80356 10
      vertex 7.53609 8 10
      vertex 71.5428 3.07818 10
    endloop
  endfacet
  facet normal 0 0 1
    outer loop
      vertex 72.2058 4.5 10
      vertex 7.53609 8 10
      vertex 71.8432 3.80356 10
    endloop
  endfacet
  facet normal 0 0 1
    outer loop
      vertex 72.6276 5.16219 10
      vertex 7.53609 8 10
      vertex 72.2058 4.5 10
    endloop
  endfacet
  facet normal 0 0 1
    outer loop
      vertex 73.1056 5.78509 10
      vertex 7.53609 8 10
      vertex 72.6276 5.16219 10
    endloop
  endfacet
  facet normal 0 0 1
    outer loop
      vertex 73.636 6.36396 10
      vertex 7.53609 8 10
      vertex 73.1056 5.78509 10
    endloop
  endfacet
  facet normal 0 0 1
    outer loop
      vertex 74.2149 6.8944 10
      vertex 7.53609 8 10
      vertex 73.636 6.36396 10
    endloop
  endfacet
  facet normal 0 0 1
    outer loop
      vertex 74.8378 7.37237 10
      vertex 7.53609 8 10
      vertex 74.2149 6.8944 10
    endloop
  endfacet
  facet normal 0 0 1
    outer loop
      vertex 75.5 7.79423 10
      vertex 7.53609 8 10
      vertex 74.8378 7.37237 10
    endloop
  endfacet
  facet normal -0 0 1
    outer loop
      vertex 7.53609 8 10
      vertex 75.5 7.79423 10
      vertex 75.8953 8 10
    endloop
  endfacet
  facet normal 0 0 1
    outer loop
      vertex 7.53609 -8 10
      vertex 71 0 10
      vertex 7.53609 8 10
    endloop
  endfacet
  facet normal 0 0 1
    outer loop
      vertex 71 0 10
      vertex 7.53609 -8 10
      vertex 71.0342 -0.784401 10
    endloop
  endfacet
  facet normal 0 0 1
    outer loop
      vertex 71.0342 -0.784401 10
      vertex 7.53609 -8 10
      vertex 71.1367 -1.56283 10
    endloop
  endfacet
  facet normal 0 0 1
    outer loop
      vertex 71.1367 -1.56283 10
      vertex 7.53609 -8 10
      vertex 71.3067 -2.32937 10
    endloop
  endfacet
  facet normal 0 0 1
    outer loop
      vertex 71.3067 -2.32937 10
      vertex 7.53609 -8 10
      vertex 71.5428 -3.07818 10
    endloop
  endfacet
  facet normal 0 0 1
    outer loop
      vertex 71.5428 -3.07818 10
      vertex 7.53609 -8 10
      vertex 71.8432 -3.80356 10
    endloop
  endfacet
  facet normal 0 0 1
    outer loop
      vertex 71.8432 -3.80356 10
      vertex 7.53609 -8 10
      vertex 72.2058 -4.5 10
    endloop
  endfacet
  facet normal 0 0 1
    outer loop
      vertex 72.2058 -4.5 10
      vertex 7.53609 -8 10
      vertex 72.6276 -5.16219 10
    endloop
  endfacet
  facet normal 0 0 1
    outer loop
      vertex 72.6276 -5.16219 10
      vertex 7.53609 -8 10
      vertex 73.1056 -5.78509 10
    endloop
  endfacet
  facet normal 0 0 1
    outer loop
      vertex 73.1056 -5.78509 10
      vertex 7.53609 -8 10
      vertex 73.636 -6.36396 10
    endloop
  endfacet
  facet normal 0 0 1
    outer loop
      vertex 73.636 -6.36396 10
      vertex 7.53609 -8 10
      vertex 74.2149 -6.8944 10
    endloop
  endfacet
  facet normal 0 0 1
    outer loop
      vertex 74.2149 -6.8944 10
      vertex 7.53609 -8 10
      vertex 74.8378 -7.37237 10
    endloop
  endfacet
  facet normal 0 0 1
    outer loop
      vertex 74.8378 -7.37237 10
      vertex 7.53609 -8 10
      vertex 75.5 -7.79423 10
    endloop
  endfacet
  facet normal 0 0 1
    outer loop
      vertex 75.5 -7.79423 10
      vertex 7.53609 -8 10
      vertex 75.8953 -8 10
    endloop
  endfacet
  facet normal 0 0 1
    outer loop
      vertex 2.63543 3.14078 10
      vertex 7.53609 8 10
      vertex 7.07066 8.42649 10
    endloop
  endfacet
  facet normal 0 0 1
    outer loop
      vertex 7.53609 8 10
      vertex 4.1 0 10
      vertex 7.53609 -8 10
    endloop
  endfacet
  facet normal 0 0 1
    outer loop
      vertex 2.63543 3.14078 10
      vertex 7.07066 8.42649 10
      vertex 6.30934 9.01067 10
    endloop
  endfacet
  facet normal -0 0 1
    outer loop
      vertex 4.0844 -0.357338 10
      vertex 7.53609 -8 10
      vertex 4.1 0 10
    endloop
  endfacet
  facet normal 0 0 1
    outer loop
      vertex 2.35166 3.35852 10
      vertex 6.30934 9.01067 10
      vertex 5.5 9.52628 10
    endloop
  endfacet
  facet normal -0 0 1
    outer loop
      vertex 4.03771 -0.711957 10
      vertex 7.53609 -8 10
      vertex 4.0844 -0.357338 10
    endloop
  endfacet
  facet normal 0 0 1
    outer loop
      vertex 2.05 3.5507 10
      vertex 5.5 9.52628 10
      vertex 4.6488 9.96939 10
    endloop
  endfacet
  facet normal -0 0 1
    outer loop
      vertex 3.9603 -1.06116 10
      vertex 7.53609 -8 10
      vertex 4.03771 -0.711957 10
    endloop
  endfacet
  facet normal -0 0 1
    outer loop
      vertex 3.85274 -1.40228 10
      vertex 7.53609 -8 10
      vertex 3.9603 -1.06116 10
    endloop
  endfacet
  facet normal 0 0 1
    outer loop
      vertex 7.53609 8 10
      vertex 4.0844 0.357338 10
      vertex 4.1 0 10
    endloop
  endfacet
  facet normal 0 0 1
    outer loop
      vertex 7.53609 8 10
      vertex 4.03771 0.711957 10
      vertex 4.0844 0.357338 10
    endloop
  endfacet
  facet normal 0 0 1
    outer loop
      vertex 7.53609 8 10
      vertex 3.9603 1.06116 10
      vertex 4.03771 0.711957 10
    endloop
  endfacet
  facet normal 0 0 1
    outer loop
      vertex 7.53609 8 10
      vertex 3.85274 1.40228 10
      vertex 3.9603 1.06116 10
    endloop
  endfacet
  facet normal 0 0 1
    outer loop
      vertex 1.73273 3.71586 10
      vertex 4.6488 9.96939 10
      vertex 3.76222 10.3366 10
    endloop
  endfacet
  facet normal 0 0 1
    outer loop
      vertex 7.53609 8 10
      vertex 3.71586 1.73273 10
      vertex 3.85274 1.40228 10
    endloop
  endfacet
  facet normal 0 0 1
    outer loop
      vertex 7.53609 8 10
      vertex 3.5507 2.05 10
      vertex 3.71586 1.73273 10
    endloop
  endfacet
  facet normal 0 0 1
    outer loop
      vertex 7.53609 8 10
      vertex 3.35852 2.35166 10
      vertex 3.5507 2.05 10
    endloop
  endfacet
  facet normal 0 0 1
    outer loop
      vertex 7.53609 8 10
      vertex 3.14078 2.63543 10
      vertex 3.35852 2.35166 10
    endloop
  endfacet
  facet normal 0 0 1
    outer loop
      vertex 7.53609 8 10
      vertex 2.89914 2.89914 10
      vertex 3.14078 2.63543 10
    endloop
  endfacet
  facet normal 0 0 1
    outer loop
      vertex 1.40228 3.85274 10
      vertex 3.76222 10.3366 10
      vertex 2.84701 10.6252 10
    endloop
  endfacet
  facet normal 0 0 1
    outer loop
      vertex 7.53609 8 10
      vertex 2.63543 3.14078 10
      vertex 2.89914 2.89914 10
    endloop
  endfacet
  facet normal 0 0 1
    outer loop
      vertex 6.30934 9.01067 10
      vertex 2.35166 3.35852 10
      vertex 2.63543 3.14078 10
    endloop
  endfacet
  facet normal 0 0 1
    outer loop
      vertex 5.5 9.52628 10
      vertex 2.05 3.5507 10
      vertex 2.35166 3.35852 10
    endloop
  endfacet
  facet normal 0 0 1
    outer loop
      vertex 1.06116 3.9603 10
      vertex 2.84701 10.6252 10
      vertex 1.91013 10.8329 10
    endloop
  endfacet
  facet normal 0 0 1
    outer loop
      vertex 4.6488 9.96939 10
      vertex 1.73273 3.71586 10
      vertex 2.05 3.5507 10
    endloop
  endfacet
  facet normal 0 0 1
    outer loop
      vertex 3.76222 10.3366 10
      vertex 1.40228 3.85274 10
      vertex 1.73273 3.71586 10
    endloop
  endfacet
  facet normal 0 0 1
    outer loop
      vertex 2.84701 10.6252 10
      vertex 1.06116 3.9603 10
      vertex 1.40228 3.85274 10
    endloop
  endfacet
  facet normal 0 0 1
    outer loop
      vertex 0.711957 4.03771 10
      vertex 1.91013 10.8329 10
      vertex 0.958713 10.9581 10
    endloop
  endfacet
  facet normal 0 0 1
    outer loop
      vertex 1.91013 10.8329 10
      vertex 0.711957 4.03771 10
      vertex 1.06116 3.9603 10
    endloop
  endfacet
  facet normal 0 0 1
    outer loop
      vertex 0.958713 10.9581 10
      vertex 0.357338 4.0844 10
      vertex 0.711957 4.03771 10
    endloop
  endfacet
  facet normal 0 0 1
    outer loop
      vertex 0 11 10
      vertex 0.357338 4.0844 10
      vertex 0.958713 10.9581 10
    endloop
  endfacet
  facet normal 0 0 1
    outer loop
      vertex 0 11 10
      vertex 0 4.1 10
      vertex 0.357338 4.0844 10
    endloop
  endfacet
  facet normal 0 0 1
    outer loop
      vertex 0 11 10
      vertex -0.357338 4.0844 10
      vertex 0 4.1 10
    endloop
  endfacet
  facet normal -0 0 1
    outer loop
      vertex -0.958713 10.9581 10
      vertex -0.357338 4.0844 10
      vertex 0 11 10
    endloop
  endfacet
  facet normal 0 0 1
    outer loop
      vertex -0.357338 4.0844 10
      vertex -0.958713 10.9581 10
      vertex -0.711957 4.03771 10
    endloop
  endfacet
  facet normal -0 0 1
    outer loop
      vertex -1.91013 10.8329 10
      vertex -0.711957 4.03771 10
      vertex -0.958713 10.9581 10
    endloop
  endfacet
  facet normal 0 0 1
    outer loop
      vertex -0.711957 4.03771 10
      vertex -1.91013 10.8329 10
      vertex -1.06116 3.9603 10
    endloop
  endfacet
  facet normal -0 0 1
    outer loop
      vertex -2.84701 10.6252 10
      vertex -1.06116 3.9603 10
      vertex -1.91013 10.8329 10
    endloop
  endfacet
  facet normal 0 0 1
    outer loop
      vertex -1.06116 3.9603 10
      vertex -2.84701 10.6252 10
      vertex -1.40228 3.85274 10
    endloop
  endfacet
  facet normal -0 0 1
    outer loop
      vertex -3.76222 10.3366 10
      vertex -1.40228 3.85274 10
      vertex -2.84701 10.6252 10
    endloop
  endfacet
  facet normal 0 0 1
    outer loop
      vertex -1.40228 3.85274 10
      vertex -3.76222 10.3366 10
      vertex -1.73273 3.71586 10
    endloop
  endfacet
  facet normal -0 0 1
    outer loop
      vertex -4.6488 9.96939 10
      vertex -1.73273 3.71586 10
      vertex -3.76222 10.3366 10
    endloop
  endfacet
  facet normal 0 0 1
    outer loop
      vertex -1.73273 3.71586 10
      vertex -4.6488 9.96939 10
      vertex -2.05 3.5507 10
    endloop
  endfacet
  facet normal -0 0 1
    outer loop
      vertex -5.5 9.52628 10
      vertex -2.05 3.5507 10
      vertex -4.6488 9.96939 10
    endloop
  endfacet
  facet normal 0 0 1
    outer loop
      vertex -2.05 3.5507 10
      vertex -5.5 9.52628 10
      vertex -2.35166 3.35852 10
    endloop
  endfacet
  facet normal -0 0 1
    outer loop
      vertex -6.30934 9.01067 10
      vertex -2.35166 3.35852 10
      vertex -5.5 9.52628 10
    endloop
  endfacet
  facet normal 0 0 1
    outer loop
      vertex -2.35166 3.35852 10
      vertex -6.30934 9.01067 10
      vertex -2.63543 3.14078 10
    endloop
  endfacet
  facet normal -0 0 1
    outer loop
      vertex -7.07066 8.42649 10
      vertex -2.63543 3.14078 10
      vertex -6.30934 9.01067 10
    endloop
  endfacet
  facet normal 0 0 1
    outer loop
      vertex -2.63543 3.14078 10
      vertex -7.07066 8.42649 10
      vertex -2.89914 2.89914 10
    endloop
  endfacet
  facet normal -0 0 1
    outer loop
      vertex -7.77817 7.77817 10
      vertex -2.89914 2.89914 10
      vertex -7.07066 8.42649 10
    endloop
  endfacet
  facet normal 0 0 1
    outer loop
      vertex -2.89914 2.89914 10
      vertex -7.77817 7.77817 10
      vertex -3.14078 2.63543 10
    endloop
  endfacet
  facet normal -0 0 1
    outer loop
      vertex -8.42649 7.07066 10
      vertex -3.14078 2.63543 10
      vertex -7.77817 7.77817 10
    endloop
  endfacet
  facet normal 0 0 1
    outer loop
      vertex -3.14078 2.63543 10
      vertex -8.42649 7.07066 10
      vertex -3.35852 2.35166 10
    endloop
  endfacet
  facet normal -0 0 1
    outer loop
      vertex -9.01067 6.30934 10
      vertex -3.35852 2.35166 10
      vertex -8.42649 7.07066 10
    endloop
  endfacet
  facet normal 0 0 1
    outer loop
      vertex -3.35852 2.35166 10
      vertex -9.01067 6.30934 10
      vertex -3.5507 2.05 10
    endloop
  endfacet
  facet normal -0 0 1
    outer loop
      vertex 3.71586 -1.73273 10
      vertex 7.53609 -8 10
      vertex 3.85274 -1.40228 10
    endloop
  endfacet
  facet normal -0 0 1
    outer loop
      vertex 3.5507 -2.05 10
      vertex 7.53609 -8 10
      vertex 3.71586 -1.73273 10
    endloop
  endfacet
  facet normal -0 0 1
    outer loop
      vertex 3.35852 -2.35166 10
      vertex 7.53609 -8 10
      vertex 3.5507 -2.05 10
    endloop
  endfacet
  facet normal -0 0 1
    outer loop
      vertex 3.14078 -2.63543 10
      vertex 7.53609 -8 10
      vertex 3.35852 -2.35166 10
    endloop
  endfacet
  facet normal -0 0 1
    outer loop
      vertex 2.89914 -2.89914 10
      vertex 7.53609 -8 10
      vertex 3.14078 -2.63543 10
    endloop
  endfacet
  facet normal -0 0 1
    outer loop
      vertex 2.63543 -3.14078 10
      vertex 7.53609 -8 10
      vertex 2.89914 -2.89914 10
    endloop
  endfacet
  facet normal 0 0 1
    outer loop
      vertex 7.53609 -8 10
      vertex 2.63543 -3.14078 10
      vertex 7.07066 -8.42649 10
    endloop
  endfacet
  facet normal 0 0 1
    outer loop
      vertex 7.07066 -8.42649 10
      vertex 2.63543 -3.14078 10
      vertex 6.30934 -9.01067 10
    endloop
  endfacet
  facet normal -0 0 1
    outer loop
      vertex 2.35166 -3.35852 10
      vertex 6.30934 -9.01067 10
      vertex 2.63543 -3.14078 10
    endloop
  endfacet
  facet normal 0 0 1
    outer loop
      vertex 6.30934 -9.01067 10
      vertex 2.35166 -3.35852 10
      vertex 5.5 -9.52628 10
    endloop
  endfacet
  facet normal -0 0 1
    outer loop
      vertex 2.05 -3.5507 10
      vertex 5.5 -9.52628 10
      vertex 2.35166 -3.35852 10
    endloop
  endfacet
  facet normal 0 0 1
    outer loop
      vertex 5.5 -9.52628 10
      vertex 2.05 -3.5507 10
      vertex 4.6488 -9.96939 10
    endloop
  endfacet
  facet normal -0 0 1
    outer loop
      vertex 1.73273 -3.71586 10
      vertex 4.6488 -9.96939 10
      vertex 2.05 -3.5507 10
    endloop
  endfacet
  facet normal 0 0 1
    outer loop
      vertex 4.6488 -9.96939 10
      vertex 1.73273 -3.71586 10
      vertex 3.76222 -10.3366 10
    endloop
  endfacet
  facet normal -0 0 1
    outer loop
      vertex 1.40228 -3.85274 10
      vertex 3.76222 -10.3366 10
      vertex 1.73273 -3.71586 10
    endloop
  endfacet
  facet normal 0 0 1
    outer loop
      vertex 3.76222 -10.3366 10
      vertex 1.40228 -3.85274 10
      vertex 2.84701 -10.6252 10
    endloop
  endfacet
  facet normal -0 0 1
    outer loop
      vertex 1.06116 -3.9603 10
      vertex 2.84701 -10.6252 10
      vertex 1.40228 -3.85274 10
    endloop
  endfacet
  facet normal 0 0 1
    outer loop
      vertex 2.84701 -10.6252 10
      vertex 1.06116 -3.9603 10
      vertex 1.91013 -10.8329 10
    endloop
  endfacet
  facet normal -0 0 1
    outer loop
      vertex 0.711957 -4.03771 10
      vertex 1.91013 -10.8329 10
      vertex 1.06116 -3.9603 10
    endloop
  endfacet
  facet normal 0 0 1
    outer loop
      vertex 1.91013 -10.8329 10
      vertex 0.711957 -4.03771 10
      vertex 0.958713 -10.9581 10
    endloop
  endfacet
  facet normal -0 0 1
    outer loop
      vertex 0.357338 -4.0844 10
      vertex 0.958713 -10.9581 10
      vertex 0.711957 -4.03771 10
    endloop
  endfacet
  facet normal -0 0 1
    outer loop
      vertex 0 -4.1 10
      vertex 0.958713 -10.9581 10
      vertex 0.357338 -4.0844 10
    endloop
  endfacet
  facet normal 0 0 1
    outer loop
      vertex 0 -4.1 10
      vertex 0 -11 10
      vertex 0.958713 -10.9581 10
    endloop
  endfacet
  facet normal 0 0 1
    outer loop
      vertex -0.357338 -4.0844 10
      vertex 0 -11 10
      vertex 0 -4.1 10
    endloop
  endfacet
  facet normal 0 0 1
    outer loop
      vertex -0.958713 -10.9581 10
      vertex -0.357338 -4.0844 10
      vertex -0.711957 -4.03771 10
    endloop
  endfacet
  facet normal 0 0 1
    outer loop
      vertex -0.357338 -4.0844 10
      vertex -0.958713 -10.9581 10
      vertex 0 -11 10
    endloop
  endfacet
  facet normal 0 0 1
    outer loop
      vertex -1.91013 -10.8329 10
      vertex -0.711957 -4.03771 10
      vertex -1.06116 -3.9603 10
    endloop
  endfacet
  facet normal 0 0 1
    outer loop
      vertex -2.84701 -10.6252 10
      vertex -1.06116 -3.9603 10
      vertex -1.40228 -3.85274 10
    endloop
  endfacet
  facet normal 0 0 1
    outer loop
      vertex -3.76222 -10.3366 10
      vertex -1.40228 -3.85274 10
      vertex -1.73273 -3.71586 10
    endloop
  endfacet
  facet normal 0 0 1
    outer loop
      vertex -0.711957 -4.03771 10
      vertex -1.91013 -10.8329 10
      vertex -0.958713 -10.9581 10
    endloop
  endfacet
  facet normal 0 0 1
    outer loop
      vertex -4.6488 -9.96939 10
      vertex -1.73273 -3.71586 10
      vertex -2.05 -3.5507 10
    endloop
  endfacet
  facet normal 0 0 1
    outer loop
      vertex -5.5 -9.52628 10
      vertex -2.05 -3.5507 10
      vertex -2.35166 -3.35852 10
    endloop
  endfacet
  facet normal 0 0 1
    outer loop
      vertex -6.30934 -9.01067 10
      vertex -2.35166 -3.35852 10
      vertex -2.63543 -3.14078 10
    endloop
  endfacet
  facet normal 0 0 1
    outer loop
      vertex -1.06116 -3.9603 10
      vertex -2.84701 -10.6252 10
      vertex -1.91013 -10.8329 10
    endloop
  endfacet
  facet normal 0 0 1
    outer loop
      vertex -7.07066 -8.42649 10
      vertex -2.63543 -3.14078 10
      vertex -2.89914 -2.89914 10
    endloop
  endfacet
  facet normal 0 0 1
    outer loop
      vertex -7.77817 -7.77817 10
      vertex -2.89914 -2.89914 10
      vertex -3.14078 -2.63543 10
    endloop
  endfacet
  facet normal 0 0 1
    outer loop
      vertex -8.42649 -7.07066 10
      vertex -3.14078 -2.63543 10
      vertex -3.35852 -2.35166 10
    endloop
  endfacet
  facet normal 0 0 1
    outer loop
      vertex -9.01067 -6.30934 10
      vertex -3.35852 -2.35166 10
      vertex -3.5507 -2.05 10
    endloop
  endfacet
  facet normal 0 0 1
    outer loop
      vertex -9.52628 -5.5 10
      vertex -3.5507 -2.05 10
      vertex -3.71586 -1.73273 10
    endloop
  endfacet
  facet normal 0 0 1
    outer loop
      vertex -1.40228 -3.85274 10
      vertex -3.76222 -10.3366 10
      vertex -2.84701 -10.6252 10
    endloop
  endfacet
  facet normal 0 0 1
    outer loop
      vertex -9.96939 -4.6488 10
      vertex -3.71586 -1.73273 10
      vertex -3.85274 -1.40228 10
    endloop
  endfacet
  facet normal 0 0 1
    outer loop
      vertex -10.3366 -3.76222 10
      vertex -3.85274 -1.40228 10
      vertex -3.9603 -1.06116 10
    endloop
  endfacet
  facet normal 0 0 1
    outer loop
      vertex -10.6252 -2.84701 10
      vertex -3.9603 -1.06116 10
      vertex -4.03771 -0.711957 10
    endloop
  endfacet
  facet normal 0 0 1
    outer loop
      vertex -10.8329 -1.91013 10
      vertex -4.03771 -0.711957 10
      vertex -4.0844 -0.357338 10
    endloop
  endfacet
  facet normal 0 0 1
    outer loop
      vertex -10.9581 -0.958713 10
      vertex -4.0844 -0.357338 10
      vertex -4.1 0 10
    endloop
  endfacet
  facet normal -0 0 1
    outer loop
      vertex -9.52628 5.5 10
      vertex -3.5507 2.05 10
      vertex -9.01067 6.30934 10
    endloop
  endfacet
  facet normal 0 0 1
    outer loop
      vertex -1.73273 -3.71586 10
      vertex -4.6488 -9.96939 10
      vertex -3.76222 -10.3366 10
    endloop
  endfacet
  facet normal 0 0 1
    outer loop
      vertex -3.5507 2.05 10
      vertex -9.52628 5.5 10
      vertex -3.71586 1.73273 10
    endloop
  endfacet
  facet normal 0 0 1
    outer loop
      vertex -2.05 -3.5507 10
      vertex -5.5 -9.52628 10
      vertex -4.6488 -9.96939 10
    endloop
  endfacet
  facet normal -0 0 1
    outer loop
      vertex -9.96939 4.6488 10
      vertex -3.71586 1.73273 10
      vertex -9.52628 5.5 10
    endloop
  endfacet
  facet normal 0 0 1
    outer loop
      vertex -2.35166 -3.35852 10
      vertex -6.30934 -9.01067 10
      vertex -5.5 -9.52628 10
    endloop
  endfacet
  facet normal 0 0 1
    outer loop
      vertex -3.71586 1.73273 10
      vertex -9.96939 4.6488 10
      vertex -3.85274 1.40228 10
    endloop
  endfacet
  facet normal 0 0 1
    outer loop
      vertex -2.63543 -3.14078 10
      vertex -7.07066 -8.42649 10
      vertex -6.30934 -9.01067 10
    endloop
  endfacet
  facet normal -0 0 1
    outer loop
      vertex -10.3366 3.76222 10
      vertex -3.85274 1.40228 10
      vertex -9.96939 4.6488 10
    endloop
  endfacet
  facet normal 0 0 1
    outer loop
      vertex -2.89914 -2.89914 10
      vertex -7.77817 -7.77817 10
      vertex -7.07066 -8.42649 10
    endloop
  endfacet
  facet normal 0 0 1
    outer loop
      vertex -3.85274 1.40228 10
      vertex -10.3366 3.76222 10
      vertex -3.9603 1.06116 10
    endloop
  endfacet
  facet normal 0 0 1
    outer loop
      vertex -3.14078 -2.63543 10
      vertex -8.42649 -7.07066 10
      vertex -7.77817 -7.77817 10
    endloop
  endfacet
  facet normal -0 0 1
    outer loop
      vertex -10.6252 2.84701 10
      vertex -3.9603 1.06116 10
      vertex -10.3366 3.76222 10
    endloop
  endfacet
  facet normal 0 0 1
    outer loop
      vertex -3.35852 -2.35166 10
      vertex -9.01067 -6.30934 10
      vertex -8.42649 -7.07066 10
    endloop
  endfacet
  facet normal 0 0 1
    outer loop
      vertex -3.9603 1.06116 10
      vertex -10.6252 2.84701 10
      vertex -4.03771 0.711957 10
    endloop
  endfacet
  facet normal 0 0 1
    outer loop
      vertex -3.5507 -2.05 10
      vertex -9.52628 -5.5 10
      vertex -9.01067 -6.30934 10
    endloop
  endfacet
  facet normal -0 0 1
    outer loop
      vertex -10.8329 1.91013 10
      vertex -4.03771 0.711957 10
      vertex -10.6252 2.84701 10
    endloop
  endfacet
  facet normal 0 0 1
    outer loop
      vertex -3.71586 -1.73273 10
      vertex -9.96939 -4.6488 10
      vertex -9.52628 -5.5 10
    endloop
  endfacet
  facet normal 0 0 1
    outer loop
      vertex -4.03771 0.711957 10
      vertex -10.8329 1.91013 10
      vertex -4.0844 0.357338 10
    endloop
  endfacet
  facet normal 0 0 1
    outer loop
      vertex -3.85274 -1.40228 10
      vertex -10.3366 -3.76222 10
      vertex -9.96939 -4.6488 10
    endloop
  endfacet
  facet normal -0 0 1
    outer loop
      vertex -10.9581 0.958713 10
      vertex -4.0844 0.357338 10
      vertex -10.8329 1.91013 10
    endloop
  endfacet
  facet normal 0 0 1
    outer loop
      vertex -3.9603 -1.06116 10
      vertex -10.6252 -2.84701 10
      vertex -10.3366 -3.76222 10
    endloop
  endfacet
  facet normal 0 0 1
    outer loop
      vertex -4.0844 0.357338 10
      vertex -10.9581 0.958713 10
      vertex -4.1 0 10
    endloop
  endfacet
  facet normal 0 0 1
    outer loop
      vertex -4.03771 -0.711957 10
      vertex -10.8329 -1.91013 10
      vertex -10.6252 -2.84701 10
    endloop
  endfacet
  facet normal 0 0 1
    outer loop
      vertex -11 0 10
      vertex -4.1 0 10
      vertex -10.9581 0.958713 10
    endloop
  endfacet
  facet normal 0 0 1
    outer loop
      vertex -4.0844 -0.357338 10
      vertex -10.9581 -0.958713 10
      vertex -10.8329 -1.91013 10
    endloop
  endfacet
  facet normal 0 0 1
    outer loop
      vertex -4.1 0 10
      vertex -11 0 10
      vertex -10.9581 -0.958713 10
    endloop
  endfacet
  facet normal -0.675594 0.737274 0
    outer loop
      vertex -7.07066 8.42649 0
      vertex -7.77817 7.77817 10
      vertex -7.07066 8.42649 10
    endloop
  endfacet
  facet normal -0.675594 0.737274 0
    outer loop
      vertex -7.77817 7.77817 10
      vertex -7.07066 8.42649 0
      vertex -7.77817 7.77817 0
    endloop
  endfacet
  facet normal -0.887009 -0.461751 0
    outer loop
      vertex -9.52628 -5.5 0
      vertex -9.96939 -4.6488 10
      vertex -9.96939 -4.6488 0
    endloop
  endfacet
  facet normal -0.887009 -0.461751 0
    outer loop
      vertex -9.96939 -4.6488 10
      vertex -9.52628 -5.5 0
      vertex -9.52628 -5.5 10
    endloop
  endfacet
  facet normal -0.382663 0.923888 0
    outer loop
      vertex -3.76222 10.3366 0
      vertex -4.6488 9.96939 10
      vertex -3.76222 10.3366 10
    endloop
  endfacet
  facet normal -0.382663 0.923888 0
    outer loop
      vertex -4.6488 9.96939 10
      vertex -3.76222 10.3366 0
      vertex -4.6488 9.96939 0
    endloop
  endfacet
  facet normal -0.999046 -0.0436627 0
    outer loop
      vertex -10.9581 -0.958713 0
      vertex -11 0 10
      vertex -11 0 0
    endloop
  endfacet
  facet normal -0.999046 -0.0436627 0
    outer loop
      vertex -11 0 10
      vertex -10.9581 -0.958713 0
      vertex -10.9581 -0.958713 10
    endloop
  endfacet
  facet normal -0.0436627 0.999046 0
    outer loop
      vertex 0 11 0
      vertex -0.958713 10.9581 10
      vertex 0 11 10
    endloop
  endfacet
  facet normal -0.0436627 0.999046 0
    outer loop
      vertex -0.958713 10.9581 10
      vertex 0 11 0
      vertex -0.958713 10.9581 0
    endloop
  endfacet
  facet normal -0.991452 -0.130468 0
    outer loop
      vertex -10.8329 -1.91013 0
      vertex -10.9581 -0.958713 10
      vertex -10.9581 -0.958713 0
    endloop
  endfacet
  facet normal -0.991452 -0.130468 0
    outer loop
      vertex -10.9581 -0.958713 10
      vertex -10.8329 -1.91013 0
      vertex -10.8329 -1.91013 10
    endloop
  endfacet
  facet normal 0.382663 -0.923888 0
    outer loop
      vertex 3.76222 -10.3366 0
      vertex 4.6488 -9.96939 10
      vertex 3.76222 -10.3366 10
    endloop
  endfacet
  facet normal 0.382663 -0.923888 0
    outer loop
      vertex 4.6488 -9.96939 10
      vertex 3.76222 -10.3366 0
      vertex 4.6488 -9.96939 0
    endloop
  endfacet
  facet normal 0.300739 -0.953706 0
    outer loop
      vertex 2.84701 -10.6252 0
      vertex 3.76222 -10.3366 10
      vertex 2.84701 -10.6252 10
    endloop
  endfacet
  facet normal 0.300739 -0.953706 0
    outer loop
      vertex 3.76222 -10.3366 10
      vertex 2.84701 -10.6252 0
      vertex 3.76222 -10.3366 0
    endloop
  endfacet
  facet normal -0.737274 0.675594 0
    outer loop
      vertex -8.42649 7.07066 0
      vertex -7.77817 7.77817 10
      vertex -7.77817 7.77817 0
    endloop
  endfacet
  facet normal -0.737274 0.675594 0
    outer loop
      vertex -7.77817 7.77817 10
      vertex -8.42649 7.07066 0
      vertex -8.42649 7.07066 10
    endloop
  endfacet
  facet normal -0.737274 -0.675594 0
    outer loop
      vertex -7.77817 -7.77817 0
      vertex -8.42649 -7.07066 10
      vertex -8.42649 -7.07066 0
    endloop
  endfacet
  facet normal -0.737274 -0.675594 0
    outer loop
      vertex -8.42649 -7.07066 10
      vertex -7.77817 -7.77817 0
      vertex -7.77817 -7.77817 10
    endloop
  endfacet
  facet normal 0.0436627 0.999046 -0
    outer loop
      vertex 0.958713 10.9581 0
      vertex 0 11 10
      vertex 0.958713 10.9581 10
    endloop
  endfacet
  facet normal 0.0436627 0.999046 0
    outer loop
      vertex 0 11 10
      vertex 0.958713 10.9581 0
      vertex 0 11 0
    endloop
  endfacet
  facet normal -0.793354 0.608761 0
    outer loop
      vertex -9.01067 6.30934 0
      vertex -8.42649 7.07066 10
      vertex -8.42649 7.07066 0
    endloop
  endfacet
  facet normal -0.793354 0.608761 0
    outer loop
      vertex -8.42649 7.07066 10
      vertex -9.01067 6.30934 0
      vertex -9.01067 6.30934 10
    endloop
  endfacet
  facet normal -0.976296 0.216438 0
    outer loop
      vertex -10.8329 1.91013 0
      vertex -10.6252 2.84701 10
      vertex -10.6252 2.84701 0
    endloop
  endfacet
  facet normal -0.976296 0.216438 0
    outer loop
      vertex -10.6252 2.84701 10
      vertex -10.8329 1.91013 0
      vertex -10.8329 1.91013 10
    endloop
  endfacet
  facet normal 0.300739 0.953706 -0
    outer loop
      vertex 3.76222 10.3366 0
      vertex 2.84701 10.6252 10
      vertex 3.76222 10.3366 10
    endloop
  endfacet
  facet normal 0.300739 0.953706 0
    outer loop
      vertex 2.84701 10.6252 10
      vertex 3.76222 10.3366 0
      vertex 2.84701 10.6252 0
    endloop
  endfacet
  facet normal -0.923888 0.382663 0
    outer loop
      vertex -10.3366 3.76222 0
      vertex -9.96939 4.6488 10
      vertex -9.96939 4.6488 0
    endloop
  endfacet
  facet normal -0.923888 0.382663 0
    outer loop
      vertex -9.96939 4.6488 10
      vertex -10.3366 3.76222 0
      vertex -10.3366 3.76222 10
    endloop
  endfacet
  facet normal -0.216438 0.976296 0
    outer loop
      vertex -1.91013 10.8329 0
      vertex -2.84701 10.6252 10
      vertex -1.91013 10.8329 10
    endloop
  endfacet
  facet normal -0.216438 0.976296 0
    outer loop
      vertex -2.84701 10.6252 10
      vertex -1.91013 10.8329 0
      vertex -2.84701 10.6252 0
    endloop
  endfacet
  facet normal -0.130468 0.991452 0
    outer loop
      vertex -0.958713 10.9581 0
      vertex -1.91013 10.8329 10
      vertex -0.958713 10.9581 10
    endloop
  endfacet
  facet normal -0.130468 0.991452 0
    outer loop
      vertex -1.91013 10.8329 10
      vertex -0.958713 10.9581 0
      vertex -1.91013 10.8329 0
    endloop
  endfacet
  facet normal -0.84339 -0.537302 0
    outer loop
      vertex -9.01067 -6.30934 0
      vertex -9.52628 -5.5 10
      vertex -9.52628 -5.5 0
    endloop
  endfacet
  facet normal -0.84339 -0.537302 0
    outer loop
      vertex -9.52628 -5.5 10
      vertex -9.01067 -6.30934 0
      vertex -9.01067 -6.30934 10
    endloop
  endfacet
  facet normal -0.0436627 -0.999046 0
    outer loop
      vertex -0.958713 -10.9581 0
      vertex 0 -11 10
      vertex -0.958713 -10.9581 10
    endloop
  endfacet
  facet normal -0.0436627 -0.999046 -0
    outer loop
      vertex 0 -11 10
      vertex -0.958713 -10.9581 0
      vertex 0 -11 0
    endloop
  endfacet
  facet normal -0.537302 0.84339 0
    outer loop
      vertex -5.5 9.52628 0
      vertex -6.30934 9.01067 10
      vertex -5.5 9.52628 10
    endloop
  endfacet
  facet normal -0.537302 0.84339 0
    outer loop
      vertex -6.30934 9.01067 10
      vertex -5.5 9.52628 0
      vertex -6.30934 9.01067 0
    endloop
  endfacet
  facet normal -0.608761 -0.793354 0
    outer loop
      vertex -7.07066 -8.42649 0
      vertex -6.30934 -9.01067 10
      vertex -7.07066 -8.42649 10
    endloop
  endfacet
  facet normal -0.608761 -0.793354 -0
    outer loop
      vertex -6.30934 -9.01067 10
      vertex -7.07066 -8.42649 0
      vertex -6.30934 -9.01067 0
    endloop
  endfacet
  facet normal -0.991452 0.130468 0
    outer loop
      vertex -10.9581 0.958713 0
      vertex -10.8329 1.91013 10
      vertex -10.8329 1.91013 0
    endloop
  endfacet
  facet normal -0.991452 0.130468 0
    outer loop
      vertex -10.8329 1.91013 10
      vertex -10.9581 0.958713 0
      vertex -10.9581 0.958713 10
    endloop
  endfacet
  facet normal -0.382663 -0.923888 0
    outer loop
      vertex -4.6488 -9.96939 0
      vertex -3.76222 -10.3366 10
      vertex -4.6488 -9.96939 10
    endloop
  endfacet
  facet normal -0.382663 -0.923888 -0
    outer loop
      vertex -3.76222 -10.3366 10
      vertex -4.6488 -9.96939 0
      vertex -3.76222 -10.3366 0
    endloop
  endfacet
  facet normal -0.300739 -0.953706 0
    outer loop
      vertex -3.76222 -10.3366 0
      vertex -2.84701 -10.6252 10
      vertex -3.76222 -10.3366 10
    endloop
  endfacet
  facet normal -0.300739 -0.953706 -0
    outer loop
      vertex -2.84701 -10.6252 10
      vertex -3.76222 -10.3366 0
      vertex -2.84701 -10.6252 0
    endloop
  endfacet
  facet normal 0 0 -1
    outer loop
      vertex 3.71586 1.73273 0
      vertex 7.53609 8 0
      vertex 3.85274 1.40228 0
    endloop
  endfacet
  facet normal 0 0 -1
    outer loop
      vertex 3.5507 2.05 0
      vertex 7.53609 8 0
      vertex 3.71586 1.73273 0
    endloop
  endfacet
  facet normal 0 0 -1
    outer loop
      vertex 3.35852 2.35166 0
      vertex 7.53609 8 0
      vertex 3.5507 2.05 0
    endloop
  endfacet
  facet normal 0 0 -1
    outer loop
      vertex 3.14078 2.63543 0
      vertex 7.53609 8 0
      vertex 3.35852 2.35166 0
    endloop
  endfacet
  facet normal 0 0 -1
    outer loop
      vertex 2.89914 2.89914 0
      vertex 7.53609 8 0
      vertex 3.14078 2.63543 0
    endloop
  endfacet
  facet normal 0 0 -1
    outer loop
      vertex 2.63543 3.14078 0
      vertex 7.53609 8 0
      vertex 2.89914 2.89914 0
    endloop
  endfacet
  facet normal -0 0 -1
    outer loop
      vertex 7.53609 8 0
      vertex 2.63543 3.14078 0
      vertex 7.07066 8.42649 0
    endloop
  endfacet
  facet normal -0 0 -1
    outer loop
      vertex 7.07066 8.42649 0
      vertex 2.63543 3.14078 0
      vertex 6.30934 9.01067 0
    endloop
  endfacet
  facet normal 0 0 -1
    outer loop
      vertex 2.35166 3.35852 0
      vertex 6.30934 9.01067 0
      vertex 2.63543 3.14078 0
    endloop
  endfacet
  facet normal -0 0 -1
    outer loop
      vertex 6.30934 9.01067 0
      vertex 2.35166 3.35852 0
      vertex 5.5 9.52628 0
    endloop
  endfacet
  facet normal 0 0 -1
    outer loop
      vertex 2.05 3.5507 0
      vertex 5.5 9.52628 0
      vertex 2.35166 3.35852 0
    endloop
  endfacet
  facet normal -0 0 -1
    outer loop
      vertex 5.5 9.52628 0
      vertex 2.05 3.5507 0
      vertex 4.6488 9.96939 0
    endloop
  endfacet
  facet normal 0 0 -1
    outer loop
      vertex 1.73273 3.71586 0
      vertex 4.6488 9.96939 0
      vertex 2.05 3.5507 0
    endloop
  endfacet
  facet normal -0 0 -1
    outer loop
      vertex 4.6488 9.96939 0
      vertex 1.73273 3.71586 0
      vertex 3.76222 10.3366 0
    endloop
  endfacet
  facet normal 0 0 -1
    outer loop
      vertex 1.40228 3.85274 0
      vertex 3.76222 10.3366 0
      vertex 1.73273 3.71586 0
    endloop
  endfacet
  facet normal -0 0 -1
    outer loop
      vertex 3.76222 10.3366 0
      vertex 1.40228 3.85274 0
      vertex 2.84701 10.6252 0
    endloop
  endfacet
  facet normal 0 0 -1
    outer loop
      vertex 1.06116 3.9603 0
      vertex 2.84701 10.6252 0
      vertex 1.40228 3.85274 0
    endloop
  endfacet
  facet normal -0 0 -1
    outer loop
      vertex 2.84701 10.6252 0
      vertex 1.06116 3.9603 0
      vertex 1.91013 10.8329 0
    endloop
  endfacet
  facet normal 0 0 -1
    outer loop
      vertex 0.711957 4.03771 0
      vertex 1.91013 10.8329 0
      vertex 1.06116 3.9603 0
    endloop
  endfacet
  facet normal -0 0 -1
    outer loop
      vertex 1.91013 10.8329 0
      vertex 0.711957 4.03771 0
      vertex 0.958713 10.9581 0
    endloop
  endfacet
  facet normal 0 0 -1
    outer loop
      vertex 0.357338 4.0844 0
      vertex 0.958713 10.9581 0
      vertex 0.711957 4.03771 0
    endloop
  endfacet
  facet normal 0 0 -1
    outer loop
      vertex 0 4.1 0
      vertex 0.958713 10.9581 0
      vertex 0.357338 4.0844 0
    endloop
  endfacet
  facet normal 0 0 -1
    outer loop
      vertex 0 4.1 0
      vertex 0 11 0
      vertex 0.958713 10.9581 0
    endloop
  endfacet
  facet normal 0 0 -1
    outer loop
      vertex -0.357338 4.0844 0
      vertex 0 11 0
      vertex 0 4.1 0
    endloop
  endfacet
  facet normal 0 0 -1
    outer loop
      vertex -0.958713 10.9581 0
      vertex -0.357338 4.0844 0
      vertex -0.711957 4.03771 0
    endloop
  endfacet
  facet normal 0 0 -1
    outer loop
      vertex -0.357338 4.0844 0
      vertex -0.958713 10.9581 0
      vertex 0 11 0
    endloop
  endfacet
  facet normal 0 0 -1
    outer loop
      vertex -1.91013 10.8329 0
      vertex -0.711957 4.03771 0
      vertex -1.06116 3.9603 0
    endloop
  endfacet
  facet normal 0 0 -1
    outer loop
      vertex -2.84701 10.6252 0
      vertex -1.06116 3.9603 0
      vertex -1.40228 3.85274 0
    endloop
  endfacet
  facet normal 0 0 -1
    outer loop
      vertex -3.76222 10.3366 0
      vertex -1.40228 3.85274 0
      vertex -1.73273 3.71586 0
    endloop
  endfacet
  facet normal 0 0 -1
    outer loop
      vertex -0.711957 4.03771 0
      vertex -1.91013 10.8329 0
      vertex -0.958713 10.9581 0
    endloop
  endfacet
  facet normal 0 0 -1
    outer loop
      vertex -4.6488 9.96939 0
      vertex -1.73273 3.71586 0
      vertex -2.05 3.5507 0
    endloop
  endfacet
  facet normal 0 0 -1
    outer loop
      vertex -5.5 9.52628 0
      vertex -2.05 3.5507 0
      vertex -2.35166 3.35852 0
    endloop
  endfacet
  facet normal 0 0 -1
    outer loop
      vertex -6.30934 9.01067 0
      vertex -2.35166 3.35852 0
      vertex -2.63543 3.14078 0
    endloop
  endfacet
  facet normal 0 0 -1
    outer loop
      vertex -1.06116 3.9603 0
      vertex -2.84701 10.6252 0
      vertex -1.91013 10.8329 0
    endloop
  endfacet
  facet normal 0 0 -1
    outer loop
      vertex -7.07066 8.42649 0
      vertex -2.63543 3.14078 0
      vertex -2.89914 2.89914 0
    endloop
  endfacet
  facet normal 0 0 -1
    outer loop
      vertex -7.77817 7.77817 0
      vertex -2.89914 2.89914 0
      vertex -3.14078 2.63543 0
    endloop
  endfacet
  facet normal 0 0 -1
    outer loop
      vertex -8.42649 7.07066 0
      vertex -3.14078 2.63543 0
      vertex -3.35852 2.35166 0
    endloop
  endfacet
  facet normal 0 0 -1
    outer loop
      vertex -9.01067 6.30934 0
      vertex -3.35852 2.35166 0
      vertex -3.5507 2.05 0
    endloop
  endfacet
  facet normal 0 0 -1
    outer loop
      vertex -9.52628 5.5 0
      vertex -3.5507 2.05 0
      vertex -3.71586 1.73273 0
    endloop
  endfacet
  facet normal 0 0 -1
    outer loop
      vertex -1.40228 3.85274 0
      vertex -3.76222 10.3366 0
      vertex -2.84701 10.6252 0
    endloop
  endfacet
  facet normal 0 0 -1
    outer loop
      vertex -9.96939 4.6488 0
      vertex -3.71586 1.73273 0
      vertex -3.85274 1.40228 0
    endloop
  endfacet
  facet normal 0 0 -1
    outer loop
      vertex -10.3366 3.76222 0
      vertex -3.85274 1.40228 0
      vertex -3.9603 1.06116 0
    endloop
  endfacet
  facet normal 0 0 -1
    outer loop
      vertex -10.6252 2.84701 0
      vertex -3.9603 1.06116 0
      vertex -4.03771 0.711957 0
    endloop
  endfacet
  facet normal 0 0 -1
    outer loop
      vertex -10.8329 1.91013 0
      vertex -4.03771 0.711957 0
      vertex -4.0844 0.357338 0
    endloop
  endfacet
  facet normal 0 0 -1
    outer loop
      vertex -10.9581 0.958713 0
      vertex -4.0844 0.357338 0
      vertex -4.1 0 0
    endloop
  endfacet
  facet normal 0 0 -1
    outer loop
      vertex -9.52628 -5.5 0
      vertex -3.5507 -2.05 0
      vertex -9.01067 -6.30934 0
    endloop
  endfacet
  facet normal 0 0 -1
    outer loop
      vertex -1.73273 3.71586 0
      vertex -4.6488 9.96939 0
      vertex -3.76222 10.3366 0
    endloop
  endfacet
  facet normal -0 0 -1
    outer loop
      vertex -3.5507 -2.05 0
      vertex -9.52628 -5.5 0
      vertex -3.71586 -1.73273 0
    endloop
  endfacet
  facet normal 0 0 -1
    outer loop
      vertex -2.05 3.5507 0
      vertex -5.5 9.52628 0
      vertex -4.6488 9.96939 0
    endloop
  endfacet
  facet normal 0 0 -1
    outer loop
      vertex -9.96939 -4.6488 0
      vertex -3.71586 -1.73273 0
      vertex -9.52628 -5.5 0
    endloop
  endfacet
  facet normal 0 0 -1
    outer loop
      vertex -2.35166 3.35852 0
      vertex -6.30934 9.01067 0
      vertex -5.5 9.52628 0
    endloop
  endfacet
  facet normal -0 0 -1
    outer loop
      vertex -3.71586 -1.73273 0
      vertex -9.96939 -4.6488 0
      vertex -3.85274 -1.40228 0
    endloop
  endfacet
  facet normal 0 0 -1
    outer loop
      vertex -2.63543 3.14078 0
      vertex -7.07066 8.42649 0
      vertex -6.30934 9.01067 0
    endloop
  endfacet
  facet normal 0 0 -1
    outer loop
      vertex -10.3366 -3.76222 0
      vertex -3.85274 -1.40228 0
      vertex -9.96939 -4.6488 0
    endloop
  endfacet
  facet normal 0 0 -1
    outer loop
      vertex -2.89914 2.89914 0
      vertex -7.77817 7.77817 0
      vertex -7.07066 8.42649 0
    endloop
  endfacet
  facet normal -0 0 -1
    outer loop
      vertex -3.85274 -1.40228 0
      vertex -10.3366 -3.76222 0
      vertex -3.9603 -1.06116 0
    endloop
  endfacet
  facet normal 0 0 -1
    outer loop
      vertex -3.14078 2.63543 0
      vertex -8.42649 7.07066 0
      vertex -7.77817 7.77817 0
    endloop
  endfacet
  facet normal 0 0 -1
    outer loop
      vertex -10.6252 -2.84701 0
      vertex -3.9603 -1.06116 0
      vertex -10.3366 -3.76222 0
    endloop
  endfacet
  facet normal 0 0 -1
    outer loop
      vertex -3.35852 2.35166 0
      vertex -9.01067 6.30934 0
      vertex -8.42649 7.07066 0
    endloop
  endfacet
  facet normal -0 0 -1
    outer loop
      vertex -3.9603 -1.06116 0
      vertex -10.6252 -2.84701 0
      vertex -4.03771 -0.711957 0
    endloop
  endfacet
  facet normal 0 0 -1
    outer loop
      vertex -3.5507 2.05 0
      vertex -9.52628 5.5 0
      vertex -9.01067 6.30934 0
    endloop
  endfacet
  facet normal 0 0 -1
    outer loop
      vertex -10.8329 -1.91013 0
      vertex -4.03771 -0.711957 0
      vertex -10.6252 -2.84701 0
    endloop
  endfacet
  facet normal 0 0 -1
    outer loop
      vertex -3.71586 1.73273 0
      vertex -9.96939 4.6488 0
      vertex -9.52628 5.5 0
    endloop
  endfacet
  facet normal -0 0 -1
    outer loop
      vertex -4.03771 -0.711957 0
      vertex -10.8329 -1.91013 0
      vertex -4.0844 -0.357338 0
    endloop
  endfacet
  facet normal 0 0 -1
    outer loop
      vertex -3.85274 1.40228 0
      vertex -10.3366 3.76222 0
      vertex -9.96939 4.6488 0
    endloop
  endfacet
  facet normal 0 0 -1
    outer loop
      vertex -10.9581 -0.958713 0
      vertex -4.0844 -0.357338 0
      vertex -10.8329 -1.91013 0
    endloop
  endfacet
  facet normal 0 0 -1
    outer loop
      vertex -3.9603 1.06116 0
      vertex -10.6252 2.84701 0
      vertex -10.3366 3.76222 0
    endloop
  endfacet
  facet normal -0 0 -1
    outer loop
      vertex -4.0844 -0.357338 0
      vertex -10.9581 -0.958713 0
      vertex -4.1 0 0
    endloop
  endfacet
  facet normal 0 0 -1
    outer loop
      vertex -4.03771 0.711957 0
      vertex -10.8329 1.91013 0
      vertex -10.6252 2.84701 0
    endloop
  endfacet
  facet normal 0 0 -1
    outer loop
      vertex -11 0 0
      vertex -4.1 0 0
      vertex -10.9581 -0.958713 0
    endloop
  endfacet
  facet normal 0 0 -1
    outer loop
      vertex -4.0844 0.357338 0
      vertex -10.9581 0.958713 0
      vertex -10.8329 1.91013 0
    endloop
  endfacet
  facet normal 0 0 -1
    outer loop
      vertex -4.1 0 0
      vertex -11 0 0
      vertex -10.9581 0.958713 0
    endloop
  endfacet
  facet normal 0 0 -1
    outer loop
      vertex 86.5 0 0
      vertex 89 0 0
      vertex 88.9658 -0.784401 0
    endloop
  endfacet
  facet normal 0 0 -1
    outer loop
      vertex 86.4753 -0.566512 0
      vertex 88.9658 -0.784401 0
      vertex 88.8633 -1.56283 0
    endloop
  endfacet
  facet normal 0 0 -1
    outer loop
      vertex 89 0 0
      vertex 86.5 0 0
      vertex 88.9658 0.784401 0
    endloop
  endfacet
  facet normal 0 0 -1
    outer loop
      vertex 86.4013 -1.12871 0
      vertex 88.8633 -1.56283 0
      vertex 88.6933 -2.32937 0
    endloop
  endfacet
  facet normal 0 0 -1
    outer loop
      vertex 86.4753 0.566512 0
      vertex 88.9658 0.784401 0
      vertex 86.5 0 0
    endloop
  endfacet
  facet normal 0 0 -1
    outer loop
      vertex 86.2785 -1.68232 0
      vertex 88.6933 -2.32937 0
      vertex 88.4572 -3.07818 0
    endloop
  endfacet
  facet normal -0 0 -1
    outer loop
      vertex 88.9658 0.784401 0
      vertex 86.4753 0.566512 0
      vertex 88.8633 1.56283 0
    endloop
  endfacet
  facet normal 0 0 -1
    outer loop
      vertex 86.108 -2.22313 0
      vertex 88.4572 -3.07818 0
      vertex 88.1568 -3.80356 0
    endloop
  endfacet
  facet normal 0 0 -1
    outer loop
      vertex 86.4013 1.12871 0
      vertex 88.8633 1.56283 0
      vertex 86.4753 0.566512 0
    endloop
  endfacet
  facet normal 0 0 -1
    outer loop
      vertex 85.891 -2.74702 0
      vertex 88.1568 -3.80356 0
      vertex 87.7942 -4.5 0
    endloop
  endfacet
  facet normal -0 0 -1
    outer loop
      vertex 88.8633 1.56283 0
      vertex 86.4013 1.12871 0
      vertex 88.6933 2.32937 0
    endloop
  endfacet
  facet normal 0 0 -1
    outer loop
      vertex 85.6292 -3.25 0
      vertex 87.7942 -4.5 0
      vertex 87.3724 -5.16219 0
    endloop
  endfacet
  facet normal 0 0 -1
    outer loop
      vertex 86.2785 1.68232 0
      vertex 88.6933 2.32937 0
      vertex 86.4013 1.12871 0
    endloop
  endfacet
  facet normal 0 0 -1
    outer loop
      vertex 85.3245 -3.72825 0
      vertex 87.3724 -5.16219 0
      vertex 86.8944 -5.78509 0
    endloop
  endfacet
  facet normal -0 0 -1
    outer loop
      vertex 88.6933 2.32937 0
      vertex 86.2785 1.68232 0
      vertex 88.4572 3.07818 0
    endloop
  endfacet
  facet normal 0 0 -1
    outer loop
      vertex 86.108 2.22313 0
      vertex 88.4572 3.07818 0
      vertex 86.2785 1.68232 0
    endloop
  endfacet
  facet normal 0 0 -1
    outer loop
      vertex 88.9658 -0.784401 0
      vertex 86.4753 -0.566512 0
      vertex 86.5 0 0
    endloop
  endfacet
  facet normal 0 0 -1
    outer loop
      vertex 88.8633 -1.56283 0
      vertex 86.4013 -1.12871 0
      vertex 86.4753 -0.566512 0
    endloop
  endfacet
  facet normal 0 0 -1
    outer loop
      vertex 84.9793 -4.17812 0
      vertex 86.8944 -5.78509 0
      vertex 86.364 -6.36396 0
    endloop
  endfacet
  facet normal 0 0 -1
    outer loop
      vertex 88.6933 -2.32937 0
      vertex 86.2785 -1.68232 0
      vertex 86.4013 -1.12871 0
    endloop
  endfacet
  facet normal 0 0 -1
    outer loop
      vertex 88.4572 -3.07818 0
      vertex 86.108 -2.22313 0
      vertex 86.2785 -1.68232 0
    endloop
  endfacet
  facet normal 0 0 -1
    outer loop
      vertex 88.1568 -3.80356 0
      vertex 85.891 -2.74702 0
      vertex 86.108 -2.22313 0
    endloop
  endfacet
  facet normal 0 0 -1
    outer loop
      vertex 84.5962 -4.59619 0
      vertex 86.364 -6.36396 0
      vertex 85.7851 -6.8944 0
    endloop
  endfacet
  facet normal 0 0 -1
    outer loop
      vertex 87.7942 -4.5 0
      vertex 85.6292 -3.25 0
      vertex 85.891 -2.74702 0
    endloop
  endfacet
  facet normal 0 0 -1
    outer loop
      vertex 87.3724 -5.16219 0
      vertex 85.3245 -3.72825 0
      vertex 85.6292 -3.25 0
    endloop
  endfacet
  facet normal 0 0 -1
    outer loop
      vertex 84.1781 -4.97929 0
      vertex 85.7851 -6.8944 0
      vertex 85.1622 -7.37237 0
    endloop
  endfacet
  facet normal 0 0 -1
    outer loop
      vertex 86.8944 -5.78509 0
      vertex 84.9793 -4.17812 0
      vertex 85.3245 -3.72825 0
    endloop
  endfacet
  facet normal 0 0 -1
    outer loop
      vertex 86.364 -6.36396 0
      vertex 84.5962 -4.59619 0
      vertex 84.9793 -4.17812 0
    endloop
  endfacet
  facet normal 0 0 -1
    outer loop
      vertex 83.7282 -5.32449 0
      vertex 85.1622 -7.37237 0
      vertex 84.5 -7.79423 0
    endloop
  endfacet
  facet normal 0 0 -1
    outer loop
      vertex 85.7851 -6.8944 0
      vertex 84.1781 -4.97929 0
      vertex 84.5962 -4.59619 0
    endloop
  endfacet
  facet normal 0 0 -1
    outer loop
      vertex 83.25 -5.62916 0
      vertex 84.5 -7.79423 0
      vertex 83.8036 -8.15677 0
    endloop
  endfacet
  facet normal 0 0 -1
    outer loop
      vertex 85.1622 -7.37237 0
      vertex 83.7282 -5.32449 0
      vertex 84.1781 -4.97929 0
    endloop
  endfacet
  facet normal 0 0 -1
    outer loop
      vertex 84.5 -7.79423 0
      vertex 83.25 -5.62916 0
      vertex 83.7282 -5.32449 0
    endloop
  endfacet
  facet normal 0 0 -1
    outer loop
      vertex 82.747 -5.891 0
      vertex 83.8036 -8.15677 0
      vertex 83.0782 -8.45723 0
    endloop
  endfacet
  facet normal 0 0 -1
    outer loop
      vertex 83.8036 -8.15677 0
      vertex 82.747 -5.891 0
      vertex 83.25 -5.62916 0
    endloop
  endfacet
  facet normal 0 0 -1
    outer loop
      vertex 82.2231 -6.108 0
      vertex 83.0782 -8.45723 0
      vertex 82.3294 -8.69333 0
    endloop
  endfacet
  facet normal 0 0 -1
    outer loop
      vertex 83.0782 -8.45723 0
      vertex 82.2231 -6.108 0
      vertex 82.747 -5.891 0
    endloop
  endfacet
  facet normal 0 0 -1
    outer loop
      vertex 82.3294 -8.69333 0
      vertex 81.6823 -6.27852 0
      vertex 82.2231 -6.108 0
    endloop
  endfacet
  facet normal 0 0 -1
    outer loop
      vertex 81.5628 -8.86327 0
      vertex 81.6823 -6.27852 0
      vertex 82.3294 -8.69333 0
    endloop
  endfacet
  facet normal 0 0 -1
    outer loop
      vertex 81.5628 -8.86327 0
      vertex 81.1287 -6.40125 0
      vertex 81.6823 -6.27852 0
    endloop
  endfacet
  facet normal 0 0 -1
    outer loop
      vertex 80.7844 -8.96575 0
      vertex 81.1287 -6.40125 0
      vertex 81.5628 -8.86327 0
    endloop
  endfacet
  facet normal 0 0 -1
    outer loop
      vertex 80.7844 -8.96575 0
      vertex 80.5665 -6.47527 0
      vertex 81.1287 -6.40125 0
    endloop
  endfacet
  facet normal 0 0 -1
    outer loop
      vertex 80 -9 0
      vertex 80.5665 -6.47527 0
      vertex 80.7844 -8.96575 0
    endloop
  endfacet
  facet normal 0 0 -1
    outer loop
      vertex 80 -9 0
      vertex 80 -6.5 0
      vertex 80.5665 -6.47527 0
    endloop
  endfacet
  facet normal 0 0 -1
    outer loop
      vertex 80 -9 0
      vertex 79.4335 -6.47527 0
      vertex 80 -6.5 0
    endloop
  endfacet
  facet normal 0 0 -1
    outer loop
      vertex 79.2156 -8.96575 0
      vertex 79.4335 -6.47527 0
      vertex 80 -9 0
    endloop
  endfacet
  facet normal 0 0 -1
    outer loop
      vertex 79.2156 -8.96575 0
      vertex 78.8713 -6.40125 0
      vertex 79.4335 -6.47527 0
    endloop
  endfacet
  facet normal 0 0 -1
    outer loop
      vertex 78.4372 -8.86327 0
      vertex 78.8713 -6.40125 0
      vertex 79.2156 -8.96575 0
    endloop
  endfacet
  facet normal 0 0 -1
    outer loop
      vertex 78.4372 -8.86327 0
      vertex 78.3177 -6.27852 0
      vertex 78.8713 -6.40125 0
    endloop
  endfacet
  facet normal 0 0 -1
    outer loop
      vertex 77.6706 -8.69333 0
      vertex 78.3177 -6.27852 0
      vertex 78.4372 -8.86327 0
    endloop
  endfacet
  facet normal -0 0 -1
    outer loop
      vertex 78.3177 -6.27852 0
      vertex 77.6706 -8.69333 0
      vertex 77.7769 -6.108 0
    endloop
  endfacet
  facet normal 0 0 -1
    outer loop
      vertex 76.9218 -8.45723 0
      vertex 77.7769 -6.108 0
      vertex 77.6706 -8.69333 0
    endloop
  endfacet
  facet normal -0 0 -1
    outer loop
      vertex 77.7769 -6.108 0
      vertex 76.9218 -8.45723 0
      vertex 77.253 -5.891 0
    endloop
  endfacet
  facet normal 0 0 -1
    outer loop
      vertex 76.1964 -8.15677 0
      vertex 77.253 -5.891 0
      vertex 76.9218 -8.45723 0
    endloop
  endfacet
  facet normal 0 0 -1
    outer loop
      vertex 75.8953 -8 0
      vertex 77.253 -5.891 0
      vertex 76.1964 -8.15677 0
    endloop
  endfacet
  facet normal -0 0 -1
    outer loop
      vertex 77.253 -5.891 0
      vertex 75.8953 -8 0
      vertex 76.75 -5.62916 0
    endloop
  endfacet
  facet normal -0 0 -1
    outer loop
      vertex 76.75 -5.62916 0
      vertex 75.8953 -8 0
      vertex 76.2718 -5.32449 0
    endloop
  endfacet
  facet normal 0 0 -1
    outer loop
      vertex 75.8953 -8 0
      vertex 75.8219 -4.97929 0
      vertex 76.2718 -5.32449 0
    endloop
  endfacet
  facet normal 0 0 -1
    outer loop
      vertex 75.8953 -8 0
      vertex 75.4038 -4.59619 0
      vertex 75.8219 -4.97929 0
    endloop
  endfacet
  facet normal 0 0 -1
    outer loop
      vertex 75.8953 -8 0
      vertex 75.0207 -4.17812 0
      vertex 75.4038 -4.59619 0
    endloop
  endfacet
  facet normal 0 0 -1
    outer loop
      vertex 75.8953 -8 0
      vertex 74.6755 -3.72825 0
      vertex 75.0207 -4.17812 0
    endloop
  endfacet
  facet normal 0 0 -1
    outer loop
      vertex 75.8953 -8 0
      vertex 74.3708 -3.25 0
      vertex 74.6755 -3.72825 0
    endloop
  endfacet
  facet normal 0 0 -1
    outer loop
      vertex 75.8953 -8 0
      vertex 74.109 -2.74702 0
      vertex 74.3708 -3.25 0
    endloop
  endfacet
  facet normal 0 0 -1
    outer loop
      vertex 7.53609 -8 0
      vertex 74.109 -2.74702 0
      vertex 75.8953 -8 0
    endloop
  endfacet
  facet normal -0 0 -1
    outer loop
      vertex 73.5247 -0.566512 0
      vertex 7.53609 -8 0
      vertex 73.5 0 0
    endloop
  endfacet
  facet normal -0 0 -1
    outer loop
      vertex 73.5987 -1.12871 0
      vertex 7.53609 -8 0
      vertex 73.5247 -0.566512 0
    endloop
  endfacet
  facet normal -0 0 -1
    outer loop
      vertex 73.7215 -1.68232 0
      vertex 7.53609 -8 0
      vertex 73.5987 -1.12871 0
    endloop
  endfacet
  facet normal -0 0 -1
    outer loop
      vertex 73.892 -2.22313 0
      vertex 7.53609 -8 0
      vertex 73.7215 -1.68232 0
    endloop
  endfacet
  facet normal -0 0 -1
    outer loop
      vertex 74.109 -2.74702 0
      vertex 7.53609 -8 0
      vertex 73.892 -2.22313 0
    endloop
  endfacet
  facet normal -0 0 -1
    outer loop
      vertex 88.4572 3.07818 0
      vertex 86.108 2.22313 0
      vertex 88.1568 3.80356 0
    endloop
  endfacet
  facet normal 0 0 -1
    outer loop
      vertex 85.891 2.74702 0
      vertex 88.1568 3.80356 0
      vertex 86.108 2.22313 0
    endloop
  endfacet
  facet normal -0 0 -1
    outer loop
      vertex 88.1568 3.80356 0
      vertex 85.891 2.74702 0
      vertex 87.7942 4.5 0
    endloop
  endfacet
  facet normal 0 0 -1
    outer loop
      vertex 85.6292 3.25 0
      vertex 87.7942 4.5 0
      vertex 85.891 2.74702 0
    endloop
  endfacet
  facet normal -0 0 -1
    outer loop
      vertex 87.7942 4.5 0
      vertex 85.6292 3.25 0
      vertex 87.3724 5.16219 0
    endloop
  endfacet
  facet normal 0 0 -1
    outer loop
      vertex 85.3245 3.72825 0
      vertex 87.3724 5.16219 0
      vertex 85.6292 3.25 0
    endloop
  endfacet
  facet normal -0 0 -1
    outer loop
      vertex 87.3724 5.16219 0
      vertex 85.3245 3.72825 0
      vertex 86.8944 5.78509 0
    endloop
  endfacet
  facet normal 0 0 -1
    outer loop
      vertex 84.9793 4.17812 0
      vertex 86.8944 5.78509 0
      vertex 85.3245 3.72825 0
    endloop
  endfacet
  facet normal -0 0 -1
    outer loop
      vertex 86.8944 5.78509 0
      vertex 84.9793 4.17812 0
      vertex 86.364 6.36396 0
    endloop
  endfacet
  facet normal 0 0 -1
    outer loop
      vertex 84.5962 4.59619 0
      vertex 86.364 6.36396 0
      vertex 84.9793 4.17812 0
    endloop
  endfacet
  facet normal -0 0 -1
    outer loop
      vertex 86.364 6.36396 0
      vertex 84.5962 4.59619 0
      vertex 85.7851 6.8944 0
    endloop
  endfacet
  facet normal 0 0 -1
    outer loop
      vertex 84.1781 4.97929 0
      vertex 85.7851 6.8944 0
      vertex 84.5962 4.59619 0
    endloop
  endfacet
  facet normal -0 0 -1
    outer loop
      vertex 85.7851 6.8944 0
      vertex 84.1781 4.97929 0
      vertex 85.1622 7.37237 0
    endloop
  endfacet
  facet normal 0 0 -1
    outer loop
      vertex 83.7282 5.32449 0
      vertex 85.1622 7.37237 0
      vertex 84.1781 4.97929 0
    endloop
  endfacet
  facet normal -0 0 -1
    outer loop
      vertex 85.1622 7.37237 0
      vertex 83.7282 5.32449 0
      vertex 84.5 7.79423 0
    endloop
  endfacet
  facet normal 0 0 -1
    outer loop
      vertex 83.25 5.62916 0
      vertex 84.5 7.79423 0
      vertex 83.7282 5.32449 0
    endloop
  endfacet
  facet normal -0 0 -1
    outer loop
      vertex 84.5 7.79423 0
      vertex 83.25 5.62916 0
      vertex 83.8036 8.15677 0
    endloop
  endfacet
  facet normal 0 0 -1
    outer loop
      vertex 82.747 5.891 0
      vertex 83.8036 8.15677 0
      vertex 83.25 5.62916 0
    endloop
  endfacet
  facet normal -0 0 -1
    outer loop
      vertex 83.8036 8.15677 0
      vertex 82.747 5.891 0
      vertex 83.0782 8.45723 0
    endloop
  endfacet
  facet normal 0 0 -1
    outer loop
      vertex 82.2231 6.108 0
      vertex 83.0782 8.45723 0
      vertex 82.747 5.891 0
    endloop
  endfacet
  facet normal -0 0 -1
    outer loop
      vertex 83.0782 8.45723 0
      vertex 82.2231 6.108 0
      vertex 82.3294 8.69333 0
    endloop
  endfacet
  facet normal 0 0 -1
    outer loop
      vertex 81.6823 6.27852 0
      vertex 82.3294 8.69333 0
      vertex 82.2231 6.108 0
    endloop
  endfacet
  facet normal 0 0 -1
    outer loop
      vertex 81.6823 6.27852 0
      vertex 81.5628 8.86327 0
      vertex 82.3294 8.69333 0
    endloop
  endfacet
  facet normal 0 0 -1
    outer loop
      vertex 81.1287 6.40125 0
      vertex 81.5628 8.86327 0
      vertex 81.6823 6.27852 0
    endloop
  endfacet
  facet normal 0 0 -1
    outer loop
      vertex 81.1287 6.40125 0
      vertex 80.7844 8.96575 0
      vertex 81.5628 8.86327 0
    endloop
  endfacet
  facet normal 0 0 -1
    outer loop
      vertex 80.5665 6.47527 0
      vertex 80.7844 8.96575 0
      vertex 81.1287 6.40125 0
    endloop
  endfacet
  facet normal 0 0 -1
    outer loop
      vertex 80 6.5 0
      vertex 80.7844 8.96575 0
      vertex 80.5665 6.47527 0
    endloop
  endfacet
  facet normal 0 0 -1
    outer loop
      vertex 80 6.5 0
      vertex 80 9 0
      vertex 80.7844 8.96575 0
    endloop
  endfacet
  facet normal 0 0 -1
    outer loop
      vertex 79.4335 6.47527 0
      vertex 80 9 0
      vertex 80 6.5 0
    endloop
  endfacet
  facet normal 0 0 -1
    outer loop
      vertex 79.4335 6.47527 0
      vertex 79.2156 8.96575 0
      vertex 80 9 0
    endloop
  endfacet
  facet normal 0 0 -1
    outer loop
      vertex 78.8713 6.40125 0
      vertex 79.2156 8.96575 0
      vertex 79.4335 6.47527 0
    endloop
  endfacet
  facet normal 0 0 -1
    outer loop
      vertex 78.8713 6.40125 0
      vertex 78.4372 8.86327 0
      vertex 79.2156 8.96575 0
    endloop
  endfacet
  facet normal 0 0 -1
    outer loop
      vertex 78.3177 6.27852 0
      vertex 78.4372 8.86327 0
      vertex 78.8713 6.40125 0
    endloop
  endfacet
  facet normal 0 0 -1
    outer loop
      vertex 77.6706 8.69333 0
      vertex 78.3177 6.27852 0
      vertex 77.7769 6.108 0
    endloop
  endfacet
  facet normal 0 0 -1
    outer loop
      vertex 78.3177 6.27852 0
      vertex 77.6706 8.69333 0
      vertex 78.4372 8.86327 0
    endloop
  endfacet
  facet normal 0 0 -1
    outer loop
      vertex 76.9218 8.45723 0
      vertex 77.7769 6.108 0
      vertex 77.253 5.891 0
    endloop
  endfacet
  facet normal 0 0 -1
    outer loop
      vertex 77.7769 6.108 0
      vertex 76.9218 8.45723 0
      vertex 77.6706 8.69333 0
    endloop
  endfacet
  facet normal 0 0 -1
    outer loop
      vertex 75.8953 8 0
      vertex 77.253 5.891 0
      vertex 76.75 5.62916 0
    endloop
  endfacet
  facet normal 0 0 -1
    outer loop
      vertex 75.8953 8 0
      vertex 76.75 5.62916 0
      vertex 76.2718 5.32449 0
    endloop
  endfacet
  facet normal 0 0 -1
    outer loop
      vertex 77.253 5.891 0
      vertex 76.1964 8.15677 0
      vertex 76.9218 8.45723 0
    endloop
  endfacet
  facet normal 0 0 -1
    outer loop
      vertex 77.253 5.891 0
      vertex 75.8953 8 0
      vertex 76.1964 8.15677 0
    endloop
  endfacet
  facet normal 0 0 -1
    outer loop
      vertex 75.8219 4.97929 0
      vertex 75.8953 8 0
      vertex 76.2718 5.32449 0
    endloop
  endfacet
  facet normal 0 0 -1
    outer loop
      vertex 75.4038 4.59619 0
      vertex 75.8953 8 0
      vertex 75.8219 4.97929 0
    endloop
  endfacet
  facet normal 0 0 -1
    outer loop
      vertex 75.0207 4.17812 0
      vertex 75.8953 8 0
      vertex 75.4038 4.59619 0
    endloop
  endfacet
  facet normal 0 0 -1
    outer loop
      vertex 74.6755 3.72825 0
      vertex 75.8953 8 0
      vertex 75.0207 4.17812 0
    endloop
  endfacet
  facet normal 0 0 -1
    outer loop
      vertex 74.3708 3.25 0
      vertex 75.8953 8 0
      vertex 74.6755 3.72825 0
    endloop
  endfacet
  facet normal 0 0 -1
    outer loop
      vertex 74.109 2.74702 0
      vertex 75.8953 8 0
      vertex 74.3708 3.25 0
    endloop
  endfacet
  facet normal 0 0 -1
    outer loop
      vertex 7.53609 8 0
      vertex 74.109 2.74702 0
      vertex 73.892 2.22313 0
    endloop
  endfacet
  facet normal 0 0 -1
    outer loop
      vertex 7.53609 8 0
      vertex 73.5 0 0
      vertex 7.53609 -8 0
    endloop
  endfacet
  facet normal 0 0 -1
    outer loop
      vertex 73.5 0 0
      vertex 7.53609 8 0
      vertex 73.5247 0.566512 0
    endloop
  endfacet
  facet normal 0 0 -1
    outer loop
      vertex 73.5247 0.566512 0
      vertex 7.53609 8 0
      vertex 73.5987 1.12871 0
    endloop
  endfacet
  facet normal 0 0 -1
    outer loop
      vertex 73.5987 1.12871 0
      vertex 7.53609 8 0
      vertex 73.7215 1.68232 0
    endloop
  endfacet
  facet normal 0 0 -1
    outer loop
      vertex 73.7215 1.68232 0
      vertex 7.53609 8 0
      vertex 73.892 2.22313 0
    endloop
  endfacet
  facet normal 0 0 -1
    outer loop
      vertex 74.109 2.74702 0
      vertex 7.53609 8 0
      vertex 75.8953 8 0
    endloop
  endfacet
  facet normal 0 0 -1
    outer loop
      vertex 2.63543 -3.14078 0
      vertex 7.53609 -8 0
      vertex 7.07066 -8.42649 0
    endloop
  endfacet
  facet normal 0 0 -1
    outer loop
      vertex 7.53609 -8 0
      vertex 4.1 0 0
      vertex 7.53609 8 0
    endloop
  endfacet
  facet normal 0 0 -1
    outer loop
      vertex 2.63543 -3.14078 0
      vertex 7.07066 -8.42649 0
      vertex 6.30934 -9.01067 0
    endloop
  endfacet
  facet normal 0 0 -1
    outer loop
      vertex 4.0844 0.357338 0
      vertex 7.53609 8 0
      vertex 4.1 0 0
    endloop
  endfacet
  facet normal 0 0 -1
    outer loop
      vertex 2.35166 -3.35852 0
      vertex 6.30934 -9.01067 0
      vertex 5.5 -9.52628 0
    endloop
  endfacet
  facet normal 0 0 -1
    outer loop
      vertex 4.03771 0.711957 0
      vertex 7.53609 8 0
      vertex 4.0844 0.357338 0
    endloop
  endfacet
  facet normal 0 0 -1
    outer loop
      vertex 2.05 -3.5507 0
      vertex 5.5 -9.52628 0
      vertex 4.6488 -9.96939 0
    endloop
  endfacet
  facet normal 0 0 -1
    outer loop
      vertex 3.9603 1.06116 0
      vertex 7.53609 8 0
      vertex 4.03771 0.711957 0
    endloop
  endfacet
  facet normal 0 0 -1
    outer loop
      vertex 3.85274 1.40228 0
      vertex 7.53609 8 0
      vertex 3.9603 1.06116 0
    endloop
  endfacet
  facet normal 0 0 -1
    outer loop
      vertex 7.53609 -8 0
      vertex 4.0844 -0.357338 0
      vertex 4.1 0 0
    endloop
  endfacet
  facet normal 0 0 -1
    outer loop
      vertex 7.53609 -8 0
      vertex 4.03771 -0.711957 0
      vertex 4.0844 -0.357338 0
    endloop
  endfacet
  facet normal 0 0 -1
    outer loop
      vertex 7.53609 -8 0
      vertex 3.9603 -1.06116 0
      vertex 4.03771 -0.711957 0
    endloop
  endfacet
  facet normal 0 0 -1
    outer loop
      vertex 7.53609 -8 0
      vertex 3.85274 -1.40228 0
      vertex 3.9603 -1.06116 0
    endloop
  endfacet
  facet normal 0 0 -1
    outer loop
      vertex 1.73273 -3.71586 0
      vertex 4.6488 -9.96939 0
      vertex 3.76222 -10.3366 0
    endloop
  endfacet
  facet normal 0 0 -1
    outer loop
      vertex 7.53609 -8 0
      vertex 3.71586 -1.73273 0
      vertex 3.85274 -1.40228 0
    endloop
  endfacet
  facet normal 0 0 -1
    outer loop
      vertex 7.53609 -8 0
      vertex 3.5507 -2.05 0
      vertex 3.71586 -1.73273 0
    endloop
  endfacet
  facet normal 0 0 -1
    outer loop
      vertex 7.53609 -8 0
      vertex 3.35852 -2.35166 0
      vertex 3.5507 -2.05 0
    endloop
  endfacet
  facet normal 0 0 -1
    outer loop
      vertex 7.53609 -8 0
      vertex 3.14078 -2.63543 0
      vertex 3.35852 -2.35166 0
    endloop
  endfacet
  facet normal 0 0 -1
    outer loop
      vertex 7.53609 -8 0
      vertex 2.89914 -2.89914 0
      vertex 3.14078 -2.63543 0
    endloop
  endfacet
  facet normal 0 0 -1
    outer loop
      vertex 1.40228 -3.85274 0
      vertex 3.76222 -10.3366 0
      vertex 2.84701 -10.6252 0
    endloop
  endfacet
  facet normal 0 0 -1
    outer loop
      vertex 7.53609 -8 0
      vertex 2.63543 -3.14078 0
      vertex 2.89914 -2.89914 0
    endloop
  endfacet
  facet normal 0 0 -1
    outer loop
      vertex 6.30934 -9.01067 0
      vertex 2.35166 -3.35852 0
      vertex 2.63543 -3.14078 0
    endloop
  endfacet
  facet normal 0 0 -1
    outer loop
      vertex 5.5 -9.52628 0
      vertex 2.05 -3.5507 0
      vertex 2.35166 -3.35852 0
    endloop
  endfacet
  facet normal 0 0 -1
    outer loop
      vertex 1.06116 -3.9603 0
      vertex 2.84701 -10.6252 0
      vertex 1.91013 -10.8329 0
    endloop
  endfacet
  facet normal 0 0 -1
    outer loop
      vertex 4.6488 -9.96939 0
      vertex 1.73273 -3.71586 0
      vertex 2.05 -3.5507 0
    endloop
  endfacet
  facet normal 0 0 -1
    outer loop
      vertex 3.76222 -10.3366 0
      vertex 1.40228 -3.85274 0
      vertex 1.73273 -3.71586 0
    endloop
  endfacet
  facet normal 0 0 -1
    outer loop
      vertex 2.84701 -10.6252 0
      vertex 1.06116 -3.9603 0
      vertex 1.40228 -3.85274 0
    endloop
  endfacet
  facet normal 0 0 -1
    outer loop
      vertex 0.711957 -4.03771 0
      vertex 1.91013 -10.8329 0
      vertex 0.958713 -10.9581 0
    endloop
  endfacet
  facet normal 0 0 -1
    outer loop
      vertex 1.91013 -10.8329 0
      vertex 0.711957 -4.03771 0
      vertex 1.06116 -3.9603 0
    endloop
  endfacet
  facet normal 0 0 -1
    outer loop
      vertex 0.958713 -10.9581 0
      vertex 0.357338 -4.0844 0
      vertex 0.711957 -4.03771 0
    endloop
  endfacet
  facet normal 0 0 -1
    outer loop
      vertex 0 -11 0
      vertex 0.357338 -4.0844 0
      vertex 0.958713 -10.9581 0
    endloop
  endfacet
  facet normal 0 0 -1
    outer loop
      vertex 0 -11 0
      vertex 0 -4.1 0
      vertex 0.357338 -4.0844 0
    endloop
  endfacet
  facet normal 0 0 -1
    outer loop
      vertex 0 -11 0
      vertex -0.357338 -4.0844 0
      vertex 0 -4.1 0
    endloop
  endfacet
  facet normal 0 0 -1
    outer loop
      vertex -0.958713 -10.9581 0
      vertex -0.357338 -4.0844 0
      vertex 0 -11 0
    endloop
  endfacet
  facet normal -0 0 -1
    outer loop
      vertex -0.357338 -4.0844 0
      vertex -0.958713 -10.9581 0
      vertex -0.711957 -4.03771 0
    endloop
  endfacet
  facet normal 0 0 -1
    outer loop
      vertex -1.91013 -10.8329 0
      vertex -0.711957 -4.03771 0
      vertex -0.958713 -10.9581 0
    endloop
  endfacet
  facet normal -0 0 -1
    outer loop
      vertex -0.711957 -4.03771 0
      vertex -1.91013 -10.8329 0
      vertex -1.06116 -3.9603 0
    endloop
  endfacet
  facet normal 0 0 -1
    outer loop
      vertex -2.84701 -10.6252 0
      vertex -1.06116 -3.9603 0
      vertex -1.91013 -10.8329 0
    endloop
  endfacet
  facet normal -0 0 -1
    outer loop
      vertex -1.06116 -3.9603 0
      vertex -2.84701 -10.6252 0
      vertex -1.40228 -3.85274 0
    endloop
  endfacet
  facet normal 0 0 -1
    outer loop
      vertex -3.76222 -10.3366 0
      vertex -1.40228 -3.85274 0
      vertex -2.84701 -10.6252 0
    endloop
  endfacet
  facet normal -0 0 -1
    outer loop
      vertex -1.40228 -3.85274 0
      vertex -3.76222 -10.3366 0
      vertex -1.73273 -3.71586 0
    endloop
  endfacet
  facet normal 0 0 -1
    outer loop
      vertex -4.6488 -9.96939 0
      vertex -1.73273 -3.71586 0
      vertex -3.76222 -10.3366 0
    endloop
  endfacet
  facet normal -0 0 -1
    outer loop
      vertex -1.73273 -3.71586 0
      vertex -4.6488 -9.96939 0
      vertex -2.05 -3.5507 0
    endloop
  endfacet
  facet normal 0 0 -1
    outer loop
      vertex -5.5 -9.52628 0
      vertex -2.05 -3.5507 0
      vertex -4.6488 -9.96939 0
    endloop
  endfacet
  facet normal -0 0 -1
    outer loop
      vertex -2.05 -3.5507 0
      vertex -5.5 -9.52628 0
      vertex -2.35166 -3.35852 0
    endloop
  endfacet
  facet normal 0 0 -1
    outer loop
      vertex -6.30934 -9.01067 0
      vertex -2.35166 -3.35852 0
      vertex -5.5 -9.52628 0
    endloop
  endfacet
  facet normal -0 0 -1
    outer loop
      vertex -2.35166 -3.35852 0
      vertex -6.30934 -9.01067 0
      vertex -2.63543 -3.14078 0
    endloop
  endfacet
  facet normal 0 0 -1
    outer loop
      vertex -7.07066 -8.42649 0
      vertex -2.63543 -3.14078 0
      vertex -6.30934 -9.01067 0
    endloop
  endfacet
  facet normal -0 0 -1
    outer loop
      vertex -2.63543 -3.14078 0
      vertex -7.07066 -8.42649 0
      vertex -2.89914 -2.89914 0
    endloop
  endfacet
  facet normal 0 0 -1
    outer loop
      vertex -7.77817 -7.77817 0
      vertex -2.89914 -2.89914 0
      vertex -7.07066 -8.42649 0
    endloop
  endfacet
  facet normal -0 0 -1
    outer loop
      vertex -2.89914 -2.89914 0
      vertex -7.77817 -7.77817 0
      vertex -3.14078 -2.63543 0
    endloop
  endfacet
  facet normal 0 0 -1
    outer loop
      vertex -8.42649 -7.07066 0
      vertex -3.14078 -2.63543 0
      vertex -7.77817 -7.77817 0
    endloop
  endfacet
  facet normal -0 0 -1
    outer loop
      vertex -3.14078 -2.63543 0
      vertex -8.42649 -7.07066 0
      vertex -3.35852 -2.35166 0
    endloop
  endfacet
  facet normal 0 0 -1
    outer loop
      vertex -9.01067 -6.30934 0
      vertex -3.35852 -2.35166 0
      vertex -8.42649 -7.07066 0
    endloop
  endfacet
  facet normal -0 0 -1
    outer loop
      vertex -3.35852 -2.35166 0
      vertex -9.01067 -6.30934 0
      vertex -3.5507 -2.05 0
    endloop
  endfacet
  facet normal 0.216438 -0.976296 0
    outer loop
      vertex 1.91013 -10.8329 0
      vertex 2.84701 -10.6252 10
      vertex 1.91013 -10.8329 10
    endloop
  endfacet
  facet normal 0.216438 -0.976296 0
    outer loop
      vertex 2.84701 -10.6252 10
      vertex 1.91013 -10.8329 0
      vertex 2.84701 -10.6252 0
    endloop
  endfacet
  facet normal -0.84339 0.537302 0
    outer loop
      vertex -9.52628 5.5 0
      vertex -9.01067 6.30934 10
      vertex -9.01067 6.30934 0
    endloop
  endfacet
  facet normal -0.84339 0.537302 0
    outer loop
      vertex -9.01067 6.30934 10
      vertex -9.52628 5.5 0
      vertex -9.52628 5.5 10
    endloop
  endfacet
  facet normal 0.675592 -0.737276 0
    outer loop
      vertex 7.07066 -8.42649 0
      vertex 7.53609 -8 10
      vertex 7.07066 -8.42649 10
    endloop
  endfacet
  facet normal 0.675592 -0.737276 0
    outer loop
      vertex 7.53609 -8 10
      vertex 7.07066 -8.42649 0
      vertex 7.53609 -8 0
    endloop
  endfacet
  facet normal 0.608761 -0.793354 0
    outer loop
      vertex 6.30934 -9.01067 0
      vertex 7.07066 -8.42649 10
      vertex 6.30934 -9.01067 10
    endloop
  endfacet
  facet normal 0.608761 -0.793354 0
    outer loop
      vertex 7.07066 -8.42649 10
      vertex 6.30934 -9.01067 0
      vertex 7.07066 -8.42649 0
    endloop
  endfacet
  facet normal 0.130468 0.991452 -0
    outer loop
      vertex 1.91013 10.8329 0
      vertex 0.958713 10.9581 10
      vertex 1.91013 10.8329 10
    endloop
  endfacet
  facet normal 0.130468 0.991452 0
    outer loop
      vertex 0.958713 10.9581 10
      vertex 1.91013 10.8329 0
      vertex 0.958713 10.9581 0
    endloop
  endfacet
  facet normal 0 1 -0
    outer loop
      vertex 75.8953 8 0
      vertex 7.53609 8 10
      vertex 75.8953 8 10
    endloop
  endfacet
  facet normal 0 1 0
    outer loop
      vertex 7.53609 8 10
      vertex 75.8953 8 0
      vertex 7.53609 8 0
    endloop
  endfacet
  facet normal 0 -1 0
    outer loop
      vertex 7.53609 -8 0
      vertex 75.8953 -8 10
      vertex 7.53609 -8 10
    endloop
  endfacet
  facet normal 0 -1 -0
    outer loop
      vertex 75.8953 -8 10
      vertex 7.53609 -8 0
      vertex 75.8953 -8 0
    endloop
  endfacet
  facet normal -0.737301 -0.675565 0
    outer loop
      vertex 73.636 -6.36396 10
      vertex 73.1056 -5.78509 14
      vertex 73.1056 -5.78509 10
    endloop
  endfacet
  facet normal -0.737301 -0.675565 0
    outer loop
      vertex 73.1056 -5.78509 14
      vertex 73.636 -6.36396 10
      vertex 73.636 -6.36396 14
    endloop
  endfacet
  facet normal 0.991442 0.130549 0
    outer loop
      vertex 88.9658 0.784401 14
      vertex 88.8633 1.56283 0
      vertex 88.8633 1.56283 14
    endloop
  endfacet
  facet normal 0.991442 0.130549 0
    outer loop
      vertex 88.8633 1.56283 0
      vertex 88.9658 0.784401 14
      vertex 88.9658 0.784401 0
    endloop
  endfacet
  facet normal 0.999051 0.0435588 0
    outer loop
      vertex 89 0 14
      vertex 88.9658 0.784401 0
      vertex 88.9658 0.784401 14
    endloop
  endfacet
  facet normal 0.999051 0.0435588 0
    outer loop
      vertex 88.9658 0.784401 0
      vertex 89 0 14
      vertex 89 0 0
    endloop
  endfacet
  facet normal -0.537292 0.843396 0
    outer loop
      vertex 75.5 7.79423 10
      vertex 74.8378 7.37237 14
      vertex 75.5 7.79423 14
    endloop
  endfacet
  facet normal -0.537292 0.843396 0
    outer loop
      vertex 74.8378 7.37237 14
      vertex 75.5 7.79423 10
      vertex 74.8378 7.37237 10
    endloop
  endfacet
  facet normal -0.991442 0.130549 0
    outer loop
      vertex 71.0342 0.784401 10
      vertex 71.1367 1.56283 14
      vertex 71.1367 1.56283 10
    endloop
  endfacet
  facet normal -0.991442 0.130549 0
    outer loop
      vertex 71.1367 1.56283 14
      vertex 71.0342 0.784401 10
      vertex 71.0342 0.784401 14
    endloop
  endfacet
  facet normal 0.675574 0.737293 -0
    outer loop
      vertex 86.364 6.36396 0
      vertex 85.7851 6.8944 14
      vertex 86.364 6.36396 14
    endloop
  endfacet
  facet normal 0.675574 0.737293 0
    outer loop
      vertex 85.7851 6.8944 14
      vertex 86.364 6.36396 0
      vertex 85.7851 6.8944 0
    endloop
  endfacet
  facet normal 0.923908 -0.382616 0
    outer loop
      vertex 88.1568 -3.80356 14
      vertex 88.4572 -3.07818 0
      vertex 88.4572 -3.07818 14
    endloop
  endfacet
  facet normal 0.923908 -0.382616 0
    outer loop
      vertex 88.4572 -3.07818 0
      vertex 88.1568 -3.80356 14
      vertex 88.1568 -3.80356 0
    endloop
  endfacet
  facet normal 0.991442 -0.130549 0
    outer loop
      vertex 88.8633 -1.56283 14
      vertex 88.9658 -0.784401 0
      vertex 88.9658 -0.784401 14
    endloop
  endfacet
  facet normal 0.991442 -0.130549 0
    outer loop
      vertex 88.9658 -0.784401 0
      vertex 88.8633 -1.56283 14
      vertex 88.8633 -1.56283 0
    endloop
  endfacet
  facet normal -0.886981 -0.461805 0
    outer loop
      vertex 72.2058 -4.5 10
      vertex 71.8432 -3.80356 14
      vertex 71.8432 -3.80356 10
    endloop
  endfacet
  facet normal -0.886981 -0.461805 0
    outer loop
      vertex 71.8432 -3.80356 14
      vertex 72.2058 -4.5 10
      vertex 72.2058 -4.5 14
    endloop
  endfacet
  facet normal -0.976279 -0.216515 0
    outer loop
      vertex 71.3067 -2.32937 10
      vertex 71.1367 -1.56283 14
      vertex 71.1367 -1.56283 10
    endloop
  endfacet
  facet normal -0.976279 -0.216515 0
    outer loop
      vertex 71.1367 -1.56283 14
      vertex 71.3067 -2.32937 10
      vertex 71.3067 -2.32937 14
    endloop
  endfacet
  facet normal 0.737301 -0.675565 0
    outer loop
      vertex 86.364 -6.36396 14
      vertex 86.8944 -5.78509 0
      vertex 86.8944 -5.78509 14
    endloop
  endfacet
  facet normal 0.737301 -0.675565 0
    outer loop
      vertex 86.8944 -5.78509 0
      vertex 86.364 -6.36396 14
      vertex 86.364 -6.36396 0
    endloop
  endfacet
  facet normal 0.737301 0.675565 0
    outer loop
      vertex 86.8944 5.78509 14
      vertex 86.364 6.36396 0
      vertex 86.364 6.36396 14
    endloop
  endfacet
  facet normal 0.737301 0.675565 0
    outer loop
      vertex 86.364 6.36396 0
      vertex 86.8944 5.78509 14
      vertex 86.8944 5.78509 0
    endloop
  endfacet
  facet normal 0.886981 -0.461805 0
    outer loop
      vertex 87.7942 -4.5 14
      vertex 88.1568 -3.80356 0
      vertex 88.1568 -3.80356 14
    endloop
  endfacet
  facet normal 0.886981 -0.461805 0
    outer loop
      vertex 88.1568 -3.80356 0
      vertex 87.7942 -4.5 14
      vertex 87.7942 -4.5 0
    endloop
  endfacet
  facet normal -0.608763 0.793352 0
    outer loop
      vertex 74.8378 7.37237 10
      vertex 74.2149 6.8944 14
      vertex 74.8378 7.37237 14
    endloop
  endfacet
  facet normal -0.608763 0.793352 0
    outer loop
      vertex 74.2149 6.8944 14
      vertex 74.8378 7.37237 10
      vertex 74.2149 6.8944 10
    endloop
  endfacet
  facet normal 0.382672 0.923884 -0
    outer loop
      vertex 83.8036 8.15677 0
      vertex 83.0782 8.45723 14
      vertex 83.8036 8.15677 14
    endloop
  endfacet
  facet normal 0.382672 0.923884 0
    outer loop
      vertex 83.0782 8.45723 14
      vertex 83.8036 8.15677 0
      vertex 83.0782 8.45723 0
    endloop
  endfacet
  facet normal 0.843427 0.537244 0
    outer loop
      vertex 87.7942 4.5 14
      vertex 87.3724 5.16219 0
      vertex 87.3724 5.16219 14
    endloop
  endfacet
  facet normal 0.843427 0.537244 0
    outer loop
      vertex 87.3724 5.16219 0
      vertex 87.7942 4.5 14
      vertex 87.7942 4.5 0
    endloop
  endfacet
  facet normal 0.953717 0.300707 0
    outer loop
      vertex 88.6933 2.32937 14
      vertex 88.4572 3.07818 0
      vertex 88.4572 3.07818 14
    endloop
  endfacet
  facet normal 0.953717 0.300707 0
    outer loop
      vertex 88.4572 3.07818 0
      vertex 88.6933 2.32937 14
      vertex 88.6933 2.32937 0
    endloop
  endfacet
  facet normal 0.0436224 -0.999048 0
    outer loop
      vertex 80 -9 0
      vertex 80.7844 -8.96575 14
      vertex 80 -9 14
    endloop
  endfacet
  facet normal 0.0436224 -0.999048 0
    outer loop
      vertex 80.7844 -8.96575 14
      vertex 80 -9 0
      vertex 80.7844 -8.96575 0
    endloop
  endfacet
  facet normal -0.300711 -0.953715 0
    outer loop
      vertex 76.9218 -8.45723 0
      vertex 77.6706 -8.69333 14
      vertex 76.9218 -8.45723 14
    endloop
  endfacet
  facet normal -0.300711 -0.953715 -0
    outer loop
      vertex 77.6706 -8.69333 14
      vertex 76.9218 -8.45723 0
      vertex 77.6706 -8.69333 0
    endloop
  endfacet
  facet normal -0.216426 0.976299 0
    outer loop
      vertex 78.4372 8.86327 0
      vertex 77.6706 8.69333 14
      vertex 78.4372 8.86327 14
    endloop
  endfacet
  facet normal -0.216426 0.976299 0
    outer loop
      vertex 77.6706 8.69333 14
      vertex 78.4372 8.86327 0
      vertex 77.6706 8.69333 0
    endloop
  endfacet
  facet normal 0.999051 -0.0435588 0
    outer loop
      vertex 88.9658 -0.784401 14
      vertex 89 0 0
      vertex 89 0 14
    endloop
  endfacet
  facet normal 0.999051 -0.0435588 0
    outer loop
      vertex 89 0 0
      vertex 88.9658 -0.784401 14
      vertex 88.9658 -0.784401 0
    endloop
  endfacet
  facet normal -0.991442 -0.130549 0
    outer loop
      vertex 71.1367 -1.56283 10
      vertex 71.0342 -0.784401 14
      vertex 71.0342 -0.784401 10
    endloop
  endfacet
  facet normal -0.991442 -0.130549 0
    outer loop
      vertex 71.0342 -0.784401 14
      vertex 71.1367 -1.56283 10
      vertex 71.1367 -1.56283 14
    endloop
  endfacet
  facet normal 0.923908 0.382616 0
    outer loop
      vertex 88.4572 3.07818 14
      vertex 88.1568 3.80356 0
      vertex 88.1568 3.80356 14
    endloop
  endfacet
  facet normal 0.923908 0.382616 0
    outer loop
      vertex 88.1568 3.80356 0
      vertex 88.4572 3.07818 14
      vertex 88.4572 3.07818 0
    endloop
  endfacet
  facet normal 0.608763 0.793352 -0
    outer loop
      vertex 85.7851 6.8944 0
      vertex 85.1622 7.37237 14
      vertex 85.7851 6.8944 14
    endloop
  endfacet
  facet normal 0.608763 0.793352 0
    outer loop
      vertex 85.1622 7.37237 14
      vertex 85.7851 6.8944 0
      vertex 85.1622 7.37237 0
    endloop
  endfacet
  facet normal 0.976279 -0.216515 0
    outer loop
      vertex 88.6933 -2.32937 14
      vertex 88.8633 -1.56283 0
      vertex 88.8633 -1.56283 14
    endloop
  endfacet
  facet normal 0.976279 -0.216515 0
    outer loop
      vertex 88.8633 -1.56283 0
      vertex 88.6933 -2.32937 14
      vertex 88.6933 -2.32937 0
    endloop
  endfacet
  facet normal -0.737301 0.675565 0
    outer loop
      vertex 73.1056 5.78509 10
      vertex 73.636 6.36396 14
      vertex 73.636 6.36396 10
    endloop
  endfacet
  facet normal -0.737301 0.675565 0
    outer loop
      vertex 73.636 6.36396 14
      vertex 73.1056 5.78509 10
      vertex 73.1056 5.78509 14
    endloop
  endfacet
  facet normal 0.216426 0.976299 -0
    outer loop
      vertex 82.3294 8.69333 0
      vertex 81.5628 8.86327 14
      vertex 82.3294 8.69333 14
    endloop
  endfacet
  facet normal 0.216426 0.976299 0
    outer loop
      vertex 81.5628 8.86327 14
      vertex 82.3294 8.69333 0
      vertex 81.5628 8.86327 0
    endloop
  endfacet
  facet normal -0.675574 -0.737293 0
    outer loop
      vertex 73.636 -6.36396 10
      vertex 74.2149 -6.8944 14
      vertex 73.636 -6.36396 14
    endloop
  endfacet
  facet normal -0.675574 -0.737293 -0
    outer loop
      vertex 74.2149 -6.8944 14
      vertex 73.636 -6.36396 10
      vertex 74.2149 -6.8944 10
    endloop
  endfacet
  facet normal 0.537292 0.843396 -0
    outer loop
      vertex 85.1622 7.37237 0
      vertex 84.5 7.79423 14
      vertex 85.1622 7.37237 14
    endloop
  endfacet
  facet normal 0.537292 0.843396 0
    outer loop
      vertex 84.5 7.79423 14
      vertex 85.1622 7.37237 0
      vertex 84.5 7.79423 0
    endloop
  endfacet
  facet normal 0.953717 -0.300707 0
    outer loop
      vertex 88.4572 -3.07818 14
      vertex 88.6933 -2.32937 0
      vertex 88.6933 -2.32937 14
    endloop
  endfacet
  facet normal 0.953717 -0.300707 0
    outer loop
      vertex 88.6933 -2.32937 0
      vertex 88.4572 -3.07818 14
      vertex 88.4572 -3.07818 0
    endloop
  endfacet
  facet normal 0.793334 0.608787 0
    outer loop
      vertex 87.3724 5.16219 14
      vertex 86.8944 5.78509 0
      vertex 86.8944 5.78509 14
    endloop
  endfacet
  facet normal 0.793334 0.608787 0
    outer loop
      vertex 86.8944 5.78509 0
      vertex 87.3724 5.16219 14
      vertex 87.3724 5.16219 0
    endloop
  endfacet
  facet normal 0.461766 0.887002 -0
    outer loop
      vertex 84.5 7.79423 0
      vertex 83.8036 8.15677 14
      vertex 84.5 7.79423 14
    endloop
  endfacet
  facet normal 0.461766 0.887002 0
    outer loop
      vertex 83.8036 8.15677 14
      vertex 84.5 7.79423 0
      vertex 83.8036 8.15677 0
    endloop
  endfacet
  facet normal -0.923908 0.382616 0
    outer loop
      vertex 71.5428 3.07818 10
      vertex 71.8432 3.80356 14
      vertex 71.8432 3.80356 10
    endloop
  endfacet
  facet normal -0.923908 0.382616 0
    outer loop
      vertex 71.8432 3.80356 14
      vertex 71.5428 3.07818 10
      vertex 71.5428 3.07818 14
    endloop
  endfacet
  facet normal 0 0 1
    outer loop
      vertex 86.5 0 14
      vertex 89 0 14
      vertex 88.9658 0.784401 14
    endloop
  endfacet
  facet normal 0 0 1
    outer loop
      vertex 86.4753 0.566512 14
      vertex 88.9658 0.784401 14
      vertex 88.8633 1.56283 14
    endloop
  endfacet
  facet normal 0 0 1
    outer loop
      vertex 89 0 14
      vertex 86.5 0 14
      vertex 88.9658 -0.784401 14
    endloop
  endfacet
  facet normal 0 0 1
    outer loop
      vertex 86.4013 1.12871 14
      vertex 88.8633 1.56283 14
      vertex 88.6933 2.32937 14
    endloop
  endfacet
  facet normal -0 0 1
    outer loop
      vertex 86.4753 -0.566512 14
      vertex 88.9658 -0.784401 14
      vertex 86.5 0 14
    endloop
  endfacet
  facet normal 0 0 1
    outer loop
      vertex 86.2785 1.68232 14
      vertex 88.6933 2.32937 14
      vertex 88.4572 3.07818 14
    endloop
  endfacet
  facet normal 0 0 1
    outer loop
      vertex 88.9658 -0.784401 14
      vertex 86.4753 -0.566512 14
      vertex 88.8633 -1.56283 14
    endloop
  endfacet
  facet normal 0 0 1
    outer loop
      vertex 86.108 2.22313 14
      vertex 88.4572 3.07818 14
      vertex 88.1568 3.80356 14
    endloop
  endfacet
  facet normal -0 0 1
    outer loop
      vertex 86.4013 -1.12871 14
      vertex 88.8633 -1.56283 14
      vertex 86.4753 -0.566512 14
    endloop
  endfacet
  facet normal 0 0 1
    outer loop
      vertex 85.891 2.74702 14
      vertex 88.1568 3.80356 14
      vertex 87.7942 4.5 14
    endloop
  endfacet
  facet normal 0 0 1
    outer loop
      vertex 88.8633 -1.56283 14
      vertex 86.4013 -1.12871 14
      vertex 88.6933 -2.32937 14
    endloop
  endfacet
  facet normal 0 0 1
    outer loop
      vertex 85.6292 3.25 14
      vertex 87.7942 4.5 14
      vertex 87.3724 5.16219 14
    endloop
  endfacet
  facet normal -0 0 1
    outer loop
      vertex 86.2785 -1.68232 14
      vertex 88.6933 -2.32937 14
      vertex 86.4013 -1.12871 14
    endloop
  endfacet
  facet normal 0 0 1
    outer loop
      vertex 85.3245 3.72825 14
      vertex 87.3724 5.16219 14
      vertex 86.8944 5.78509 14
    endloop
  endfacet
  facet normal 0 0 1
    outer loop
      vertex 88.6933 -2.32937 14
      vertex 86.2785 -1.68232 14
      vertex 88.4572 -3.07818 14
    endloop
  endfacet
  facet normal -0 0 1
    outer loop
      vertex 86.108 -2.22313 14
      vertex 88.4572 -3.07818 14
      vertex 86.2785 -1.68232 14
    endloop
  endfacet
  facet normal 0 0 1
    outer loop
      vertex 88.9658 0.784401 14
      vertex 86.4753 0.566512 14
      vertex 86.5 0 14
    endloop
  endfacet
  facet normal 0 0 1
    outer loop
      vertex 88.8633 1.56283 14
      vertex 86.4013 1.12871 14
      vertex 86.4753 0.566512 14
    endloop
  endfacet
  facet normal 0 0 1
    outer loop
      vertex 84.9793 4.17812 14
      vertex 86.8944 5.78509 14
      vertex 86.364 6.36396 14
    endloop
  endfacet
  facet normal 0 0 1
    outer loop
      vertex 88.6933 2.32937 14
      vertex 86.2785 1.68232 14
      vertex 86.4013 1.12871 14
    endloop
  endfacet
  facet normal 0 0 1
    outer loop
      vertex 88.4572 3.07818 14
      vertex 86.108 2.22313 14
      vertex 86.2785 1.68232 14
    endloop
  endfacet
  facet normal 0 0 1
    outer loop
      vertex 88.1568 3.80356 14
      vertex 85.891 2.74702 14
      vertex 86.108 2.22313 14
    endloop
  endfacet
  facet normal 0 0 1
    outer loop
      vertex 84.5962 4.59619 14
      vertex 86.364 6.36396 14
      vertex 85.7851 6.8944 14
    endloop
  endfacet
  facet normal 0 0 1
    outer loop
      vertex 87.7942 4.5 14
      vertex 85.6292 3.25 14
      vertex 85.891 2.74702 14
    endloop
  endfacet
  facet normal 0 0 1
    outer loop
      vertex 87.3724 5.16219 14
      vertex 85.3245 3.72825 14
      vertex 85.6292 3.25 14
    endloop
  endfacet
  facet normal 0 0 1
    outer loop
      vertex 84.1781 4.97929 14
      vertex 85.7851 6.8944 14
      vertex 85.1622 7.37237 14
    endloop
  endfacet
  facet normal 0 0 1
    outer loop
      vertex 86.8944 5.78509 14
      vertex 84.9793 4.17812 14
      vertex 85.3245 3.72825 14
    endloop
  endfacet
  facet normal 0 0 1
    outer loop
      vertex 86.364 6.36396 14
      vertex 84.5962 4.59619 14
      vertex 84.9793 4.17812 14
    endloop
  endfacet
  facet normal 0 0 1
    outer loop
      vertex 83.7282 5.32449 14
      vertex 85.1622 7.37237 14
      vertex 84.5 7.79423 14
    endloop
  endfacet
  facet normal 0 0 1
    outer loop
      vertex 85.7851 6.8944 14
      vertex 84.1781 4.97929 14
      vertex 84.5962 4.59619 14
    endloop
  endfacet
  facet normal 0 0 1
    outer loop
      vertex 83.25 5.62916 14
      vertex 84.5 7.79423 14
      vertex 83.8036 8.15677 14
    endloop
  endfacet
  facet normal 0 0 1
    outer loop
      vertex 85.1622 7.37237 14
      vertex 83.7282 5.32449 14
      vertex 84.1781 4.97929 14
    endloop
  endfacet
  facet normal 0 0 1
    outer loop
      vertex 84.5 7.79423 14
      vertex 83.25 5.62916 14
      vertex 83.7282 5.32449 14
    endloop
  endfacet
  facet normal 0 0 1
    outer loop
      vertex 82.747 5.891 14
      vertex 83.8036 8.15677 14
      vertex 83.0782 8.45723 14
    endloop
  endfacet
  facet normal 0 0 1
    outer loop
      vertex 83.8036 8.15677 14
      vertex 82.747 5.891 14
      vertex 83.25 5.62916 14
    endloop
  endfacet
  facet normal 0 0 1
    outer loop
      vertex 82.2231 6.108 14
      vertex 83.0782 8.45723 14
      vertex 82.3294 8.69333 14
    endloop
  endfacet
  facet normal 0 0 1
    outer loop
      vertex 83.0782 8.45723 14
      vertex 82.2231 6.108 14
      vertex 82.747 5.891 14
    endloop
  endfacet
  facet normal 0 0 1
    outer loop
      vertex 82.3294 8.69333 14
      vertex 81.6823 6.27852 14
      vertex 82.2231 6.108 14
    endloop
  endfacet
  facet normal 0 0 1
    outer loop
      vertex 81.5628 8.86327 14
      vertex 81.6823 6.27852 14
      vertex 82.3294 8.69333 14
    endloop
  endfacet
  facet normal 0 0 1
    outer loop
      vertex 81.5628 8.86327 14
      vertex 81.1287 6.40125 14
      vertex 81.6823 6.27852 14
    endloop
  endfacet
  facet normal 0 0 1
    outer loop
      vertex 80.7844 8.96575 14
      vertex 81.1287 6.40125 14
      vertex 81.5628 8.86327 14
    endloop
  endfacet
  facet normal 0 0 1
    outer loop
      vertex 80.7844 8.96575 14
      vertex 80.5665 6.47527 14
      vertex 81.1287 6.40125 14
    endloop
  endfacet
  facet normal 0 0 1
    outer loop
      vertex 80 9 14
      vertex 80.5665 6.47527 14
      vertex 80.7844 8.96575 14
    endloop
  endfacet
  facet normal 0 0 1
    outer loop
      vertex 80 9 14
      vertex 80 6.5 14
      vertex 80.5665 6.47527 14
    endloop
  endfacet
  facet normal 0 0 1
    outer loop
      vertex 80 9 14
      vertex 79.4335 6.47527 14
      vertex 80 6.5 14
    endloop
  endfacet
  facet normal -0 0 1
    outer loop
      vertex 79.2156 8.96575 14
      vertex 79.4335 6.47527 14
      vertex 80 9 14
    endloop
  endfacet
  facet normal 0 0 1
    outer loop
      vertex 79.2156 8.96575 14
      vertex 78.8713 6.40125 14
      vertex 79.4335 6.47527 14
    endloop
  endfacet
  facet normal -0 0 1
    outer loop
      vertex 78.4372 8.86327 14
      vertex 78.8713 6.40125 14
      vertex 79.2156 8.96575 14
    endloop
  endfacet
  facet normal 0 0 1
    outer loop
      vertex 78.4372 8.86327 14
      vertex 78.3177 6.27852 14
      vertex 78.8713 6.40125 14
    endloop
  endfacet
  facet normal -0 0 1
    outer loop
      vertex 77.6706 8.69333 14
      vertex 78.3177 6.27852 14
      vertex 78.4372 8.86327 14
    endloop
  endfacet
  facet normal 0 0 1
    outer loop
      vertex 78.3177 6.27852 14
      vertex 77.6706 8.69333 14
      vertex 77.7769 6.108 14
    endloop
  endfacet
  facet normal -0 0 1
    outer loop
      vertex 76.9218 8.45723 14
      vertex 77.7769 6.108 14
      vertex 77.6706 8.69333 14
    endloop
  endfacet
  facet normal 0 0 1
    outer loop
      vertex 77.7769 6.108 14
      vertex 76.9218 8.45723 14
      vertex 77.253 5.891 14
    endloop
  endfacet
  facet normal -0 0 1
    outer loop
      vertex 76.1964 8.15677 14
      vertex 77.253 5.891 14
      vertex 76.9218 8.45723 14
    endloop
  endfacet
  facet normal 0 0 1
    outer loop
      vertex 77.253 5.891 14
      vertex 76.1964 8.15677 14
      vertex 76.75 5.62916 14
    endloop
  endfacet
  facet normal -0 0 1
    outer loop
      vertex 75.5 7.79423 14
      vertex 76.75 5.62916 14
      vertex 76.1964 8.15677 14
    endloop
  endfacet
  facet normal 0 0 1
    outer loop
      vertex 76.75 5.62916 14
      vertex 75.5 7.79423 14
      vertex 76.2718 5.32449 14
    endloop
  endfacet
  facet normal -0 0 1
    outer loop
      vertex 74.8378 7.37237 14
      vertex 76.2718 5.32449 14
      vertex 75.5 7.79423 14
    endloop
  endfacet
  facet normal 0 0 1
    outer loop
      vertex 76.2718 5.32449 14
      vertex 74.8378 7.37237 14
      vertex 75.8219 4.97929 14
    endloop
  endfacet
  facet normal -0 0 1
    outer loop
      vertex 74.2149 6.8944 14
      vertex 75.8219 4.97929 14
      vertex 74.8378 7.37237 14
    endloop
  endfacet
  facet normal 0 0 1
    outer loop
      vertex 75.8219 4.97929 14
      vertex 74.2149 6.8944 14
      vertex 75.4038 4.59619 14
    endloop
  endfacet
  facet normal -0 0 1
    outer loop
      vertex 73.636 6.36396 14
      vertex 75.4038 4.59619 14
      vertex 74.2149 6.8944 14
    endloop
  endfacet
  facet normal 0 0 1
    outer loop
      vertex 75.4038 4.59619 14
      vertex 73.636 6.36396 14
      vertex 75.0207 4.17812 14
    endloop
  endfacet
  facet normal -0 0 1
    outer loop
      vertex 73.1056 5.78509 14
      vertex 75.0207 4.17812 14
      vertex 73.636 6.36396 14
    endloop
  endfacet
  facet normal 0 0 1
    outer loop
      vertex 75.0207 4.17812 14
      vertex 73.1056 5.78509 14
      vertex 74.6755 3.72825 14
    endloop
  endfacet
  facet normal -0 0 1
    outer loop
      vertex 72.6276 5.16219 14
      vertex 74.6755 3.72825 14
      vertex 73.1056 5.78509 14
    endloop
  endfacet
  facet normal 0 0 1
    outer loop
      vertex 74.6755 3.72825 14
      vertex 72.6276 5.16219 14
      vertex 74.3708 3.25 14
    endloop
  endfacet
  facet normal -0 0 1
    outer loop
      vertex 72.2058 4.5 14
      vertex 74.3708 3.25 14
      vertex 72.6276 5.16219 14
    endloop
  endfacet
  facet normal 0 0 1
    outer loop
      vertex 74.3708 3.25 14
      vertex 72.2058 4.5 14
      vertex 74.109 2.74702 14
    endloop
  endfacet
  facet normal -0 0 1
    outer loop
      vertex 71.8432 3.80356 14
      vertex 74.109 2.74702 14
      vertex 72.2058 4.5 14
    endloop
  endfacet
  facet normal 0 0 1
    outer loop
      vertex 74.109 2.74702 14
      vertex 71.8432 3.80356 14
      vertex 73.892 2.22313 14
    endloop
  endfacet
  facet normal -0 0 1
    outer loop
      vertex 71.5428 3.07818 14
      vertex 73.892 2.22313 14
      vertex 71.8432 3.80356 14
    endloop
  endfacet
  facet normal 0 0 1
    outer loop
      vertex 88.4572 -3.07818 14
      vertex 86.108 -2.22313 14
      vertex 88.1568 -3.80356 14
    endloop
  endfacet
  facet normal -0 0 1
    outer loop
      vertex 85.891 -2.74702 14
      vertex 88.1568 -3.80356 14
      vertex 86.108 -2.22313 14
    endloop
  endfacet
  facet normal 0 0 1
    outer loop
      vertex 88.1568 -3.80356 14
      vertex 85.891 -2.74702 14
      vertex 87.7942 -4.5 14
    endloop
  endfacet
  facet normal -0 0 1
    outer loop
      vertex 85.6292 -3.25 14
      vertex 87.7942 -4.5 14
      vertex 85.891 -2.74702 14
    endloop
  endfacet
  facet normal 0 0 1
    outer loop
      vertex 87.7942 -4.5 14
      vertex 85.6292 -3.25 14
      vertex 87.3724 -5.16219 14
    endloop
  endfacet
  facet normal -0 0 1
    outer loop
      vertex 85.3245 -3.72825 14
      vertex 87.3724 -5.16219 14
      vertex 85.6292 -3.25 14
    endloop
  endfacet
  facet normal 0 0 1
    outer loop
      vertex 87.3724 -5.16219 14
      vertex 85.3245 -3.72825 14
      vertex 86.8944 -5.78509 14
    endloop
  endfacet
  facet normal -0 0 1
    outer loop
      vertex 84.9793 -4.17812 14
      vertex 86.8944 -5.78509 14
      vertex 85.3245 -3.72825 14
    endloop
  endfacet
  facet normal 0 0 1
    outer loop
      vertex 86.8944 -5.78509 14
      vertex 84.9793 -4.17812 14
      vertex 86.364 -6.36396 14
    endloop
  endfacet
  facet normal -0 0 1
    outer loop
      vertex 84.5962 -4.59619 14
      vertex 86.364 -6.36396 14
      vertex 84.9793 -4.17812 14
    endloop
  endfacet
  facet normal 0 0 1
    outer loop
      vertex 86.364 -6.36396 14
      vertex 84.5962 -4.59619 14
      vertex 85.7851 -6.8944 14
    endloop
  endfacet
  facet normal -0 0 1
    outer loop
      vertex 84.1781 -4.97929 14
      vertex 85.7851 -6.8944 14
      vertex 84.5962 -4.59619 14
    endloop
  endfacet
  facet normal 0 0 1
    outer loop
      vertex 85.7851 -6.8944 14
      vertex 84.1781 -4.97929 14
      vertex 85.1622 -7.37237 14
    endloop
  endfacet
  facet normal -0 0 1
    outer loop
      vertex 83.7282 -5.32449 14
      vertex 85.1622 -7.37237 14
      vertex 84.1781 -4.97929 14
    endloop
  endfacet
  facet normal 0 0 1
    outer loop
      vertex 85.1622 -7.37237 14
      vertex 83.7282 -5.32449 14
      vertex 84.5 -7.79423 14
    endloop
  endfacet
  facet normal -0 0 1
    outer loop
      vertex 83.25 -5.62916 14
      vertex 84.5 -7.79423 14
      vertex 83.7282 -5.32449 14
    endloop
  endfacet
  facet normal 0 0 1
    outer loop
      vertex 84.5 -7.79423 14
      vertex 83.25 -5.62916 14
      vertex 83.8036 -8.15677 14
    endloop
  endfacet
  facet normal -0 0 1
    outer loop
      vertex 82.747 -5.891 14
      vertex 83.8036 -8.15677 14
      vertex 83.25 -5.62916 14
    endloop
  endfacet
  facet normal 0 0 1
    outer loop
      vertex 83.8036 -8.15677 14
      vertex 82.747 -5.891 14
      vertex 83.0782 -8.45723 14
    endloop
  endfacet
  facet normal -0 0 1
    outer loop
      vertex 82.2231 -6.108 14
      vertex 83.0782 -8.45723 14
      vertex 82.747 -5.891 14
    endloop
  endfacet
  facet normal 0 0 1
    outer loop
      vertex 83.0782 -8.45723 14
      vertex 82.2231 -6.108 14
      vertex 82.3294 -8.69333 14
    endloop
  endfacet
  facet normal -0 0 1
    outer loop
      vertex 81.6823 -6.27852 14
      vertex 82.3294 -8.69333 14
      vertex 82.2231 -6.108 14
    endloop
  endfacet
  facet normal 0 0 1
    outer loop
      vertex 81.6823 -6.27852 14
      vertex 81.5628 -8.86327 14
      vertex 82.3294 -8.69333 14
    endloop
  endfacet
  facet normal -0 0 1
    outer loop
      vertex 81.1287 -6.40125 14
      vertex 81.5628 -8.86327 14
      vertex 81.6823 -6.27852 14
    endloop
  endfacet
  facet normal 0 0 1
    outer loop
      vertex 81.1287 -6.40125 14
      vertex 80.7844 -8.96575 14
      vertex 81.5628 -8.86327 14
    endloop
  endfacet
  facet normal -0 0 1
    outer loop
      vertex 80.5665 -6.47527 14
      vertex 80.7844 -8.96575 14
      vertex 81.1287 -6.40125 14
    endloop
  endfacet
  facet normal -0 0 1
    outer loop
      vertex 80 -6.5 14
      vertex 80.7844 -8.96575 14
      vertex 80.5665 -6.47527 14
    endloop
  endfacet
  facet normal 0 0 1
    outer loop
      vertex 80 -6.5 14
      vertex 80 -9 14
      vertex 80.7844 -8.96575 14
    endloop
  endfacet
  facet normal 0 0 1
    outer loop
      vertex 79.4335 -6.47527 14
      vertex 80 -9 14
      vertex 80 -6.5 14
    endloop
  endfacet
  facet normal 0 0 1
    outer loop
      vertex 79.4335 -6.47527 14
      vertex 79.2156 -8.96575 14
      vertex 80 -9 14
    endloop
  endfacet
  facet normal 0 0 1
    outer loop
      vertex 78.8713 -6.40125 14
      vertex 79.2156 -8.96575 14
      vertex 79.4335 -6.47527 14
    endloop
  endfacet
  facet normal 0 0 1
    outer loop
      vertex 78.8713 -6.40125 14
      vertex 78.4372 -8.86327 14
      vertex 79.2156 -8.96575 14
    endloop
  endfacet
  facet normal 0 0 1
    outer loop
      vertex 78.3177 -6.27852 14
      vertex 78.4372 -8.86327 14
      vertex 78.8713 -6.40125 14
    endloop
  endfacet
  facet normal 0 0 1
    outer loop
      vertex 77.6706 -8.69333 14
      vertex 78.3177 -6.27852 14
      vertex 77.7769 -6.108 14
    endloop
  endfacet
  facet normal 0 0 1
    outer loop
      vertex 78.3177 -6.27852 14
      vertex 77.6706 -8.69333 14
      vertex 78.4372 -8.86327 14
    endloop
  endfacet
  facet normal 0 0 1
    outer loop
      vertex 76.9218 -8.45723 14
      vertex 77.7769 -6.108 14
      vertex 77.253 -5.891 14
    endloop
  endfacet
  facet normal 0 0 1
    outer loop
      vertex 77.7769 -6.108 14
      vertex 76.9218 -8.45723 14
      vertex 77.6706 -8.69333 14
    endloop
  endfacet
  facet normal 0 0 1
    outer loop
      vertex 76.1964 -8.15677 14
      vertex 77.253 -5.891 14
      vertex 76.75 -5.62916 14
    endloop
  endfacet
  facet normal 0 0 1
    outer loop
      vertex 75.5 -7.79423 14
      vertex 76.75 -5.62916 14
      vertex 76.2718 -5.32449 14
    endloop
  endfacet
  facet normal 0 0 1
    outer loop
      vertex 77.253 -5.891 14
      vertex 76.1964 -8.15677 14
      vertex 76.9218 -8.45723 14
    endloop
  endfacet
  facet normal 0 0 1
    outer loop
      vertex 74.8378 -7.37237 14
      vertex 76.2718 -5.32449 14
      vertex 75.8219 -4.97929 14
    endloop
  endfacet
  facet normal 0 0 1
    outer loop
      vertex 76.75 -5.62916 14
      vertex 75.5 -7.79423 14
      vertex 76.1964 -8.15677 14
    endloop
  endfacet
  facet normal 0 0 1
    outer loop
      vertex 74.2149 -6.8944 14
      vertex 75.8219 -4.97929 14
      vertex 75.4038 -4.59619 14
    endloop
  endfacet
  facet normal 0 0 1
    outer loop
      vertex 73.636 -6.36396 14
      vertex 75.4038 -4.59619 14
      vertex 75.0207 -4.17812 14
    endloop
  endfacet
  facet normal 0 0 1
    outer loop
      vertex 76.2718 -5.32449 14
      vertex 74.8378 -7.37237 14
      vertex 75.5 -7.79423 14
    endloop
  endfacet
  facet normal 0 0 1
    outer loop
      vertex 73.1056 -5.78509 14
      vertex 75.0207 -4.17812 14
      vertex 74.6755 -3.72825 14
    endloop
  endfacet
  facet normal 0 0 1
    outer loop
      vertex 72.6276 -5.16219 14
      vertex 74.6755 -3.72825 14
      vertex 74.3708 -3.25 14
    endloop
  endfacet
  facet normal 0 0 1
    outer loop
      vertex 75.8219 -4.97929 14
      vertex 74.2149 -6.8944 14
      vertex 74.8378 -7.37237 14
    endloop
  endfacet
  facet normal 0 0 1
    outer loop
      vertex 72.2058 -4.5 14
      vertex 74.3708 -3.25 14
      vertex 74.109 -2.74702 14
    endloop
  endfacet
  facet normal 0 0 1
    outer loop
      vertex 71.8432 -3.80356 14
      vertex 74.109 -2.74702 14
      vertex 73.892 -2.22313 14
    endloop
  endfacet
  facet normal 0 0 1
    outer loop
      vertex 71.5428 -3.07818 14
      vertex 73.892 -2.22313 14
      vertex 73.7215 -1.68232 14
    endloop
  endfacet
  facet normal 0 0 1
    outer loop
      vertex 75.4038 -4.59619 14
      vertex 73.636 -6.36396 14
      vertex 74.2149 -6.8944 14
    endloop
  endfacet
  facet normal 0 0 1
    outer loop
      vertex 71.3067 -2.32937 14
      vertex 73.7215 -1.68232 14
      vertex 73.5987 -1.12871 14
    endloop
  endfacet
  facet normal 0 0 1
    outer loop
      vertex 71.1367 -1.56283 14
      vertex 73.5987 -1.12871 14
      vertex 73.5247 -0.566512 14
    endloop
  endfacet
  facet normal 0 0 1
    outer loop
      vertex 71.0342 -0.784401 14
      vertex 73.5247 -0.566512 14
      vertex 73.5 0 14
    endloop
  endfacet
  facet normal 0 0 1
    outer loop
      vertex 73.892 2.22313 14
      vertex 71.5428 3.07818 14
      vertex 73.7215 1.68232 14
    endloop
  endfacet
  facet normal 0 0 1
    outer loop
      vertex 75.0207 -4.17812 14
      vertex 73.1056 -5.78509 14
      vertex 73.636 -6.36396 14
    endloop
  endfacet
  facet normal -0 0 1
    outer loop
      vertex 71.3067 2.32937 14
      vertex 73.7215 1.68232 14
      vertex 71.5428 3.07818 14
    endloop
  endfacet
  facet normal 0 0 1
    outer loop
      vertex 74.6755 -3.72825 14
      vertex 72.6276 -5.16219 14
      vertex 73.1056 -5.78509 14
    endloop
  endfacet
  facet normal 0 0 1
    outer loop
      vertex 73.7215 1.68232 14
      vertex 71.3067 2.32937 14
      vertex 73.5987 1.12871 14
    endloop
  endfacet
  facet normal 0 0 1
    outer loop
      vertex 74.3708 -3.25 14
      vertex 72.2058 -4.5 14
      vertex 72.6276 -5.16219 14
    endloop
  endfacet
  facet normal -0 0 1
    outer loop
      vertex 71.1367 1.56283 14
      vertex 73.5987 1.12871 14
      vertex 71.3067 2.32937 14
    endloop
  endfacet
  facet normal 0 0 1
    outer loop
      vertex 74.109 -2.74702 14
      vertex 71.8432 -3.80356 14
      vertex 72.2058 -4.5 14
    endloop
  endfacet
  facet normal 0 0 1
    outer loop
      vertex 73.5987 1.12871 14
      vertex 71.1367 1.56283 14
      vertex 73.5247 0.566512 14
    endloop
  endfacet
  facet normal 0 0 1
    outer loop
      vertex 73.892 -2.22313 14
      vertex 71.5428 -3.07818 14
      vertex 71.8432 -3.80356 14
    endloop
  endfacet
  facet normal -0 0 1
    outer loop
      vertex 71.0342 0.784401 14
      vertex 73.5247 0.566512 14
      vertex 71.1367 1.56283 14
    endloop
  endfacet
  facet normal 0 0 1
    outer loop
      vertex 73.7215 -1.68232 14
      vertex 71.3067 -2.32937 14
      vertex 71.5428 -3.07818 14
    endloop
  endfacet
  facet normal 0 0 1
    outer loop
      vertex 73.5247 0.566512 14
      vertex 71.0342 0.784401 14
      vertex 73.5 0 14
    endloop
  endfacet
  facet normal 0 0 1
    outer loop
      vertex 73.5987 -1.12871 14
      vertex 71.1367 -1.56283 14
      vertex 71.3067 -2.32937 14
    endloop
  endfacet
  facet normal 0 0 1
    outer loop
      vertex 71 0 14
      vertex 73.5 0 14
      vertex 71.0342 0.784401 14
    endloop
  endfacet
  facet normal 0 0 1
    outer loop
      vertex 73.5247 -0.566512 14
      vertex 71.0342 -0.784401 14
      vertex 71.1367 -1.56283 14
    endloop
  endfacet
  facet normal 0 0 1
    outer loop
      vertex 73.5 0 14
      vertex 71 0 14
      vertex 71.0342 -0.784401 14
    endloop
  endfacet
  facet normal -0.675574 0.737293 0
    outer loop
      vertex 74.2149 6.8944 10
      vertex 73.636 6.36396 14
      vertex 74.2149 6.8944 14
    endloop
  endfacet
  facet normal -0.675574 0.737293 0
    outer loop
      vertex 73.636 6.36396 14
      vertex 74.2149 6.8944 10
      vertex 73.636 6.36396 10
    endloop
  endfacet
  facet normal -0.300711 0.953715 0
    outer loop
      vertex 77.6706 8.69333 0
      vertex 76.9218 8.45723 14
      vertex 77.6706 8.69333 14
    endloop
  endfacet
  facet normal -0.300711 0.953715 0
    outer loop
      vertex 76.9218 8.45723 14
      vertex 77.6706 8.69333 0
      vertex 76.9218 8.45723 0
    endloop
  endfacet
  facet normal 0.461766 -0.887002 0
    outer loop
      vertex 83.8036 -8.15677 0
      vertex 84.5 -7.79423 14
      vertex 83.8036 -8.15677 14
    endloop
  endfacet
  facet normal 0.461766 -0.887002 0
    outer loop
      vertex 84.5 -7.79423 14
      vertex 83.8036 -8.15677 0
      vertex 84.5 -7.79423 0
    endloop
  endfacet
  facet normal -0.976279 0.216515 0
    outer loop
      vertex 71.1367 1.56283 10
      vertex 71.3067 2.32937 14
      vertex 71.3067 2.32937 10
    endloop
  endfacet
  facet normal -0.976279 0.216515 0
    outer loop
      vertex 71.3067 2.32937 14
      vertex 71.1367 1.56283 10
      vertex 71.1367 1.56283 14
    endloop
  endfacet
  facet normal 0.886981 0.461805 0
    outer loop
      vertex 88.1568 3.80356 14
      vertex 87.7942 4.5 0
      vertex 87.7942 4.5 14
    endloop
  endfacet
  facet normal 0.886981 0.461805 0
    outer loop
      vertex 87.7942 4.5 0
      vertex 88.1568 3.80356 14
      vertex 88.1568 3.80356 0
    endloop
  endfacet
  facet normal 0.300711 0.953715 -0
    outer loop
      vertex 83.0782 8.45723 0
      vertex 82.3294 8.69333 14
      vertex 83.0782 8.45723 14
    endloop
  endfacet
  facet normal 0.300711 0.953715 0
    outer loop
      vertex 82.3294 8.69333 14
      vertex 83.0782 8.45723 0
      vertex 82.3294 8.69333 0
    endloop
  endfacet
  facet normal -0.537292 -0.843396 0
    outer loop
      vertex 74.8378 -7.37237 10
      vertex 75.5 -7.79423 14
      vertex 74.8378 -7.37237 14
    endloop
  endfacet
  facet normal -0.537292 -0.843396 -0
    outer loop
      vertex 75.5 -7.79423 14
      vertex 74.8378 -7.37237 10
      vertex 75.5 -7.79423 10
    endloop
  endfacet
  facet normal -0.793334 -0.608787 0
    outer loop
      vertex 73.1056 -5.78509 10
      vertex 72.6276 -5.16219 14
      vertex 72.6276 -5.16219 10
    endloop
  endfacet
  facet normal -0.793334 -0.608787 0
    outer loop
      vertex 72.6276 -5.16219 14
      vertex 73.1056 -5.78509 10
      vertex 73.1056 -5.78509 14
    endloop
  endfacet
  facet normal -0.886981 0.461805 0
    outer loop
      vertex 71.8432 3.80356 10
      vertex 72.2058 4.5 14
      vertex 72.2058 4.5 10
    endloop
  endfacet
  facet normal -0.886981 0.461805 0
    outer loop
      vertex 72.2058 4.5 14
      vertex 71.8432 3.80356 10
      vertex 71.8432 3.80356 14
    endloop
  endfacet
  facet normal -0.130528 -0.991445 0
    outer loop
      vertex 78.4372 -8.86327 0
      vertex 79.2156 -8.96575 14
      vertex 78.4372 -8.86327 14
    endloop
  endfacet
  facet normal -0.130528 -0.991445 -0
    outer loop
      vertex 79.2156 -8.96575 14
      vertex 78.4372 -8.86327 0
      vertex 79.2156 -8.96575 0
    endloop
  endfacet
  facet normal 0.300711 -0.953715 0
    outer loop
      vertex 82.3294 -8.69333 0
      vertex 83.0782 -8.45723 14
      vertex 82.3294 -8.69333 14
    endloop
  endfacet
  facet normal 0.300711 -0.953715 0
    outer loop
      vertex 83.0782 -8.45723 14
      vertex 82.3294 -8.69333 0
      vertex 83.0782 -8.45723 0
    endloop
  endfacet
  facet normal -0.0436224 -0.999048 0
    outer loop
      vertex 79.2156 -8.96575 0
      vertex 80 -9 14
      vertex 79.2156 -8.96575 14
    endloop
  endfacet
  facet normal -0.0436224 -0.999048 -0
    outer loop
      vertex 80 -9 14
      vertex 79.2156 -8.96575 0
      vertex 80 -9 0
    endloop
  endfacet
  facet normal 0.382672 -0.923884 0
    outer loop
      vertex 83.0782 -8.45723 0
      vertex 83.8036 -8.15677 14
      vertex 83.0782 -8.45723 14
    endloop
  endfacet
  facet normal 0.382672 -0.923884 0
    outer loop
      vertex 83.8036 -8.15677 14
      vertex 83.0782 -8.45723 0
      vertex 83.8036 -8.15677 0
    endloop
  endfacet
  facet normal -0.382672 0.923884 0
    outer loop
      vertex 76.9218 8.45723 0
      vertex 76.1964 8.15677 14
      vertex 76.9218 8.45723 14
    endloop
  endfacet
  facet normal -0.382672 0.923884 0
    outer loop
      vertex 76.1964 8.15677 14
      vertex 76.9218 8.45723 0
      vertex 76.1964 8.15677 0
    endloop
  endfacet
  facet normal -0.999051 0.0435588 0
    outer loop
      vertex 71 0 10
      vertex 71.0342 0.784401 14
      vertex 71.0342 0.784401 10
    endloop
  endfacet
  facet normal -0.999051 0.0435588 0
    outer loop
      vertex 71.0342 0.784401 14
      vertex 71 0 10
      vertex 71 0 14
    endloop
  endfacet
  facet normal -0.999051 -0.0435588 0
    outer loop
      vertex 71.0342 -0.784401 10
      vertex 71 0 14
      vertex 71 0 10
    endloop
  endfacet
  facet normal -0.999051 -0.0435588 0
    outer loop
      vertex 71 0 14
      vertex 71.0342 -0.784401 10
      vertex 71.0342 -0.784401 14
    endloop
  endfacet
  facet normal -0.130528 0.991445 0
    outer loop
      vertex 79.2156 8.96575 0
      vertex 78.4372 8.86327 14
      vertex 79.2156 8.96575 14
    endloop
  endfacet
  facet normal -0.130528 0.991445 0
    outer loop
      vertex 78.4372 8.86327 14
      vertex 79.2156 8.96575 0
      vertex 78.4372 8.86327 0
    endloop
  endfacet
  facet normal -0.461766 0.887002 -4.40508e-06
    outer loop
      vertex 76.1964 8.15677 14
      vertex 75.8953 8 10
      vertex 75.5 7.79423 14
    endloop
  endfacet
  facet normal -0.461812 0.886978 0
    outer loop
      vertex 76.1964 8.15677 0
      vertex 75.8953 8 10
      vertex 76.1964 8.15677 14
    endloop
  endfacet
  facet normal -0.461812 0.886978 0
    outer loop
      vertex 75.8953 8 10
      vertex 76.1964 8.15677 0
      vertex 75.8953 8 0
    endloop
  endfacet
  facet normal -0.461731 0.88702 0
    outer loop
      vertex 75.5 7.79423 14
      vertex 75.8953 8 10
      vertex 75.5 7.79423 10
    endloop
  endfacet
  facet normal 0.0436224 0.999048 -0
    outer loop
      vertex 80.7844 8.96575 0
      vertex 80 9 14
      vertex 80.7844 8.96575 14
    endloop
  endfacet
  facet normal 0.0436224 0.999048 0
    outer loop
      vertex 80 9 14
      vertex 80.7844 8.96575 0
      vertex 80 9 0
    endloop
  endfacet
  facet normal 0.675574 -0.737293 0
    outer loop
      vertex 85.7851 -6.8944 0
      vertex 86.364 -6.36396 14
      vertex 85.7851 -6.8944 14
    endloop
  endfacet
  facet normal 0.675574 -0.737293 0
    outer loop
      vertex 86.364 -6.36396 14
      vertex 85.7851 -6.8944 0
      vertex 86.364 -6.36396 0
    endloop
  endfacet
  facet normal 0.216426 -0.976299 0
    outer loop
      vertex 81.5628 -8.86327 0
      vertex 82.3294 -8.69333 14
      vertex 81.5628 -8.86327 14
    endloop
  endfacet
  facet normal 0.216426 -0.976299 0
    outer loop
      vertex 82.3294 -8.69333 14
      vertex 81.5628 -8.86327 0
      vertex 82.3294 -8.69333 0
    endloop
  endfacet
  facet normal 0.130528 -0.991445 0
    outer loop
      vertex 80.7844 -8.96575 0
      vertex 81.5628 -8.86327 14
      vertex 80.7844 -8.96575 14
    endloop
  endfacet
  facet normal 0.130528 -0.991445 0
    outer loop
      vertex 81.5628 -8.86327 14
      vertex 80.7844 -8.96575 0
      vertex 81.5628 -8.86327 0
    endloop
  endfacet
  facet normal -0.0436224 0.999048 0
    outer loop
      vertex 80 9 0
      vertex 79.2156 8.96575 14
      vertex 80 9 14
    endloop
  endfacet
  facet normal -0.0436224 0.999048 0
    outer loop
      vertex 79.2156 8.96575 14
      vertex 80 9 0
      vertex 79.2156 8.96575 0
    endloop
  endfacet
  facet normal -0.923908 -0.382616 0
    outer loop
      vertex 71.8432 -3.80356 10
      vertex 71.5428 -3.07818 14
      vertex 71.5428 -3.07818 10
    endloop
  endfacet
  facet normal -0.923908 -0.382616 0
    outer loop
      vertex 71.5428 -3.07818 14
      vertex 71.8432 -3.80356 10
      vertex 71.8432 -3.80356 14
    endloop
  endfacet
  facet normal 0.843427 -0.537244 0
    outer loop
      vertex 87.3724 -5.16219 14
      vertex 87.7942 -4.5 0
      vertex 87.7942 -4.5 14
    endloop
  endfacet
  facet normal 0.843427 -0.537244 0
    outer loop
      vertex 87.7942 -4.5 0
      vertex 87.3724 -5.16219 14
      vertex 87.3724 -5.16219 0
    endloop
  endfacet
  facet normal -0.793334 0.608787 0
    outer loop
      vertex 72.6276 5.16219 10
      vertex 73.1056 5.78509 14
      vertex 73.1056 5.78509 10
    endloop
  endfacet
  facet normal -0.793334 0.608787 0
    outer loop
      vertex 73.1056 5.78509 14
      vertex 72.6276 5.16219 10
      vertex 72.6276 5.16219 14
    endloop
  endfacet
  facet normal -0.953717 -0.300707 0
    outer loop
      vertex 71.5428 -3.07818 10
      vertex 71.3067 -2.32937 14
      vertex 71.3067 -2.32937 10
    endloop
  endfacet
  facet normal -0.953717 -0.300707 0
    outer loop
      vertex 71.3067 -2.32937 14
      vertex 71.5428 -3.07818 10
      vertex 71.5428 -3.07818 14
    endloop
  endfacet
  facet normal -0.843427 0.537244 0
    outer loop
      vertex 72.2058 4.5 10
      vertex 72.6276 5.16219 14
      vertex 72.6276 5.16219 10
    endloop
  endfacet
  facet normal -0.843427 0.537244 0
    outer loop
      vertex 72.6276 5.16219 14
      vertex 72.2058 4.5 10
      vertex 72.2058 4.5 14
    endloop
  endfacet
  facet normal -0.461731 -0.88702 0
    outer loop
      vertex 75.8953 -8 10
      vertex 75.5 -7.79423 14
      vertex 75.5 -7.79423 10
    endloop
  endfacet
  facet normal -0.461766 -0.887002 -4.40508e-06
    outer loop
      vertex 75.5 -7.79423 14
      vertex 75.8953 -8 10
      vertex 76.1964 -8.15677 14
    endloop
  endfacet
  facet normal -0.461812 -0.886978 0
    outer loop
      vertex 76.1964 -8.15677 0
      vertex 75.8953 -8 10
      vertex 75.8953 -8 0
    endloop
  endfacet
  facet normal -0.461812 -0.886978 0
    outer loop
      vertex 75.8953 -8 10
      vertex 76.1964 -8.15677 0
      vertex 76.1964 -8.15677 14
    endloop
  endfacet
  facet normal 0.976279 0.216515 0
    outer loop
      vertex 88.8633 1.56283 14
      vertex 88.6933 2.32937 0
      vertex 88.6933 2.32937 14
    endloop
  endfacet
  facet normal 0.976279 0.216515 0
    outer loop
      vertex 88.6933 2.32937 0
      vertex 88.8633 1.56283 14
      vertex 88.8633 1.56283 0
    endloop
  endfacet
  facet normal 0.130528 0.991445 -0
    outer loop
      vertex 81.5628 8.86327 0
      vertex 80.7844 8.96575 14
      vertex 81.5628 8.86327 14
    endloop
  endfacet
  facet normal 0.130528 0.991445 0
    outer loop
      vertex 80.7844 8.96575 14
      vertex 81.5628 8.86327 0
      vertex 80.7844 8.96575 0
    endloop
  endfacet
  facet normal 0.793334 -0.608787 0
    outer loop
      vertex 86.8944 -5.78509 14
      vertex 87.3724 -5.16219 0
      vertex 87.3724 -5.16219 14
    endloop
  endfacet
  facet normal 0.793334 -0.608787 0
    outer loop
      vertex 87.3724 -5.16219 0
      vertex 86.8944 -5.78509 14
      vertex 86.8944 -5.78509 0
    endloop
  endfacet
  facet normal -0.953717 0.300707 0
    outer loop
      vertex 71.3067 2.32937 10
      vertex 71.5428 3.07818 14
      vertex 71.5428 3.07818 10
    endloop
  endfacet
  facet normal -0.953717 0.300707 0
    outer loop
      vertex 71.5428 3.07818 14
      vertex 71.3067 2.32937 10
      vertex 71.3067 2.32937 14
    endloop
  endfacet
  facet normal -0.382672 -0.923884 0
    outer loop
      vertex 76.1964 -8.15677 0
      vertex 76.9218 -8.45723 14
      vertex 76.1964 -8.15677 14
    endloop
  endfacet
  facet normal -0.382672 -0.923884 -0
    outer loop
      vertex 76.9218 -8.45723 14
      vertex 76.1964 -8.15677 0
      vertex 76.9218 -8.45723 0
    endloop
  endfacet
  facet normal -0.843427 -0.537244 0
    outer loop
      vertex 72.6276 -5.16219 10
      vertex 72.2058 -4.5 14
      vertex 72.2058 -4.5 10
    endloop
  endfacet
  facet normal -0.843427 -0.537244 0
    outer loop
      vertex 72.2058 -4.5 14
      vertex 72.6276 -5.16219 10
      vertex 72.6276 -5.16219 14
    endloop
  endfacet
  facet normal -0.608763 -0.793352 0
    outer loop
      vertex 74.2149 -6.8944 10
      vertex 74.8378 -7.37237 14
      vertex 74.2149 -6.8944 14
    endloop
  endfacet
  facet normal -0.608763 -0.793352 -0
    outer loop
      vertex 74.8378 -7.37237 14
      vertex 74.2149 -6.8944 10
      vertex 74.8378 -7.37237 10
    endloop
  endfacet
  facet normal 0.608763 -0.793352 0
    outer loop
      vertex 85.1622 -7.37237 0
      vertex 85.7851 -6.8944 14
      vertex 85.1622 -7.37237 14
    endloop
  endfacet
  facet normal 0.608763 -0.793352 0
    outer loop
      vertex 85.7851 -6.8944 14
      vertex 85.1622 -7.37237 0
      vertex 85.7851 -6.8944 0
    endloop
  endfacet
  facet normal 0.537292 -0.843396 0
    outer loop
      vertex 84.5 -7.79423 0
      vertex 85.1622 -7.37237 14
      vertex 84.5 -7.79423 14
    endloop
  endfacet
  facet normal 0.537292 -0.843396 0
    outer loop
      vertex 85.1622 -7.37237 14
      vertex 84.5 -7.79423 0
      vertex 85.1622 -7.37237 0
    endloop
  endfacet
  facet normal -0.216426 -0.976299 0
    outer loop
      vertex 77.6706 -8.69333 0
      vertex 78.4372 -8.86327 14
      vertex 77.6706 -8.69333 14
    endloop
  endfacet
  facet normal -0.216426 -0.976299 -0
    outer loop
      vertex 78.4372 -8.86327 14
      vertex 77.6706 -8.69333 0
      vertex 78.4372 -8.86327 0
    endloop
  endfacet
  facet normal -0.999047 0.0436505 0
    outer loop
      vertex 4.09524 -0.108944 6.24524
      vertex 4.1 0 10
      vertex 4.1 0 6.25
    endloop
  endfacet
  facet normal -0.999048 0.0436151 1.07896e-06
    outer loop
      vertex 4.0844 -0.357338 10
      vertex 4.09524 -0.108944 6.24524
      vertex 4.09052 -0.21706 6.23101
    endloop
  endfacet
  facet normal -0.999048 0.0436347 1.81011e-06
    outer loop
      vertex 4.0844 -0.357338 10
      vertex 4.09052 -0.21706 6.23101
      vertex 4.08587 -0.323524 6.20741
    endloop
  endfacet
  facet normal -0.999056 0.0434321 0
    outer loop
      vertex 4.0844 -0.357338 10
      vertex 4.08587 -0.323524 6.20741
      vertex 4.0844 -0.357338 6.19674
    endloop
  endfacet
  facet normal -0.999048 0.0436146 1.04429e-06
    outer loop
      vertex 4.09524 -0.108944 6.24524
      vertex 4.0844 -0.357338 10
      vertex 4.1 0 10
    endloop
  endfacet
  facet normal -0.999047 0.0436505 0
    outer loop
      vertex 4.1 0 0
      vertex 4.09524 -0.108944 3.75476
      vertex 4.1 0 3.75
    endloop
  endfacet
  facet normal -0.999048 0.0436146 -1.04429e-06
    outer loop
      vertex 4.0844 -0.357338 0
      vertex 4.09524 -0.108944 3.75476
      vertex 4.1 0 0
    endloop
  endfacet
  facet normal -0.999048 0.0436151 -1.07896e-06
    outer loop
      vertex 4.09524 -0.108944 3.75476
      vertex 4.0844 -0.357338 0
      vertex 4.09052 -0.21706 3.76899
    endloop
  endfacet
  facet normal -0.999048 0.0436347 -1.81011e-06
    outer loop
      vertex 4.09052 -0.21706 3.76899
      vertex 4.0844 -0.357338 0
      vertex 4.08587 -0.323524 3.79259
    endloop
  endfacet
  facet normal -0.999056 0.0434321 0
    outer loop
      vertex 4.08587 -0.323524 3.79259
      vertex 4.0844 -0.357338 0
      vertex 4.0844 -0.357338 3.80325
    endloop
  endfacet
  facet normal -0.991442 -0.130547 0
    outer loop
      vertex 4.04916 0.625 6.08253
      vertex 4.03771 0.711957 10
      vertex 4.03771 0.711957 6.02713
    endloop
  endfacet
  facet normal -0.991451 -0.130483 -1.45248e-06
    outer loop
      vertex 4.06189 0.528273 6.13288
      vertex 4.03771 0.711957 10
      vertex 4.04916 0.625 6.08253
    endloop
  endfacet
  facet normal -0.991437 -0.130585 3.49398e-06
    outer loop
      vertex 4.07516 0.427525 6.17461
      vertex 4.03771 0.711957 10
      vertex 4.06189 0.528273 6.13288
    endloop
  endfacet
  facet normal -0.991445 -0.130523 -1.26812e-06
    outer loop
      vertex 4.0844 0.357338 6.19674
      vertex 4.03771 0.711957 10
      vertex 4.07516 0.427525 6.17461
    endloop
  endfacet
  facet normal -0.991444 -0.130536 0
    outer loop
      vertex 4.03771 0.711957 10
      vertex 4.0844 0.357338 6.19674
      vertex 4.0844 0.357338 10
    endloop
  endfacet
  facet normal -0.991442 -0.130547 0
    outer loop
      vertex 4.03771 0.711957 0
      vertex 4.04916 0.625 3.91747
      vertex 4.03771 0.711957 3.97287
    endloop
  endfacet
  facet normal -0.991451 -0.130483 1.45248e-06
    outer loop
      vertex 4.03771 0.711957 0
      vertex 4.06189 0.528273 3.86712
      vertex 4.04916 0.625 3.91747
    endloop
  endfacet
  facet normal -0.991437 -0.130585 -3.49396e-06
    outer loop
      vertex 4.03771 0.711957 0
      vertex 4.07516 0.427525 3.82538
      vertex 4.06189 0.528273 3.86712
    endloop
  endfacet
  facet normal -0.991444 -0.130536 -0
    outer loop
      vertex 4.0844 0.357338 3.80325
      vertex 4.03771 0.711957 0
      vertex 4.0844 0.357338 0
    endloop
  endfacet
  facet normal -0.991445 -0.130523 1.26812e-06
    outer loop
      vertex 4.03771 0.711957 0
      vertex 4.0844 0.357338 3.80325
      vertex 4.07516 0.427525 3.82538
    endloop
  endfacet
  facet normal -0.999056 -0.0434321 0
    outer loop
      vertex 4.08587 0.323524 6.20741
      vertex 4.0844 0.357338 10
      vertex 4.0844 0.357338 6.19674
    endloop
  endfacet
  facet normal -0.999048 -0.0436347 1.81011e-06
    outer loop
      vertex 4.09052 0.21706 6.23101
      vertex 4.0844 0.357338 10
      vertex 4.08587 0.323524 6.20741
    endloop
  endfacet
  facet normal -0.999048 -0.0436151 1.07896e-06
    outer loop
      vertex 4.09524 0.108944 6.24524
      vertex 4.0844 0.357338 10
      vertex 4.09052 0.21706 6.23101
    endloop
  endfacet
  facet normal -0.999047 -0.0436505 -0
    outer loop
      vertex 4.1 0 10
      vertex 4.09524 0.108944 6.24524
      vertex 4.1 0 6.25
    endloop
  endfacet
  facet normal -0.999048 -0.0436146 1.04429e-06
    outer loop
      vertex 4.09524 0.108944 6.24524
      vertex 4.1 0 10
      vertex 4.0844 0.357338 10
    endloop
  endfacet
  facet normal -0.999056 -0.0434321 0
    outer loop
      vertex 4.0844 0.357338 0
      vertex 4.08587 0.323524 3.79259
      vertex 4.0844 0.357338 3.80325
    endloop
  endfacet
  facet normal -0.999048 -0.0436347 -1.81011e-06
    outer loop
      vertex 4.0844 0.357338 0
      vertex 4.09052 0.21706 3.76899
      vertex 4.08587 0.323524 3.79259
    endloop
  endfacet
  facet normal -0.999048 -0.0436151 -1.07896e-06
    outer loop
      vertex 4.0844 0.357338 0
      vertex 4.09524 0.108944 3.75476
      vertex 4.09052 0.21706 3.76899
    endloop
  endfacet
  facet normal -0.999048 -0.0436146 -1.04429e-06
    outer loop
      vertex 4.1 0 0
      vertex 4.09524 0.108944 3.75476
      vertex 4.0844 0.357338 0
    endloop
  endfacet
  facet normal -0.999047 -0.0436505 0
    outer loop
      vertex 4.09524 0.108944 3.75476
      vertex 4.1 0 0
      vertex 4.1 0 3.75
    endloop
  endfacet
  facet normal -0.976304 -0.216403 0
    outer loop
      vertex 3.96855 1.02394 5.71697
      vertex 3.9603 1.06116 10
      vertex 3.9603 1.06116 5.65855
    endloop
  endfacet
  facet normal -0.976318 -0.216339 -5.77373e-07
    outer loop
      vertex 3.98326 0.957555 5.80348
      vertex 3.9603 1.06116 10
      vertex 3.96855 1.02394 5.71697
    endloop
  endfacet
  facet normal -0.976277 -0.216527 4.29438e-06
    outer loop
      vertex 3.9996 0.883883 5.88388
      vertex 3.9603 1.06116 10
      vertex 3.98326 0.957555 5.80348
    endloop
  endfacet
  facet normal -0.976306 -0.216394 -1.71584e-06
    outer loop
      vertex 4.01742 0.803484 5.95755
      vertex 3.9603 1.06116 10
      vertex 3.9996 0.883883 5.88388
    endloop
  endfacet
  facet normal -0.976296 -0.216442 1.45312e-06
    outer loop
      vertex 4.0366 0.71697 6.02394
      vertex 3.9603 1.06116 10
      vertex 4.01742 0.803484 5.95755
    endloop
  endfacet
  facet normal -0.976349 -0.2162 -2.04741e-05
    outer loop
      vertex 4.03771 0.711957 6.02713
      vertex 3.9603 1.06116 10
      vertex 4.0366 0.71697 6.02394
    endloop
  endfacet
  facet normal -0.9763 -0.216422 0
    outer loop
      vertex 3.9603 1.06116 10
      vertex 4.03771 0.711957 6.02713
      vertex 4.03771 0.711957 10
    endloop
  endfacet
  facet normal -0.976304 -0.216403 0
    outer loop
      vertex 3.9603 1.06116 0
      vertex 3.96855 1.02394 4.28303
      vertex 3.9603 1.06116 4.34145
    endloop
  endfacet
  facet normal -0.976318 -0.216339 5.77373e-07
    outer loop
      vertex 3.9603 1.06116 0
      vertex 3.98326 0.957555 4.19652
      vertex 3.96855 1.02394 4.28303
    endloop
  endfacet
  facet normal -0.976277 -0.216527 -4.29438e-06
    outer loop
      vertex 3.9603 1.06116 0
      vertex 3.9996 0.883883 4.11612
      vertex 3.98326 0.957555 4.19652
    endloop
  endfacet
  facet normal -0.976306 -0.216394 1.71583e-06
    outer loop
      vertex 3.9603 1.06116 0
      vertex 4.01742 0.803484 4.04244
      vertex 3.9996 0.883883 4.11612
    endloop
  endfacet
  facet normal -0.976296 -0.216442 -1.45314e-06
    outer loop
      vertex 3.9603 1.06116 0
      vertex 4.0366 0.71697 3.97606
      vertex 4.01742 0.803484 4.04244
    endloop
  endfacet
  facet normal -0.9763 -0.216422 -0
    outer loop
      vertex 4.03771 0.711957 3.97287
      vertex 3.9603 1.06116 0
      vertex 4.03771 0.711957 0
    endloop
  endfacet
  facet normal -0.976349 -0.2162 2.04741e-05
    outer loop
      vertex 3.9603 1.06116 0
      vertex 4.03771 0.711957 3.97287
      vertex 4.0366 0.71697 3.97606
    endloop
  endfacet
  facet normal 0.608754 0.793359 -0
    outer loop
      vertex -2.35166 -3.35852 0
      vertex -2.63543 -3.14078 10
      vertex -2.35166 -3.35852 10
    endloop
  endfacet
  facet normal 0.608754 0.793359 0
    outer loop
      vertex -2.63543 -3.14078 10
      vertex -2.35166 -3.35852 0
      vertex -2.63543 -3.14078 0
    endloop
  endfacet
  facet normal 0.675582 0.737285 -0
    outer loop
      vertex -2.63543 -3.14078 0
      vertex -2.89914 -2.89914 10
      vertex -2.63543 -3.14078 10
    endloop
  endfacet
  facet normal 0.675582 0.737285 0
    outer loop
      vertex -2.89914 -2.89914 10
      vertex -2.63543 -3.14078 0
      vertex -2.89914 -2.89914 0
    endloop
  endfacet
  facet normal 0.923876 0.382691 0
    outer loop
      vertex -3.71586 -1.73273 10
      vertex -3.85274 -1.40228 0
      vertex -3.85274 -1.40228 10
    endloop
  endfacet
  facet normal 0.923876 0.382691 0
    outer loop
      vertex -3.85274 -1.40228 0
      vertex -3.71586 -1.73273 10
      vertex -3.71586 -1.73273 0
    endloop
  endfacet
  facet normal 0.887011 0.461748 0
    outer loop
      vertex -3.5507 -2.05 10
      vertex -3.71586 -1.73273 0
      vertex -3.71586 -1.73273 10
    endloop
  endfacet
  facet normal 0.887011 0.461748 0
    outer loop
      vertex -3.71586 -1.73273 0
      vertex -3.5507 -2.05 10
      vertex -3.5507 -2.05 0
    endloop
  endfacet
  facet normal 0.793359 0.608754 0
    outer loop
      vertex -3.14078 -2.63543 10
      vertex -3.35852 -2.35166 0
      vertex -3.35852 -2.35166 10
    endloop
  endfacet
  facet normal 0.793359 0.608754 0
    outer loop
      vertex -3.35852 -2.35166 0
      vertex -3.14078 -2.63543 10
      vertex -3.14078 -2.63543 0
    endloop
  endfacet
  facet normal -0.608754 0.793359 0
    outer loop
      vertex 2.63543 -3.14078 0
      vertex 2.35166 -3.35852 10
      vertex 2.63543 -3.14078 10
    endloop
  endfacet
  facet normal -0.608754 0.793359 0
    outer loop
      vertex 2.35166 -3.35852 10
      vertex 2.63543 -3.14078 0
      vertex 2.35166 -3.35852 0
    endloop
  endfacet
  facet normal -0.382691 -0.923876 0
    outer loop
      vertex 1.40228 3.85274 0
      vertex 1.73273 3.71586 10
      vertex 1.40228 3.85274 10
    endloop
  endfacet
  facet normal -0.382691 -0.923876 -0
    outer loop
      vertex 1.73273 3.71586 10
      vertex 1.40228 3.85274 0
      vertex 1.73273 3.71586 0
    endloop
  endfacet
  facet normal 0.887011 -0.461748 0
    outer loop
      vertex -3.71586 1.73273 10
      vertex -3.5507 2.05 0
      vertex -3.5507 2.05 10
    endloop
  endfacet
  facet normal 0.887011 -0.461748 0
    outer loop
      vertex -3.5507 2.05 0
      vertex -3.71586 1.73273 10
      vertex -3.71586 1.73273 0
    endloop
  endfacet
  facet normal -0.130536 0.991444 0
    outer loop
      vertex 0.711957 -4.03771 0
      vertex 0.357338 -4.0844 10
      vertex 0.711957 -4.03771 10
    endloop
  endfacet
  facet normal -0.130536 0.991444 0
    outer loop
      vertex 0.357338 -4.0844 10
      vertex 0.711957 -4.03771 0
      vertex 0.357338 -4.0844 0
    endloop
  endfacet
  facet normal -0.216422 0.9763 0
    outer loop
      vertex 1.06116 -3.9603 0
      vertex 0.711957 -4.03771 10
      vertex 1.06116 -3.9603 10
    endloop
  endfacet
  facet normal -0.216422 0.9763 0
    outer loop
      vertex 0.711957 -4.03771 10
      vertex 1.06116 -3.9603 0
      vertex 0.711957 -4.03771 0
    endloop
  endfacet
  facet normal 0.953713 -0.300719 0
    outer loop
      vertex -3.9603 1.06116 10
      vertex -3.85274 1.40228 0
      vertex -3.85274 1.40228 10
    endloop
  endfacet
  facet normal 0.953713 -0.300719 0
    outer loop
      vertex -3.85274 1.40228 0
      vertex -3.9603 1.06116 10
      vertex -3.9603 1.06116 0
    endloop
  endfacet
  facet normal -0.537302 0.84339 0
    outer loop
      vertex 2.35166 -3.35852 0
      vertex 2.05 -3.5507 10
      vertex 2.35166 -3.35852 10
    endloop
  endfacet
  facet normal -0.537302 0.84339 0
    outer loop
      vertex 2.05 -3.5507 10
      vertex 2.35166 -3.35852 0
      vertex 2.05 -3.5507 0
    endloop
  endfacet
  facet normal 0.300719 -0.953713 0
    outer loop
      vertex -1.40228 3.85274 0
      vertex -1.06116 3.9603 10
      vertex -1.40228 3.85274 10
    endloop
  endfacet
  facet normal 0.300719 -0.953713 0
    outer loop
      vertex -1.06116 3.9603 10
      vertex -1.40228 3.85274 0
      vertex -1.06116 3.9603 0
    endloop
  endfacet
  facet normal -0.300719 -0.953713 0
    outer loop
      vertex 1.06116 3.9603 0
      vertex 1.40228 3.85274 10
      vertex 1.06116 3.9603 10
    endloop
  endfacet
  facet normal -0.300719 -0.953713 -0
    outer loop
      vertex 1.40228 3.85274 10
      vertex 1.06116 3.9603 0
      vertex 1.40228 3.85274 0
    endloop
  endfacet
  facet normal -0.737285 0.675582 0
    outer loop
      vertex 2.89914 -2.89914 0
      vertex 3.14078 -2.63543 10
      vertex 3.14078 -2.63543 0
    endloop
  endfacet
  facet normal -0.737285 0.675582 0
    outer loop
      vertex 3.14078 -2.63543 10
      vertex 2.89914 -2.89914 0
      vertex 2.89914 -2.89914 10
    endloop
  endfacet
  facet normal 0.216422 -0.9763 0
    outer loop
      vertex -1.06116 3.9603 0
      vertex -0.711957 4.03771 10
      vertex -1.06116 3.9603 10
    endloop
  endfacet
  facet normal 0.216422 -0.9763 0
    outer loop
      vertex -0.711957 4.03771 10
      vertex -1.06116 3.9603 0
      vertex -0.711957 4.03771 0
    endloop
  endfacet
  facet normal 0.461748 -0.887011 0
    outer loop
      vertex -2.05 3.5507 0
      vertex -1.73273 3.71586 10
      vertex -2.05 3.5507 10
    endloop
  endfacet
  facet normal 0.461748 -0.887011 0
    outer loop
      vertex -1.73273 3.71586 10
      vertex -2.05 3.5507 0
      vertex -1.73273 3.71586 0
    endloop
  endfacet
  facet normal -0.537302 -0.84339 0
    outer loop
      vertex 2.05 3.5507 0
      vertex 2.35166 3.35852 10
      vertex 2.05 3.5507 10
    endloop
  endfacet
  facet normal -0.537302 -0.84339 -0
    outer loop
      vertex 2.35166 3.35852 10
      vertex 2.05 3.5507 0
      vertex 2.35166 3.35852 0
    endloop
  endfacet
  facet normal 0.84339 -0.537302 0
    outer loop
      vertex -3.5507 2.05 10
      vertex -3.35852 2.35166 0
      vertex -3.35852 2.35166 10
    endloop
  endfacet
  facet normal 0.84339 -0.537302 0
    outer loop
      vertex -3.35852 2.35166 0
      vertex -3.5507 2.05 10
      vertex -3.5507 2.05 0
    endloop
  endfacet
  facet normal 0.999048 -0.0436146 0
    outer loop
      vertex -4.1 0 10
      vertex -4.0844 0.357338 0
      vertex -4.0844 0.357338 10
    endloop
  endfacet
  facet normal 0.999048 -0.0436146 0
    outer loop
      vertex -4.0844 0.357338 0
      vertex -4.1 0 10
      vertex -4.1 0 0
    endloop
  endfacet
  facet normal 0.793359 -0.608754 0
    outer loop
      vertex -3.35852 2.35166 10
      vertex -3.14078 2.63543 0
      vertex -3.14078 2.63543 10
    endloop
  endfacet
  facet normal 0.793359 -0.608754 0
    outer loop
      vertex -3.14078 2.63543 0
      vertex -3.35852 2.35166 10
      vertex -3.35852 2.35166 0
    endloop
  endfacet
  facet normal -0.461748 -0.887011 0
    outer loop
      vertex 1.73273 3.71586 0
      vertex 2.05 3.5507 10
      vertex 1.73273 3.71586 10
    endloop
  endfacet
  facet normal -0.461748 -0.887011 -0
    outer loop
      vertex 2.05 3.5507 10
      vertex 1.73273 3.71586 0
      vertex 2.05 3.5507 0
    endloop
  endfacet
  facet normal 0.953713 0.300719 0
    outer loop
      vertex -3.85274 -1.40228 10
      vertex -3.9603 -1.06116 0
      vertex -3.9603 -1.06116 10
    endloop
  endfacet
  facet normal 0.953713 0.300719 0
    outer loop
      vertex -3.9603 -1.06116 0
      vertex -3.85274 -1.40228 10
      vertex -3.85274 -1.40228 0
    endloop
  endfacet
  facet normal 0.608754 -0.793359 0
    outer loop
      vertex -2.63543 3.14078 0
      vertex -2.35166 3.35852 10
      vertex -2.63543 3.14078 10
    endloop
  endfacet
  facet normal 0.608754 -0.793359 0
    outer loop
      vertex -2.35166 3.35852 10
      vertex -2.63543 3.14078 0
      vertex -2.35166 3.35852 0
    endloop
  endfacet
  facet normal -0.608754 -0.793359 0
    outer loop
      vertex 2.35166 3.35852 0
      vertex 2.63543 3.14078 10
      vertex 2.35166 3.35852 10
    endloop
  endfacet
  facet normal -0.608754 -0.793359 -0
    outer loop
      vertex 2.63543 3.14078 10
      vertex 2.35166 3.35852 0
      vertex 2.63543 3.14078 0
    endloop
  endfacet
  facet normal -0.887011 0.461748 0
    outer loop
      vertex 3.5507 -2.05 0
      vertex 3.71586 -1.73273 10
      vertex 3.71586 -1.73273 0
    endloop
  endfacet
  facet normal -0.887011 0.461748 0
    outer loop
      vertex 3.71586 -1.73273 10
      vertex 3.5507 -2.05 0
      vertex 3.5507 -2.05 10
    endloop
  endfacet
  facet normal -0.300719 0.953713 0
    outer loop
      vertex 1.40228 -3.85274 0
      vertex 1.06116 -3.9603 10
      vertex 1.40228 -3.85274 10
    endloop
  endfacet
  facet normal -0.300719 0.953713 0
    outer loop
      vertex 1.06116 -3.9603 10
      vertex 1.40228 -3.85274 0
      vertex 1.06116 -3.9603 0
    endloop
  endfacet
  facet normal 0.537302 0.84339 -0
    outer loop
      vertex -2.05 -3.5507 0
      vertex -2.35166 -3.35852 10
      vertex -2.05 -3.5507 10
    endloop
  endfacet
  facet normal 0.537302 0.84339 0
    outer loop
      vertex -2.35166 -3.35852 10
      vertex -2.05 -3.5507 0
      vertex -2.35166 -3.35852 0
    endloop
  endfacet
  facet normal -0.84339 -0.537302 0
    outer loop
      vertex 3.5507 2.05 0
      vertex 3.35852 2.35166 10
      vertex 3.35852 2.35166 0
    endloop
  endfacet
  facet normal -0.84339 -0.537302 0
    outer loop
      vertex 3.35852 2.35166 10
      vertex 3.5507 2.05 0
      vertex 3.5507 2.05 10
    endloop
  endfacet
  facet normal 0.537302 -0.84339 0
    outer loop
      vertex -2.35166 3.35852 0
      vertex -2.05 3.5507 10
      vertex -2.35166 3.35852 10
    endloop
  endfacet
  facet normal 0.537302 -0.84339 0
    outer loop
      vertex -2.05 3.5507 10
      vertex -2.35166 3.35852 0
      vertex -2.05 3.5507 0
    endloop
  endfacet
  facet normal 0.0436146 0.999048 -0
    outer loop
      vertex 0 -4.1 0
      vertex -0.357338 -4.0844 10
      vertex 0 -4.1 10
    endloop
  endfacet
  facet normal 0.0436146 0.999048 0
    outer loop
      vertex -0.357338 -4.0844 10
      vertex 0 -4.1 0
      vertex -0.357338 -4.0844 0
    endloop
  endfacet
  facet normal -0.953724 -0.300685 0
    outer loop
      vertex 3.85274 1.40228 0
      vertex 3.90075 1.25 5
      vertex 3.85274 1.40228 10
    endloop
  endfacet
  facet normal -0.953748 -0.300609 2.54085e-06
    outer loop
      vertex 3.85274 1.40228 0
      vertex 3.90225 1.24524 4.89106
      vertex 3.90075 1.25 5
    endloop
  endfacet
  facet normal -0.953668 -0.300863 -6.41404e-06
    outer loop
      vertex 3.85274 1.40228 0
      vertex 3.90674 1.23101 4.78294
      vertex 3.90225 1.24524 4.89106
    endloop
  endfacet
  facet normal -0.953728 -0.300672 1.09986e-06
    outer loop
      vertex 3.85274 1.40228 0
      vertex 3.91418 1.20741 4.67648
      vertex 3.90674 1.23101 4.78294
    endloop
  endfacet
  facet normal -0.953731 -0.300663 1.5169e-06
    outer loop
      vertex 3.85274 1.40228 0
      vertex 3.92452 1.17461 4.57247
      vertex 3.91418 1.20741 4.67648
    endloop
  endfacet
  facet normal -0.953702 -0.300752 -3.38121e-06
    outer loop
      vertex 3.85274 1.40228 0
      vertex 3.93768 1.13288 4.47173
      vertex 3.92452 1.17461 4.57247
    endloop
  endfacet
  facet normal -0.953694 -0.300778 -5.09855e-06
    outer loop
      vertex 3.85274 1.40228 0
      vertex 3.95356 1.08253 4.375
      vertex 3.93768 1.13288 4.47173
    endloop
  endfacet
  facet normal -0.953713 -0.300719 -0
    outer loop
      vertex 3.9603 1.06116 4.34145
      vertex 3.85274 1.40228 0
      vertex 3.9603 1.06116 0
    endloop
  endfacet
  facet normal -0.953693 -0.300782 -5.41352e-06
    outer loop
      vertex 3.85274 1.40228 0
      vertex 3.9603 1.06116 4.34145
      vertex 3.95356 1.08253 4.375
    endloop
  endfacet
  facet normal -0.953748 -0.300609 -2.54085e-06
    outer loop
      vertex 3.90225 1.24524 5.10894
      vertex 3.85274 1.40228 10
      vertex 3.90075 1.25 5
    endloop
  endfacet
  facet normal -0.953668 -0.300863 6.41404e-06
    outer loop
      vertex 3.90674 1.23101 5.21706
      vertex 3.85274 1.40228 10
      vertex 3.90225 1.24524 5.10894
    endloop
  endfacet
  facet normal -0.953728 -0.300672 -1.09986e-06
    outer loop
      vertex 3.91418 1.20741 5.32352
      vertex 3.85274 1.40228 10
      vertex 3.90674 1.23101 5.21706
    endloop
  endfacet
  facet normal -0.953731 -0.300663 -1.51692e-06
    outer loop
      vertex 3.92452 1.17461 5.42752
      vertex 3.85274 1.40228 10
      vertex 3.91418 1.20741 5.32352
    endloop
  endfacet
  facet normal -0.953702 -0.300752 3.38117e-06
    outer loop
      vertex 3.93768 1.13288 5.52827
      vertex 3.85274 1.40228 10
      vertex 3.92452 1.17461 5.42752
    endloop
  endfacet
  facet normal -0.953694 -0.300778 5.09855e-06
    outer loop
      vertex 3.95356 1.08253 5.625
      vertex 3.85274 1.40228 10
      vertex 3.93768 1.13288 5.52827
    endloop
  endfacet
  facet normal -0.953693 -0.300782 5.41352e-06
    outer loop
      vertex 3.9603 1.06116 5.65855
      vertex 3.85274 1.40228 10
      vertex 3.95356 1.08253 5.625
    endloop
  endfacet
  facet normal -0.953713 -0.300719 0
    outer loop
      vertex 3.85274 1.40228 10
      vertex 3.9603 1.06116 5.65855
      vertex 3.9603 1.06116 10
    endloop
  endfacet
  facet normal 0.84339 0.537302 0
    outer loop
      vertex -3.35852 -2.35166 10
      vertex -3.5507 -2.05 0
      vertex -3.5507 -2.05 10
    endloop
  endfacet
  facet normal 0.84339 0.537302 0
    outer loop
      vertex -3.5507 -2.05 0
      vertex -3.35852 -2.35166 10
      vertex -3.35852 -2.35166 0
    endloop
  endfacet
  facet normal -0.953713 0.300719 0
    outer loop
      vertex 3.85274 -1.40228 0
      vertex 3.9603 -1.06116 4.34145
      vertex 3.9603 -1.06116 0
    endloop
  endfacet
  facet normal -0.953693 0.300782 -5.41352e-06
    outer loop
      vertex 3.9603 -1.06116 4.34145
      vertex 3.85274 -1.40228 0
      vertex 3.95356 -1.08253 4.375
    endloop
  endfacet
  facet normal -0.953694 0.300778 -5.09855e-06
    outer loop
      vertex 3.95356 -1.08253 4.375
      vertex 3.85274 -1.40228 0
      vertex 3.93768 -1.13288 4.47173
    endloop
  endfacet
  facet normal -0.953702 0.300752 -3.38121e-06
    outer loop
      vertex 3.93768 -1.13288 4.47173
      vertex 3.85274 -1.40228 0
      vertex 3.92452 -1.17461 4.57247
    endloop
  endfacet
  facet normal -0.953731 0.300663 1.5169e-06
    outer loop
      vertex 3.92452 -1.17461 4.57247
      vertex 3.85274 -1.40228 0
      vertex 3.91418 -1.20741 4.67648
    endloop
  endfacet
  facet normal -0.953728 0.300672 1.09986e-06
    outer loop
      vertex 3.91418 -1.20741 4.67648
      vertex 3.85274 -1.40228 0
      vertex 3.90674 -1.23101 4.78294
    endloop
  endfacet
  facet normal -0.953668 0.300863 -6.41404e-06
    outer loop
      vertex 3.90674 -1.23101 4.78294
      vertex 3.85274 -1.40228 0
      vertex 3.90225 -1.24524 4.89106
    endloop
  endfacet
  facet normal -0.953748 0.300609 2.54085e-06
    outer loop
      vertex 3.90225 -1.24524 4.89106
      vertex 3.85274 -1.40228 0
      vertex 3.90075 -1.25 5
    endloop
  endfacet
  facet normal -0.953693 0.300782 5.41352e-06
    outer loop
      vertex 3.85274 -1.40228 10
      vertex 3.9603 -1.06116 5.65855
      vertex 3.95356 -1.08253 5.625
    endloop
  endfacet
  facet normal -0.953694 0.300778 5.09855e-06
    outer loop
      vertex 3.85274 -1.40228 10
      vertex 3.95356 -1.08253 5.625
      vertex 3.93768 -1.13288 5.52827
    endloop
  endfacet
  facet normal -0.953702 0.300752 3.38117e-06
    outer loop
      vertex 3.85274 -1.40228 10
      vertex 3.93768 -1.13288 5.52827
      vertex 3.92452 -1.17461 5.42752
    endloop
  endfacet
  facet normal -0.953731 0.300663 -1.51692e-06
    outer loop
      vertex 3.85274 -1.40228 10
      vertex 3.92452 -1.17461 5.42752
      vertex 3.91418 -1.20741 5.32352
    endloop
  endfacet
  facet normal -0.953728 0.300672 -1.09986e-06
    outer loop
      vertex 3.85274 -1.40228 10
      vertex 3.91418 -1.20741 5.32352
      vertex 3.90674 -1.23101 5.21706
    endloop
  endfacet
  facet normal -0.953668 0.300863 6.41404e-06
    outer loop
      vertex 3.85274 -1.40228 10
      vertex 3.90674 -1.23101 5.21706
      vertex 3.90225 -1.24524 5.10894
    endloop
  endfacet
  facet normal -0.953748 0.300609 -2.54085e-06
    outer loop
      vertex 3.85274 -1.40228 10
      vertex 3.90225 -1.24524 5.10894
      vertex 3.90075 -1.25 5
    endloop
  endfacet
  facet normal -0.953713 0.300719 0
    outer loop
      vertex 3.9603 -1.06116 5.65855
      vertex 3.85274 -1.40228 10
      vertex 3.9603 -1.06116 10
    endloop
  endfacet
  facet normal -0.953724 0.300685 0
    outer loop
      vertex 3.85274 -1.40228 10
      vertex 3.90075 -1.25 5
      vertex 3.85274 -1.40228 0
    endloop
  endfacet
  facet normal -0.976349 0.2162 -2.04741e-05
    outer loop
      vertex 3.9603 -1.06116 10
      vertex 4.03771 -0.711957 6.02713
      vertex 4.0366 -0.71697 6.02394
    endloop
  endfacet
  facet normal -0.976296 0.216442 1.45312e-06
    outer loop
      vertex 3.9603 -1.06116 10
      vertex 4.0366 -0.71697 6.02394
      vertex 4.01742 -0.803484 5.95755
    endloop
  endfacet
  facet normal -0.976306 0.216394 -1.71584e-06
    outer loop
      vertex 3.9603 -1.06116 10
      vertex 4.01742 -0.803484 5.95755
      vertex 3.9996 -0.883883 5.88388
    endloop
  endfacet
  facet normal -0.976277 0.216527 4.29438e-06
    outer loop
      vertex 3.9603 -1.06116 10
      vertex 3.9996 -0.883883 5.88388
      vertex 3.98326 -0.957555 5.80348
    endloop
  endfacet
  facet normal -0.976318 0.216339 -5.77373e-07
    outer loop
      vertex 3.9603 -1.06116 10
      vertex 3.98326 -0.957555 5.80348
      vertex 3.96855 -1.02394 5.71697
    endloop
  endfacet
  facet normal -0.976304 0.216403 0
    outer loop
      vertex 3.9603 -1.06116 10
      vertex 3.96855 -1.02394 5.71697
      vertex 3.9603 -1.06116 5.65855
    endloop
  endfacet
  facet normal -0.9763 0.216422 0
    outer loop
      vertex 4.03771 -0.711957 6.02713
      vertex 3.9603 -1.06116 10
      vertex 4.03771 -0.711957 10
    endloop
  endfacet
  facet normal -0.9763 0.216422 0
    outer loop
      vertex 3.9603 -1.06116 0
      vertex 4.03771 -0.711957 3.97287
      vertex 4.03771 -0.711957 0
    endloop
  endfacet
  facet normal -0.976349 0.2162 2.04741e-05
    outer loop
      vertex 4.03771 -0.711957 3.97287
      vertex 3.9603 -1.06116 0
      vertex 4.0366 -0.71697 3.97606
    endloop
  endfacet
  facet normal -0.976296 0.216442 -1.45314e-06
    outer loop
      vertex 4.0366 -0.71697 3.97606
      vertex 3.9603 -1.06116 0
      vertex 4.01742 -0.803484 4.04244
    endloop
  endfacet
  facet normal -0.976306 0.216394 1.71583e-06
    outer loop
      vertex 4.01742 -0.803484 4.04244
      vertex 3.9603 -1.06116 0
      vertex 3.9996 -0.883883 4.11612
    endloop
  endfacet
  facet normal -0.976277 0.216527 -4.29438e-06
    outer loop
      vertex 3.9996 -0.883883 4.11612
      vertex 3.9603 -1.06116 0
      vertex 3.98326 -0.957555 4.19652
    endloop
  endfacet
  facet normal -0.976318 0.216339 5.77373e-07
    outer loop
      vertex 3.98326 -0.957555 4.19652
      vertex 3.9603 -1.06116 0
      vertex 3.96855 -1.02394 4.28303
    endloop
  endfacet
  facet normal -0.976304 0.216403 0
    outer loop
      vertex 3.96855 -1.02394 4.28303
      vertex 3.9603 -1.06116 0
      vertex 3.9603 -1.06116 4.34145
    endloop
  endfacet
  facet normal 0.0436146 -0.999048 0
    outer loop
      vertex -0.357338 4.0844 0
      vertex 0 4.1 10
      vertex -0.357338 4.0844 10
    endloop
  endfacet
  facet normal 0.0436146 -0.999048 0
    outer loop
      vertex 0 4.1 10
      vertex -0.357338 4.0844 0
      vertex 0 4.1 0
    endloop
  endfacet
  facet normal -0.84339 0.537302 0
    outer loop
      vertex 3.35852 -2.35166 0
      vertex 3.5507 -2.05 10
      vertex 3.5507 -2.05 0
    endloop
  endfacet
  facet normal -0.84339 0.537302 0
    outer loop
      vertex 3.5507 -2.05 10
      vertex 3.35852 -2.35166 0
      vertex 3.35852 -2.35166 10
    endloop
  endfacet
  facet normal -0.991445 0.130523 -1.26812e-06
    outer loop
      vertex 4.03771 -0.711957 10
      vertex 4.0844 -0.357338 6.19674
      vertex 4.07516 -0.427525 6.17461
    endloop
  endfacet
  facet normal -0.991437 0.130585 3.49398e-06
    outer loop
      vertex 4.03771 -0.711957 10
      vertex 4.07516 -0.427525 6.17461
      vertex 4.06189 -0.528273 6.13288
    endloop
  endfacet
  facet normal -0.991451 0.130483 -1.45248e-06
    outer loop
      vertex 4.03771 -0.711957 10
      vertex 4.06189 -0.528273 6.13288
      vertex 4.04916 -0.625 6.08253
    endloop
  endfacet
  facet normal -0.991442 0.130547 0
    outer loop
      vertex 4.03771 -0.711957 10
      vertex 4.04916 -0.625 6.08253
      vertex 4.03771 -0.711957 6.02713
    endloop
  endfacet
  facet normal -0.991444 0.130536 0
    outer loop
      vertex 4.0844 -0.357338 6.19674
      vertex 4.03771 -0.711957 10
      vertex 4.0844 -0.357338 10
    endloop
  endfacet
  facet normal -0.991444 0.130536 0
    outer loop
      vertex 4.03771 -0.711957 0
      vertex 4.0844 -0.357338 3.80325
      vertex 4.0844 -0.357338 0
    endloop
  endfacet
  facet normal -0.991445 0.130523 1.26812e-06
    outer loop
      vertex 4.0844 -0.357338 3.80325
      vertex 4.03771 -0.711957 0
      vertex 4.07516 -0.427525 3.82538
    endloop
  endfacet
  facet normal -0.991437 0.130585 -3.49396e-06
    outer loop
      vertex 4.07516 -0.427525 3.82538
      vertex 4.03771 -0.711957 0
      vertex 4.06189 -0.528273 3.86712
    endloop
  endfacet
  facet normal -0.991451 0.130483 1.45248e-06
    outer loop
      vertex 4.06189 -0.528273 3.86712
      vertex 4.03771 -0.711957 0
      vertex 4.04916 -0.625 3.91747
    endloop
  endfacet
  facet normal -0.991442 0.130547 0
    outer loop
      vertex 4.04916 -0.625 3.91747
      vertex 4.03771 -0.711957 0
      vertex 4.03771 -0.711957 3.97287
    endloop
  endfacet
  facet normal -0.675582 -0.737285 0
    outer loop
      vertex 2.63543 3.14078 0
      vertex 2.89914 2.89914 10
      vertex 2.63543 3.14078 10
    endloop
  endfacet
  facet normal -0.675582 -0.737285 -0
    outer loop
      vertex 2.89914 2.89914 10
      vertex 2.63543 3.14078 0
      vertex 2.89914 2.89914 0
    endloop
  endfacet
  facet normal 0.461748 0.887011 -0
    outer loop
      vertex -1.73273 -3.71586 0
      vertex -2.05 -3.5507 10
      vertex -1.73273 -3.71586 10
    endloop
  endfacet
  facet normal 0.461748 0.887011 0
    outer loop
      vertex -2.05 -3.5507 10
      vertex -1.73273 -3.71586 0
      vertex -2.05 -3.5507 0
    endloop
  endfacet
  facet normal -0.130536 -0.991444 0
    outer loop
      vertex 0.357338 4.0844 0
      vertex 0.711957 4.03771 10
      vertex 0.357338 4.0844 10
    endloop
  endfacet
  facet normal -0.130536 -0.991444 -0
    outer loop
      vertex 0.711957 4.03771 10
      vertex 0.357338 4.0844 0
      vertex 0.711957 4.03771 0
    endloop
  endfacet
  facet normal -0.793359 0.608754 0
    outer loop
      vertex 3.14078 -2.63543 0
      vertex 3.35852 -2.35166 10
      vertex 3.35852 -2.35166 0
    endloop
  endfacet
  facet normal -0.793359 0.608754 0
    outer loop
      vertex 3.35852 -2.35166 10
      vertex 3.14078 -2.63543 0
      vertex 3.14078 -2.63543 10
    endloop
  endfacet
  facet normal 0.991444 0.130536 0
    outer loop
      vertex -4.03771 -0.711957 10
      vertex -4.0844 -0.357338 0
      vertex -4.0844 -0.357338 10
    endloop
  endfacet
  facet normal 0.991444 0.130536 0
    outer loop
      vertex -4.0844 -0.357338 0
      vertex -4.03771 -0.711957 10
      vertex -4.03771 -0.711957 0
    endloop
  endfacet
  facet normal -0.923876 -0.382691 0
    outer loop
      vertex 3.85274 1.40228 0
      vertex 3.71586 1.73273 10
      vertex 3.71586 1.73273 0
    endloop
  endfacet
  facet normal -0.923876 -0.382691 0
    outer loop
      vertex 3.71586 1.73273 10
      vertex 3.85274 1.40228 0
      vertex 3.85274 1.40228 10
    endloop
  endfacet
  facet normal -0.461748 0.887011 0
    outer loop
      vertex 2.05 -3.5507 0
      vertex 1.73273 -3.71586 10
      vertex 2.05 -3.5507 10
    endloop
  endfacet
  facet normal -0.461748 0.887011 0
    outer loop
      vertex 1.73273 -3.71586 10
      vertex 2.05 -3.5507 0
      vertex 1.73273 -3.71586 0
    endloop
  endfacet
  facet normal -0.382691 0.923876 0
    outer loop
      vertex 1.73273 -3.71586 0
      vertex 1.40228 -3.85274 10
      vertex 1.73273 -3.71586 10
    endloop
  endfacet
  facet normal -0.382691 0.923876 0
    outer loop
      vertex 1.40228 -3.85274 10
      vertex 1.73273 -3.71586 0
      vertex 1.40228 -3.85274 0
    endloop
  endfacet
  facet normal -0.887011 -0.461748 0
    outer loop
      vertex 3.71586 1.73273 0
      vertex 3.5507 2.05 10
      vertex 3.5507 2.05 0
    endloop
  endfacet
  facet normal -0.887011 -0.461748 0
    outer loop
      vertex 3.5507 2.05 10
      vertex 3.71586 1.73273 0
      vertex 3.71586 1.73273 10
    endloop
  endfacet
  facet normal -0.216422 -0.9763 0
    outer loop
      vertex 0.711957 4.03771 0
      vertex 1.06116 3.9603 10
      vertex 0.711957 4.03771 10
    endloop
  endfacet
  facet normal -0.216422 -0.9763 -0
    outer loop
      vertex 1.06116 3.9603 10
      vertex 0.711957 4.03771 0
      vertex 1.06116 3.9603 0
    endloop
  endfacet
  facet normal -0.923876 0.382691 0
    outer loop
      vertex 3.71586 -1.73273 0
      vertex 3.85274 -1.40228 10
      vertex 3.85274 -1.40228 0
    endloop
  endfacet
  facet normal -0.923876 0.382691 0
    outer loop
      vertex 3.85274 -1.40228 10
      vertex 3.71586 -1.73273 0
      vertex 3.71586 -1.73273 10
    endloop
  endfacet
  facet normal 0.9763 -0.216422 0
    outer loop
      vertex -4.03771 0.711957 10
      vertex -3.9603 1.06116 0
      vertex -3.9603 1.06116 10
    endloop
  endfacet
  facet normal 0.9763 -0.216422 0
    outer loop
      vertex -3.9603 1.06116 0
      vertex -4.03771 0.711957 10
      vertex -4.03771 0.711957 0
    endloop
  endfacet
  facet normal -0.793359 -0.608754 0
    outer loop
      vertex 3.35852 2.35166 0
      vertex 3.14078 2.63543 10
      vertex 3.14078 2.63543 0
    endloop
  endfacet
  facet normal -0.793359 -0.608754 0
    outer loop
      vertex 3.14078 2.63543 10
      vertex 3.35852 2.35166 0
      vertex 3.35852 2.35166 10
    endloop
  endfacet
  facet normal 0.675582 -0.737285 0
    outer loop
      vertex -2.89914 2.89914 0
      vertex -2.63543 3.14078 10
      vertex -2.89914 2.89914 10
    endloop
  endfacet
  facet normal 0.675582 -0.737285 0
    outer loop
      vertex -2.63543 3.14078 10
      vertex -2.89914 2.89914 0
      vertex -2.63543 3.14078 0
    endloop
  endfacet
  facet normal 0.923876 -0.382691 0
    outer loop
      vertex -3.85274 1.40228 10
      vertex -3.71586 1.73273 0
      vertex -3.71586 1.73273 10
    endloop
  endfacet
  facet normal 0.923876 -0.382691 0
    outer loop
      vertex -3.71586 1.73273 0
      vertex -3.85274 1.40228 10
      vertex -3.85274 1.40228 0
    endloop
  endfacet
  facet normal 0.382691 -0.923876 0
    outer loop
      vertex -1.73273 3.71586 0
      vertex -1.40228 3.85274 10
      vertex -1.73273 3.71586 10
    endloop
  endfacet
  facet normal 0.382691 -0.923876 0
    outer loop
      vertex -1.40228 3.85274 10
      vertex -1.73273 3.71586 0
      vertex -1.40228 3.85274 0
    endloop
  endfacet
  facet normal 0.991444 -0.130536 0
    outer loop
      vertex -4.0844 0.357338 10
      vertex -4.03771 0.711957 0
      vertex -4.03771 0.711957 10
    endloop
  endfacet
  facet normal 0.991444 -0.130536 0
    outer loop
      vertex -4.03771 0.711957 0
      vertex -4.0844 0.357338 10
      vertex -4.0844 0.357338 0
    endloop
  endfacet
  facet normal 0.300719 0.953713 -0
    outer loop
      vertex -1.06116 -3.9603 0
      vertex -1.40228 -3.85274 10
      vertex -1.06116 -3.9603 10
    endloop
  endfacet
  facet normal 0.300719 0.953713 0
    outer loop
      vertex -1.40228 -3.85274 10
      vertex -1.06116 -3.9603 0
      vertex -1.40228 -3.85274 0
    endloop
  endfacet
  facet normal -0.737285 -0.675582 0
    outer loop
      vertex 3.14078 2.63543 0
      vertex 2.89914 2.89914 10
      vertex 2.89914 2.89914 0
    endloop
  endfacet
  facet normal -0.737285 -0.675582 0
    outer loop
      vertex 2.89914 2.89914 10
      vertex 3.14078 2.63543 0
      vertex 3.14078 2.63543 10
    endloop
  endfacet
  facet normal 0.737285 0.675582 0
    outer loop
      vertex -2.89914 -2.89914 10
      vertex -3.14078 -2.63543 0
      vertex -3.14078 -2.63543 10
    endloop
  endfacet
  facet normal 0.737285 0.675582 0
    outer loop
      vertex -3.14078 -2.63543 0
      vertex -2.89914 -2.89914 10
      vertex -2.89914 -2.89914 0
    endloop
  endfacet
  facet normal -0.0436146 0.999048 0
    outer loop
      vertex 0.357338 -4.0844 0
      vertex 0 -4.1 10
      vertex 0.357338 -4.0844 10
    endloop
  endfacet
  facet normal -0.0436146 0.999048 0
    outer loop
      vertex 0 -4.1 10
      vertex 0.357338 -4.0844 0
      vertex 0 -4.1 0
    endloop
  endfacet
  facet normal 0.9763 0.216422 0
    outer loop
      vertex -3.9603 -1.06116 10
      vertex -4.03771 -0.711957 0
      vertex -4.03771 -0.711957 10
    endloop
  endfacet
  facet normal 0.9763 0.216422 0
    outer loop
      vertex -4.03771 -0.711957 0
      vertex -3.9603 -1.06116 10
      vertex -3.9603 -1.06116 0
    endloop
  endfacet
  facet normal -0.0436146 -0.999048 0
    outer loop
      vertex 0 4.1 0
      vertex 0.357338 4.0844 10
      vertex 0 4.1 10
    endloop
  endfacet
  facet normal -0.0436146 -0.999048 -0
    outer loop
      vertex 0.357338 4.0844 10
      vertex 0 4.1 0
      vertex 0.357338 4.0844 0
    endloop
  endfacet
  facet normal 0.130536 0.991444 -0
    outer loop
      vertex -0.357338 -4.0844 0
      vertex -0.711957 -4.03771 10
      vertex -0.357338 -4.0844 10
    endloop
  endfacet
  facet normal 0.130536 0.991444 0
    outer loop
      vertex -0.711957 -4.03771 10
      vertex -0.357338 -4.0844 0
      vertex -0.711957 -4.03771 0
    endloop
  endfacet
  facet normal 0.130536 -0.991444 0
    outer loop
      vertex -0.711957 4.03771 0
      vertex -0.357338 4.0844 10
      vertex -0.711957 4.03771 10
    endloop
  endfacet
  facet normal 0.130536 -0.991444 0
    outer loop
      vertex -0.357338 4.0844 10
      vertex -0.711957 4.03771 0
      vertex -0.357338 4.0844 0
    endloop
  endfacet
  facet normal 0.737285 -0.675582 0
    outer loop
      vertex -3.14078 2.63543 10
      vertex -2.89914 2.89914 0
      vertex -2.89914 2.89914 10
    endloop
  endfacet
  facet normal 0.737285 -0.675582 0
    outer loop
      vertex -2.89914 2.89914 0
      vertex -3.14078 2.63543 10
      vertex -3.14078 2.63543 0
    endloop
  endfacet
  facet normal 0.999048 0.0436146 0
    outer loop
      vertex -4.0844 -0.357338 10
      vertex -4.1 0 0
      vertex -4.1 0 10
    endloop
  endfacet
  facet normal 0.999048 0.0436146 0
    outer loop
      vertex -4.1 0 0
      vertex -4.0844 -0.357338 10
      vertex -4.0844 -0.357338 0
    endloop
  endfacet
  facet normal 0.216422 0.9763 -0
    outer loop
      vertex -0.711957 -4.03771 0
      vertex -1.06116 -3.9603 10
      vertex -0.711957 -4.03771 10
    endloop
  endfacet
  facet normal 0.216422 0.9763 0
    outer loop
      vertex -1.06116 -3.9603 10
      vertex -0.711957 -4.03771 0
      vertex -1.06116 -3.9603 0
    endloop
  endfacet
  facet normal 0.382691 0.923876 -0
    outer loop
      vertex -1.40228 -3.85274 0
      vertex -1.73273 -3.71586 10
      vertex -1.40228 -3.85274 10
    endloop
  endfacet
  facet normal 0.382691 0.923876 0
    outer loop
      vertex -1.73273 -3.71586 10
      vertex -1.40228 -3.85274 0
      vertex -1.73273 -3.71586 0
    endloop
  endfacet
  facet normal -0.675582 0.737285 0
    outer loop
      vertex 2.89914 -2.89914 0
      vertex 2.63543 -3.14078 10
      vertex 2.89914 -2.89914 10
    endloop
  endfacet
  facet normal -0.675582 0.737285 0
    outer loop
      vertex 2.63543 -3.14078 10
      vertex 2.89914 -2.89914 0
      vertex 2.63543 -3.14078 0
    endloop
  endfacet
  facet normal 0 -0.216418 0.976301
    outer loop
      vertex 14 0.323524 3.79259
      vertex 4.09052 0.21706 3.76899
      vertex 14 0.21706 3.76899
    endloop
  endfacet
  facet normal 0 -0.216418 0.976301
    outer loop
      vertex 4.09052 0.21706 3.76899
      vertex 14 0.323524 3.79259
      vertex 4.08587 0.323524 3.79259
    endloop
  endfacet
  facet normal 0 0.300778 -0.953694
    outer loop
      vertex 14 -0.427525 6.17461
      vertex 4.08587 -0.323524 6.20741
      vertex 14 -0.323524 6.20741
    endloop
  endfacet
  facet normal 1.68179e-06 0.300923 -0.953648
    outer loop
      vertex 14 -0.427525 6.17461
      vertex 4.0844 -0.357338 6.19674
      vertex 4.08587 -0.323524 6.20741
    endloop
  endfacet
  facet normal 0 0.300707 -0.953716
    outer loop
      vertex 4.0844 -0.357338 6.19674
      vertex 14 -0.427525 6.17461
      vertex 4.07516 -0.427525 6.17461
    endloop
  endfacet
  facet normal 0 0.130492 -0.991449
    outer loop
      vertex 14 -0.21706 6.23101
      vertex 4.09524 -0.108944 6.24524
      vertex 14 -0.108944 6.24524
    endloop
  endfacet
  facet normal 0 0.130492 -0.991449
    outer loop
      vertex 4.09524 -0.108944 6.24524
      vertex 14 -0.21706 6.23101
      vertex 4.09052 -0.21706 6.23101
    endloop
  endfacet
  facet normal 0 0.382674 -0.923883
    outer loop
      vertex 14 -0.528273 6.13288
      vertex 4.07516 -0.427525 6.17461
      vertex 14 -0.427525 6.17461
    endloop
  endfacet
  facet normal 0 0.382674 -0.923883
    outer loop
      vertex 4.07516 -0.427525 6.17461
      vertex 14 -0.528273 6.13288
      vertex 4.06189 -0.528273 6.13288
    endloop
  endfacet
  facet normal -0 0.608735 0.793373
    outer loop
      vertex 4.0366 -0.71697 3.97606
      vertex 14 -0.803484 4.04244
      vertex 14 -0.71697 3.97606
    endloop
  endfacet
  facet normal 0 0.608735 0.793373
    outer loop
      vertex 14 -0.803484 4.04244
      vertex 4.0366 -0.71697 3.97606
      vertex 4.01742 -0.803484 4.04244
    endloop
  endfacet
  facet normal -0 0.793338 0.608782
    outer loop
      vertex 3.98326 -0.957555 4.19652
      vertex 14 -1.02394 4.28303
      vertex 14 -0.957555 4.19652
    endloop
  endfacet
  facet normal 0 0.793338 0.608782
    outer loop
      vertex 14 -1.02394 4.28303
      vertex 3.98326 -0.957555 4.19652
      vertex 3.96855 -1.02394 4.28303
    endloop
  endfacet
  facet normal 0 0.953693 -0.30078
    outer loop
      vertex 14 -1.20741 5.32352
      vertex 3.92452 -1.17461 5.42752
      vertex 14 -1.17461 5.42752
    endloop
  endfacet
  facet normal 0 0.953693 -0.30078
    outer loop
      vertex 3.92452 -1.17461 5.42752
      vertex 14 -1.20741 5.32352
      vertex 3.91418 -1.20741 5.32352
    endloop
  endfacet
  facet normal -0 0.976299 0.216426
    outer loop
      vertex 3.91418 -1.20741 4.67648
      vertex 14 -1.23101 4.78294
      vertex 14 -1.20741 4.67648
    endloop
  endfacet
  facet normal 0 0.976299 0.216426
    outer loop
      vertex 14 -1.23101 4.78294
      vertex 3.91418 -1.20741 4.67648
      vertex 3.90674 -1.23101 4.78294
    endloop
  endfacet
  facet normal -0 -0.737282 -0.675585
    outer loop
      vertex 14 0.957555 5.80348
      vertex 3.9996 0.883883 5.88388
      vertex 3.98326 0.957555 5.80348
    endloop
  endfacet
  facet normal 0 -0.737282 -0.675585
    outer loop
      vertex 3.9996 0.883883 5.88388
      vertex 14 0.957555 5.80348
      vertex 14 0.883883 5.88388
    endloop
  endfacet
  facet normal 0 -0.300778 -0.953694
    outer loop
      vertex 4.08587 0.323524 6.20741
      vertex 14 0.427525 6.17461
      vertex 14 0.323524 6.20741
    endloop
  endfacet
  facet normal 1.68179e-06 -0.300923 -0.953648
    outer loop
      vertex 4.0844 0.357338 6.19674
      vertex 14 0.427525 6.17461
      vertex 4.08587 0.323524 6.20741
    endloop
  endfacet
  facet normal -0 -0.300707 -0.953716
    outer loop
      vertex 14 0.427525 6.17461
      vertex 4.0844 0.357338 6.19674
      vertex 4.07516 0.427525 6.17461
    endloop
  endfacet
  facet normal 0 -0.608735 0.793373
    outer loop
      vertex 14 0.803484 4.04244
      vertex 4.0366 0.71697 3.97606
      vertex 14 0.71697 3.97606
    endloop
  endfacet
  facet normal 0 -0.608735 0.793373
    outer loop
      vertex 4.0366 0.71697 3.97606
      vertex 14 0.803484 4.04244
      vertex 4.01742 0.803484 4.04244
    endloop
  endfacet
  facet normal -0 0.99145 0.130488
    outer loop
      vertex 3.90674 -1.23101 4.78294
      vertex 14 -1.24524 4.89106
      vertex 14 -1.23101 4.78294
    endloop
  endfacet
  facet normal 0 0.99145 0.130488
    outer loop
      vertex 14 -1.24524 4.89106
      vertex 3.90674 -1.23101 4.78294
      vertex 3.90225 -1.24524 4.89106
    endloop
  endfacet
  facet normal 0 0.537291 -0.843397
    outer loop
      vertex 14 -0.71697 6.02394
      vertex 4.04916 -0.625 6.08253
      vertex 14 -0.625 6.08253
    endloop
  endfacet
  facet normal 3.18691e-07 0.537315 -0.843381
    outer loop
      vertex 14 -0.71697 6.02394
      vertex 4.03771 -0.711957 6.02713
      vertex 4.04916 -0.625 6.08253
    endloop
  endfacet
  facet normal 0 0.536865 -0.843668
    outer loop
      vertex 4.03771 -0.711957 6.02713
      vertex 14 -0.71697 6.02394
      vertex 4.0366 -0.71697 6.02394
    endloop
  endfacet
  facet normal 0 -0.999047 0.0436521
    outer loop
      vertex 3.90225 1.24524 4.89106
      vertex 14 1.25 5
      vertex 3.90075 1.25 5
    endloop
  endfacet
  facet normal 0 -0.999047 0.0436521
    outer loop
      vertex 14 1.25 5
      vertex 3.90225 1.24524 4.89106
      vertex 14 1.24524 4.89106
    endloop
  endfacet
  facet normal 0 -0.382674 -0.923883
    outer loop
      vertex 4.07516 0.427525 6.17461
      vertex 14 0.528273 6.13288
      vertex 14 0.427525 6.17461
    endloop
  endfacet
  facet normal -0 -0.382674 -0.923883
    outer loop
      vertex 14 0.528273 6.13288
      vertex 4.07516 0.427525 6.17461
      vertex 4.06189 0.528273 6.13288
    endloop
  endfacet
  facet normal 0 -0.0436505 0.999047
    outer loop
      vertex 14 0.108944 3.75476
      vertex 4.1 0 3.75
      vertex 14 0 3.75
    endloop
  endfacet
  facet normal 0 -0.0436505 0.999047
    outer loop
      vertex 4.1 0 3.75
      vertex 14 0.108944 3.75476
      vertex 4.09524 0.108944 3.75476
    endloop
  endfacet
  facet normal -0 -0.923886 -0.382668
    outer loop
      vertex 14 1.17461 5.42752
      vertex 3.93768 1.13288 5.52827
      vertex 3.92452 1.17461 5.42752
    endloop
  endfacet
  facet normal 0 -0.923886 -0.382668
    outer loop
      vertex 3.93768 1.13288 5.52827
      vertex 14 1.17461 5.42752
      vertex 14 1.13288 5.52827
    endloop
  endfacet
  facet normal -0 0.0436505 0.999047
    outer loop
      vertex 4.1 0 3.75
      vertex 14 -0.108944 3.75476
      vertex 14 0 3.75
    endloop
  endfacet
  facet normal 0 0.0436505 0.999047
    outer loop
      vertex 14 -0.108944 3.75476
      vertex 4.1 0 3.75
      vertex 4.09524 -0.108944 3.75476
    endloop
  endfacet
  facet normal -0 0.887028 0.461717
    outer loop
      vertex 3.95356 -1.08253 4.375
      vertex 14 -1.13288 4.47173
      vertex 14 -1.08253 4.375
    endloop
  endfacet
  facet normal 0 0.887028 0.461717
    outer loop
      vertex 14 -1.13288 4.47173
      vertex 3.95356 -1.08253 4.375
      vertex 3.93768 -1.13288 4.47173
    endloop
  endfacet
  facet normal -1 0 0
    outer loop
      vertex 14 1.24524 4.89106
      vertex 14 1.24524 5.10894
      vertex 14 1.25 5
    endloop
  endfacet
  facet normal -1 0 0
    outer loop
      vertex 14 1.23101 4.78294
      vertex 14 1.24524 5.10894
      vertex 14 1.24524 4.89106
    endloop
  endfacet
  facet normal -1 0 0
    outer loop
      vertex 14 1.23101 4.78294
      vertex 14 1.23101 5.21706
      vertex 14 1.24524 5.10894
    endloop
  endfacet
  facet normal -1 0 0
    outer loop
      vertex 14 1.20741 4.67648
      vertex 14 1.23101 5.21706
      vertex 14 1.23101 4.78294
    endloop
  endfacet
  facet normal -1 0 0
    outer loop
      vertex 14 1.20741 4.67648
      vertex 14 1.20741 5.32352
      vertex 14 1.23101 5.21706
    endloop
  endfacet
  facet normal -1 0 0
    outer loop
      vertex 14 1.17461 4.57247
      vertex 14 1.20741 5.32352
      vertex 14 1.20741 4.67648
    endloop
  endfacet
  facet normal -1 0 0
    outer loop
      vertex 14 1.17461 4.57247
      vertex 14 1.17461 5.42752
      vertex 14 1.20741 5.32352
    endloop
  endfacet
  facet normal -1 0 0
    outer loop
      vertex 14 1.13288 4.47173
      vertex 14 1.17461 5.42752
      vertex 14 1.17461 4.57247
    endloop
  endfacet
  facet normal -1 0 0
    outer loop
      vertex 14 1.13288 4.47173
      vertex 14 1.13288 5.52827
      vertex 14 1.17461 5.42752
    endloop
  endfacet
  facet normal -1 0 0
    outer loop
      vertex 14 1.08253 4.375
      vertex 14 1.13288 5.52827
      vertex 14 1.13288 4.47173
    endloop
  endfacet
  facet normal -1 0 0
    outer loop
      vertex 14 1.08253 4.375
      vertex 14 1.08253 5.625
      vertex 14 1.13288 5.52827
    endloop
  endfacet
  facet normal -1 0 0
    outer loop
      vertex 14 1.02394 4.28303
      vertex 14 1.08253 5.625
      vertex 14 1.08253 4.375
    endloop
  endfacet
  facet normal -1 0 0
    outer loop
      vertex 14 1.02394 4.28303
      vertex 14 1.02394 5.71697
      vertex 14 1.08253 5.625
    endloop
  endfacet
  facet normal -1 0 0
    outer loop
      vertex 14 0.957555 4.19652
      vertex 14 1.02394 5.71697
      vertex 14 1.02394 4.28303
    endloop
  endfacet
  facet normal -1 0 0
    outer loop
      vertex 14 0.957555 4.19652
      vertex 14 0.957555 5.80348
      vertex 14 1.02394 5.71697
    endloop
  endfacet
  facet normal -1 0 0
    outer loop
      vertex 14 0.883883 4.11612
      vertex 14 0.957555 5.80348
      vertex 14 0.957555 4.19652
    endloop
  endfacet
  facet normal -1 0 0
    outer loop
      vertex 14 0.883883 4.11612
      vertex 14 0.883883 5.88388
      vertex 14 0.957555 5.80348
    endloop
  endfacet
  facet normal -1 0 0
    outer loop
      vertex 14 0.803484 4.04244
      vertex 14 0.883883 5.88388
      vertex 14 0.883883 4.11612
    endloop
  endfacet
  facet normal -1 0 0
    outer loop
      vertex 14 0.803484 4.04244
      vertex 14 0.803484 5.95755
      vertex 14 0.883883 5.88388
    endloop
  endfacet
  facet normal -1 0 0
    outer loop
      vertex 14 0.71697 3.97606
      vertex 14 0.803484 5.95755
      vertex 14 0.803484 4.04244
    endloop
  endfacet
  facet normal -1 0 0
    outer loop
      vertex 14 0.71697 3.97606
      vertex 14 0.71697 6.02394
      vertex 14 0.803484 5.95755
    endloop
  endfacet
  facet normal -1 0 0
    outer loop
      vertex 14 0.625 3.91747
      vertex 14 0.71697 6.02394
      vertex 14 0.71697 3.97606
    endloop
  endfacet
  facet normal -1 0 0
    outer loop
      vertex 14 0.625 3.91747
      vertex 14 0.625 6.08253
      vertex 14 0.71697 6.02394
    endloop
  endfacet
  facet normal -1 0 0
    outer loop
      vertex 14 0.528273 3.86712
      vertex 14 0.625 6.08253
      vertex 14 0.625 3.91747
    endloop
  endfacet
  facet normal -1 0 0
    outer loop
      vertex 14 0.528273 3.86712
      vertex 14 0.528273 6.13288
      vertex 14 0.625 6.08253
    endloop
  endfacet
  facet normal -1 0 0
    outer loop
      vertex 14 0.427525 3.82538
      vertex 14 0.528273 6.13288
      vertex 14 0.528273 3.86712
    endloop
  endfacet
  facet normal -1 0 0
    outer loop
      vertex 14 0.427525 3.82538
      vertex 14 0.427525 6.17461
      vertex 14 0.528273 6.13288
    endloop
  endfacet
  facet normal -1 0 0
    outer loop
      vertex 14 0.323524 3.79259
      vertex 14 0.427525 6.17461
      vertex 14 0.427525 3.82538
    endloop
  endfacet
  facet normal -1 0 0
    outer loop
      vertex 14 0.323524 3.79259
      vertex 14 0.323524 6.20741
      vertex 14 0.427525 6.17461
    endloop
  endfacet
  facet normal -1 0 0
    outer loop
      vertex 14 0.21706 3.76899
      vertex 14 0.323524 6.20741
      vertex 14 0.323524 3.79259
    endloop
  endfacet
  facet normal -1 0 0
    outer loop
      vertex 14 0.21706 3.76899
      vertex 14 0.21706 6.23101
      vertex 14 0.323524 6.20741
    endloop
  endfacet
  facet normal -1 0 0
    outer loop
      vertex 14 0.108944 3.75476
      vertex 14 0.21706 6.23101
      vertex 14 0.21706 3.76899
    endloop
  endfacet
  facet normal -1 0 0
    outer loop
      vertex 14 0.108944 3.75476
      vertex 14 0.108944 6.24524
      vertex 14 0.21706 6.23101
    endloop
  endfacet
  facet normal -1 0 0
    outer loop
      vertex 14 0 3.75
      vertex 14 0.108944 6.24524
      vertex 14 0.108944 3.75476
    endloop
  endfacet
  facet normal -1 0 0
    outer loop
      vertex 14 0 3.75
      vertex 14 0 6.25
      vertex 14 0.108944 6.24524
    endloop
  endfacet
  facet normal -1 0 0
    outer loop
      vertex 14 -0.108944 3.75476
      vertex 14 0 6.25
      vertex 14 0 3.75
    endloop
  endfacet
  facet normal -1 0 0
    outer loop
      vertex 14 -0.108944 3.75476
      vertex 14 -0.108944 6.24524
      vertex 14 0 6.25
    endloop
  endfacet
  facet normal -1 0 0
    outer loop
      vertex 14 -0.21706 3.76899
      vertex 14 -0.108944 6.24524
      vertex 14 -0.108944 3.75476
    endloop
  endfacet
  facet normal -1 0 0
    outer loop
      vertex 14 -0.21706 3.76899
      vertex 14 -0.21706 6.23101
      vertex 14 -0.108944 6.24524
    endloop
  endfacet
  facet normal -1 0 0
    outer loop
      vertex 14 -0.323524 3.79259
      vertex 14 -0.21706 6.23101
      vertex 14 -0.21706 3.76899
    endloop
  endfacet
  facet normal -1 0 0
    outer loop
      vertex 14 -0.323524 3.79259
      vertex 14 -0.323524 6.20741
      vertex 14 -0.21706 6.23101
    endloop
  endfacet
  facet normal -1 0 0
    outer loop
      vertex 14 -0.427525 3.82538
      vertex 14 -0.323524 6.20741
      vertex 14 -0.323524 3.79259
    endloop
  endfacet
  facet normal -1 0 0
    outer loop
      vertex 14 -0.427525 3.82538
      vertex 14 -0.427525 6.17461
      vertex 14 -0.323524 6.20741
    endloop
  endfacet
  facet normal -1 0 0
    outer loop
      vertex 14 -0.528273 3.86712
      vertex 14 -0.427525 6.17461
      vertex 14 -0.427525 3.82538
    endloop
  endfacet
  facet normal -1 0 0
    outer loop
      vertex 14 -0.528273 3.86712
      vertex 14 -0.528273 6.13288
      vertex 14 -0.427525 6.17461
    endloop
  endfacet
  facet normal -1 0 0
    outer loop
      vertex 14 -0.625 3.91747
      vertex 14 -0.528273 6.13288
      vertex 14 -0.528273 3.86712
    endloop
  endfacet
  facet normal -1 0 0
    outer loop
      vertex 14 -0.625 3.91747
      vertex 14 -0.625 6.08253
      vertex 14 -0.528273 6.13288
    endloop
  endfacet
  facet normal -1 0 0
    outer loop
      vertex 14 -0.71697 3.97606
      vertex 14 -0.625 6.08253
      vertex 14 -0.625 3.91747
    endloop
  endfacet
  facet normal -1 0 0
    outer loop
      vertex 14 -0.71697 3.97606
      vertex 14 -0.71697 6.02394
      vertex 14 -0.625 6.08253
    endloop
  endfacet
  facet normal -1 0 0
    outer loop
      vertex 14 -0.803484 4.04244
      vertex 14 -0.71697 6.02394
      vertex 14 -0.71697 3.97606
    endloop
  endfacet
  facet normal -1 0 0
    outer loop
      vertex 14 -0.803484 4.04244
      vertex 14 -0.803484 5.95755
      vertex 14 -0.71697 6.02394
    endloop
  endfacet
  facet normal -1 0 0
    outer loop
      vertex 14 -0.883883 4.11612
      vertex 14 -0.803484 5.95755
      vertex 14 -0.803484 4.04244
    endloop
  endfacet
  facet normal -1 0 0
    outer loop
      vertex 14 -0.883883 4.11612
      vertex 14 -0.883883 5.88388
      vertex 14 -0.803484 5.95755
    endloop
  endfacet
  facet normal -1 0 0
    outer loop
      vertex 14 -0.957555 4.19652
      vertex 14 -0.883883 5.88388
      vertex 14 -0.883883 4.11612
    endloop
  endfacet
  facet normal -1 0 0
    outer loop
      vertex 14 -0.957555 4.19652
      vertex 14 -0.957555 5.80348
      vertex 14 -0.883883 5.88388
    endloop
  endfacet
  facet normal -1 0 0
    outer loop
      vertex 14 -1.02394 4.28303
      vertex 14 -0.957555 5.80348
      vertex 14 -0.957555 4.19652
    endloop
  endfacet
  facet normal -1 0 0
    outer loop
      vertex 14 -1.02394 4.28303
      vertex 14 -1.02394 5.71697
      vertex 14 -0.957555 5.80348
    endloop
  endfacet
  facet normal -1 0 0
    outer loop
      vertex 14 -1.08253 4.375
      vertex 14 -1.02394 5.71697
      vertex 14 -1.02394 4.28303
    endloop
  endfacet
  facet normal -1 0 0
    outer loop
      vertex 14 -1.08253 4.375
      vertex 14 -1.08253 5.625
      vertex 14 -1.02394 5.71697
    endloop
  endfacet
  facet normal -1 0 0
    outer loop
      vertex 14 -1.13288 4.47173
      vertex 14 -1.08253 5.625
      vertex 14 -1.08253 4.375
    endloop
  endfacet
  facet normal -1 0 0
    outer loop
      vertex 14 -1.13288 4.47173
      vertex 14 -1.13288 5.52827
      vertex 14 -1.08253 5.625
    endloop
  endfacet
  facet normal -1 0 0
    outer loop
      vertex 14 -1.17461 4.57247
      vertex 14 -1.13288 5.52827
      vertex 14 -1.13288 4.47173
    endloop
  endfacet
  facet normal -1 0 0
    outer loop
      vertex 14 -1.17461 4.57247
      vertex 14 -1.17461 5.42752
      vertex 14 -1.13288 5.52827
    endloop
  endfacet
  facet normal -1 0 0
    outer loop
      vertex 14 -1.20741 4.67648
      vertex 14 -1.17461 5.42752
      vertex 14 -1.17461 4.57247
    endloop
  endfacet
  facet normal -1 0 0
    outer loop
      vertex 14 -1.20741 4.67648
      vertex 14 -1.20741 5.32352
      vertex 14 -1.17461 5.42752
    endloop
  endfacet
  facet normal -1 0 0
    outer loop
      vertex 14 -1.23101 4.78294
      vertex 14 -1.20741 5.32352
      vertex 14 -1.20741 4.67648
    endloop
  endfacet
  facet normal -1 0 0
    outer loop
      vertex 14 -1.23101 4.78294
      vertex 14 -1.23101 5.21706
      vertex 14 -1.20741 5.32352
    endloop
  endfacet
  facet normal -1 0 0
    outer loop
      vertex 14 -1.24524 4.89106
      vertex 14 -1.23101 5.21706
      vertex 14 -1.23101 4.78294
    endloop
  endfacet
  facet normal -1 0 0
    outer loop
      vertex 14 -1.24524 4.89106
      vertex 14 -1.24524 5.10894
      vertex 14 -1.23101 5.21706
    endloop
  endfacet
  facet normal -1 0 -0
    outer loop
      vertex 14 -1.24524 5.10894
      vertex 14 -1.24524 4.89106
      vertex 14 -1.25 5
    endloop
  endfacet
  facet normal 0 -0.793338 0.608782
    outer loop
      vertex 3.98326 0.957555 4.19652
      vertex 14 1.02394 4.28303
      vertex 3.96855 1.02394 4.28303
    endloop
  endfacet
  facet normal 0 -0.793338 0.608782
    outer loop
      vertex 14 1.02394 4.28303
      vertex 3.98326 0.957555 4.19652
      vertex 14 0.957555 4.19652
    endloop
  endfacet
  facet normal -0 0.953702 0.300754
    outer loop
      vertex 3.92452 -1.17461 4.57247
      vertex 14 -1.20741 4.67648
      vertex 14 -1.17461 4.57247
    endloop
  endfacet
  facet normal 0 0.953702 0.300754
    outer loop
      vertex 14 -1.20741 4.67648
      vertex 3.92452 -1.17461 4.57247
      vertex 3.91418 -1.20741 4.67648
    endloop
  endfacet
  facet normal 0 0.216418 -0.976301
    outer loop
      vertex 14 -0.323524 6.20741
      vertex 4.09052 -0.21706 6.23101
      vertex 14 -0.21706 6.23101
    endloop
  endfacet
  facet normal 0 0.216418 -0.976301
    outer loop
      vertex 4.09052 -0.21706 6.23101
      vertex 14 -0.323524 6.20741
      vertex 4.08587 -0.323524 6.20741
    endloop
  endfacet
  facet normal -0 -0.793338 -0.608782
    outer loop
      vertex 14 1.02394 5.71697
      vertex 3.98326 0.957555 5.80348
      vertex 3.96855 1.02394 5.71697
    endloop
  endfacet
  facet normal 0 -0.793338 -0.608782
    outer loop
      vertex 3.98326 0.957555 5.80348
      vertex 14 1.02394 5.71697
      vertex 14 0.957555 5.80348
    endloop
  endfacet
  facet normal 0 -0.461728 -0.887022
    outer loop
      vertex 4.06189 0.528273 6.13288
      vertex 14 0.625 6.08253
      vertex 14 0.528273 6.13288
    endloop
  endfacet
  facet normal -0 -0.461728 -0.887022
    outer loop
      vertex 14 0.625 6.08253
      vertex 4.06189 0.528273 6.13288
      vertex 4.04916 0.625 6.08253
    endloop
  endfacet
  facet normal 0 -0.537291 0.843397
    outer loop
      vertex 14 0.71697 3.97606
      vertex 4.04916 0.625 3.91747
      vertex 14 0.625 3.91747
    endloop
  endfacet
  facet normal 3.18691e-07 -0.537315 0.843381
    outer loop
      vertex 14 0.71697 3.97606
      vertex 4.03771 0.711957 3.97287
      vertex 4.04916 0.625 3.91747
    endloop
  endfacet
  facet normal 0 -0.536865 0.843668
    outer loop
      vertex 4.03771 0.711957 3.97287
      vertex 14 0.71697 3.97606
      vertex 4.0366 0.71697 3.97606
    endloop
  endfacet
  facet normal 0 -0.737282 0.675585
    outer loop
      vertex 3.9996 0.883883 4.11612
      vertex 14 0.957555 4.19652
      vertex 3.98326 0.957555 4.19652
    endloop
  endfacet
  facet normal 0 -0.737282 0.675585
    outer loop
      vertex 14 0.957555 4.19652
      vertex 3.9996 0.883883 4.11612
      vertex 14 0.883883 4.11612
    endloop
  endfacet
  facet normal 0 -0.382752 0.923851
    outer loop
      vertex 14 0.528273 3.86712
      vertex 4.07516 0.427525 3.82538
      vertex 14 0.427525 3.82538
    endloop
  endfacet
  facet normal 0 -0.382752 0.923851
    outer loop
      vertex 4.07516 0.427525 3.82538
      vertex 14 0.528273 3.86712
      vertex 4.06189 0.528273 3.86712
    endloop
  endfacet
  facet normal 0 0.0436505 -0.999047
    outer loop
      vertex 14 -0.108944 6.24524
      vertex 4.1 0 6.25
      vertex 14 0 6.25
    endloop
  endfacet
  facet normal 0 0.0436505 -0.999047
    outer loop
      vertex 4.1 0 6.25
      vertex 14 -0.108944 6.24524
      vertex 4.09524 -0.108944 6.24524
    endloop
  endfacet
  facet normal 0 -0.99145 0.130488
    outer loop
      vertex 3.90674 1.23101 4.78294
      vertex 14 1.24524 4.89106
      vertex 3.90225 1.24524 4.89106
    endloop
  endfacet
  facet normal 0 -0.99145 0.130488
    outer loop
      vertex 14 1.24524 4.89106
      vertex 3.90674 1.23101 4.78294
      vertex 14 1.23101 4.78294
    endloop
  endfacet
  facet normal 0 0.793338 -0.608782
    outer loop
      vertex 14 -1.02394 5.71697
      vertex 3.98326 -0.957555 5.80348
      vertex 14 -0.957555 5.80348
    endloop
  endfacet
  facet normal 0 0.793338 -0.608782
    outer loop
      vertex 3.98326 -0.957555 5.80348
      vertex 14 -1.02394 5.71697
      vertex 3.96855 -1.02394 5.71697
    endloop
  endfacet
  facet normal 0 -0.130492 0.991449
    outer loop
      vertex 14 0.21706 3.76899
      vertex 4.09524 0.108944 3.75476
      vertex 14 0.108944 3.75476
    endloop
  endfacet
  facet normal 0 -0.130492 0.991449
    outer loop
      vertex 4.09524 0.108944 3.75476
      vertex 14 0.21706 3.76899
      vertex 4.09052 0.21706 3.76899
    endloop
  endfacet
  facet normal 0 -0.67563 0.737241
    outer loop
      vertex 14 0.883883 4.11612
      vertex 4.01742 0.803484 4.04244
      vertex 14 0.803484 4.04244
    endloop
  endfacet
  facet normal 0 -0.67563 0.737241
    outer loop
      vertex 4.01742 0.803484 4.04244
      vertex 14 0.883883 4.11612
      vertex 3.9996 0.883883 4.11612
    endloop
  endfacet
  facet normal -0 -0.99145 -0.130488
    outer loop
      vertex 14 1.24524 5.10894
      vertex 3.90674 1.23101 5.21706
      vertex 3.90225 1.24524 5.10894
    endloop
  endfacet
  facet normal 0 -0.99145 -0.130488
    outer loop
      vertex 3.90674 1.23101 5.21706
      vertex 14 1.24524 5.10894
      vertex 14 1.23101 5.21706
    endloop
  endfacet
  facet normal -0 0.300694 0.953721
    outer loop
      vertex 4.08587 -0.323524 3.79259
      vertex 14 -0.427525 3.82538
      vertex 14 -0.323524 3.79259
    endloop
  endfacet
  facet normal -3.13939e-07 0.300667 0.953729
    outer loop
      vertex 4.0844 -0.357338 3.80325
      vertex 14 -0.427525 3.82538
      vertex 4.08587 -0.323524 3.79259
    endloop
  endfacet
  facet normal 0 0.300707 0.953716
    outer loop
      vertex 14 -0.427525 3.82538
      vertex 4.0844 -0.357338 3.80325
      vertex 4.07516 -0.427525 3.82538
    endloop
  endfacet
  facet normal -0 0.216418 0.976301
    outer loop
      vertex 4.09052 -0.21706 3.76899
      vertex 14 -0.323524 3.79259
      vertex 14 -0.21706 3.76899
    endloop
  endfacet
  facet normal 0 0.216418 0.976301
    outer loop
      vertex 14 -0.323524 3.79259
      vertex 4.09052 -0.21706 3.76899
      vertex 4.08587 -0.323524 3.79259
    endloop
  endfacet
  facet normal 0 -0.0436505 -0.999047
    outer loop
      vertex 4.1 0 6.25
      vertex 14 0.108944 6.24524
      vertex 14 0 6.25
    endloop
  endfacet
  facet normal -0 -0.0436505 -0.999047
    outer loop
      vertex 14 0.108944 6.24524
      vertex 4.1 0 6.25
      vertex 4.09524 0.108944 6.24524
    endloop
  endfacet
  facet normal 0 0.843434 0.537233
    outer loop
      vertex 14 -1.08253 4.375
      vertex 3.9603 -1.06116 4.34145
      vertex 3.95356 -1.08253 4.375
    endloop
  endfacet
  facet normal -0 0.843397 0.537291
    outer loop
      vertex 3.96855 -1.02394 4.28303
      vertex 14 -1.08253 4.375
      vertex 14 -1.02394 4.28303
    endloop
  endfacet
  facet normal -4.24853e-07 0.843376 0.537324
    outer loop
      vertex 14 -1.08253 4.375
      vertex 3.96855 -1.02394 4.28303
      vertex 3.9603 -1.06116 4.34145
    endloop
  endfacet
  facet normal 0 -0.843434 0.537233
    outer loop
      vertex 3.9603 1.06116 4.34145
      vertex 14 1.08253 4.375
      vertex 3.95356 1.08253 4.375
    endloop
  endfacet
  facet normal -4.24853e-07 -0.843376 0.537324
    outer loop
      vertex 3.96855 1.02394 4.28303
      vertex 14 1.08253 4.375
      vertex 3.9603 1.06116 4.34145
    endloop
  endfacet
  facet normal 0 -0.843397 0.537291
    outer loop
      vertex 14 1.08253 4.375
      vertex 3.96855 1.02394 4.28303
      vertex 14 1.02394 4.28303
    endloop
  endfacet
  facet normal 0 -0.887028 0.461717
    outer loop
      vertex 3.95356 1.08253 4.375
      vertex 14 1.13288 4.47173
      vertex 3.93768 1.13288 4.47173
    endloop
  endfacet
  facet normal 0 -0.887028 0.461717
    outer loop
      vertex 14 1.13288 4.47173
      vertex 3.95356 1.08253 4.375
      vertex 14 1.08253 4.375
    endloop
  endfacet
  facet normal 0 -0.608793 -0.793329
    outer loop
      vertex 4.0366 0.71697 6.02394
      vertex 14 0.803484 5.95755
      vertex 14 0.71697 6.02394
    endloop
  endfacet
  facet normal -0 -0.608793 -0.793329
    outer loop
      vertex 14 0.803484 5.95755
      vertex 4.0366 0.71697 6.02394
      vertex 4.01742 0.803484 5.95755
    endloop
  endfacet
  facet normal -0 0.999047 0.0436521
    outer loop
      vertex 3.90225 -1.24524 4.89106
      vertex 14 -1.25 5
      vertex 14 -1.24524 4.89106
    endloop
  endfacet
  facet normal 0 0.999047 0.0436521
    outer loop
      vertex 14 -1.25 5
      vertex 3.90225 -1.24524 4.89106
      vertex 3.90075 -1.25 5
    endloop
  endfacet
  facet normal -0 0.537291 0.843397
    outer loop
      vertex 4.04916 -0.625 3.91747
      vertex 14 -0.71697 3.97606
      vertex 14 -0.625 3.91747
    endloop
  endfacet
  facet normal 3.18691e-07 0.537315 0.843381
    outer loop
      vertex 4.03771 -0.711957 3.97287
      vertex 14 -0.71697 3.97606
      vertex 4.04916 -0.625 3.91747
    endloop
  endfacet
  facet normal 0 0.536865 0.843668
    outer loop
      vertex 14 -0.71697 3.97606
      vertex 4.03771 -0.711957 3.97287
      vertex 4.0366 -0.71697 3.97606
    endloop
  endfacet
  facet normal -0 0.67563 0.737241
    outer loop
      vertex 4.01742 -0.803484 4.04244
      vertex 14 -0.883883 4.11612
      vertex 14 -0.803484 4.04244
    endloop
  endfacet
  facet normal 0 0.67563 0.737241
    outer loop
      vertex 14 -0.883883 4.11612
      vertex 4.01742 -0.803484 4.04244
      vertex 3.9996 -0.883883 4.11612
    endloop
  endfacet
  facet normal -0 -0.953693 -0.30078
    outer loop
      vertex 14 1.20741 5.32352
      vertex 3.92452 1.17461 5.42752
      vertex 3.91418 1.20741 5.32352
    endloop
  endfacet
  facet normal 0 -0.953693 -0.30078
    outer loop
      vertex 3.92452 1.17461 5.42752
      vertex 14 1.20741 5.32352
      vertex 14 1.17461 5.42752
    endloop
  endfacet
  facet normal -0 0.130492 0.991449
    outer loop
      vertex 4.09524 -0.108944 3.75476
      vertex 14 -0.21706 3.76899
      vertex 14 -0.108944 3.75476
    endloop
  endfacet
  facet normal 0 0.130492 0.991449
    outer loop
      vertex 14 -0.21706 3.76899
      vertex 4.09524 -0.108944 3.75476
      vertex 4.09052 -0.21706 3.76899
    endloop
  endfacet
  facet normal 0 -0.300694 0.953721
    outer loop
      vertex 14 0.427525 3.82538
      vertex 4.08587 0.323524 3.79259
      vertex 14 0.323524 3.79259
    endloop
  endfacet
  facet normal -3.13939e-07 -0.300667 0.953729
    outer loop
      vertex 14 0.427525 3.82538
      vertex 4.0844 0.357338 3.80325
      vertex 4.08587 0.323524 3.79259
    endloop
  endfacet
  facet normal 0 -0.300707 0.953716
    outer loop
      vertex 4.0844 0.357338 3.80325
      vertex 14 0.427525 3.82538
      vertex 4.07516 0.427525 3.82538
    endloop
  endfacet
  facet normal 0 0.461728 -0.887022
    outer loop
      vertex 14 -0.625 6.08253
      vertex 4.06189 -0.528273 6.13288
      vertex 14 -0.528273 6.13288
    endloop
  endfacet
  facet normal 0 0.461728 -0.887022
    outer loop
      vertex 4.06189 -0.528273 6.13288
      vertex 14 -0.625 6.08253
      vertex 4.04916 -0.625 6.08253
    endloop
  endfacet
  facet normal 0 -0.461728 0.887022
    outer loop
      vertex 14 0.625 3.91747
      vertex 4.06189 0.528273 3.86712
      vertex 14 0.528273 3.86712
    endloop
  endfacet
  facet normal 0 -0.461728 0.887022
    outer loop
      vertex 4.06189 0.528273 3.86712
      vertex 14 0.625 3.91747
      vertex 4.04916 0.625 3.91747
    endloop
  endfacet
  facet normal 0 0.843397 -0.537291
    outer loop
      vertex 14 -1.08253 5.625
      vertex 3.96855 -1.02394 5.71697
      vertex 14 -1.02394 5.71697
    endloop
  endfacet
  facet normal -4.24853e-07 0.843376 -0.537324
    outer loop
      vertex 3.96855 -1.02394 5.71697
      vertex 14 -1.08253 5.625
      vertex 3.9603 -1.06116 5.65855
    endloop
  endfacet
  facet normal 0 0.843434 -0.537233
    outer loop
      vertex 3.9603 -1.06116 5.65855
      vertex 14 -1.08253 5.625
      vertex 3.95356 -1.08253 5.625
    endloop
  endfacet
  facet normal 0 -0.537291 -0.843397
    outer loop
      vertex 4.04916 0.625 6.08253
      vertex 14 0.71697 6.02394
      vertex 14 0.625 6.08253
    endloop
  endfacet
  facet normal 3.18691e-07 -0.537315 -0.843381
    outer loop
      vertex 4.03771 0.711957 6.02713
      vertex 14 0.71697 6.02394
      vertex 4.04916 0.625 6.08253
    endloop
  endfacet
  facet normal -0 -0.536865 -0.843668
    outer loop
      vertex 14 0.71697 6.02394
      vertex 4.03771 0.711957 6.02713
      vertex 4.0366 0.71697 6.02394
    endloop
  endfacet
  facet normal 0 0.608793 -0.793329
    outer loop
      vertex 14 -0.803484 5.95755
      vertex 4.0366 -0.71697 6.02394
      vertex 14 -0.71697 6.02394
    endloop
  endfacet
  facet normal 0 0.608793 -0.793329
    outer loop
      vertex 4.0366 -0.71697 6.02394
      vertex 14 -0.803484 5.95755
      vertex 4.01742 -0.803484 5.95755
    endloop
  endfacet
  facet normal -4.24853e-07 -0.843376 -0.537324
    outer loop
      vertex 14 1.08253 5.625
      vertex 3.96855 1.02394 5.71697
      vertex 3.9603 1.06116 5.65855
    endloop
  endfacet
  facet normal -0 -0.843434 -0.537233
    outer loop
      vertex 14 1.08253 5.625
      vertex 3.9603 1.06116 5.65855
      vertex 3.95356 1.08253 5.625
    endloop
  endfacet
  facet normal 0 -0.843397 -0.537291
    outer loop
      vertex 3.96855 1.02394 5.71697
      vertex 14 1.08253 5.625
      vertex 14 1.02394 5.71697
    endloop
  endfacet
  facet normal 0 -0.216418 -0.976301
    outer loop
      vertex 4.09052 0.21706 6.23101
      vertex 14 0.323524 6.20741
      vertex 14 0.21706 6.23101
    endloop
  endfacet
  facet normal -0 -0.216418 -0.976301
    outer loop
      vertex 14 0.323524 6.20741
      vertex 4.09052 0.21706 6.23101
      vertex 4.08587 0.323524 6.20741
    endloop
  endfacet
  facet normal -0 -0.976299 -0.216426
    outer loop
      vertex 14 1.23101 5.21706
      vertex 3.91418 1.20741 5.32352
      vertex 3.90674 1.23101 5.21706
    endloop
  endfacet
  facet normal 0 -0.976299 -0.216426
    outer loop
      vertex 3.91418 1.20741 5.32352
      vertex 14 1.23101 5.21706
      vertex 14 1.20741 5.32352
    endloop
  endfacet
  facet normal -0 -0.887028 -0.461717
    outer loop
      vertex 14 1.13288 5.52827
      vertex 3.95356 1.08253 5.625
      vertex 3.93768 1.13288 5.52827
    endloop
  endfacet
  facet normal 0 -0.887028 -0.461717
    outer loop
      vertex 3.95356 1.08253 5.625
      vertex 14 1.13288 5.52827
      vertex 14 1.08253 5.625
    endloop
  endfacet
  facet normal 0 0.67558 -0.737287
    outer loop
      vertex 14 -0.883883 5.88388
      vertex 4.01742 -0.803484 5.95755
      vertex 14 -0.803484 5.95755
    endloop
  endfacet
  facet normal 0 0.67558 -0.737287
    outer loop
      vertex 4.01742 -0.803484 5.95755
      vertex 14 -0.883883 5.88388
      vertex 3.9996 -0.883883 5.88388
    endloop
  endfacet
  facet normal -0 0.382752 0.923851
    outer loop
      vertex 4.07516 -0.427525 3.82538
      vertex 14 -0.528273 3.86712
      vertex 14 -0.427525 3.82538
    endloop
  endfacet
  facet normal 0 0.382752 0.923851
    outer loop
      vertex 14 -0.528273 3.86712
      vertex 4.07516 -0.427525 3.82538
      vertex 4.06189 -0.528273 3.86712
    endloop
  endfacet
  facet normal -0 0.461728 0.887022
    outer loop
      vertex 4.06189 -0.528273 3.86712
      vertex 14 -0.625 3.91747
      vertex 14 -0.528273 3.86712
    endloop
  endfacet
  facet normal 0 0.461728 0.887022
    outer loop
      vertex 14 -0.625 3.91747
      vertex 4.06189 -0.528273 3.86712
      vertex 4.04916 -0.625 3.91747
    endloop
  endfacet
  facet normal 0 -0.953702 0.300754
    outer loop
      vertex 3.92452 1.17461 4.57247
      vertex 14 1.20741 4.67648
      vertex 3.91418 1.20741 4.67648
    endloop
  endfacet
  facet normal 0 -0.953702 0.300754
    outer loop
      vertex 14 1.20741 4.67648
      vertex 3.92452 1.17461 4.57247
      vertex 14 1.17461 4.57247
    endloop
  endfacet
  facet normal 0 -0.130492 -0.991449
    outer loop
      vertex 4.09524 0.108944 6.24524
      vertex 14 0.21706 6.23101
      vertex 14 0.108944 6.24524
    endloop
  endfacet
  facet normal -0 -0.130492 -0.991449
    outer loop
      vertex 14 0.21706 6.23101
      vertex 4.09524 0.108944 6.24524
      vertex 4.09052 0.21706 6.23101
    endloop
  endfacet
  facet normal -0 -0.999047 -0.0436521
    outer loop
      vertex 14 1.25 5
      vertex 3.90225 1.24524 5.10894
      vertex 3.90075 1.25 5
    endloop
  endfacet
  facet normal 0 -0.999047 -0.0436521
    outer loop
      vertex 3.90225 1.24524 5.10894
      vertex 14 1.25 5
      vertex 14 1.24524 5.10894
    endloop
  endfacet
  facet normal 0 0.999047 -0.0436521
    outer loop
      vertex 14 -1.25 5
      vertex 3.90225 -1.24524 5.10894
      vertex 14 -1.24524 5.10894
    endloop
  endfacet
  facet normal 0 0.999047 -0.0436521
    outer loop
      vertex 3.90225 -1.24524 5.10894
      vertex 14 -1.25 5
      vertex 3.90075 -1.25 5
    endloop
  endfacet
  facet normal 0 0.976299 -0.216426
    outer loop
      vertex 14 -1.23101 5.21706
      vertex 3.91418 -1.20741 5.32352
      vertex 14 -1.20741 5.32352
    endloop
  endfacet
  facet normal 0 0.976299 -0.216426
    outer loop
      vertex 3.91418 -1.20741 5.32352
      vertex 14 -1.23101 5.21706
      vertex 3.90674 -1.23101 5.21706
    endloop
  endfacet
  facet normal 0 0.737282 -0.675585
    outer loop
      vertex 14 -0.957555 5.80348
      vertex 3.9996 -0.883883 5.88388
      vertex 14 -0.883883 5.88388
    endloop
  endfacet
  facet normal 0 0.737282 -0.675585
    outer loop
      vertex 3.9996 -0.883883 5.88388
      vertex 14 -0.957555 5.80348
      vertex 3.98326 -0.957555 5.80348
    endloop
  endfacet
  facet normal 0 0.923886 -0.382668
    outer loop
      vertex 14 -1.17461 5.42752
      vertex 3.93768 -1.13288 5.52827
      vertex 14 -1.13288 5.52827
    endloop
  endfacet
  facet normal 0 0.923886 -0.382668
    outer loop
      vertex 3.93768 -1.13288 5.52827
      vertex 14 -1.17461 5.42752
      vertex 3.92452 -1.17461 5.42752
    endloop
  endfacet
  facet normal 0 -0.976299 0.216426
    outer loop
      vertex 3.91418 1.20741 4.67648
      vertex 14 1.23101 4.78294
      vertex 3.90674 1.23101 4.78294
    endloop
  endfacet
  facet normal 0 -0.976299 0.216426
    outer loop
      vertex 14 1.23101 4.78294
      vertex 3.91418 1.20741 4.67648
      vertex 14 1.20741 4.67648
    endloop
  endfacet
  facet normal -0 0.737282 0.675585
    outer loop
      vertex 3.9996 -0.883883 4.11612
      vertex 14 -0.957555 4.19652
      vertex 14 -0.883883 4.11612
    endloop
  endfacet
  facet normal 0 0.737282 0.675585
    outer loop
      vertex 14 -0.957555 4.19652
      vertex 3.9996 -0.883883 4.11612
      vertex 3.98326 -0.957555 4.19652
    endloop
  endfacet
  facet normal 0 -0.67558 -0.737287
    outer loop
      vertex 4.01742 0.803484 5.95755
      vertex 14 0.883883 5.88388
      vertex 14 0.803484 5.95755
    endloop
  endfacet
  facet normal -0 -0.67558 -0.737287
    outer loop
      vertex 14 0.883883 5.88388
      vertex 4.01742 0.803484 5.95755
      vertex 3.9996 0.883883 5.88388
    endloop
  endfacet
  facet normal 0 -0.923873 0.3827
    outer loop
      vertex 3.93768 1.13288 4.47173
      vertex 14 1.17461 4.57247
      vertex 3.92452 1.17461 4.57247
    endloop
  endfacet
  facet normal 0 -0.923873 0.3827
    outer loop
      vertex 14 1.17461 4.57247
      vertex 3.93768 1.13288 4.47173
      vertex 14 1.13288 4.47173
    endloop
  endfacet
  facet normal 0 0.99145 -0.130488
    outer loop
      vertex 14 -1.24524 5.10894
      vertex 3.90674 -1.23101 5.21706
      vertex 14 -1.23101 5.21706
    endloop
  endfacet
  facet normal 0 0.99145 -0.130488
    outer loop
      vertex 3.90674 -1.23101 5.21706
      vertex 14 -1.24524 5.10894
      vertex 3.90225 -1.24524 5.10894
    endloop
  endfacet
  facet normal 0 0.887028 -0.461717
    outer loop
      vertex 14 -1.13288 5.52827
      vertex 3.95356 -1.08253 5.625
      vertex 14 -1.08253 5.625
    endloop
  endfacet
  facet normal 0 0.887028 -0.461717
    outer loop
      vertex 3.95356 -1.08253 5.625
      vertex 14 -1.13288 5.52827
      vertex 3.93768 -1.13288 5.52827
    endloop
  endfacet
  facet normal -0 0.923873 0.3827
    outer loop
      vertex 3.93768 -1.13288 4.47173
      vertex 14 -1.17461 4.57247
      vertex 14 -1.13288 4.47173
    endloop
  endfacet
  facet normal 0 0.923873 0.3827
    outer loop
      vertex 14 -1.17461 4.57247
      vertex 3.93768 -1.13288 4.47173
      vertex 3.92452 -1.17461 4.57247
    endloop
  endfacet
  facet normal -0.991448 -0.130501 0
    outer loop
      vertex 86.4753 0.566512 0
      vertex 86.4013 1.12871 14
      vertex 86.4013 1.12871 0
    endloop
  endfacet
  facet normal -0.991448 -0.130501 0
    outer loop
      vertex 86.4013 1.12871 14
      vertex 86.4753 0.566512 0
      vertex 86.4753 0.566512 14
    endloop
  endfacet
  facet normal -0.999051 -0.0435588 0
    outer loop
      vertex 86.5 0 0
      vertex 86.4753 0.566512 14
      vertex 86.4753 0.566512 0
    endloop
  endfacet
  facet normal -0.999051 -0.0435588 0
    outer loop
      vertex 86.4753 0.566512 14
      vertex 86.5 0 0
      vertex 86.5 0 14
    endloop
  endfacet
  facet normal -0.976271 -0.216553 0
    outer loop
      vertex 86.4013 1.12871 0
      vertex 86.2785 1.68232 14
      vertex 86.2785 1.68232 0
    endloop
  endfacet
  facet normal -0.976271 -0.216553 0
    outer loop
      vertex 86.2785 1.68232 14
      vertex 86.4013 1.12871 0
      vertex 86.4013 1.12871 14
    endloop
  endfacet
  facet normal 0.130535 0.991444 -0
    outer loop
      vertex 79.4335 -6.47527 0
      vertex 78.8713 -6.40125 14
      vertex 79.4335 -6.47527 14
    endloop
  endfacet
  facet normal 0.130535 0.991444 0
    outer loop
      vertex 78.8713 -6.40125 14
      vertex 79.4335 -6.47527 0
      vertex 78.8713 -6.40125 0
    endloop
  endfacet
  facet normal 0.300716 0.953714 -0
    outer loop
      vertex 78.3177 -6.27852 0
      vertex 77.7769 -6.108 14
      vertex 78.3177 -6.27852 14
    endloop
  endfacet
  facet normal 0.300716 0.953714 0
    outer loop
      vertex 77.7769 -6.108 14
      vertex 78.3177 -6.27852 0
      vertex 77.7769 -6.108 0
    endloop
  endfacet
  facet normal -0.382674 -0.923884 0
    outer loop
      vertex 82.2231 6.108 0
      vertex 82.747 5.891 14
      vertex 82.2231 6.108 14
    endloop
  endfacet
  facet normal -0.382674 -0.923884 -0
    outer loop
      vertex 82.747 5.891 14
      vertex 82.2231 6.108 0
      vertex 82.747 5.891 0
    endloop
  endfacet
  facet normal 0.0436125 0.999049 -0
    outer loop
      vertex 80 -6.5 0
      vertex 79.4335 -6.47527 14
      vertex 80 -6.5 14
    endloop
  endfacet
  facet normal 0.0436125 0.999049 0
    outer loop
      vertex 79.4335 -6.47527 14
      vertex 80 -6.5 0
      vertex 79.4335 -6.47527 0
    endloop
  endfacet
  facet normal -0.675573 0.737293 0
    outer loop
      vertex 84.5962 -4.59619 0
      vertex 84.1781 -4.97929 14
      vertex 84.5962 -4.59619 14
    endloop
  endfacet
  facet normal -0.675573 0.737293 0
    outer loop
      vertex 84.1781 -4.97929 14
      vertex 84.5962 -4.59619 0
      vertex 84.1781 -4.97929 0
    endloop
  endfacet
  facet normal 0.887036 -0.4617 0
    outer loop
      vertex 74.109 2.74702 14
      vertex 74.3708 3.25 0
      vertex 74.3708 3.25 14
    endloop
  endfacet
  facet normal 0.887036 -0.4617 0
    outer loop
      vertex 74.3708 3.25 0
      vertex 74.109 2.74702 14
      vertex 74.109 2.74702 0
    endloop
  endfacet
  facet normal -0.999051 0.0435588 0
    outer loop
      vertex 86.4753 -0.566512 0
      vertex 86.5 0 14
      vertex 86.5 0 0
    endloop
  endfacet
  facet normal -0.999051 0.0435588 0
    outer loop
      vertex 86.5 0 14
      vertex 86.4753 -0.566512 0
      vertex 86.4753 -0.566512 14
    endloop
  endfacet
  facet normal -0.130535 -0.991444 0
    outer loop
      vertex 80.5665 6.47527 0
      vertex 81.1287 6.40125 14
      vertex 80.5665 6.47527 14
    endloop
  endfacet
  facet normal -0.130535 -0.991444 -0
    outer loop
      vertex 81.1287 6.40125 14
      vertex 80.5665 6.47527 0
      vertex 81.1287 6.40125 0
    endloop
  endfacet
  facet normal -0.953725 -0.300679 0
    outer loop
      vertex 86.2785 1.68232 0
      vertex 86.108 2.22313 14
      vertex 86.108 2.22313 0
    endloop
  endfacet
  facet normal -0.953725 -0.300679 0
    outer loop
      vertex 86.108 2.22313 14
      vertex 86.2785 1.68232 0
      vertex 86.2785 1.68232 14
    endloop
  endfacet
  facet normal -0.382674 0.923884 0
    outer loop
      vertex 82.747 -5.891 0
      vertex 82.2231 -6.108 14
      vertex 82.747 -5.891 14
    endloop
  endfacet
  facet normal -0.382674 0.923884 0
    outer loop
      vertex 82.2231 -6.108 14
      vertex 82.747 -5.891 0
      vertex 82.2231 -6.108 0
    endloop
  endfacet
  facet normal 0.216439 -0.976296 0
    outer loop
      vertex 78.3177 6.27852 0
      vertex 78.8713 6.40125 14
      vertex 78.3177 6.27852 14
    endloop
  endfacet
  facet normal 0.216439 -0.976296 0
    outer loop
      vertex 78.8713 6.40125 14
      vertex 78.3177 6.27852 0
      vertex 78.8713 6.40125 0
    endloop
  endfacet
  facet normal 0.737269 0.675599 0
    outer loop
      vertex 75.4038 -4.59619 14
      vertex 75.0207 -4.17812 0
      vertex 75.0207 -4.17812 14
    endloop
  endfacet
  facet normal 0.737269 0.675599 0
    outer loop
      vertex 75.0207 -4.17812 0
      vertex 75.4038 -4.59619 14
      vertex 75.4038 -4.59619 0
    endloop
  endfacet
  facet normal -0.0436125 -0.999049 0
    outer loop
      vertex 80 6.5 0
      vertex 80.5665 6.47527 14
      vertex 80 6.5 14
    endloop
  endfacet
  facet normal -0.0436125 -0.999049 -0
    outer loop
      vertex 80.5665 6.47527 14
      vertex 80 6.5 0
      vertex 80.5665 6.47527 0
    endloop
  endfacet
  facet normal 0.991448 0.130501 0
    outer loop
      vertex 73.5987 -1.12871 14
      vertex 73.5247 -0.566512 0
      vertex 73.5247 -0.566512 14
    endloop
  endfacet
  facet normal 0.991448 0.130501 0
    outer loop
      vertex 73.5247 -0.566512 0
      vertex 73.5987 -1.12871 14
      vertex 73.5987 -1.12871 0
    endloop
  endfacet
  facet normal -0.300716 -0.953714 0
    outer loop
      vertex 81.6823 6.27852 0
      vertex 82.2231 6.108 14
      vertex 81.6823 6.27852 14
    endloop
  endfacet
  facet normal -0.300716 -0.953714 -0
    outer loop
      vertex 82.2231 6.108 14
      vertex 81.6823 6.27852 0
      vertex 82.2231 6.108 0
    endloop
  endfacet
  facet normal 0.461741 -0.887015 0
    outer loop
      vertex 76.75 5.62916 0
      vertex 77.253 5.891 14
      vertex 76.75 5.62916 14
    endloop
  endfacet
  facet normal 0.461741 -0.887015 0
    outer loop
      vertex 77.253 5.891 14
      vertex 76.75 5.62916 0
      vertex 77.253 5.891 0
    endloop
  endfacet
  facet normal 0.300716 -0.953714 0
    outer loop
      vertex 77.7769 6.108 0
      vertex 78.3177 6.27852 14
      vertex 77.7769 6.108 14
    endloop
  endfacet
  facet normal 0.300716 -0.953714 0
    outer loop
      vertex 78.3177 6.27852 14
      vertex 77.7769 6.108 0
      vertex 78.3177 6.27852 0
    endloop
  endfacet
  facet normal 0.953725 0.300679 0
    outer loop
      vertex 73.892 -2.22313 14
      vertex 73.7215 -1.68232 0
      vertex 73.7215 -1.68232 14
    endloop
  endfacet
  facet normal 0.953725 0.300679 0
    outer loop
      vertex 73.7215 -1.68232 0
      vertex 73.892 -2.22313 14
      vertex 73.892 -2.22313 0
    endloop
  endfacet
  facet normal -0.461741 -0.887015 0
    outer loop
      vertex 82.747 5.891 0
      vertex 83.25 5.62916 14
      vertex 82.747 5.891 14
    endloop
  endfacet
  facet normal -0.461741 -0.887015 -0
    outer loop
      vertex 83.25 5.62916 14
      vertex 82.747 5.891 0
      vertex 83.25 5.62916 0
    endloop
  endfacet
  facet normal 0.793351 0.608764 0
    outer loop
      vertex 75.0207 -4.17812 14
      vertex 74.6755 -3.72825 0
      vertex 74.6755 -3.72825 14
    endloop
  endfacet
  facet normal 0.793351 0.608764 0
    outer loop
      vertex 74.6755 -3.72825 0
      vertex 75.0207 -4.17812 14
      vertex 75.0207 -4.17812 0
    endloop
  endfacet
  facet normal 0.0436125 -0.999049 0
    outer loop
      vertex 79.4335 6.47527 0
      vertex 80 6.5 14
      vertex 79.4335 6.47527 14
    endloop
  endfacet
  facet normal 0.0436125 -0.999049 0
    outer loop
      vertex 80 6.5 14
      vertex 79.4335 6.47527 0
      vertex 80 6.5 0
    endloop
  endfacet
  facet normal 0.382674 0.923884 -0
    outer loop
      vertex 77.7769 -6.108 0
      vertex 77.253 -5.891 14
      vertex 77.7769 -6.108 14
    endloop
  endfacet
  facet normal 0.382674 0.923884 0
    outer loop
      vertex 77.253 -5.891 14
      vertex 77.7769 -6.108 0
      vertex 77.253 -5.891 0
    endloop
  endfacet
  facet normal 0.675573 0.737293 -0
    outer loop
      vertex 75.8219 -4.97929 0
      vertex 75.4038 -4.59619 14
      vertex 75.8219 -4.97929 14
    endloop
  endfacet
  facet normal 0.675573 0.737293 0
    outer loop
      vertex 75.4038 -4.59619 14
      vertex 75.8219 -4.97929 0
      vertex 75.4038 -4.59619 0
    endloop
  endfacet
  facet normal -0.537328 -0.843373 0
    outer loop
      vertex 83.25 5.62916 0
      vertex 83.7282 5.32449 14
      vertex 83.25 5.62916 14
    endloop
  endfacet
  facet normal -0.537328 -0.843373 -0
    outer loop
      vertex 83.7282 5.32449 14
      vertex 83.25 5.62916 0
      vertex 83.7282 5.32449 0
    endloop
  endfacet
  facet normal -0.976271 0.216553 0
    outer loop
      vertex 86.2785 -1.68232 0
      vertex 86.4013 -1.12871 14
      vertex 86.4013 -1.12871 0
    endloop
  endfacet
  facet normal -0.976271 0.216553 0
    outer loop
      vertex 86.4013 -1.12871 14
      vertex 86.2785 -1.68232 0
      vertex 86.2785 -1.68232 14
    endloop
  endfacet
  facet normal -0.461741 0.887015 0
    outer loop
      vertex 83.25 -5.62916 0
      vertex 82.747 -5.891 14
      vertex 83.25 -5.62916 14
    endloop
  endfacet
  facet normal -0.461741 0.887015 0
    outer loop
      vertex 82.747 -5.891 14
      vertex 83.25 -5.62916 0
      vertex 82.747 -5.891 0
    endloop
  endfacet
  facet normal -0.793351 -0.608764 0
    outer loop
      vertex 85.3245 3.72825 0
      vertex 84.9793 4.17812 14
      vertex 84.9793 4.17812 0
    endloop
  endfacet
  facet normal -0.793351 -0.608764 0
    outer loop
      vertex 84.9793 4.17812 14
      vertex 85.3245 3.72825 0
      vertex 85.3245 3.72825 14
    endloop
  endfacet
  facet normal 0.382674 -0.923884 0
    outer loop
      vertex 77.253 5.891 0
      vertex 77.7769 6.108 14
      vertex 77.253 5.891 14
    endloop
  endfacet
  facet normal 0.382674 -0.923884 0
    outer loop
      vertex 77.7769 6.108 14
      vertex 77.253 5.891 0
      vertex 77.7769 6.108 0
    endloop
  endfacet
  facet normal -0.793351 0.608764 0
    outer loop
      vertex 84.9793 -4.17812 0
      vertex 85.3245 -3.72825 14
      vertex 85.3245 -3.72825 0
    endloop
  endfacet
  facet normal -0.793351 0.608764 0
    outer loop
      vertex 85.3245 -3.72825 14
      vertex 84.9793 -4.17812 0
      vertex 84.9793 -4.17812 14
    endloop
  endfacet
  facet normal 0.608739 -0.793371 0
    outer loop
      vertex 75.8219 4.97929 0
      vertex 76.2718 5.32449 14
      vertex 75.8219 4.97929 14
    endloop
  endfacet
  facet normal 0.608739 -0.793371 0
    outer loop
      vertex 76.2718 5.32449 14
      vertex 75.8219 4.97929 0
      vertex 76.2718 5.32449 0
    endloop
  endfacet
  facet normal -0.608739 0.793371 0
    outer loop
      vertex 84.1781 -4.97929 0
      vertex 83.7282 -5.32449 14
      vertex 84.1781 -4.97929 14
    endloop
  endfacet
  facet normal -0.608739 0.793371 0
    outer loop
      vertex 83.7282 -5.32449 14
      vertex 84.1781 -4.97929 0
      vertex 83.7282 -5.32449 0
    endloop
  endfacet
  facet normal -0.675573 -0.737293 0
    outer loop
      vertex 84.1781 4.97929 0
      vertex 84.5962 4.59619 14
      vertex 84.1781 4.97929 14
    endloop
  endfacet
  facet normal -0.675573 -0.737293 -0
    outer loop
      vertex 84.5962 4.59619 14
      vertex 84.1781 4.97929 0
      vertex 84.5962 4.59619 0
    endloop
  endfacet
  facet normal 0.130535 -0.991444 0
    outer loop
      vertex 78.8713 6.40125 0
      vertex 79.4335 6.47527 14
      vertex 78.8713 6.40125 14
    endloop
  endfacet
  facet normal 0.130535 -0.991444 0
    outer loop
      vertex 79.4335 6.47527 14
      vertex 78.8713 6.40125 0
      vertex 79.4335 6.47527 0
    endloop
  endfacet
  facet normal -0.923881 -0.38268 0
    outer loop
      vertex 86.108 2.22313 0
      vertex 85.891 2.74702 14
      vertex 85.891 2.74702 0
    endloop
  endfacet
  facet normal -0.923881 -0.38268 0
    outer loop
      vertex 85.891 2.74702 14
      vertex 86.108 2.22313 0
      vertex 86.108 2.22313 14
    endloop
  endfacet
  facet normal 0.537328 -0.843373 0
    outer loop
      vertex 76.2718 5.32449 0
      vertex 76.75 5.62916 14
      vertex 76.2718 5.32449 14
    endloop
  endfacet
  facet normal 0.537328 -0.843373 0
    outer loop
      vertex 76.75 5.62916 14
      vertex 76.2718 5.32449 0
      vertex 76.75 5.62916 0
    endloop
  endfacet
  facet normal -0.737269 0.675599 0
    outer loop
      vertex 84.5962 -4.59619 0
      vertex 84.9793 -4.17812 14
      vertex 84.9793 -4.17812 0
    endloop
  endfacet
  facet normal -0.737269 0.675599 0
    outer loop
      vertex 84.9793 -4.17812 14
      vertex 84.5962 -4.59619 0
      vertex 84.5962 -4.59619 14
    endloop
  endfacet
  facet normal -0.300716 0.953714 0
    outer loop
      vertex 82.2231 -6.108 0
      vertex 81.6823 -6.27852 14
      vertex 82.2231 -6.108 14
    endloop
  endfacet
  facet normal -0.300716 0.953714 0
    outer loop
      vertex 81.6823 -6.27852 14
      vertex 82.2231 -6.108 0
      vertex 81.6823 -6.27852 0
    endloop
  endfacet
  facet normal -0.608739 -0.793371 0
    outer loop
      vertex 83.7282 5.32449 0
      vertex 84.1781 4.97929 14
      vertex 83.7282 5.32449 14
    endloop
  endfacet
  facet normal -0.608739 -0.793371 -0
    outer loop
      vertex 84.1781 4.97929 14
      vertex 83.7282 5.32449 0
      vertex 84.1781 4.97929 0
    endloop
  endfacet
  facet normal 0.675573 -0.737293 0
    outer loop
      vertex 75.4038 4.59619 0
      vertex 75.8219 4.97929 14
      vertex 75.4038 4.59619 14
    endloop
  endfacet
  facet normal 0.675573 -0.737293 0
    outer loop
      vertex 75.8219 4.97929 14
      vertex 75.4038 4.59619 0
      vertex 75.8219 4.97929 0
    endloop
  endfacet
  facet normal 0.976271 -0.216553 0
    outer loop
      vertex 73.5987 1.12871 14
      vertex 73.7215 1.68232 0
      vertex 73.7215 1.68232 14
    endloop
  endfacet
  facet normal 0.976271 -0.216553 0
    outer loop
      vertex 73.7215 1.68232 0
      vertex 73.5987 1.12871 14
      vertex 73.5987 1.12871 0
    endloop
  endfacet
  facet normal -0.843375 -0.537326 0
    outer loop
      vertex 85.6292 3.25 0
      vertex 85.3245 3.72825 14
      vertex 85.3245 3.72825 0
    endloop
  endfacet
  facet normal -0.843375 -0.537326 0
    outer loop
      vertex 85.3245 3.72825 14
      vertex 85.6292 3.25 0
      vertex 85.6292 3.25 14
    endloop
  endfacet
  facet normal -0.991448 0.130501 0
    outer loop
      vertex 86.4013 -1.12871 0
      vertex 86.4753 -0.566512 14
      vertex 86.4753 -0.566512 0
    endloop
  endfacet
  facet normal -0.991448 0.130501 0
    outer loop
      vertex 86.4753 -0.566512 14
      vertex 86.4013 -1.12871 0
      vertex 86.4013 -1.12871 14
    endloop
  endfacet
  facet normal -0.843375 0.537326 0
    outer loop
      vertex 85.3245 -3.72825 0
      vertex 85.6292 -3.25 14
      vertex 85.6292 -3.25 0
    endloop
  endfacet
  facet normal -0.843375 0.537326 0
    outer loop
      vertex 85.6292 -3.25 14
      vertex 85.3245 -3.72825 0
      vertex 85.3245 -3.72825 14
    endloop
  endfacet
  facet normal -0.0436125 0.999049 0
    outer loop
      vertex 80.5665 -6.47527 0
      vertex 80 -6.5 14
      vertex 80.5665 -6.47527 14
    endloop
  endfacet
  facet normal -0.0436125 0.999049 0
    outer loop
      vertex 80 -6.5 14
      vertex 80.5665 -6.47527 0
      vertex 80 -6.5 0
    endloop
  endfacet
  facet normal 0.737269 -0.675599 0
    outer loop
      vertex 75.0207 4.17812 14
      vertex 75.4038 4.59619 0
      vertex 75.4038 4.59619 14
    endloop
  endfacet
  facet normal 0.737269 -0.675599 0
    outer loop
      vertex 75.4038 4.59619 0
      vertex 75.0207 4.17812 14
      vertex 75.0207 4.17812 0
    endloop
  endfacet
  facet normal -0.130535 0.991444 0
    outer loop
      vertex 81.1287 -6.40125 0
      vertex 80.5665 -6.47527 14
      vertex 81.1287 -6.40125 14
    endloop
  endfacet
  facet normal -0.130535 0.991444 0
    outer loop
      vertex 80.5665 -6.47527 14
      vertex 81.1287 -6.40125 0
      vertex 80.5665 -6.47527 0
    endloop
  endfacet
  facet normal 0.793351 -0.608764 0
    outer loop
      vertex 74.6755 3.72825 14
      vertex 75.0207 4.17812 0
      vertex 75.0207 4.17812 14
    endloop
  endfacet
  facet normal 0.793351 -0.608764 0
    outer loop
      vertex 75.0207 4.17812 0
      vertex 74.6755 3.72825 14
      vertex 74.6755 3.72825 0
    endloop
  endfacet
  facet normal -0.953725 0.300679 0
    outer loop
      vertex 86.108 -2.22313 0
      vertex 86.2785 -1.68232 14
      vertex 86.2785 -1.68232 0
    endloop
  endfacet
  facet normal -0.953725 0.300679 0
    outer loop
      vertex 86.2785 -1.68232 14
      vertex 86.108 -2.22313 0
      vertex 86.108 -2.22313 14
    endloop
  endfacet
  facet normal -0.216439 -0.976296 0
    outer loop
      vertex 81.1287 6.40125 0
      vertex 81.6823 6.27852 14
      vertex 81.1287 6.40125 14
    endloop
  endfacet
  facet normal -0.216439 -0.976296 -0
    outer loop
      vertex 81.6823 6.27852 14
      vertex 81.1287 6.40125 0
      vertex 81.6823 6.27852 0
    endloop
  endfacet
  facet normal 0.843375 -0.537326 0
    outer loop
      vertex 74.3708 3.25 14
      vertex 74.6755 3.72825 0
      vertex 74.6755 3.72825 14
    endloop
  endfacet
  facet normal 0.843375 -0.537326 0
    outer loop
      vertex 74.6755 3.72825 0
      vertex 74.3708 3.25 14
      vertex 74.3708 3.25 0
    endloop
  endfacet
  facet normal -0.216439 0.976296 0
    outer loop
      vertex 81.6823 -6.27852 0
      vertex 81.1287 -6.40125 14
      vertex 81.6823 -6.27852 14
    endloop
  endfacet
  facet normal -0.216439 0.976296 0
    outer loop
      vertex 81.1287 -6.40125 14
      vertex 81.6823 -6.27852 0
      vertex 81.1287 -6.40125 0
    endloop
  endfacet
  facet normal -0.537328 0.843373 0
    outer loop
      vertex 83.7282 -5.32449 0
      vertex 83.25 -5.62916 14
      vertex 83.7282 -5.32449 14
    endloop
  endfacet
  facet normal -0.537328 0.843373 0
    outer loop
      vertex 83.25 -5.62916 14
      vertex 83.7282 -5.32449 0
      vertex 83.25 -5.62916 0
    endloop
  endfacet
  facet normal 0.999051 -0.0435588 0
    outer loop
      vertex 73.5 0 14
      vertex 73.5247 0.566512 0
      vertex 73.5247 0.566512 14
    endloop
  endfacet
  facet normal 0.999051 -0.0435588 0
    outer loop
      vertex 73.5247 0.566512 0
      vertex 73.5 0 14
      vertex 73.5 0 0
    endloop
  endfacet
  facet normal -0.737269 -0.675599 0
    outer loop
      vertex 84.9793 4.17812 0
      vertex 84.5962 4.59619 14
      vertex 84.5962 4.59619 0
    endloop
  endfacet
  facet normal -0.737269 -0.675599 0
    outer loop
      vertex 84.5962 4.59619 14
      vertex 84.9793 4.17812 0
      vertex 84.9793 4.17812 14
    endloop
  endfacet
  facet normal 0.976271 0.216553 0
    outer loop
      vertex 73.7215 -1.68232 14
      vertex 73.5987 -1.12871 0
      vertex 73.5987 -1.12871 14
    endloop
  endfacet
  facet normal 0.976271 0.216553 0
    outer loop
      vertex 73.5987 -1.12871 0
      vertex 73.7215 -1.68232 14
      vertex 73.7215 -1.68232 0
    endloop
  endfacet
  facet normal -0.887036 -0.4617 0
    outer loop
      vertex 85.891 2.74702 0
      vertex 85.6292 3.25 14
      vertex 85.6292 3.25 0
    endloop
  endfacet
  facet normal -0.887036 -0.4617 0
    outer loop
      vertex 85.6292 3.25 14
      vertex 85.891 2.74702 0
      vertex 85.891 2.74702 14
    endloop
  endfacet
  facet normal 0.991448 -0.130501 0
    outer loop
      vertex 73.5247 0.566512 14
      vertex 73.5987 1.12871 0
      vertex 73.5987 1.12871 14
    endloop
  endfacet
  facet normal 0.991448 -0.130501 0
    outer loop
      vertex 73.5987 1.12871 0
      vertex 73.5247 0.566512 14
      vertex 73.5247 0.566512 0
    endloop
  endfacet
  facet normal 0.843375 0.537326 0
    outer loop
      vertex 74.6755 -3.72825 14
      vertex 74.3708 -3.25 0
      vertex 74.3708 -3.25 14
    endloop
  endfacet
  facet normal 0.843375 0.537326 0
    outer loop
      vertex 74.3708 -3.25 0
      vertex 74.6755 -3.72825 14
      vertex 74.6755 -3.72825 0
    endloop
  endfacet
  facet normal 0.608739 0.793371 -0
    outer loop
      vertex 76.2718 -5.32449 0
      vertex 75.8219 -4.97929 14
      vertex 76.2718 -5.32449 14
    endloop
  endfacet
  facet normal 0.608739 0.793371 0
    outer loop
      vertex 75.8219 -4.97929 14
      vertex 76.2718 -5.32449 0
      vertex 75.8219 -4.97929 0
    endloop
  endfacet
  facet normal 0.887036 0.4617 0
    outer loop
      vertex 74.3708 -3.25 14
      vertex 74.109 -2.74702 0
      vertex 74.109 -2.74702 14
    endloop
  endfacet
  facet normal 0.887036 0.4617 0
    outer loop
      vertex 74.109 -2.74702 0
      vertex 74.3708 -3.25 14
      vertex 74.3708 -3.25 0
    endloop
  endfacet
  facet normal 0.923881 -0.38268 0
    outer loop
      vertex 73.892 2.22313 14
      vertex 74.109 2.74702 0
      vertex 74.109 2.74702 14
    endloop
  endfacet
  facet normal 0.923881 -0.38268 0
    outer loop
      vertex 74.109 2.74702 0
      vertex 73.892 2.22313 14
      vertex 73.892 2.22313 0
    endloop
  endfacet
  facet normal 0.216439 0.976296 -0
    outer loop
      vertex 78.8713 -6.40125 0
      vertex 78.3177 -6.27852 14
      vertex 78.8713 -6.40125 14
    endloop
  endfacet
  facet normal 0.216439 0.976296 0
    outer loop
      vertex 78.3177 -6.27852 14
      vertex 78.8713 -6.40125 0
      vertex 78.3177 -6.27852 0
    endloop
  endfacet
  facet normal 0.537328 0.843373 -0
    outer loop
      vertex 76.75 -5.62916 0
      vertex 76.2718 -5.32449 14
      vertex 76.75 -5.62916 14
    endloop
  endfacet
  facet normal 0.537328 0.843373 0
    outer loop
      vertex 76.2718 -5.32449 14
      vertex 76.75 -5.62916 0
      vertex 76.2718 -5.32449 0
    endloop
  endfacet
  facet normal -0.923881 0.38268 0
    outer loop
      vertex 85.891 -2.74702 0
      vertex 86.108 -2.22313 14
      vertex 86.108 -2.22313 0
    endloop
  endfacet
  facet normal -0.923881 0.38268 0
    outer loop
      vertex 86.108 -2.22313 14
      vertex 85.891 -2.74702 0
      vertex 85.891 -2.74702 14
    endloop
  endfacet
  facet normal -0.887036 0.4617 0
    outer loop
      vertex 85.6292 -3.25 0
      vertex 85.891 -2.74702 14
      vertex 85.891 -2.74702 0
    endloop
  endfacet
  facet normal -0.887036 0.4617 0
    outer loop
      vertex 85.891 -2.74702 14
      vertex 85.6292 -3.25 0
      vertex 85.6292 -3.25 14
    endloop
  endfacet
  facet normal 0.953725 -0.300679 0
    outer loop
      vertex 73.7215 1.68232 14
      vertex 73.892 2.22313 0
      vertex 73.892 2.22313 14
    endloop
  endfacet
  facet normal 0.953725 -0.300679 0
    outer loop
      vertex 73.892 2.22313 0
      vertex 73.7215 1.68232 14
      vertex 73.7215 1.68232 0
    endloop
  endfacet
  facet normal 0.999051 0.0435588 0
    outer loop
      vertex 73.5247 -0.566512 14
      vertex 73.5 0 0
      vertex 73.5 0 14
    endloop
  endfacet
  facet normal 0.999051 0.0435588 0
    outer loop
      vertex 73.5 0 0
      vertex 73.5247 -0.566512 14
      vertex 73.5247 -0.566512 0
    endloop
  endfacet
  facet normal 0.923881 0.38268 0
    outer loop
      vertex 74.109 -2.74702 14
      vertex 73.892 -2.22313 0
      vertex 73.892 -2.22313 14
    endloop
  endfacet
  facet normal 0.923881 0.38268 0
    outer loop
      vertex 73.892 -2.22313 0
      vertex 74.109 -2.74702 14
      vertex 74.109 -2.74702 0
    endloop
  endfacet
  facet normal 0.461741 0.887015 -0
    outer loop
      vertex 77.253 -5.891 0
      vertex 76.75 -5.62916 14
      vertex 77.253 -5.891 14
    endloop
  endfacet
  facet normal 0.461741 0.887015 0
    outer loop
      vertex 76.75 -5.62916 14
      vertex 77.253 -5.891 0
      vertex 76.75 -5.62916 0
    endloop
  endfacet
endsolid OpenSCAD_Model
