solid OpenSCAD_Model
  facet normal 0.991445 0.130523 0
    outer loop
      vertex 52.3002 4.57568 5
      vertex 51.7024 9.11653 0
      vertex 51.7024 9.11653 5
    endloop
  endfacet
  facet normal 0.991445 0.130523 0
    outer loop
      vertex 51.7024 9.11653 0
      vertex 52.3002 4.57568 5
      vertex 52.3002 4.57568 0
    endloop
  endfacet
  facet normal 0.999048 0.0436241 0
    outer loop
      vertex 52.5 0 5
      vertex 52.3002 4.57568 0
      vertex 52.3002 4.57568 5
    endloop
  endfacet
  facet normal 0.999048 0.0436241 0
    outer loop
      vertex 52.3002 4.57568 0
      vertex 52.5 0 5
      vertex 52.5 0 0
    endloop
  endfacet
  facet normal 0.976296 0.216439 0
    outer loop
      vertex 51.7024 9.11653 5
      vertex 50.7111 13.588 0
      vertex 50.7111 13.588 5
    endloop
  endfacet
  facet normal 0.976296 0.216439 0
    outer loop
      vertex 50.7111 13.588 0
      vertex 51.7024 9.11653 5
      vertex 51.7024 9.11653 0
    endloop
  endfacet
  facet normal 0.216439 -0.976296 0
    outer loop
      vertex 9.11653 -51.7024 0
      vertex 13.588 -50.7111 5
      vertex 9.11653 -51.7024 5
    endloop
  endfacet
  facet normal 0.216439 -0.976296 0
    outer loop
      vertex 13.588 -50.7111 5
      vertex 9.11653 -51.7024 0
      vertex 13.588 -50.7111 0
    endloop
  endfacet
  facet normal -0.976296 -0.216439 0
    outer loop
      vertex -50.7111 -13.588 0
      vertex -51.7024 -9.11653 5
      vertex -51.7024 -9.11653 0
    endloop
  endfacet
  facet normal -0.976296 -0.216439 0
    outer loop
      vertex -51.7024 -9.11653 5
      vertex -50.7111 -13.588 0
      vertex -50.7111 -13.588 5
    endloop
  endfacet
  facet normal -0.216439 0.976296 0
    outer loop
      vertex -9.11653 51.7024 0
      vertex -13.588 50.7111 5
      vertex -9.11653 51.7024 5
    endloop
  endfacet
  facet normal -0.216439 0.976296 0
    outer loop
      vertex -13.588 50.7111 5
      vertex -9.11653 51.7024 0
      vertex -13.588 50.7111 0
    endloop
  endfacet
  facet normal -0.887002 -0.461765 0
    outer loop
      vertex -45.4663 -26.25 0
      vertex -47.5812 -22.1875 5
      vertex -47.5812 -22.1875 0
    endloop
  endfacet
  facet normal -0.887002 -0.461765 0
    outer loop
      vertex -47.5812 -22.1875 5
      vertex -45.4663 -26.25 0
      vertex -45.4663 -26.25 5
    endloop
  endfacet
  facet normal -0.887002 0.461765 0
    outer loop
      vertex -47.5812 22.1875 0
      vertex -45.4663 26.25 5
      vertex -45.4663 26.25 0
    endloop
  endfacet
  facet normal -0.887002 0.461765 0
    outer loop
      vertex -45.4663 26.25 5
      vertex -47.5812 22.1875 0
      vertex -47.5812 22.1875 5
    endloop
  endfacet
  facet normal -0.537288 -0.843399 0
    outer loop
      vertex -30.1128 -43.0055 0
      vertex -26.25 -45.4663 5
      vertex -30.1128 -43.0055 5
    endloop
  endfacet
  facet normal -0.537288 -0.843399 -0
    outer loop
      vertex -26.25 -45.4663 5
      vertex -30.1128 -43.0055 0
      vertex -26.25 -45.4663 0
    endloop
  endfacet
  facet normal -0.537288 0.843399 0
    outer loop
      vertex -26.25 45.4663 0
      vertex -30.1128 43.0055 5
      vertex -26.25 45.4663 5
    endloop
  endfacet
  facet normal -0.537288 0.843399 0
    outer loop
      vertex -30.1128 43.0055 5
      vertex -26.25 45.4663 0
      vertex -30.1128 43.0055 0
    endloop
  endfacet
  facet normal 0.130523 -0.991445 0
    outer loop
      vertex 4.57568 -52.3002 0
      vertex 9.11653 -51.7024 5
      vertex 4.57568 -52.3002 5
    endloop
  endfacet
  facet normal 0.130523 -0.991445 0
    outer loop
      vertex 9.11653 -51.7024 5
      vertex 4.57568 -52.3002 0
      vertex 9.11653 -51.7024 0
    endloop
  endfacet
  facet normal -0.737285 0.675582 0
    outer loop
      vertex -40.2173 33.7463 0
      vertex -37.1231 37.1231 5
      vertex -37.1231 37.1231 0
    endloop
  endfacet
  facet normal -0.737285 0.675582 0
    outer loop
      vertex -37.1231 37.1231 5
      vertex -40.2173 33.7463 0
      vertex -40.2173 33.7463 5
    endloop
  endfacet
  facet normal 0.675582 0.737285 -0
    outer loop
      vertex 37.1231 37.1231 0
      vertex 33.7463 40.2173 5
      vertex 37.1231 37.1231 5
    endloop
  endfacet
  facet normal 0.675582 0.737285 0
    outer loop
      vertex 33.7463 40.2173 5
      vertex 37.1231 37.1231 0
      vertex 33.7463 40.2173 0
    endloop
  endfacet
  facet normal -0.92388 -0.382683 0
    outer loop
      vertex -47.5812 -22.1875 0
      vertex -49.3339 -17.9561 5
      vertex -49.3339 -17.9561 0
    endloop
  endfacet
  facet normal -0.92388 -0.382683 0
    outer loop
      vertex -49.3339 -17.9561 5
      vertex -47.5812 -22.1875 0
      vertex -47.5812 -22.1875 5
    endloop
  endfacet
  facet normal 0.737285 -0.675582 0
    outer loop
      vertex 37.1231 -37.1231 5
      vertex 40.2173 -33.7463 0
      vertex 40.2173 -33.7463 5
    endloop
  endfacet
  facet normal 0.737285 -0.675582 0
    outer loop
      vertex 40.2173 -33.7463 0
      vertex 37.1231 -37.1231 5
      vertex 37.1231 -37.1231 0
    endloop
  endfacet
  facet normal 0.843399 0.537288 0
    outer loop
      vertex 45.4663 26.25 5
      vertex 43.0055 30.1128 0
      vertex 43.0055 30.1128 5
    endloop
  endfacet
  facet normal 0.843399 0.537288 0
    outer loop
      vertex 43.0055 30.1128 0
      vertex 45.4663 26.25 5
      vertex 45.4663 26.25 0
    endloop
  endfacet
  facet normal 0.887002 0.461765 0
    outer loop
      vertex 47.5812 22.1875 5
      vertex 45.4663 26.25 0
      vertex 45.4663 26.25 5
    endloop
  endfacet
  facet normal 0.887002 0.461765 0
    outer loop
      vertex 45.4663 26.25 0
      vertex 47.5812 22.1875 5
      vertex 47.5812 22.1875 0
    endloop
  endfacet
  facet normal 0.382683 0.92388 -0
    outer loop
      vertex 22.1875 47.5812 0
      vertex 17.9561 49.3339 5
      vertex 22.1875 47.5812 5
    endloop
  endfacet
  facet normal 0.382683 0.92388 0
    outer loop
      vertex 17.9561 49.3339 5
      vertex 22.1875 47.5812 0
      vertex 17.9561 49.3339 0
    endloop
  endfacet
  facet normal 0.793341 -0.608778 0
    outer loop
      vertex 40.2173 -33.7463 5
      vertex 43.0055 -30.1128 0
      vertex 43.0055 -30.1128 5
    endloop
  endfacet
  facet normal 0.793341 -0.608778 0
    outer loop
      vertex 43.0055 -30.1128 0
      vertex 40.2173 -33.7463 5
      vertex 40.2173 -33.7463 0
    endloop
  endfacet
  facet normal 0.976296 -0.216439 0
    outer loop
      vertex 50.7111 -13.588 5
      vertex 51.7024 -9.11653 0
      vertex 51.7024 -9.11653 5
    endloop
  endfacet
  facet normal 0.976296 -0.216439 0
    outer loop
      vertex 51.7024 -9.11653 0
      vertex 50.7111 -13.588 5
      vertex 50.7111 -13.588 0
    endloop
  endfacet
  facet normal -0.793341 -0.608778 0
    outer loop
      vertex -40.2173 -33.7463 0
      vertex -43.0055 -30.1128 5
      vertex -43.0055 -30.1128 0
    endloop
  endfacet
  facet normal -0.793341 -0.608778 0
    outer loop
      vertex -43.0055 -30.1128 5
      vertex -40.2173 -33.7463 0
      vertex -40.2173 -33.7463 5
    endloop
  endfacet
  facet normal 0.537288 0.843399 -0
    outer loop
      vertex 30.1128 43.0055 0
      vertex 26.25 45.4663 5
      vertex 30.1128 43.0055 5
    endloop
  endfacet
  facet normal 0.537288 0.843399 0
    outer loop
      vertex 26.25 45.4663 5
      vertex 30.1128 43.0055 0
      vertex 26.25 45.4663 0
    endloop
  endfacet
  facet normal 0.608778 0.793341 -0
    outer loop
      vertex 33.7463 40.2173 0
      vertex 30.1128 43.0055 5
      vertex 33.7463 40.2173 5
    endloop
  endfacet
  facet normal 0.608778 0.793341 0
    outer loop
      vertex 30.1128 43.0055 5
      vertex 33.7463 40.2173 0
      vertex 30.1128 43.0055 0
    endloop
  endfacet
  facet normal -0.608778 0.793341 0
    outer loop
      vertex -30.1128 43.0055 0
      vertex -33.7463 40.2173 5
      vertex -30.1128 43.0055 5
    endloop
  endfacet
  facet normal -0.608778 0.793341 0
    outer loop
      vertex -33.7463 40.2173 5
      vertex -30.1128 43.0055 0
      vertex -33.7463 40.2173 0
    endloop
  endfacet
  facet normal 0.95372 0.300695 0
    outer loop
      vertex 50.7111 13.588 5
      vertex 49.3339 17.9561 0
      vertex 49.3339 17.9561 5
    endloop
  endfacet
  facet normal 0.95372 0.300695 0
    outer loop
      vertex 49.3339 17.9561 0
      vertex 50.7111 13.588 5
      vertex 50.7111 13.588 0
    endloop
  endfacet
  facet normal 0.92388 -0.382683 0
    outer loop
      vertex 47.5812 -22.1875 5
      vertex 49.3339 -17.9561 0
      vertex 49.3339 -17.9561 5
    endloop
  endfacet
  facet normal 0.92388 -0.382683 0
    outer loop
      vertex 49.3339 -17.9561 0
      vertex 47.5812 -22.1875 5
      vertex 47.5812 -22.1875 0
    endloop
  endfacet
  facet normal 0.461765 0.887002 -0
    outer loop
      vertex 26.25 45.4663 0
      vertex 22.1875 47.5812 5
      vertex 26.25 45.4663 5
    endloop
  endfacet
  facet normal 0.461765 0.887002 0
    outer loop
      vertex 22.1875 47.5812 5
      vertex 26.25 45.4663 0
      vertex 22.1875 47.5812 0
    endloop
  endfacet
  facet normal -0.793341 0.608778 0
    outer loop
      vertex -43.0055 30.1128 0
      vertex -40.2173 33.7463 5
      vertex -40.2173 33.7463 0
    endloop
  endfacet
  facet normal -0.793341 0.608778 0
    outer loop
      vertex -40.2173 33.7463 5
      vertex -43.0055 30.1128 0
      vertex -43.0055 30.1128 5
    endloop
  endfacet
  facet normal -0.991445 0.130523 0
    outer loop
      vertex -52.3002 4.57568 0
      vertex -51.7024 9.11653 5
      vertex -51.7024 9.11653 0
    endloop
  endfacet
  facet normal -0.991445 0.130523 0
    outer loop
      vertex -51.7024 9.11653 5
      vertex -52.3002 4.57568 0
      vertex -52.3002 4.57568 5
    endloop
  endfacet
  facet normal -0.608778 -0.793341 0
    outer loop
      vertex -33.7463 -40.2173 0
      vertex -30.1128 -43.0055 5
      vertex -33.7463 -40.2173 5
    endloop
  endfacet
  facet normal -0.608778 -0.793341 -0
    outer loop
      vertex -30.1128 -43.0055 5
      vertex -33.7463 -40.2173 0
      vertex -30.1128 -43.0055 0
    endloop
  endfacet
  facet normal 0.537288 -0.843399 0
    outer loop
      vertex 26.25 -45.4663 0
      vertex 30.1128 -43.0055 5
      vertex 26.25 -45.4663 5
    endloop
  endfacet
  facet normal 0.537288 -0.843399 0
    outer loop
      vertex 30.1128 -43.0055 5
      vertex 26.25 -45.4663 0
      vertex 30.1128 -43.0055 0
    endloop
  endfacet
  facet normal 0.0436241 0.999048 -0
    outer loop
      vertex 4.57568 52.3002 0
      vertex 0 52.5 5
      vertex 4.57568 52.3002 5
    endloop
  endfacet
  facet normal 0.0436241 0.999048 0
    outer loop
      vertex 0 52.5 5
      vertex 4.57568 52.3002 0
      vertex 0 52.5 0
    endloop
  endfacet
  facet normal 0.461765 -0.887002 0
    outer loop
      vertex 22.1875 -47.5812 0
      vertex 26.25 -45.4663 5
      vertex 22.1875 -47.5812 5
    endloop
  endfacet
  facet normal 0.461765 -0.887002 0
    outer loop
      vertex 26.25 -45.4663 5
      vertex 22.1875 -47.5812 0
      vertex 26.25 -45.4663 0
    endloop
  endfacet
  facet normal -0.216439 -0.976296 0
    outer loop
      vertex -13.588 -50.7111 0
      vertex -9.11653 -51.7024 5
      vertex -13.588 -50.7111 5
    endloop
  endfacet
  facet normal -0.216439 -0.976296 -0
    outer loop
      vertex -9.11653 -51.7024 5
      vertex -13.588 -50.7111 0
      vertex -9.11653 -51.7024 0
    endloop
  endfacet
  facet normal 0.0436241 -0.999048 0
    outer loop
      vertex 0 -52.5 0
      vertex 4.57568 -52.3002 5
      vertex 0 -52.5 5
    endloop
  endfacet
  facet normal 0.0436241 -0.999048 0
    outer loop
      vertex 4.57568 -52.3002 5
      vertex 0 -52.5 0
      vertex 4.57568 -52.3002 0
    endloop
  endfacet
  facet normal 0.95372 -0.300695 0
    outer loop
      vertex 49.3339 -17.9561 5
      vertex 50.7111 -13.588 0
      vertex 50.7111 -13.588 5
    endloop
  endfacet
  facet normal 0.95372 -0.300695 0
    outer loop
      vertex 50.7111 -13.588 0
      vertex 49.3339 -17.9561 5
      vertex 49.3339 -17.9561 0
    endloop
  endfacet
  facet normal -0.92388 0.382683 0
    outer loop
      vertex -49.3339 17.9561 0
      vertex -47.5812 22.1875 5
      vertex -47.5812 22.1875 0
    endloop
  endfacet
  facet normal -0.92388 0.382683 0
    outer loop
      vertex -47.5812 22.1875 5
      vertex -49.3339 17.9561 0
      vertex -49.3339 17.9561 5
    endloop
  endfacet
  facet normal -0.130523 0.991445 0
    outer loop
      vertex -4.57568 52.3002 0
      vertex -9.11653 51.7024 5
      vertex -4.57568 52.3002 5
    endloop
  endfacet
  facet normal -0.130523 0.991445 0
    outer loop
      vertex -9.11653 51.7024 5
      vertex -4.57568 52.3002 0
      vertex -9.11653 51.7024 0
    endloop
  endfacet
  facet normal -0.130523 -0.991445 0
    outer loop
      vertex -9.11653 -51.7024 0
      vertex -4.57568 -52.3002 5
      vertex -9.11653 -51.7024 5
    endloop
  endfacet
  facet normal -0.130523 -0.991445 -0
    outer loop
      vertex -4.57568 -52.3002 5
      vertex -9.11653 -51.7024 0
      vertex -4.57568 -52.3002 0
    endloop
  endfacet
  facet normal -0.461765 -0.887002 0
    outer loop
      vertex -26.25 -45.4663 0
      vertex -22.1875 -47.5812 5
      vertex -26.25 -45.4663 5
    endloop
  endfacet
  facet normal -0.461765 -0.887002 -0
    outer loop
      vertex -22.1875 -47.5812 5
      vertex -26.25 -45.4663 0
      vertex -22.1875 -47.5812 0
    endloop
  endfacet
  facet normal -0.95372 -0.300695 0
    outer loop
      vertex -49.3339 -17.9561 0
      vertex -50.7111 -13.588 5
      vertex -50.7111 -13.588 0
    endloop
  endfacet
  facet normal -0.95372 -0.300695 0
    outer loop
      vertex -50.7111 -13.588 5
      vertex -49.3339 -17.9561 0
      vertex -49.3339 -17.9561 5
    endloop
  endfacet
  facet normal 0.92388 0.382683 0
    outer loop
      vertex 49.3339 17.9561 5
      vertex 47.5812 22.1875 0
      vertex 47.5812 22.1875 5
    endloop
  endfacet
  facet normal 0.92388 0.382683 0
    outer loop
      vertex 47.5812 22.1875 0
      vertex 49.3339 17.9561 5
      vertex 49.3339 17.9561 0
    endloop
  endfacet
  facet normal 0.999048 -0.0436241 0
    outer loop
      vertex 52.3002 -4.57568 5
      vertex 52.5 0 0
      vertex 52.5 0 5
    endloop
  endfacet
  facet normal 0.999048 -0.0436241 0
    outer loop
      vertex 52.5 0 0
      vertex 52.3002 -4.57568 5
      vertex 52.3002 -4.57568 0
    endloop
  endfacet
  facet normal -0.976296 0.216439 0
    outer loop
      vertex -51.7024 9.11653 0
      vertex -50.7111 13.588 5
      vertex -50.7111 13.588 0
    endloop
  endfacet
  facet normal -0.976296 0.216439 0
    outer loop
      vertex -50.7111 13.588 5
      vertex -51.7024 9.11653 0
      vertex -51.7024 9.11653 5
    endloop
  endfacet
  facet normal 0.991445 -0.130523 0
    outer loop
      vertex 51.7024 -9.11653 5
      vertex 52.3002 -4.57568 0
      vertex 52.3002 -4.57568 5
    endloop
  endfacet
  facet normal 0.991445 -0.130523 0
    outer loop
      vertex 52.3002 -4.57568 0
      vertex 51.7024 -9.11653 5
      vertex 51.7024 -9.11653 0
    endloop
  endfacet
  facet normal -0.675582 0.737285 0
    outer loop
      vertex -33.7463 40.2173 0
      vertex -37.1231 37.1231 5
      vertex -33.7463 40.2173 5
    endloop
  endfacet
  facet normal -0.675582 0.737285 0
    outer loop
      vertex -37.1231 37.1231 5
      vertex -33.7463 40.2173 0
      vertex -37.1231 37.1231 0
    endloop
  endfacet
  facet normal -0.382683 0.92388 0
    outer loop
      vertex -17.9561 49.3339 0
      vertex -22.1875 47.5812 5
      vertex -17.9561 49.3339 5
    endloop
  endfacet
  facet normal -0.382683 0.92388 0
    outer loop
      vertex -22.1875 47.5812 5
      vertex -17.9561 49.3339 0
      vertex -22.1875 47.5812 0
    endloop
  endfacet
  facet normal -0.999048 -0.0436241 0
    outer loop
      vertex -52.3002 -4.57568 0
      vertex -52.5 0 5
      vertex -52.5 0 0
    endloop
  endfacet
  facet normal -0.999048 -0.0436241 0
    outer loop
      vertex -52.5 0 5
      vertex -52.3002 -4.57568 0
      vertex -52.3002 -4.57568 5
    endloop
  endfacet
  facet normal -0.0436241 0.999048 0
    outer loop
      vertex 0 52.5 0
      vertex -4.57568 52.3002 5
      vertex 0 52.5 5
    endloop
  endfacet
  facet normal -0.0436241 0.999048 0
    outer loop
      vertex -4.57568 52.3002 5
      vertex 0 52.5 0
      vertex -4.57568 52.3002 0
    endloop
  endfacet
  facet normal 0.130523 0.991445 -0
    outer loop
      vertex 9.11653 51.7024 0
      vertex 4.57568 52.3002 5
      vertex 9.11653 51.7024 5
    endloop
  endfacet
  facet normal 0.130523 0.991445 0
    outer loop
      vertex 4.57568 52.3002 5
      vertex 9.11653 51.7024 0
      vertex 4.57568 52.3002 0
    endloop
  endfacet
  facet normal 0.382683 -0.92388 0
    outer loop
      vertex 17.9561 -49.3339 0
      vertex 22.1875 -47.5812 5
      vertex 17.9561 -49.3339 5
    endloop
  endfacet
  facet normal 0.382683 -0.92388 0
    outer loop
      vertex 22.1875 -47.5812 5
      vertex 17.9561 -49.3339 0
      vertex 22.1875 -47.5812 0
    endloop
  endfacet
  facet normal -0.95372 0.300695 0
    outer loop
      vertex -50.7111 13.588 0
      vertex -49.3339 17.9561 5
      vertex -49.3339 17.9561 0
    endloop
  endfacet
  facet normal -0.95372 0.300695 0
    outer loop
      vertex -49.3339 17.9561 5
      vertex -50.7111 13.588 0
      vertex -50.7111 13.588 5
    endloop
  endfacet
  facet normal -0.461765 0.887002 0
    outer loop
      vertex -22.1875 47.5812 0
      vertex -26.25 45.4663 5
      vertex -22.1875 47.5812 5
    endloop
  endfacet
  facet normal -0.461765 0.887002 0
    outer loop
      vertex -26.25 45.4663 5
      vertex -22.1875 47.5812 0
      vertex -26.25 45.4663 0
    endloop
  endfacet
  facet normal -0.737285 -0.675582 0
    outer loop
      vertex -37.1231 -37.1231 0
      vertex -40.2173 -33.7463 5
      vertex -40.2173 -33.7463 0
    endloop
  endfacet
  facet normal -0.737285 -0.675582 0
    outer loop
      vertex -40.2173 -33.7463 5
      vertex -37.1231 -37.1231 0
      vertex -37.1231 -37.1231 5
    endloop
  endfacet
  facet normal 0.737285 0.675582 0
    outer loop
      vertex 40.2173 33.7463 5
      vertex 37.1231 37.1231 0
      vertex 37.1231 37.1231 5
    endloop
  endfacet
  facet normal 0.737285 0.675582 0
    outer loop
      vertex 37.1231 37.1231 0
      vertex 40.2173 33.7463 5
      vertex 40.2173 33.7463 0
    endloop
  endfacet
  facet normal -0.991445 -0.130523 0
    outer loop
      vertex -51.7024 -9.11653 0
      vertex -52.3002 -4.57568 5
      vertex -52.3002 -4.57568 0
    endloop
  endfacet
  facet normal -0.991445 -0.130523 0
    outer loop
      vertex -52.3002 -4.57568 5
      vertex -51.7024 -9.11653 0
      vertex -51.7024 -9.11653 5
    endloop
  endfacet
  facet normal 0.216439 0.976296 -0
    outer loop
      vertex 13.588 50.7111 0
      vertex 9.11653 51.7024 5
      vertex 13.588 50.7111 5
    endloop
  endfacet
  facet normal 0.216439 0.976296 0
    outer loop
      vertex 9.11653 51.7024 5
      vertex 13.588 50.7111 0
      vertex 9.11653 51.7024 0
    endloop
  endfacet
  facet normal 0.843399 -0.537288 0
    outer loop
      vertex 43.0055 -30.1128 5
      vertex 45.4663 -26.25 0
      vertex 45.4663 -26.25 5
    endloop
  endfacet
  facet normal 0.843399 -0.537288 0
    outer loop
      vertex 45.4663 -26.25 0
      vertex 43.0055 -30.1128 5
      vertex 43.0055 -30.1128 0
    endloop
  endfacet
  facet normal 0.887002 -0.461765 0
    outer loop
      vertex 45.4663 -26.25 5
      vertex 47.5812 -22.1875 0
      vertex 47.5812 -22.1875 5
    endloop
  endfacet
  facet normal 0.887002 -0.461765 0
    outer loop
      vertex 47.5812 -22.1875 0
      vertex 45.4663 -26.25 5
      vertex 45.4663 -26.25 0
    endloop
  endfacet
  facet normal -0 0 -1
    outer loop
      vertex -24.9685 40.4615 0
      vertex -31.6931 27.5005 0
      vertex -25.1 40.53 0
    endloop
  endfacet
  facet normal -0 0 -1
    outer loop
      vertex -25.1 40.53 0
      vertex -31.6931 27.5005 0
      vertex -25.2251 40.6097 0
    endloop
  endfacet
  facet normal 0 0 -1
    outer loop
      vertex -33.7463 40.2173 0
      vertex -25.2251 40.6097 0
      vertex -31.6931 27.5005 0
    endloop
  endfacet
  facet normal -0 0 -1
    outer loop
      vertex -25.2251 40.6097 0
      vertex -33.7463 40.2173 0
      vertex -25.3427 40.7 0
    endloop
  endfacet
  facet normal -0 0 -1
    outer loop
      vertex -25.3427 40.7 0
      vertex -33.7463 40.2173 0
      vertex -25.4521 40.8001 0
    endloop
  endfacet
  facet normal -0 0 -1
    outer loop
      vertex -25.4521 40.8001 0
      vertex -33.7463 40.2173 0
      vertex -25.5523 40.9095 0
    endloop
  endfacet
  facet normal -0 0 -1
    outer loop
      vertex -25.5523 40.9095 0
      vertex -33.7463 40.2173 0
      vertex -25.6426 41.0272 0
    endloop
  endfacet
  facet normal 0 -0 -1
    outer loop
      vertex -30.1128 43.0055 0
      vertex -25.6426 41.0272 0
      vertex -33.7463 40.2173 0
    endloop
  endfacet
  facet normal 0 0 -1
    outer loop
      vertex -25.6426 41.0272 0
      vertex -30.1128 43.0055 0
      vertex -25.7222 41.1522 0
    endloop
  endfacet
  facet normal 0 0 -1
    outer loop
      vertex -25.7222 41.1522 0
      vertex -30.1128 43.0055 0
      vertex -25.7907 41.2838 0
    endloop
  endfacet
  facet normal 0 0 -1
    outer loop
      vertex -25.9435 41.8541 0
      vertex -30.1128 43.0055 0
      vertex -26.25 45.4663 0
    endloop
  endfacet
  facet normal 0 0 -1
    outer loop
      vertex -25.7907 41.2838 0
      vertex -30.1128 43.0055 0
      vertex -25.8475 41.4208 0
    endloop
  endfacet
  facet normal 0 0 -1
    outer loop
      vertex -25.8475 41.4208 0
      vertex -30.1128 43.0055 0
      vertex -25.8921 41.5622 0
    endloop
  endfacet
  facet normal 0 0 -1
    outer loop
      vertex -25.8921 41.5622 0
      vertex -30.1128 43.0055 0
      vertex -25.9242 41.707 0
    endloop
  endfacet
  facet normal 0 0 -1
    outer loop
      vertex -33.7463 40.2173 0
      vertex -31.6931 27.5005 0
      vertex -32.3379 27.7675 0
    endloop
  endfacet
  facet normal 0 0 -1
    outer loop
      vertex -33.7463 40.2173 0
      vertex -32.3379 27.7675 0
      vertex -33.0035 27.9774 0
    endloop
  endfacet
  facet normal 0 0 -1
    outer loop
      vertex -37.1231 37.1231 0
      vertex -33.0035 27.9774 0
      vertex -33.6848 28.1285 0
    endloop
  endfacet
  facet normal 0 0 -1
    outer loop
      vertex -25.9242 41.707 0
      vertex -30.1128 43.0055 0
      vertex -25.9435 41.8541 0
    endloop
  endfacet
  facet normal 0 0 -1
    outer loop
      vertex -37.1231 37.1231 0
      vertex -33.6848 28.1285 0
      vertex -34.3768 28.2196 0
    endloop
  endfacet
  facet normal 0 0 -1
    outer loop
      vertex -37.1231 37.1231 0
      vertex -34.3768 28.2196 0
      vertex -35.074 28.25 0
    endloop
  endfacet
  facet normal 0 0 -1
    outer loop
      vertex -37.1231 37.1231 0
      vertex -35.074 28.25 0
      vertex -35.7713 28.2196 0
    endloop
  endfacet
  facet normal 0 0 -1
    outer loop
      vertex -40.2173 33.7463 0
      vertex -35.7713 28.2196 0
      vertex -36.4632 28.1285 0
    endloop
  endfacet
  facet normal 0 0 -1
    outer loop
      vertex -33.0035 27.9774 0
      vertex -37.1231 37.1231 0
      vertex -33.7463 40.2173 0
    endloop
  endfacet
  facet normal 0 0 -1
    outer loop
      vertex -40.2173 33.7463 0
      vertex -36.4632 28.1285 0
      vertex -37.1446 27.9774 0
    endloop
  endfacet
  facet normal 0 0 -1
    outer loop
      vertex -40.2173 33.7463 0
      vertex -37.1446 27.9774 0
      vertex -37.8102 27.7675 0
    endloop
  endfacet
  facet normal 0 0 -1
    outer loop
      vertex -40.2173 33.7463 0
      vertex -37.8102 27.7675 0
      vertex -38.455 27.5005 0
    endloop
  endfacet
  facet normal 0 0 -1
    outer loop
      vertex -43.0055 30.1128 0
      vertex -38.455 27.5005 0
      vertex -39.074 27.1782 0
    endloop
  endfacet
  facet normal 0 0 -1
    outer loop
      vertex -43.0055 30.1128 0
      vertex -39.074 27.1782 0
      vertex -39.6626 26.8032 0
    endloop
  endfacet
  facet normal 0 0 -1
    outer loop
      vertex -43.0055 30.1128 0
      vertex -39.6626 26.8032 0
      vertex -40.2163 26.3784 0
    endloop
  endfacet
  facet normal 0 0 -1
    outer loop
      vertex -35.7713 28.2196 0
      vertex -40.2173 33.7463 0
      vertex -37.1231 37.1231 0
    endloop
  endfacet
  facet normal 0 0 -1
    outer loop
      vertex -43.0055 30.1128 0
      vertex -40.2163 26.3784 0
      vertex -40.7309 25.9069 0
    endloop
  endfacet
  facet normal 0 0 -1
    outer loop
      vertex -43.0055 30.1128 0
      vertex -40.7309 25.9069 0
      vertex -41.2024 25.3923 0
    endloop
  endfacet
  facet normal 0 0 -1
    outer loop
      vertex -45.4663 26.25 0
      vertex -41.2024 25.3923 0
      vertex -41.6272 24.8386 0
    endloop
  endfacet
  facet normal 0 0 -1
    outer loop
      vertex -45.4663 26.25 0
      vertex -41.6272 24.8386 0
      vertex -42.0022 24.25 0
    endloop
  endfacet
  facet normal 0 0 -1
    outer loop
      vertex -45.4663 26.25 0
      vertex -42.0022 24.25 0
      vertex -42.3245 23.6309 0
    endloop
  endfacet
  facet normal 0 0 -1
    outer loop
      vertex -45.4663 26.25 0
      vertex -42.3245 23.6309 0
      vertex -42.5916 22.9862 0
    endloop
  endfacet
  facet normal 0 0 -1
    outer loop
      vertex -47.5812 22.1875 0
      vertex -42.5916 22.9862 0
      vertex -42.8014 22.3206 0
    endloop
  endfacet
  facet normal 0 0 -1
    outer loop
      vertex -38.455 27.5005 0
      vertex -43.0055 30.1128 0
      vertex -40.2173 33.7463 0
    endloop
  endfacet
  facet normal 0 0 -1
    outer loop
      vertex -47.5812 22.1875 0
      vertex -42.8014 22.3206 0
      vertex -42.9525 21.6392 0
    endloop
  endfacet
  facet normal 0 0 -1
    outer loop
      vertex -47.5812 22.1875 0
      vertex -42.9525 21.6392 0
      vertex -43.0436 20.9472 0
    endloop
  endfacet
  facet normal 0 0 -1
    outer loop
      vertex -47.5812 22.1875 0
      vertex -43.0436 20.9472 0
      vertex -43.074 20.25 0
    endloop
  endfacet
  facet normal -0 0 -1
    outer loop
      vertex -40.7309 14.5931 0
      vertex -50.7111 13.588 0
      vertex -41.2024 15.1077 0
    endloop
  endfacet
  facet normal 0 0 -1
    outer loop
      vertex -41.2024 25.3923 0
      vertex -45.4663 26.25 0
      vertex -43.0055 30.1128 0
    endloop
  endfacet
  facet normal -0 0 -1
    outer loop
      vertex -41.2024 15.1077 0
      vertex -50.7111 13.588 0
      vertex -41.6272 15.6614 0
    endloop
  endfacet
  facet normal -0 0 -1
    outer loop
      vertex -42.5916 22.9862 0
      vertex -47.5812 22.1875 0
      vertex -45.4663 26.25 0
    endloop
  endfacet
  facet normal -0 0 -1
    outer loop
      vertex -41.6272 15.6614 0
      vertex -50.7111 13.588 0
      vertex -42.0022 16.25 0
    endloop
  endfacet
  facet normal 0 0 -1
    outer loop
      vertex -43.0436 19.5528 0
      vertex -47.5812 22.1875 0
      vertex -43.074 20.25 0
    endloop
  endfacet
  facet normal -0 0 -1
    outer loop
      vertex -42.0022 16.25 0
      vertex -50.7111 13.588 0
      vertex -42.3245 16.8691 0
    endloop
  endfacet
  facet normal 0 -0 -1
    outer loop
      vertex -47.5812 22.1875 0
      vertex -43.0436 19.5528 0
      vertex -49.3339 17.9561 0
    endloop
  endfacet
  facet normal 0 -0 -1
    outer loop
      vertex -49.3339 17.9561 0
      vertex -42.3245 16.8691 0
      vertex -50.7111 13.588 0
    endloop
  endfacet
  facet normal -0 0 -1
    outer loop
      vertex -42.9525 18.8608 0
      vertex -49.3339 17.9561 0
      vertex -43.0436 19.5528 0
    endloop
  endfacet
  facet normal 0 0 -1
    outer loop
      vertex -42.3245 16.8691 0
      vertex -49.3339 17.9561 0
      vertex -42.5916 17.5138 0
    endloop
  endfacet
  facet normal -0 0 -1
    outer loop
      vertex -42.8014 18.1794 0
      vertex -49.3339 17.9561 0
      vertex -42.9525 18.8608 0
    endloop
  endfacet
  facet normal 0 0 -1
    outer loop
      vertex -42.5916 17.5138 0
      vertex -49.3339 17.9561 0
      vertex -42.8014 18.1794 0
    endloop
  endfacet
  facet normal 0 0 -1
    outer loop
      vertex -23.5315 -40.4615 0
      vertex -6.55322 -35.9114 0
      vertex -23.4 -40.53 0
    endloop
  endfacet
  facet normal 0 0 -1
    outer loop
      vertex -4.175 0 0
      vertex -22.5565 41.8541 0
      vertex -22.55 42.0022 0
    endloop
  endfacet
  facet normal 0 0 -1
    outer loop
      vertex -23.6686 -40.4048 0
      vertex -6.55322 -35.9114 0
      vertex -23.5315 -40.4615 0
    endloop
  endfacet
  facet normal 0 0 -1
    outer loop
      vertex -4.175 0 0
      vertex -22.5758 41.707 0
      vertex -22.5565 41.8541 0
    endloop
  endfacet
  facet normal -0 0 -1
    outer loop
      vertex -6.55322 -35.9114 0
      vertex -23.6686 -40.4048 0
      vertex -6.12836 -35.3577 0
    endloop
  endfacet
  facet normal 0 0 -1
    outer loop
      vertex -4.175 0 0
      vertex -22.6079 41.5622 0
      vertex -22.5758 41.707 0
    endloop
  endfacet
  facet normal 0 0 -1
    outer loop
      vertex -23.81 -40.3602 0
      vertex -6.12836 -35.3577 0
      vertex -23.6686 -40.4048 0
    endloop
  endfacet
  facet normal 0 -0 -1
    outer loop
      vertex -27.074 20.25 0
      vertex -4.175 0 0
      vertex -27.1045 19.5528 0
    endloop
  endfacet
  facet normal -0 0 -1
    outer loop
      vertex -6.12836 -35.3577 0
      vertex -23.81 -40.3602 0
      vertex -5.65685 -34.8431 0
    endloop
  endfacet
  facet normal 0 0 -1
    outer loop
      vertex -4.175 0 0
      vertex -22.6525 41.4208 0
      vertex -22.6079 41.5622 0
    endloop
  endfacet
  facet normal 0 0 -1
    outer loop
      vertex -23.9548 -40.3281 0
      vertex -5.65685 -34.8431 0
      vertex -23.81 -40.3602 0
    endloop
  endfacet
  facet normal 0 0 -1
    outer loop
      vertex -27.1045 20.9472 0
      vertex -4.175 0 0
      vertex -27.074 20.25 0
    endloop
  endfacet
  facet normal -0 0 -1
    outer loop
      vertex -5.65685 -34.8431 0
      vertex -23.9548 -40.3281 0
      vertex -3.19824 -2.68364 0
    endloop
  endfacet
  facet normal 0 0 -1
    outer loop
      vertex -4.175 0 0
      vertex -22.7093 41.2838 0
      vertex -22.6525 41.4208 0
    endloop
  endfacet
  facet normal 0 0 -1
    outer loop
      vertex -24.1018 -40.3087 0
      vertex -3.19824 -2.68364 0
      vertex -23.9548 -40.3281 0
    endloop
  endfacet
  facet normal 0 0 -1
    outer loop
      vertex -4.175 0 0
      vertex -22.7778 41.1522 0
      vertex -22.7093 41.2838 0
    endloop
  endfacet
  facet normal -0 0 -1
    outer loop
      vertex -3.19824 -2.68364 0
      vertex -24.1018 -40.3087 0
      vertex -3.41996 -2.39468 0
    endloop
  endfacet
  facet normal 0 0 -1
    outer loop
      vertex -4.175 0 0
      vertex -22.8574 41.0272 0
      vertex -22.7778 41.1522 0
    endloop
  endfacet
  facet normal 0 0 -1
    outer loop
      vertex -43.0055 -30.1128 0
      vertex -3.41996 -2.39468 0
      vertex -24.1018 -40.3087 0
    endloop
  endfacet
  facet normal 0 0 -1
    outer loop
      vertex -27.1956 21.6392 0
      vertex -4.175 0 0
      vertex -27.1045 20.9472 0
    endloop
  endfacet
  facet normal -0 0 -1
    outer loop
      vertex -3.41996 -2.39468 0
      vertex -43.0055 -30.1128 0
      vertex -3.61566 -2.0875 0
    endloop
  endfacet
  facet normal 0 0 -1
    outer loop
      vertex -4.175 0 0
      vertex -27.1956 21.6392 0
      vertex -22.8574 41.0272 0
    endloop
  endfacet
  facet normal 0 0 -1
    outer loop
      vertex -45.4663 -26.25 0
      vertex -3.61566 -2.0875 0
      vertex -43.0055 -30.1128 0
    endloop
  endfacet
  facet normal 0 0 -1
    outer loop
      vertex -22.8574 41.0272 0
      vertex -27.1956 21.6392 0
      vertex -22.9477 40.9095 0
    endloop
  endfacet
  facet normal -0 0 -1
    outer loop
      vertex -3.61566 -2.0875 0
      vertex -45.4663 -26.25 0
      vertex -3.78383 -1.76443 0
    endloop
  endfacet
  facet normal 0 0 -1
    outer loop
      vertex -27.3466 22.3206 0
      vertex -22.9477 40.9095 0
      vertex -27.1956 21.6392 0
    endloop
  endfacet
  facet normal 0 0 -1
    outer loop
      vertex -47.5812 -22.1875 0
      vertex -3.78383 -1.76443 0
      vertex -45.4663 -26.25 0
    endloop
  endfacet
  facet normal 0 0 -1
    outer loop
      vertex -22.9477 40.9095 0
      vertex -27.3466 22.3206 0
      vertex -23.0479 40.8001 0
    endloop
  endfacet
  facet normal -0 0 -1
    outer loop
      vertex -3.78383 -1.76443 0
      vertex -47.5812 -22.1875 0
      vertex -3.92322 -1.42793 0
    endloop
  endfacet
  facet normal 0 0 -1
    outer loop
      vertex -27.5565 22.9862 0
      vertex -23.0479 40.8001 0
      vertex -27.3466 22.3206 0
    endloop
  endfacet
  facet normal 0 -0 -1
    outer loop
      vertex -32.3379 12.7325 0
      vertex -3.92322 -1.42793 0
      vertex -33.0035 12.5226 0
    endloop
  endfacet
  facet normal 0 0 -1
    outer loop
      vertex -23.0479 40.8001 0
      vertex -27.5565 22.9862 0
      vertex -23.1573 40.7 0
    endloop
  endfacet
  facet normal 0 0 -1
    outer loop
      vertex -3.92322 -1.42793 0
      vertex -32.3379 12.7325 0
      vertex -4.03274 -1.08057 0
    endloop
  endfacet
  facet normal 0 0 -1
    outer loop
      vertex -27.8236 23.6309 0
      vertex -23.1573 40.7 0
      vertex -27.5565 22.9862 0
    endloop
  endfacet
  facet normal 0 0 -1
    outer loop
      vertex -43.0055 -30.1128 0
      vertex -24.1018 -40.3087 0
      vertex -24.25 -40.3022 0
    endloop
  endfacet
  facet normal 0 0 -1
    outer loop
      vertex -23.1573 40.7 0
      vertex -27.8236 23.6309 0
      vertex -23.2749 40.6097 0
    endloop
  endfacet
  facet normal 0 0 -1
    outer loop
      vertex -40.2173 -33.7463 0
      vertex -24.25 -40.3022 0
      vertex -24.3982 -40.3087 0
    endloop
  endfacet
  facet normal 0 0 -1
    outer loop
      vertex -23.2749 40.6097 0
      vertex -27.8236 23.6309 0
      vertex -23.4 40.53 0
    endloop
  endfacet
  facet normal 0 0 -1
    outer loop
      vertex -40.2173 -33.7463 0
      vertex -24.3982 -40.3087 0
      vertex -24.5452 -40.3281 0
    endloop
  endfacet
  facet normal 0 0 -1
    outer loop
      vertex -28.1458 24.25 0
      vertex -23.4 40.53 0
      vertex -27.8236 23.6309 0
    endloop
  endfacet
  facet normal 0 0 -1
    outer loop
      vertex -37.1231 -37.1231 0
      vertex -24.5452 -40.3281 0
      vertex -24.69 -40.3602 0
    endloop
  endfacet
  facet normal 0 0 -1
    outer loop
      vertex -23.4 40.53 0
      vertex -28.1458 24.25 0
      vertex -23.5315 40.4615 0
    endloop
  endfacet
  facet normal 0 0 -1
    outer loop
      vertex -37.1231 -37.1231 0
      vertex -24.69 -40.3602 0
      vertex -24.8314 -40.4048 0
    endloop
  endfacet
  facet normal 0 0 -1
    outer loop
      vertex -28.5208 24.8386 0
      vertex -23.5315 40.4615 0
      vertex -28.1458 24.25 0
    endloop
  endfacet
  facet normal 0 0 -1
    outer loop
      vertex -37.1231 -37.1231 0
      vertex -24.8314 -40.4048 0
      vertex -24.9685 -40.4615 0
    endloop
  endfacet
  facet normal 0 0 -1
    outer loop
      vertex -23.5315 40.4615 0
      vertex -28.5208 24.8386 0
      vertex -23.6686 40.4048 0
    endloop
  endfacet
  facet normal 0 0 -1
    outer loop
      vertex -33.7463 -40.2173 0
      vertex -24.9685 -40.4615 0
      vertex -25.1 -40.53 0
    endloop
  endfacet
  facet normal 0 0 -1
    outer loop
      vertex -23.6686 40.4048 0
      vertex -28.5208 24.8386 0
      vertex -23.81 40.3602 0
    endloop
  endfacet
  facet normal 0 0 -1
    outer loop
      vertex -33.7463 -40.2173 0
      vertex -25.1 -40.53 0
      vertex -25.2251 -40.6097 0
    endloop
  endfacet
  facet normal 0 0 -1
    outer loop
      vertex -28.9457 25.3923 0
      vertex -23.81 40.3602 0
      vertex -28.5208 24.8386 0
    endloop
  endfacet
  facet normal 0 0 -1
    outer loop
      vertex -33.7463 -40.2173 0
      vertex -25.2251 -40.6097 0
      vertex -25.3427 -40.7 0
    endloop
  endfacet
  facet normal 0 0 -1
    outer loop
      vertex -23.81 40.3602 0
      vertex -28.9457 25.3923 0
      vertex -23.9548 40.3281 0
    endloop
  endfacet
  facet normal 0 0 -1
    outer loop
      vertex -33.7463 -40.2173 0
      vertex -25.3427 -40.7 0
      vertex -25.4521 -40.8001 0
    endloop
  endfacet
  facet normal 0 0 -1
    outer loop
      vertex -29.4172 25.9069 0
      vertex -23.9548 40.3281 0
      vertex -28.9457 25.3923 0
    endloop
  endfacet
  facet normal 0 0 -1
    outer loop
      vertex -33.7463 -40.2173 0
      vertex -25.4521 -40.8001 0
      vertex -25.5523 -40.9095 0
    endloop
  endfacet
  facet normal 0 0 -1
    outer loop
      vertex -24.1018 40.3087 0
      vertex -29.4172 25.9069 0
      vertex -24.25 40.3022 0
    endloop
  endfacet
  facet normal 0 0 -1
    outer loop
      vertex -33.7463 -40.2173 0
      vertex -25.5523 -40.9095 0
      vertex -25.6426 -41.0272 0
    endloop
  endfacet
  facet normal 0 0 -1
    outer loop
      vertex -29.9317 26.3784 0
      vertex -24.25 40.3022 0
      vertex -29.4172 25.9069 0
    endloop
  endfacet
  facet normal 0 0 -1
    outer loop
      vertex -30.1128 -43.0055 0
      vertex -25.6426 -41.0272 0
      vertex -25.7222 -41.1522 0
    endloop
  endfacet
  facet normal -0 0 -1
    outer loop
      vertex -24.25 40.3022 0
      vertex -29.9317 26.3784 0
      vertex -24.3982 40.3087 0
    endloop
  endfacet
  facet normal 0 0 -1
    outer loop
      vertex -30.1128 -43.0055 0
      vertex -25.7222 -41.1522 0
      vertex -25.7907 -41.2838 0
    endloop
  endfacet
  facet normal -0 0 -1
    outer loop
      vertex -24.3982 40.3087 0
      vertex -29.9317 26.3784 0
      vertex -24.5452 40.3281 0
    endloop
  endfacet
  facet normal 0 0 -1
    outer loop
      vertex -30.1128 -43.0055 0
      vertex -25.7907 -41.2838 0
      vertex -25.8475 -41.4208 0
    endloop
  endfacet
  facet normal 0 0 -1
    outer loop
      vertex -30.4854 26.8032 0
      vertex -24.5452 40.3281 0
      vertex -29.9317 26.3784 0
    endloop
  endfacet
  facet normal 0 0 -1
    outer loop
      vertex -30.1128 -43.0055 0
      vertex -25.8475 -41.4208 0
      vertex -25.8921 -41.5622 0
    endloop
  endfacet
  facet normal -0 0 -1
    outer loop
      vertex -24.5452 40.3281 0
      vertex -30.4854 26.8032 0
      vertex -24.69 40.3602 0
    endloop
  endfacet
  facet normal 0 0 -1
    outer loop
      vertex -30.1128 -43.0055 0
      vertex -25.8921 -41.5622 0
      vertex -25.9242 -41.707 0
    endloop
  endfacet
  facet normal 0 0 -1
    outer loop
      vertex -31.074 27.1782 0
      vertex -24.69 40.3602 0
      vertex -30.4854 26.8032 0
    endloop
  endfacet
  facet normal 0 0 -1
    outer loop
      vertex -30.1128 -43.0055 0
      vertex -25.9242 -41.707 0
      vertex -25.9435 -41.8541 0
    endloop
  endfacet
  facet normal -0 0 -1
    outer loop
      vertex -24.69 40.3602 0
      vertex -31.074 27.1782 0
      vertex -24.8314 40.4048 0
    endloop
  endfacet
  facet normal -0 0 -1
    outer loop
      vertex -25.9435 -42.1504 0
      vertex -30.1128 -43.0055 0
      vertex -25.95 -42.0022 0
    endloop
  endfacet
  facet normal -0 0 -1
    outer loop
      vertex -24.8314 40.4048 0
      vertex -31.074 27.1782 0
      vertex -24.9685 40.4615 0
    endloop
  endfacet
  facet normal 0 0 -1
    outer loop
      vertex -22.5565 42.1504 0
      vertex -17.9561 49.3339 0
      vertex -22.55 42.0022 0
    endloop
  endfacet
  facet normal 0 0 -1
    outer loop
      vertex -22.5758 42.2974 0
      vertex -17.9561 49.3339 0
      vertex -22.5565 42.1504 0
    endloop
  endfacet
  facet normal 0 0 -1
    outer loop
      vertex -22.6079 42.4422 0
      vertex -17.9561 49.3339 0
      vertex -22.5758 42.2974 0
    endloop
  endfacet
  facet normal 0 0 -1
    outer loop
      vertex -22.6525 42.5837 0
      vertex -17.9561 49.3339 0
      vertex -22.6079 42.4422 0
    endloop
  endfacet
  facet normal 0 0 -1
    outer loop
      vertex -22.7093 42.7207 0
      vertex -17.9561 49.3339 0
      vertex -22.6525 42.5837 0
    endloop
  endfacet
  facet normal 0 0 -1
    outer loop
      vertex -17.9561 49.3339 0
      vertex -22.7093 42.7207 0
      vertex -22.1875 47.5812 0
    endloop
  endfacet
  facet normal 0 0 -1
    outer loop
      vertex -22.7778 42.8522 0
      vertex -22.1875 47.5812 0
      vertex -22.7093 42.7207 0
    endloop
  endfacet
  facet normal 0 0 -1
    outer loop
      vertex -22.8574 42.9773 0
      vertex -22.1875 47.5812 0
      vertex -22.7778 42.8522 0
    endloop
  endfacet
  facet normal 0 0 -1
    outer loop
      vertex -22.9477 43.095 0
      vertex -22.1875 47.5812 0
      vertex -22.8574 42.9773 0
    endloop
  endfacet
  facet normal 0 0 -1
    outer loop
      vertex -23.0479 43.2043 0
      vertex -22.1875 47.5812 0
      vertex -22.9477 43.095 0
    endloop
  endfacet
  facet normal 0 0 -1
    outer loop
      vertex -23.1573 43.3045 0
      vertex -22.1875 47.5812 0
      vertex -23.0479 43.2043 0
    endloop
  endfacet
  facet normal 0 0 -1
    outer loop
      vertex -23.2749 43.3948 0
      vertex -22.1875 47.5812 0
      vertex -23.1573 43.3045 0
    endloop
  endfacet
  facet normal 0 0 -1
    outer loop
      vertex -23.4 43.4745 0
      vertex -22.1875 47.5812 0
      vertex -23.2749 43.3948 0
    endloop
  endfacet
  facet normal 0 0 -1
    outer loop
      vertex -23.5315 43.543 0
      vertex -22.1875 47.5812 0
      vertex -23.4 43.4745 0
    endloop
  endfacet
  facet normal 0 0 -1
    outer loop
      vertex -23.6686 43.5997 0
      vertex -22.1875 47.5812 0
      vertex -23.5315 43.543 0
    endloop
  endfacet
  facet normal 0 0 -1
    outer loop
      vertex -23.81 43.6443 0
      vertex -22.1875 47.5812 0
      vertex -23.6686 43.5997 0
    endloop
  endfacet
  facet normal 0 0 -1
    outer loop
      vertex -23.9548 43.6764 0
      vertex -22.1875 47.5812 0
      vertex -23.81 43.6443 0
    endloop
  endfacet
  facet normal 0 0 -1
    outer loop
      vertex -24.1018 43.6958 0
      vertex -22.1875 47.5812 0
      vertex -23.9548 43.6764 0
    endloop
  endfacet
  facet normal 0 0 -1
    outer loop
      vertex -26.25 45.4663 0
      vertex -24.1018 43.6958 0
      vertex -24.25 43.7022 0
    endloop
  endfacet
  facet normal 0 0 -1
    outer loop
      vertex -26.25 45.4663 0
      vertex -24.25 43.7022 0
      vertex -24.3982 43.6958 0
    endloop
  endfacet
  facet normal 0 0 -1
    outer loop
      vertex -26.25 45.4663 0
      vertex -24.3982 43.6958 0
      vertex -24.5452 43.6764 0
    endloop
  endfacet
  facet normal 0 0 -1
    outer loop
      vertex -26.25 45.4663 0
      vertex -24.5452 43.6764 0
      vertex -24.69 43.6443 0
    endloop
  endfacet
  facet normal 0 0 -1
    outer loop
      vertex -26.25 45.4663 0
      vertex -24.69 43.6443 0
      vertex -24.8314 43.5997 0
    endloop
  endfacet
  facet normal 0 0 -1
    outer loop
      vertex -26.25 45.4663 0
      vertex -24.8314 43.5997 0
      vertex -24.9685 43.543 0
    endloop
  endfacet
  facet normal 0 0 -1
    outer loop
      vertex -26.25 45.4663 0
      vertex -24.9685 43.543 0
      vertex -25.1 43.4745 0
    endloop
  endfacet
  facet normal 0 0 -1
    outer loop
      vertex -26.25 45.4663 0
      vertex -25.1 43.4745 0
      vertex -25.2251 43.3948 0
    endloop
  endfacet
  facet normal 0 0 -1
    outer loop
      vertex -26.25 45.4663 0
      vertex -25.2251 43.3948 0
      vertex -25.3427 43.3045 0
    endloop
  endfacet
  facet normal 0 0 -1
    outer loop
      vertex -26.25 45.4663 0
      vertex -25.3427 43.3045 0
      vertex -25.4521 43.2043 0
    endloop
  endfacet
  facet normal 0 0 -1
    outer loop
      vertex -26.25 45.4663 0
      vertex -25.4521 43.2043 0
      vertex -25.5523 43.095 0
    endloop
  endfacet
  facet normal 0 0 -1
    outer loop
      vertex -26.25 45.4663 0
      vertex -25.5523 43.095 0
      vertex -25.6426 42.9773 0
    endloop
  endfacet
  facet normal 0 0 -1
    outer loop
      vertex -24.1018 43.6958 0
      vertex -26.25 45.4663 0
      vertex -22.1875 47.5812 0
    endloop
  endfacet
  facet normal 0 0 -1
    outer loop
      vertex -25.7222 42.8522 0
      vertex -26.25 45.4663 0
      vertex -25.6426 42.9773 0
    endloop
  endfacet
  facet normal 0 0 -1
    outer loop
      vertex -25.7907 42.7207 0
      vertex -26.25 45.4663 0
      vertex -25.7222 42.8522 0
    endloop
  endfacet
  facet normal 0 0 -1
    outer loop
      vertex -25.8475 42.5837 0
      vertex -26.25 45.4663 0
      vertex -25.7907 42.7207 0
    endloop
  endfacet
  facet normal 0 0 -1
    outer loop
      vertex -25.8921 42.4422 0
      vertex -26.25 45.4663 0
      vertex -25.8475 42.5837 0
    endloop
  endfacet
  facet normal 0 0 -1
    outer loop
      vertex -25.9242 42.2974 0
      vertex -26.25 45.4663 0
      vertex -25.8921 42.4422 0
    endloop
  endfacet
  facet normal 0 0 -1
    outer loop
      vertex -25.9435 42.1504 0
      vertex -26.25 45.4663 0
      vertex -25.9242 42.2974 0
    endloop
  endfacet
  facet normal 0 0 -1
    outer loop
      vertex -25.95 42.0022 0
      vertex -26.25 45.4663 0
      vertex -25.9435 42.1504 0
    endloop
  endfacet
  facet normal 0 0 -1
    outer loop
      vertex -31.6931 27.5005 0
      vertex -24.9685 40.4615 0
      vertex -31.074 27.1782 0
    endloop
  endfacet
  facet normal 0 0 -1
    outer loop
      vertex -25.9435 41.8541 0
      vertex -26.25 45.4663 0
      vertex -25.95 42.0022 0
    endloop
  endfacet
  facet normal 0 0 -1
    outer loop
      vertex -23.9548 40.3281 0
      vertex -29.4172 25.9069 0
      vertex -24.1018 40.3087 0
    endloop
  endfacet
  facet normal 0 0 -1
    outer loop
      vertex -4.175 0 0
      vertex -27.1956 18.8608 0
      vertex -27.1045 19.5528 0
    endloop
  endfacet
  facet normal 0 0 -1
    outer loop
      vertex -4.175 0 0
      vertex -27.3466 18.1794 0
      vertex -27.1956 18.8608 0
    endloop
  endfacet
  facet normal 0 0 -1
    outer loop
      vertex -4.175 0 0
      vertex -27.5565 17.5138 0
      vertex -27.3466 18.1794 0
    endloop
  endfacet
  facet normal 0 0 -1
    outer loop
      vertex -4.175 0 0
      vertex -27.8236 16.8691 0
      vertex -27.5565 17.5138 0
    endloop
  endfacet
  facet normal 0 0 -1
    outer loop
      vertex -4.175 0 0
      vertex -28.1458 16.25 0
      vertex -27.8236 16.8691 0
    endloop
  endfacet
  facet normal 0 0 -1
    outer loop
      vertex -4.175 0 0
      vertex -28.5208 15.6614 0
      vertex -28.1458 16.25 0
    endloop
  endfacet
  facet normal 0 0 -1
    outer loop
      vertex -4.175 0 0
      vertex -28.9457 15.1077 0
      vertex -28.5208 15.6614 0
    endloop
  endfacet
  facet normal 0 0 -1
    outer loop
      vertex -4.175 0 0
      vertex -29.4172 14.5931 0
      vertex -28.9457 15.1077 0
    endloop
  endfacet
  facet normal 0 0 -1
    outer loop
      vertex -4.175 0 0
      vertex -29.9317 14.1216 0
      vertex -29.4172 14.5931 0
    endloop
  endfacet
  facet normal -0 0 -1
    outer loop
      vertex -25.6426 -41.0272 0
      vertex -30.1128 -43.0055 0
      vertex -33.7463 -40.2173 0
    endloop
  endfacet
  facet normal 0 0 -1
    outer loop
      vertex -4.175 0 0
      vertex -30.4854 13.6968 0
      vertex -29.9317 14.1216 0
    endloop
  endfacet
  facet normal 0 0 -1
    outer loop
      vertex -24.9685 -40.4615 0
      vertex -33.7463 -40.2173 0
      vertex -37.1231 -37.1231 0
    endloop
  endfacet
  facet normal 0 0 -1
    outer loop
      vertex -4.175 0 0
      vertex -31.074 13.3218 0
      vertex -30.4854 13.6968 0
    endloop
  endfacet
  facet normal 0 0 -1
    outer loop
      vertex -24.5452 -40.3281 0
      vertex -37.1231 -37.1231 0
      vertex -40.2173 -33.7463 0
    endloop
  endfacet
  facet normal 0 0 -1
    outer loop
      vertex -24.25 -40.3022 0
      vertex -40.2173 -33.7463 0
      vertex -43.0055 -30.1128 0
    endloop
  endfacet
  facet normal 0 0 -1
    outer loop
      vertex -4.15911 -0.363874 0
      vertex -31.074 13.3218 0
      vertex -4.175 0 0
    endloop
  endfacet
  facet normal 0 -0 -1
    outer loop
      vertex -31.6931 12.9995 0
      vertex -4.03274 -1.08057 0
      vertex -32.3379 12.7325 0
    endloop
  endfacet
  facet normal 0 0 -1
    outer loop
      vertex -4.03274 -1.08057 0
      vertex -31.6931 12.9995 0
      vertex -4.11157 -0.72498 0
    endloop
  endfacet
  facet normal 0 0 -1
    outer loop
      vertex -4.11157 -0.72498 0
      vertex -31.074 13.3218 0
      vertex -4.15911 -0.363874 0
    endloop
  endfacet
  facet normal 0 -0 -1
    outer loop
      vertex -31.074 13.3218 0
      vertex -4.11157 -0.72498 0
      vertex -31.6931 12.9995 0
    endloop
  endfacet
  facet normal -0 0 -1
    outer loop
      vertex -3.92322 -1.42793 0
      vertex -47.5812 -22.1875 0
      vertex -33.0035 12.5226 0
    endloop
  endfacet
  facet normal 0 0 -1
    outer loop
      vertex -49.3339 -17.9561 0
      vertex -33.0035 12.5226 0
      vertex -47.5812 -22.1875 0
    endloop
  endfacet
  facet normal 0 0 -1
    outer loop
      vertex -33.0035 12.5226 0
      vertex -49.3339 -17.9561 0
      vertex -33.6848 12.3715 0
    endloop
  endfacet
  facet normal 0 0 -1
    outer loop
      vertex -50.7111 -13.588 0
      vertex -33.6848 12.3715 0
      vertex -49.3339 -17.9561 0
    endloop
  endfacet
  facet normal 0 0 -1
    outer loop
      vertex -33.6848 12.3715 0
      vertex -50.7111 -13.588 0
      vertex -34.3768 12.2804 0
    endloop
  endfacet
  facet normal 0 0 -1
    outer loop
      vertex -51.7024 -9.11653 0
      vertex -34.3768 12.2804 0
      vertex -50.7111 -13.588 0
    endloop
  endfacet
  facet normal 0 0 -1
    outer loop
      vertex -34.3768 12.2804 0
      vertex -51.7024 -9.11653 0
      vertex -35.074 12.25 0
    endloop
  endfacet
  facet normal 0 0 -1
    outer loop
      vertex -52.3002 -4.57568 0
      vertex -35.074 12.25 0
      vertex -51.7024 -9.11653 0
    endloop
  endfacet
  facet normal -0 0 -1
    outer loop
      vertex -35.074 12.25 0
      vertex -52.3002 -4.57568 0
      vertex -35.7713 12.2804 0
    endloop
  endfacet
  facet normal -0 0 -1
    outer loop
      vertex -35.7713 12.2804 0
      vertex -52.3002 -4.57568 0
      vertex -36.4632 12.3715 0
    endloop
  endfacet
  facet normal 0 0 -1
    outer loop
      vertex -52.5 0 0
      vertex -36.4632 12.3715 0
      vertex -52.3002 -4.57568 0
    endloop
  endfacet
  facet normal -0 0 -1
    outer loop
      vertex -36.4632 12.3715 0
      vertex -52.5 0 0
      vertex -37.1446 12.5226 0
    endloop
  endfacet
  facet normal -0 0 -1
    outer loop
      vertex -37.1446 12.5226 0
      vertex -52.5 0 0
      vertex -37.8102 12.7325 0
    endloop
  endfacet
  facet normal 0 -0 -1
    outer loop
      vertex -52.3002 4.57568 0
      vertex -37.8102 12.7325 0
      vertex -52.5 0 0
    endloop
  endfacet
  facet normal -0 0 -1
    outer loop
      vertex -37.8102 12.7325 0
      vertex -52.3002 4.57568 0
      vertex -38.455 12.9995 0
    endloop
  endfacet
  facet normal -0 0 -1
    outer loop
      vertex -38.455 12.9995 0
      vertex -52.3002 4.57568 0
      vertex -39.074 13.3218 0
    endloop
  endfacet
  facet normal 0 -0 -1
    outer loop
      vertex -51.7024 9.11653 0
      vertex -39.074 13.3218 0
      vertex -52.3002 4.57568 0
    endloop
  endfacet
  facet normal -0 0 -1
    outer loop
      vertex -39.074 13.3218 0
      vertex -51.7024 9.11653 0
      vertex -39.6626 13.6968 0
    endloop
  endfacet
  facet normal -0 0 -1
    outer loop
      vertex -39.6626 13.6968 0
      vertex -51.7024 9.11653 0
      vertex -40.2163 14.1216 0
    endloop
  endfacet
  facet normal -0 0 -1
    outer loop
      vertex -40.2163 14.1216 0
      vertex -51.7024 9.11653 0
      vertex -40.7309 14.5931 0
    endloop
  endfacet
  facet normal 0 -0 -1
    outer loop
      vertex -50.7111 13.588 0
      vertex -40.7309 14.5931 0
      vertex -51.7024 9.11653 0
    endloop
  endfacet
  facet normal 0 -0 -1
    outer loop
      vertex 4.15911 -0.363874 0
      vertex 31.074 13.3218 0
      vertex 4.11157 -0.72498 0
    endloop
  endfacet
  facet normal -0 0 -1
    outer loop
      vertex 31.074 13.3218 0
      vertex 4.15911 -0.363874 0
      vertex 30.4854 13.6968 0
    endloop
  endfacet
  facet normal 0 -0 -1
    outer loop
      vertex 4.175 0 0
      vertex 30.4854 13.6968 0
      vertex 4.15911 -0.363874 0
    endloop
  endfacet
  facet normal 0 0 -1
    outer loop
      vertex 4.15911 0.363874 0
      vertex 30.4854 13.6968 0
      vertex 4.175 0 0
    endloop
  endfacet
  facet normal -0 0 -1
    outer loop
      vertex 30.4854 13.6968 0
      vertex 4.15911 0.363874 0
      vertex 29.9317 14.1216 0
    endloop
  endfacet
  facet normal 0 0 -1
    outer loop
      vertex 4.11157 0.72498 0
      vertex 29.9317 14.1216 0
      vertex 4.15911 0.363874 0
    endloop
  endfacet
  facet normal -0 0 -1
    outer loop
      vertex 29.9317 14.1216 0
      vertex 4.11157 0.72498 0
      vertex 29.4172 14.5931 0
    endloop
  endfacet
  facet normal 0 0 -1
    outer loop
      vertex 3.61566 -2.0875 0
      vertex 6.55322 -35.9114 0
      vertex 6.12836 -35.3577 0
    endloop
  endfacet
  facet normal 0 0 -1
    outer loop
      vertex 3.41996 -2.39468 0
      vertex 6.12836 -35.3577 0
      vertex 5.65685 -34.8431 0
    endloop
  endfacet
  facet normal 0 0 -1
    outer loop
      vertex 3.19824 -2.68364 0
      vertex 5.65685 -34.8431 0
      vertex 5.1423 -34.3716 0
    endloop
  endfacet
  facet normal 0 0 -1
    outer loop
      vertex 2.95217 -2.95217 0
      vertex 5.1423 -34.3716 0
      vertex 4.58861 -33.9468 0
    endloop
  endfacet
  facet normal -0 0 -1
    outer loop
      vertex 28.5208 15.6614 0
      vertex 3.78383 1.76443 0
      vertex 28.1458 16.25 0
    endloop
  endfacet
  facet normal 0 0 -1
    outer loop
      vertex 3.61566 2.0875 0
      vertex 28.1458 16.25 0
      vertex 3.78383 1.76443 0
    endloop
  endfacet
  facet normal 0 0 -1
    outer loop
      vertex 3.78383 1.76443 0
      vertex 28.5208 15.6614 0
      vertex 3.92322 1.42793 0
    endloop
  endfacet
  facet normal -0 0 -1
    outer loop
      vertex 28.9457 15.1077 0
      vertex 3.92322 1.42793 0
      vertex 28.5208 15.6614 0
    endloop
  endfacet
  facet normal 0 0 -1
    outer loop
      vertex 3.92322 1.42793 0
      vertex 28.9457 15.1077 0
      vertex 4.03274 1.08057 0
    endloop
  endfacet
  facet normal 0 0 -1
    outer loop
      vertex 2.68364 -3.19824 0
      vertex 4.58861 -33.9468 0
      vertex 4 -33.5718 0
    endloop
  endfacet
  facet normal -0 0 -1
    outer loop
      vertex 29.4172 14.5931 0
      vertex 4.03274 1.08057 0
      vertex 28.9457 15.1077 0
    endloop
  endfacet
  facet normal 0 0 -1
    outer loop
      vertex 4.03274 1.08057 0
      vertex 29.4172 14.5931 0
      vertex 4.11157 0.72498 0
    endloop
  endfacet
  facet normal 0 0 -1
    outer loop
      vertex 6.55322 -35.9114 0
      vertex 3.61566 -2.0875 0
      vertex 3.78383 -1.76443 0
    endloop
  endfacet
  facet normal 0 0 -1
    outer loop
      vertex 6.12836 -35.3577 0
      vertex 3.41996 -2.39468 0
      vertex 3.61566 -2.0875 0
    endloop
  endfacet
  facet normal 0 0 -1
    outer loop
      vertex 2.39468 -3.41996 0
      vertex 4 -33.5718 0
      vertex 3.38095 -33.2495 0
    endloop
  endfacet
  facet normal 0 0 -1
    outer loop
      vertex 5.65685 -34.8431 0
      vertex 3.19824 -2.68364 0
      vertex 3.41996 -2.39468 0
    endloop
  endfacet
  facet normal 0 0 -1
    outer loop
      vertex 5.1423 -34.3716 0
      vertex 2.95217 -2.95217 0
      vertex 3.19824 -2.68364 0
    endloop
  endfacet
  facet normal 0 0 -1
    outer loop
      vertex 1.76443 -3.78383 0
      vertex 3.38095 -33.2495 0
      vertex 2.73616 -32.9825 0
    endloop
  endfacet
  facet normal 0 0 -1
    outer loop
      vertex 4.58861 -33.9468 0
      vertex 2.68364 -3.19824 0
      vertex 2.95217 -2.95217 0
    endloop
  endfacet
  facet normal 0 0 -1
    outer loop
      vertex 4 -33.5718 0
      vertex 2.39468 -3.41996 0
      vertex 2.68364 -3.19824 0
    endloop
  endfacet
  facet normal 0 0 -1
    outer loop
      vertex 3.38095 -33.2495 0
      vertex 2.0875 -3.61566 0
      vertex 2.39468 -3.41996 0
    endloop
  endfacet
  facet normal 0 0 -1
    outer loop
      vertex 1.42793 -3.92322 0
      vertex 2.73616 -32.9825 0
      vertex 2.07055 -32.7726 0
    endloop
  endfacet
  facet normal 0 0 -1
    outer loop
      vertex 3.38095 -33.2495 0
      vertex 1.76443 -3.78383 0
      vertex 2.0875 -3.61566 0
    endloop
  endfacet
  facet normal 0 0 -1
    outer loop
      vertex 2.73616 -32.9825 0
      vertex 1.42793 -3.92322 0
      vertex 1.76443 -3.78383 0
    endloop
  endfacet
  facet normal 0 0 -1
    outer loop
      vertex 1.08057 -4.03274 0
      vertex 2.07055 -32.7726 0
      vertex 1.38918 -32.6215 0
    endloop
  endfacet
  facet normal 0 0 -1
    outer loop
      vertex 2.07055 -32.7726 0
      vertex 1.08057 -4.03274 0
      vertex 1.42793 -3.92322 0
    endloop
  endfacet
  facet normal 0 0 -1
    outer loop
      vertex 1.38918 -32.6215 0
      vertex 0.72498 -4.11157 0
      vertex 1.08057 -4.03274 0
    endloop
  endfacet
  facet normal 0 0 -1
    outer loop
      vertex 0.697246 -32.5304 0
      vertex 0.72498 -4.11157 0
      vertex 1.38918 -32.6215 0
    endloop
  endfacet
  facet normal 0 0 -1
    outer loop
      vertex 0.697246 -32.5304 0
      vertex 0.363874 -4.15911 0
      vertex 0.72498 -4.11157 0
    endloop
  endfacet
  facet normal 0 0 -1
    outer loop
      vertex 0 -32.5 0
      vertex 0.363874 -4.15911 0
      vertex 0.697246 -32.5304 0
    endloop
  endfacet
  facet normal 0 0 -1
    outer loop
      vertex 0 -32.5 0
      vertex 0 -4.175 0
      vertex 0.363874 -4.15911 0
    endloop
  endfacet
  facet normal 0 0 -1
    outer loop
      vertex 0 -32.5 0
      vertex -0.363874 -4.15911 0
      vertex 0 -4.175 0
    endloop
  endfacet
  facet normal 0 0 -1
    outer loop
      vertex -0.697246 -32.5304 0
      vertex -0.363874 -4.15911 0
      vertex 0 -32.5 0
    endloop
  endfacet
  facet normal 0 0 -1
    outer loop
      vertex -0.697246 -32.5304 0
      vertex -0.72498 -4.11157 0
      vertex -0.363874 -4.15911 0
    endloop
  endfacet
  facet normal 0 0 -1
    outer loop
      vertex -1.38918 -32.6215 0
      vertex -0.72498 -4.11157 0
      vertex -0.697246 -32.5304 0
    endloop
  endfacet
  facet normal -0 0 -1
    outer loop
      vertex -0.72498 -4.11157 0
      vertex -1.38918 -32.6215 0
      vertex -1.08057 -4.03274 0
    endloop
  endfacet
  facet normal 0 0 -1
    outer loop
      vertex -2.07055 -32.7726 0
      vertex -1.08057 -4.03274 0
      vertex -1.38918 -32.6215 0
    endloop
  endfacet
  facet normal -0 0 -1
    outer loop
      vertex -1.08057 -4.03274 0
      vertex -2.07055 -32.7726 0
      vertex -1.42793 -3.92322 0
    endloop
  endfacet
  facet normal 0 0 -1
    outer loop
      vertex -2.73616 -32.9825 0
      vertex -1.42793 -3.92322 0
      vertex -2.07055 -32.7726 0
    endloop
  endfacet
  facet normal -0 0 -1
    outer loop
      vertex -1.42793 -3.92322 0
      vertex -2.73616 -32.9825 0
      vertex -1.76443 -3.78383 0
    endloop
  endfacet
  facet normal 0 0 -1
    outer loop
      vertex -3.38095 -33.2495 0
      vertex -1.76443 -3.78383 0
      vertex -2.73616 -32.9825 0
    endloop
  endfacet
  facet normal -0 0 -1
    outer loop
      vertex -1.76443 -3.78383 0
      vertex -3.38095 -33.2495 0
      vertex -2.0875 -3.61566 0
    endloop
  endfacet
  facet normal -0 0 -1
    outer loop
      vertex -2.0875 -3.61566 0
      vertex -3.38095 -33.2495 0
      vertex -2.39468 -3.41996 0
    endloop
  endfacet
  facet normal 0 0 -1
    outer loop
      vertex -4 -33.5718 0
      vertex -2.39468 -3.41996 0
      vertex -3.38095 -33.2495 0
    endloop
  endfacet
  facet normal -0 0 -1
    outer loop
      vertex -2.39468 -3.41996 0
      vertex -4 -33.5718 0
      vertex -2.68364 -3.19824 0
    endloop
  endfacet
  facet normal 0 0 -1
    outer loop
      vertex -4.58861 -33.9468 0
      vertex -2.68364 -3.19824 0
      vertex -4 -33.5718 0
    endloop
  endfacet
  facet normal -0 0 -1
    outer loop
      vertex -2.68364 -3.19824 0
      vertex -4.58861 -33.9468 0
      vertex -2.95217 -2.95217 0
    endloop
  endfacet
  facet normal 0 0 -1
    outer loop
      vertex -5.1423 -34.3716 0
      vertex -2.95217 -2.95217 0
      vertex -4.58861 -33.9468 0
    endloop
  endfacet
  facet normal -0 0 -1
    outer loop
      vertex -2.95217 -2.95217 0
      vertex -5.1423 -34.3716 0
      vertex -3.19824 -2.68364 0
    endloop
  endfacet
  facet normal 0 0 -1
    outer loop
      vertex -5.65685 -34.8431 0
      vertex -3.19824 -2.68364 0
      vertex -5.1423 -34.3716 0
    endloop
  endfacet
  facet normal -0 0 -1
    outer loop
      vertex -7.51754 -37.7638 0
      vertex -23.0479 -40.8001 0
      vertex -7.25046 -37.1191 0
    endloop
  endfacet
  facet normal 0 0 -1
    outer loop
      vertex -22.8574 -41.0272 0
      vertex -7.72741 -38.4294 0
      vertex -22.7778 -41.1522 0
    endloop
  endfacet
  facet normal 0 0 -1
    outer loop
      vertex -22.9477 -40.9095 0
      vertex -7.72741 -38.4294 0
      vertex -22.8574 -41.0272 0
    endloop
  endfacet
  facet normal -0 0 -1
    outer loop
      vertex -7.72741 -38.4294 0
      vertex -22.9477 -40.9095 0
      vertex -7.51754 -37.7638 0
    endloop
  endfacet
  facet normal 0 0 -1
    outer loop
      vertex -23.0479 -40.8001 0
      vertex -7.51754 -37.7638 0
      vertex -22.9477 -40.9095 0
    endloop
  endfacet
  facet normal 0 0 -1
    outer loop
      vertex -23.1573 -40.7 0
      vertex -7.25046 -37.1191 0
      vertex -23.0479 -40.8001 0
    endloop
  endfacet
  facet normal 0 0 -1
    outer loop
      vertex -23.2749 -40.6097 0
      vertex -7.25046 -37.1191 0
      vertex -23.1573 -40.7 0
    endloop
  endfacet
  facet normal -0 0 -1
    outer loop
      vertex -7.25046 -37.1191 0
      vertex -23.2749 -40.6097 0
      vertex -6.9282 -36.5 0
    endloop
  endfacet
  facet normal 0 0 -1
    outer loop
      vertex -23.4 -40.53 0
      vertex -6.9282 -36.5 0
      vertex -23.2749 -40.6097 0
    endloop
  endfacet
  facet normal -0 0 -1
    outer loop
      vertex -7.87846 -39.1108 0
      vertex -22.7778 -41.1522 0
      vertex -7.72741 -38.4294 0
    endloop
  endfacet
  facet normal 0 0 -1
    outer loop
      vertex -22.7778 -41.1522 0
      vertex -7.87846 -39.1108 0
      vertex -22.7093 -41.2838 0
    endloop
  endfacet
  facet normal 0 0 -1
    outer loop
      vertex -22.7093 -41.2838 0
      vertex -7.87846 -39.1108 0
      vertex -22.6525 -41.4208 0
    endloop
  endfacet
  facet normal -0 0 -1
    outer loop
      vertex -7.96956 -39.8028 0
      vertex -22.6525 -41.4208 0
      vertex -7.87846 -39.1108 0
    endloop
  endfacet
  facet normal 0 0 -1
    outer loop
      vertex -22.6525 -41.4208 0
      vertex -7.96956 -39.8028 0
      vertex -22.6079 -41.5622 0
    endloop
  endfacet
  facet normal -0 0 -1
    outer loop
      vertex -8 -40.5 0
      vertex -22.6079 -41.5622 0
      vertex -7.96956 -39.8028 0
    endloop
  endfacet
  facet normal 0 0 -1
    outer loop
      vertex -22.6079 -41.5622 0
      vertex -8 -40.5 0
      vertex -22.5758 -41.707 0
    endloop
  endfacet
  facet normal 0 0 -1
    outer loop
      vertex -22.5758 -41.707 0
      vertex -8 -40.5 0
      vertex -22.5565 -41.8541 0
    endloop
  endfacet
  facet normal -0 0 -1
    outer loop
      vertex -7.96956 -41.1972 0
      vertex -22.5565 -41.8541 0
      vertex -8 -40.5 0
    endloop
  endfacet
  facet normal -0 0 -1
    outer loop
      vertex -7.87846 -41.8892 0
      vertex -17.9561 -49.3339 0
      vertex -7.96956 -41.1972 0
    endloop
  endfacet
  facet normal -0 0 -1
    outer loop
      vertex -6.9282 -36.5 0
      vertex -23.4 -40.53 0
      vertex -6.55322 -35.9114 0
    endloop
  endfacet
  facet normal 0 0 -1
    outer loop
      vertex -22.5565 -42.1504 0
      vertex -7.96956 -41.1972 0
      vertex -17.9561 -49.3339 0
    endloop
  endfacet
  facet normal 0 0 -1
    outer loop
      vertex -0.363874 4.15911 0
      vertex -22.55 42.0022 0
      vertex -4.57568 52.3002 0
    endloop
  endfacet
  facet normal 0 0 -1
    outer loop
      vertex -22.5565 -41.8541 0
      vertex -7.96956 -41.1972 0
      vertex -22.55 -42.0022 0
    endloop
  endfacet
  facet normal 0 0 -1
    outer loop
      vertex -4.57568 52.3002 0
      vertex -22.55 42.0022 0
      vertex -9.11653 51.7024 0
    endloop
  endfacet
  facet normal 0 0 -1
    outer loop
      vertex -22.7093 -42.7207 0
      vertex -17.9561 -49.3339 0
      vertex -22.1875 -47.5812 0
    endloop
  endfacet
  facet normal 0 0 -1
    outer loop
      vertex -9.11653 51.7024 0
      vertex -22.55 42.0022 0
      vertex -13.588 50.7111 0
    endloop
  endfacet
  facet normal 0 0 -1
    outer loop
      vertex -13.588 50.7111 0
      vertex -22.55 42.0022 0
      vertex -17.9561 49.3339 0
    endloop
  endfacet
  facet normal 0 0 -1
    outer loop
      vertex -7.96956 -41.1972 0
      vertex -22.5565 -42.1504 0
      vertex -22.55 -42.0022 0
    endloop
  endfacet
  facet normal 0 0 -1
    outer loop
      vertex -17.9561 -49.3339 0
      vertex -22.5758 -42.2974 0
      vertex -22.5565 -42.1504 0
    endloop
  endfacet
  facet normal 0 0 -1
    outer loop
      vertex -17.9561 -49.3339 0
      vertex -22.6079 -42.4422 0
      vertex -22.5758 -42.2974 0
    endloop
  endfacet
  facet normal 0 0 -1
    outer loop
      vertex -17.9561 -49.3339 0
      vertex -22.6525 -42.5837 0
      vertex -22.6079 -42.4422 0
    endloop
  endfacet
  facet normal 0 0 -1
    outer loop
      vertex -17.9561 -49.3339 0
      vertex -22.7093 -42.7207 0
      vertex -22.6525 -42.5837 0
    endloop
  endfacet
  facet normal 0 0 -1
    outer loop
      vertex -22.1875 -47.5812 0
      vertex -22.7778 -42.8522 0
      vertex -22.7093 -42.7207 0
    endloop
  endfacet
  facet normal 0 0 -1
    outer loop
      vertex -22.1875 -47.5812 0
      vertex -22.8574 -42.9773 0
      vertex -22.7778 -42.8522 0
    endloop
  endfacet
  facet normal 0 0 -1
    outer loop
      vertex -22.1875 -47.5812 0
      vertex -22.9477 -43.095 0
      vertex -22.8574 -42.9773 0
    endloop
  endfacet
  facet normal 0 0 -1
    outer loop
      vertex -22.1875 -47.5812 0
      vertex -23.0479 -43.2043 0
      vertex -22.9477 -43.095 0
    endloop
  endfacet
  facet normal 0 0 -1
    outer loop
      vertex -22.1875 -47.5812 0
      vertex -23.1573 -43.3045 0
      vertex -23.0479 -43.2043 0
    endloop
  endfacet
  facet normal 0 0 -1
    outer loop
      vertex -22.1875 -47.5812 0
      vertex -23.2749 -43.3948 0
      vertex -23.1573 -43.3045 0
    endloop
  endfacet
  facet normal 0 0 -1
    outer loop
      vertex -22.1875 -47.5812 0
      vertex -23.4 -43.4745 0
      vertex -23.2749 -43.3948 0
    endloop
  endfacet
  facet normal 0 0 -1
    outer loop
      vertex -22.1875 -47.5812 0
      vertex -23.5315 -43.543 0
      vertex -23.4 -43.4745 0
    endloop
  endfacet
  facet normal 0 0 -1
    outer loop
      vertex -22.1875 -47.5812 0
      vertex -23.6686 -43.5997 0
      vertex -23.5315 -43.543 0
    endloop
  endfacet
  facet normal 0 0 -1
    outer loop
      vertex -22.1875 -47.5812 0
      vertex -23.81 -43.6443 0
      vertex -23.6686 -43.5997 0
    endloop
  endfacet
  facet normal 0 0 -1
    outer loop
      vertex -22.1875 -47.5812 0
      vertex -23.9548 -43.6764 0
      vertex -23.81 -43.6443 0
    endloop
  endfacet
  facet normal 0 0 -1
    outer loop
      vertex -22.1875 -47.5812 0
      vertex -24.1018 -43.6958 0
      vertex -23.9548 -43.6764 0
    endloop
  endfacet
  facet normal 0 0 -1
    outer loop
      vertex -26.25 -45.4663 0
      vertex -24.1018 -43.6958 0
      vertex -22.1875 -47.5812 0
    endloop
  endfacet
  facet normal 0 0 -1
    outer loop
      vertex -24.1018 -43.6958 0
      vertex -26.25 -45.4663 0
      vertex -24.25 -43.7022 0
    endloop
  endfacet
  facet normal -0 0 -1
    outer loop
      vertex -24.25 -43.7022 0
      vertex -26.25 -45.4663 0
      vertex -24.3982 -43.6958 0
    endloop
  endfacet
  facet normal -0 0 -1
    outer loop
      vertex -24.3982 -43.6958 0
      vertex -26.25 -45.4663 0
      vertex -24.5452 -43.6764 0
    endloop
  endfacet
  facet normal -0 0 -1
    outer loop
      vertex -24.5452 -43.6764 0
      vertex -26.25 -45.4663 0
      vertex -24.69 -43.6443 0
    endloop
  endfacet
  facet normal -0 0 -1
    outer loop
      vertex -24.69 -43.6443 0
      vertex -26.25 -45.4663 0
      vertex -24.8314 -43.5997 0
    endloop
  endfacet
  facet normal -0 0 -1
    outer loop
      vertex -24.8314 -43.5997 0
      vertex -26.25 -45.4663 0
      vertex -24.9685 -43.543 0
    endloop
  endfacet
  facet normal -0 0 -1
    outer loop
      vertex -24.9685 -43.543 0
      vertex -26.25 -45.4663 0
      vertex -25.1 -43.4745 0
    endloop
  endfacet
  facet normal -0 0 -1
    outer loop
      vertex -25.1 -43.4745 0
      vertex -26.25 -45.4663 0
      vertex -25.2251 -43.3948 0
    endloop
  endfacet
  facet normal -0 0 -1
    outer loop
      vertex -25.2251 -43.3948 0
      vertex -26.25 -45.4663 0
      vertex -25.3427 -43.3045 0
    endloop
  endfacet
  facet normal -0 0 -1
    outer loop
      vertex -25.3427 -43.3045 0
      vertex -26.25 -45.4663 0
      vertex -25.4521 -43.2043 0
    endloop
  endfacet
  facet normal -0 0 -1
    outer loop
      vertex -25.4521 -43.2043 0
      vertex -26.25 -45.4663 0
      vertex -25.5523 -43.095 0
    endloop
  endfacet
  facet normal -0 0 -1
    outer loop
      vertex -25.95 -42.0022 0
      vertex -30.1128 -43.0055 0
      vertex -25.9435 -41.8541 0
    endloop
  endfacet
  facet normal -0 0 -1
    outer loop
      vertex -25.9242 -42.2974 0
      vertex -30.1128 -43.0055 0
      vertex -25.9435 -42.1504 0
    endloop
  endfacet
  facet normal -0 0 -1
    outer loop
      vertex -25.8921 -42.4422 0
      vertex -30.1128 -43.0055 0
      vertex -25.9242 -42.2974 0
    endloop
  endfacet
  facet normal -0 0 -1
    outer loop
      vertex -25.8475 -42.5837 0
      vertex -30.1128 -43.0055 0
      vertex -25.8921 -42.4422 0
    endloop
  endfacet
  facet normal -0 0 -1
    outer loop
      vertex -25.7907 -42.7207 0
      vertex -30.1128 -43.0055 0
      vertex -25.8475 -42.5837 0
    endloop
  endfacet
  facet normal 0 0 -1
    outer loop
      vertex -30.1128 -43.0055 0
      vertex -25.7907 -42.7207 0
      vertex -26.25 -45.4663 0
    endloop
  endfacet
  facet normal -0 0 -1
    outer loop
      vertex -25.7222 -42.8522 0
      vertex -26.25 -45.4663 0
      vertex -25.7907 -42.7207 0
    endloop
  endfacet
  facet normal -0 0 -1
    outer loop
      vertex -25.6426 -42.9773 0
      vertex -26.25 -45.4663 0
      vertex -25.7222 -42.8522 0
    endloop
  endfacet
  facet normal -0 0 -1
    outer loop
      vertex -25.5523 -43.095 0
      vertex -26.25 -45.4663 0
      vertex -25.6426 -42.9773 0
    endloop
  endfacet
  facet normal 0 0 -1
    outer loop
      vertex 3.41996 2.39468 0
      vertex 28.1458 16.25 0
      vertex 3.61566 2.0875 0
    endloop
  endfacet
  facet normal -0 0 -1
    outer loop
      vertex 28.1458 16.25 0
      vertex 3.41996 2.39468 0
      vertex 27.8236 16.8691 0
    endloop
  endfacet
  facet normal 0 0 -1
    outer loop
      vertex 3.19824 2.68364 0
      vertex 27.8236 16.8691 0
      vertex 3.41996 2.39468 0
    endloop
  endfacet
  facet normal -0 0 -1
    outer loop
      vertex 27.8236 16.8691 0
      vertex 3.19824 2.68364 0
      vertex 27.5565 17.5138 0
    endloop
  endfacet
  facet normal 0 0 -1
    outer loop
      vertex 2.95217 2.95217 0
      vertex 27.5565 17.5138 0
      vertex 3.19824 2.68364 0
    endloop
  endfacet
  facet normal -0 0 -1
    outer loop
      vertex 27.5565 17.5138 0
      vertex 2.95217 2.95217 0
      vertex 27.3466 18.1794 0
    endloop
  endfacet
  facet normal 0 0 -1
    outer loop
      vertex 2.68364 3.19824 0
      vertex 27.3466 18.1794 0
      vertex 2.95217 2.95217 0
    endloop
  endfacet
  facet normal -0 0 -1
    outer loop
      vertex 27.3466 18.1794 0
      vertex 2.68364 3.19824 0
      vertex 27.1956 18.8608 0
    endloop
  endfacet
  facet normal 0 0 -1
    outer loop
      vertex 2.39468 3.41996 0
      vertex 27.1956 18.8608 0
      vertex 2.68364 3.19824 0
    endloop
  endfacet
  facet normal 0 0 -1
    outer loop
      vertex 2.0875 3.61566 0
      vertex 27.1956 18.8608 0
      vertex 2.39468 3.41996 0
    endloop
  endfacet
  facet normal 0 0 -1
    outer loop
      vertex 1.76443 3.78383 0
      vertex 27.1956 18.8608 0
      vertex 2.0875 3.61566 0
    endloop
  endfacet
  facet normal 0 0 -1
    outer loop
      vertex 1.42793 3.92322 0
      vertex 27.1956 18.8608 0
      vertex 1.76443 3.78383 0
    endloop
  endfacet
  facet normal 0 0 -1
    outer loop
      vertex 1.08057 4.03274 0
      vertex 27.1956 18.8608 0
      vertex 1.42793 3.92322 0
    endloop
  endfacet
  facet normal 0 0 -1
    outer loop
      vertex 0.72498 4.11157 0
      vertex 27.1956 18.8608 0
      vertex 1.08057 4.03274 0
    endloop
  endfacet
  facet normal -0 0 -1
    outer loop
      vertex 27.1956 18.8608 0
      vertex 0.72498 4.11157 0
      vertex 9.11653 51.7024 0
    endloop
  endfacet
  facet normal -0 0 -1
    outer loop
      vertex 9.11653 51.7024 0
      vertex 0.72498 4.11157 0
      vertex 4.57568 52.3002 0
    endloop
  endfacet
  facet normal 0 0 -1
    outer loop
      vertex 0.363874 4.15911 0
      vertex 4.57568 52.3002 0
      vertex 0.72498 4.11157 0
    endloop
  endfacet
  facet normal 0 0 -1
    outer loop
      vertex 0 4.175 0
      vertex 4.57568 52.3002 0
      vertex 0.363874 4.15911 0
    endloop
  endfacet
  facet normal 0 0 -1
    outer loop
      vertex 0 4.175 0
      vertex 0 52.5 0
      vertex 4.57568 52.3002 0
    endloop
  endfacet
  facet normal 0 0 -1
    outer loop
      vertex -0.363874 4.15911 0
      vertex 0 52.5 0
      vertex 0 4.175 0
    endloop
  endfacet
  facet normal 0 0 -1
    outer loop
      vertex -22.55 42.0022 0
      vertex -0.363874 4.15911 0
      vertex -0.72498 4.11157 0
    endloop
  endfacet
  facet normal 0 0 -1
    outer loop
      vertex -22.55 42.0022 0
      vertex -0.72498 4.11157 0
      vertex -1.08057 4.03274 0
    endloop
  endfacet
  facet normal 0 0 -1
    outer loop
      vertex -22.55 42.0022 0
      vertex -1.08057 4.03274 0
      vertex -1.42793 3.92322 0
    endloop
  endfacet
  facet normal 0 0 -1
    outer loop
      vertex -22.55 42.0022 0
      vertex -1.42793 3.92322 0
      vertex -1.76443 3.78383 0
    endloop
  endfacet
  facet normal 0 0 -1
    outer loop
      vertex -22.55 42.0022 0
      vertex -1.76443 3.78383 0
      vertex -2.0875 3.61566 0
    endloop
  endfacet
  facet normal 0 0 -1
    outer loop
      vertex -22.55 42.0022 0
      vertex -2.0875 3.61566 0
      vertex -2.39468 3.41996 0
    endloop
  endfacet
  facet normal 0 0 -1
    outer loop
      vertex -22.55 42.0022 0
      vertex -2.39468 3.41996 0
      vertex -2.68364 3.19824 0
    endloop
  endfacet
  facet normal 0 0 -1
    outer loop
      vertex -22.55 42.0022 0
      vertex -2.68364 3.19824 0
      vertex -2.95217 2.95217 0
    endloop
  endfacet
  facet normal 0 0 -1
    outer loop
      vertex -22.55 42.0022 0
      vertex -2.95217 2.95217 0
      vertex -3.19824 2.68364 0
    endloop
  endfacet
  facet normal 0 0 -1
    outer loop
      vertex -22.55 42.0022 0
      vertex -3.19824 2.68364 0
      vertex -3.41996 2.39468 0
    endloop
  endfacet
  facet normal 0 0 -1
    outer loop
      vertex -22.55 42.0022 0
      vertex -3.41996 2.39468 0
      vertex -3.61566 2.0875 0
    endloop
  endfacet
  facet normal 0 0 -1
    outer loop
      vertex -22.55 42.0022 0
      vertex -3.61566 2.0875 0
      vertex -3.78383 1.76443 0
    endloop
  endfacet
  facet normal 0 0 -1
    outer loop
      vertex -22.55 42.0022 0
      vertex -3.78383 1.76443 0
      vertex -3.92322 1.42793 0
    endloop
  endfacet
  facet normal 0 0 -1
    outer loop
      vertex -22.55 42.0022 0
      vertex -3.92322 1.42793 0
      vertex -4.03274 1.08057 0
    endloop
  endfacet
  facet normal 0 0 -1
    outer loop
      vertex -22.55 42.0022 0
      vertex -4.03274 1.08057 0
      vertex -4.11157 0.72498 0
    endloop
  endfacet
  facet normal 0 0 -1
    outer loop
      vertex -22.55 42.0022 0
      vertex -4.11157 0.72498 0
      vertex -4.15911 0.363874 0
    endloop
  endfacet
  facet normal 0 0 -1
    outer loop
      vertex -0.363874 4.15911 0
      vertex -4.57568 52.3002 0
      vertex 0 52.5 0
    endloop
  endfacet
  facet normal 0 0 -1
    outer loop
      vertex -22.55 42.0022 0
      vertex -4.15911 0.363874 0
      vertex -4.175 0 0
    endloop
  endfacet
  facet normal 0 0 -1
    outer loop
      vertex 42.9525 21.6392 0
      vertex 47.5812 22.1875 0
      vertex 43.0436 20.9472 0
    endloop
  endfacet
  facet normal 0 0 -1
    outer loop
      vertex 42.8014 22.3206 0
      vertex 47.5812 22.1875 0
      vertex 42.9525 21.6392 0
    endloop
  endfacet
  facet normal 0 0 -1
    outer loop
      vertex 42.5916 22.9862 0
      vertex 47.5812 22.1875 0
      vertex 42.8014 22.3206 0
    endloop
  endfacet
  facet normal 0 0 -1
    outer loop
      vertex 47.5812 22.1875 0
      vertex 42.5916 22.9862 0
      vertex 45.4663 26.25 0
    endloop
  endfacet
  facet normal 0 0 -1
    outer loop
      vertex 42.3245 23.6309 0
      vertex 45.4663 26.25 0
      vertex 42.5916 22.9862 0
    endloop
  endfacet
  facet normal 0 0 -1
    outer loop
      vertex 42.0022 24.25 0
      vertex 45.4663 26.25 0
      vertex 42.3245 23.6309 0
    endloop
  endfacet
  facet normal 0 0 -1
    outer loop
      vertex 41.6272 24.8386 0
      vertex 45.4663 26.25 0
      vertex 42.0022 24.25 0
    endloop
  endfacet
  facet normal 0 0 -1
    outer loop
      vertex 41.2024 25.3923 0
      vertex 45.4663 26.25 0
      vertex 41.6272 24.8386 0
    endloop
  endfacet
  facet normal -0 0 -1
    outer loop
      vertex 45.4663 26.25 0
      vertex 41.2024 25.3923 0
      vertex 43.0055 30.1128 0
    endloop
  endfacet
  facet normal 0 0 -1
    outer loop
      vertex 40.7309 25.9069 0
      vertex 43.0055 30.1128 0
      vertex 41.2024 25.3923 0
    endloop
  endfacet
  facet normal 0 0 -1
    outer loop
      vertex 40.2163 26.3784 0
      vertex 43.0055 30.1128 0
      vertex 40.7309 25.9069 0
    endloop
  endfacet
  facet normal 0 0 -1
    outer loop
      vertex 39.6626 26.8032 0
      vertex 43.0055 30.1128 0
      vertex 40.2163 26.3784 0
    endloop
  endfacet
  facet normal 0 0 -1
    outer loop
      vertex 39.074 27.1782 0
      vertex 43.0055 30.1128 0
      vertex 39.6626 26.8032 0
    endloop
  endfacet
  facet normal 0 0 -1
    outer loop
      vertex 38.455 27.5005 0
      vertex 43.0055 30.1128 0
      vertex 39.074 27.1782 0
    endloop
  endfacet
  facet normal -0 0 -1
    outer loop
      vertex 43.0055 30.1128 0
      vertex 38.455 27.5005 0
      vertex 40.2173 33.7463 0
    endloop
  endfacet
  facet normal 0 0 -1
    outer loop
      vertex 37.8102 27.7675 0
      vertex 40.2173 33.7463 0
      vertex 38.455 27.5005 0
    endloop
  endfacet
  facet normal 0 0 -1
    outer loop
      vertex 37.1446 27.9774 0
      vertex 40.2173 33.7463 0
      vertex 37.8102 27.7675 0
    endloop
  endfacet
  facet normal 0 0 -1
    outer loop
      vertex 36.4632 28.1285 0
      vertex 40.2173 33.7463 0
      vertex 37.1446 27.9774 0
    endloop
  endfacet
  facet normal 0 0 -1
    outer loop
      vertex 35.7713 28.2196 0
      vertex 40.2173 33.7463 0
      vertex 36.4632 28.1285 0
    endloop
  endfacet
  facet normal -0 0 -1
    outer loop
      vertex 40.2173 33.7463 0
      vertex 35.7713 28.2196 0
      vertex 37.1231 37.1231 0
    endloop
  endfacet
  facet normal 0 0 -1
    outer loop
      vertex 35.074 28.25 0
      vertex 37.1231 37.1231 0
      vertex 35.7713 28.2196 0
    endloop
  endfacet
  facet normal 0 0 -1
    outer loop
      vertex 34.3768 28.2196 0
      vertex 37.1231 37.1231 0
      vertex 35.074 28.25 0
    endloop
  endfacet
  facet normal 0 0 -1
    outer loop
      vertex 33.6848 28.1285 0
      vertex 37.1231 37.1231 0
      vertex 34.3768 28.2196 0
    endloop
  endfacet
  facet normal 0 0 -1
    outer loop
      vertex 33.0035 27.9774 0
      vertex 37.1231 37.1231 0
      vertex 33.6848 28.1285 0
    endloop
  endfacet
  facet normal -0 0 -1
    outer loop
      vertex 37.1231 37.1231 0
      vertex 33.0035 27.9774 0
      vertex 33.7463 40.2173 0
    endloop
  endfacet
  facet normal 0 0 -1
    outer loop
      vertex 32.3379 27.7675 0
      vertex 33.7463 40.2173 0
      vertex 33.0035 27.9774 0
    endloop
  endfacet
  facet normal 0 0 -1
    outer loop
      vertex 31.6931 27.5005 0
      vertex 33.7463 40.2173 0
      vertex 32.3379 27.7675 0
    endloop
  endfacet
  facet normal 0 0 -1
    outer loop
      vertex 31.074 27.1782 0
      vertex 33.7463 40.2173 0
      vertex 31.6931 27.5005 0
    endloop
  endfacet
  facet normal 0 0 -1
    outer loop
      vertex 30.1128 43.0055 0
      vertex 31.074 27.1782 0
      vertex 30.4854 26.8032 0
    endloop
  endfacet
  facet normal 0 0 -1
    outer loop
      vertex 31.074 27.1782 0
      vertex 30.1128 43.0055 0
      vertex 33.7463 40.2173 0
    endloop
  endfacet
  facet normal 0 0 -1
    outer loop
      vertex 29.9317 26.3784 0
      vertex 30.1128 43.0055 0
      vertex 30.4854 26.8032 0
    endloop
  endfacet
  facet normal 0 0 -1
    outer loop
      vertex 26.25 45.4663 0
      vertex 29.9317 26.3784 0
      vertex 29.4172 25.9069 0
    endloop
  endfacet
  facet normal 0 0 -1
    outer loop
      vertex 26.25 45.4663 0
      vertex 29.4172 25.9069 0
      vertex 28.9457 25.3923 0
    endloop
  endfacet
  facet normal 0 0 -1
    outer loop
      vertex 22.1875 47.5812 0
      vertex 28.9457 25.3923 0
      vertex 28.5208 24.8386 0
    endloop
  endfacet
  facet normal 0 0 -1
    outer loop
      vertex 22.1875 47.5812 0
      vertex 28.5208 24.8386 0
      vertex 28.1458 24.25 0
    endloop
  endfacet
  facet normal 0 0 -1
    outer loop
      vertex 17.9561 49.3339 0
      vertex 28.1458 24.25 0
      vertex 27.8236 23.6309 0
    endloop
  endfacet
  facet normal 0 0 -1
    outer loop
      vertex 13.588 50.7111 0
      vertex 27.8236 23.6309 0
      vertex 27.5565 22.9862 0
    endloop
  endfacet
  facet normal 0 0 -1
    outer loop
      vertex 9.11653 51.7024 0
      vertex 27.5565 22.9862 0
      vertex 27.3466 22.3206 0
    endloop
  endfacet
  facet normal 0 0 -1
    outer loop
      vertex 9.11653 51.7024 0
      vertex 27.3466 22.3206 0
      vertex 27.1956 21.6392 0
    endloop
  endfacet
  facet normal 0 0 -1
    outer loop
      vertex 29.9317 26.3784 0
      vertex 26.25 45.4663 0
      vertex 30.1128 43.0055 0
    endloop
  endfacet
  facet normal 0 0 -1
    outer loop
      vertex 9.11653 51.7024 0
      vertex 27.1956 21.6392 0
      vertex 27.1045 20.9472 0
    endloop
  endfacet
  facet normal 0 0 -1
    outer loop
      vertex 9.11653 51.7024 0
      vertex 27.1045 20.9472 0
      vertex 27.074 20.25 0
    endloop
  endfacet
  facet normal 0 0 -1
    outer loop
      vertex 27.1956 18.8608 0
      vertex 9.11653 51.7024 0
      vertex 27.1045 19.5528 0
    endloop
  endfacet
  facet normal 0 0 -1
    outer loop
      vertex 7.96956 -39.8028 0
      vertex 22.1875 -47.5812 0
      vertex 8 -40.5 0
    endloop
  endfacet
  facet normal 0 0 -1
    outer loop
      vertex 27.1045 19.5528 0
      vertex 9.11653 51.7024 0
      vertex 27.074 20.25 0
    endloop
  endfacet
  facet normal 0 0 -1
    outer loop
      vertex 8 -40.5 0
      vertex 22.1875 -47.5812 0
      vertex 17.9561 -49.3339 0
    endloop
  endfacet
  facet normal 0 0 -1
    outer loop
      vertex 28.9457 25.3923 0
      vertex 22.1875 47.5812 0
      vertex 26.25 45.4663 0
    endloop
  endfacet
  facet normal 0 0 -1
    outer loop
      vertex 7.72741 -42.5706 0
      vertex 17.9561 -49.3339 0
      vertex 13.588 -50.7111 0
    endloop
  endfacet
  facet normal 0 0 -1
    outer loop
      vertex 28.1458 24.25 0
      vertex 17.9561 49.3339 0
      vertex 22.1875 47.5812 0
    endloop
  endfacet
  facet normal 0 0 -1
    outer loop
      vertex 6.55322 -45.0886 0
      vertex 13.588 -50.7111 0
      vertex 9.11653 -51.7024 0
    endloop
  endfacet
  facet normal 0 0 -1
    outer loop
      vertex 27.8236 23.6309 0
      vertex 13.588 50.7111 0
      vertex 17.9561 49.3339 0
    endloop
  endfacet
  facet normal 0 0 -1
    outer loop
      vertex 27.5565 22.9862 0
      vertex 9.11653 51.7024 0
      vertex 13.588 50.7111 0
    endloop
  endfacet
  facet normal 0 0 -1
    outer loop
      vertex 17.9561 -49.3339 0
      vertex 7.96956 -41.1972 0
      vertex 8 -40.5 0
    endloop
  endfacet
  facet normal 0 0 -1
    outer loop
      vertex 17.9561 -49.3339 0
      vertex 7.87846 -41.8892 0
      vertex 7.96956 -41.1972 0
    endloop
  endfacet
  facet normal 0 0 -1
    outer loop
      vertex 17.9561 -49.3339 0
      vertex 7.72741 -42.5706 0
      vertex 7.87846 -41.8892 0
    endloop
  endfacet
  facet normal 0 0 -1
    outer loop
      vertex 13.588 -50.7111 0
      vertex 7.51754 -43.2362 0
      vertex 7.72741 -42.5706 0
    endloop
  endfacet
  facet normal 0 0 -1
    outer loop
      vertex 13.588 -50.7111 0
      vertex 7.25046 -43.8809 0
      vertex 7.51754 -43.2362 0
    endloop
  endfacet
  facet normal 0 0 -1
    outer loop
      vertex 13.588 -50.7111 0
      vertex 6.9282 -44.5 0
      vertex 7.25046 -43.8809 0
    endloop
  endfacet
  facet normal 0 0 -1
    outer loop
      vertex 13.588 -50.7111 0
      vertex 6.55322 -45.0886 0
      vertex 6.9282 -44.5 0
    endloop
  endfacet
  facet normal 0 0 -1
    outer loop
      vertex 9.11653 -51.7024 0
      vertex 6.12836 -45.6423 0
      vertex 6.55322 -45.0886 0
    endloop
  endfacet
  facet normal 0 0 -1
    outer loop
      vertex 9.11653 -51.7024 0
      vertex 5.65685 -46.1569 0
      vertex 6.12836 -45.6423 0
    endloop
  endfacet
  facet normal 0 0 -1
    outer loop
      vertex 9.11653 -51.7024 0
      vertex 5.1423 -46.6284 0
      vertex 5.65685 -46.1569 0
    endloop
  endfacet
  facet normal 0 0 -1
    outer loop
      vertex 9.11653 -51.7024 0
      vertex 4.58861 -47.0532 0
      vertex 5.1423 -46.6284 0
    endloop
  endfacet
  facet normal 0 0 -1
    outer loop
      vertex 4.57568 -52.3002 0
      vertex 4.58861 -47.0532 0
      vertex 9.11653 -51.7024 0
    endloop
  endfacet
  facet normal 0 0 -1
    outer loop
      vertex 4.57568 -52.3002 0
      vertex 4 -47.4282 0
      vertex 4.58861 -47.0532 0
    endloop
  endfacet
  facet normal 0 0 -1
    outer loop
      vertex 4.57568 -52.3002 0
      vertex 3.38095 -47.7505 0
      vertex 4 -47.4282 0
    endloop
  endfacet
  facet normal 0 0 -1
    outer loop
      vertex 4.57568 -52.3002 0
      vertex 2.73616 -48.0175 0
      vertex 3.38095 -47.7505 0
    endloop
  endfacet
  facet normal 0 0 -1
    outer loop
      vertex 4.57568 -52.3002 0
      vertex 2.07055 -48.2274 0
      vertex 2.73616 -48.0175 0
    endloop
  endfacet
  facet normal 0 0 -1
    outer loop
      vertex 4.57568 -52.3002 0
      vertex 1.38918 -48.3785 0
      vertex 2.07055 -48.2274 0
    endloop
  endfacet
  facet normal 0 0 -1
    outer loop
      vertex 0 -52.5 0
      vertex 1.38918 -48.3785 0
      vertex 4.57568 -52.3002 0
    endloop
  endfacet
  facet normal 0 0 -1
    outer loop
      vertex 1.38918 -48.3785 0
      vertex 0 -52.5 0
      vertex 0.697246 -48.4696 0
    endloop
  endfacet
  facet normal 0 0 -1
    outer loop
      vertex 0 -52.5 0
      vertex 0 -48.5 0
      vertex 0.697246 -48.4696 0
    endloop
  endfacet
  facet normal 0 0 -1
    outer loop
      vertex 0 -52.5 0
      vertex -0.697246 -48.4696 0
      vertex 0 -48.5 0
    endloop
  endfacet
  facet normal 0 0 -1
    outer loop
      vertex 0 -52.5 0
      vertex -1.38918 -48.3785 0
      vertex -0.697246 -48.4696 0
    endloop
  endfacet
  facet normal 0 0 -1
    outer loop
      vertex -4.57568 -52.3002 0
      vertex -1.38918 -48.3785 0
      vertex 0 -52.5 0
    endloop
  endfacet
  facet normal -0 0 -1
    outer loop
      vertex -1.38918 -48.3785 0
      vertex -4.57568 -52.3002 0
      vertex -2.07055 -48.2274 0
    endloop
  endfacet
  facet normal -0 0 -1
    outer loop
      vertex -2.07055 -48.2274 0
      vertex -4.57568 -52.3002 0
      vertex -2.73616 -48.0175 0
    endloop
  endfacet
  facet normal -0 0 -1
    outer loop
      vertex -2.73616 -48.0175 0
      vertex -4.57568 -52.3002 0
      vertex -3.38095 -47.7505 0
    endloop
  endfacet
  facet normal -0 0 -1
    outer loop
      vertex -3.38095 -47.7505 0
      vertex -4.57568 -52.3002 0
      vertex -4 -47.4282 0
    endloop
  endfacet
  facet normal 0 0 -1
    outer loop
      vertex -4.57568 -52.3002 0
      vertex -4.58861 -47.0532 0
      vertex -4 -47.4282 0
    endloop
  endfacet
  facet normal 0 0 -1
    outer loop
      vertex -9.11653 -51.7024 0
      vertex -4.58861 -47.0532 0
      vertex -4.57568 -52.3002 0
    endloop
  endfacet
  facet normal -0 0 -1
    outer loop
      vertex -4.58861 -47.0532 0
      vertex -9.11653 -51.7024 0
      vertex -5.1423 -46.6284 0
    endloop
  endfacet
  facet normal -0 0 -1
    outer loop
      vertex -5.1423 -46.6284 0
      vertex -9.11653 -51.7024 0
      vertex -5.65685 -46.1569 0
    endloop
  endfacet
  facet normal -0 0 -1
    outer loop
      vertex -5.65685 -46.1569 0
      vertex -9.11653 -51.7024 0
      vertex -6.12836 -45.6423 0
    endloop
  endfacet
  facet normal -0 0 -1
    outer loop
      vertex -6.12836 -45.6423 0
      vertex -9.11653 -51.7024 0
      vertex -6.55322 -45.0886 0
    endloop
  endfacet
  facet normal 0 0 -1
    outer loop
      vertex -13.588 -50.7111 0
      vertex -6.55322 -45.0886 0
      vertex -9.11653 -51.7024 0
    endloop
  endfacet
  facet normal -0 0 -1
    outer loop
      vertex -6.55322 -45.0886 0
      vertex -13.588 -50.7111 0
      vertex -6.9282 -44.5 0
    endloop
  endfacet
  facet normal -0 0 -1
    outer loop
      vertex -7.72741 -42.5706 0
      vertex -17.9561 -49.3339 0
      vertex -7.87846 -41.8892 0
    endloop
  endfacet
  facet normal 0 0 -1
    outer loop
      vertex -17.9561 -49.3339 0
      vertex -7.72741 -42.5706 0
      vertex -13.588 -50.7111 0
    endloop
  endfacet
  facet normal -0 0 -1
    outer loop
      vertex -7.51754 -43.2362 0
      vertex -13.588 -50.7111 0
      vertex -7.72741 -42.5706 0
    endloop
  endfacet
  facet normal -0 0 -1
    outer loop
      vertex -7.25046 -43.8809 0
      vertex -13.588 -50.7111 0
      vertex -7.51754 -43.2362 0
    endloop
  endfacet
  facet normal -0 0 -1
    outer loop
      vertex -6.9282 -44.5 0
      vertex -13.588 -50.7111 0
      vertex -7.25046 -43.8809 0
    endloop
  endfacet
  facet normal 0 0 -1
    outer loop
      vertex 49.8926 -0.97508 0
      vertex 52.5 0 0
      vertex 52.3002 -4.57568 0
    endloop
  endfacet
  facet normal 0 0 -1
    outer loop
      vertex 48.3518 -1.69353 0
      vertex 52.3002 -4.57568 0
      vertex 51.7024 -9.11653 0
    endloop
  endfacet
  facet normal 0 0 -1
    outer loop
      vertex 52.5 0 0
      vertex 50.1742 -0.295201 0
      vertex 50.1935 -0.148165 0
    endloop
  endfacet
  facet normal 0 0 -1
    outer loop
      vertex 47.5249 -1.39256 0
      vertex 51.7024 -9.11653 0
      vertex 50.7111 -13.588 0
    endloop
  endfacet
  facet normal 0 0 -1
    outer loop
      vertex 50.1935 0.148165 0
      vertex 52.5 0 0
      vertex 50.2 0 0
    endloop
  endfacet
  facet normal 0 0 -1
    outer loop
      vertex 50.1421 0.439992 0
      vertex 52.5 0 0
      vertex 50.1742 0.295201 0
    endloop
  endfacet
  facet normal 0 0 -1
    outer loop
      vertex 50.1742 0.295201 0
      vertex 52.5 0 0
      vertex 50.1935 0.148165 0
    endloop
  endfacet
  facet normal -0 0 -1
    outer loop
      vertex 52.5 0 0
      vertex 50.1935 -0.148165 0
      vertex 50.2 0 0
    endloop
  endfacet
  facet normal 0 0 -1
    outer loop
      vertex 52.5 0 0
      vertex 50.1421 -0.439992 0
      vertex 50.1742 -0.295201 0
    endloop
  endfacet
  facet normal 0 0 -1
    outer loop
      vertex 52.5 0 0
      vertex 50.0975 -0.581433 0
      vertex 50.1421 -0.439992 0
    endloop
  endfacet
  facet normal 0 0 -1
    outer loop
      vertex 52.5 0 0
      vertex 50.0407 -0.718451 0
      vertex 50.0975 -0.581433 0
    endloop
  endfacet
  facet normal 0 0 -1
    outer loop
      vertex 52.5 0 0
      vertex 49.9722 -0.849999 0
      vertex 50.0407 -0.718451 0
    endloop
  endfacet
  facet normal 0 0 -1
    outer loop
      vertex 52.5 0 0
      vertex 49.8926 -0.97508 0
      vertex 49.9722 -0.849999 0
    endloop
  endfacet
  facet normal 0 0 -1
    outer loop
      vertex 52.3002 -4.57568 0
      vertex 49.8023 -1.09274 0
      vertex 49.8926 -0.97508 0
    endloop
  endfacet
  facet normal 0 0 -1
    outer loop
      vertex 52.3002 -4.57568 0
      vertex 49.7021 -1.20208 0
      vertex 49.8023 -1.09274 0
    endloop
  endfacet
  facet normal 0 0 -1
    outer loop
      vertex 52.3002 -4.57568 0
      vertex 49.5927 -1.30227 0
      vertex 49.7021 -1.20208 0
    endloop
  endfacet
  facet normal 0 0 -1
    outer loop
      vertex 52.3002 -4.57568 0
      vertex 49.4751 -1.39256 0
      vertex 49.5927 -1.30227 0
    endloop
  endfacet
  facet normal 0 0 -1
    outer loop
      vertex 52.3002 -4.57568 0
      vertex 49.35 -1.47224 0
      vertex 49.4751 -1.39256 0
    endloop
  endfacet
  facet normal 0 0 -1
    outer loop
      vertex 47.1977 -1.09274 0
      vertex 50.7111 -13.588 0
      vertex 49.3339 -17.9561 0
    endloop
  endfacet
  facet normal 0 0 -1
    outer loop
      vertex 52.3002 -4.57568 0
      vertex 49.2185 -1.54072 0
      vertex 49.35 -1.47224 0
    endloop
  endfacet
  facet normal 0 0 -1
    outer loop
      vertex 52.3002 -4.57568 0
      vertex 49.0814 -1.59748 0
      vertex 49.2185 -1.54072 0
    endloop
  endfacet
  facet normal 0 0 -1
    outer loop
      vertex 52.3002 -4.57568 0
      vertex 48.94 -1.64207 0
      vertex 49.0814 -1.59748 0
    endloop
  endfacet
  facet normal 0 0 -1
    outer loop
      vertex 52.3002 -4.57568 0
      vertex 48.7952 -1.67417 0
      vertex 48.94 -1.64207 0
    endloop
  endfacet
  facet normal 0 0 -1
    outer loop
      vertex 52.3002 -4.57568 0
      vertex 48.6482 -1.69353 0
      vertex 48.7952 -1.67417 0
    endloop
  endfacet
  facet normal 0 0 -1
    outer loop
      vertex 52.3002 -4.57568 0
      vertex 48.5 -1.7 0
      vertex 48.6482 -1.69353 0
    endloop
  endfacet
  facet normal 0 0 -1
    outer loop
      vertex 52.3002 -4.57568 0
      vertex 48.3518 -1.69353 0
      vertex 48.5 -1.7 0
    endloop
  endfacet
  facet normal 0 0 -1
    outer loop
      vertex 51.7024 -9.11653 0
      vertex 48.2048 -1.67417 0
      vertex 48.3518 -1.69353 0
    endloop
  endfacet
  facet normal 0 0 -1
    outer loop
      vertex 51.7024 -9.11653 0
      vertex 48.06 -1.64207 0
      vertex 48.2048 -1.67417 0
    endloop
  endfacet
  facet normal 0 0 -1
    outer loop
      vertex 51.7024 -9.11653 0
      vertex 47.9186 -1.59748 0
      vertex 48.06 -1.64207 0
    endloop
  endfacet
  facet normal 0 0 -1
    outer loop
      vertex 51.7024 -9.11653 0
      vertex 47.7815 -1.54072 0
      vertex 47.9186 -1.59748 0
    endloop
  endfacet
  facet normal 0 0 -1
    outer loop
      vertex 51.7024 -9.11653 0
      vertex 47.65 -1.47224 0
      vertex 47.7815 -1.54072 0
    endloop
  endfacet
  facet normal 0 0 -1
    outer loop
      vertex 47.0278 -0.849999 0
      vertex 49.3339 -17.9561 0
      vertex 47.5812 -22.1875 0
    endloop
  endfacet
  facet normal 0 0 -1
    outer loop
      vertex 51.7024 -9.11653 0
      vertex 47.5249 -1.39256 0
      vertex 47.65 -1.47224 0
    endloop
  endfacet
  facet normal 0 0 -1
    outer loop
      vertex 50.7111 -13.588 0
      vertex 47.4073 -1.30227 0
      vertex 47.5249 -1.39256 0
    endloop
  endfacet
  facet normal 0 0 -1
    outer loop
      vertex 50.7111 -13.588 0
      vertex 47.2979 -1.20208 0
      vertex 47.4073 -1.30227 0
    endloop
  endfacet
  facet normal 0 0 -1
    outer loop
      vertex 50.7111 -13.588 0
      vertex 47.1977 -1.09274 0
      vertex 47.2979 -1.20208 0
    endloop
  endfacet
  facet normal 0 0 -1
    outer loop
      vertex 49.3339 -17.9561 0
      vertex 47.1074 -0.97508 0
      vertex 47.1977 -1.09274 0
    endloop
  endfacet
  facet normal 0 0 -1
    outer loop
      vertex 49.3339 -17.9561 0
      vertex 47.0278 -0.849999 0
      vertex 47.1074 -0.97508 0
    endloop
  endfacet
  facet normal 0 0 -1
    outer loop
      vertex 47.5812 -22.1875 0
      vertex 46.9593 -0.718451 0
      vertex 47.0278 -0.849999 0
    endloop
  endfacet
  facet normal 0 0 -1
    outer loop
      vertex 3.78383 -1.76443 0
      vertex 47.5812 -22.1875 0
      vertex 45.4663 -26.25 0
    endloop
  endfacet
  facet normal 0 0 -1
    outer loop
      vertex 47.5812 -22.1875 0
      vertex 3.78383 -1.76443 0
      vertex 46.9593 -0.718451 0
    endloop
  endfacet
  facet normal 0 0 -1
    outer loop
      vertex 46.9593 -0.718451 0
      vertex 32.3379 12.7325 0
      vertex 46.9025 -0.581433 0
    endloop
  endfacet
  facet normal -0 -0 -1
    outer loop
      vertex 33.0035 12.5226 0
      vertex 46.9025 -0.581433 0
      vertex 32.3379 12.7325 0
    endloop
  endfacet
  facet normal 0 0 -1
    outer loop
      vertex 46.9025 -0.581433 0
      vertex 33.0035 12.5226 0
      vertex 46.8579 -0.439992 0
    endloop
  endfacet
  facet normal -0 -0 -1
    outer loop
      vertex 33.6848 12.3715 0
      vertex 46.8579 -0.439992 0
      vertex 33.0035 12.5226 0
    endloop
  endfacet
  facet normal 0 0 -1
    outer loop
      vertex 50.0975 0.581433 0
      vertex 52.5 0 0
      vertex 50.1421 0.439992 0
    endloop
  endfacet
  facet normal 0 0 -1
    outer loop
      vertex 50.0407 0.718451 0
      vertex 52.5 0 0
      vertex 50.0975 0.581433 0
    endloop
  endfacet
  facet normal 0 0 -1
    outer loop
      vertex 49.9722 0.849999 0
      vertex 52.5 0 0
      vertex 50.0407 0.718451 0
    endloop
  endfacet
  facet normal 0 0 -1
    outer loop
      vertex 49.8926 0.97508 0
      vertex 52.5 0 0
      vertex 49.9722 0.849999 0
    endloop
  endfacet
  facet normal 0 0 -1
    outer loop
      vertex 52.5 0 0
      vertex 49.8926 0.97508 0
      vertex 52.3002 4.57568 0
    endloop
  endfacet
  facet normal 0 0 -1
    outer loop
      vertex 49.8023 1.09274 0
      vertex 52.3002 4.57568 0
      vertex 49.8926 0.97508 0
    endloop
  endfacet
  facet normal 0 0 -1
    outer loop
      vertex 49.7021 1.20208 0
      vertex 52.3002 4.57568 0
      vertex 49.8023 1.09274 0
    endloop
  endfacet
  facet normal 0 0 -1
    outer loop
      vertex 49.5927 1.30227 0
      vertex 52.3002 4.57568 0
      vertex 49.7021 1.20208 0
    endloop
  endfacet
  facet normal 0 0 -1
    outer loop
      vertex 49.4751 1.39256 0
      vertex 52.3002 4.57568 0
      vertex 49.5927 1.30227 0
    endloop
  endfacet
  facet normal 0 0 -1
    outer loop
      vertex 49.35 1.47224 0
      vertex 52.3002 4.57568 0
      vertex 49.4751 1.39256 0
    endloop
  endfacet
  facet normal 0 0 -1
    outer loop
      vertex 49.2185 1.54072 0
      vertex 52.3002 4.57568 0
      vertex 49.35 1.47224 0
    endloop
  endfacet
  facet normal 0 0 -1
    outer loop
      vertex 49.0814 1.59748 0
      vertex 52.3002 4.57568 0
      vertex 49.2185 1.54072 0
    endloop
  endfacet
  facet normal 0 0 -1
    outer loop
      vertex 48.94 1.64207 0
      vertex 52.3002 4.57568 0
      vertex 49.0814 1.59748 0
    endloop
  endfacet
  facet normal 0 0 -1
    outer loop
      vertex 48.7952 1.67417 0
      vertex 52.3002 4.57568 0
      vertex 48.94 1.64207 0
    endloop
  endfacet
  facet normal 0 0 -1
    outer loop
      vertex 48.6482 1.69353 0
      vertex 52.3002 4.57568 0
      vertex 48.7952 1.67417 0
    endloop
  endfacet
  facet normal 0 0 -1
    outer loop
      vertex 48.5 1.7 0
      vertex 52.3002 4.57568 0
      vertex 48.6482 1.69353 0
    endloop
  endfacet
  facet normal 0 0 -1
    outer loop
      vertex 48.3518 1.69353 0
      vertex 52.3002 4.57568 0
      vertex 48.5 1.7 0
    endloop
  endfacet
  facet normal -0 0 -1
    outer loop
      vertex 52.3002 4.57568 0
      vertex 48.3518 1.69353 0
      vertex 51.7024 9.11653 0
    endloop
  endfacet
  facet normal 0 0 -1
    outer loop
      vertex 48.2048 1.67417 0
      vertex 51.7024 9.11653 0
      vertex 48.3518 1.69353 0
    endloop
  endfacet
  facet normal 0 0 -1
    outer loop
      vertex 48.06 1.64207 0
      vertex 51.7024 9.11653 0
      vertex 48.2048 1.67417 0
    endloop
  endfacet
  facet normal 0 0 -1
    outer loop
      vertex 47.9186 1.59748 0
      vertex 51.7024 9.11653 0
      vertex 48.06 1.64207 0
    endloop
  endfacet
  facet normal 0 0 -1
    outer loop
      vertex 47.7815 1.54072 0
      vertex 51.7024 9.11653 0
      vertex 47.9186 1.59748 0
    endloop
  endfacet
  facet normal 0 -0 -1
    outer loop
      vertex 40.7309 14.5931 0
      vertex 51.7024 9.11653 0
      vertex 40.2163 14.1216 0
    endloop
  endfacet
  facet normal -0 0 -1
    outer loop
      vertex 51.7024 9.11653 0
      vertex 47.7815 1.54072 0
      vertex 40.2163 14.1216 0
    endloop
  endfacet
  facet normal 0 0 -1
    outer loop
      vertex 39.6626 13.6968 0
      vertex 47.7815 1.54072 0
      vertex 47.65 1.47224 0
    endloop
  endfacet
  facet normal 0 -0 -1
    outer loop
      vertex 41.6272 15.6614 0
      vertex 50.7111 13.588 0
      vertex 41.2024 15.1077 0
    endloop
  endfacet
  facet normal 0 0 -1
    outer loop
      vertex 39.6626 13.6968 0
      vertex 47.65 1.47224 0
      vertex 47.5249 1.39256 0
    endloop
  endfacet
  facet normal 0 0 -1
    outer loop
      vertex 39.074 13.3218 0
      vertex 47.5249 1.39256 0
      vertex 47.4073 1.30227 0
    endloop
  endfacet
  facet normal 0 0 -1
    outer loop
      vertex 39.074 13.3218 0
      vertex 47.4073 1.30227 0
      vertex 47.2979 1.20208 0
    endloop
  endfacet
  facet normal 0 0 -1
    outer loop
      vertex 38.455 12.9995 0
      vertex 47.2979 1.20208 0
      vertex 47.1977 1.09274 0
    endloop
  endfacet
  facet normal 0 0 -1
    outer loop
      vertex 38.455 12.9995 0
      vertex 47.1977 1.09274 0
      vertex 47.1074 0.97508 0
    endloop
  endfacet
  facet normal 0 0 -1
    outer loop
      vertex 37.8102 12.7325 0
      vertex 47.1074 0.97508 0
      vertex 47.0278 0.849999 0
    endloop
  endfacet
  facet normal 0 0 -1
    outer loop
      vertex 37.1446 12.5226 0
      vertex 47.0278 0.849999 0
      vertex 46.9593 0.718451 0
    endloop
  endfacet
  facet normal 0 0 -1
    outer loop
      vertex 37.1446 12.5226 0
      vertex 46.9593 0.718451 0
      vertex 46.9025 0.581433 0
    endloop
  endfacet
  facet normal 0 0 -1
    outer loop
      vertex 36.4632 12.3715 0
      vertex 46.9025 0.581433 0
      vertex 46.8579 0.439992 0
    endloop
  endfacet
  facet normal 0 0 -1
    outer loop
      vertex 35.7713 12.2804 0
      vertex 46.8579 0.439992 0
      vertex 46.8258 0.295201 0
    endloop
  endfacet
  facet normal 0 0 -1
    outer loop
      vertex 35.7713 12.2804 0
      vertex 46.8258 0.295201 0
      vertex 46.8065 0.148165 0
    endloop
  endfacet
  facet normal 0 0 -1
    outer loop
      vertex 35.074 12.25 0
      vertex 46.8065 0.148165 0
      vertex 46.8 0 0
    endloop
  endfacet
  facet normal 0 0 -1
    outer loop
      vertex 46.8579 -0.439992 0
      vertex 33.6848 12.3715 0
      vertex 46.8258 -0.295201 0
    endloop
  endfacet
  facet normal 0 -0 -1
    outer loop
      vertex 42.3245 16.8691 0
      vertex 50.7111 13.588 0
      vertex 42.0022 16.25 0
    endloop
  endfacet
  facet normal 0 -0 -1
    outer loop
      vertex 43.0436 19.5528 0
      vertex 49.3339 17.9561 0
      vertex 42.9525 18.8608 0
    endloop
  endfacet
  facet normal 0 0 -1
    outer loop
      vertex 43.0436 20.9472 0
      vertex 47.5812 22.1875 0
      vertex 43.074 20.25 0
    endloop
  endfacet
  facet normal 0 0 -1
    outer loop
      vertex 37.1231 -37.1231 0
      vertex 6.55322 -35.9114 0
      vertex 40.2173 -33.7463 0
    endloop
  endfacet
  facet normal 0 -0 -1
    outer loop
      vertex 43.074 20.25 0
      vertex 47.5812 22.1875 0
      vertex 43.0436 19.5528 0
    endloop
  endfacet
  facet normal 0 0 -1
    outer loop
      vertex 49.3339 17.9561 0
      vertex 43.0436 19.5528 0
      vertex 47.5812 22.1875 0
    endloop
  endfacet
  facet normal 0 -0 -1
    outer loop
      vertex 42.9525 18.8608 0
      vertex 49.3339 17.9561 0
      vertex 42.8014 18.1794 0
    endloop
  endfacet
  facet normal 0 -0 -1
    outer loop
      vertex 42.8014 18.1794 0
      vertex 49.3339 17.9561 0
      vertex 42.5916 17.5138 0
    endloop
  endfacet
  facet normal 0 -0 -1
    outer loop
      vertex 42.5916 17.5138 0
      vertex 49.3339 17.9561 0
      vertex 42.3245 16.8691 0
    endloop
  endfacet
  facet normal 0 0 -1
    outer loop
      vertex 50.7111 13.588 0
      vertex 42.3245 16.8691 0
      vertex 49.3339 17.9561 0
    endloop
  endfacet
  facet normal 0 -0 -1
    outer loop
      vertex 42.0022 16.25 0
      vertex 50.7111 13.588 0
      vertex 41.6272 15.6614 0
    endloop
  endfacet
  facet normal 0 0 -1
    outer loop
      vertex 50.7111 13.588 0
      vertex 40.7309 14.5931 0
      vertex 41.2024 15.1077 0
    endloop
  endfacet
  facet normal 0 0 -1
    outer loop
      vertex 26.25 -45.4663 0
      vertex 7.51754 -37.7638 0
      vertex 30.1128 -43.0055 0
    endloop
  endfacet
  facet normal 0 0 -1
    outer loop
      vertex 51.7024 9.11653 0
      vertex 40.7309 14.5931 0
      vertex 50.7111 13.588 0
    endloop
  endfacet
  facet normal 0 0 -1
    outer loop
      vertex 47.7815 1.54072 0
      vertex 39.6626 13.6968 0
      vertex 40.2163 14.1216 0
    endloop
  endfacet
  facet normal 0 0 -1
    outer loop
      vertex 47.5249 1.39256 0
      vertex 39.074 13.3218 0
      vertex 39.6626 13.6968 0
    endloop
  endfacet
  facet normal 0 0 -1
    outer loop
      vertex 47.2979 1.20208 0
      vertex 38.455 12.9995 0
      vertex 39.074 13.3218 0
    endloop
  endfacet
  facet normal 0 0 -1
    outer loop
      vertex 47.1074 0.97508 0
      vertex 37.8102 12.7325 0
      vertex 38.455 12.9995 0
    endloop
  endfacet
  facet normal 0 0 -1
    outer loop
      vertex 47.0278 0.849999 0
      vertex 37.1446 12.5226 0
      vertex 37.8102 12.7325 0
    endloop
  endfacet
  facet normal 0 0 -1
    outer loop
      vertex 7.51754 -37.7638 0
      vertex 26.25 -45.4663 0
      vertex 7.72741 -38.4294 0
    endloop
  endfacet
  facet normal 0 0 -1
    outer loop
      vertex 46.9025 0.581433 0
      vertex 36.4632 12.3715 0
      vertex 37.1446 12.5226 0
    endloop
  endfacet
  facet normal 0 0 -1
    outer loop
      vertex 46.8579 0.439992 0
      vertex 35.7713 12.2804 0
      vertex 36.4632 12.3715 0
    endloop
  endfacet
  facet normal 0 0 -1
    outer loop
      vertex 46.8065 0.148165 0
      vertex 35.074 12.25 0
      vertex 35.7713 12.2804 0
    endloop
  endfacet
  facet normal 0 0 -1
    outer loop
      vertex 46.8 0 0
      vertex 34.3768 12.2804 0
      vertex 35.074 12.25 0
    endloop
  endfacet
  facet normal 0 0 -1
    outer loop
      vertex 7.72741 -38.4294 0
      vertex 26.25 -45.4663 0
      vertex 7.87846 -39.1108 0
    endloop
  endfacet
  facet normal 0 0 -1
    outer loop
      vertex 46.8065 -0.148165 0
      vertex 34.3768 12.2804 0
      vertex 46.8 0 0
    endloop
  endfacet
  facet normal 0 0 -1
    outer loop
      vertex 46.8258 -0.295201 0
      vertex 34.3768 12.2804 0
      vertex 46.8065 -0.148165 0
    endloop
  endfacet
  facet normal -0 -0 -1
    outer loop
      vertex 34.3768 12.2804 0
      vertex 46.8258 -0.295201 0
      vertex 33.6848 12.3715 0
    endloop
  endfacet
  facet normal 0 -0 -1
    outer loop
      vertex 3.92322 -1.42793 0
      vertex 46.9593 -0.718451 0
      vertex 3.78383 -1.76443 0
    endloop
  endfacet
  facet normal 0 0 -1
    outer loop
      vertex 7.25046 -37.1191 0
      vertex 30.1128 -43.0055 0
      vertex 7.51754 -37.7638 0
    endloop
  endfacet
  facet normal 0 0 -1
    outer loop
      vertex 6.9282 -36.5 0
      vertex 30.1128 -43.0055 0
      vertex 7.25046 -37.1191 0
    endloop
  endfacet
  facet normal 0 0 -1
    outer loop
      vertex 22.1875 -47.5812 0
      vertex 7.87846 -39.1108 0
      vertex 26.25 -45.4663 0
    endloop
  endfacet
  facet normal 0 0 -1
    outer loop
      vertex 7.87846 -39.1108 0
      vertex 22.1875 -47.5812 0
      vertex 7.96956 -39.8028 0
    endloop
  endfacet
  facet normal 0 0 -1
    outer loop
      vertex 30.1128 -43.0055 0
      vertex 6.9282 -36.5 0
      vertex 33.7463 -40.2173 0
    endloop
  endfacet
  facet normal 0 0 -1
    outer loop
      vertex 6.55322 -35.9114 0
      vertex 33.7463 -40.2173 0
      vertex 6.9282 -36.5 0
    endloop
  endfacet
  facet normal 0 0 -1
    outer loop
      vertex 33.7463 -40.2173 0
      vertex 6.55322 -35.9114 0
      vertex 37.1231 -37.1231 0
    endloop
  endfacet
  facet normal 0 0 -1
    outer loop
      vertex 3.78383 -1.76443 0
      vertex 40.2173 -33.7463 0
      vertex 6.55322 -35.9114 0
    endloop
  endfacet
  facet normal 0 0 -1
    outer loop
      vertex 40.2173 -33.7463 0
      vertex 3.78383 -1.76443 0
      vertex 43.0055 -30.1128 0
    endloop
  endfacet
  facet normal 0 0 -1
    outer loop
      vertex 43.0055 -30.1128 0
      vertex 3.78383 -1.76443 0
      vertex 45.4663 -26.25 0
    endloop
  endfacet
  facet normal -0 0 -1
    outer loop
      vertex 46.9593 -0.718451 0
      vertex 3.92322 -1.42793 0
      vertex 32.3379 12.7325 0
    endloop
  endfacet
  facet normal 0 -0 -1
    outer loop
      vertex 4.03274 -1.08057 0
      vertex 32.3379 12.7325 0
      vertex 3.92322 -1.42793 0
    endloop
  endfacet
  facet normal -0 0 -1
    outer loop
      vertex 32.3379 12.7325 0
      vertex 4.03274 -1.08057 0
      vertex 31.6931 12.9995 0
    endloop
  endfacet
  facet normal -0 0 -1
    outer loop
      vertex 31.6931 12.9995 0
      vertex 4.11157 -0.72498 0
      vertex 31.074 13.3218 0
    endloop
  endfacet
  facet normal 0 -0 -1
    outer loop
      vertex 4.11157 -0.72498 0
      vertex 31.6931 12.9995 0
      vertex 4.03274 -1.08057 0
    endloop
  endfacet
  facet normal 0.300695 -0.95372 0
    outer loop
      vertex 13.588 -50.7111 0
      vertex 17.9561 -49.3339 5
      vertex 13.588 -50.7111 5
    endloop
  endfacet
  facet normal 0.300695 -0.95372 0
    outer loop
      vertex 17.9561 -49.3339 5
      vertex 13.588 -50.7111 0
      vertex 17.9561 -49.3339 0
    endloop
  endfacet
  facet normal -0.382683 -0.92388 0
    outer loop
      vertex -22.1875 -47.5812 0
      vertex -17.9561 -49.3339 5
      vertex -22.1875 -47.5812 5
    endloop
  endfacet
  facet normal -0.382683 -0.92388 -0
    outer loop
      vertex -17.9561 -49.3339 5
      vertex -22.1875 -47.5812 0
      vertex -17.9561 -49.3339 0
    endloop
  endfacet
  facet normal 0.793341 0.608778 0
    outer loop
      vertex 43.0055 30.1128 5
      vertex 40.2173 33.7463 0
      vertex 40.2173 33.7463 5
    endloop
  endfacet
  facet normal 0.793341 0.608778 0
    outer loop
      vertex 40.2173 33.7463 0
      vertex 43.0055 30.1128 5
      vertex 43.0055 30.1128 0
    endloop
  endfacet
  facet normal -0.300695 -0.95372 0
    outer loop
      vertex -17.9561 -49.3339 0
      vertex -13.588 -50.7111 5
      vertex -17.9561 -49.3339 5
    endloop
  endfacet
  facet normal -0.300695 -0.95372 -0
    outer loop
      vertex -13.588 -50.7111 5
      vertex -17.9561 -49.3339 0
      vertex -13.588 -50.7111 0
    endloop
  endfacet
  facet normal -0.300695 0.95372 0
    outer loop
      vertex -13.588 50.7111 0
      vertex -17.9561 49.3339 5
      vertex -13.588 50.7111 5
    endloop
  endfacet
  facet normal -0.300695 0.95372 0
    outer loop
      vertex -17.9561 49.3339 5
      vertex -13.588 50.7111 0
      vertex -17.9561 49.3339 0
    endloop
  endfacet
  facet normal -0.843399 -0.537288 0
    outer loop
      vertex -43.0055 -30.1128 0
      vertex -45.4663 -26.25 5
      vertex -45.4663 -26.25 0
    endloop
  endfacet
  facet normal -0.843399 -0.537288 0
    outer loop
      vertex -45.4663 -26.25 5
      vertex -43.0055 -30.1128 0
      vertex -43.0055 -30.1128 5
    endloop
  endfacet
  facet normal -0.999048 0.0436241 0
    outer loop
      vertex -52.5 0 0
      vertex -52.3002 4.57568 5
      vertex -52.3002 4.57568 0
    endloop
  endfacet
  facet normal -0.999048 0.0436241 0
    outer loop
      vertex -52.3002 4.57568 5
      vertex -52.5 0 0
      vertex -52.5 0 5
    endloop
  endfacet
  facet normal -0 -0 1
    outer loop
      vertex -37.1231 -37.1231 5
      vertex -24.5452 -40.3281 5
      vertex -40.2173 -33.7463 5
    endloop
  endfacet
  facet normal 0 0 1
    outer loop
      vertex -24.5452 -40.3281 5
      vertex -37.1231 -37.1231 5
      vertex -24.69 -40.3602 5
    endloop
  endfacet
  facet normal 0 0 1
    outer loop
      vertex -24.69 -40.3602 5
      vertex -37.1231 -37.1231 5
      vertex -24.8314 -40.4048 5
    endloop
  endfacet
  facet normal -0 -0 1
    outer loop
      vertex -33.7463 -40.2173 5
      vertex -24.9685 -40.4615 5
      vertex -37.1231 -37.1231 5
    endloop
  endfacet
  facet normal 0 0 1
    outer loop
      vertex -24.9685 -40.4615 5
      vertex -33.7463 -40.2173 5
      vertex -25.1 -40.53 5
    endloop
  endfacet
  facet normal 0 0 1
    outer loop
      vertex -25.1 -40.53 5
      vertex -33.7463 -40.2173 5
      vertex -25.2251 -40.6097 5
    endloop
  endfacet
  facet normal 0 0 1
    outer loop
      vertex -25.2251 -40.6097 5
      vertex -33.7463 -40.2173 5
      vertex -25.3427 -40.7 5
    endloop
  endfacet
  facet normal 0 0 1
    outer loop
      vertex -25.3427 -40.7 5
      vertex -33.7463 -40.2173 5
      vertex -25.4521 -40.8001 5
    endloop
  endfacet
  facet normal 0 0 1
    outer loop
      vertex -25.4521 -40.8001 5
      vertex -33.7463 -40.2173 5
      vertex -25.5523 -40.9095 5
    endloop
  endfacet
  facet normal 0 0 1
    outer loop
      vertex -25.5523 -40.9095 5
      vertex -33.7463 -40.2173 5
      vertex -25.6426 -41.0272 5
    endloop
  endfacet
  facet normal 0 -0 1
    outer loop
      vertex -30.1128 -43.0055 5
      vertex -25.6426 -41.0272 5
      vertex -33.7463 -40.2173 5
    endloop
  endfacet
  facet normal 0 0 1
    outer loop
      vertex -25.9435 -41.8541 5
      vertex -30.1128 -43.0055 5
      vertex -26.25 -45.4663 5
    endloop
  endfacet
  facet normal 0 0 1
    outer loop
      vertex -25.6426 -41.0272 5
      vertex -30.1128 -43.0055 5
      vertex -25.7222 -41.1522 5
    endloop
  endfacet
  facet normal 0 0 1
    outer loop
      vertex -25.7222 -41.1522 5
      vertex -30.1128 -43.0055 5
      vertex -25.7907 -41.2838 5
    endloop
  endfacet
  facet normal 0 0 1
    outer loop
      vertex -45.4663 -26.25 5
      vertex -31.6931 12.9995 5
      vertex -32.3379 12.7325 5
    endloop
  endfacet
  facet normal 0 0 1
    outer loop
      vertex -47.5812 -22.1875 5
      vertex -32.3379 12.7325 5
      vertex -33.0035 12.5226 5
    endloop
  endfacet
  facet normal 0 0 1
    outer loop
      vertex -49.3339 -17.9561 5
      vertex -33.0035 12.5226 5
      vertex -33.6848 12.3715 5
    endloop
  endfacet
  facet normal 0 0 1
    outer loop
      vertex -25.9242 -41.707 5
      vertex -30.1128 -43.0055 5
      vertex -25.9435 -41.8541 5
    endloop
  endfacet
  facet normal 0 0 1
    outer loop
      vertex -50.7111 -13.588 5
      vertex -33.6848 12.3715 5
      vertex -34.3768 12.2804 5
    endloop
  endfacet
  facet normal 0 0 1
    outer loop
      vertex -51.7024 -9.11653 5
      vertex -34.3768 12.2804 5
      vertex -35.074 12.25 5
    endloop
  endfacet
  facet normal 0 0 1
    outer loop
      vertex -52.3002 -4.57568 5
      vertex -35.074 12.25 5
      vertex -35.7713 12.2804 5
    endloop
  endfacet
  facet normal 0 0 1
    outer loop
      vertex -52.3002 -4.57568 5
      vertex -35.7713 12.2804 5
      vertex -36.4632 12.3715 5
    endloop
  endfacet
  facet normal 0 0 1
    outer loop
      vertex -25.8921 -41.5622 5
      vertex -30.1128 -43.0055 5
      vertex -25.9242 -41.707 5
    endloop
  endfacet
  facet normal 0 0 1
    outer loop
      vertex -52.5 0 5
      vertex -36.4632 12.3715 5
      vertex -37.1446 12.5226 5
    endloop
  endfacet
  facet normal 0 0 1
    outer loop
      vertex -52.5 0 5
      vertex -37.1446 12.5226 5
      vertex -37.8102 12.7325 5
    endloop
  endfacet
  facet normal 0 0 1
    outer loop
      vertex -52.3002 4.57568 5
      vertex -37.8102 12.7325 5
      vertex -38.455 12.9995 5
    endloop
  endfacet
  facet normal 0 0 1
    outer loop
      vertex -52.3002 4.57568 5
      vertex -38.455 12.9995 5
      vertex -39.074 13.3218 5
    endloop
  endfacet
  facet normal 0 0 1
    outer loop
      vertex -51.7024 9.11653 5
      vertex -39.074 13.3218 5
      vertex -39.6626 13.6968 5
    endloop
  endfacet
  facet normal 0 0 1
    outer loop
      vertex -51.7024 9.11653 5
      vertex -39.6626 13.6968 5
      vertex -40.2163 14.1216 5
    endloop
  endfacet
  facet normal 0 0 1
    outer loop
      vertex -25.8475 -41.4208 5
      vertex -30.1128 -43.0055 5
      vertex -25.8921 -41.5622 5
    endloop
  endfacet
  facet normal 0 0 1
    outer loop
      vertex -51.7024 9.11653 5
      vertex -40.2163 14.1216 5
      vertex -40.7309 14.5931 5
    endloop
  endfacet
  facet normal 0 0 1
    outer loop
      vertex -50.7111 13.588 5
      vertex -40.7309 14.5931 5
      vertex -41.2024 15.1077 5
    endloop
  endfacet
  facet normal 0 0 1
    outer loop
      vertex -50.7111 13.588 5
      vertex -41.2024 15.1077 5
      vertex -41.6272 15.6614 5
    endloop
  endfacet
  facet normal 0 0 1
    outer loop
      vertex -50.7111 13.588 5
      vertex -41.6272 15.6614 5
      vertex -42.0022 16.25 5
    endloop
  endfacet
  facet normal 0 0 1
    outer loop
      vertex -50.7111 13.588 5
      vertex -42.0022 16.25 5
      vertex -42.3245 16.8691 5
    endloop
  endfacet
  facet normal 0 0 1
    outer loop
      vertex -49.3339 17.9561 5
      vertex -42.3245 16.8691 5
      vertex -42.5916 17.5138 5
    endloop
  endfacet
  facet normal -0 0 1
    outer loop
      vertex -49.3339 17.9561 5
      vertex -42.5916 17.5138 5
      vertex -42.8014 18.1794 5
    endloop
  endfacet
  facet normal 0 0 1
    outer loop
      vertex -49.3339 17.9561 5
      vertex -42.8014 18.1794 5
      vertex -42.9525 18.8608 5
    endloop
  endfacet
  facet normal 0 0 1
    outer loop
      vertex -25.7907 -41.2838 5
      vertex -30.1128 -43.0055 5
      vertex -25.8475 -41.4208 5
    endloop
  endfacet
  facet normal 0 0 1
    outer loop
      vertex -49.3339 17.9561 5
      vertex -42.9525 18.8608 5
      vertex -43.0436 19.5528 5
    endloop
  endfacet
  facet normal 0 0 1
    outer loop
      vertex -47.5812 22.1875 5
      vertex -43.0436 19.5528 5
      vertex -43.074 20.25 5
    endloop
  endfacet
  facet normal 0 0 1
    outer loop
      vertex -43.0436 20.9472 5
      vertex -47.5812 22.1875 5
      vertex -43.074 20.25 5
    endloop
  endfacet
  facet normal 0 0 1
    outer loop
      vertex -24.8314 -40.4048 5
      vertex -37.1231 -37.1231 5
      vertex -24.9685 -40.4615 5
    endloop
  endfacet
  facet normal 0 0 1
    outer loop
      vertex -43.0436 19.5528 5
      vertex -47.5812 22.1875 5
      vertex -49.3339 17.9561 5
    endloop
  endfacet
  facet normal 0 0 1
    outer loop
      vertex -32.3379 12.7325 5
      vertex -47.5812 -22.1875 5
      vertex -45.4663 -26.25 5
    endloop
  endfacet
  facet normal 0 0 1
    outer loop
      vertex -42.3245 16.8691 5
      vertex -49.3339 17.9561 5
      vertex -50.7111 13.588 5
    endloop
  endfacet
  facet normal 0 0 1
    outer loop
      vertex -33.0035 12.5226 5
      vertex -49.3339 -17.9561 5
      vertex -47.5812 -22.1875 5
    endloop
  endfacet
  facet normal 0 0 1
    outer loop
      vertex -40.7309 14.5931 5
      vertex -50.7111 13.588 5
      vertex -51.7024 9.11653 5
    endloop
  endfacet
  facet normal 0 0 1
    outer loop
      vertex -33.6848 12.3715 5
      vertex -50.7111 -13.588 5
      vertex -49.3339 -17.9561 5
    endloop
  endfacet
  facet normal 0 0 1
    outer loop
      vertex -39.074 13.3218 5
      vertex -51.7024 9.11653 5
      vertex -52.3002 4.57568 5
    endloop
  endfacet
  facet normal 0 0 1
    outer loop
      vertex -34.3768 12.2804 5
      vertex -51.7024 -9.11653 5
      vertex -50.7111 -13.588 5
    endloop
  endfacet
  facet normal 0 0 1
    outer loop
      vertex -37.8102 12.7325 5
      vertex -52.3002 4.57568 5
      vertex -52.5 0 5
    endloop
  endfacet
  facet normal 0 0 1
    outer loop
      vertex -35.074 12.25 5
      vertex -52.3002 -4.57568 5
      vertex -51.7024 -9.11653 5
    endloop
  endfacet
  facet normal 0 0 1
    outer loop
      vertex -36.4632 12.3715 5
      vertex -52.5 0 5
      vertex -52.3002 -4.57568 5
    endloop
  endfacet
  facet normal -0 0 1
    outer loop
      vertex -27.1045 19.5528 5
      vertex -6.30934 9.01067 5
      vertex -27.074 20.25 5
    endloop
  endfacet
  facet normal 0 0 1
    outer loop
      vertex -11 0 5
      vertex -22.5565 -41.8541 5
      vertex -22.55 -42.0022 5
    endloop
  endfacet
  facet normal 0 0 1
    outer loop
      vertex -6.30934 9.01067 5
      vertex -27.1045 19.5528 5
      vertex -7.07066 8.42649 5
    endloop
  endfacet
  facet normal 0 0 1
    outer loop
      vertex -11 0 5
      vertex -22.5758 -41.707 5
      vertex -22.5565 -41.8541 5
    endloop
  endfacet
  facet normal -0 0 1
    outer loop
      vertex -27.3466 18.1794 5
      vertex -7.77817 7.77817 5
      vertex -27.1956 18.8608 5
    endloop
  endfacet
  facet normal 0 0 1
    outer loop
      vertex -11 0 5
      vertex -22.6079 -41.5622 5
      vertex -22.5758 -41.707 5
    endloop
  endfacet
  facet normal 0 0 1
    outer loop
      vertex -7.77817 7.77817 5
      vertex -27.3466 18.1794 5
      vertex -8.42649 7.07066 5
    endloop
  endfacet
  facet normal -0 0 1
    outer loop
      vertex -28.5208 15.6614 5
      vertex -9.52628 5.5 5
      vertex -28.1458 16.25 5
    endloop
  endfacet
  facet normal -0 0 1
    outer loop
      vertex -27.5565 17.5138 5
      vertex -8.42649 7.07066 5
      vertex -27.3466 18.1794 5
    endloop
  endfacet
  facet normal 0 0 1
    outer loop
      vertex -11 0 5
      vertex -22.6525 -41.4208 5
      vertex -22.6079 -41.5622 5
    endloop
  endfacet
  facet normal 0 0 1
    outer loop
      vertex -8.42649 7.07066 5
      vertex -27.5565 17.5138 5
      vertex -9.01067 6.30934 5
    endloop
  endfacet
  facet normal 0 0 1
    outer loop
      vertex -11 0 5
      vertex -22.7093 -41.2838 5
      vertex -22.6525 -41.4208 5
    endloop
  endfacet
  facet normal -0 0 1
    outer loop
      vertex -27.8236 16.8691 5
      vertex -9.01067 6.30934 5
      vertex -27.5565 17.5138 5
    endloop
  endfacet
  facet normal 0 0 1
    outer loop
      vertex -11 0 5
      vertex -22.7778 -41.1522 5
      vertex -22.7093 -41.2838 5
    endloop
  endfacet
  facet normal 0 0 1
    outer loop
      vertex -7.07066 8.42649 5
      vertex -27.1956 18.8608 5
      vertex -7.77817 7.77817 5
    endloop
  endfacet
  facet normal 0 0 1
    outer loop
      vertex -11 0 5
      vertex -22.8574 -41.0272 5
      vertex -22.7778 -41.1522 5
    endloop
  endfacet
  facet normal 0 0 1
    outer loop
      vertex -27.3466 22.3206 5
      vertex -22.9477 40.9095 5
      vertex -23.0479 40.8001 5
    endloop
  endfacet
  facet normal 0 0 1
    outer loop
      vertex -11 0 5
      vertex -22.9477 -40.9095 5
      vertex -22.8574 -41.0272 5
    endloop
  endfacet
  facet normal 0 0 1
    outer loop
      vertex -27.5565 22.9862 5
      vertex -23.0479 40.8001 5
      vertex -23.1573 40.7 5
    endloop
  endfacet
  facet normal 0 0 1
    outer loop
      vertex -11 0 5
      vertex -23.0479 -40.8001 5
      vertex -22.9477 -40.9095 5
    endloop
  endfacet
  facet normal 0 0 1
    outer loop
      vertex -27.8236 23.6309 5
      vertex -23.1573 40.7 5
      vertex -23.2749 40.6097 5
    endloop
  endfacet
  facet normal 0 0 1
    outer loop
      vertex -11 0 5
      vertex -23.1573 -40.7 5
      vertex -23.0479 -40.8001 5
    endloop
  endfacet
  facet normal 0 0 1
    outer loop
      vertex -27.8236 23.6309 5
      vertex -23.2749 40.6097 5
      vertex -23.4 40.53 5
    endloop
  endfacet
  facet normal 0 0 1
    outer loop
      vertex -11 0 5
      vertex -23.2749 -40.6097 5
      vertex -23.1573 -40.7 5
    endloop
  endfacet
  facet normal 0 0 1
    outer loop
      vertex -28.1458 24.25 5
      vertex -23.4 40.53 5
      vertex -23.5315 40.4615 5
    endloop
  endfacet
  facet normal 0 0 1
    outer loop
      vertex -11 0 5
      vertex -23.4 -40.53 5
      vertex -23.2749 -40.6097 5
    endloop
  endfacet
  facet normal 0 0 1
    outer loop
      vertex -28.5208 24.8386 5
      vertex -23.5315 40.4615 5
      vertex -23.6686 40.4048 5
    endloop
  endfacet
  facet normal 0 0 1
    outer loop
      vertex -11 0 5
      vertex -23.5315 -40.4615 5
      vertex -23.4 -40.53 5
    endloop
  endfacet
  facet normal 0 0 1
    outer loop
      vertex -28.5208 24.8386 5
      vertex -23.6686 40.4048 5
      vertex -23.81 40.3602 5
    endloop
  endfacet
  facet normal 0 0 1
    outer loop
      vertex -11 0 5
      vertex -23.6686 -40.4048 5
      vertex -23.5315 -40.4615 5
    endloop
  endfacet
  facet normal 0 0 1
    outer loop
      vertex -28.9457 25.3923 5
      vertex -23.81 40.3602 5
      vertex -23.9548 40.3281 5
    endloop
  endfacet
  facet normal 0 0 1
    outer loop
      vertex -11 0 5
      vertex -23.81 -40.3602 5
      vertex -23.6686 -40.4048 5
    endloop
  endfacet
  facet normal 0 0 1
    outer loop
      vertex -29.4172 25.9069 5
      vertex -23.9548 40.3281 5
      vertex -24.1018 40.3087 5
    endloop
  endfacet
  facet normal 0 0 1
    outer loop
      vertex -11 0 5
      vertex -23.9548 -40.3281 5
      vertex -23.81 -40.3602 5
    endloop
  endfacet
  facet normal 0 0 1
    outer loop
      vertex -29.4172 25.9069 5
      vertex -24.1018 40.3087 5
      vertex -24.25 40.3022 5
    endloop
  endfacet
  facet normal 0 0 1
    outer loop
      vertex -11 0 5
      vertex -24.1018 -40.3087 5
      vertex -23.9548 -40.3281 5
    endloop
  endfacet
  facet normal 0 0 1
    outer loop
      vertex -29.9317 26.3784 5
      vertex -24.25 40.3022 5
      vertex -24.3982 40.3087 5
    endloop
  endfacet
  facet normal 0 0 1
    outer loop
      vertex -11 0 5
      vertex -24.25 -40.3022 5
      vertex -24.1018 -40.3087 5
    endloop
  endfacet
  facet normal 0 0 1
    outer loop
      vertex -29.9317 26.3784 5
      vertex -24.3982 40.3087 5
      vertex -24.5452 40.3281 5
    endloop
  endfacet
  facet normal 0 -0 1
    outer loop
      vertex -43.0055 -30.1128 5
      vertex -11 0 5
      vertex -45.4663 -26.25 5
    endloop
  endfacet
  facet normal 0 0 1
    outer loop
      vertex -30.4854 26.8032 5
      vertex -24.5452 40.3281 5
      vertex -24.69 40.3602 5
    endloop
  endfacet
  facet normal 0 0 1
    outer loop
      vertex -11 0 5
      vertex -43.0055 -30.1128 5
      vertex -24.25 -40.3022 5
    endloop
  endfacet
  facet normal 0 0 1
    outer loop
      vertex -31.074 27.1782 5
      vertex -24.69 40.3602 5
      vertex -24.8314 40.4048 5
    endloop
  endfacet
  facet normal -0 -0 1
    outer loop
      vertex -40.2173 -33.7463 5
      vertex -24.25 -40.3022 5
      vertex -43.0055 -30.1128 5
    endloop
  endfacet
  facet normal 0 0 1
    outer loop
      vertex -31.074 27.1782 5
      vertex -24.8314 40.4048 5
      vertex -24.9685 40.4615 5
    endloop
  endfacet
  facet normal 0 0 1
    outer loop
      vertex -24.25 -40.3022 5
      vertex -40.2173 -33.7463 5
      vertex -24.3982 -40.3087 5
    endloop
  endfacet
  facet normal 0 0 1
    outer loop
      vertex -31.6931 27.5005 5
      vertex -24.9685 40.4615 5
      vertex -25.1 40.53 5
    endloop
  endfacet
  facet normal -0 0 1
    outer loop
      vertex -31.6931 12.9995 5
      vertex -11 0 5
      vertex -31.074 13.3218 5
    endloop
  endfacet
  facet normal 0 0 1
    outer loop
      vertex -31.6931 27.5005 5
      vertex -25.1 40.53 5
      vertex -25.2251 40.6097 5
    endloop
  endfacet
  facet normal 0 0 1
    outer loop
      vertex -10.6252 2.84701 5
      vertex -29.9317 14.1216 5
      vertex -10.8329 1.91013 5
    endloop
  endfacet
  facet normal 0 0 1
    outer loop
      vertex -33.7463 40.2173 5
      vertex -25.2251 40.6097 5
      vertex -25.3427 40.7 5
    endloop
  endfacet
  facet normal 0 0 1
    outer loop
      vertex -9.96939 4.6488 5
      vertex -28.9457 15.1077 5
      vertex -10.3366 3.76222 5
    endloop
  endfacet
  facet normal 0 0 1
    outer loop
      vertex -33.7463 40.2173 5
      vertex -25.3427 40.7 5
      vertex -25.4521 40.8001 5
    endloop
  endfacet
  facet normal 0 0 1
    outer loop
      vertex -9.52628 5.5 5
      vertex -28.5208 15.6614 5
      vertex -9.96939 4.6488 5
    endloop
  endfacet
  facet normal 0 0 1
    outer loop
      vertex -33.7463 40.2173 5
      vertex -25.4521 40.8001 5
      vertex -25.5523 40.9095 5
    endloop
  endfacet
  facet normal -0 0 1
    outer loop
      vertex -28.9457 15.1077 5
      vertex -9.96939 4.6488 5
      vertex -28.5208 15.6614 5
    endloop
  endfacet
  facet normal 0 0 1
    outer loop
      vertex -33.7463 40.2173 5
      vertex -25.5523 40.9095 5
      vertex -25.6426 41.0272 5
    endloop
  endfacet
  facet normal -0 0 1
    outer loop
      vertex -29.4172 14.5931 5
      vertex -10.3366 3.76222 5
      vertex -28.9457 15.1077 5
    endloop
  endfacet
  facet normal 0 0 1
    outer loop
      vertex -30.1128 43.0055 5
      vertex -25.6426 41.0272 5
      vertex -25.7222 41.1522 5
    endloop
  endfacet
  facet normal 0 0 1
    outer loop
      vertex -10.3366 3.76222 5
      vertex -29.4172 14.5931 5
      vertex -10.6252 2.84701 5
    endloop
  endfacet
  facet normal 0 0 1
    outer loop
      vertex -30.1128 43.0055 5
      vertex -25.7222 41.1522 5
      vertex -25.7907 41.2838 5
    endloop
  endfacet
  facet normal -0 0 1
    outer loop
      vertex -29.9317 14.1216 5
      vertex -10.6252 2.84701 5
      vertex -29.4172 14.5931 5
    endloop
  endfacet
  facet normal 0 0 1
    outer loop
      vertex -30.1128 43.0055 5
      vertex -25.7907 41.2838 5
      vertex -25.8475 41.4208 5
    endloop
  endfacet
  facet normal -0 0 1
    outer loop
      vertex -30.4854 13.6968 5
      vertex -10.8329 1.91013 5
      vertex -29.9317 14.1216 5
    endloop
  endfacet
  facet normal 0 0 1
    outer loop
      vertex -30.1128 43.0055 5
      vertex -25.8475 41.4208 5
      vertex -25.8921 41.5622 5
    endloop
  endfacet
  facet normal 0 0 1
    outer loop
      vertex -10.8329 1.91013 5
      vertex -30.4854 13.6968 5
      vertex -10.9581 0.958713 5
    endloop
  endfacet
  facet normal 0 0 1
    outer loop
      vertex -30.1128 43.0055 5
      vertex -25.8921 41.5622 5
      vertex -25.9242 41.707 5
    endloop
  endfacet
  facet normal -0 0 1
    outer loop
      vertex -31.074 13.3218 5
      vertex -10.9581 0.958713 5
      vertex -30.4854 13.6968 5
    endloop
  endfacet
  facet normal 0 0 1
    outer loop
      vertex -30.1128 43.0055 5
      vertex -25.9242 41.707 5
      vertex -25.9435 41.8541 5
    endloop
  endfacet
  facet normal 0 0 1
    outer loop
      vertex -10.9581 0.958713 5
      vertex -31.074 13.3218 5
      vertex -11 0 5
    endloop
  endfacet
  facet normal 0 0 1
    outer loop
      vertex -25.9435 42.1504 5
      vertex -30.1128 43.0055 5
      vertex -25.95 42.0022 5
    endloop
  endfacet
  facet normal 0 0 1
    outer loop
      vertex -45.4663 -26.25 5
      vertex -11 0 5
      vertex -31.6931 12.9995 5
    endloop
  endfacet
  facet normal 0 0 1
    outer loop
      vertex -7.96956 -41.1972 5
      vertex -22.5565 -42.1504 5
      vertex -17.9561 -49.3339 5
    endloop
  endfacet
  facet normal -0 0 1
    outer loop
      vertex -22.5758 -42.2974 5
      vertex -17.9561 -49.3339 5
      vertex -22.5565 -42.1504 5
    endloop
  endfacet
  facet normal -0 0 1
    outer loop
      vertex -22.6079 -42.4422 5
      vertex -17.9561 -49.3339 5
      vertex -22.5758 -42.2974 5
    endloop
  endfacet
  facet normal -0 0 1
    outer loop
      vertex -22.6525 -42.5837 5
      vertex -17.9561 -49.3339 5
      vertex -22.6079 -42.4422 5
    endloop
  endfacet
  facet normal -0 0 1
    outer loop
      vertex -22.7093 -42.7207 5
      vertex -17.9561 -49.3339 5
      vertex -22.6525 -42.5837 5
    endloop
  endfacet
  facet normal 0 0 1
    outer loop
      vertex -17.9561 -49.3339 5
      vertex -22.7093 -42.7207 5
      vertex -22.1875 -47.5812 5
    endloop
  endfacet
  facet normal -0 0 1
    outer loop
      vertex -22.7778 -42.8522 5
      vertex -22.1875 -47.5812 5
      vertex -22.7093 -42.7207 5
    endloop
  endfacet
  facet normal -0 0 1
    outer loop
      vertex -22.8574 -42.9773 5
      vertex -22.1875 -47.5812 5
      vertex -22.7778 -42.8522 5
    endloop
  endfacet
  facet normal -0 0 1
    outer loop
      vertex -22.9477 -43.095 5
      vertex -22.1875 -47.5812 5
      vertex -22.8574 -42.9773 5
    endloop
  endfacet
  facet normal -0 0 1
    outer loop
      vertex -23.0479 -43.2043 5
      vertex -22.1875 -47.5812 5
      vertex -22.9477 -43.095 5
    endloop
  endfacet
  facet normal -0 0 1
    outer loop
      vertex -23.1573 -43.3045 5
      vertex -22.1875 -47.5812 5
      vertex -23.0479 -43.2043 5
    endloop
  endfacet
  facet normal -0 0 1
    outer loop
      vertex -23.2749 -43.3948 5
      vertex -22.1875 -47.5812 5
      vertex -23.1573 -43.3045 5
    endloop
  endfacet
  facet normal -0 0 1
    outer loop
      vertex -23.4 -43.4745 5
      vertex -22.1875 -47.5812 5
      vertex -23.2749 -43.3948 5
    endloop
  endfacet
  facet normal -0 0 1
    outer loop
      vertex -23.5315 -43.543 5
      vertex -22.1875 -47.5812 5
      vertex -23.4 -43.4745 5
    endloop
  endfacet
  facet normal -0 0 1
    outer loop
      vertex -23.6686 -43.5997 5
      vertex -22.1875 -47.5812 5
      vertex -23.5315 -43.543 5
    endloop
  endfacet
  facet normal -0 0 1
    outer loop
      vertex -23.81 -43.6443 5
      vertex -22.1875 -47.5812 5
      vertex -23.6686 -43.5997 5
    endloop
  endfacet
  facet normal -0 0 1
    outer loop
      vertex -23.9548 -43.6764 5
      vertex -22.1875 -47.5812 5
      vertex -23.81 -43.6443 5
    endloop
  endfacet
  facet normal -0 0 1
    outer loop
      vertex -24.1018 -43.6958 5
      vertex -22.1875 -47.5812 5
      vertex -23.9548 -43.6764 5
    endloop
  endfacet
  facet normal 0 0 1
    outer loop
      vertex -26.25 -45.4663 5
      vertex -24.1018 -43.6958 5
      vertex -24.25 -43.7022 5
    endloop
  endfacet
  facet normal 0 0 1
    outer loop
      vertex -26.25 -45.4663 5
      vertex -24.25 -43.7022 5
      vertex -24.3982 -43.6958 5
    endloop
  endfacet
  facet normal 0 0 1
    outer loop
      vertex -26.25 -45.4663 5
      vertex -24.3982 -43.6958 5
      vertex -24.5452 -43.6764 5
    endloop
  endfacet
  facet normal 0 0 1
    outer loop
      vertex -26.25 -45.4663 5
      vertex -24.5452 -43.6764 5
      vertex -24.69 -43.6443 5
    endloop
  endfacet
  facet normal 0 0 1
    outer loop
      vertex -26.25 -45.4663 5
      vertex -24.69 -43.6443 5
      vertex -24.8314 -43.5997 5
    endloop
  endfacet
  facet normal 0 0 1
    outer loop
      vertex -26.25 -45.4663 5
      vertex -24.8314 -43.5997 5
      vertex -24.9685 -43.543 5
    endloop
  endfacet
  facet normal 0 0 1
    outer loop
      vertex -26.25 -45.4663 5
      vertex -24.9685 -43.543 5
      vertex -25.1 -43.4745 5
    endloop
  endfacet
  facet normal 0 0 1
    outer loop
      vertex -26.25 -45.4663 5
      vertex -25.1 -43.4745 5
      vertex -25.2251 -43.3948 5
    endloop
  endfacet
  facet normal 0 0 1
    outer loop
      vertex -26.25 -45.4663 5
      vertex -25.2251 -43.3948 5
      vertex -25.3427 -43.3045 5
    endloop
  endfacet
  facet normal 0 0 1
    outer loop
      vertex -26.25 -45.4663 5
      vertex -25.3427 -43.3045 5
      vertex -25.4521 -43.2043 5
    endloop
  endfacet
  facet normal 0 0 1
    outer loop
      vertex -26.25 -45.4663 5
      vertex -25.4521 -43.2043 5
      vertex -25.5523 -43.095 5
    endloop
  endfacet
  facet normal 0 0 1
    outer loop
      vertex -26.25 -45.4663 5
      vertex -25.5523 -43.095 5
      vertex -25.6426 -42.9773 5
    endloop
  endfacet
  facet normal 0 0 1
    outer loop
      vertex -24.1018 -43.6958 5
      vertex -26.25 -45.4663 5
      vertex -22.1875 -47.5812 5
    endloop
  endfacet
  facet normal 0 0 1
    outer loop
      vertex -25.7222 -42.8522 5
      vertex -26.25 -45.4663 5
      vertex -25.6426 -42.9773 5
    endloop
  endfacet
  facet normal 0 0 1
    outer loop
      vertex -25.7907 -42.7207 5
      vertex -26.25 -45.4663 5
      vertex -25.7222 -42.8522 5
    endloop
  endfacet
  facet normal 0 0 1
    outer loop
      vertex -25.8475 -42.5837 5
      vertex -26.25 -45.4663 5
      vertex -25.7907 -42.7207 5
    endloop
  endfacet
  facet normal 0 0 1
    outer loop
      vertex -25.8921 -42.4422 5
      vertex -26.25 -45.4663 5
      vertex -25.8475 -42.5837 5
    endloop
  endfacet
  facet normal 0 0 1
    outer loop
      vertex -25.9242 -42.2974 5
      vertex -26.25 -45.4663 5
      vertex -25.8921 -42.4422 5
    endloop
  endfacet
  facet normal 0 0 1
    outer loop
      vertex -25.9435 -42.1504 5
      vertex -26.25 -45.4663 5
      vertex -25.9242 -42.2974 5
    endloop
  endfacet
  facet normal 0 0 1
    outer loop
      vertex -25.95 -42.0022 5
      vertex -26.25 -45.4663 5
      vertex -25.9435 -42.1504 5
    endloop
  endfacet
  facet normal 0 0 1
    outer loop
      vertex -24.3982 -40.3087 5
      vertex -40.2173 -33.7463 5
      vertex -24.5452 -40.3281 5
    endloop
  endfacet
  facet normal 0 0 1
    outer loop
      vertex -25.9435 -41.8541 5
      vertex -26.25 -45.4663 5
      vertex -25.95 -42.0022 5
    endloop
  endfacet
  facet normal -0 0 1
    outer loop
      vertex -28.1458 16.25 5
      vertex -9.52628 5.5 5
      vertex -27.8236 16.8691 5
    endloop
  endfacet
  facet normal 0 0 1
    outer loop
      vertex -9.01067 6.30934 5
      vertex -27.8236 16.8691 5
      vertex -9.52628 5.5 5
    endloop
  endfacet
  facet normal -0 0 1
    outer loop
      vertex -27.1956 18.8608 5
      vertex -7.07066 8.42649 5
      vertex -27.1045 19.5528 5
    endloop
  endfacet
  facet normal 0 0 1
    outer loop
      vertex -23.0479 40.8001 5
      vertex -27.5565 22.9862 5
      vertex -27.3466 22.3206 5
    endloop
  endfacet
  facet normal 0 0 1
    outer loop
      vertex -23.1573 40.7 5
      vertex -27.8236 23.6309 5
      vertex -27.5565 22.9862 5
    endloop
  endfacet
  facet normal 0 0 1
    outer loop
      vertex -23.4 40.53 5
      vertex -28.1458 24.25 5
      vertex -27.8236 23.6309 5
    endloop
  endfacet
  facet normal 0 0 1
    outer loop
      vertex -23.5315 40.4615 5
      vertex -28.5208 24.8386 5
      vertex -28.1458 24.25 5
    endloop
  endfacet
  facet normal 0 0 1
    outer loop
      vertex -23.81 40.3602 5
      vertex -28.9457 25.3923 5
      vertex -28.5208 24.8386 5
    endloop
  endfacet
  facet normal 0 0 1
    outer loop
      vertex -23.9548 40.3281 5
      vertex -29.4172 25.9069 5
      vertex -28.9457 25.3923 5
    endloop
  endfacet
  facet normal 0 0 1
    outer loop
      vertex -24.25 40.3022 5
      vertex -29.9317 26.3784 5
      vertex -29.4172 25.9069 5
    endloop
  endfacet
  facet normal 0 0 1
    outer loop
      vertex -25.6426 41.0272 5
      vertex -30.1128 43.0055 5
      vertex -33.7463 40.2173 5
    endloop
  endfacet
  facet normal 0 0 1
    outer loop
      vertex -24.5452 40.3281 5
      vertex -30.4854 26.8032 5
      vertex -29.9317 26.3784 5
    endloop
  endfacet
  facet normal 0 0 1
    outer loop
      vertex -24.69 40.3602 5
      vertex -31.074 27.1782 5
      vertex -30.4854 26.8032 5
    endloop
  endfacet
  facet normal 0 0 1
    outer loop
      vertex -25.2251 40.6097 5
      vertex -33.7463 40.2173 5
      vertex -31.6931 27.5005 5
    endloop
  endfacet
  facet normal 0 0 1
    outer loop
      vertex -24.9685 40.4615 5
      vertex -31.6931 27.5005 5
      vertex -31.074 27.1782 5
    endloop
  endfacet
  facet normal 0 0 1
    outer loop
      vertex -31.6931 27.5005 5
      vertex -33.7463 40.2173 5
      vertex -32.3379 27.7675 5
    endloop
  endfacet
  facet normal 0 0 1
    outer loop
      vertex -32.3379 27.7675 5
      vertex -33.7463 40.2173 5
      vertex -33.0035 27.9774 5
    endloop
  endfacet
  facet normal -0 0 1
    outer loop
      vertex -37.1231 37.1231 5
      vertex -33.0035 27.9774 5
      vertex -33.7463 40.2173 5
    endloop
  endfacet
  facet normal 0 0 1
    outer loop
      vertex -33.0035 27.9774 5
      vertex -37.1231 37.1231 5
      vertex -33.6848 28.1285 5
    endloop
  endfacet
  facet normal 0 0 1
    outer loop
      vertex -33.6848 28.1285 5
      vertex -37.1231 37.1231 5
      vertex -34.3768 28.2196 5
    endloop
  endfacet
  facet normal 0 0 1
    outer loop
      vertex -34.3768 28.2196 5
      vertex -37.1231 37.1231 5
      vertex -35.074 28.25 5
    endloop
  endfacet
  facet normal 0 0 1
    outer loop
      vertex -35.074 28.25 5
      vertex -37.1231 37.1231 5
      vertex -35.7713 28.2196 5
    endloop
  endfacet
  facet normal -0 0 1
    outer loop
      vertex -40.2173 33.7463 5
      vertex -35.7713 28.2196 5
      vertex -37.1231 37.1231 5
    endloop
  endfacet
  facet normal 0 0 1
    outer loop
      vertex -35.7713 28.2196 5
      vertex -40.2173 33.7463 5
      vertex -36.4632 28.1285 5
    endloop
  endfacet
  facet normal 0 0 1
    outer loop
      vertex -36.4632 28.1285 5
      vertex -40.2173 33.7463 5
      vertex -37.1446 27.9774 5
    endloop
  endfacet
  facet normal 0 0 1
    outer loop
      vertex -37.1446 27.9774 5
      vertex -40.2173 33.7463 5
      vertex -37.8102 27.7675 5
    endloop
  endfacet
  facet normal 0 0 1
    outer loop
      vertex -37.8102 27.7675 5
      vertex -40.2173 33.7463 5
      vertex -38.455 27.5005 5
    endloop
  endfacet
  facet normal -0 0 1
    outer loop
      vertex -43.0055 30.1128 5
      vertex -38.455 27.5005 5
      vertex -40.2173 33.7463 5
    endloop
  endfacet
  facet normal 0 0 1
    outer loop
      vertex -38.455 27.5005 5
      vertex -43.0055 30.1128 5
      vertex -39.074 27.1782 5
    endloop
  endfacet
  facet normal 0 0 1
    outer loop
      vertex -39.074 27.1782 5
      vertex -43.0055 30.1128 5
      vertex -39.6626 26.8032 5
    endloop
  endfacet
  facet normal 0 0 1
    outer loop
      vertex -39.6626 26.8032 5
      vertex -43.0055 30.1128 5
      vertex -40.2163 26.3784 5
    endloop
  endfacet
  facet normal 0 0 1
    outer loop
      vertex -40.2163 26.3784 5
      vertex -43.0055 30.1128 5
      vertex -40.7309 25.9069 5
    endloop
  endfacet
  facet normal 0 0 1
    outer loop
      vertex -40.7309 25.9069 5
      vertex -43.0055 30.1128 5
      vertex -41.2024 25.3923 5
    endloop
  endfacet
  facet normal -0 0 1
    outer loop
      vertex -45.4663 26.25 5
      vertex -41.2024 25.3923 5
      vertex -43.0055 30.1128 5
    endloop
  endfacet
  facet normal 0 0 1
    outer loop
      vertex -41.2024 25.3923 5
      vertex -45.4663 26.25 5
      vertex -41.6272 24.8386 5
    endloop
  endfacet
  facet normal 0 0 1
    outer loop
      vertex -41.6272 24.8386 5
      vertex -45.4663 26.25 5
      vertex -42.0022 24.25 5
    endloop
  endfacet
  facet normal 0 0 1
    outer loop
      vertex -42.0022 24.25 5
      vertex -45.4663 26.25 5
      vertex -42.3245 23.6309 5
    endloop
  endfacet
  facet normal 0 0 1
    outer loop
      vertex -42.3245 23.6309 5
      vertex -45.4663 26.25 5
      vertex -42.5916 22.9862 5
    endloop
  endfacet
  facet normal 0 0 1
    outer loop
      vertex -47.5812 22.1875 5
      vertex -42.5916 22.9862 5
      vertex -45.4663 26.25 5
    endloop
  endfacet
  facet normal 0 0 1
    outer loop
      vertex -42.5916 22.9862 5
      vertex -47.5812 22.1875 5
      vertex -42.8014 22.3206 5
    endloop
  endfacet
  facet normal 0 0 1
    outer loop
      vertex -42.8014 22.3206 5
      vertex -47.5812 22.1875 5
      vertex -42.9525 21.6392 5
    endloop
  endfacet
  facet normal 0 0 1
    outer loop
      vertex -42.9525 21.6392 5
      vertex -47.5812 22.1875 5
      vertex -43.0436 20.9472 5
    endloop
  endfacet
  facet normal 0 0 1
    outer loop
      vertex 22.1875 -47.5812 5
      vertex 7.96956 -39.8028 5
      vertex 8 -40.5 5
    endloop
  endfacet
  facet normal 0 0 1
    outer loop
      vertex 33.7463 -40.2173 5
      vertex 7.87846 -39.1108 5
      vertex 7.96956 -39.8028 5
    endloop
  endfacet
  facet normal -0 -0 1
    outer loop
      vertex 6.55322 -35.9114 5
      vertex 37.1231 -37.1231 5
      vertex 6.12836 -35.3577 5
    endloop
  endfacet
  facet normal 0 0 1
    outer loop
      vertex 33.7463 -40.2173 5
      vertex 7.72741 -38.4294 5
      vertex 7.87846 -39.1108 5
    endloop
  endfacet
  facet normal 0 0 1
    outer loop
      vertex 33.7463 -40.2173 5
      vertex 7.51754 -37.7638 5
      vertex 7.72741 -38.4294 5
    endloop
  endfacet
  facet normal 0 0 1
    outer loop
      vertex 33.7463 -40.2173 5
      vertex 7.25046 -37.1191 5
      vertex 7.51754 -37.7638 5
    endloop
  endfacet
  facet normal 0 0 1
    outer loop
      vertex 6.12836 -35.3577 5
      vertex 7.77817 -7.77817 5
      vertex 7.07066 -8.42649 5
    endloop
  endfacet
  facet normal 0 0 1
    outer loop
      vertex 33.7463 -40.2173 5
      vertex 6.9282 -36.5 5
      vertex 7.25046 -37.1191 5
    endloop
  endfacet
  facet normal 0 0 1
    outer loop
      vertex 33.7463 -40.2173 5
      vertex 6.55322 -35.9114 5
      vertex 6.9282 -36.5 5
    endloop
  endfacet
  facet normal 0 0 1
    outer loop
      vertex 5.65685 -34.8431 5
      vertex 7.07066 -8.42649 5
      vertex 6.30934 -9.01067 5
    endloop
  endfacet
  facet normal 0 0 1
    outer loop
      vertex 37.1231 -37.1231 5
      vertex 6.55322 -35.9114 5
      vertex 33.7463 -40.2173 5
    endloop
  endfacet
  facet normal 0 0 1
    outer loop
      vertex 7.07066 -8.42649 5
      vertex 5.65685 -34.8431 5
      vertex 6.12836 -35.3577 5
    endloop
  endfacet
  facet normal 0 0 1
    outer loop
      vertex 5.1423 -34.3716 5
      vertex 6.30934 -9.01067 5
      vertex 5.5 -9.52628 5
    endloop
  endfacet
  facet normal 0 0 1
    outer loop
      vertex 6.30934 -9.01067 5
      vertex 5.1423 -34.3716 5
      vertex 5.65685 -34.8431 5
    endloop
  endfacet
  facet normal 0 0 1
    outer loop
      vertex 4 -33.5718 5
      vertex 5.5 -9.52628 5
      vertex 4.6488 -9.96939 5
    endloop
  endfacet
  facet normal 0 0 1
    outer loop
      vertex 5.5 -9.52628 5
      vertex 4.58861 -33.9468 5
      vertex 5.1423 -34.3716 5
    endloop
  endfacet
  facet normal 0 0 1
    outer loop
      vertex 5.5 -9.52628 5
      vertex 4 -33.5718 5
      vertex 4.58861 -33.9468 5
    endloop
  endfacet
  facet normal 0 0 1
    outer loop
      vertex 3.38095 -33.2495 5
      vertex 4.6488 -9.96939 5
      vertex 3.76222 -10.3366 5
    endloop
  endfacet
  facet normal 0 0 1
    outer loop
      vertex 4.6488 -9.96939 5
      vertex 3.38095 -33.2495 5
      vertex 4 -33.5718 5
    endloop
  endfacet
  facet normal 0 0 1
    outer loop
      vertex 2.73616 -32.9825 5
      vertex 3.76222 -10.3366 5
      vertex 2.84701 -10.6252 5
    endloop
  endfacet
  facet normal 0 0 1
    outer loop
      vertex 3.76222 -10.3366 5
      vertex 2.73616 -32.9825 5
      vertex 3.38095 -33.2495 5
    endloop
  endfacet
  facet normal 0 0 1
    outer loop
      vertex 2.84701 -10.6252 5
      vertex 2.07055 -32.7726 5
      vertex 2.73616 -32.9825 5
    endloop
  endfacet
  facet normal -0 0 1
    outer loop
      vertex 1.91013 -10.8329 5
      vertex 2.07055 -32.7726 5
      vertex 2.84701 -10.6252 5
    endloop
  endfacet
  facet normal 0 0 1
    outer loop
      vertex 1.91013 -10.8329 5
      vertex 1.38918 -32.6215 5
      vertex 2.07055 -32.7726 5
    endloop
  endfacet
  facet normal -0 0 1
    outer loop
      vertex 0.958713 -10.9581 5
      vertex 1.38918 -32.6215 5
      vertex 1.91013 -10.8329 5
    endloop
  endfacet
  facet normal 0 0 1
    outer loop
      vertex 0.958713 -10.9581 5
      vertex 0.697246 -32.5304 5
      vertex 1.38918 -32.6215 5
    endloop
  endfacet
  facet normal -0 0 1
    outer loop
      vertex 0 -11 5
      vertex 0.697246 -32.5304 5
      vertex 0.958713 -10.9581 5
    endloop
  endfacet
  facet normal 0 0 1
    outer loop
      vertex 0 -11 5
      vertex 0 -32.5 5
      vertex 0.697246 -32.5304 5
    endloop
  endfacet
  facet normal 0 0 1
    outer loop
      vertex 0 -11 5
      vertex -0.697246 -32.5304 5
      vertex 0 -32.5 5
    endloop
  endfacet
  facet normal 0 0 1
    outer loop
      vertex -0.958713 -10.9581 5
      vertex -0.697246 -32.5304 5
      vertex 0 -11 5
    endloop
  endfacet
  facet normal 0 0 1
    outer loop
      vertex -0.958713 -10.9581 5
      vertex -1.38918 -32.6215 5
      vertex -0.697246 -32.5304 5
    endloop
  endfacet
  facet normal 0 0 1
    outer loop
      vertex -1.91013 -10.8329 5
      vertex -1.38918 -32.6215 5
      vertex -0.958713 -10.9581 5
    endloop
  endfacet
  facet normal 0 0 1
    outer loop
      vertex -1.91013 -10.8329 5
      vertex -2.07055 -32.7726 5
      vertex -1.38918 -32.6215 5
    endloop
  endfacet
  facet normal 0 0 1
    outer loop
      vertex -2.84701 -10.6252 5
      vertex -2.07055 -32.7726 5
      vertex -1.91013 -10.8329 5
    endloop
  endfacet
  facet normal 0 0 1
    outer loop
      vertex -2.07055 -32.7726 5
      vertex -2.84701 -10.6252 5
      vertex -2.73616 -32.9825 5
    endloop
  endfacet
  facet normal 0 0 1
    outer loop
      vertex -3.76222 -10.3366 5
      vertex -2.73616 -32.9825 5
      vertex -2.84701 -10.6252 5
    endloop
  endfacet
  facet normal 0 0 1
    outer loop
      vertex -2.73616 -32.9825 5
      vertex -3.76222 -10.3366 5
      vertex -3.38095 -33.2495 5
    endloop
  endfacet
  facet normal 0 0 1
    outer loop
      vertex -4.6488 -9.96939 5
      vertex -3.38095 -33.2495 5
      vertex -3.76222 -10.3366 5
    endloop
  endfacet
  facet normal 0 0 1
    outer loop
      vertex -3.38095 -33.2495 5
      vertex -4.6488 -9.96939 5
      vertex -4 -33.5718 5
    endloop
  endfacet
  facet normal 0 0 1
    outer loop
      vertex -5.5 -9.52628 5
      vertex -4 -33.5718 5
      vertex -4.6488 -9.96939 5
    endloop
  endfacet
  facet normal 0 0 1
    outer loop
      vertex -4 -33.5718 5
      vertex -5.5 -9.52628 5
      vertex -4.58861 -33.9468 5
    endloop
  endfacet
  facet normal 0 0 1
    outer loop
      vertex -4.58861 -33.9468 5
      vertex -5.5 -9.52628 5
      vertex -5.1423 -34.3716 5
    endloop
  endfacet
  facet normal 0 0 1
    outer loop
      vertex -6.30934 -9.01067 5
      vertex -5.1423 -34.3716 5
      vertex -5.5 -9.52628 5
    endloop
  endfacet
  facet normal 0 0 1
    outer loop
      vertex -5.1423 -34.3716 5
      vertex -6.30934 -9.01067 5
      vertex -5.65685 -34.8431 5
    endloop
  endfacet
  facet normal 0 0 1
    outer loop
      vertex -7.07066 -8.42649 5
      vertex -5.65685 -34.8431 5
      vertex -6.30934 -9.01067 5
    endloop
  endfacet
  facet normal 0 0 1
    outer loop
      vertex -5.65685 -34.8431 5
      vertex -7.07066 -8.42649 5
      vertex -6.12836 -35.3577 5
    endloop
  endfacet
  facet normal 0 0 1
    outer loop
      vertex -7.77817 -7.77817 5
      vertex -6.12836 -35.3577 5
      vertex -7.07066 -8.42649 5
    endloop
  endfacet
  facet normal 0 0 1
    outer loop
      vertex -22.55 -42.0022 5
      vertex -6.12836 -35.3577 5
      vertex -7.77817 -7.77817 5
    endloop
  endfacet
  facet normal 0 0 1
    outer loop
      vertex -22.55 -42.0022 5
      vertex -7.77817 -7.77817 5
      vertex -8.42649 -7.07066 5
    endloop
  endfacet
  facet normal 0 0 1
    outer loop
      vertex -6.12836 -35.3577 5
      vertex -22.55 -42.0022 5
      vertex -6.55322 -35.9114 5
    endloop
  endfacet
  facet normal 0 0 1
    outer loop
      vertex -6.55322 -35.9114 5
      vertex -22.55 -42.0022 5
      vertex -6.9282 -36.5 5
    endloop
  endfacet
  facet normal 0 0 1
    outer loop
      vertex -22.55 -42.0022 5
      vertex -7.25046 -37.1191 5
      vertex -6.9282 -36.5 5
    endloop
  endfacet
  facet normal 0 0 1
    outer loop
      vertex -22.55 -42.0022 5
      vertex -7.51754 -37.7638 5
      vertex -7.25046 -37.1191 5
    endloop
  endfacet
  facet normal 0 0 1
    outer loop
      vertex -22.55 -42.0022 5
      vertex -7.72741 -38.4294 5
      vertex -7.51754 -37.7638 5
    endloop
  endfacet
  facet normal 0 0 1
    outer loop
      vertex -22.55 -42.0022 5
      vertex -7.96956 -39.8028 5
      vertex -7.87846 -39.1108 5
    endloop
  endfacet
  facet normal 0 0 1
    outer loop
      vertex -22.55 -42.0022 5
      vertex -7.87846 -39.1108 5
      vertex -7.72741 -38.4294 5
    endloop
  endfacet
  facet normal -0 0 1
    outer loop
      vertex 8.42649 -7.07066 5
      vertex 40.2173 -33.7463 5
      vertex 9.01067 -6.30934 5
    endloop
  endfacet
  facet normal 0 0 1
    outer loop
      vertex 40.2173 -33.7463 5
      vertex 8.42649 -7.07066 5
      vertex 37.1231 -37.1231 5
    endloop
  endfacet
  facet normal -0 0 1
    outer loop
      vertex 7.77817 -7.77817 5
      vertex 37.1231 -37.1231 5
      vertex 8.42649 -7.07066 5
    endloop
  endfacet
  facet normal -0 0 1
    outer loop
      vertex 6.12836 -35.3577 5
      vertex 37.1231 -37.1231 5
      vertex 7.77817 -7.77817 5
    endloop
  endfacet
  facet normal 0 0 1
    outer loop
      vertex 7.96956 -39.8028 5
      vertex 30.1128 -43.0055 5
      vertex 33.7463 -40.2173 5
    endloop
  endfacet
  facet normal 0 0 1
    outer loop
      vertex 7.96956 -39.8028 5
      vertex 26.25 -45.4663 5
      vertex 30.1128 -43.0055 5
    endloop
  endfacet
  facet normal -0 0 1
    outer loop
      vertex 7.96956 -41.1972 5
      vertex 17.9561 -49.3339 5
      vertex 8 -40.5 5
    endloop
  endfacet
  facet normal 0 0 1
    outer loop
      vertex 22.1875 -47.5812 5
      vertex 8 -40.5 5
      vertex 17.9561 -49.3339 5
    endloop
  endfacet
  facet normal 0 0 1
    outer loop
      vertex 7.96956 -39.8028 5
      vertex 22.1875 -47.5812 5
      vertex 26.25 -45.4663 5
    endloop
  endfacet
  facet normal -0 0 1
    outer loop
      vertex 7.87846 -41.8892 5
      vertex 17.9561 -49.3339 5
      vertex 7.96956 -41.1972 5
    endloop
  endfacet
  facet normal -0 0 1
    outer loop
      vertex 7.72741 -42.5706 5
      vertex 17.9561 -49.3339 5
      vertex 7.87846 -41.8892 5
    endloop
  endfacet
  facet normal 0 0 1
    outer loop
      vertex 17.9561 -49.3339 5
      vertex 7.72741 -42.5706 5
      vertex 13.588 -50.7111 5
    endloop
  endfacet
  facet normal -0 0 1
    outer loop
      vertex 7.51754 -43.2362 5
      vertex 13.588 -50.7111 5
      vertex 7.72741 -42.5706 5
    endloop
  endfacet
  facet normal -0 0 1
    outer loop
      vertex 7.25046 -43.8809 5
      vertex 13.588 -50.7111 5
      vertex 7.51754 -43.2362 5
    endloop
  endfacet
  facet normal -0 0 1
    outer loop
      vertex 6.9282 -44.5 5
      vertex 13.588 -50.7111 5
      vertex 7.25046 -43.8809 5
    endloop
  endfacet
  facet normal -0 0 1
    outer loop
      vertex 6.55322 -45.0886 5
      vertex 13.588 -50.7111 5
      vertex 6.9282 -44.5 5
    endloop
  endfacet
  facet normal 0 0 1
    outer loop
      vertex 13.588 -50.7111 5
      vertex 6.55322 -45.0886 5
      vertex 9.11653 -51.7024 5
    endloop
  endfacet
  facet normal -0 0 1
    outer loop
      vertex 6.12836 -45.6423 5
      vertex 9.11653 -51.7024 5
      vertex 6.55322 -45.0886 5
    endloop
  endfacet
  facet normal -0 0 1
    outer loop
      vertex 5.65685 -46.1569 5
      vertex 9.11653 -51.7024 5
      vertex 6.12836 -45.6423 5
    endloop
  endfacet
  facet normal -0 0 1
    outer loop
      vertex 5.1423 -46.6284 5
      vertex 9.11653 -51.7024 5
      vertex 5.65685 -46.1569 5
    endloop
  endfacet
  facet normal -0 0 1
    outer loop
      vertex 4.58861 -47.0532 5
      vertex 9.11653 -51.7024 5
      vertex 5.1423 -46.6284 5
    endloop
  endfacet
  facet normal 0 0 1
    outer loop
      vertex 4.58861 -47.0532 5
      vertex 4.57568 -52.3002 5
      vertex 9.11653 -51.7024 5
    endloop
  endfacet
  facet normal -0 0 1
    outer loop
      vertex 4 -47.4282 5
      vertex 4.57568 -52.3002 5
      vertex 4.58861 -47.0532 5
    endloop
  endfacet
  facet normal -0 0 1
    outer loop
      vertex 3.38095 -47.7505 5
      vertex 4.57568 -52.3002 5
      vertex 4 -47.4282 5
    endloop
  endfacet
  facet normal -0 0 1
    outer loop
      vertex 2.73616 -48.0175 5
      vertex 4.57568 -52.3002 5
      vertex 3.38095 -47.7505 5
    endloop
  endfacet
  facet normal -0 0 1
    outer loop
      vertex 2.07055 -48.2274 5
      vertex 4.57568 -52.3002 5
      vertex 2.73616 -48.0175 5
    endloop
  endfacet
  facet normal -0 0 1
    outer loop
      vertex 1.38918 -48.3785 5
      vertex 4.57568 -52.3002 5
      vertex 2.07055 -48.2274 5
    endloop
  endfacet
  facet normal 0 0 1
    outer loop
      vertex 0 -52.5 5
      vertex 1.38918 -48.3785 5
      vertex 0.697246 -48.4696 5
    endloop
  endfacet
  facet normal 0 0 1
    outer loop
      vertex 0 -52.5 5
      vertex 0.697246 -48.4696 5
      vertex 0 -48.5 5
    endloop
  endfacet
  facet normal 0 0 1
    outer loop
      vertex 1.38918 -48.3785 5
      vertex 0 -52.5 5
      vertex 4.57568 -52.3002 5
    endloop
  endfacet
  facet normal 0 0 1
    outer loop
      vertex -0.697246 -48.4696 5
      vertex 0 -52.5 5
      vertex 0 -48.5 5
    endloop
  endfacet
  facet normal 0 0 1
    outer loop
      vertex -1.38918 -48.3785 5
      vertex 0 -52.5 5
      vertex -0.697246 -48.4696 5
    endloop
  endfacet
  facet normal 0 0 1
    outer loop
      vertex -4.57568 -52.3002 5
      vertex -1.38918 -48.3785 5
      vertex -2.07055 -48.2274 5
    endloop
  endfacet
  facet normal 0 0 1
    outer loop
      vertex -4.57568 -52.3002 5
      vertex -2.07055 -48.2274 5
      vertex -2.73616 -48.0175 5
    endloop
  endfacet
  facet normal 0 0 1
    outer loop
      vertex -4.57568 -52.3002 5
      vertex -2.73616 -48.0175 5
      vertex -3.38095 -47.7505 5
    endloop
  endfacet
  facet normal 0 0 1
    outer loop
      vertex -4.57568 -52.3002 5
      vertex -3.38095 -47.7505 5
      vertex -4 -47.4282 5
    endloop
  endfacet
  facet normal 0 0 1
    outer loop
      vertex -1.38918 -48.3785 5
      vertex -4.57568 -52.3002 5
      vertex 0 -52.5 5
    endloop
  endfacet
  facet normal 0 0 1
    outer loop
      vertex -4.58861 -47.0532 5
      vertex -4.57568 -52.3002 5
      vertex -4 -47.4282 5
    endloop
  endfacet
  facet normal 0 0 1
    outer loop
      vertex -9.11653 -51.7024 5
      vertex -4.58861 -47.0532 5
      vertex -5.1423 -46.6284 5
    endloop
  endfacet
  facet normal 0 0 1
    outer loop
      vertex -9.11653 -51.7024 5
      vertex -5.1423 -46.6284 5
      vertex -5.65685 -46.1569 5
    endloop
  endfacet
  facet normal 0 0 1
    outer loop
      vertex -9.11653 -51.7024 5
      vertex -5.65685 -46.1569 5
      vertex -6.12836 -45.6423 5
    endloop
  endfacet
  facet normal 0 0 1
    outer loop
      vertex -9.11653 -51.7024 5
      vertex -6.12836 -45.6423 5
      vertex -6.55322 -45.0886 5
    endloop
  endfacet
  facet normal 0 0 1
    outer loop
      vertex -13.588 -50.7111 5
      vertex -6.55322 -45.0886 5
      vertex -6.9282 -44.5 5
    endloop
  endfacet
  facet normal 0 0 1
    outer loop
      vertex -13.588 -50.7111 5
      vertex -6.9282 -44.5 5
      vertex -7.25046 -43.8809 5
    endloop
  endfacet
  facet normal 0 0 1
    outer loop
      vertex -13.588 -50.7111 5
      vertex -7.25046 -43.8809 5
      vertex -7.51754 -43.2362 5
    endloop
  endfacet
  facet normal 0 0 1
    outer loop
      vertex -22.55 -42.0022 5
      vertex -8.42649 -7.07066 5
      vertex -9.01067 -6.30934 5
    endloop
  endfacet
  facet normal 0 0 1
    outer loop
      vertex -4.58861 -47.0532 5
      vertex -9.11653 -51.7024 5
      vertex -4.57568 -52.3002 5
    endloop
  endfacet
  facet normal 0 0 1
    outer loop
      vertex -13.588 -50.7111 5
      vertex -7.51754 -43.2362 5
      vertex -7.72741 -42.5706 5
    endloop
  endfacet
  facet normal 0 0 1
    outer loop
      vertex -17.9561 -49.3339 5
      vertex -7.72741 -42.5706 5
      vertex -7.87846 -41.8892 5
    endloop
  endfacet
  facet normal 0 0 1
    outer loop
      vertex -17.9561 -49.3339 5
      vertex -7.87846 -41.8892 5
      vertex -7.96956 -41.1972 5
    endloop
  endfacet
  facet normal 0 0 1
    outer loop
      vertex -22.55 -42.0022 5
      vertex -7.96956 -41.1972 5
      vertex -8 -40.5 5
    endloop
  endfacet
  facet normal 0 0 1
    outer loop
      vertex -22.55 -42.0022 5
      vertex -8 -40.5 5
      vertex -7.96956 -39.8028 5
    endloop
  endfacet
  facet normal 0 0 1
    outer loop
      vertex -22.55 -42.0022 5
      vertex -9.01067 -6.30934 5
      vertex -9.52628 -5.5 5
    endloop
  endfacet
  facet normal 0 0 1
    outer loop
      vertex -22.55 -42.0022 5
      vertex -9.52628 -5.5 5
      vertex -9.96939 -4.6488 5
    endloop
  endfacet
  facet normal 0 0 1
    outer loop
      vertex -22.55 -42.0022 5
      vertex -9.96939 -4.6488 5
      vertex -10.3366 -3.76222 5
    endloop
  endfacet
  facet normal 0 0 1
    outer loop
      vertex -22.55 -42.0022 5
      vertex -10.3366 -3.76222 5
      vertex -10.6252 -2.84701 5
    endloop
  endfacet
  facet normal 0 0 1
    outer loop
      vertex -22.55 -42.0022 5
      vertex -10.6252 -2.84701 5
      vertex -10.8329 -1.91013 5
    endloop
  endfacet
  facet normal 0 0 1
    outer loop
      vertex -22.55 -42.0022 5
      vertex -10.8329 -1.91013 5
      vertex -10.9581 -0.958713 5
    endloop
  endfacet
  facet normal 0 0 1
    outer loop
      vertex -22.55 -42.0022 5
      vertex -10.9581 -0.958713 5
      vertex -11 0 5
    endloop
  endfacet
  facet normal -0 -0 1
    outer loop
      vertex -27.074 20.25 5
      vertex -5.5 9.52628 5
      vertex -27.1045 20.9472 5
    endloop
  endfacet
  facet normal 0 0 1
    outer loop
      vertex -5.5 9.52628 5
      vertex -27.074 20.25 5
      vertex -6.30934 9.01067 5
    endloop
  endfacet
  facet normal 0 0 1
    outer loop
      vertex -22.5565 41.8541 5
      vertex -17.9561 49.3339 5
      vertex -22.55 42.0022 5
    endloop
  endfacet
  facet normal 0 0 1
    outer loop
      vertex -6.55322 -45.0886 5
      vertex -13.588 -50.7111 5
      vertex -9.11653 -51.7024 5
    endloop
  endfacet
  facet normal 0 0 1
    outer loop
      vertex -22.7093 42.7207 5
      vertex -17.9561 49.3339 5
      vertex -22.1875 47.5812 5
    endloop
  endfacet
  facet normal 0 0 1
    outer loop
      vertex -7.72741 -42.5706 5
      vertex -17.9561 -49.3339 5
      vertex -13.588 -50.7111 5
    endloop
  endfacet
  facet normal 0 0 1
    outer loop
      vertex -22.5565 -42.1504 5
      vertex -7.96956 -41.1972 5
      vertex -22.55 -42.0022 5
    endloop
  endfacet
  facet normal 0 0 1
    outer loop
      vertex -17.9561 49.3339 5
      vertex -22.5565 42.1504 5
      vertex -22.55 42.0022 5
    endloop
  endfacet
  facet normal 0 0 1
    outer loop
      vertex -17.9561 49.3339 5
      vertex -22.5758 42.2974 5
      vertex -22.5565 42.1504 5
    endloop
  endfacet
  facet normal 0 0 1
    outer loop
      vertex -17.9561 49.3339 5
      vertex -22.6079 42.4422 5
      vertex -22.5758 42.2974 5
    endloop
  endfacet
  facet normal 0 0 1
    outer loop
      vertex -17.9561 49.3339 5
      vertex -22.6525 42.5837 5
      vertex -22.6079 42.4422 5
    endloop
  endfacet
  facet normal 0 0 1
    outer loop
      vertex -17.9561 49.3339 5
      vertex -22.7093 42.7207 5
      vertex -22.6525 42.5837 5
    endloop
  endfacet
  facet normal 0 0 1
    outer loop
      vertex -22.1875 47.5812 5
      vertex -22.7778 42.8522 5
      vertex -22.7093 42.7207 5
    endloop
  endfacet
  facet normal 0 0 1
    outer loop
      vertex -22.1875 47.5812 5
      vertex -22.8574 42.9773 5
      vertex -22.7778 42.8522 5
    endloop
  endfacet
  facet normal 0 0 1
    outer loop
      vertex -22.1875 47.5812 5
      vertex -22.9477 43.095 5
      vertex -22.8574 42.9773 5
    endloop
  endfacet
  facet normal 0 0 1
    outer loop
      vertex -22.1875 47.5812 5
      vertex -23.0479 43.2043 5
      vertex -22.9477 43.095 5
    endloop
  endfacet
  facet normal 0 0 1
    outer loop
      vertex -22.1875 47.5812 5
      vertex -23.1573 43.3045 5
      vertex -23.0479 43.2043 5
    endloop
  endfacet
  facet normal 0 0 1
    outer loop
      vertex -22.1875 47.5812 5
      vertex -23.2749 43.3948 5
      vertex -23.1573 43.3045 5
    endloop
  endfacet
  facet normal 0 0 1
    outer loop
      vertex -22.1875 47.5812 5
      vertex -23.4 43.4745 5
      vertex -23.2749 43.3948 5
    endloop
  endfacet
  facet normal 0 0 1
    outer loop
      vertex -22.1875 47.5812 5
      vertex -23.5315 43.543 5
      vertex -23.4 43.4745 5
    endloop
  endfacet
  facet normal 0 0 1
    outer loop
      vertex -22.1875 47.5812 5
      vertex -23.6686 43.5997 5
      vertex -23.5315 43.543 5
    endloop
  endfacet
  facet normal 0 0 1
    outer loop
      vertex -22.1875 47.5812 5
      vertex -23.81 43.6443 5
      vertex -23.6686 43.5997 5
    endloop
  endfacet
  facet normal 0 0 1
    outer loop
      vertex -22.1875 47.5812 5
      vertex -23.9548 43.6764 5
      vertex -23.81 43.6443 5
    endloop
  endfacet
  facet normal 0 0 1
    outer loop
      vertex -22.1875 47.5812 5
      vertex -24.1018 43.6958 5
      vertex -23.9548 43.6764 5
    endloop
  endfacet
  facet normal -0 0 1
    outer loop
      vertex -26.25 45.4663 5
      vertex -24.1018 43.6958 5
      vertex -22.1875 47.5812 5
    endloop
  endfacet
  facet normal 0 0 1
    outer loop
      vertex -24.1018 43.6958 5
      vertex -26.25 45.4663 5
      vertex -24.25 43.7022 5
    endloop
  endfacet
  facet normal 0 0 1
    outer loop
      vertex -24.25 43.7022 5
      vertex -26.25 45.4663 5
      vertex -24.3982 43.6958 5
    endloop
  endfacet
  facet normal 0 0 1
    outer loop
      vertex -24.3982 43.6958 5
      vertex -26.25 45.4663 5
      vertex -24.5452 43.6764 5
    endloop
  endfacet
  facet normal 0 0 1
    outer loop
      vertex -24.5452 43.6764 5
      vertex -26.25 45.4663 5
      vertex -24.69 43.6443 5
    endloop
  endfacet
  facet normal 0 0 1
    outer loop
      vertex -24.69 43.6443 5
      vertex -26.25 45.4663 5
      vertex -24.8314 43.5997 5
    endloop
  endfacet
  facet normal 0 0 1
    outer loop
      vertex -24.8314 43.5997 5
      vertex -26.25 45.4663 5
      vertex -24.9685 43.543 5
    endloop
  endfacet
  facet normal 0 0 1
    outer loop
      vertex -24.9685 43.543 5
      vertex -26.25 45.4663 5
      vertex -25.1 43.4745 5
    endloop
  endfacet
  facet normal 0 0 1
    outer loop
      vertex -25.1 43.4745 5
      vertex -26.25 45.4663 5
      vertex -25.2251 43.3948 5
    endloop
  endfacet
  facet normal 0 0 1
    outer loop
      vertex -25.2251 43.3948 5
      vertex -26.25 45.4663 5
      vertex -25.3427 43.3045 5
    endloop
  endfacet
  facet normal 0 0 1
    outer loop
      vertex -25.3427 43.3045 5
      vertex -26.25 45.4663 5
      vertex -25.4521 43.2043 5
    endloop
  endfacet
  facet normal 0 0 1
    outer loop
      vertex -25.4521 43.2043 5
      vertex -26.25 45.4663 5
      vertex -25.5523 43.095 5
    endloop
  endfacet
  facet normal 0 0 1
    outer loop
      vertex -25.95 42.0022 5
      vertex -30.1128 43.0055 5
      vertex -25.9435 41.8541 5
    endloop
  endfacet
  facet normal 0 0 1
    outer loop
      vertex -25.9242 42.2974 5
      vertex -30.1128 43.0055 5
      vertex -25.9435 42.1504 5
    endloop
  endfacet
  facet normal 0 0 1
    outer loop
      vertex -25.8921 42.4422 5
      vertex -30.1128 43.0055 5
      vertex -25.9242 42.2974 5
    endloop
  endfacet
  facet normal 0 0 1
    outer loop
      vertex -25.8475 42.5837 5
      vertex -30.1128 43.0055 5
      vertex -25.8921 42.4422 5
    endloop
  endfacet
  facet normal 0 0 1
    outer loop
      vertex -25.7907 42.7207 5
      vertex -30.1128 43.0055 5
      vertex -25.8475 42.5837 5
    endloop
  endfacet
  facet normal -0 0 1
    outer loop
      vertex -30.1128 43.0055 5
      vertex -25.7907 42.7207 5
      vertex -26.25 45.4663 5
    endloop
  endfacet
  facet normal 0 0 1
    outer loop
      vertex -25.7222 42.8522 5
      vertex -26.25 45.4663 5
      vertex -25.7907 42.7207 5
    endloop
  endfacet
  facet normal 0 0 1
    outer loop
      vertex -25.6426 42.9773 5
      vertex -26.25 45.4663 5
      vertex -25.7222 42.8522 5
    endloop
  endfacet
  facet normal 0 0 1
    outer loop
      vertex -25.5523 43.095 5
      vertex -26.25 45.4663 5
      vertex -25.6426 42.9773 5
    endloop
  endfacet
  facet normal 0 0 1
    outer loop
      vertex 47.4073 1.30227 5
      vertex 39.074 13.3218 5
      vertex 47.2979 1.20208 5
    endloop
  endfacet
  facet normal -0 0 1
    outer loop
      vertex 38.455 12.9995 5
      vertex 47.2979 1.20208 5
      vertex 39.074 13.3218 5
    endloop
  endfacet
  facet normal 0 0 1
    outer loop
      vertex 47.2979 1.20208 5
      vertex 38.455 12.9995 5
      vertex 47.1977 1.09274 5
    endloop
  endfacet
  facet normal 0 0 1
    outer loop
      vertex 47.1977 1.09274 5
      vertex 38.455 12.9995 5
      vertex 47.1074 0.97508 5
    endloop
  endfacet
  facet normal -0 0 1
    outer loop
      vertex 37.8102 12.7325 5
      vertex 47.1074 0.97508 5
      vertex 38.455 12.9995 5
    endloop
  endfacet
  facet normal 0 0 1
    outer loop
      vertex 47.1074 0.97508 5
      vertex 37.8102 12.7325 5
      vertex 47.0278 0.849999 5
    endloop
  endfacet
  facet normal -0 0 1
    outer loop
      vertex 37.1446 12.5226 5
      vertex 47.0278 0.849999 5
      vertex 37.8102 12.7325 5
    endloop
  endfacet
  facet normal 0 0 1
    outer loop
      vertex 47.0278 0.849999 5
      vertex 37.1446 12.5226 5
      vertex 46.9593 0.718451 5
    endloop
  endfacet
  facet normal 0 0 1
    outer loop
      vertex 46.9593 0.718451 5
      vertex 37.1446 12.5226 5
      vertex 46.9025 0.581433 5
    endloop
  endfacet
  facet normal -0 0 1
    outer loop
      vertex 36.4632 12.3715 5
      vertex 46.9025 0.581433 5
      vertex 37.1446 12.5226 5
    endloop
  endfacet
  facet normal 0 0 1
    outer loop
      vertex 46.9025 0.581433 5
      vertex 36.4632 12.3715 5
      vertex 46.8579 0.439992 5
    endloop
  endfacet
  facet normal -0 0 1
    outer loop
      vertex 35.7713 12.2804 5
      vertex 46.8579 0.439992 5
      vertex 36.4632 12.3715 5
    endloop
  endfacet
  facet normal 0 0 1
    outer loop
      vertex 46.8579 0.439992 5
      vertex 35.7713 12.2804 5
      vertex 46.8258 0.295201 5
    endloop
  endfacet
  facet normal 0 0 1
    outer loop
      vertex 46.8258 0.295201 5
      vertex 35.7713 12.2804 5
      vertex 46.8065 0.148165 5
    endloop
  endfacet
  facet normal -0 0 1
    outer loop
      vertex 35.074 12.25 5
      vertex 46.8065 0.148165 5
      vertex 35.7713 12.2804 5
    endloop
  endfacet
  facet normal 0 0 1
    outer loop
      vertex 46.8065 0.148165 5
      vertex 35.074 12.25 5
      vertex 46.8 0 5
    endloop
  endfacet
  facet normal 0 0 1
    outer loop
      vertex 34.3768 12.2804 5
      vertex 46.8 0 5
      vertex 35.074 12.25 5
    endloop
  endfacet
  facet normal 0 0 1
    outer loop
      vertex 46.8 0 5
      vertex 34.3768 12.2804 5
      vertex 46.8065 -0.148165 5
    endloop
  endfacet
  facet normal 0 0 1
    outer loop
      vertex 33.6848 12.3715 5
      vertex 46.8065 -0.148165 5
      vertex 34.3768 12.2804 5
    endloop
  endfacet
  facet normal 0 0 1
    outer loop
      vertex 33.0035 12.5226 5
      vertex 10.9581 -0.958713 5
      vertex 46.8065 -0.148165 5
    endloop
  endfacet
  facet normal 0 0 1
    outer loop
      vertex 10.3366 -3.76222 5
      vertex 46.9593 -0.718451 5
      vertex 10.6252 -2.84701 5
    endloop
  endfacet
  facet normal 0 0 1
    outer loop
      vertex 47.0278 -0.849999 5
      vertex 10.3366 -3.76222 5
      vertex 49.3339 -17.9561 5
    endloop
  endfacet
  facet normal 0 0 1
    outer loop
      vertex 49.3339 -17.9561 5
      vertex 10.3366 -3.76222 5
      vertex 47.5812 -22.1875 5
    endloop
  endfacet
  facet normal 0 0 1
    outer loop
      vertex 33.0035 12.5226 5
      vertex 46.8065 -0.148165 5
      vertex 33.6848 12.3715 5
    endloop
  endfacet
  facet normal 0 0 1
    outer loop
      vertex 32.3379 12.7325 5
      vertex 10.9581 -0.958713 5
      vertex 33.0035 12.5226 5
    endloop
  endfacet
  facet normal 0 0 1
    outer loop
      vertex 10.9581 -0.958713 5
      vertex 32.3379 12.7325 5
      vertex 11 0 5
    endloop
  endfacet
  facet normal 0 0 1
    outer loop
      vertex 11 0 5
      vertex 32.3379 12.7325 5
      vertex 31.6931 12.9995 5
    endloop
  endfacet
  facet normal 0 0 1
    outer loop
      vertex 11 0 5
      vertex 31.6931 12.9995 5
      vertex 31.074 13.3218 5
    endloop
  endfacet
  facet normal 0 0 1
    outer loop
      vertex 10.9581 0.958713 5
      vertex 31.074 13.3218 5
      vertex 30.4854 13.6968 5
    endloop
  endfacet
  facet normal -0 0 1
    outer loop
      vertex 9.96939 -4.6488 5
      vertex 47.5812 -22.1875 5
      vertex 10.3366 -3.76222 5
    endloop
  endfacet
  facet normal 0 0 1
    outer loop
      vertex 10.8329 1.91013 5
      vertex 30.4854 13.6968 5
      vertex 29.9317 14.1216 5
    endloop
  endfacet
  facet normal 0 0 1
    outer loop
      vertex 10.6252 2.84701 5
      vertex 29.9317 14.1216 5
      vertex 29.4172 14.5931 5
    endloop
  endfacet
  facet normal 0 0 1
    outer loop
      vertex 10.3366 3.76222 5
      vertex 29.4172 14.5931 5
      vertex 28.9457 15.1077 5
    endloop
  endfacet
  facet normal 0 0 1
    outer loop
      vertex 9.96939 4.6488 5
      vertex 28.9457 15.1077 5
      vertex 28.5208 15.6614 5
    endloop
  endfacet
  facet normal 0 0 1
    outer loop
      vertex 9.52628 5.5 5
      vertex 28.5208 15.6614 5
      vertex 28.1458 16.25 5
    endloop
  endfacet
  facet normal 0 0 1
    outer loop
      vertex 9.52628 5.5 5
      vertex 28.1458 16.25 5
      vertex 27.8236 16.8691 5
    endloop
  endfacet
  facet normal 0 0 1
    outer loop
      vertex 9.01067 6.30934 5
      vertex 27.8236 16.8691 5
      vertex 27.5565 17.5138 5
    endloop
  endfacet
  facet normal 0 0 1
    outer loop
      vertex 8.42649 7.07066 5
      vertex 27.5565 17.5138 5
      vertex 27.3466 18.1794 5
    endloop
  endfacet
  facet normal 0 0 1
    outer loop
      vertex 7.77817 7.77817 5
      vertex 27.3466 18.1794 5
      vertex 27.1956 18.8608 5
    endloop
  endfacet
  facet normal 0 0 1
    outer loop
      vertex 7.07066 8.42649 5
      vertex 27.1956 18.8608 5
      vertex 27.1045 19.5528 5
    endloop
  endfacet
  facet normal 0 0 1
    outer loop
      vertex 47.5812 -22.1875 5
      vertex 9.96939 -4.6488 5
      vertex 45.4663 -26.25 5
    endloop
  endfacet
  facet normal 0 0 1
    outer loop
      vertex 6.30934 9.01067 5
      vertex 27.1045 19.5528 5
      vertex 27.074 20.25 5
    endloop
  endfacet
  facet normal 0 -0 1
    outer loop
      vertex 3.76222 10.3366 5
      vertex 27.5565 22.9862 5
      vertex 2.84701 10.6252 5
    endloop
  endfacet
  facet normal 0 0 1
    outer loop
      vertex 27.5565 22.9862 5
      vertex 3.76222 10.3366 5
      vertex 27.3466 22.3206 5
    endloop
  endfacet
  facet normal -0 0 1
    outer loop
      vertex 9.52628 -5.5 5
      vertex 45.4663 -26.25 5
      vertex 9.96939 -4.6488 5
    endloop
  endfacet
  facet normal 0 -0 1
    outer loop
      vertex 4.6488 9.96939 5
      vertex 27.3466 22.3206 5
      vertex 3.76222 10.3366 5
    endloop
  endfacet
  facet normal 0 0 1
    outer loop
      vertex 45.4663 -26.25 5
      vertex 9.52628 -5.5 5
      vertex 43.0055 -30.1128 5
    endloop
  endfacet
  facet normal 0 0 1
    outer loop
      vertex 27.3466 22.3206 5
      vertex 4.6488 9.96939 5
      vertex 27.1956 21.6392 5
    endloop
  endfacet
  facet normal -0 0 1
    outer loop
      vertex 9.01067 -6.30934 5
      vertex 43.0055 -30.1128 5
      vertex 9.52628 -5.5 5
    endloop
  endfacet
  facet normal 0 0 1
    outer loop
      vertex 43.0055 -30.1128 5
      vertex 9.01067 -6.30934 5
      vertex 40.2173 -33.7463 5
    endloop
  endfacet
  facet normal 0 0 1
    outer loop
      vertex 31.074 13.3218 5
      vertex 10.9581 0.958713 5
      vertex 11 0 5
    endloop
  endfacet
  facet normal 0 0 1
    outer loop
      vertex 30.4854 13.6968 5
      vertex 10.8329 1.91013 5
      vertex 10.9581 0.958713 5
    endloop
  endfacet
  facet normal 0 0 1
    outer loop
      vertex 29.9317 14.1216 5
      vertex 10.6252 2.84701 5
      vertex 10.8329 1.91013 5
    endloop
  endfacet
  facet normal 0 0 1
    outer loop
      vertex 29.4172 14.5931 5
      vertex 10.3366 3.76222 5
      vertex 10.6252 2.84701 5
    endloop
  endfacet
  facet normal 0 0 1
    outer loop
      vertex 28.9457 15.1077 5
      vertex 9.96939 4.6488 5
      vertex 10.3366 3.76222 5
    endloop
  endfacet
  facet normal 0 0 1
    outer loop
      vertex 28.5208 15.6614 5
      vertex 9.52628 5.5 5
      vertex 9.96939 4.6488 5
    endloop
  endfacet
  facet normal 0 0 1
    outer loop
      vertex 2.84701 10.6252 5
      vertex 13.588 50.7111 5
      vertex 9.11653 51.7024 5
    endloop
  endfacet
  facet normal 0 0 1
    outer loop
      vertex 27.8236 16.8691 5
      vertex 9.01067 6.30934 5
      vertex 9.52628 5.5 5
    endloop
  endfacet
  facet normal 0 0 1
    outer loop
      vertex 27.5565 17.5138 5
      vertex 8.42649 7.07066 5
      vertex 9.01067 6.30934 5
    endloop
  endfacet
  facet normal 0 0 1
    outer loop
      vertex 27.3466 18.1794 5
      vertex 7.77817 7.77817 5
      vertex 8.42649 7.07066 5
    endloop
  endfacet
  facet normal 0 0 1
    outer loop
      vertex 27.1956 18.8608 5
      vertex 7.07066 8.42649 5
      vertex 7.77817 7.77817 5
    endloop
  endfacet
  facet normal 0 0 1
    outer loop
      vertex 27.1045 19.5528 5
      vertex 6.30934 9.01067 5
      vertex 7.07066 8.42649 5
    endloop
  endfacet
  facet normal 0 0 1
    outer loop
      vertex 27.074 20.25 5
      vertex 5.5 9.52628 5
      vertex 6.30934 9.01067 5
    endloop
  endfacet
  facet normal 0 0 1
    outer loop
      vertex 27.1045 20.9472 5
      vertex 5.5 9.52628 5
      vertex 27.074 20.25 5
    endloop
  endfacet
  facet normal 0 0 1
    outer loop
      vertex 1.91013 10.8329 5
      vertex 9.11653 51.7024 5
      vertex 4.57568 52.3002 5
    endloop
  endfacet
  facet normal 0 -0 1
    outer loop
      vertex 5.5 9.52628 5
      vertex 27.1045 20.9472 5
      vertex 4.6488 9.96939 5
    endloop
  endfacet
  facet normal 0 0 1
    outer loop
      vertex 27.1956 21.6392 5
      vertex 4.6488 9.96939 5
      vertex 27.1045 20.9472 5
    endloop
  endfacet
  facet normal 0 0 1
    outer loop
      vertex 9.11653 51.7024 5
      vertex 1.91013 10.8329 5
      vertex 2.84701 10.6252 5
    endloop
  endfacet
  facet normal 0 0 1
    outer loop
      vertex 4.57568 52.3002 5
      vertex 0.958713 10.9581 5
      vertex 1.91013 10.8329 5
    endloop
  endfacet
  facet normal 0 0 1
    outer loop
      vertex 0 52.5 5
      vertex 0.958713 10.9581 5
      vertex 4.57568 52.3002 5
    endloop
  endfacet
  facet normal 0 0 1
    outer loop
      vertex 0 52.5 5
      vertex 0 11 5
      vertex 0.958713 10.9581 5
    endloop
  endfacet
  facet normal 0 0 1
    outer loop
      vertex 0 52.5 5
      vertex -0.958713 10.9581 5
      vertex 0 11 5
    endloop
  endfacet
  facet normal -0 0 1
    outer loop
      vertex -4.57568 52.3002 5
      vertex -0.958713 10.9581 5
      vertex 0 52.5 5
    endloop
  endfacet
  facet normal 0 0 1
    outer loop
      vertex -0.958713 10.9581 5
      vertex -4.57568 52.3002 5
      vertex -1.91013 10.8329 5
    endloop
  endfacet
  facet normal -0 0 1
    outer loop
      vertex -9.11653 51.7024 5
      vertex -1.91013 10.8329 5
      vertex -4.57568 52.3002 5
    endloop
  endfacet
  facet normal 0 0 1
    outer loop
      vertex -22.5758 41.707 5
      vertex -13.588 50.7111 5
      vertex -22.5565 41.8541 5
    endloop
  endfacet
  facet normal -0 0 1
    outer loop
      vertex -17.9561 49.3339 5
      vertex -22.5565 41.8541 5
      vertex -13.588 50.7111 5
    endloop
  endfacet
  facet normal 0 0 1
    outer loop
      vertex -22.6079 41.5622 5
      vertex -13.588 50.7111 5
      vertex -22.5758 41.707 5
    endloop
  endfacet
  facet normal 0 0 1
    outer loop
      vertex -22.6525 41.4208 5
      vertex -13.588 50.7111 5
      vertex -22.6079 41.5622 5
    endloop
  endfacet
  facet normal -0 0 1
    outer loop
      vertex -13.588 50.7111 5
      vertex -22.6525 41.4208 5
      vertex -9.11653 51.7024 5
    endloop
  endfacet
  facet normal 0 0 1
    outer loop
      vertex -22.7093 41.2838 5
      vertex -9.11653 51.7024 5
      vertex -22.6525 41.4208 5
    endloop
  endfacet
  facet normal 0 0 1
    outer loop
      vertex -9.11653 51.7024 5
      vertex -22.7093 41.2838 5
      vertex -1.91013 10.8329 5
    endloop
  endfacet
  facet normal -0 0 1
    outer loop
      vertex -22.7778 41.1522 5
      vertex -1.91013 10.8329 5
      vertex -22.7093 41.2838 5
    endloop
  endfacet
  facet normal -0 0 1
    outer loop
      vertex -22.8574 41.0272 5
      vertex -1.91013 10.8329 5
      vertex -22.7778 41.1522 5
    endloop
  endfacet
  facet normal 0 0 1
    outer loop
      vertex -1.91013 10.8329 5
      vertex -22.8574 41.0272 5
      vertex -2.84701 10.6252 5
    endloop
  endfacet
  facet normal -0 0 1
    outer loop
      vertex -22.9477 40.9095 5
      vertex -2.84701 10.6252 5
      vertex -22.8574 41.0272 5
    endloop
  endfacet
  facet normal 0 0 1
    outer loop
      vertex -2.84701 10.6252 5
      vertex -22.9477 40.9095 5
      vertex -3.76222 10.3366 5
    endloop
  endfacet
  facet normal -0 0 1
    outer loop
      vertex -27.3466 22.3206 5
      vertex -3.76222 10.3366 5
      vertex -22.9477 40.9095 5
    endloop
  endfacet
  facet normal 0 0 1
    outer loop
      vertex -3.76222 10.3366 5
      vertex -27.3466 22.3206 5
      vertex -4.6488 9.96939 5
    endloop
  endfacet
  facet normal -0 -0 1
    outer loop
      vertex -27.1956 21.6392 5
      vertex -4.6488 9.96939 5
      vertex -27.3466 22.3206 5
    endloop
  endfacet
  facet normal 0 0 1
    outer loop
      vertex -4.6488 9.96939 5
      vertex -27.1956 21.6392 5
      vertex -5.5 9.52628 5
    endloop
  endfacet
  facet normal -0 -0 1
    outer loop
      vertex -27.1045 20.9472 5
      vertex -5.5 9.52628 5
      vertex -27.1956 21.6392 5
    endloop
  endfacet
  facet normal -0 0 1
    outer loop
      vertex 49.8926 0.97508 5
      vertex 52.5 0 5
      vertex 52.3002 4.57568 5
    endloop
  endfacet
  facet normal 0 0 1
    outer loop
      vertex 48.3518 1.69353 5
      vertex 52.3002 4.57568 5
      vertex 51.7024 9.11653 5
    endloop
  endfacet
  facet normal 0 0 1
    outer loop
      vertex 52.5 0 5
      vertex 50.1742 0.295201 5
      vertex 50.1935 0.148165 5
    endloop
  endfacet
  facet normal 0 0 1
    outer loop
      vertex 42.3245 16.8691 5
      vertex 49.3339 17.9561 5
      vertex 42.5916 17.5138 5
    endloop
  endfacet
  facet normal 0 0 1
    outer loop
      vertex 50.1935 -0.148165 5
      vertex 52.5 0 5
      vertex 50.2 0 5
    endloop
  endfacet
  facet normal 0 0 1
    outer loop
      vertex 50.1421 -0.439992 5
      vertex 52.5 0 5
      vertex 50.1742 -0.295201 5
    endloop
  endfacet
  facet normal 0 0 1
    outer loop
      vertex 50.1742 -0.295201 5
      vertex 52.5 0 5
      vertex 50.1935 -0.148165 5
    endloop
  endfacet
  facet normal 0 0 1
    outer loop
      vertex 52.5 0 5
      vertex 50.1935 0.148165 5
      vertex 50.2 0 5
    endloop
  endfacet
  facet normal 0 0 1
    outer loop
      vertex 52.5 0 5
      vertex 50.1421 0.439992 5
      vertex 50.1742 0.295201 5
    endloop
  endfacet
  facet normal 0 0 1
    outer loop
      vertex 52.5 0 5
      vertex 50.0975 0.581433 5
      vertex 50.1421 0.439992 5
    endloop
  endfacet
  facet normal 0 0 1
    outer loop
      vertex 52.5 0 5
      vertex 50.0407 0.718451 5
      vertex 50.0975 0.581433 5
    endloop
  endfacet
  facet normal 0 0 1
    outer loop
      vertex 52.5 0 5
      vertex 49.9722 0.849999 5
      vertex 50.0407 0.718451 5
    endloop
  endfacet
  facet normal 0 0 1
    outer loop
      vertex 52.5 0 5
      vertex 49.8926 0.97508 5
      vertex 49.9722 0.849999 5
    endloop
  endfacet
  facet normal 0 0 1
    outer loop
      vertex 52.3002 4.57568 5
      vertex 49.8023 1.09274 5
      vertex 49.8926 0.97508 5
    endloop
  endfacet
  facet normal 0 0 1
    outer loop
      vertex 52.3002 4.57568 5
      vertex 49.7021 1.20208 5
      vertex 49.8023 1.09274 5
    endloop
  endfacet
  facet normal 0 0 1
    outer loop
      vertex 52.3002 4.57568 5
      vertex 49.5927 1.30227 5
      vertex 49.7021 1.20208 5
    endloop
  endfacet
  facet normal 0 0 1
    outer loop
      vertex 52.3002 4.57568 5
      vertex 49.4751 1.39256 5
      vertex 49.5927 1.30227 5
    endloop
  endfacet
  facet normal 0 0 1
    outer loop
      vertex 52.3002 4.57568 5
      vertex 49.35 1.47224 5
      vertex 49.4751 1.39256 5
    endloop
  endfacet
  facet normal 0 0 1
    outer loop
      vertex 47.5812 22.1875 5
      vertex 43.0436 19.5528 5
      vertex 49.3339 17.9561 5
    endloop
  endfacet
  facet normal 0 0 1
    outer loop
      vertex 52.3002 4.57568 5
      vertex 49.2185 1.54072 5
      vertex 49.35 1.47224 5
    endloop
  endfacet
  facet normal 0 0 1
    outer loop
      vertex 52.3002 4.57568 5
      vertex 49.0814 1.59748 5
      vertex 49.2185 1.54072 5
    endloop
  endfacet
  facet normal 0 0 1
    outer loop
      vertex 52.3002 4.57568 5
      vertex 48.94 1.64207 5
      vertex 49.0814 1.59748 5
    endloop
  endfacet
  facet normal 0 0 1
    outer loop
      vertex 52.3002 4.57568 5
      vertex 48.7952 1.67417 5
      vertex 48.94 1.64207 5
    endloop
  endfacet
  facet normal 0 0 1
    outer loop
      vertex 52.3002 4.57568 5
      vertex 48.6482 1.69353 5
      vertex 48.7952 1.67417 5
    endloop
  endfacet
  facet normal 0 0 1
    outer loop
      vertex 52.3002 4.57568 5
      vertex 48.5 1.7 5
      vertex 48.6482 1.69353 5
    endloop
  endfacet
  facet normal 0 0 1
    outer loop
      vertex 52.3002 4.57568 5
      vertex 48.3518 1.69353 5
      vertex 48.5 1.7 5
    endloop
  endfacet
  facet normal 0 0 1
    outer loop
      vertex 51.7024 9.11653 5
      vertex 48.2048 1.67417 5
      vertex 48.3518 1.69353 5
    endloop
  endfacet
  facet normal 0 0 1
    outer loop
      vertex 51.7024 9.11653 5
      vertex 48.06 1.64207 5
      vertex 48.2048 1.67417 5
    endloop
  endfacet
  facet normal 0 0 1
    outer loop
      vertex 51.7024 9.11653 5
      vertex 47.9186 1.59748 5
      vertex 48.06 1.64207 5
    endloop
  endfacet
  facet normal 0 0 1
    outer loop
      vertex 51.7024 9.11653 5
      vertex 47.7815 1.54072 5
      vertex 47.9186 1.59748 5
    endloop
  endfacet
  facet normal 0 0 1
    outer loop
      vertex 40.2163 14.1216 5
      vertex 47.7815 1.54072 5
      vertex 51.7024 9.11653 5
    endloop
  endfacet
  facet normal 0 0 1
    outer loop
      vertex 43.0436 19.5528 5
      vertex 47.5812 22.1875 5
      vertex 43.074 20.25 5
    endloop
  endfacet
  facet normal -0 0 1
    outer loop
      vertex 42.9525 18.8608 5
      vertex 49.3339 17.9561 5
      vertex 43.0436 19.5528 5
    endloop
  endfacet
  facet normal -0 0 1
    outer loop
      vertex 42.0022 16.25 5
      vertex 50.7111 13.588 5
      vertex 42.3245 16.8691 5
    endloop
  endfacet
  facet normal -0 0 1
    outer loop
      vertex 42.8014 18.1794 5
      vertex 49.3339 17.9561 5
      vertex 42.9525 18.8608 5
    endloop
  endfacet
  facet normal 0 0 1
    outer loop
      vertex 42.5916 17.5138 5
      vertex 49.3339 17.9561 5
      vertex 42.8014 18.1794 5
    endloop
  endfacet
  facet normal 0 0 1
    outer loop
      vertex 49.3339 17.9561 5
      vertex 42.3245 16.8691 5
      vertex 50.7111 13.588 5
    endloop
  endfacet
  facet normal -0 0 1
    outer loop
      vertex 41.6272 15.6614 5
      vertex 50.7111 13.588 5
      vertex 42.0022 16.25 5
    endloop
  endfacet
  facet normal -0 0 1
    outer loop
      vertex 41.2024 15.1077 5
      vertex 50.7111 13.588 5
      vertex 41.6272 15.6614 5
    endloop
  endfacet
  facet normal -0 0 1
    outer loop
      vertex 40.7309 14.5931 5
      vertex 50.7111 13.588 5
      vertex 41.2024 15.1077 5
    endloop
  endfacet
  facet normal 0 0 1
    outer loop
      vertex 50.7111 13.588 5
      vertex 40.7309 14.5931 5
      vertex 51.7024 9.11653 5
    endloop
  endfacet
  facet normal -0 0 1
    outer loop
      vertex 40.2163 14.1216 5
      vertex 51.7024 9.11653 5
      vertex 40.7309 14.5931 5
    endloop
  endfacet
  facet normal -0 0 1
    outer loop
      vertex 39.6626 13.6968 5
      vertex 47.7815 1.54072 5
      vertex 40.2163 14.1216 5
    endloop
  endfacet
  facet normal 0 0 1
    outer loop
      vertex 47.7815 1.54072 5
      vertex 39.6626 13.6968 5
      vertex 47.65 1.47224 5
    endloop
  endfacet
  facet normal -0 0 1
    outer loop
      vertex 42.5916 22.9862 5
      vertex 47.5812 22.1875 5
      vertex 45.4663 26.25 5
    endloop
  endfacet
  facet normal 0 0 1
    outer loop
      vertex 50.0975 -0.581433 5
      vertex 52.5 0 5
      vertex 50.1421 -0.439992 5
    endloop
  endfacet
  facet normal 0 0 1
    outer loop
      vertex 50.0407 -0.718451 5
      vertex 52.5 0 5
      vertex 50.0975 -0.581433 5
    endloop
  endfacet
  facet normal 0 0 1
    outer loop
      vertex 49.9722 -0.849999 5
      vertex 52.5 0 5
      vertex 50.0407 -0.718451 5
    endloop
  endfacet
  facet normal 0 0 1
    outer loop
      vertex 49.8926 -0.97508 5
      vertex 52.5 0 5
      vertex 49.9722 -0.849999 5
    endloop
  endfacet
  facet normal 0 0 1
    outer loop
      vertex 52.5 0 5
      vertex 49.8926 -0.97508 5
      vertex 52.3002 -4.57568 5
    endloop
  endfacet
  facet normal -0 0 1
    outer loop
      vertex 49.8023 -1.09274 5
      vertex 52.3002 -4.57568 5
      vertex 49.8926 -0.97508 5
    endloop
  endfacet
  facet normal -0 0 1
    outer loop
      vertex 49.7021 -1.20208 5
      vertex 52.3002 -4.57568 5
      vertex 49.8023 -1.09274 5
    endloop
  endfacet
  facet normal -0 0 1
    outer loop
      vertex 49.5927 -1.30227 5
      vertex 52.3002 -4.57568 5
      vertex 49.7021 -1.20208 5
    endloop
  endfacet
  facet normal -0 0 1
    outer loop
      vertex 49.4751 -1.39256 5
      vertex 52.3002 -4.57568 5
      vertex 49.5927 -1.30227 5
    endloop
  endfacet
  facet normal -0 0 1
    outer loop
      vertex 49.35 -1.47224 5
      vertex 52.3002 -4.57568 5
      vertex 49.4751 -1.39256 5
    endloop
  endfacet
  facet normal -0 0 1
    outer loop
      vertex 49.2185 -1.54072 5
      vertex 52.3002 -4.57568 5
      vertex 49.35 -1.47224 5
    endloop
  endfacet
  facet normal -0 0 1
    outer loop
      vertex 49.0814 -1.59748 5
      vertex 52.3002 -4.57568 5
      vertex 49.2185 -1.54072 5
    endloop
  endfacet
  facet normal -0 0 1
    outer loop
      vertex 48.94 -1.64207 5
      vertex 52.3002 -4.57568 5
      vertex 49.0814 -1.59748 5
    endloop
  endfacet
  facet normal -0 0 1
    outer loop
      vertex 48.7952 -1.67417 5
      vertex 52.3002 -4.57568 5
      vertex 48.94 -1.64207 5
    endloop
  endfacet
  facet normal -0 0 1
    outer loop
      vertex 48.6482 -1.69353 5
      vertex 52.3002 -4.57568 5
      vertex 48.7952 -1.67417 5
    endloop
  endfacet
  facet normal -0 0 1
    outer loop
      vertex 48.5 -1.7 5
      vertex 52.3002 -4.57568 5
      vertex 48.6482 -1.69353 5
    endloop
  endfacet
  facet normal 0 0 1
    outer loop
      vertex 48.3518 -1.69353 5
      vertex 52.3002 -4.57568 5
      vertex 48.5 -1.7 5
    endloop
  endfacet
  facet normal 0 0 1
    outer loop
      vertex 52.3002 -4.57568 5
      vertex 48.3518 -1.69353 5
      vertex 51.7024 -9.11653 5
    endloop
  endfacet
  facet normal 0 0 1
    outer loop
      vertex 48.2048 -1.67417 5
      vertex 51.7024 -9.11653 5
      vertex 48.3518 -1.69353 5
    endloop
  endfacet
  facet normal 0 0 1
    outer loop
      vertex 48.06 -1.64207 5
      vertex 51.7024 -9.11653 5
      vertex 48.2048 -1.67417 5
    endloop
  endfacet
  facet normal 0 0 1
    outer loop
      vertex 47.9186 -1.59748 5
      vertex 51.7024 -9.11653 5
      vertex 48.06 -1.64207 5
    endloop
  endfacet
  facet normal 0 0 1
    outer loop
      vertex 47.7815 -1.54072 5
      vertex 51.7024 -9.11653 5
      vertex 47.9186 -1.59748 5
    endloop
  endfacet
  facet normal 0 0 1
    outer loop
      vertex 47.65 -1.47224 5
      vertex 51.7024 -9.11653 5
      vertex 47.7815 -1.54072 5
    endloop
  endfacet
  facet normal 0 0 1
    outer loop
      vertex 47.5249 -1.39256 5
      vertex 51.7024 -9.11653 5
      vertex 47.65 -1.47224 5
    endloop
  endfacet
  facet normal 0 0 1
    outer loop
      vertex 51.7024 -9.11653 5
      vertex 47.5249 -1.39256 5
      vertex 50.7111 -13.588 5
    endloop
  endfacet
  facet normal 0 0 1
    outer loop
      vertex 47.4073 -1.30227 5
      vertex 50.7111 -13.588 5
      vertex 47.5249 -1.39256 5
    endloop
  endfacet
  facet normal 0 0 1
    outer loop
      vertex 47.2979 -1.20208 5
      vertex 50.7111 -13.588 5
      vertex 47.4073 -1.30227 5
    endloop
  endfacet
  facet normal 0 0 1
    outer loop
      vertex 47.1977 -1.09274 5
      vertex 50.7111 -13.588 5
      vertex 47.2979 -1.20208 5
    endloop
  endfacet
  facet normal 0 0 1
    outer loop
      vertex 50.7111 -13.588 5
      vertex 47.1977 -1.09274 5
      vertex 49.3339 -17.9561 5
    endloop
  endfacet
  facet normal 0 0 1
    outer loop
      vertex 47.1074 -0.97508 5
      vertex 49.3339 -17.9561 5
      vertex 47.1977 -1.09274 5
    endloop
  endfacet
  facet normal 0 0 1
    outer loop
      vertex 47.0278 -0.849999 5
      vertex 49.3339 -17.9561 5
      vertex 47.1074 -0.97508 5
    endloop
  endfacet
  facet normal 0 0 1
    outer loop
      vertex 46.9593 -0.718451 5
      vertex 10.3366 -3.76222 5
      vertex 47.0278 -0.849999 5
    endloop
  endfacet
  facet normal 0 0 1
    outer loop
      vertex 10.6252 -2.84701 5
      vertex 46.9025 -0.581433 5
      vertex 10.8329 -1.91013 5
    endloop
  endfacet
  facet normal 0 0 1
    outer loop
      vertex 46.8579 -0.439992 5
      vertex 10.8329 -1.91013 5
      vertex 46.9025 -0.581433 5
    endloop
  endfacet
  facet normal 0 0 1
    outer loop
      vertex 46.8258 -0.295201 5
      vertex 10.8329 -1.91013 5
      vertex 46.8579 -0.439992 5
    endloop
  endfacet
  facet normal 0 0 1
    outer loop
      vertex 10.8329 -1.91013 5
      vertex 46.8258 -0.295201 5
      vertex 10.9581 -0.958713 5
    endloop
  endfacet
  facet normal 0 0 1
    outer loop
      vertex 10.9581 -0.958713 5
      vertex 46.8258 -0.295201 5
      vertex 46.8065 -0.148165 5
    endloop
  endfacet
  facet normal -0 0 1
    outer loop
      vertex 39.074 13.3218 5
      vertex 47.5249 1.39256 5
      vertex 39.6626 13.6968 5
    endloop
  endfacet
  facet normal 0 0 1
    outer loop
      vertex 47.65 1.47224 5
      vertex 39.6626 13.6968 5
      vertex 47.5249 1.39256 5
    endloop
  endfacet
  facet normal 0 0 1
    outer loop
      vertex 47.5249 1.39256 5
      vertex 39.074 13.3218 5
      vertex 47.4073 1.30227 5
    endloop
  endfacet
  facet normal 0 0 1
    outer loop
      vertex 46.9025 -0.581433 5
      vertex 10.6252 -2.84701 5
      vertex 46.9593 -0.718451 5
    endloop
  endfacet
  facet normal 0 0 1
    outer loop
      vertex 47.5812 22.1875 5
      vertex 43.0436 20.9472 5
      vertex 43.074 20.25 5
    endloop
  endfacet
  facet normal 0 0 1
    outer loop
      vertex 41.2024 25.3923 5
      vertex 45.4663 26.25 5
      vertex 43.0055 30.1128 5
    endloop
  endfacet
  facet normal 0 0 1
    outer loop
      vertex 47.5812 22.1875 5
      vertex 42.9525 21.6392 5
      vertex 43.0436 20.9472 5
    endloop
  endfacet
  facet normal 0 0 1
    outer loop
      vertex 47.5812 22.1875 5
      vertex 42.8014 22.3206 5
      vertex 42.9525 21.6392 5
    endloop
  endfacet
  facet normal 0 0 1
    outer loop
      vertex 47.5812 22.1875 5
      vertex 42.5916 22.9862 5
      vertex 42.8014 22.3206 5
    endloop
  endfacet
  facet normal 0 0 1
    outer loop
      vertex 45.4663 26.25 5
      vertex 42.3245 23.6309 5
      vertex 42.5916 22.9862 5
    endloop
  endfacet
  facet normal 0 0 1
    outer loop
      vertex 45.4663 26.25 5
      vertex 42.0022 24.25 5
      vertex 42.3245 23.6309 5
    endloop
  endfacet
  facet normal 0 0 1
    outer loop
      vertex 45.4663 26.25 5
      vertex 41.6272 24.8386 5
      vertex 42.0022 24.25 5
    endloop
  endfacet
  facet normal 0 0 1
    outer loop
      vertex 45.4663 26.25 5
      vertex 41.2024 25.3923 5
      vertex 41.6272 24.8386 5
    endloop
  endfacet
  facet normal 0 0 1
    outer loop
      vertex 43.0055 30.1128 5
      vertex 40.7309 25.9069 5
      vertex 41.2024 25.3923 5
    endloop
  endfacet
  facet normal 0 0 1
    outer loop
      vertex 38.455 27.5005 5
      vertex 43.0055 30.1128 5
      vertex 40.2173 33.7463 5
    endloop
  endfacet
  facet normal 0 0 1
    outer loop
      vertex 43.0055 30.1128 5
      vertex 40.2163 26.3784 5
      vertex 40.7309 25.9069 5
    endloop
  endfacet
  facet normal 0 0 1
    outer loop
      vertex 43.0055 30.1128 5
      vertex 39.6626 26.8032 5
      vertex 40.2163 26.3784 5
    endloop
  endfacet
  facet normal 0 0 1
    outer loop
      vertex 43.0055 30.1128 5
      vertex 39.074 27.1782 5
      vertex 39.6626 26.8032 5
    endloop
  endfacet
  facet normal 0 0 1
    outer loop
      vertex 43.0055 30.1128 5
      vertex 38.455 27.5005 5
      vertex 39.074 27.1782 5
    endloop
  endfacet
  facet normal 0 0 1
    outer loop
      vertex 40.2173 33.7463 5
      vertex 37.8102 27.7675 5
      vertex 38.455 27.5005 5
    endloop
  endfacet
  facet normal 0 0 1
    outer loop
      vertex 40.2173 33.7463 5
      vertex 37.1446 27.9774 5
      vertex 37.8102 27.7675 5
    endloop
  endfacet
  facet normal 0 0 1
    outer loop
      vertex 35.7713 28.2196 5
      vertex 40.2173 33.7463 5
      vertex 37.1231 37.1231 5
    endloop
  endfacet
  facet normal 0 0 1
    outer loop
      vertex 40.2173 33.7463 5
      vertex 36.4632 28.1285 5
      vertex 37.1446 27.9774 5
    endloop
  endfacet
  facet normal 0 0 1
    outer loop
      vertex 40.2173 33.7463 5
      vertex 35.7713 28.2196 5
      vertex 36.4632 28.1285 5
    endloop
  endfacet
  facet normal 0 0 1
    outer loop
      vertex 37.1231 37.1231 5
      vertex 35.074 28.25 5
      vertex 35.7713 28.2196 5
    endloop
  endfacet
  facet normal 0 0 1
    outer loop
      vertex 37.1231 37.1231 5
      vertex 34.3768 28.2196 5
      vertex 35.074 28.25 5
    endloop
  endfacet
  facet normal 0 0 1
    outer loop
      vertex 33.0035 27.9774 5
      vertex 37.1231 37.1231 5
      vertex 33.7463 40.2173 5
    endloop
  endfacet
  facet normal 0 0 1
    outer loop
      vertex 37.1231 37.1231 5
      vertex 33.6848 28.1285 5
      vertex 34.3768 28.2196 5
    endloop
  endfacet
  facet normal 0 0 1
    outer loop
      vertex 37.1231 37.1231 5
      vertex 33.0035 27.9774 5
      vertex 33.6848 28.1285 5
    endloop
  endfacet
  facet normal 0 0 1
    outer loop
      vertex 33.7463 40.2173 5
      vertex 32.3379 27.7675 5
      vertex 33.0035 27.9774 5
    endloop
  endfacet
  facet normal 0 0 1
    outer loop
      vertex 33.7463 40.2173 5
      vertex 31.6931 27.5005 5
      vertex 32.3379 27.7675 5
    endloop
  endfacet
  facet normal 0 0 1
    outer loop
      vertex 33.7463 40.2173 5
      vertex 31.074 27.1782 5
      vertex 31.6931 27.5005 5
    endloop
  endfacet
  facet normal 0 0 1
    outer loop
      vertex 30.1128 43.0055 5
      vertex 31.074 27.1782 5
      vertex 33.7463 40.2173 5
    endloop
  endfacet
  facet normal 0 0 1
    outer loop
      vertex 31.074 27.1782 5
      vertex 30.1128 43.0055 5
      vertex 30.4854 26.8032 5
    endloop
  endfacet
  facet normal 0 0 1
    outer loop
      vertex 30.1128 43.0055 5
      vertex 29.9317 26.3784 5
      vertex 30.4854 26.8032 5
    endloop
  endfacet
  facet normal 0 0 1
    outer loop
      vertex 26.25 45.4663 5
      vertex 29.9317 26.3784 5
      vertex 30.1128 43.0055 5
    endloop
  endfacet
  facet normal 0 0 1
    outer loop
      vertex 29.9317 26.3784 5
      vertex 26.25 45.4663 5
      vertex 29.4172 25.9069 5
    endloop
  endfacet
  facet normal 0 0 1
    outer loop
      vertex 29.4172 25.9069 5
      vertex 26.25 45.4663 5
      vertex 28.9457 25.3923 5
    endloop
  endfacet
  facet normal 0 0 1
    outer loop
      vertex 22.1875 47.5812 5
      vertex 28.9457 25.3923 5
      vertex 26.25 45.4663 5
    endloop
  endfacet
  facet normal 0 0 1
    outer loop
      vertex 28.9457 25.3923 5
      vertex 22.1875 47.5812 5
      vertex 28.5208 24.8386 5
    endloop
  endfacet
  facet normal 0 0 1
    outer loop
      vertex 28.5208 24.8386 5
      vertex 22.1875 47.5812 5
      vertex 28.1458 24.25 5
    endloop
  endfacet
  facet normal 0 0 1
    outer loop
      vertex 17.9561 49.3339 5
      vertex 28.1458 24.25 5
      vertex 22.1875 47.5812 5
    endloop
  endfacet
  facet normal 0 0 1
    outer loop
      vertex 28.1458 24.25 5
      vertex 17.9561 49.3339 5
      vertex 27.8236 23.6309 5
    endloop
  endfacet
  facet normal 0 0 1
    outer loop
      vertex 2.84701 10.6252 5
      vertex 27.5565 22.9862 5
      vertex 13.588 50.7111 5
    endloop
  endfacet
  facet normal 0 0 1
    outer loop
      vertex 27.8236 23.6309 5
      vertex 13.588 50.7111 5
      vertex 27.5565 22.9862 5
    endloop
  endfacet
  facet normal 0 0 1
    outer loop
      vertex 13.588 50.7111 5
      vertex 27.8236 23.6309 5
      vertex 17.9561 49.3339 5
    endloop
  endfacet
  facet normal -0.675582 -0.737285 0
    outer loop
      vertex -37.1231 -37.1231 0
      vertex -33.7463 -40.2173 5
      vertex -37.1231 -37.1231 5
    endloop
  endfacet
  facet normal -0.675582 -0.737285 -0
    outer loop
      vertex -33.7463 -40.2173 5
      vertex -37.1231 -37.1231 0
      vertex -33.7463 -40.2173 0
    endloop
  endfacet
  facet normal -0.0436241 -0.999048 0
    outer loop
      vertex -4.57568 -52.3002 0
      vertex 0 -52.5 5
      vertex -4.57568 -52.3002 5
    endloop
  endfacet
  facet normal -0.0436241 -0.999048 -0
    outer loop
      vertex 0 -52.5 5
      vertex -4.57568 -52.3002 0
      vertex 0 -52.5 0
    endloop
  endfacet
  facet normal 0.675582 -0.737285 0
    outer loop
      vertex 33.7463 -40.2173 0
      vertex 37.1231 -37.1231 5
      vertex 33.7463 -40.2173 5
    endloop
  endfacet
  facet normal 0.675582 -0.737285 0
    outer loop
      vertex 37.1231 -37.1231 5
      vertex 33.7463 -40.2173 0
      vertex 37.1231 -37.1231 0
    endloop
  endfacet
  facet normal 0.608778 -0.793341 0
    outer loop
      vertex 30.1128 -43.0055 0
      vertex 33.7463 -40.2173 5
      vertex 30.1128 -43.0055 5
    endloop
  endfacet
  facet normal 0.608778 -0.793341 0
    outer loop
      vertex 33.7463 -40.2173 5
      vertex 30.1128 -43.0055 0
      vertex 33.7463 -40.2173 0
    endloop
  endfacet
  facet normal -0.843399 0.537288 0
    outer loop
      vertex -45.4663 26.25 0
      vertex -43.0055 30.1128 5
      vertex -43.0055 30.1128 0
    endloop
  endfacet
  facet normal -0.843399 0.537288 0
    outer loop
      vertex -43.0055 30.1128 5
      vertex -45.4663 26.25 0
      vertex -45.4663 26.25 5
    endloop
  endfacet
  facet normal 0.300695 0.95372 -0
    outer loop
      vertex 17.9561 49.3339 0
      vertex 13.588 50.7111 5
      vertex 17.9561 49.3339 5
    endloop
  endfacet
  facet normal 0.300695 0.95372 0
    outer loop
      vertex 13.588 50.7111 5
      vertex 17.9561 49.3339 0
      vertex 13.588 50.7111 0
    endloop
  endfacet
  facet normal 0.991446 0.130515 0
    outer loop
      vertex 10.8329 1.91013 14
      vertex 10.9198 1.25 9
      vertex 10.8329 1.91013 5
    endloop
  endfacet
  facet normal 0.991624 0.12916 0.000181988
    outer loop
      vertex 10.8329 1.91013 14
      vertex 10.9204 1.24524 9.10894
      vertex 10.9198 1.25 9
    endloop
  endfacet
  facet normal 0.99133 0.131396 -0.00012728
    outer loop
      vertex 10.8329 1.91013 14
      vertex 10.9223 1.23101 9.21706
      vertex 10.9204 1.24524 9.10894
    endloop
  endfacet
  facet normal 0.991469 0.130346 2.44579e-05
    outer loop
      vertex 10.8329 1.91013 14
      vertex 10.9254 1.20741 9.32352
      vertex 10.9223 1.23101 9.21706
    endloop
  endfacet
  facet normal 0.991494 0.130153 5.3867e-05
    outer loop
      vertex 10.8329 1.91013 14
      vertex 10.9297 1.17461 9.42752
      vertex 10.9254 1.20741 9.32352
    endloop
  endfacet
  facet normal 0.991433 0.130617 -2.20657e-05
    outer loop
      vertex 10.8329 1.91013 14
      vertex 10.9352 1.13288 9.52827
      vertex 10.9297 1.17461 9.42752
    endloop
  endfacet
  facet normal 0.991501 0.130101 6.91791e-05
    outer loop
      vertex 10.8329 1.91013 14
      vertex 10.9418 1.08253 9.625
      vertex 10.9352 1.13288 9.52827
    endloop
  endfacet
  facet normal 0.9913 0.13162 -0.000223128
    outer loop
      vertex 10.8329 1.91013 14
      vertex 10.9496 1.02394 9.71697
      vertex 10.9418 1.08253 9.625
    endloop
  endfacet
  facet normal 0.991452 0.130468 -0
    outer loop
      vertex 10.9581 0.958713 9.80198
      vertex 10.8329 1.91013 14
      vertex 10.9581 0.958713 14
    endloop
  endfacet
  facet normal 0.991579 0.129506 0.000221896
    outer loop
      vertex 10.8329 1.91013 14
      vertex 10.9581 0.958713 9.80198
      vertex 10.9496 1.02394 9.71697
    endloop
  endfacet
  facet normal 0.991596 0.129374 -0.000191506
    outer loop
      vertex 10.9204 1.24524 8.89106
      vertex 10.8329 1.91013 5
      vertex 10.9198 1.25 9
    endloop
  endfacet
  facet normal 0.991344 0.13129 0.000141514
    outer loop
      vertex 10.9223 1.23101 8.78294
      vertex 10.8329 1.91013 5
      vertex 10.9204 1.24524 8.89106
    endloop
  endfacet
  facet normal 0.991467 0.130361 -2.80302e-05
    outer loop
      vertex 10.9254 1.20741 8.67648
      vertex 10.8329 1.91013 5
      vertex 10.9223 1.23101 8.78294
    endloop
  endfacet
  facet normal 0.99149 0.130182 -6.29874e-05
    outer loop
      vertex 10.9297 1.17461 8.57247
      vertex 10.8329 1.91013 5
      vertex 10.9254 1.20741 8.67648
    endloop
  endfacet
  facet normal 0.991434 0.130607 2.61924e-05
    outer loop
      vertex 10.9352 1.13288 8.47173
      vertex 10.8329 1.91013 5
      vertex 10.9297 1.17461 8.57247
    endloop
  endfacet
  facet normal 0.991497 0.130128 -8.31123e-05
    outer loop
      vertex 10.9418 1.08253 8.375
      vertex 10.8329 1.91013 5
      vertex 10.9352 1.13288 8.47173
    endloop
  endfacet
  facet normal 0.99131 0.131546 0.000270868
    outer loop
      vertex 10.9496 1.02394 8.28303
      vertex 10.8329 1.91013 5
      vertex 10.9418 1.08253 8.375
    endloop
  endfacet
  facet normal 0.99157 0.12957 -0.000271893
    outer loop
      vertex 10.9581 0.958713 8.19802
      vertex 10.8329 1.91013 5
      vertex 10.9496 1.02394 8.28303
    endloop
  endfacet
  facet normal 0.991452 0.130468 0
    outer loop
      vertex 10.8329 1.91013 5
      vertex 10.9581 0.958713 8.19802
      vertex 10.9581 0.958713 5
    endloop
  endfacet
  facet normal 0.996292 0.0860356 0
    outer loop
      vertex 10.9581 0.958713 14
      vertex 10.9582 0.957555 9.80348
      vertex 10.9581 0.958713 9.80198
    endloop
  endfacet
  facet normal 0.999057 0.0434077 1.18287e-05
    outer loop
      vertex 10.9581 0.958713 14
      vertex 10.9614 0.883883 9.88388
      vertex 10.9582 0.957555 9.80348
    endloop
  endfacet
  facet normal 0.999053 0.043501 1.01309e-05
    outer loop
      vertex 10.9581 0.958713 14
      vertex 10.9649 0.803484 9.95755
      vertex 10.9614 0.883883 9.88388
    endloop
  endfacet
  facet normal 0.999037 0.0438779 -4.37045e-06
    outer loop
      vertex 10.9581 0.958713 14
      vertex 10.9687 0.71697 10.0239
      vertex 10.9649 0.803484 9.95755
    endloop
  endfacet
  facet normal 0.999055 0.0434646 2.08044e-05
    outer loop
      vertex 10.9581 0.958713 14
      vertex 10.9727 0.625 10.0825
      vertex 10.9687 0.71697 10.0239
    endloop
  endfacet
  facet normal 0.999058 0.0433942 2.6809e-05
    outer loop
      vertex 10.9581 0.958713 14
      vertex 10.9769 0.528273 10.1329
      vertex 10.9727 0.625 10.0825
    endloop
  endfacet
  facet normal 0.999048 0.0436319 3.09849e-07
    outer loop
      vertex 10.9581 0.958713 14
      vertex 10.9813 0.427525 10.1746
      vertex 10.9769 0.528273 10.1329
    endloop
  endfacet
  facet normal 0.999024 0.0441639 -7.37155e-05
    outer loop
      vertex 10.9581 0.958713 14
      vertex 10.9859 0.323524 10.2074
      vertex 10.9813 0.427525 10.1746
    endloop
  endfacet
  facet normal 0.999067 0.0431868 9.02521e-05
    outer loop
      vertex 10.9581 0.958713 14
      vertex 10.9905 0.21706 10.231
      vertex 10.9859 0.323524 10.2074
    endloop
  endfacet
  facet normal 0.999046 0.0436627 -3.5831e-06
    outer loop
      vertex 11 0 14
      vertex 10.9905 0.21706 10.231
      vertex 10.9581 0.958713 14
    endloop
  endfacet
  facet normal 0.999057 0.0434286 -1.70953e-05
    outer loop
      vertex 10.9905 0.21706 10.231
      vertex 11 0 14
      vertex 10.9952 0.108944 10.2452
    endloop
  endfacet
  facet normal 0.999031 0.0440166 0
    outer loop
      vertex 10.9952 0.108944 10.2452
      vertex 11 0 14
      vertex 11 0 10.25
    endloop
  endfacet
  facet normal 0.996292 0.0860356 0
    outer loop
      vertex 10.9582 0.957555 8.19652
      vertex 10.9581 0.958713 5
      vertex 10.9581 0.958713 8.19802
    endloop
  endfacet
  facet normal 0.999057 0.0434118 -1.55278e-05
    outer loop
      vertex 10.9614 0.883883 8.11612
      vertex 10.9581 0.958713 5
      vertex 10.9582 0.957555 8.19652
    endloop
  endfacet
  facet normal 0.999053 0.0435039 -1.33119e-05
    outer loop
      vertex 10.9649 0.803484 8.04244
      vertex 10.9581 0.958713 5
      vertex 10.9614 0.883883 8.11612
    endloop
  endfacet
  facet normal 0.999037 0.0438768 5.75276e-06
    outer loop
      vertex 10.9687 0.71697 7.97606
      vertex 10.9581 0.958713 5
      vertex 10.9649 0.803484 8.04244
    endloop
  endfacet
  facet normal 0.999055 0.0434688 -2.74515e-05
    outer loop
      vertex 10.9727 0.625 7.91747
      vertex 10.9581 0.958713 5
      vertex 10.9687 0.71697 7.97606
    endloop
  endfacet
  facet normal 0.999058 0.0433987 -3.54835e-05
    outer loop
      vertex 10.9769 0.528273 7.86712
      vertex 10.9581 0.958713 5
      vertex 10.9727 0.625 7.91747
    endloop
  endfacet
  facet normal 0.999048 0.0436319 -4.11571e-07
    outer loop
      vertex 10.9813 0.427525 7.82538
      vertex 10.9581 0.958713 5
      vertex 10.9769 0.528273 7.86712
    endloop
  endfacet
  facet normal 0.999025 0.0441562 9.83477e-05
    outer loop
      vertex 10.9859 0.323524 7.79259
      vertex 10.9581 0.958713 5
      vertex 10.9813 0.427525 7.82538
    endloop
  endfacet
  facet normal 0.999067 0.0431936 -0.00012102
    outer loop
      vertex 10.9905 0.21706 7.76899
      vertex 10.9581 0.958713 5
      vertex 10.9859 0.323524 7.79259
    endloop
  endfacet
  facet normal 0.999057 0.0434277 2.3334e-05
    outer loop
      vertex 11 0 5
      vertex 10.9905 0.21706 7.76899
      vertex 10.9952 0.108944 7.75476
    endloop
  endfacet
  facet normal 0.999031 0.0440166 -0
    outer loop
      vertex 11 0 5
      vertex 10.9952 0.108944 7.75476
      vertex 11 0 7.75
    endloop
  endfacet
  facet normal 0.999046 0.0436627 4.87712e-06
    outer loop
      vertex 10.9905 0.21706 7.76899
      vertex 11 0 5
      vertex 10.9581 0.958713 5
    endloop
  endfacet
  facet normal 0.976296 0.216438 0
    outer loop
      vertex 10.8329 1.91013 14
      vertex 10.6252 2.84701 5
      vertex 10.6252 2.84701 14
    endloop
  endfacet
  facet normal 0.976296 0.216438 0
    outer loop
      vertex 10.6252 2.84701 5
      vertex 10.8329 1.91013 14
      vertex 10.8329 1.91013 5
    endloop
  endfacet
  facet normal -0.461751 0.887009 0
    outer loop
      vertex -4.6488 9.96939 5
      vertex -5.5 9.52628 14
      vertex -4.6488 9.96939 14
    endloop
  endfacet
  facet normal -0.461751 0.887009 0
    outer loop
      vertex -5.5 9.52628 14
      vertex -4.6488 9.96939 5
      vertex -5.5 9.52628 5
    endloop
  endfacet
  facet normal -0.216438 -0.976296 0
    outer loop
      vertex -2.84701 -10.6252 5
      vertex -1.91013 -10.8329 14
      vertex -2.84701 -10.6252 14
    endloop
  endfacet
  facet normal -0.216438 -0.976296 -0
    outer loop
      vertex -1.91013 -10.8329 14
      vertex -2.84701 -10.6252 5
      vertex -1.91013 -10.8329 5
    endloop
  endfacet
  facet normal 0.953706 -0.300739 0
    outer loop
      vertex 10.3366 -3.76222 14
      vertex 10.6252 -2.84701 5
      vertex 10.6252 -2.84701 14
    endloop
  endfacet
  facet normal 0.953706 -0.300739 0
    outer loop
      vertex 10.6252 -2.84701 5
      vertex 10.3366 -3.76222 14
      vertex 10.3366 -3.76222 5
    endloop
  endfacet
  facet normal -0.675594 -0.737274 0
    outer loop
      vertex -7.77817 -7.77817 5
      vertex -7.07066 -8.42649 14
      vertex -7.77817 -7.77817 14
    endloop
  endfacet
  facet normal -0.675594 -0.737274 -0
    outer loop
      vertex -7.07066 -8.42649 14
      vertex -7.77817 -7.77817 5
      vertex -7.07066 -8.42649 5
    endloop
  endfacet
  facet normal -0.537302 -0.84339 0
    outer loop
      vertex -6.30934 -9.01067 5
      vertex -5.5 -9.52628 14
      vertex -6.30934 -9.01067 14
    endloop
  endfacet
  facet normal -0.537302 -0.84339 -0
    outer loop
      vertex -5.5 -9.52628 14
      vertex -6.30934 -9.01067 5
      vertex -5.5 -9.52628 5
    endloop
  endfacet
  facet normal 0.537302 -0.84339 0
    outer loop
      vertex 5.5 -9.52628 5
      vertex 6.30934 -9.01067 14
      vertex 5.5 -9.52628 14
    endloop
  endfacet
  facet normal 0.537302 -0.84339 0
    outer loop
      vertex 6.30934 -9.01067 14
      vertex 5.5 -9.52628 5
      vertex 6.30934 -9.01067 5
    endloop
  endfacet
  facet normal -0.923888 -0.382663 0
    outer loop
      vertex -9.96939 -4.6488 5
      vertex -10.3366 -3.76222 14
      vertex -10.3366 -3.76222 5
    endloop
  endfacet
  facet normal -0.923888 -0.382663 0
    outer loop
      vertex -10.3366 -3.76222 14
      vertex -9.96939 -4.6488 5
      vertex -9.96939 -4.6488 14
    endloop
  endfacet
  facet normal -0.887009 0.461751 0
    outer loop
      vertex -9.96939 4.6488 5
      vertex -9.52628 5.5 14
      vertex -9.52628 5.5 5
    endloop
  endfacet
  facet normal -0.887009 0.461751 0
    outer loop
      vertex -9.52628 5.5 14
      vertex -9.96939 4.6488 5
      vertex -9.96939 4.6488 14
    endloop
  endfacet
  facet normal -0.608761 0.793354 0
    outer loop
      vertex -6.30934 9.01067 5
      vertex -7.07066 8.42649 14
      vertex -6.30934 9.01067 14
    endloop
  endfacet
  facet normal -0.608761 0.793354 0
    outer loop
      vertex -7.07066 8.42649 14
      vertex -6.30934 9.01067 5
      vertex -7.07066 8.42649 5
    endloop
  endfacet
  facet normal -0.130468 -0.991452 0
    outer loop
      vertex -1.91013 -10.8329 5
      vertex -0.958713 -10.9581 14
      vertex -1.91013 -10.8329 14
    endloop
  endfacet
  facet normal -0.130468 -0.991452 -0
    outer loop
      vertex -0.958713 -10.9581 14
      vertex -1.91013 -10.8329 5
      vertex -0.958713 -10.9581 5
    endloop
  endfacet
  facet normal -0.976296 -0.216438 0
    outer loop
      vertex -10.6252 -2.84701 5
      vertex -10.8329 -1.91013 14
      vertex -10.8329 -1.91013 5
    endloop
  endfacet
  facet normal -0.976296 -0.216438 0
    outer loop
      vertex -10.8329 -1.91013 14
      vertex -10.6252 -2.84701 5
      vertex -10.6252 -2.84701 14
    endloop
  endfacet
  facet normal 0.675594 0.737274 -0
    outer loop
      vertex 7.77817 7.77817 5
      vertex 7.07066 8.42649 14
      vertex 7.77817 7.77817 14
    endloop
  endfacet
  facet normal 0.675594 0.737274 0
    outer loop
      vertex 7.07066 8.42649 14
      vertex 7.77817 7.77817 5
      vertex 7.07066 8.42649 5
    endloop
  endfacet
  facet normal 0.608761 0.793354 -0
    outer loop
      vertex 7.07066 8.42649 5
      vertex 6.30934 9.01067 14
      vertex 7.07066 8.42649 14
    endloop
  endfacet
  facet normal 0.608761 0.793354 0
    outer loop
      vertex 6.30934 9.01067 14
      vertex 7.07066 8.42649 5
      vertex 6.30934 9.01067 5
    endloop
  endfacet
  facet normal 0.953706 0.300739 0
    outer loop
      vertex 10.6252 2.84701 14
      vertex 10.3366 3.76222 5
      vertex 10.3366 3.76222 14
    endloop
  endfacet
  facet normal 0.953706 0.300739 0
    outer loop
      vertex 10.3366 3.76222 5
      vertex 10.6252 2.84701 14
      vertex 10.6252 2.84701 5
    endloop
  endfacet
  facet normal 0.793354 0.608761 0
    outer loop
      vertex 9.01067 6.30934 14
      vertex 8.42649 7.07066 5
      vertex 8.42649 7.07066 14
    endloop
  endfacet
  facet normal 0.793354 0.608761 0
    outer loop
      vertex 8.42649 7.07066 5
      vertex 9.01067 6.30934 14
      vertex 9.01067 6.30934 5
    endloop
  endfacet
  facet normal 0.84339 0.537302 0
    outer loop
      vertex 9.52628 5.5 14
      vertex 9.01067 6.30934 5
      vertex 9.01067 6.30934 14
    endloop
  endfacet
  facet normal 0.84339 0.537302 0
    outer loop
      vertex 9.01067 6.30934 5
      vertex 9.52628 5.5 14
      vertex 9.52628 5.5 5
    endloop
  endfacet
  facet normal -0.793354 -0.608761 0
    outer loop
      vertex -8.42649 -7.07066 5
      vertex -9.01067 -6.30934 14
      vertex -9.01067 -6.30934 5
    endloop
  endfacet
  facet normal -0.793354 -0.608761 0
    outer loop
      vertex -9.01067 -6.30934 14
      vertex -8.42649 -7.07066 5
      vertex -8.42649 -7.07066 14
    endloop
  endfacet
  facet normal 0.130468 -0.991452 0
    outer loop
      vertex 0.958713 -10.9581 5
      vertex 1.91013 -10.8329 14
      vertex 0.958713 -10.9581 14
    endloop
  endfacet
  facet normal 0.130468 -0.991452 0
    outer loop
      vertex 1.91013 -10.8329 14
      vertex 0.958713 -10.9581 5
      vertex 1.91013 -10.8329 5
    endloop
  endfacet
  facet normal 0.216438 -0.976296 0
    outer loop
      vertex 1.91013 -10.8329 5
      vertex 2.84701 -10.6252 14
      vertex 1.91013 -10.8329 14
    endloop
  endfacet
  facet normal 0.216438 -0.976296 0
    outer loop
      vertex 2.84701 -10.6252 14
      vertex 1.91013 -10.8329 5
      vertex 2.84701 -10.6252 5
    endloop
  endfacet
  facet normal 0.999031 -0.0440166 0
    outer loop
      vertex 11 0 14
      vertex 10.9952 -0.108944 10.2452
      vertex 11 0 10.25
    endloop
  endfacet
  facet normal 0.999057 -0.0434286 -1.70953e-05
    outer loop
      vertex 11 0 14
      vertex 10.9905 -0.21706 10.231
      vertex 10.9952 -0.108944 10.2452
    endloop
  endfacet
  facet normal 0.999046 -0.0436627 -3.5831e-06
    outer loop
      vertex 10.9581 -0.958713 14
      vertex 10.9905 -0.21706 10.231
      vertex 11 0 14
    endloop
  endfacet
  facet normal 0.999067 -0.0431868 9.02521e-05
    outer loop
      vertex 10.9905 -0.21706 10.231
      vertex 10.9581 -0.958713 14
      vertex 10.9859 -0.323524 10.2074
    endloop
  endfacet
  facet normal 0.999024 -0.0441639 -7.37155e-05
    outer loop
      vertex 10.9859 -0.323524 10.2074
      vertex 10.9581 -0.958713 14
      vertex 10.9813 -0.427525 10.1746
    endloop
  endfacet
  facet normal 0.999048 -0.0436319 3.09849e-07
    outer loop
      vertex 10.9813 -0.427525 10.1746
      vertex 10.9581 -0.958713 14
      vertex 10.9769 -0.528273 10.1329
    endloop
  endfacet
  facet normal 0.999058 -0.0433942 2.6809e-05
    outer loop
      vertex 10.9769 -0.528273 10.1329
      vertex 10.9581 -0.958713 14
      vertex 10.9727 -0.625 10.0825
    endloop
  endfacet
  facet normal 0.999055 -0.0434646 2.08044e-05
    outer loop
      vertex 10.9727 -0.625 10.0825
      vertex 10.9581 -0.958713 14
      vertex 10.9687 -0.71697 10.0239
    endloop
  endfacet
  facet normal 0.999037 -0.0438779 -4.37045e-06
    outer loop
      vertex 10.9687 -0.71697 10.0239
      vertex 10.9581 -0.958713 14
      vertex 10.9649 -0.803484 9.95755
    endloop
  endfacet
  facet normal 0.999053 -0.043501 1.01309e-05
    outer loop
      vertex 10.9649 -0.803484 9.95755
      vertex 10.9581 -0.958713 14
      vertex 10.9614 -0.883883 9.88388
    endloop
  endfacet
  facet normal 0.999057 -0.0434077 1.18287e-05
    outer loop
      vertex 10.9614 -0.883883 9.88388
      vertex 10.9581 -0.958713 14
      vertex 10.9582 -0.957555 9.80348
    endloop
  endfacet
  facet normal 0.996292 -0.0860356 0
    outer loop
      vertex 10.9582 -0.957555 9.80348
      vertex 10.9581 -0.958713 14
      vertex 10.9581 -0.958713 9.80198
    endloop
  endfacet
  facet normal 0.999031 -0.0440166 0
    outer loop
      vertex 10.9952 -0.108944 7.75476
      vertex 11 0 5
      vertex 11 0 7.75
    endloop
  endfacet
  facet normal 0.999057 -0.0434277 2.3334e-05
    outer loop
      vertex 10.9905 -0.21706 7.76899
      vertex 11 0 5
      vertex 10.9952 -0.108944 7.75476
    endloop
  endfacet
  facet normal 0.999067 -0.0431936 -0.00012102
    outer loop
      vertex 10.9581 -0.958713 5
      vertex 10.9905 -0.21706 7.76899
      vertex 10.9859 -0.323524 7.79259
    endloop
  endfacet
  facet normal 0.999025 -0.0441562 9.83477e-05
    outer loop
      vertex 10.9581 -0.958713 5
      vertex 10.9859 -0.323524 7.79259
      vertex 10.9813 -0.427525 7.82538
    endloop
  endfacet
  facet normal 0.999048 -0.0436319 -4.11571e-07
    outer loop
      vertex 10.9581 -0.958713 5
      vertex 10.9813 -0.427525 7.82538
      vertex 10.9769 -0.528273 7.86712
    endloop
  endfacet
  facet normal 0.999058 -0.0433987 -3.54835e-05
    outer loop
      vertex 10.9581 -0.958713 5
      vertex 10.9769 -0.528273 7.86712
      vertex 10.9727 -0.625 7.91747
    endloop
  endfacet
  facet normal 0.999055 -0.0434688 -2.74515e-05
    outer loop
      vertex 10.9581 -0.958713 5
      vertex 10.9727 -0.625 7.91747
      vertex 10.9687 -0.71697 7.97606
    endloop
  endfacet
  facet normal 0.999037 -0.0438768 5.75276e-06
    outer loop
      vertex 10.9581 -0.958713 5
      vertex 10.9687 -0.71697 7.97606
      vertex 10.9649 -0.803484 8.04244
    endloop
  endfacet
  facet normal 0.999053 -0.0435039 -1.33119e-05
    outer loop
      vertex 10.9581 -0.958713 5
      vertex 10.9649 -0.803484 8.04244
      vertex 10.9614 -0.883883 8.11612
    endloop
  endfacet
  facet normal 0.999057 -0.0434118 -1.55278e-05
    outer loop
      vertex 10.9581 -0.958713 5
      vertex 10.9614 -0.883883 8.11612
      vertex 10.9582 -0.957555 8.19652
    endloop
  endfacet
  facet normal 0.996292 -0.0860356 0
    outer loop
      vertex 10.9581 -0.958713 5
      vertex 10.9582 -0.957555 8.19652
      vertex 10.9581 -0.958713 8.19802
    endloop
  endfacet
  facet normal 0.999046 -0.0436627 4.87712e-06
    outer loop
      vertex 10.9905 -0.21706 7.76899
      vertex 10.9581 -0.958713 5
      vertex 11 0 5
    endloop
  endfacet
  facet normal 0.887009 -0.461751 0
    outer loop
      vertex 9.52628 -5.5 14
      vertex 9.96939 -4.6488 5
      vertex 9.96939 -4.6488 14
    endloop
  endfacet
  facet normal 0.887009 -0.461751 0
    outer loop
      vertex 9.96939 -4.6488 5
      vertex 9.52628 -5.5 14
      vertex 9.52628 -5.5 5
    endloop
  endfacet
  facet normal 0.737274 -0.675594 0
    outer loop
      vertex 7.77817 -7.77817 14
      vertex 8.42649 -7.07066 5
      vertex 8.42649 -7.07066 14
    endloop
  endfacet
  facet normal 0.737274 -0.675594 0
    outer loop
      vertex 8.42649 -7.07066 5
      vertex 7.77817 -7.77817 14
      vertex 7.77817 -7.77817 5
    endloop
  endfacet
  facet normal -0.461751 -0.887009 0
    outer loop
      vertex -5.5 -9.52628 5
      vertex -4.6488 -9.96939 14
      vertex -5.5 -9.52628 14
    endloop
  endfacet
  facet normal -0.461751 -0.887009 -0
    outer loop
      vertex -4.6488 -9.96939 14
      vertex -5.5 -9.52628 5
      vertex -4.6488 -9.96939 5
    endloop
  endfacet
  facet normal 0.461751 -0.887009 0
    outer loop
      vertex 4.6488 -9.96939 5
      vertex 5.5 -9.52628 14
      vertex 4.6488 -9.96939 14
    endloop
  endfacet
  facet normal 0.461751 -0.887009 0
    outer loop
      vertex 5.5 -9.52628 14
      vertex 4.6488 -9.96939 5
      vertex 5.5 -9.52628 5
    endloop
  endfacet
  facet normal -0.953706 -0.300739 0
    outer loop
      vertex -10.3366 -3.76222 5
      vertex -10.6252 -2.84701 14
      vertex -10.6252 -2.84701 5
    endloop
  endfacet
  facet normal -0.953706 -0.300739 0
    outer loop
      vertex -10.6252 -2.84701 14
      vertex -10.3366 -3.76222 5
      vertex -10.3366 -3.76222 14
    endloop
  endfacet
  facet normal 0.537302 0.84339 -0
    outer loop
      vertex 6.30934 9.01067 5
      vertex 5.5 9.52628 14
      vertex 6.30934 9.01067 14
    endloop
  endfacet
  facet normal 0.537302 0.84339 0
    outer loop
      vertex 5.5 9.52628 14
      vertex 6.30934 9.01067 5
      vertex 5.5 9.52628 5
    endloop
  endfacet
  facet normal 0.382663 0.923888 -0
    outer loop
      vertex 4.6488 9.96939 5
      vertex 3.76222 10.3366 14
      vertex 4.6488 9.96939 14
    endloop
  endfacet
  facet normal 0.382663 0.923888 0
    outer loop
      vertex 3.76222 10.3366 14
      vertex 4.6488 9.96939 5
      vertex 3.76222 10.3366 5
    endloop
  endfacet
  facet normal -0.300739 0.953706 0
    outer loop
      vertex -2.84701 10.6252 5
      vertex -3.76222 10.3366 14
      vertex -2.84701 10.6252 14
    endloop
  endfacet
  facet normal -0.300739 0.953706 0
    outer loop
      vertex -3.76222 10.3366 14
      vertex -2.84701 10.6252 5
      vertex -3.76222 10.3366 5
    endloop
  endfacet
  facet normal 0.0436627 -0.999046 0
    outer loop
      vertex 0 -11 5
      vertex 0.958713 -10.9581 14
      vertex 0 -11 14
    endloop
  endfacet
  facet normal 0.0436627 -0.999046 0
    outer loop
      vertex 0.958713 -10.9581 14
      vertex 0 -11 5
      vertex 0.958713 -10.9581 5
    endloop
  endfacet
  facet normal 0.84339 -0.537302 0
    outer loop
      vertex 9.01067 -6.30934 14
      vertex 9.52628 -5.5 5
      vertex 9.52628 -5.5 14
    endloop
  endfacet
  facet normal 0.84339 -0.537302 0
    outer loop
      vertex 9.52628 -5.5 5
      vertex 9.01067 -6.30934 14
      vertex 9.01067 -6.30934 5
    endloop
  endfacet
  facet normal 0.737274 0.675594 0
    outer loop
      vertex 8.42649 7.07066 14
      vertex 7.77817 7.77817 5
      vertex 7.77817 7.77817 14
    endloop
  endfacet
  facet normal 0.737274 0.675594 0
    outer loop
      vertex 7.77817 7.77817 5
      vertex 8.42649 7.07066 14
      vertex 8.42649 7.07066 5
    endloop
  endfacet
  facet normal 0.887009 0.461751 0
    outer loop
      vertex 9.96939 4.6488 14
      vertex 9.52628 5.5 5
      vertex 9.52628 5.5 14
    endloop
  endfacet
  facet normal 0.887009 0.461751 0
    outer loop
      vertex 9.52628 5.5 5
      vertex 9.96939 4.6488 14
      vertex 9.96939 4.6488 5
    endloop
  endfacet
  facet normal 0.923888 -0.382663 0
    outer loop
      vertex 9.96939 -4.6488 14
      vertex 10.3366 -3.76222 5
      vertex 10.3366 -3.76222 14
    endloop
  endfacet
  facet normal 0.923888 -0.382663 0
    outer loop
      vertex 10.3366 -3.76222 5
      vertex 9.96939 -4.6488 14
      vertex 9.96939 -4.6488 5
    endloop
  endfacet
  facet normal 0.461751 0.887009 -0
    outer loop
      vertex 5.5 9.52628 5
      vertex 4.6488 9.96939 14
      vertex 5.5 9.52628 14
    endloop
  endfacet
  facet normal 0.461751 0.887009 0
    outer loop
      vertex 4.6488 9.96939 14
      vertex 5.5 9.52628 5
      vertex 4.6488 9.96939 5
    endloop
  endfacet
  facet normal 0.976296 -0.216438 0
    outer loop
      vertex 10.6252 -2.84701 14
      vertex 10.8329 -1.91013 5
      vertex 10.8329 -1.91013 14
    endloop
  endfacet
  facet normal 0.976296 -0.216438 0
    outer loop
      vertex 10.8329 -1.91013 5
      vertex 10.6252 -2.84701 14
      vertex 10.6252 -2.84701 5
    endloop
  endfacet
  facet normal 0.793354 -0.608761 0
    outer loop
      vertex 8.42649 -7.07066 14
      vertex 9.01067 -6.30934 5
      vertex 9.01067 -6.30934 14
    endloop
  endfacet
  facet normal 0.793354 -0.608761 0
    outer loop
      vertex 9.01067 -6.30934 5
      vertex 8.42649 -7.07066 14
      vertex 8.42649 -7.07066 5
    endloop
  endfacet
  facet normal 0.991452 -0.130468 0
    outer loop
      vertex 10.8329 -1.91013 14
      vertex 10.9581 -0.958713 9.80198
      vertex 10.9581 -0.958713 14
    endloop
  endfacet
  facet normal 0.991579 -0.129506 0.000221896
    outer loop
      vertex 10.9581 -0.958713 9.80198
      vertex 10.8329 -1.91013 14
      vertex 10.9496 -1.02394 9.71697
    endloop
  endfacet
  facet normal 0.9913 -0.13162 -0.000223128
    outer loop
      vertex 10.9496 -1.02394 9.71697
      vertex 10.8329 -1.91013 14
      vertex 10.9418 -1.08253 9.625
    endloop
  endfacet
  facet normal 0.991501 -0.130101 6.91791e-05
    outer loop
      vertex 10.9418 -1.08253 9.625
      vertex 10.8329 -1.91013 14
      vertex 10.9352 -1.13288 9.52827
    endloop
  endfacet
  facet normal 0.991433 -0.130617 -2.20657e-05
    outer loop
      vertex 10.9352 -1.13288 9.52827
      vertex 10.8329 -1.91013 14
      vertex 10.9297 -1.17461 9.42752
    endloop
  endfacet
  facet normal 0.991494 -0.130153 5.3867e-05
    outer loop
      vertex 10.9297 -1.17461 9.42752
      vertex 10.8329 -1.91013 14
      vertex 10.9254 -1.20741 9.32352
    endloop
  endfacet
  facet normal 0.991469 -0.130346 2.44579e-05
    outer loop
      vertex 10.9254 -1.20741 9.32352
      vertex 10.8329 -1.91013 14
      vertex 10.9223 -1.23101 9.21706
    endloop
  endfacet
  facet normal 0.991624 -0.12916 0.000181988
    outer loop
      vertex 10.9204 -1.24524 9.10894
      vertex 10.8329 -1.91013 14
      vertex 10.9198 -1.25 9
    endloop
  endfacet
  facet normal 0.99133 -0.131396 -0.00012728
    outer loop
      vertex 10.9223 -1.23101 9.21706
      vertex 10.8329 -1.91013 14
      vertex 10.9204 -1.24524 9.10894
    endloop
  endfacet
  facet normal 0.99157 -0.12957 -0.000271893
    outer loop
      vertex 10.8329 -1.91013 5
      vertex 10.9581 -0.958713 8.19802
      vertex 10.9496 -1.02394 8.28303
    endloop
  endfacet
  facet normal 0.99131 -0.131546 0.000270868
    outer loop
      vertex 10.8329 -1.91013 5
      vertex 10.9496 -1.02394 8.28303
      vertex 10.9418 -1.08253 8.375
    endloop
  endfacet
  facet normal 0.991497 -0.130128 -8.31123e-05
    outer loop
      vertex 10.8329 -1.91013 5
      vertex 10.9418 -1.08253 8.375
      vertex 10.9352 -1.13288 8.47173
    endloop
  endfacet
  facet normal 0.991434 -0.130607 2.61924e-05
    outer loop
      vertex 10.8329 -1.91013 5
      vertex 10.9352 -1.13288 8.47173
      vertex 10.9297 -1.17461 8.57247
    endloop
  endfacet
  facet normal 0.99149 -0.130182 -6.29874e-05
    outer loop
      vertex 10.8329 -1.91013 5
      vertex 10.9297 -1.17461 8.57247
      vertex 10.9254 -1.20741 8.67648
    endloop
  endfacet
  facet normal 0.991467 -0.130361 -2.80302e-05
    outer loop
      vertex 10.8329 -1.91013 5
      vertex 10.9254 -1.20741 8.67648
      vertex 10.9223 -1.23101 8.78294
    endloop
  endfacet
  facet normal 0.991344 -0.13129 0.000141514
    outer loop
      vertex 10.8329 -1.91013 5
      vertex 10.9223 -1.23101 8.78294
      vertex 10.9204 -1.24524 8.89106
    endloop
  endfacet
  facet normal 0.991446 -0.130515 0
    outer loop
      vertex 10.8329 -1.91013 5
      vertex 10.9198 -1.25 9
      vertex 10.8329 -1.91013 14
    endloop
  endfacet
  facet normal 0.991596 -0.129374 -0.000191506
    outer loop
      vertex 10.9198 -1.25 9
      vertex 10.8329 -1.91013 5
      vertex 10.9204 -1.24524 8.89106
    endloop
  endfacet
  facet normal 0.991452 -0.130468 0
    outer loop
      vertex 10.9581 -0.958713 8.19802
      vertex 10.8329 -1.91013 5
      vertex 10.9581 -0.958713 5
    endloop
  endfacet
  facet normal -0.999046 0.0436627 0
    outer loop
      vertex -11 0 5
      vertex -10.9581 0.958713 14
      vertex -10.9581 0.958713 5
    endloop
  endfacet
  facet normal -0.999046 0.0436627 0
    outer loop
      vertex -10.9581 0.958713 14
      vertex -11 0 5
      vertex -11 0 14
    endloop
  endfacet
  facet normal 0.923888 0.382663 0
    outer loop
      vertex 10.3366 3.76222 14
      vertex 9.96939 4.6488 5
      vertex 9.96939 4.6488 14
    endloop
  endfacet
  facet normal 0.923888 0.382663 0
    outer loop
      vertex 9.96939 4.6488 5
      vertex 10.3366 3.76222 14
      vertex 10.3366 3.76222 5
    endloop
  endfacet
  facet normal 0.216438 0.976296 -0
    outer loop
      vertex 2.84701 10.6252 5
      vertex 1.91013 10.8329 14
      vertex 2.84701 10.6252 14
    endloop
  endfacet
  facet normal 0.216438 0.976296 0
    outer loop
      vertex 1.91013 10.8329 14
      vertex 2.84701 10.6252 5
      vertex 1.91013 10.8329 5
    endloop
  endfacet
  facet normal 0 0 1
    outer loop
      vertex 4.175 0 14
      vertex 11 0 14
      vertex 10.9581 0.958713 14
    endloop
  endfacet
  facet normal 0 0 1
    outer loop
      vertex 4.15911 0.363874 14
      vertex 10.9581 0.958713 14
      vertex 10.8329 1.91013 14
    endloop
  endfacet
  facet normal 0 0 1
    outer loop
      vertex 11 0 14
      vertex 4.175 0 14
      vertex 10.9581 -0.958713 14
    endloop
  endfacet
  facet normal 0 0 1
    outer loop
      vertex 4.11157 0.72498 14
      vertex 10.8329 1.91013 14
      vertex 10.6252 2.84701 14
    endloop
  endfacet
  facet normal -0 0 1
    outer loop
      vertex 4.15911 -0.363874 14
      vertex 10.9581 -0.958713 14
      vertex 4.175 0 14
    endloop
  endfacet
  facet normal 0 0 1
    outer loop
      vertex 4.03274 1.08057 14
      vertex 10.6252 2.84701 14
      vertex 10.3366 3.76222 14
    endloop
  endfacet
  facet normal 0 0 1
    outer loop
      vertex 10.9581 -0.958713 14
      vertex 4.15911 -0.363874 14
      vertex 10.8329 -1.91013 14
    endloop
  endfacet
  facet normal 0 0 1
    outer loop
      vertex 3.92322 1.42793 14
      vertex 10.3366 3.76222 14
      vertex 9.96939 4.6488 14
    endloop
  endfacet
  facet normal -0 0 1
    outer loop
      vertex 4.11157 -0.72498 14
      vertex 10.8329 -1.91013 14
      vertex 4.15911 -0.363874 14
    endloop
  endfacet
  facet normal 0 0 1
    outer loop
      vertex 3.78383 1.76443 14
      vertex 9.96939 4.6488 14
      vertex 9.52628 5.5 14
    endloop
  endfacet
  facet normal 0 0 1
    outer loop
      vertex 10.8329 -1.91013 14
      vertex 4.11157 -0.72498 14
      vertex 10.6252 -2.84701 14
    endloop
  endfacet
  facet normal 0 0 1
    outer loop
      vertex 3.61566 2.0875 14
      vertex 9.52628 5.5 14
      vertex 9.01067 6.30934 14
    endloop
  endfacet
  facet normal -0 0 1
    outer loop
      vertex 4.03274 -1.08057 14
      vertex 10.6252 -2.84701 14
      vertex 4.11157 -0.72498 14
    endloop
  endfacet
  facet normal 0 0 1
    outer loop
      vertex 3.41996 2.39468 14
      vertex 9.01067 6.30934 14
      vertex 8.42649 7.07066 14
    endloop
  endfacet
  facet normal 0 0 1
    outer loop
      vertex 10.6252 -2.84701 14
      vertex 4.03274 -1.08057 14
      vertex 10.3366 -3.76222 14
    endloop
  endfacet
  facet normal 0 0 1
    outer loop
      vertex 3.19824 2.68364 14
      vertex 8.42649 7.07066 14
      vertex 7.77817 7.77817 14
    endloop
  endfacet
  facet normal -0 0 1
    outer loop
      vertex 3.92322 -1.42793 14
      vertex 10.3366 -3.76222 14
      vertex 4.03274 -1.08057 14
    endloop
  endfacet
  facet normal 0 0 1
    outer loop
      vertex 2.95217 2.95217 14
      vertex 7.77817 7.77817 14
      vertex 7.07066 8.42649 14
    endloop
  endfacet
  facet normal 0 0 1
    outer loop
      vertex 10.3366 -3.76222 14
      vertex 3.92322 -1.42793 14
      vertex 9.96939 -4.6488 14
    endloop
  endfacet
  facet normal 0 0 1
    outer loop
      vertex 2.68364 3.19824 14
      vertex 7.07066 8.42649 14
      vertex 6.30934 9.01067 14
    endloop
  endfacet
  facet normal -0 0 1
    outer loop
      vertex 3.78383 -1.76443 14
      vertex 9.96939 -4.6488 14
      vertex 3.92322 -1.42793 14
    endloop
  endfacet
  facet normal 0 0 1
    outer loop
      vertex 2.39468 3.41996 14
      vertex 6.30934 9.01067 14
      vertex 5.5 9.52628 14
    endloop
  endfacet
  facet normal 0 0 1
    outer loop
      vertex 9.96939 -4.6488 14
      vertex 3.78383 -1.76443 14
      vertex 9.52628 -5.5 14
    endloop
  endfacet
  facet normal 0 0 1
    outer loop
      vertex 2.0875 3.61566 14
      vertex 5.5 9.52628 14
      vertex 4.6488 9.96939 14
    endloop
  endfacet
  facet normal -0 0 1
    outer loop
      vertex 3.61566 -2.0875 14
      vertex 9.52628 -5.5 14
      vertex 3.78383 -1.76443 14
    endloop
  endfacet
  facet normal 0 0 1
    outer loop
      vertex 9.52628 -5.5 14
      vertex 3.61566 -2.0875 14
      vertex 9.01067 -6.30934 14
    endloop
  endfacet
  facet normal 0 0 1
    outer loop
      vertex 10.9581 0.958713 14
      vertex 4.15911 0.363874 14
      vertex 4.175 0 14
    endloop
  endfacet
  facet normal 0 0 1
    outer loop
      vertex 10.8329 1.91013 14
      vertex 4.11157 0.72498 14
      vertex 4.15911 0.363874 14
    endloop
  endfacet
  facet normal 0 0 1
    outer loop
      vertex 10.6252 2.84701 14
      vertex 4.03274 1.08057 14
      vertex 4.11157 0.72498 14
    endloop
  endfacet
  facet normal 0 0 1
    outer loop
      vertex 10.3366 3.76222 14
      vertex 3.92322 1.42793 14
      vertex 4.03274 1.08057 14
    endloop
  endfacet
  facet normal 0 0 1
    outer loop
      vertex 9.96939 4.6488 14
      vertex 3.78383 1.76443 14
      vertex 3.92322 1.42793 14
    endloop
  endfacet
  facet normal 0 0 1
    outer loop
      vertex 1.76443 3.78383 14
      vertex 4.6488 9.96939 14
      vertex 3.76222 10.3366 14
    endloop
  endfacet
  facet normal 0 0 1
    outer loop
      vertex 9.52628 5.5 14
      vertex 3.61566 2.0875 14
      vertex 3.78383 1.76443 14
    endloop
  endfacet
  facet normal 0 0 1
    outer loop
      vertex 9.01067 6.30934 14
      vertex 3.41996 2.39468 14
      vertex 3.61566 2.0875 14
    endloop
  endfacet
  facet normal 0 0 1
    outer loop
      vertex 8.42649 7.07066 14
      vertex 3.19824 2.68364 14
      vertex 3.41996 2.39468 14
    endloop
  endfacet
  facet normal 0 0 1
    outer loop
      vertex 7.77817 7.77817 14
      vertex 2.95217 2.95217 14
      vertex 3.19824 2.68364 14
    endloop
  endfacet
  facet normal 0 0 1
    outer loop
      vertex 1.42793 3.92322 14
      vertex 3.76222 10.3366 14
      vertex 2.84701 10.6252 14
    endloop
  endfacet
  facet normal 0 0 1
    outer loop
      vertex 7.07066 8.42649 14
      vertex 2.68364 3.19824 14
      vertex 2.95217 2.95217 14
    endloop
  endfacet
  facet normal 0 0 1
    outer loop
      vertex 6.30934 9.01067 14
      vertex 2.39468 3.41996 14
      vertex 2.68364 3.19824 14
    endloop
  endfacet
  facet normal 0 0 1
    outer loop
      vertex 5.5 9.52628 14
      vertex 2.0875 3.61566 14
      vertex 2.39468 3.41996 14
    endloop
  endfacet
  facet normal 0 0 1
    outer loop
      vertex 1.08057 4.03274 14
      vertex 2.84701 10.6252 14
      vertex 1.91013 10.8329 14
    endloop
  endfacet
  facet normal 0 0 1
    outer loop
      vertex 4.6488 9.96939 14
      vertex 1.76443 3.78383 14
      vertex 2.0875 3.61566 14
    endloop
  endfacet
  facet normal 0 0 1
    outer loop
      vertex 3.76222 10.3366 14
      vertex 1.42793 3.92322 14
      vertex 1.76443 3.78383 14
    endloop
  endfacet
  facet normal 0 0 1
    outer loop
      vertex 2.84701 10.6252 14
      vertex 1.08057 4.03274 14
      vertex 1.42793 3.92322 14
    endloop
  endfacet
  facet normal 0 0 1
    outer loop
      vertex 0.72498 4.11157 14
      vertex 1.91013 10.8329 14
      vertex 0.958713 10.9581 14
    endloop
  endfacet
  facet normal 0 0 1
    outer loop
      vertex 1.91013 10.8329 14
      vertex 0.72498 4.11157 14
      vertex 1.08057 4.03274 14
    endloop
  endfacet
  facet normal 0 0 1
    outer loop
      vertex 0.958713 10.9581 14
      vertex 0.363874 4.15911 14
      vertex 0.72498 4.11157 14
    endloop
  endfacet
  facet normal 0 0 1
    outer loop
      vertex 0 11 14
      vertex 0.363874 4.15911 14
      vertex 0.958713 10.9581 14
    endloop
  endfacet
  facet normal 0 0 1
    outer loop
      vertex 0 11 14
      vertex 0 4.175 14
      vertex 0.363874 4.15911 14
    endloop
  endfacet
  facet normal 0 0 1
    outer loop
      vertex 0 11 14
      vertex -0.363874 4.15911 14
      vertex 0 4.175 14
    endloop
  endfacet
  facet normal -0 0 1
    outer loop
      vertex -0.958713 10.9581 14
      vertex -0.363874 4.15911 14
      vertex 0 11 14
    endloop
  endfacet
  facet normal 0 0 1
    outer loop
      vertex -0.363874 4.15911 14
      vertex -0.958713 10.9581 14
      vertex -0.72498 4.11157 14
    endloop
  endfacet
  facet normal -0 0 1
    outer loop
      vertex -1.91013 10.8329 14
      vertex -0.72498 4.11157 14
      vertex -0.958713 10.9581 14
    endloop
  endfacet
  facet normal 0 0 1
    outer loop
      vertex -0.72498 4.11157 14
      vertex -1.91013 10.8329 14
      vertex -1.08057 4.03274 14
    endloop
  endfacet
  facet normal -0 0 1
    outer loop
      vertex -2.84701 10.6252 14
      vertex -1.08057 4.03274 14
      vertex -1.91013 10.8329 14
    endloop
  endfacet
  facet normal 0 0 1
    outer loop
      vertex -1.08057 4.03274 14
      vertex -2.84701 10.6252 14
      vertex -1.42793 3.92322 14
    endloop
  endfacet
  facet normal -0 0 1
    outer loop
      vertex -3.76222 10.3366 14
      vertex -1.42793 3.92322 14
      vertex -2.84701 10.6252 14
    endloop
  endfacet
  facet normal 0 0 1
    outer loop
      vertex -1.42793 3.92322 14
      vertex -3.76222 10.3366 14
      vertex -1.76443 3.78383 14
    endloop
  endfacet
  facet normal -0 0 1
    outer loop
      vertex -4.6488 9.96939 14
      vertex -1.76443 3.78383 14
      vertex -3.76222 10.3366 14
    endloop
  endfacet
  facet normal 0 0 1
    outer loop
      vertex -1.76443 3.78383 14
      vertex -4.6488 9.96939 14
      vertex -2.0875 3.61566 14
    endloop
  endfacet
  facet normal -0 0 1
    outer loop
      vertex -5.5 9.52628 14
      vertex -2.0875 3.61566 14
      vertex -4.6488 9.96939 14
    endloop
  endfacet
  facet normal 0 0 1
    outer loop
      vertex -2.0875 3.61566 14
      vertex -5.5 9.52628 14
      vertex -2.39468 3.41996 14
    endloop
  endfacet
  facet normal -0 0 1
    outer loop
      vertex -6.30934 9.01067 14
      vertex -2.39468 3.41996 14
      vertex -5.5 9.52628 14
    endloop
  endfacet
  facet normal 0 0 1
    outer loop
      vertex -2.39468 3.41996 14
      vertex -6.30934 9.01067 14
      vertex -2.68364 3.19824 14
    endloop
  endfacet
  facet normal -0 0 1
    outer loop
      vertex -7.07066 8.42649 14
      vertex -2.68364 3.19824 14
      vertex -6.30934 9.01067 14
    endloop
  endfacet
  facet normal 0 0 1
    outer loop
      vertex -2.68364 3.19824 14
      vertex -7.07066 8.42649 14
      vertex -2.95217 2.95217 14
    endloop
  endfacet
  facet normal -0 0 1
    outer loop
      vertex -7.77817 7.77817 14
      vertex -2.95217 2.95217 14
      vertex -7.07066 8.42649 14
    endloop
  endfacet
  facet normal 0 0 1
    outer loop
      vertex -2.95217 2.95217 14
      vertex -7.77817 7.77817 14
      vertex -3.19824 2.68364 14
    endloop
  endfacet
  facet normal -0 0 1
    outer loop
      vertex -8.42649 7.07066 14
      vertex -3.19824 2.68364 14
      vertex -7.77817 7.77817 14
    endloop
  endfacet
  facet normal 0 0 1
    outer loop
      vertex -3.19824 2.68364 14
      vertex -8.42649 7.07066 14
      vertex -3.41996 2.39468 14
    endloop
  endfacet
  facet normal -0 0 1
    outer loop
      vertex -9.01067 6.30934 14
      vertex -3.41996 2.39468 14
      vertex -8.42649 7.07066 14
    endloop
  endfacet
  facet normal 0 0 1
    outer loop
      vertex -3.41996 2.39468 14
      vertex -9.01067 6.30934 14
      vertex -3.61566 2.0875 14
    endloop
  endfacet
  facet normal -0 0 1
    outer loop
      vertex 3.41996 -2.39468 14
      vertex 9.01067 -6.30934 14
      vertex 3.61566 -2.0875 14
    endloop
  endfacet
  facet normal 0 0 1
    outer loop
      vertex 9.01067 -6.30934 14
      vertex 3.41996 -2.39468 14
      vertex 8.42649 -7.07066 14
    endloop
  endfacet
  facet normal -0 0 1
    outer loop
      vertex 3.19824 -2.68364 14
      vertex 8.42649 -7.07066 14
      vertex 3.41996 -2.39468 14
    endloop
  endfacet
  facet normal 0 0 1
    outer loop
      vertex 8.42649 -7.07066 14
      vertex 3.19824 -2.68364 14
      vertex 7.77817 -7.77817 14
    endloop
  endfacet
  facet normal -0 0 1
    outer loop
      vertex 2.95217 -2.95217 14
      vertex 7.77817 -7.77817 14
      vertex 3.19824 -2.68364 14
    endloop
  endfacet
  facet normal 0 0 1
    outer loop
      vertex 7.77817 -7.77817 14
      vertex 2.95217 -2.95217 14
      vertex 7.07066 -8.42649 14
    endloop
  endfacet
  facet normal -0 0 1
    outer loop
      vertex 2.68364 -3.19824 14
      vertex 7.07066 -8.42649 14
      vertex 2.95217 -2.95217 14
    endloop
  endfacet
  facet normal 0 0 1
    outer loop
      vertex 7.07066 -8.42649 14
      vertex 2.68364 -3.19824 14
      vertex 6.30934 -9.01067 14
    endloop
  endfacet
  facet normal -0 0 1
    outer loop
      vertex 2.39468 -3.41996 14
      vertex 6.30934 -9.01067 14
      vertex 2.68364 -3.19824 14
    endloop
  endfacet
  facet normal 0 0 1
    outer loop
      vertex 6.30934 -9.01067 14
      vertex 2.39468 -3.41996 14
      vertex 5.5 -9.52628 14
    endloop
  endfacet
  facet normal -0 0 1
    outer loop
      vertex 2.0875 -3.61566 14
      vertex 5.5 -9.52628 14
      vertex 2.39468 -3.41996 14
    endloop
  endfacet
  facet normal 0 0 1
    outer loop
      vertex 5.5 -9.52628 14
      vertex 2.0875 -3.61566 14
      vertex 4.6488 -9.96939 14
    endloop
  endfacet
  facet normal -0 0 1
    outer loop
      vertex 1.76443 -3.78383 14
      vertex 4.6488 -9.96939 14
      vertex 2.0875 -3.61566 14
    endloop
  endfacet
  facet normal 0 0 1
    outer loop
      vertex 4.6488 -9.96939 14
      vertex 1.76443 -3.78383 14
      vertex 3.76222 -10.3366 14
    endloop
  endfacet
  facet normal -0 0 1
    outer loop
      vertex 1.42793 -3.92322 14
      vertex 3.76222 -10.3366 14
      vertex 1.76443 -3.78383 14
    endloop
  endfacet
  facet normal 0 0 1
    outer loop
      vertex 3.76222 -10.3366 14
      vertex 1.42793 -3.92322 14
      vertex 2.84701 -10.6252 14
    endloop
  endfacet
  facet normal -0 0 1
    outer loop
      vertex 1.08057 -4.03274 14
      vertex 2.84701 -10.6252 14
      vertex 1.42793 -3.92322 14
    endloop
  endfacet
  facet normal 0 0 1
    outer loop
      vertex 2.84701 -10.6252 14
      vertex 1.08057 -4.03274 14
      vertex 1.91013 -10.8329 14
    endloop
  endfacet
  facet normal -0 0 1
    outer loop
      vertex 0.72498 -4.11157 14
      vertex 1.91013 -10.8329 14
      vertex 1.08057 -4.03274 14
    endloop
  endfacet
  facet normal 0 0 1
    outer loop
      vertex 1.91013 -10.8329 14
      vertex 0.72498 -4.11157 14
      vertex 0.958713 -10.9581 14
    endloop
  endfacet
  facet normal -0 0 1
    outer loop
      vertex 0.363874 -4.15911 14
      vertex 0.958713 -10.9581 14
      vertex 0.72498 -4.11157 14
    endloop
  endfacet
  facet normal -0 0 1
    outer loop
      vertex 0 -4.175 14
      vertex 0.958713 -10.9581 14
      vertex 0.363874 -4.15911 14
    endloop
  endfacet
  facet normal 0 0 1
    outer loop
      vertex 0 -4.175 14
      vertex 0 -11 14
      vertex 0.958713 -10.9581 14
    endloop
  endfacet
  facet normal 0 0 1
    outer loop
      vertex -0.363874 -4.15911 14
      vertex 0 -11 14
      vertex 0 -4.175 14
    endloop
  endfacet
  facet normal 0 0 1
    outer loop
      vertex -0.958713 -10.9581 14
      vertex -0.363874 -4.15911 14
      vertex -0.72498 -4.11157 14
    endloop
  endfacet
  facet normal 0 0 1
    outer loop
      vertex -0.363874 -4.15911 14
      vertex -0.958713 -10.9581 14
      vertex 0 -11 14
    endloop
  endfacet
  facet normal 0 0 1
    outer loop
      vertex -1.91013 -10.8329 14
      vertex -0.72498 -4.11157 14
      vertex -1.08057 -4.03274 14
    endloop
  endfacet
  facet normal 0 0 1
    outer loop
      vertex -2.84701 -10.6252 14
      vertex -1.08057 -4.03274 14
      vertex -1.42793 -3.92322 14
    endloop
  endfacet
  facet normal 0 0 1
    outer loop
      vertex -3.76222 -10.3366 14
      vertex -1.42793 -3.92322 14
      vertex -1.76443 -3.78383 14
    endloop
  endfacet
  facet normal 0 0 1
    outer loop
      vertex -0.72498 -4.11157 14
      vertex -1.91013 -10.8329 14
      vertex -0.958713 -10.9581 14
    endloop
  endfacet
  facet normal 0 0 1
    outer loop
      vertex -4.6488 -9.96939 14
      vertex -1.76443 -3.78383 14
      vertex -2.0875 -3.61566 14
    endloop
  endfacet
  facet normal 0 0 1
    outer loop
      vertex -5.5 -9.52628 14
      vertex -2.0875 -3.61566 14
      vertex -2.39468 -3.41996 14
    endloop
  endfacet
  facet normal 0 0 1
    outer loop
      vertex -6.30934 -9.01067 14
      vertex -2.39468 -3.41996 14
      vertex -2.68364 -3.19824 14
    endloop
  endfacet
  facet normal 0 0 1
    outer loop
      vertex -1.08057 -4.03274 14
      vertex -2.84701 -10.6252 14
      vertex -1.91013 -10.8329 14
    endloop
  endfacet
  facet normal 0 0 1
    outer loop
      vertex -7.07066 -8.42649 14
      vertex -2.68364 -3.19824 14
      vertex -2.95217 -2.95217 14
    endloop
  endfacet
  facet normal 0 0 1
    outer loop
      vertex -7.77817 -7.77817 14
      vertex -2.95217 -2.95217 14
      vertex -3.19824 -2.68364 14
    endloop
  endfacet
  facet normal 0 0 1
    outer loop
      vertex -8.42649 -7.07066 14
      vertex -3.19824 -2.68364 14
      vertex -3.41996 -2.39468 14
    endloop
  endfacet
  facet normal 0 0 1
    outer loop
      vertex -9.01067 -6.30934 14
      vertex -3.41996 -2.39468 14
      vertex -3.61566 -2.0875 14
    endloop
  endfacet
  facet normal 0 0 1
    outer loop
      vertex -1.42793 -3.92322 14
      vertex -3.76222 -10.3366 14
      vertex -2.84701 -10.6252 14
    endloop
  endfacet
  facet normal 0 0 1
    outer loop
      vertex -9.52628 -5.5 14
      vertex -3.61566 -2.0875 14
      vertex -3.78383 -1.76443 14
    endloop
  endfacet
  facet normal 0 0 1
    outer loop
      vertex -9.96939 -4.6488 14
      vertex -3.78383 -1.76443 14
      vertex -3.92322 -1.42793 14
    endloop
  endfacet
  facet normal 0 0 1
    outer loop
      vertex -10.3366 -3.76222 14
      vertex -3.92322 -1.42793 14
      vertex -4.03274 -1.08057 14
    endloop
  endfacet
  facet normal 0 0 1
    outer loop
      vertex -10.6252 -2.84701 14
      vertex -4.03274 -1.08057 14
      vertex -4.11157 -0.72498 14
    endloop
  endfacet
  facet normal 0 0 1
    outer loop
      vertex -10.8329 -1.91013 14
      vertex -4.11157 -0.72498 14
      vertex -4.15911 -0.363874 14
    endloop
  endfacet
  facet normal 0 0 1
    outer loop
      vertex -10.9581 -0.958713 14
      vertex -4.15911 -0.363874 14
      vertex -4.175 0 14
    endloop
  endfacet
  facet normal -0 0 1
    outer loop
      vertex -9.52628 5.5 14
      vertex -3.61566 2.0875 14
      vertex -9.01067 6.30934 14
    endloop
  endfacet
  facet normal 0 0 1
    outer loop
      vertex -1.76443 -3.78383 14
      vertex -4.6488 -9.96939 14
      vertex -3.76222 -10.3366 14
    endloop
  endfacet
  facet normal 0 0 1
    outer loop
      vertex -3.61566 2.0875 14
      vertex -9.52628 5.5 14
      vertex -3.78383 1.76443 14
    endloop
  endfacet
  facet normal 0 0 1
    outer loop
      vertex -2.0875 -3.61566 14
      vertex -5.5 -9.52628 14
      vertex -4.6488 -9.96939 14
    endloop
  endfacet
  facet normal -0 0 1
    outer loop
      vertex -9.96939 4.6488 14
      vertex -3.78383 1.76443 14
      vertex -9.52628 5.5 14
    endloop
  endfacet
  facet normal 0 0 1
    outer loop
      vertex -2.39468 -3.41996 14
      vertex -6.30934 -9.01067 14
      vertex -5.5 -9.52628 14
    endloop
  endfacet
  facet normal 0 0 1
    outer loop
      vertex -3.78383 1.76443 14
      vertex -9.96939 4.6488 14
      vertex -3.92322 1.42793 14
    endloop
  endfacet
  facet normal 0 0 1
    outer loop
      vertex -2.68364 -3.19824 14
      vertex -7.07066 -8.42649 14
      vertex -6.30934 -9.01067 14
    endloop
  endfacet
  facet normal -0 0 1
    outer loop
      vertex -10.3366 3.76222 14
      vertex -3.92322 1.42793 14
      vertex -9.96939 4.6488 14
    endloop
  endfacet
  facet normal 0 0 1
    outer loop
      vertex -2.95217 -2.95217 14
      vertex -7.77817 -7.77817 14
      vertex -7.07066 -8.42649 14
    endloop
  endfacet
  facet normal 0 0 1
    outer loop
      vertex -3.92322 1.42793 14
      vertex -10.3366 3.76222 14
      vertex -4.03274 1.08057 14
    endloop
  endfacet
  facet normal 0 0 1
    outer loop
      vertex -3.19824 -2.68364 14
      vertex -8.42649 -7.07066 14
      vertex -7.77817 -7.77817 14
    endloop
  endfacet
  facet normal -0 0 1
    outer loop
      vertex -10.6252 2.84701 14
      vertex -4.03274 1.08057 14
      vertex -10.3366 3.76222 14
    endloop
  endfacet
  facet normal 0 0 1
    outer loop
      vertex -3.41996 -2.39468 14
      vertex -9.01067 -6.30934 14
      vertex -8.42649 -7.07066 14
    endloop
  endfacet
  facet normal 0 0 1
    outer loop
      vertex -4.03274 1.08057 14
      vertex -10.6252 2.84701 14
      vertex -4.11157 0.72498 14
    endloop
  endfacet
  facet normal 0 0 1
    outer loop
      vertex -3.61566 -2.0875 14
      vertex -9.52628 -5.5 14
      vertex -9.01067 -6.30934 14
    endloop
  endfacet
  facet normal -0 0 1
    outer loop
      vertex -10.8329 1.91013 14
      vertex -4.11157 0.72498 14
      vertex -10.6252 2.84701 14
    endloop
  endfacet
  facet normal 0 0 1
    outer loop
      vertex -3.78383 -1.76443 14
      vertex -9.96939 -4.6488 14
      vertex -9.52628 -5.5 14
    endloop
  endfacet
  facet normal 0 0 1
    outer loop
      vertex -4.11157 0.72498 14
      vertex -10.8329 1.91013 14
      vertex -4.15911 0.363874 14
    endloop
  endfacet
  facet normal 0 0 1
    outer loop
      vertex -3.92322 -1.42793 14
      vertex -10.3366 -3.76222 14
      vertex -9.96939 -4.6488 14
    endloop
  endfacet
  facet normal -0 0 1
    outer loop
      vertex -10.9581 0.958713 14
      vertex -4.15911 0.363874 14
      vertex -10.8329 1.91013 14
    endloop
  endfacet
  facet normal 0 0 1
    outer loop
      vertex -4.03274 -1.08057 14
      vertex -10.6252 -2.84701 14
      vertex -10.3366 -3.76222 14
    endloop
  endfacet
  facet normal 0 0 1
    outer loop
      vertex -4.15911 0.363874 14
      vertex -10.9581 0.958713 14
      vertex -4.175 0 14
    endloop
  endfacet
  facet normal 0 0 1
    outer loop
      vertex -4.11157 -0.72498 14
      vertex -10.8329 -1.91013 14
      vertex -10.6252 -2.84701 14
    endloop
  endfacet
  facet normal 0 0 1
    outer loop
      vertex -11 0 14
      vertex -4.175 0 14
      vertex -10.9581 0.958713 14
    endloop
  endfacet
  facet normal 0 0 1
    outer loop
      vertex -4.15911 -0.363874 14
      vertex -10.9581 -0.958713 14
      vertex -10.8329 -1.91013 14
    endloop
  endfacet
  facet normal 0 0 1
    outer loop
      vertex -4.175 0 14
      vertex -11 0 14
      vertex -10.9581 -0.958713 14
    endloop
  endfacet
  facet normal -0.675594 0.737274 0
    outer loop
      vertex -7.07066 8.42649 5
      vertex -7.77817 7.77817 14
      vertex -7.07066 8.42649 14
    endloop
  endfacet
  facet normal -0.675594 0.737274 0
    outer loop
      vertex -7.77817 7.77817 14
      vertex -7.07066 8.42649 5
      vertex -7.77817 7.77817 5
    endloop
  endfacet
  facet normal -0.887009 -0.461751 0
    outer loop
      vertex -9.52628 -5.5 5
      vertex -9.96939 -4.6488 14
      vertex -9.96939 -4.6488 5
    endloop
  endfacet
  facet normal -0.887009 -0.461751 0
    outer loop
      vertex -9.96939 -4.6488 14
      vertex -9.52628 -5.5 5
      vertex -9.52628 -5.5 14
    endloop
  endfacet
  facet normal -0.382663 0.923888 0
    outer loop
      vertex -3.76222 10.3366 5
      vertex -4.6488 9.96939 14
      vertex -3.76222 10.3366 14
    endloop
  endfacet
  facet normal -0.382663 0.923888 0
    outer loop
      vertex -4.6488 9.96939 14
      vertex -3.76222 10.3366 5
      vertex -4.6488 9.96939 5
    endloop
  endfacet
  facet normal -0.999046 -0.0436627 0
    outer loop
      vertex -10.9581 -0.958713 5
      vertex -11 0 14
      vertex -11 0 5
    endloop
  endfacet
  facet normal -0.999046 -0.0436627 0
    outer loop
      vertex -11 0 14
      vertex -10.9581 -0.958713 5
      vertex -10.9581 -0.958713 14
    endloop
  endfacet
  facet normal -0.0436627 0.999046 0
    outer loop
      vertex 0 11 5
      vertex -0.958713 10.9581 14
      vertex 0 11 14
    endloop
  endfacet
  facet normal -0.0436627 0.999046 0
    outer loop
      vertex -0.958713 10.9581 14
      vertex 0 11 5
      vertex -0.958713 10.9581 5
    endloop
  endfacet
  facet normal -0.991452 -0.130468 0
    outer loop
      vertex -10.8329 -1.91013 5
      vertex -10.9581 -0.958713 14
      vertex -10.9581 -0.958713 5
    endloop
  endfacet
  facet normal -0.991452 -0.130468 0
    outer loop
      vertex -10.9581 -0.958713 14
      vertex -10.8329 -1.91013 5
      vertex -10.8329 -1.91013 14
    endloop
  endfacet
  facet normal 0.382663 -0.923888 0
    outer loop
      vertex 3.76222 -10.3366 5
      vertex 4.6488 -9.96939 14
      vertex 3.76222 -10.3366 14
    endloop
  endfacet
  facet normal 0.382663 -0.923888 0
    outer loop
      vertex 4.6488 -9.96939 14
      vertex 3.76222 -10.3366 5
      vertex 4.6488 -9.96939 5
    endloop
  endfacet
  facet normal 0.300739 -0.953706 0
    outer loop
      vertex 2.84701 -10.6252 5
      vertex 3.76222 -10.3366 14
      vertex 2.84701 -10.6252 14
    endloop
  endfacet
  facet normal 0.300739 -0.953706 0
    outer loop
      vertex 3.76222 -10.3366 14
      vertex 2.84701 -10.6252 5
      vertex 3.76222 -10.3366 5
    endloop
  endfacet
  facet normal -0.737274 0.675594 0
    outer loop
      vertex -8.42649 7.07066 5
      vertex -7.77817 7.77817 14
      vertex -7.77817 7.77817 5
    endloop
  endfacet
  facet normal -0.737274 0.675594 0
    outer loop
      vertex -7.77817 7.77817 14
      vertex -8.42649 7.07066 5
      vertex -8.42649 7.07066 14
    endloop
  endfacet
  facet normal -0.737274 -0.675594 0
    outer loop
      vertex -7.77817 -7.77817 5
      vertex -8.42649 -7.07066 14
      vertex -8.42649 -7.07066 5
    endloop
  endfacet
  facet normal -0.737274 -0.675594 0
    outer loop
      vertex -8.42649 -7.07066 14
      vertex -7.77817 -7.77817 5
      vertex -7.77817 -7.77817 14
    endloop
  endfacet
  facet normal 0.0436627 0.999046 -0
    outer loop
      vertex 0.958713 10.9581 5
      vertex 0 11 14
      vertex 0.958713 10.9581 14
    endloop
  endfacet
  facet normal 0.0436627 0.999046 0
    outer loop
      vertex 0 11 14
      vertex 0.958713 10.9581 5
      vertex 0 11 5
    endloop
  endfacet
  facet normal -0.793354 0.608761 0
    outer loop
      vertex -9.01067 6.30934 5
      vertex -8.42649 7.07066 14
      vertex -8.42649 7.07066 5
    endloop
  endfacet
  facet normal -0.793354 0.608761 0
    outer loop
      vertex -8.42649 7.07066 14
      vertex -9.01067 6.30934 5
      vertex -9.01067 6.30934 14
    endloop
  endfacet
  facet normal -0.976296 0.216438 0
    outer loop
      vertex -10.8329 1.91013 5
      vertex -10.6252 2.84701 14
      vertex -10.6252 2.84701 5
    endloop
  endfacet
  facet normal -0.976296 0.216438 0
    outer loop
      vertex -10.6252 2.84701 14
      vertex -10.8329 1.91013 5
      vertex -10.8329 1.91013 14
    endloop
  endfacet
  facet normal 0.300739 0.953706 -0
    outer loop
      vertex 3.76222 10.3366 5
      vertex 2.84701 10.6252 14
      vertex 3.76222 10.3366 14
    endloop
  endfacet
  facet normal 0.300739 0.953706 0
    outer loop
      vertex 2.84701 10.6252 14
      vertex 3.76222 10.3366 5
      vertex 2.84701 10.6252 5
    endloop
  endfacet
  facet normal -0.923888 0.382663 0
    outer loop
      vertex -10.3366 3.76222 5
      vertex -9.96939 4.6488 14
      vertex -9.96939 4.6488 5
    endloop
  endfacet
  facet normal -0.923888 0.382663 0
    outer loop
      vertex -9.96939 4.6488 14
      vertex -10.3366 3.76222 5
      vertex -10.3366 3.76222 14
    endloop
  endfacet
  facet normal -0.953706 0.300739 0
    outer loop
      vertex -10.6252 2.84701 5
      vertex -10.3366 3.76222 14
      vertex -10.3366 3.76222 5
    endloop
  endfacet
  facet normal -0.953706 0.300739 0
    outer loop
      vertex -10.3366 3.76222 14
      vertex -10.6252 2.84701 5
      vertex -10.6252 2.84701 14
    endloop
  endfacet
  facet normal -0.216438 0.976296 0
    outer loop
      vertex -1.91013 10.8329 5
      vertex -2.84701 10.6252 14
      vertex -1.91013 10.8329 14
    endloop
  endfacet
  facet normal -0.216438 0.976296 0
    outer loop
      vertex -2.84701 10.6252 14
      vertex -1.91013 10.8329 5
      vertex -2.84701 10.6252 5
    endloop
  endfacet
  facet normal -0.130468 0.991452 0
    outer loop
      vertex -0.958713 10.9581 5
      vertex -1.91013 10.8329 14
      vertex -0.958713 10.9581 14
    endloop
  endfacet
  facet normal -0.130468 0.991452 0
    outer loop
      vertex -1.91013 10.8329 14
      vertex -0.958713 10.9581 5
      vertex -1.91013 10.8329 5
    endloop
  endfacet
  facet normal -0.84339 -0.537302 0
    outer loop
      vertex -9.01067 -6.30934 5
      vertex -9.52628 -5.5 14
      vertex -9.52628 -5.5 5
    endloop
  endfacet
  facet normal -0.84339 -0.537302 0
    outer loop
      vertex -9.52628 -5.5 14
      vertex -9.01067 -6.30934 5
      vertex -9.01067 -6.30934 14
    endloop
  endfacet
  facet normal -0.0436627 -0.999046 0
    outer loop
      vertex -0.958713 -10.9581 5
      vertex 0 -11 14
      vertex -0.958713 -10.9581 14
    endloop
  endfacet
  facet normal -0.0436627 -0.999046 -0
    outer loop
      vertex 0 -11 14
      vertex -0.958713 -10.9581 5
      vertex 0 -11 5
    endloop
  endfacet
  facet normal -0.537302 0.84339 0
    outer loop
      vertex -5.5 9.52628 5
      vertex -6.30934 9.01067 14
      vertex -5.5 9.52628 14
    endloop
  endfacet
  facet normal -0.537302 0.84339 0
    outer loop
      vertex -6.30934 9.01067 14
      vertex -5.5 9.52628 5
      vertex -6.30934 9.01067 5
    endloop
  endfacet
  facet normal -0.608761 -0.793354 0
    outer loop
      vertex -7.07066 -8.42649 5
      vertex -6.30934 -9.01067 14
      vertex -7.07066 -8.42649 14
    endloop
  endfacet
  facet normal -0.608761 -0.793354 -0
    outer loop
      vertex -6.30934 -9.01067 14
      vertex -7.07066 -8.42649 5
      vertex -6.30934 -9.01067 5
    endloop
  endfacet
  facet normal -0.991452 0.130468 0
    outer loop
      vertex -10.9581 0.958713 5
      vertex -10.8329 1.91013 14
      vertex -10.8329 1.91013 5
    endloop
  endfacet
  facet normal -0.991452 0.130468 0
    outer loop
      vertex -10.8329 1.91013 14
      vertex -10.9581 0.958713 5
      vertex -10.9581 0.958713 14
    endloop
  endfacet
  facet normal -0.382663 -0.923888 0
    outer loop
      vertex -4.6488 -9.96939 5
      vertex -3.76222 -10.3366 14
      vertex -4.6488 -9.96939 14
    endloop
  endfacet
  facet normal -0.382663 -0.923888 -0
    outer loop
      vertex -3.76222 -10.3366 14
      vertex -4.6488 -9.96939 5
      vertex -3.76222 -10.3366 5
    endloop
  endfacet
  facet normal -0.300739 -0.953706 0
    outer loop
      vertex -3.76222 -10.3366 5
      vertex -2.84701 -10.6252 14
      vertex -3.76222 -10.3366 14
    endloop
  endfacet
  facet normal -0.300739 -0.953706 -0
    outer loop
      vertex -2.84701 -10.6252 14
      vertex -3.76222 -10.3366 5
      vertex -2.84701 -10.6252 5
    endloop
  endfacet
  facet normal -0.84339 0.537302 0
    outer loop
      vertex -9.52628 5.5 5
      vertex -9.01067 6.30934 14
      vertex -9.01067 6.30934 5
    endloop
  endfacet
  facet normal -0.84339 0.537302 0
    outer loop
      vertex -9.01067 6.30934 14
      vertex -9.52628 5.5 5
      vertex -9.52628 5.5 14
    endloop
  endfacet
  facet normal 0.675594 -0.737274 0
    outer loop
      vertex 7.07066 -8.42649 5
      vertex 7.77817 -7.77817 14
      vertex 7.07066 -8.42649 14
    endloop
  endfacet
  facet normal 0.675594 -0.737274 0
    outer loop
      vertex 7.77817 -7.77817 14
      vertex 7.07066 -8.42649 5
      vertex 7.77817 -7.77817 5
    endloop
  endfacet
  facet normal 0.608761 -0.793354 0
    outer loop
      vertex 6.30934 -9.01067 5
      vertex 7.07066 -8.42649 14
      vertex 6.30934 -9.01067 14
    endloop
  endfacet
  facet normal 0.608761 -0.793354 0
    outer loop
      vertex 7.07066 -8.42649 14
      vertex 6.30934 -9.01067 5
      vertex 7.07066 -8.42649 5
    endloop
  endfacet
  facet normal 0.130468 0.991452 -0
    outer loop
      vertex 1.91013 10.8329 5
      vertex 0.958713 10.9581 14
      vertex 1.91013 10.8329 14
    endloop
  endfacet
  facet normal 0.130468 0.991452 0
    outer loop
      vertex 0.958713 10.9581 14
      vertex 1.91013 10.8329 5
      vertex 0.958713 10.9581 5
    endloop
  endfacet
  facet normal -0.991495 -0.130144 0
    outer loop
      vertex 50.1935 0.148165 0
      vertex 50.1742 0.295201 5
      vertex 50.1742 0.295201 0
    endloop
  endfacet
  facet normal -0.991495 -0.130144 0
    outer loop
      vertex 50.1742 0.295201 5
      vertex 50.1935 0.148165 0
      vertex 50.1935 0.148165 5
    endloop
  endfacet
  facet normal -0.999039 -0.0438279 0
    outer loop
      vertex 50.2 0 0
      vertex 50.1935 0.148165 5
      vertex 50.1935 0.148165 0
    endloop
  endfacet
  facet normal -0.999039 -0.0438279 0
    outer loop
      vertex 50.1935 0.148165 5
      vertex 50.2 0 0
      vertex 50.2 0 5
    endloop
  endfacet
  facet normal -0.976295 -0.216444 0
    outer loop
      vertex 50.1742 0.295201 0
      vertex 50.1421 0.439992 5
      vertex 50.1421 0.439992 0
    endloop
  endfacet
  facet normal -0.976295 -0.216444 0
    outer loop
      vertex 50.1421 0.439992 5
      vertex 50.1742 0.295201 0
      vertex 50.1742 0.295201 5
    endloop
  endfacet
  facet normal -0.130573 0.991439 0
    outer loop
      vertex 48.7952 -1.67417 0
      vertex 48.6482 -1.69353 5
      vertex 48.7952 -1.67417 5
    endloop
  endfacet
  facet normal -0.130573 0.991439 0
    outer loop
      vertex 48.6482 -1.69353 5
      vertex 48.7952 -1.67417 0
      vertex 48.6482 -1.69353 0
    endloop
  endfacet
  facet normal -0.300747 0.953704 0
    outer loop
      vertex 49.0814 -1.59748 0
      vertex 48.94 -1.64207 5
      vertex 49.0814 -1.59748 5
    endloop
  endfacet
  facet normal -0.300747 0.953704 0
    outer loop
      vertex 48.94 -1.64207 5
      vertex 49.0814 -1.59748 0
      vertex 48.94 -1.64207 0
    endloop
  endfacet
  facet normal 0.95371 -0.300729 0
    outer loop
      vertex 46.8579 0.439992 5
      vertex 46.9025 0.581433 0
      vertex 46.9025 0.581433 5
    endloop
  endfacet
  facet normal 0.95371 -0.300729 0
    outer loop
      vertex 46.9025 0.581433 0
      vertex 46.8579 0.439992 5
      vertex 46.8579 0.439992 0
    endloop
  endfacet
  facet normal 0.7933 0.608831 0
    outer loop
      vertex 47.1977 -1.09274 5
      vertex 47.1074 -0.97508 0
      vertex 47.1074 -0.97508 5
    endloop
  endfacet
  facet normal 0.7933 0.608831 0
    outer loop
      vertex 47.1074 -0.97508 0
      vertex 47.1977 -1.09274 5
      vertex 47.1977 -1.09274 0
    endloop
  endfacet
  facet normal -0.95371 -0.300729 0
    outer loop
      vertex 50.1421 0.439992 0
      vertex 50.0975 0.581433 5
      vertex 50.0975 0.581433 0
    endloop
  endfacet
  facet normal -0.95371 -0.300729 0
    outer loop
      vertex 50.0975 0.581433 5
      vertex 50.1421 0.439992 0
      vertex 50.1421 0.439992 5
    endloop
  endfacet
  facet normal -0.7933 -0.608831 0
    outer loop
      vertex 49.8926 0.97508 0
      vertex 49.8023 1.09274 5
      vertex 49.8023 1.09274 0
    endloop
  endfacet
  facet normal -0.7933 -0.608831 0
    outer loop
      vertex 49.8023 1.09274 5
      vertex 49.8926 0.97508 0
      vertex 49.8926 0.97508 5
    endloop
  endfacet
  facet normal 0.537216 -0.843445 0
    outer loop
      vertex 47.5249 1.39256 0
      vertex 47.65 1.47224 5
      vertex 47.5249 1.39256 5
    endloop
  endfacet
  facet normal 0.537216 -0.843445 0
    outer loop
      vertex 47.65 1.47224 5
      vertex 47.5249 1.39256 0
      vertex 47.65 1.47224 0
    endloop
  endfacet
  facet normal 0.300747 -0.953704 0
    outer loop
      vertex 47.9186 1.59748 0
      vertex 48.06 1.64207 5
      vertex 47.9186 1.59748 5
    endloop
  endfacet
  facet normal 0.300747 -0.953704 0
    outer loop
      vertex 48.06 1.64207 5
      vertex 47.9186 1.59748 0
      vertex 48.06 1.64207 0
    endloop
  endfacet
  facet normal 0.216431 -0.976298 0
    outer loop
      vertex 48.06 1.64207 0
      vertex 48.2048 1.67417 5
      vertex 48.06 1.64207 5
    endloop
  endfacet
  facet normal 0.216431 -0.976298 0
    outer loop
      vertex 48.2048 1.67417 5
      vertex 48.06 1.64207 0
      vertex 48.2048 1.67417 0
    endloop
  endfacet
  facet normal 0.923772 0.382944 0
    outer loop
      vertex 46.9593 -0.718451 5
      vertex 46.9025 -0.581433 0
      vertex 46.9025 -0.581433 5
    endloop
  endfacet
  facet normal 0.923772 0.382944 0
    outer loop
      vertex 46.9025 -0.581433 0
      vertex 46.9593 -0.718451 5
      vertex 46.9593 -0.718451 0
    endloop
  endfacet
  facet normal -0.843652 -0.53689 0
    outer loop
      vertex 49.9722 0.849999 0
      vertex 49.8926 0.97508 5
      vertex 49.8926 0.97508 0
    endloop
  endfacet
  facet normal -0.843652 -0.53689 0
    outer loop
      vertex 49.8926 0.97508 5
      vertex 49.9722 0.849999 0
      vertex 49.9722 0.849999 5
    endloop
  endfacet
  facet normal -0.95371 0.300729 0
    outer loop
      vertex 50.0975 -0.581433 0
      vertex 50.1421 -0.439992 5
      vertex 50.1421 -0.439992 0
    endloop
  endfacet
  facet normal -0.95371 0.300729 0
    outer loop
      vertex 50.1421 -0.439992 5
      vertex 50.0975 -0.581433 0
      vertex 50.0975 -0.581433 5
    endloop
  endfacet
  facet normal -0.675383 -0.737467 0
    outer loop
      vertex 49.5927 1.30227 0
      vertex 49.7021 1.20208 5
      vertex 49.5927 1.30227 5
    endloop
  endfacet
  facet normal -0.675383 -0.737467 -0
    outer loop
      vertex 49.7021 1.20208 5
      vertex 49.5927 1.30227 0
      vertex 49.7021 1.20208 0
    endloop
  endfacet
  facet normal -0.537216 -0.843445 0
    outer loop
      vertex 49.35 1.47224 0
      vertex 49.4751 1.39256 5
      vertex 49.35 1.47224 5
    endloop
  endfacet
  facet normal -0.537216 -0.843445 -0
    outer loop
      vertex 49.4751 1.39256 5
      vertex 49.35 1.47224 0
      vertex 49.4751 1.39256 0
    endloop
  endfacet
  facet normal -0.999039 0.0438279 0
    outer loop
      vertex 50.1935 -0.148165 0
      vertex 50.2 0 5
      vertex 50.2 0 0
    endloop
  endfacet
  facet normal -0.999039 0.0438279 0
    outer loop
      vertex 50.2 0 5
      vertex 50.1935 -0.148165 0
      vertex 50.1935 -0.148165 5
    endloop
  endfacet
  facet normal 0.216431 0.976298 -0
    outer loop
      vertex 48.2048 -1.67417 0
      vertex 48.06 -1.64207 5
      vertex 48.2048 -1.67417 5
    endloop
  endfacet
  facet normal 0.216431 0.976298 0
    outer loop
      vertex 48.06 -1.64207 5
      vertex 48.2048 -1.67417 0
      vertex 48.06 -1.64207 0
    endloop
  endfacet
  facet normal -0.608984 -0.793183 0
    outer loop
      vertex 49.4751 1.39256 0
      vertex 49.5927 1.30227 5
      vertex 49.4751 1.39256 5
    endloop
  endfacet
  facet normal -0.608984 -0.793183 -0
    outer loop
      vertex 49.5927 1.30227 5
      vertex 49.4751 1.39256 0
      vertex 49.5927 1.30227 0
    endloop
  endfacet
  facet normal 0.95371 0.300729 0
    outer loop
      vertex 46.9025 -0.581433 5
      vertex 46.8579 -0.439992 0
      vertex 46.8579 -0.439992 5
    endloop
  endfacet
  facet normal 0.95371 0.300729 0
    outer loop
      vertex 46.8579 -0.439992 0
      vertex 46.9025 -0.581433 5
      vertex 46.9025 -0.581433 0
    endloop
  endfacet
  facet normal 0.608984 -0.793183 0
    outer loop
      vertex 47.4073 1.30227 0
      vertex 47.5249 1.39256 5
      vertex 47.4073 1.30227 5
    endloop
  endfacet
  facet normal 0.608984 -0.793183 0
    outer loop
      vertex 47.5249 1.39256 5
      vertex 47.4073 1.30227 0
      vertex 47.5249 1.39256 0
    endloop
  endfacet
  facet normal -0.216431 0.976298 0
    outer loop
      vertex 48.94 -1.64207 0
      vertex 48.7952 -1.67417 5
      vertex 48.94 -1.64207 5
    endloop
  endfacet
  facet normal -0.216431 0.976298 0
    outer loop
      vertex 48.7952 -1.67417 5
      vertex 48.94 -1.64207 0
      vertex 48.7952 -1.67417 0
    endloop
  endfacet
  facet normal 0.382518 0.923948 -0
    outer loop
      vertex 47.9186 -1.59748 0
      vertex 47.7815 -1.54072 5
      vertex 47.9186 -1.59748 5
    endloop
  endfacet
  facet normal 0.382518 0.923948 0
    outer loop
      vertex 47.7815 -1.54072 5
      vertex 47.9186 -1.59748 0
      vertex 47.7815 -1.54072 0
    endloop
  endfacet
  facet normal -0.461884 0.886941 0
    outer loop
      vertex 49.35 -1.47224 0
      vertex 49.2185 -1.54072 5
      vertex 49.35 -1.47224 5
    endloop
  endfacet
  facet normal -0.461884 0.886941 0
    outer loop
      vertex 49.2185 -1.54072 5
      vertex 49.35 -1.47224 0
      vertex 49.2185 -1.54072 0
    endloop
  endfacet
  facet normal 0.0436157 -0.999048 0
    outer loop
      vertex 48.3518 1.69353 0
      vertex 48.5 1.7 5
      vertex 48.3518 1.69353 5
    endloop
  endfacet
  facet normal 0.0436157 -0.999048 0
    outer loop
      vertex 48.5 1.7 5
      vertex 48.3518 1.69353 0
      vertex 48.5 1.7 0
    endloop
  endfacet
  facet normal 0.537216 0.843445 -0
    outer loop
      vertex 47.65 -1.47224 0
      vertex 47.5249 -1.39256 5
      vertex 47.65 -1.47224 5
    endloop
  endfacet
  facet normal 0.537216 0.843445 0
    outer loop
      vertex 47.5249 -1.39256 5
      vertex 47.65 -1.47224 0
      vertex 47.5249 -1.39256 0
    endloop
  endfacet
  facet normal -0.0436157 0.999048 0
    outer loop
      vertex 48.6482 -1.69353 0
      vertex 48.5 -1.7 5
      vertex 48.6482 -1.69353 5
    endloop
  endfacet
  facet normal -0.0436157 0.999048 0
    outer loop
      vertex 48.5 -1.7 5
      vertex 48.6482 -1.69353 0
      vertex 48.5 -1.7 0
    endloop
  endfacet
  facet normal 0.886954 0.461857 0
    outer loop
      vertex 47.0278 -0.849999 5
      vertex 46.9593 -0.718451 0
      vertex 46.9593 -0.718451 5
    endloop
  endfacet
  facet normal 0.886954 0.461857 0
    outer loop
      vertex 46.9593 -0.718451 0
      vertex 47.0278 -0.849999 5
      vertex 47.0278 -0.849999 0
    endloop
  endfacet
  facet normal -0.461884 -0.886941 0
    outer loop
      vertex 49.2185 1.54072 0
      vertex 49.35 1.47224 5
      vertex 49.2185 1.54072 5
    endloop
  endfacet
  facet normal -0.461884 -0.886941 -0
    outer loop
      vertex 49.35 1.47224 5
      vertex 49.2185 1.54072 0
      vertex 49.35 1.47224 0
    endloop
  endfacet
  facet normal -0.675383 0.737467 0
    outer loop
      vertex 49.7021 -1.20208 0
      vertex 49.5927 -1.30227 5
      vertex 49.7021 -1.20208 5
    endloop
  endfacet
  facet normal -0.675383 0.737467 0
    outer loop
      vertex 49.5927 -1.30227 5
      vertex 49.7021 -1.20208 0
      vertex 49.5927 -1.30227 0
    endloop
  endfacet
  facet normal -0.537216 0.843445 0
    outer loop
      vertex 49.4751 -1.39256 0
      vertex 49.35 -1.47224 5
      vertex 49.4751 -1.39256 5
    endloop
  endfacet
  facet normal -0.537216 0.843445 0
    outer loop
      vertex 49.35 -1.47224 5
      vertex 49.4751 -1.39256 0
      vertex 49.35 -1.47224 0
    endloop
  endfacet
  facet normal -0.7933 0.608831 0
    outer loop
      vertex 49.8023 -1.09274 0
      vertex 49.8926 -0.97508 5
      vertex 49.8926 -0.97508 0
    endloop
  endfacet
  facet normal -0.7933 0.608831 0
    outer loop
      vertex 49.8926 -0.97508 5
      vertex 49.8023 -1.09274 0
      vertex 49.8023 -1.09274 5
    endloop
  endfacet
  facet normal 0.999039 -0.0438279 0
    outer loop
      vertex 46.8 0 5
      vertex 46.8065 0.148165 0
      vertex 46.8065 0.148165 5
    endloop
  endfacet
  facet normal 0.999039 -0.0438279 0
    outer loop
      vertex 46.8065 0.148165 0
      vertex 46.8 0 5
      vertex 46.8 0 0
    endloop
  endfacet
  facet normal -0.608984 0.793183 0
    outer loop
      vertex 49.5927 -1.30227 0
      vertex 49.4751 -1.39256 5
      vertex 49.5927 -1.30227 5
    endloop
  endfacet
  facet normal -0.608984 0.793183 0
    outer loop
      vertex 49.4751 -1.39256 5
      vertex 49.5927 -1.30227 0
      vertex 49.4751 -1.39256 0
    endloop
  endfacet
  facet normal -0.923772 -0.382944 0
    outer loop
      vertex 50.0975 0.581433 0
      vertex 50.0407 0.718451 5
      vertex 50.0407 0.718451 0
    endloop
  endfacet
  facet normal -0.923772 -0.382944 0
    outer loop
      vertex 50.0407 0.718451 5
      vertex 50.0975 0.581433 0
      vertex 50.0975 0.581433 5
    endloop
  endfacet
  facet normal -0.737249 -0.675621 0
    outer loop
      vertex 49.8023 1.09274 0
      vertex 49.7021 1.20208 5
      vertex 49.7021 1.20208 0
    endloop
  endfacet
  facet normal -0.737249 -0.675621 0
    outer loop
      vertex 49.7021 1.20208 5
      vertex 49.8023 1.09274 0
      vertex 49.8023 1.09274 5
    endloop
  endfacet
  facet normal 0.923772 -0.382944 0
    outer loop
      vertex 46.9025 0.581433 5
      vertex 46.9593 0.718451 0
      vertex 46.9593 0.718451 5
    endloop
  endfacet
  facet normal 0.923772 -0.382944 0
    outer loop
      vertex 46.9593 0.718451 0
      vertex 46.9025 0.581433 5
      vertex 46.9025 0.581433 0
    endloop
  endfacet
  facet normal -0.382518 0.923948 0
    outer loop
      vertex 49.2185 -1.54072 0
      vertex 49.0814 -1.59748 5
      vertex 49.2185 -1.54072 5
    endloop
  endfacet
  facet normal -0.382518 0.923948 0
    outer loop
      vertex 49.0814 -1.59748 5
      vertex 49.2185 -1.54072 0
      vertex 49.0814 -1.59748 0
    endloop
  endfacet
  facet normal -0.886954 -0.461857 0
    outer loop
      vertex 50.0407 0.718451 0
      vertex 49.9722 0.849999 5
      vertex 49.9722 0.849999 0
    endloop
  endfacet
  facet normal -0.886954 -0.461857 0
    outer loop
      vertex 49.9722 0.849999 5
      vertex 50.0407 0.718451 0
      vertex 50.0407 0.718451 5
    endloop
  endfacet
  facet normal 0.675383 -0.737467 0
    outer loop
      vertex 47.2979 1.20208 0
      vertex 47.4073 1.30227 5
      vertex 47.2979 1.20208 5
    endloop
  endfacet
  facet normal 0.675383 -0.737467 0
    outer loop
      vertex 47.4073 1.30227 5
      vertex 47.2979 1.20208 0
      vertex 47.4073 1.30227 0
    endloop
  endfacet
  facet normal 0.675383 0.737467 -0
    outer loop
      vertex 47.4073 -1.30227 0
      vertex 47.2979 -1.20208 5
      vertex 47.4073 -1.30227 5
    endloop
  endfacet
  facet normal 0.675383 0.737467 0
    outer loop
      vertex 47.2979 -1.20208 5
      vertex 47.4073 -1.30227 0
      vertex 47.2979 -1.20208 0
    endloop
  endfacet
  facet normal -0.130573 -0.991439 0
    outer loop
      vertex 48.6482 1.69353 0
      vertex 48.7952 1.67417 5
      vertex 48.6482 1.69353 5
    endloop
  endfacet
  facet normal -0.130573 -0.991439 -0
    outer loop
      vertex 48.7952 1.67417 5
      vertex 48.6482 1.69353 0
      vertex 48.7952 1.67417 0
    endloop
  endfacet
  facet normal 0.461884 -0.886941 0
    outer loop
      vertex 47.65 1.47224 0
      vertex 47.7815 1.54072 5
      vertex 47.65 1.47224 5
    endloop
  endfacet
  facet normal 0.461884 -0.886941 0
    outer loop
      vertex 47.7815 1.54072 5
      vertex 47.65 1.47224 0
      vertex 47.7815 1.54072 0
    endloop
  endfacet
  facet normal 0.382518 -0.923948 0
    outer loop
      vertex 47.7815 1.54072 0
      vertex 47.9186 1.59748 5
      vertex 47.7815 1.54072 5
    endloop
  endfacet
  facet normal 0.382518 -0.923948 0
    outer loop
      vertex 47.9186 1.59748 5
      vertex 47.7815 1.54072 0
      vertex 47.9186 1.59748 0
    endloop
  endfacet
  facet normal 0.991495 -0.130144 0
    outer loop
      vertex 46.8065 0.148165 5
      vertex 46.8258 0.295201 0
      vertex 46.8258 0.295201 5
    endloop
  endfacet
  facet normal 0.991495 -0.130144 0
    outer loop
      vertex 46.8258 0.295201 0
      vertex 46.8065 0.148165 5
      vertex 46.8065 0.148165 0
    endloop
  endfacet
  facet normal 0.976295 -0.216444 0
    outer loop
      vertex 46.8258 0.295201 5
      vertex 46.8579 0.439992 0
      vertex 46.8579 0.439992 5
    endloop
  endfacet
  facet normal 0.976295 -0.216444 0
    outer loop
      vertex 46.8579 0.439992 0
      vertex 46.8258 0.295201 5
      vertex 46.8258 0.295201 0
    endloop
  endfacet
  facet normal -0.923772 0.382944 0
    outer loop
      vertex 50.0407 -0.718451 0
      vertex 50.0975 -0.581433 5
      vertex 50.0975 -0.581433 0
    endloop
  endfacet
  facet normal -0.923772 0.382944 0
    outer loop
      vertex 50.0975 -0.581433 5
      vertex 50.0407 -0.718451 0
      vertex 50.0407 -0.718451 5
    endloop
  endfacet
  facet normal -0.216431 -0.976298 0
    outer loop
      vertex 48.7952 1.67417 0
      vertex 48.94 1.64207 5
      vertex 48.7952 1.67417 5
    endloop
  endfacet
  facet normal -0.216431 -0.976298 -0
    outer loop
      vertex 48.94 1.64207 5
      vertex 48.7952 1.67417 0
      vertex 48.94 1.64207 0
    endloop
  endfacet
  facet normal 0.7933 -0.608831 0
    outer loop
      vertex 47.1074 0.97508 5
      vertex 47.1977 1.09274 0
      vertex 47.1977 1.09274 5
    endloop
  endfacet
  facet normal 0.7933 -0.608831 0
    outer loop
      vertex 47.1977 1.09274 0
      vertex 47.1074 0.97508 5
      vertex 47.1074 0.97508 0
    endloop
  endfacet
  facet normal 0.999039 0.0438279 0
    outer loop
      vertex 46.8065 -0.148165 5
      vertex 46.8 0 0
      vertex 46.8 0 5
    endloop
  endfacet
  facet normal 0.999039 0.0438279 0
    outer loop
      vertex 46.8 0 0
      vertex 46.8065 -0.148165 5
      vertex 46.8065 -0.148165 0
    endloop
  endfacet
  facet normal 0.461884 0.886941 -0
    outer loop
      vertex 47.7815 -1.54072 0
      vertex 47.65 -1.47224 5
      vertex 47.7815 -1.54072 5
    endloop
  endfacet
  facet normal 0.461884 0.886941 0
    outer loop
      vertex 47.65 -1.47224 5
      vertex 47.7815 -1.54072 0
      vertex 47.65 -1.47224 0
    endloop
  endfacet
  facet normal -0.0436157 -0.999048 0
    outer loop
      vertex 48.5 1.7 0
      vertex 48.6482 1.69353 5
      vertex 48.5 1.7 5
    endloop
  endfacet
  facet normal -0.0436157 -0.999048 -0
    outer loop
      vertex 48.6482 1.69353 5
      vertex 48.5 1.7 0
      vertex 48.6482 1.69353 0
    endloop
  endfacet
  facet normal -0.976295 0.216444 0
    outer loop
      vertex 50.1421 -0.439992 0
      vertex 50.1742 -0.295201 5
      vertex 50.1742 -0.295201 0
    endloop
  endfacet
  facet normal -0.976295 0.216444 0
    outer loop
      vertex 50.1742 -0.295201 5
      vertex 50.1421 -0.439992 0
      vertex 50.1421 -0.439992 5
    endloop
  endfacet
  facet normal 0.737249 0.675621 0
    outer loop
      vertex 47.2979 -1.20208 5
      vertex 47.1977 -1.09274 0
      vertex 47.1977 -1.09274 5
    endloop
  endfacet
  facet normal 0.737249 0.675621 0
    outer loop
      vertex 47.1977 -1.09274 0
      vertex 47.2979 -1.20208 5
      vertex 47.2979 -1.20208 0
    endloop
  endfacet
  facet normal 0.976295 0.216444 0
    outer loop
      vertex 46.8579 -0.439992 5
      vertex 46.8258 -0.295201 0
      vertex 46.8258 -0.295201 5
    endloop
  endfacet
  facet normal 0.976295 0.216444 0
    outer loop
      vertex 46.8258 -0.295201 0
      vertex 46.8579 -0.439992 5
      vertex 46.8579 -0.439992 0
    endloop
  endfacet
  facet normal -0.886954 0.461857 0
    outer loop
      vertex 49.9722 -0.849999 0
      vertex 50.0407 -0.718451 5
      vertex 50.0407 -0.718451 0
    endloop
  endfacet
  facet normal -0.886954 0.461857 0
    outer loop
      vertex 50.0407 -0.718451 5
      vertex 49.9722 -0.849999 0
      vertex 49.9722 -0.849999 5
    endloop
  endfacet
  facet normal -0.382518 -0.923948 0
    outer loop
      vertex 49.0814 1.59748 0
      vertex 49.2185 1.54072 5
      vertex 49.0814 1.59748 5
    endloop
  endfacet
  facet normal -0.382518 -0.923948 -0
    outer loop
      vertex 49.2185 1.54072 5
      vertex 49.0814 1.59748 0
      vertex 49.2185 1.54072 0
    endloop
  endfacet
  facet normal -0.300747 -0.953704 0
    outer loop
      vertex 48.94 1.64207 0
      vertex 49.0814 1.59748 5
      vertex 48.94 1.64207 5
    endloop
  endfacet
  facet normal -0.300747 -0.953704 -0
    outer loop
      vertex 49.0814 1.59748 5
      vertex 48.94 1.64207 0
      vertex 49.0814 1.59748 0
    endloop
  endfacet
  facet normal 0.737249 -0.675621 0
    outer loop
      vertex 47.1977 1.09274 5
      vertex 47.2979 1.20208 0
      vertex 47.2979 1.20208 5
    endloop
  endfacet
  facet normal 0.737249 -0.675621 0
    outer loop
      vertex 47.2979 1.20208 0
      vertex 47.1977 1.09274 5
      vertex 47.1977 1.09274 0
    endloop
  endfacet
  facet normal 0.130573 -0.991439 0
    outer loop
      vertex 48.2048 1.67417 0
      vertex 48.3518 1.69353 5
      vertex 48.2048 1.67417 5
    endloop
  endfacet
  facet normal 0.130573 -0.991439 0
    outer loop
      vertex 48.3518 1.69353 5
      vertex 48.2048 1.67417 0
      vertex 48.3518 1.69353 0
    endloop
  endfacet
  facet normal 0.608984 0.793183 -0
    outer loop
      vertex 47.5249 -1.39256 0
      vertex 47.4073 -1.30227 5
      vertex 47.5249 -1.39256 5
    endloop
  endfacet
  facet normal 0.608984 0.793183 0
    outer loop
      vertex 47.4073 -1.30227 5
      vertex 47.5249 -1.39256 0
      vertex 47.4073 -1.30227 0
    endloop
  endfacet
  facet normal -0.843652 0.53689 0
    outer loop
      vertex 49.8926 -0.97508 0
      vertex 49.9722 -0.849999 5
      vertex 49.9722 -0.849999 0
    endloop
  endfacet
  facet normal -0.843652 0.53689 0
    outer loop
      vertex 49.9722 -0.849999 5
      vertex 49.8926 -0.97508 0
      vertex 49.8926 -0.97508 5
    endloop
  endfacet
  facet normal 0.300747 0.953704 -0
    outer loop
      vertex 48.06 -1.64207 0
      vertex 47.9186 -1.59748 5
      vertex 48.06 -1.64207 5
    endloop
  endfacet
  facet normal 0.300747 0.953704 0
    outer loop
      vertex 47.9186 -1.59748 5
      vertex 48.06 -1.64207 0
      vertex 47.9186 -1.59748 0
    endloop
  endfacet
  facet normal 0.991495 0.130144 0
    outer loop
      vertex 46.8258 -0.295201 5
      vertex 46.8065 -0.148165 0
      vertex 46.8065 -0.148165 5
    endloop
  endfacet
  facet normal 0.991495 0.130144 0
    outer loop
      vertex 46.8065 -0.148165 0
      vertex 46.8258 -0.295201 5
      vertex 46.8258 -0.295201 0
    endloop
  endfacet
  facet normal 0.843652 0.53689 0
    outer loop
      vertex 47.1074 -0.97508 5
      vertex 47.0278 -0.849999 0
      vertex 47.0278 -0.849999 5
    endloop
  endfacet
  facet normal 0.843652 0.53689 0
    outer loop
      vertex 47.0278 -0.849999 0
      vertex 47.1074 -0.97508 5
      vertex 47.1074 -0.97508 0
    endloop
  endfacet
  facet normal 0.886954 -0.461857 0
    outer loop
      vertex 46.9593 0.718451 5
      vertex 47.0278 0.849999 0
      vertex 47.0278 0.849999 5
    endloop
  endfacet
  facet normal 0.886954 -0.461857 0
    outer loop
      vertex 47.0278 0.849999 0
      vertex 46.9593 0.718451 5
      vertex 46.9593 0.718451 0
    endloop
  endfacet
  facet normal -0.991495 0.130144 0
    outer loop
      vertex 50.1742 -0.295201 0
      vertex 50.1935 -0.148165 5
      vertex 50.1935 -0.148165 0
    endloop
  endfacet
  facet normal -0.991495 0.130144 0
    outer loop
      vertex 50.1935 -0.148165 5
      vertex 50.1742 -0.295201 0
      vertex 50.1742 -0.295201 5
    endloop
  endfacet
  facet normal -0.737249 0.675621 0
    outer loop
      vertex 49.7021 -1.20208 0
      vertex 49.8023 -1.09274 5
      vertex 49.8023 -1.09274 0
    endloop
  endfacet
  facet normal -0.737249 0.675621 0
    outer loop
      vertex 49.8023 -1.09274 5
      vertex 49.7021 -1.20208 0
      vertex 49.7021 -1.20208 5
    endloop
  endfacet
  facet normal 0.0436157 0.999048 -0
    outer loop
      vertex 48.5 -1.7 0
      vertex 48.3518 -1.69353 5
      vertex 48.5 -1.7 5
    endloop
  endfacet
  facet normal 0.0436157 0.999048 0
    outer loop
      vertex 48.3518 -1.69353 5
      vertex 48.5 -1.7 0
      vertex 48.3518 -1.69353 0
    endloop
  endfacet
  facet normal 0.130573 0.991439 -0
    outer loop
      vertex 48.3518 -1.69353 0
      vertex 48.2048 -1.67417 5
      vertex 48.3518 -1.69353 5
    endloop
  endfacet
  facet normal 0.130573 0.991439 0
    outer loop
      vertex 48.2048 -1.67417 5
      vertex 48.3518 -1.69353 0
      vertex 48.2048 -1.67417 0
    endloop
  endfacet
  facet normal 0.843652 -0.53689 0
    outer loop
      vertex 47.0278 0.849999 5
      vertex 47.1074 0.97508 0
      vertex 47.1074 0.97508 5
    endloop
  endfacet
  facet normal 0.843652 -0.53689 0
    outer loop
      vertex 47.1074 0.97508 0
      vertex 47.0278 0.849999 5
      vertex 47.0278 0.849999 0
    endloop
  endfacet
  facet normal 0.609026 -0.79315 0
    outer loop
      vertex -25.3427 43.3045 0
      vertex -25.2251 43.3948 5
      vertex -25.3427 43.3045 5
    endloop
  endfacet
  facet normal 0.609026 -0.79315 0
    outer loop
      vertex -25.2251 43.3948 5
      vertex -25.3427 43.3045 0
      vertex -25.2251 43.3948 0
    endloop
  endfacet
  facet normal 0.537312 -0.843384 0
    outer loop
      vertex -25.2251 43.3948 0
      vertex -25.1 43.4745 5
      vertex -25.2251 43.3948 5
    endloop
  endfacet
  facet normal 0.537312 -0.843384 0
    outer loop
      vertex -25.1 43.4745 5
      vertex -25.2251 43.3948 0
      vertex -25.1 43.4745 0
    endloop
  endfacet
  facet normal 0.675419 -0.737434 0
    outer loop
      vertex -25.4521 43.2043 0
      vertex -25.3427 43.3045 5
      vertex -25.4521 43.2043 5
    endloop
  endfacet
  facet normal 0.675419 -0.737434 0
    outer loop
      vertex -25.3427 43.3045 5
      vertex -25.4521 43.2043 0
      vertex -25.3427 43.3045 0
    endloop
  endfacet
  facet normal -0.999038 0.0438471 0
    outer loop
      vertex -22.5565 41.8541 0
      vertex -22.55 42.0022 5
      vertex -22.55 42.0022 0
    endloop
  endfacet
  facet normal -0.999038 0.0438471 0
    outer loop
      vertex -22.55 42.0022 5
      vertex -22.5565 41.8541 0
      vertex -22.5565 41.8541 5
    endloop
  endfacet
  facet normal 0.675053 0.73777 -0
    outer loop
      vertex -25.3427 40.7 0
      vertex -25.4521 40.8001 5
      vertex -25.3427 40.7 5
    endloop
  endfacet
  facet normal 0.675053 0.73777 0
    outer loop
      vertex -25.4521 40.8001 5
      vertex -25.3427 40.7 0
      vertex -25.4521 40.8001 0
    endloop
  endfacet
  facet normal 0.737434 0.675419 0
    outer loop
      vertex -25.4521 40.8001 5
      vertex -25.5523 40.9095 0
      vertex -25.5523 40.9095 5
    endloop
  endfacet
  facet normal 0.737434 0.675419 0
    outer loop
      vertex -25.5523 40.9095 0
      vertex -25.4521 40.8001 5
      vertex -25.4521 40.8001 0
    endloop
  endfacet
  facet normal -0.737126 -0.675755 0
    outer loop
      vertex -22.9477 43.095 0
      vertex -23.0479 43.2043 5
      vertex -23.0479 43.2043 0
    endloop
  endfacet
  facet normal -0.737126 -0.675755 0
    outer loop
      vertex -23.0479 43.2043 5
      vertex -22.9477 43.095 0
      vertex -22.9477 43.095 5
    endloop
  endfacet
  facet normal -0.991491 -0.130175 0
    outer loop
      vertex -22.5565 42.1504 0
      vertex -22.5758 42.2974 5
      vertex -22.5758 42.2974 0
    endloop
  endfacet
  facet normal -0.991491 -0.130175 0
    outer loop
      vertex -22.5758 42.2974 5
      vertex -22.5565 42.1504 0
      vertex -22.5565 42.1504 5
    endloop
  endfacet
  facet normal 0.537312 0.843384 -0
    outer loop
      vertex -25.1 40.53 0
      vertex -25.2251 40.6097 5
      vertex -25.1 40.53 5
    endloop
  endfacet
  facet normal 0.537312 0.843384 0
    outer loop
      vertex -25.2251 40.6097 5
      vertex -25.1 40.53 0
      vertex -25.2251 40.6097 0
    endloop
  endfacet
  facet normal -0.382173 0.924091 0
    outer loop
      vertex -23.5315 40.4615 0
      vertex -23.6686 40.4048 5
      vertex -23.5315 40.4615 5
    endloop
  endfacet
  facet normal -0.382173 0.924091 0
    outer loop
      vertex -23.6686 40.4048 5
      vertex -23.5315 40.4615 0
      vertex -23.6686 40.4048 0
    endloop
  endfacet
  facet normal 0.382173 -0.924091 0
    outer loop
      vertex -24.9685 43.543 0
      vertex -24.8314 43.5997 5
      vertex -24.9685 43.543 5
    endloop
  endfacet
  facet normal 0.382173 -0.924091 0
    outer loop
      vertex -24.8314 43.5997 5
      vertex -24.9685 43.543 0
      vertex -24.8314 43.5997 0
    endloop
  endfacet
  facet normal 0.216431 -0.976298 0
    outer loop
      vertex -24.69 43.6443 0
      vertex -24.5452 43.6764 5
      vertex -24.69 43.6443 5
    endloop
  endfacet
  facet normal 0.216431 -0.976298 0
    outer loop
      vertex -24.5452 43.6764 5
      vertex -24.69 43.6443 0
      vertex -24.5452 43.6764 0
    endloop
  endfacet
  facet normal 0.953685 0.300809 0
    outer loop
      vertex -25.8475 41.4208 5
      vertex -25.8921 41.5622 0
      vertex -25.8921 41.5622 5
    endloop
  endfacet
  facet normal 0.953685 0.300809 0
    outer loop
      vertex -25.8921 41.5622 0
      vertex -25.8475 41.4208 5
      vertex -25.8475 41.4208 0
    endloop
  endfacet
  facet normal -0.7934 -0.6087 0
    outer loop
      vertex -22.8574 42.9773 0
      vertex -22.9477 43.095 5
      vertex -22.9477 43.095 0
    endloop
  endfacet
  facet normal -0.7934 -0.6087 0
    outer loop
      vertex -22.9477 43.095 5
      vertex -22.8574 42.9773 0
      vertex -22.8574 42.9773 5
    endloop
  endfacet
  facet normal -0.737434 0.675419 0
    outer loop
      vertex -23.0479 40.8001 0
      vertex -22.9477 40.9095 5
      vertex -22.9477 40.9095 0
    endloop
  endfacet
  facet normal -0.737434 0.675419 0
    outer loop
      vertex -22.9477 40.9095 5
      vertex -23.0479 40.8001 0
      vertex -23.0479 40.8001 5
    endloop
  endfacet
  facet normal 0.216431 0.976298 -0
    outer loop
      vertex -24.5452 40.3281 0
      vertex -24.69 40.3602 5
      vertex -24.5452 40.3281 5
    endloop
  endfacet
  facet normal 0.216431 0.976298 0
    outer loop
      vertex -24.69 40.3602 5
      vertex -24.5452 40.3281 0
      vertex -24.69 40.3602 0
    endloop
  endfacet
  facet normal -0.675419 -0.737434 0
    outer loop
      vertex -23.1573 43.3045 0
      vertex -23.0479 43.2043 5
      vertex -23.1573 43.3045 5
    endloop
  endfacet
  facet normal -0.675419 -0.737434 -0
    outer loop
      vertex -23.0479 43.2043 5
      vertex -23.1573 43.3045 0
      vertex -23.0479 43.2043 0
    endloop
  endfacet
  facet normal -0.976298 -0.216431 0
    outer loop
      vertex -22.5758 42.2974 0
      vertex -22.6079 42.4422 5
      vertex -22.6079 42.4422 0
    endloop
  endfacet
  facet normal -0.976298 -0.216431 0
    outer loop
      vertex -22.6079 42.4422 5
      vertex -22.5758 42.2974 0
      vertex -22.5758 42.2974 5
    endloop
  endfacet
  facet normal -0.953685 0.300809 0
    outer loop
      vertex -22.6525 41.4208 0
      vertex -22.6079 41.5622 5
      vertex -22.6079 41.5622 0
    endloop
  endfacet
  facet normal -0.953685 0.300809 0
    outer loop
      vertex -22.6079 41.5622 5
      vertex -22.6525 41.4208 0
      vertex -22.6525 41.4208 5
    endloop
  endfacet
  facet normal -0.843689 -0.536832 0
    outer loop
      vertex -22.7778 42.8522 0
      vertex -22.8574 42.9773 5
      vertex -22.8574 42.9773 0
    endloop
  endfacet
  facet normal -0.843689 -0.536832 0
    outer loop
      vertex -22.8574 42.9773 5
      vertex -22.7778 42.8522 0
      vertex -22.7778 42.8522 5
    endloop
  endfacet
  facet normal -0.675053 0.73777 0
    outer loop
      vertex -23.0479 40.8001 0
      vertex -23.1573 40.7 5
      vertex -23.0479 40.8001 5
    endloop
  endfacet
  facet normal -0.675053 0.73777 0
    outer loop
      vertex -23.1573 40.7 5
      vertex -23.0479 40.8001 0
      vertex -23.1573 40.7 0
    endloop
  endfacet
  facet normal 0.923754 0.382987 0
    outer loop
      vertex -25.7907 41.2838 5
      vertex -25.8475 41.4208 0
      vertex -25.8475 41.4208 5
    endloop
  endfacet
  facet normal 0.923754 0.382987 0
    outer loop
      vertex -25.8475 41.4208 0
      vertex -25.7907 41.2838 5
      vertex -25.7907 41.2838 0
    endloop
  endfacet
  facet normal 0.382173 0.924091 -0
    outer loop
      vertex -24.8314 40.4048 0
      vertex -24.9685 40.4615 5
      vertex -24.8314 40.4048 5
    endloop
  endfacet
  facet normal 0.382173 0.924091 0
    outer loop
      vertex -24.9685 40.4615 5
      vertex -24.8314 40.4048 0
      vertex -24.9685 40.4615 0
    endloop
  endfacet
  facet normal 0.737126 -0.675755 0
    outer loop
      vertex -25.5523 43.095 5
      vertex -25.4521 43.2043 0
      vertex -25.4521 43.2043 5
    endloop
  endfacet
  facet normal 0.737126 -0.675755 0
    outer loop
      vertex -25.4521 43.2043 0
      vertex -25.5523 43.095 5
      vertex -25.5523 43.095 0
    endloop
  endfacet
  facet normal 0.976298 -0.216431 0
    outer loop
      vertex -25.9242 42.2974 5
      vertex -25.8921 42.4422 0
      vertex -25.8921 42.4422 5
    endloop
  endfacet
  facet normal 0.976298 -0.216431 0
    outer loop
      vertex -25.8921 42.4422 0
      vertex -25.9242 42.2974 5
      vertex -25.9242 42.2974 0
    endloop
  endfacet
  facet normal 0.300809 0.953685 -0
    outer loop
      vertex -24.69 40.3602 0
      vertex -24.8314 40.4048 5
      vertex -24.69 40.3602 5
    endloop
  endfacet
  facet normal 0.300809 0.953685 0
    outer loop
      vertex -24.8314 40.4048 5
      vertex -24.69 40.3602 0
      vertex -24.8314 40.4048 0
    endloop
  endfacet
  facet normal 0.46199 0.886885 -0
    outer loop
      vertex -24.9685 40.4615 0
      vertex -25.1 40.53 5
      vertex -24.9685 40.4615 5
    endloop
  endfacet
  facet normal 0.46199 0.886885 0
    outer loop
      vertex -25.1 40.53 5
      vertex -24.9685 40.4615 0
      vertex -25.1 40.53 0
    endloop
  endfacet
  facet normal -0.7934 0.6087 0
    outer loop
      vertex -22.9477 40.9095 0
      vertex -22.8574 41.0272 5
      vertex -22.8574 41.0272 0
    endloop
  endfacet
  facet normal -0.7934 0.6087 0
    outer loop
      vertex -22.8574 41.0272 5
      vertex -22.9477 40.9095 0
      vertex -22.9477 40.9095 5
    endloop
  endfacet
  facet normal 0.991491 -0.130175 0
    outer loop
      vertex -25.9435 42.1504 5
      vertex -25.9242 42.2974 0
      vertex -25.9242 42.2974 5
    endloop
  endfacet
  facet normal 0.991491 -0.130175 0
    outer loop
      vertex -25.9242 42.2974 0
      vertex -25.9435 42.1504 5
      vertex -25.9435 42.1504 0
    endloop
  endfacet
  facet normal -0.99904 -0.0438175 0
    outer loop
      vertex -22.55 42.0022 0
      vertex -22.5565 42.1504 5
      vertex -22.5565 42.1504 0
    endloop
  endfacet
  facet normal -0.99904 -0.0438175 0
    outer loop
      vertex -22.5565 42.1504 5
      vertex -22.55 42.0022 0
      vertex -22.55 42.0022 5
    endloop
  endfacet
  facet normal -0.887029 0.461713 0
    outer loop
      vertex -22.7778 41.1522 0
      vertex -22.7093 41.2838 5
      vertex -22.7093 41.2838 0
    endloop
  endfacet
  facet normal -0.887029 0.461713 0
    outer loop
      vertex -22.7093 41.2838 5
      vertex -22.7778 41.1522 0
      vertex -22.7778 41.1522 5
    endloop
  endfacet
  facet normal -0.537312 -0.843384 0
    outer loop
      vertex -23.4 43.4745 0
      vertex -23.2749 43.3948 5
      vertex -23.4 43.4745 5
    endloop
  endfacet
  facet normal -0.537312 -0.843384 -0
    outer loop
      vertex -23.2749 43.3948 5
      vertex -23.4 43.4745 0
      vertex -23.2749 43.3948 0
    endloop
  endfacet
  facet normal 0.300809 -0.953685 0
    outer loop
      vertex -24.8314 43.5997 0
      vertex -24.69 43.6443 5
      vertex -24.8314 43.5997 5
    endloop
  endfacet
  facet normal 0.300809 -0.953685 0
    outer loop
      vertex -24.69 43.6443 5
      vertex -24.8314 43.5997 0
      vertex -24.69 43.6443 0
    endloop
  endfacet
  facet normal -0.923754 -0.382987 0
    outer loop
      vertex -22.6525 42.5837 0
      vertex -22.7093 42.7207 5
      vertex -22.7093 42.7207 0
    endloop
  endfacet
  facet normal -0.923754 -0.382987 0
    outer loop
      vertex -22.7093 42.7207 5
      vertex -22.6525 42.5837 0
      vertex -22.6525 42.5837 5
    endloop
  endfacet
  facet normal 0.999038 0.0438471 0
    outer loop
      vertex -25.9435 41.8541 5
      vertex -25.95 42.0022 0
      vertex -25.95 42.0022 5
    endloop
  endfacet
  facet normal 0.999038 0.0438471 0
    outer loop
      vertex -25.95 42.0022 0
      vertex -25.9435 41.8541 5
      vertex -25.9435 41.8541 0
    endloop
  endfacet
  facet normal -0.300809 0.953685 0
    outer loop
      vertex -23.6686 40.4048 0
      vertex -23.81 40.3602 5
      vertex -23.6686 40.4048 5
    endloop
  endfacet
  facet normal -0.300809 0.953685 0
    outer loop
      vertex -23.81 40.3602 5
      vertex -23.6686 40.4048 0
      vertex -23.81 40.3602 0
    endloop
  endfacet
  facet normal -0.0431447 -0.999069 0
    outer loop
      vertex -24.25 43.7022 0
      vertex -24.1018 43.6958 5
      vertex -24.25 43.7022 5
    endloop
  endfacet
  facet normal -0.0431447 -0.999069 -0
    outer loop
      vertex -24.1018 43.6958 5
      vertex -24.25 43.7022 0
      vertex -24.1018 43.6958 0
    endloop
  endfacet
  facet normal -0.130838 -0.991404 0
    outer loop
      vertex -24.1018 43.6958 0
      vertex -23.9548 43.6764 5
      vertex -24.1018 43.6958 5
    endloop
  endfacet
  facet normal -0.130838 -0.991404 -0
    outer loop
      vertex -23.9548 43.6764 5
      vertex -24.1018 43.6958 0
      vertex -23.9548 43.6764 0
    endloop
  endfacet
  facet normal -0.46199 -0.886885 0
    outer loop
      vertex -23.5315 43.543 0
      vertex -23.4 43.4745 5
      vertex -23.5315 43.543 5
    endloop
  endfacet
  facet normal -0.46199 -0.886885 -0
    outer loop
      vertex -23.4 43.4745 5
      vertex -23.5315 43.543 0
      vertex -23.4 43.4745 0
    endloop
  endfacet
  facet normal 0.130838 0.991404 -0
    outer loop
      vertex -24.3982 40.3087 0
      vertex -24.5452 40.3281 5
      vertex -24.3982 40.3087 5
    endloop
  endfacet
  facet normal 0.130838 0.991404 0
    outer loop
      vertex -24.5452 40.3281 5
      vertex -24.3982 40.3087 0
      vertex -24.5452 40.3281 0
    endloop
  endfacet
  facet normal 0.991502 0.130088 0
    outer loop
      vertex -25.9242 41.707 5
      vertex -25.9435 41.8541 0
      vertex -25.9435 41.8541 5
    endloop
  endfacet
  facet normal 0.991502 0.130088 0
    outer loop
      vertex -25.9435 41.8541 0
      vertex -25.9242 41.707 5
      vertex -25.9242 41.707 0
    endloop
  endfacet
  facet normal 0.886885 -0.46199 0
    outer loop
      vertex -25.7907 42.7207 5
      vertex -25.7222 42.8522 0
      vertex -25.7222 42.8522 5
    endloop
  endfacet
  facet normal 0.886885 -0.46199 0
    outer loop
      vertex -25.7222 42.8522 0
      vertex -25.7907 42.7207 5
      vertex -25.7907 42.7207 0
    endloop
  endfacet
  facet normal 0.46199 -0.886885 0
    outer loop
      vertex -25.1 43.4745 0
      vertex -24.9685 43.543 5
      vertex -25.1 43.4745 5
    endloop
  endfacet
  facet normal 0.46199 -0.886885 0
    outer loop
      vertex -24.9685 43.543 5
      vertex -25.1 43.4745 0
      vertex -24.9685 43.543 0
    endloop
  endfacet
  facet normal 0.7934 -0.6087 0
    outer loop
      vertex -25.6426 42.9773 5
      vertex -25.5523 43.095 0
      vertex -25.5523 43.095 5
    endloop
  endfacet
  facet normal 0.7934 -0.6087 0
    outer loop
      vertex -25.5523 43.095 0
      vertex -25.6426 42.9773 5
      vertex -25.6426 42.9773 0
    endloop
  endfacet
  facet normal -0.609026 0.79315 0
    outer loop
      vertex -23.1573 40.7 0
      vertex -23.2749 40.6097 5
      vertex -23.1573 40.7 5
    endloop
  endfacet
  facet normal -0.609026 0.79315 0
    outer loop
      vertex -23.2749 40.6097 5
      vertex -23.1573 40.7 0
      vertex -23.2749 40.6097 0
    endloop
  endfacet
  facet normal 0.843689 -0.536832 0
    outer loop
      vertex -25.7222 42.8522 5
      vertex -25.6426 42.9773 0
      vertex -25.6426 42.9773 5
    endloop
  endfacet
  facet normal 0.843689 -0.536832 0
    outer loop
      vertex -25.6426 42.9773 0
      vertex -25.7222 42.8522 5
      vertex -25.7222 42.8522 0
    endloop
  endfacet
  facet normal -0.923754 0.382987 0
    outer loop
      vertex -22.7093 41.2838 0
      vertex -22.6525 41.4208 5
      vertex -22.6525 41.4208 0
    endloop
  endfacet
  facet normal -0.923754 0.382987 0
    outer loop
      vertex -22.6525 41.4208 5
      vertex -22.7093 41.2838 0
      vertex -22.7093 41.2838 5
    endloop
  endfacet
  facet normal 0.843495 0.537137 0
    outer loop
      vertex -25.6426 41.0272 5
      vertex -25.7222 41.1522 0
      vertex -25.7222 41.1522 5
    endloop
  endfacet
  facet normal 0.843495 0.537137 0
    outer loop
      vertex -25.7222 41.1522 0
      vertex -25.6426 41.0272 5
      vertex -25.6426 41.0272 0
    endloop
  endfacet
  facet normal -0.843495 0.537137 0
    outer loop
      vertex -22.8574 41.0272 0
      vertex -22.7778 41.1522 5
      vertex -22.7778 41.1522 0
    endloop
  endfacet
  facet normal -0.843495 0.537137 0
    outer loop
      vertex -22.7778 41.1522 5
      vertex -22.8574 41.0272 0
      vertex -22.8574 41.0272 5
    endloop
  endfacet
  facet normal 0.7934 0.6087 0
    outer loop
      vertex -25.5523 40.9095 5
      vertex -25.6426 41.0272 0
      vertex -25.6426 41.0272 5
    endloop
  endfacet
  facet normal 0.7934 0.6087 0
    outer loop
      vertex -25.6426 41.0272 0
      vertex -25.5523 40.9095 5
      vertex -25.5523 40.9095 0
    endloop
  endfacet
  facet normal 0.953746 -0.300615 0
    outer loop
      vertex -25.8921 42.4422 5
      vertex -25.8475 42.5837 0
      vertex -25.8475 42.5837 5
    endloop
  endfacet
  facet normal 0.953746 -0.300615 0
    outer loop
      vertex -25.8475 42.5837 0
      vertex -25.8921 42.4422 5
      vertex -25.8921 42.4422 0
    endloop
  endfacet
  facet normal -0.609026 -0.79315 0
    outer loop
      vertex -23.2749 43.3948 0
      vertex -23.1573 43.3045 5
      vertex -23.2749 43.3948 5
    endloop
  endfacet
  facet normal -0.609026 -0.79315 -0
    outer loop
      vertex -23.1573 43.3045 5
      vertex -23.2749 43.3948 0
      vertex -23.1573 43.3045 0
    endloop
  endfacet
  facet normal -0.976298 0.216431 0
    outer loop
      vertex -22.6079 41.5622 0
      vertex -22.5758 41.707 5
      vertex -22.5758 41.707 0
    endloop
  endfacet
  facet normal -0.976298 0.216431 0
    outer loop
      vertex -22.5758 41.707 5
      vertex -22.6079 41.5622 0
      vertex -22.6079 41.5622 5
    endloop
  endfacet
  facet normal 0.887029 0.461713 0
    outer loop
      vertex -25.7222 41.1522 5
      vertex -25.7907 41.2838 0
      vertex -25.7907 41.2838 5
    endloop
  endfacet
  facet normal 0.887029 0.461713 0
    outer loop
      vertex -25.7907 41.2838 0
      vertex -25.7222 41.1522 5
      vertex -25.7222 41.1522 0
    endloop
  endfacet
  facet normal -0.46199 0.886885 0
    outer loop
      vertex -23.4 40.53 0
      vertex -23.5315 40.4615 5
      vertex -23.4 40.53 5
    endloop
  endfacet
  facet normal -0.46199 0.886885 0
    outer loop
      vertex -23.5315 40.4615 5
      vertex -23.4 40.53 0
      vertex -23.5315 40.4615 0
    endloop
  endfacet
  facet normal -0.0438175 0.99904 0
    outer loop
      vertex -24.1018 40.3087 0
      vertex -24.25 40.3022 5
      vertex -24.1018 40.3087 5
    endloop
  endfacet
  facet normal -0.0438175 0.99904 0
    outer loop
      vertex -24.25 40.3022 5
      vertex -24.1018 40.3087 0
      vertex -24.25 40.3022 0
    endloop
  endfacet
  facet normal 0.609026 0.79315 -0
    outer loop
      vertex -25.2251 40.6097 0
      vertex -25.3427 40.7 5
      vertex -25.2251 40.6097 5
    endloop
  endfacet
  facet normal 0.609026 0.79315 0
    outer loop
      vertex -25.3427 40.7 5
      vertex -25.2251 40.6097 0
      vertex -25.3427 40.7 0
    endloop
  endfacet
  facet normal -0.382173 -0.924091 0
    outer loop
      vertex -23.6686 43.5997 0
      vertex -23.5315 43.543 5
      vertex -23.6686 43.5997 5
    endloop
  endfacet
  facet normal -0.382173 -0.924091 -0
    outer loop
      vertex -23.5315 43.543 5
      vertex -23.6686 43.5997 0
      vertex -23.5315 43.543 0
    endloop
  endfacet
  facet normal 0.99904 -0.0438175 0
    outer loop
      vertex -25.95 42.0022 5
      vertex -25.9435 42.1504 0
      vertex -25.9435 42.1504 5
    endloop
  endfacet
  facet normal 0.99904 -0.0438175 0
    outer loop
      vertex -25.9435 42.1504 0
      vertex -25.95 42.0022 5
      vertex -25.95 42.0022 0
    endloop
  endfacet
  facet normal 0.0431447 -0.999069 0
    outer loop
      vertex -24.3982 43.6958 0
      vertex -24.25 43.7022 5
      vertex -24.3982 43.6958 5
    endloop
  endfacet
  facet normal 0.0431447 -0.999069 0
    outer loop
      vertex -24.25 43.7022 5
      vertex -24.3982 43.6958 0
      vertex -24.25 43.7022 0
    endloop
  endfacet
  facet normal -0.216431 0.976298 0
    outer loop
      vertex -23.81 40.3602 0
      vertex -23.9548 40.3281 5
      vertex -23.81 40.3602 5
    endloop
  endfacet
  facet normal -0.216431 0.976298 0
    outer loop
      vertex -23.9548 40.3281 5
      vertex -23.81 40.3602 0
      vertex -23.9548 40.3281 0
    endloop
  endfacet
  facet normal 0.130838 -0.991404 0
    outer loop
      vertex -24.5452 43.6764 0
      vertex -24.3982 43.6958 5
      vertex -24.5452 43.6764 5
    endloop
  endfacet
  facet normal 0.130838 -0.991404 0
    outer loop
      vertex -24.3982 43.6958 5
      vertex -24.5452 43.6764 0
      vertex -24.3982 43.6958 0
    endloop
  endfacet
  facet normal -0.537312 0.843384 0
    outer loop
      vertex -23.2749 40.6097 0
      vertex -23.4 40.53 5
      vertex -23.2749 40.6097 5
    endloop
  endfacet
  facet normal -0.537312 0.843384 0
    outer loop
      vertex -23.4 40.53 5
      vertex -23.2749 40.6097 0
      vertex -23.4 40.53 0
    endloop
  endfacet
  facet normal 0.923754 -0.382987 0
    outer loop
      vertex -25.8475 42.5837 5
      vertex -25.7907 42.7207 0
      vertex -25.7907 42.7207 5
    endloop
  endfacet
  facet normal 0.923754 -0.382987 0
    outer loop
      vertex -25.7907 42.7207 0
      vertex -25.8475 42.5837 5
      vertex -25.8475 42.5837 0
    endloop
  endfacet
  facet normal 0.976298 0.216431 0
    outer loop
      vertex -25.8921 41.5622 5
      vertex -25.9242 41.707 0
      vertex -25.9242 41.707 5
    endloop
  endfacet
  facet normal 0.976298 0.216431 0
    outer loop
      vertex -25.9242 41.707 0
      vertex -25.8921 41.5622 5
      vertex -25.8921 41.5622 0
    endloop
  endfacet
  facet normal -0.886885 -0.46199 0
    outer loop
      vertex -22.7093 42.7207 0
      vertex -22.7778 42.8522 5
      vertex -22.7778 42.8522 0
    endloop
  endfacet
  facet normal -0.886885 -0.46199 0
    outer loop
      vertex -22.7778 42.8522 5
      vertex -22.7093 42.7207 0
      vertex -22.7093 42.7207 5
    endloop
  endfacet
  facet normal -0.953746 -0.300615 0
    outer loop
      vertex -22.6079 42.4422 0
      vertex -22.6525 42.5837 5
      vertex -22.6525 42.5837 0
    endloop
  endfacet
  facet normal -0.953746 -0.300615 0
    outer loop
      vertex -22.6525 42.5837 5
      vertex -22.6079 42.4422 0
      vertex -22.6079 42.4422 5
    endloop
  endfacet
  facet normal -0.216431 -0.976298 0
    outer loop
      vertex -23.9548 43.6764 0
      vertex -23.81 43.6443 5
      vertex -23.9548 43.6764 5
    endloop
  endfacet
  facet normal -0.216431 -0.976298 -0
    outer loop
      vertex -23.81 43.6443 5
      vertex -23.9548 43.6764 0
      vertex -23.81 43.6443 0
    endloop
  endfacet
  facet normal -0.300809 -0.953685 0
    outer loop
      vertex -23.81 43.6443 0
      vertex -23.6686 43.5997 5
      vertex -23.81 43.6443 5
    endloop
  endfacet
  facet normal -0.300809 -0.953685 -0
    outer loop
      vertex -23.6686 43.5997 5
      vertex -23.81 43.6443 0
      vertex -23.6686 43.5997 0
    endloop
  endfacet
  facet normal -0.130838 0.991404 0
    outer loop
      vertex -23.9548 40.3281 0
      vertex -24.1018 40.3087 5
      vertex -23.9548 40.3281 5
    endloop
  endfacet
  facet normal -0.130838 0.991404 0
    outer loop
      vertex -24.1018 40.3087 5
      vertex -23.9548 40.3281 0
      vertex -24.1018 40.3087 0
    endloop
  endfacet
  facet normal -0.991502 0.130088 0
    outer loop
      vertex -22.5758 41.707 0
      vertex -22.5565 41.8541 5
      vertex -22.5565 41.8541 0
    endloop
  endfacet
  facet normal -0.991502 0.130088 0
    outer loop
      vertex -22.5565 41.8541 5
      vertex -22.5758 41.707 0
      vertex -22.5758 41.707 5
    endloop
  endfacet
  facet normal 0.0438175 0.99904 -0
    outer loop
      vertex -24.25 40.3022 0
      vertex -24.3982 40.3087 5
      vertex -24.25 40.3022 5
    endloop
  endfacet
  facet normal 0.0438175 0.99904 0
    outer loop
      vertex -24.3982 40.3087 5
      vertex -24.25 40.3022 0
      vertex -24.3982 40.3087 0
    endloop
  endfacet
  facet normal -0.976298 0.216431 0
    outer loop
      vertex -22.6079 -42.4422 0
      vertex -22.5758 -42.2974 5
      vertex -22.5758 -42.2974 0
    endloop
  endfacet
  facet normal -0.976298 0.216431 0
    outer loop
      vertex -22.5758 -42.2974 5
      vertex -22.6079 -42.4422 0
      vertex -22.6079 -42.4422 5
    endloop
  endfacet
  facet normal 0.300809 0.953685 -0
    outer loop
      vertex -24.69 -43.6443 0
      vertex -24.8314 -43.5997 5
      vertex -24.69 -43.6443 5
    endloop
  endfacet
  facet normal 0.300809 0.953685 0
    outer loop
      vertex -24.8314 -43.5997 5
      vertex -24.69 -43.6443 0
      vertex -24.8314 -43.5997 0
    endloop
  endfacet
  facet normal 0.216431 0.976298 -0
    outer loop
      vertex -24.5452 -43.6764 0
      vertex -24.69 -43.6443 5
      vertex -24.5452 -43.6764 5
    endloop
  endfacet
  facet normal 0.216431 0.976298 0
    outer loop
      vertex -24.69 -43.6443 5
      vertex -24.5452 -43.6764 0
      vertex -24.69 -43.6443 0
    endloop
  endfacet
  facet normal 0.886885 0.46199 0
    outer loop
      vertex -25.7222 -42.8522 5
      vertex -25.7907 -42.7207 0
      vertex -25.7907 -42.7207 5
    endloop
  endfacet
  facet normal 0.886885 0.46199 0
    outer loop
      vertex -25.7907 -42.7207 0
      vertex -25.7222 -42.8522 5
      vertex -25.7222 -42.8522 0
    endloop
  endfacet
  facet normal -0.0438175 -0.99904 0
    outer loop
      vertex -24.25 -40.3022 0
      vertex -24.1018 -40.3087 5
      vertex -24.25 -40.3022 5
    endloop
  endfacet
  facet normal -0.0438175 -0.99904 -0
    outer loop
      vertex -24.1018 -40.3087 5
      vertex -24.25 -40.3022 0
      vertex -24.1018 -40.3087 0
    endloop
  endfacet
  facet normal 0.737126 0.675755 0
    outer loop
      vertex -25.4521 -43.2043 5
      vertex -25.5523 -43.095 0
      vertex -25.5523 -43.095 5
    endloop
  endfacet
  facet normal 0.737126 0.675755 0
    outer loop
      vertex -25.5523 -43.095 0
      vertex -25.4521 -43.2043 5
      vertex -25.4521 -43.2043 0
    endloop
  endfacet
  facet normal 0.537312 0.843384 -0
    outer loop
      vertex -25.1 -43.4745 0
      vertex -25.2251 -43.3948 5
      vertex -25.1 -43.4745 5
    endloop
  endfacet
  facet normal 0.537312 0.843384 0
    outer loop
      vertex -25.2251 -43.3948 5
      vertex -25.1 -43.4745 0
      vertex -25.2251 -43.3948 0
    endloop
  endfacet
  facet normal 0.609026 0.79315 -0
    outer loop
      vertex -25.2251 -43.3948 0
      vertex -25.3427 -43.3045 5
      vertex -25.2251 -43.3948 5
    endloop
  endfacet
  facet normal 0.609026 0.79315 0
    outer loop
      vertex -25.3427 -43.3045 5
      vertex -25.2251 -43.3948 0
      vertex -25.3427 -43.3045 0
    endloop
  endfacet
  facet normal 0.7934 0.6087 0
    outer loop
      vertex -25.5523 -43.095 5
      vertex -25.6426 -42.9773 0
      vertex -25.6426 -42.9773 5
    endloop
  endfacet
  facet normal 0.7934 0.6087 0
    outer loop
      vertex -25.6426 -42.9773 0
      vertex -25.5523 -43.095 5
      vertex -25.5523 -43.095 0
    endloop
  endfacet
  facet normal 0.953685 -0.300809 0
    outer loop
      vertex -25.8921 -41.5622 5
      vertex -25.8475 -41.4208 0
      vertex -25.8475 -41.4208 5
    endloop
  endfacet
  facet normal 0.953685 -0.300809 0
    outer loop
      vertex -25.8475 -41.4208 0
      vertex -25.8921 -41.5622 5
      vertex -25.8921 -41.5622 0
    endloop
  endfacet
  facet normal 0.46199 0.886885 -0
    outer loop
      vertex -24.9685 -43.543 0
      vertex -25.1 -43.4745 5
      vertex -24.9685 -43.543 5
    endloop
  endfacet
  facet normal 0.46199 0.886885 0
    outer loop
      vertex -25.1 -43.4745 5
      vertex -24.9685 -43.543 0
      vertex -25.1 -43.4745 0
    endloop
  endfacet
  facet normal -0.953685 -0.300809 0
    outer loop
      vertex -22.6079 -41.5622 0
      vertex -22.6525 -41.4208 5
      vertex -22.6525 -41.4208 0
    endloop
  endfacet
  facet normal -0.953685 -0.300809 0
    outer loop
      vertex -22.6525 -41.4208 5
      vertex -22.6079 -41.5622 0
      vertex -22.6079 -41.5622 5
    endloop
  endfacet
  facet normal -0.46199 -0.886885 0
    outer loop
      vertex -23.5315 -40.4615 0
      vertex -23.4 -40.53 5
      vertex -23.5315 -40.4615 5
    endloop
  endfacet
  facet normal -0.46199 -0.886885 -0
    outer loop
      vertex -23.4 -40.53 5
      vertex -23.5315 -40.4615 0
      vertex -23.4 -40.53 0
    endloop
  endfacet
  facet normal -0.923754 0.382987 0
    outer loop
      vertex -22.7093 -42.7207 0
      vertex -22.6525 -42.5837 5
      vertex -22.6525 -42.5837 0
    endloop
  endfacet
  facet normal -0.923754 0.382987 0
    outer loop
      vertex -22.6525 -42.5837 5
      vertex -22.7093 -42.7207 0
      vertex -22.7093 -42.7207 5
    endloop
  endfacet
  facet normal -0.953746 0.300615 0
    outer loop
      vertex -22.6525 -42.5837 0
      vertex -22.6079 -42.4422 5
      vertex -22.6079 -42.4422 0
    endloop
  endfacet
  facet normal -0.953746 0.300615 0
    outer loop
      vertex -22.6079 -42.4422 5
      vertex -22.6525 -42.5837 0
      vertex -22.6525 -42.5837 5
    endloop
  endfacet
  facet normal 0.991502 -0.130088 0
    outer loop
      vertex -25.9435 -41.8541 5
      vertex -25.9242 -41.707 0
      vertex -25.9242 -41.707 5
    endloop
  endfacet
  facet normal 0.991502 -0.130088 0
    outer loop
      vertex -25.9242 -41.707 0
      vertex -25.9435 -41.8541 5
      vertex -25.9435 -41.8541 0
    endloop
  endfacet
  facet normal -0.737126 0.675755 0
    outer loop
      vertex -23.0479 -43.2043 0
      vertex -22.9477 -43.095 5
      vertex -22.9477 -43.095 0
    endloop
  endfacet
  facet normal -0.737126 0.675755 0
    outer loop
      vertex -22.9477 -43.095 5
      vertex -23.0479 -43.2043 0
      vertex -23.0479 -43.2043 5
    endloop
  endfacet
  facet normal -0.300809 -0.953685 0
    outer loop
      vertex -23.81 -40.3602 0
      vertex -23.6686 -40.4048 5
      vertex -23.81 -40.3602 5
    endloop
  endfacet
  facet normal -0.300809 -0.953685 -0
    outer loop
      vertex -23.6686 -40.4048 5
      vertex -23.81 -40.3602 0
      vertex -23.6686 -40.4048 0
    endloop
  endfacet
  facet normal -0.382173 0.924091 0
    outer loop
      vertex -23.5315 -43.543 0
      vertex -23.6686 -43.5997 5
      vertex -23.5315 -43.543 5
    endloop
  endfacet
  facet normal -0.382173 0.924091 0
    outer loop
      vertex -23.6686 -43.5997 5
      vertex -23.5315 -43.543 0
      vertex -23.6686 -43.5997 0
    endloop
  endfacet
  facet normal -0.0431447 0.999069 0
    outer loop
      vertex -24.1018 -43.6958 0
      vertex -24.25 -43.7022 5
      vertex -24.1018 -43.6958 5
    endloop
  endfacet
  facet normal -0.0431447 0.999069 0
    outer loop
      vertex -24.25 -43.7022 5
      vertex -24.1018 -43.6958 0
      vertex -24.25 -43.7022 0
    endloop
  endfacet
  facet normal -0.537312 0.843384 0
    outer loop
      vertex -23.2749 -43.3948 0
      vertex -23.4 -43.4745 5
      vertex -23.2749 -43.3948 5
    endloop
  endfacet
  facet normal -0.537312 0.843384 0
    outer loop
      vertex -23.4 -43.4745 5
      vertex -23.2749 -43.3948 0
      vertex -23.4 -43.4745 0
    endloop
  endfacet
  facet normal -0.46199 0.886885 0
    outer loop
      vertex -23.4 -43.4745 0
      vertex -23.5315 -43.543 5
      vertex -23.4 -43.4745 5
    endloop
  endfacet
  facet normal -0.46199 0.886885 0
    outer loop
      vertex -23.5315 -43.543 5
      vertex -23.4 -43.4745 0
      vertex -23.5315 -43.543 0
    endloop
  endfacet
  facet normal 0.7934 -0.6087 0
    outer loop
      vertex -25.6426 -41.0272 5
      vertex -25.5523 -40.9095 0
      vertex -25.5523 -40.9095 5
    endloop
  endfacet
  facet normal 0.7934 -0.6087 0
    outer loop
      vertex -25.5523 -40.9095 0
      vertex -25.6426 -41.0272 5
      vertex -25.6426 -41.0272 0
    endloop
  endfacet
  facet normal -0.991491 0.130175 0
    outer loop
      vertex -22.5758 -42.2974 0
      vertex -22.5565 -42.1504 5
      vertex -22.5565 -42.1504 0
    endloop
  endfacet
  facet normal -0.991491 0.130175 0
    outer loop
      vertex -22.5565 -42.1504 5
      vertex -22.5758 -42.2974 0
      vertex -22.5758 -42.2974 5
    endloop
  endfacet
  facet normal 0.130838 0.991404 -0
    outer loop
      vertex -24.3982 -43.6958 0
      vertex -24.5452 -43.6764 5
      vertex -24.3982 -43.6958 5
    endloop
  endfacet
  facet normal 0.130838 0.991404 0
    outer loop
      vertex -24.5452 -43.6764 5
      vertex -24.3982 -43.6958 0
      vertex -24.5452 -43.6764 0
    endloop
  endfacet
  facet normal 0.382173 0.924091 -0
    outer loop
      vertex -24.8314 -43.5997 0
      vertex -24.9685 -43.543 5
      vertex -24.8314 -43.5997 5
    endloop
  endfacet
  facet normal 0.382173 0.924091 0
    outer loop
      vertex -24.9685 -43.543 5
      vertex -24.8314 -43.5997 0
      vertex -24.9685 -43.543 0
    endloop
  endfacet
  facet normal 0.999038 -0.0438471 0
    outer loop
      vertex -25.95 -42.0022 5
      vertex -25.9435 -41.8541 0
      vertex -25.9435 -41.8541 5
    endloop
  endfacet
  facet normal 0.999038 -0.0438471 0
    outer loop
      vertex -25.9435 -41.8541 0
      vertex -25.95 -42.0022 5
      vertex -25.95 -42.0022 0
    endloop
  endfacet
  facet normal -0.216431 0.976298 0
    outer loop
      vertex -23.81 -43.6443 0
      vertex -23.9548 -43.6764 5
      vertex -23.81 -43.6443 5
    endloop
  endfacet
  facet normal -0.216431 0.976298 0
    outer loop
      vertex -23.9548 -43.6764 5
      vertex -23.81 -43.6443 0
      vertex -23.9548 -43.6764 0
    endloop
  endfacet
  facet normal 0.130838 -0.991404 0
    outer loop
      vertex -24.5452 -40.3281 0
      vertex -24.3982 -40.3087 5
      vertex -24.5452 -40.3281 5
    endloop
  endfacet
  facet normal 0.130838 -0.991404 0
    outer loop
      vertex -24.3982 -40.3087 5
      vertex -24.5452 -40.3281 0
      vertex -24.3982 -40.3087 0
    endloop
  endfacet
  facet normal 0.923754 0.382987 0
    outer loop
      vertex -25.7907 -42.7207 5
      vertex -25.8475 -42.5837 0
      vertex -25.8475 -42.5837 5
    endloop
  endfacet
  facet normal 0.923754 0.382987 0
    outer loop
      vertex -25.8475 -42.5837 0
      vertex -25.7907 -42.7207 5
      vertex -25.7907 -42.7207 0
    endloop
  endfacet
  facet normal 0.675419 0.737434 -0
    outer loop
      vertex -25.3427 -43.3045 0
      vertex -25.4521 -43.2043 5
      vertex -25.3427 -43.3045 5
    endloop
  endfacet
  facet normal 0.675419 0.737434 0
    outer loop
      vertex -25.4521 -43.2043 5
      vertex -25.3427 -43.3045 0
      vertex -25.4521 -43.2043 0
    endloop
  endfacet
  facet normal 0.382173 -0.924091 0
    outer loop
      vertex -24.9685 -40.4615 0
      vertex -24.8314 -40.4048 5
      vertex -24.9685 -40.4615 5
    endloop
  endfacet
  facet normal 0.382173 -0.924091 0
    outer loop
      vertex -24.8314 -40.4048 5
      vertex -24.9685 -40.4615 0
      vertex -24.8314 -40.4048 0
    endloop
  endfacet
  facet normal -0.609026 -0.79315 0
    outer loop
      vertex -23.2749 -40.6097 0
      vertex -23.1573 -40.7 5
      vertex -23.2749 -40.6097 5
    endloop
  endfacet
  facet normal -0.609026 -0.79315 -0
    outer loop
      vertex -23.1573 -40.7 5
      vertex -23.2749 -40.6097 0
      vertex -23.1573 -40.7 0
    endloop
  endfacet
  facet normal 0.976298 -0.216431 0
    outer loop
      vertex -25.9242 -41.707 5
      vertex -25.8921 -41.5622 0
      vertex -25.8921 -41.5622 5
    endloop
  endfacet
  facet normal 0.976298 -0.216431 0
    outer loop
      vertex -25.8921 -41.5622 0
      vertex -25.9242 -41.707 5
      vertex -25.9242 -41.707 0
    endloop
  endfacet
  facet normal -0.609026 0.79315 0
    outer loop
      vertex -23.1573 -43.3045 0
      vertex -23.2749 -43.3948 5
      vertex -23.1573 -43.3045 5
    endloop
  endfacet
  facet normal -0.609026 0.79315 0
    outer loop
      vertex -23.2749 -43.3948 5
      vertex -23.1573 -43.3045 0
      vertex -23.2749 -43.3948 0
    endloop
  endfacet
  facet normal 0.737434 -0.675419 0
    outer loop
      vertex -25.5523 -40.9095 5
      vertex -25.4521 -40.8001 0
      vertex -25.4521 -40.8001 5
    endloop
  endfacet
  facet normal 0.737434 -0.675419 0
    outer loop
      vertex -25.4521 -40.8001 0
      vertex -25.5523 -40.9095 5
      vertex -25.5523 -40.9095 0
    endloop
  endfacet
  facet normal -0.991502 -0.130088 0
    outer loop
      vertex -22.5565 -41.8541 0
      vertex -22.5758 -41.707 5
      vertex -22.5758 -41.707 0
    endloop
  endfacet
  facet normal -0.991502 -0.130088 0
    outer loop
      vertex -22.5758 -41.707 5
      vertex -22.5565 -41.8541 0
      vertex -22.5565 -41.8541 5
    endloop
  endfacet
  facet normal -0.7934 -0.6087 0
    outer loop
      vertex -22.8574 -41.0272 0
      vertex -22.9477 -40.9095 5
      vertex -22.9477 -40.9095 0
    endloop
  endfacet
  facet normal -0.7934 -0.6087 0
    outer loop
      vertex -22.9477 -40.9095 5
      vertex -22.8574 -41.0272 0
      vertex -22.8574 -41.0272 5
    endloop
  endfacet
  facet normal 0.0431447 0.999069 -0
    outer loop
      vertex -24.25 -43.7022 0
      vertex -24.3982 -43.6958 5
      vertex -24.25 -43.7022 5
    endloop
  endfacet
  facet normal 0.0431447 0.999069 0
    outer loop
      vertex -24.3982 -43.6958 5
      vertex -24.25 -43.7022 0
      vertex -24.3982 -43.6958 0
    endloop
  endfacet
  facet normal -0.737434 -0.675419 0
    outer loop
      vertex -22.9477 -40.9095 0
      vertex -23.0479 -40.8001 5
      vertex -23.0479 -40.8001 0
    endloop
  endfacet
  facet normal -0.737434 -0.675419 0
    outer loop
      vertex -23.0479 -40.8001 5
      vertex -22.9477 -40.9095 0
      vertex -22.9477 -40.9095 5
    endloop
  endfacet
  facet normal 0.216431 -0.976298 0
    outer loop
      vertex -24.69 -40.3602 0
      vertex -24.5452 -40.3281 5
      vertex -24.69 -40.3602 5
    endloop
  endfacet
  facet normal 0.216431 -0.976298 0
    outer loop
      vertex -24.5452 -40.3281 5
      vertex -24.69 -40.3602 0
      vertex -24.5452 -40.3281 0
    endloop
  endfacet
  facet normal 0.46199 -0.886885 0
    outer loop
      vertex -25.1 -40.53 0
      vertex -24.9685 -40.4615 5
      vertex -25.1 -40.53 5
    endloop
  endfacet
  facet normal 0.46199 -0.886885 0
    outer loop
      vertex -24.9685 -40.4615 5
      vertex -25.1 -40.53 0
      vertex -24.9685 -40.4615 0
    endloop
  endfacet
  facet normal 0.887029 -0.461713 0
    outer loop
      vertex -25.7907 -41.2838 5
      vertex -25.7222 -41.1522 0
      vertex -25.7222 -41.1522 5
    endloop
  endfacet
  facet normal 0.887029 -0.461713 0
    outer loop
      vertex -25.7222 -41.1522 0
      vertex -25.7907 -41.2838 5
      vertex -25.7907 -41.2838 0
    endloop
  endfacet
  facet normal -0.843689 0.536832 0
    outer loop
      vertex -22.8574 -42.9773 0
      vertex -22.7778 -42.8522 5
      vertex -22.7778 -42.8522 0
    endloop
  endfacet
  facet normal -0.843689 0.536832 0
    outer loop
      vertex -22.7778 -42.8522 5
      vertex -22.8574 -42.9773 0
      vertex -22.8574 -42.9773 5
    endloop
  endfacet
  facet normal -0.976298 -0.216431 0
    outer loop
      vertex -22.5758 -41.707 0
      vertex -22.6079 -41.5622 5
      vertex -22.6079 -41.5622 0
    endloop
  endfacet
  facet normal -0.976298 -0.216431 0
    outer loop
      vertex -22.6079 -41.5622 5
      vertex -22.5758 -41.707 0
      vertex -22.5758 -41.707 5
    endloop
  endfacet
  facet normal 0.923754 -0.382987 0
    outer loop
      vertex -25.8475 -41.4208 5
      vertex -25.7907 -41.2838 0
      vertex -25.7907 -41.2838 5
    endloop
  endfacet
  facet normal 0.923754 -0.382987 0
    outer loop
      vertex -25.7907 -41.2838 0
      vertex -25.8475 -41.4208 5
      vertex -25.8475 -41.4208 0
    endloop
  endfacet
  facet normal -0.99904 0.0438175 0
    outer loop
      vertex -22.5565 -42.1504 0
      vertex -22.55 -42.0022 5
      vertex -22.55 -42.0022 0
    endloop
  endfacet
  facet normal -0.99904 0.0438175 0
    outer loop
      vertex -22.55 -42.0022 5
      vertex -22.5565 -42.1504 0
      vertex -22.5565 -42.1504 5
    endloop
  endfacet
  facet normal -0.537312 -0.843384 0
    outer loop
      vertex -23.4 -40.53 0
      vertex -23.2749 -40.6097 5
      vertex -23.4 -40.53 5
    endloop
  endfacet
  facet normal -0.537312 -0.843384 -0
    outer loop
      vertex -23.2749 -40.6097 5
      vertex -23.4 -40.53 0
      vertex -23.2749 -40.6097 0
    endloop
  endfacet
  facet normal -0.382173 -0.924091 0
    outer loop
      vertex -23.6686 -40.4048 0
      vertex -23.5315 -40.4615 5
      vertex -23.6686 -40.4048 5
    endloop
  endfacet
  facet normal -0.382173 -0.924091 -0
    outer loop
      vertex -23.5315 -40.4615 5
      vertex -23.6686 -40.4048 0
      vertex -23.5315 -40.4615 0
    endloop
  endfacet
  facet normal -0.923754 -0.382987 0
    outer loop
      vertex -22.6525 -41.4208 0
      vertex -22.7093 -41.2838 5
      vertex -22.7093 -41.2838 0
    endloop
  endfacet
  facet normal -0.923754 -0.382987 0
    outer loop
      vertex -22.7093 -41.2838 5
      vertex -22.6525 -41.4208 0
      vertex -22.6525 -41.4208 5
    endloop
  endfacet
  facet normal -0.130838 0.991404 0
    outer loop
      vertex -23.9548 -43.6764 0
      vertex -24.1018 -43.6958 5
      vertex -23.9548 -43.6764 5
    endloop
  endfacet
  facet normal -0.130838 0.991404 0
    outer loop
      vertex -24.1018 -43.6958 5
      vertex -23.9548 -43.6764 0
      vertex -24.1018 -43.6958 0
    endloop
  endfacet
  facet normal 0.300809 -0.953685 0
    outer loop
      vertex -24.8314 -40.4048 0
      vertex -24.69 -40.3602 5
      vertex -24.8314 -40.4048 5
    endloop
  endfacet
  facet normal 0.300809 -0.953685 0
    outer loop
      vertex -24.69 -40.3602 5
      vertex -24.8314 -40.4048 0
      vertex -24.69 -40.3602 0
    endloop
  endfacet
  facet normal 0.537312 -0.843384 0
    outer loop
      vertex -25.2251 -40.6097 0
      vertex -25.1 -40.53 5
      vertex -25.2251 -40.6097 5
    endloop
  endfacet
  facet normal 0.537312 -0.843384 0
    outer loop
      vertex -25.1 -40.53 5
      vertex -25.2251 -40.6097 0
      vertex -25.1 -40.53 0
    endloop
  endfacet
  facet normal 0.843689 0.536832 0
    outer loop
      vertex -25.6426 -42.9773 5
      vertex -25.7222 -42.8522 0
      vertex -25.7222 -42.8522 5
    endloop
  endfacet
  facet normal 0.843689 0.536832 0
    outer loop
      vertex -25.7222 -42.8522 0
      vertex -25.6426 -42.9773 5
      vertex -25.6426 -42.9773 0
    endloop
  endfacet
  facet normal 0.0438175 -0.99904 0
    outer loop
      vertex -24.3982 -40.3087 0
      vertex -24.25 -40.3022 5
      vertex -24.3982 -40.3087 5
    endloop
  endfacet
  facet normal 0.0438175 -0.99904 0
    outer loop
      vertex -24.25 -40.3022 5
      vertex -24.3982 -40.3087 0
      vertex -24.25 -40.3022 0
    endloop
  endfacet
  facet normal -0.887029 -0.461713 0
    outer loop
      vertex -22.7093 -41.2838 0
      vertex -22.7778 -41.1522 5
      vertex -22.7778 -41.1522 0
    endloop
  endfacet
  facet normal -0.887029 -0.461713 0
    outer loop
      vertex -22.7778 -41.1522 5
      vertex -22.7093 -41.2838 0
      vertex -22.7093 -41.2838 5
    endloop
  endfacet
  facet normal -0.675053 -0.73777 0
    outer loop
      vertex -23.1573 -40.7 0
      vertex -23.0479 -40.8001 5
      vertex -23.1573 -40.7 5
    endloop
  endfacet
  facet normal -0.675053 -0.73777 -0
    outer loop
      vertex -23.0479 -40.8001 5
      vertex -23.1573 -40.7 0
      vertex -23.0479 -40.8001 0
    endloop
  endfacet
  facet normal -0.7934 0.6087 0
    outer loop
      vertex -22.9477 -43.095 0
      vertex -22.8574 -42.9773 5
      vertex -22.8574 -42.9773 0
    endloop
  endfacet
  facet normal -0.7934 0.6087 0
    outer loop
      vertex -22.8574 -42.9773 5
      vertex -22.9477 -43.095 0
      vertex -22.9477 -43.095 5
    endloop
  endfacet
  facet normal -0.675419 0.737434 0
    outer loop
      vertex -23.0479 -43.2043 0
      vertex -23.1573 -43.3045 5
      vertex -23.0479 -43.2043 5
    endloop
  endfacet
  facet normal -0.675419 0.737434 0
    outer loop
      vertex -23.1573 -43.3045 5
      vertex -23.0479 -43.2043 0
      vertex -23.1573 -43.3045 0
    endloop
  endfacet
  facet normal 0.99904 0.0438175 0
    outer loop
      vertex -25.9435 -42.1504 5
      vertex -25.95 -42.0022 0
      vertex -25.95 -42.0022 5
    endloop
  endfacet
  facet normal 0.99904 0.0438175 0
    outer loop
      vertex -25.95 -42.0022 0
      vertex -25.9435 -42.1504 5
      vertex -25.9435 -42.1504 0
    endloop
  endfacet
  facet normal 0.991491 0.130175 0
    outer loop
      vertex -25.9242 -42.2974 5
      vertex -25.9435 -42.1504 0
      vertex -25.9435 -42.1504 5
    endloop
  endfacet
  facet normal 0.991491 0.130175 0
    outer loop
      vertex -25.9435 -42.1504 0
      vertex -25.9242 -42.2974 5
      vertex -25.9242 -42.2974 0
    endloop
  endfacet
  facet normal 0.675053 -0.73777 0
    outer loop
      vertex -25.4521 -40.8001 0
      vertex -25.3427 -40.7 5
      vertex -25.4521 -40.8001 5
    endloop
  endfacet
  facet normal 0.675053 -0.73777 0
    outer loop
      vertex -25.3427 -40.7 5
      vertex -25.4521 -40.8001 0
      vertex -25.3427 -40.7 0
    endloop
  endfacet
  facet normal -0.886885 0.46199 0
    outer loop
      vertex -22.7778 -42.8522 0
      vertex -22.7093 -42.7207 5
      vertex -22.7093 -42.7207 0
    endloop
  endfacet
  facet normal -0.886885 0.46199 0
    outer loop
      vertex -22.7093 -42.7207 5
      vertex -22.7778 -42.8522 0
      vertex -22.7778 -42.8522 5
    endloop
  endfacet
  facet normal -0.300809 0.953685 0
    outer loop
      vertex -23.6686 -43.5997 0
      vertex -23.81 -43.6443 5
      vertex -23.6686 -43.5997 5
    endloop
  endfacet
  facet normal -0.300809 0.953685 0
    outer loop
      vertex -23.81 -43.6443 5
      vertex -23.6686 -43.5997 0
      vertex -23.81 -43.6443 0
    endloop
  endfacet
  facet normal -0.999038 -0.0438471 0
    outer loop
      vertex -22.55 -42.0022 0
      vertex -22.5565 -41.8541 5
      vertex -22.5565 -41.8541 0
    endloop
  endfacet
  facet normal -0.999038 -0.0438471 0
    outer loop
      vertex -22.5565 -41.8541 5
      vertex -22.55 -42.0022 0
      vertex -22.55 -42.0022 5
    endloop
  endfacet
  facet normal -0.843495 -0.537137 0
    outer loop
      vertex -22.7778 -41.1522 0
      vertex -22.8574 -41.0272 5
      vertex -22.8574 -41.0272 0
    endloop
  endfacet
  facet normal -0.843495 -0.537137 0
    outer loop
      vertex -22.8574 -41.0272 5
      vertex -22.7778 -41.1522 0
      vertex -22.7778 -41.1522 5
    endloop
  endfacet
  facet normal 0.953746 0.300615 0
    outer loop
      vertex -25.8475 -42.5837 5
      vertex -25.8921 -42.4422 0
      vertex -25.8921 -42.4422 5
    endloop
  endfacet
  facet normal 0.953746 0.300615 0
    outer loop
      vertex -25.8921 -42.4422 0
      vertex -25.8475 -42.5837 5
      vertex -25.8475 -42.5837 0
    endloop
  endfacet
  facet normal 0.976298 0.216431 0
    outer loop
      vertex -25.8921 -42.4422 5
      vertex -25.9242 -42.2974 0
      vertex -25.9242 -42.2974 5
    endloop
  endfacet
  facet normal 0.976298 0.216431 0
    outer loop
      vertex -25.9242 -42.2974 0
      vertex -25.8921 -42.4422 5
      vertex -25.8921 -42.4422 0
    endloop
  endfacet
  facet normal -0.216431 -0.976298 0
    outer loop
      vertex -23.9548 -40.3281 0
      vertex -23.81 -40.3602 5
      vertex -23.9548 -40.3281 5
    endloop
  endfacet
  facet normal -0.216431 -0.976298 -0
    outer loop
      vertex -23.81 -40.3602 5
      vertex -23.9548 -40.3281 0
      vertex -23.81 -40.3602 0
    endloop
  endfacet
  facet normal -0.130838 -0.991404 0
    outer loop
      vertex -24.1018 -40.3087 0
      vertex -23.9548 -40.3281 5
      vertex -24.1018 -40.3087 5
    endloop
  endfacet
  facet normal -0.130838 -0.991404 -0
    outer loop
      vertex -23.9548 -40.3281 5
      vertex -24.1018 -40.3087 0
      vertex -23.9548 -40.3281 0
    endloop
  endfacet
  facet normal 0.843495 -0.537137 0
    outer loop
      vertex -25.7222 -41.1522 5
      vertex -25.6426 -41.0272 0
      vertex -25.6426 -41.0272 5
    endloop
  endfacet
  facet normal 0.843495 -0.537137 0
    outer loop
      vertex -25.6426 -41.0272 0
      vertex -25.7222 -41.1522 5
      vertex -25.7222 -41.1522 0
    endloop
  endfacet
  facet normal 0.609026 -0.79315 0
    outer loop
      vertex -25.3427 -40.7 0
      vertex -25.2251 -40.6097 5
      vertex -25.3427 -40.7 5
    endloop
  endfacet
  facet normal 0.609026 -0.79315 0
    outer loop
      vertex -25.2251 -40.6097 5
      vertex -25.3427 -40.7 0
      vertex -25.2251 -40.6097 0
    endloop
  endfacet
  facet normal -0.923851 -0.382753 0
    outer loop
      vertex 42.5916 22.9862 0
      vertex 42.3245 23.6309 5
      vertex 42.3245 23.6309 0
    endloop
  endfacet
  facet normal -0.923851 -0.382753 0
    outer loop
      vertex 42.3245 23.6309 5
      vertex 42.5916 22.9862 0
      vertex 42.5916 22.9862 5
    endloop
  endfacet
  facet normal -0.793401 -0.608699 0
    outer loop
      vertex 41.6272 24.8386 0
      vertex 41.2024 25.3923 5
      vertex 41.2024 25.3923 0
    endloop
  endfacet
  facet normal -0.793401 -0.608699 0
    outer loop
      vertex 41.2024 25.3923 5
      vertex 41.6272 24.8386 0
      vertex 41.6272 24.8386 5
    endloop
  endfacet
  facet normal -0.843378 -0.53732 0
    outer loop
      vertex 42.0022 24.25 0
      vertex 41.6272 24.8386 5
      vertex 41.6272 24.8386 0
    endloop
  endfacet
  facet normal -0.843378 -0.53732 0
    outer loop
      vertex 41.6272 24.8386 5
      vertex 42.0022 24.25 0
      vertex 42.0022 24.25 5
    endloop
  endfacet
  facet normal -0.737309 -0.675556 0
    outer loop
      vertex 41.2024 25.3923 0
      vertex 40.7309 25.9069 5
      vertex 40.7309 25.9069 0
    endloop
  endfacet
  facet normal -0.737309 -0.675556 0
    outer loop
      vertex 40.7309 25.9069 5
      vertex 41.2024 25.3923 0
      vertex 41.2024 25.3923 5
    endloop
  endfacet
  facet normal -0.13054 0.991443 0
    outer loop
      vertex 36.4632 12.3715 0
      vertex 35.7713 12.2804 5
      vertex 36.4632 12.3715 5
    endloop
  endfacet
  facet normal -0.13054 0.991443 0
    outer loop
      vertex 35.7713 12.2804 5
      vertex 36.4632 12.3715 0
      vertex 35.7713 12.2804 0
    endloop
  endfacet
  facet normal 0.608699 0.793401 -0
    outer loop
      vertex 30.4854 13.6968 0
      vertex 29.9317 14.1216 5
      vertex 30.4854 13.6968 5
    endloop
  endfacet
  facet normal 0.608699 0.793401 0
    outer loop
      vertex 29.9317 14.1216 5
      vertex 30.4854 13.6968 0
      vertex 29.9317 14.1216 0
    endloop
  endfacet
  facet normal -0.461826 -0.88697 0
    outer loop
      vertex 38.455 27.5005 0
      vertex 39.074 27.1782 5
      vertex 38.455 27.5005 5
    endloop
  endfacet
  facet normal -0.461826 -0.88697 -0
    outer loop
      vertex 39.074 27.1782 5
      vertex 38.455 27.5005 0
      vertex 39.074 27.1782 0
    endloop
  endfacet
  facet normal -0.0435554 -0.999051 0
    outer loop
      vertex 35.074 28.25 0
      vertex 35.7713 28.2196 5
      vertex 35.074 28.25 5
    endloop
  endfacet
  facet normal -0.0435554 -0.999051 -0
    outer loop
      vertex 35.7713 28.2196 5
      vertex 35.074 28.25 0
      vertex 35.7713 28.2196 0
    endloop
  endfacet
  facet normal -0.843378 0.53732 0
    outer loop
      vertex 41.6272 15.6614 0
      vertex 42.0022 16.25 5
      vertex 42.0022 16.25 0
    endloop
  endfacet
  facet normal -0.843378 0.53732 0
    outer loop
      vertex 42.0022 16.25 5
      vertex 41.6272 15.6614 0
      vertex 41.6272 15.6614 5
    endloop
  endfacet
  facet normal 0.461768 0.887001 -0
    outer loop
      vertex 31.6931 12.9995 0
      vertex 31.074 13.3218 5
      vertex 31.6931 12.9995 5
    endloop
  endfacet
  facet normal 0.461768 0.887001 0
    outer loop
      vertex 31.074 13.3218 5
      vertex 31.6931 12.9995 0
      vertex 31.074 13.3218 0
    endloop
  endfacet
  facet normal -0.737309 0.675556 0
    outer loop
      vertex 40.7309 14.5931 0
      vertex 41.2024 15.1077 5
      vertex 41.2024 15.1077 0
    endloop
  endfacet
  facet normal -0.737309 0.675556 0
    outer loop
      vertex 41.2024 15.1077 5
      vertex 40.7309 14.5931 0
      vertex 40.7309 14.5931 5
    endloop
  endfacet
  facet normal 0.991446 -0.130521 0
    outer loop
      vertex 27.1045 20.9472 5
      vertex 27.1956 21.6392 0
      vertex 27.1956 21.6392 5
    endloop
  endfacet
  facet normal 0.991446 -0.130521 0
    outer loop
      vertex 27.1956 21.6392 0
      vertex 27.1045 20.9472 5
      vertex 27.1045 20.9472 0
    endloop
  endfacet
  facet normal 0.0435616 -0.999051 0
    outer loop
      vertex 34.3768 28.2196 0
      vertex 35.074 28.25 5
      vertex 34.3768 28.2196 5
    endloop
  endfacet
  facet normal 0.0435616 -0.999051 0
    outer loop
      vertex 35.074 28.25 5
      vertex 34.3768 28.2196 0
      vertex 35.074 28.25 0
    endloop
  endfacet
  facet normal 0.953702 -0.300754 0
    outer loop
      vertex 27.3466 22.3206 5
      vertex 27.5565 22.9862 0
      vertex 27.5565 22.9862 5
    endloop
  endfacet
  facet normal 0.953702 -0.300754 0
    outer loop
      vertex 27.5565 22.9862 0
      vertex 27.3466 22.3206 5
      vertex 27.3466 22.3206 0
    endloop
  endfacet
  facet normal -0.608699 0.793401 0
    outer loop
      vertex 40.2163 14.1216 0
      vertex 39.6626 13.6968 5
      vertex 40.2163 14.1216 5
    endloop
  endfacet
  facet normal -0.608699 0.793401 0
    outer loop
      vertex 39.6626 13.6968 5
      vertex 40.2163 14.1216 0
      vertex 39.6626 13.6968 0
    endloop
  endfacet
  facet normal 0.737309 -0.675556 0
    outer loop
      vertex 28.9457 25.3923 5
      vertex 29.4172 25.9069 0
      vertex 29.4172 25.9069 5
    endloop
  endfacet
  facet normal 0.737309 -0.675556 0
    outer loop
      vertex 29.4172 25.9069 0
      vertex 28.9457 25.3923 5
      vertex 28.9457 25.3923 0
    endloop
  endfacet
  facet normal 0.923851 0.382753 0
    outer loop
      vertex 27.8236 16.8691 5
      vertex 27.5565 17.5138 0
      vertex 27.5565 17.5138 5
    endloop
  endfacet
  facet normal 0.923851 0.382753 0
    outer loop
      vertex 27.5565 17.5138 0
      vertex 27.8236 16.8691 5
      vertex 27.8236 16.8691 0
    endloop
  endfacet
  facet normal 0.300754 -0.953702 0
    outer loop
      vertex 32.3379 27.7675 0
      vertex 33.0035 27.9774 5
      vertex 32.3379 27.7675 5
    endloop
  endfacet
  facet normal 0.300754 -0.953702 0
    outer loop
      vertex 33.0035 27.9774 5
      vertex 32.3379 27.7675 0
      vertex 33.0035 27.9774 0
    endloop
  endfacet
  facet normal -0.608699 -0.793401 0
    outer loop
      vertex 39.6626 26.8032 0
      vertex 40.2163 26.3784 5
      vertex 39.6626 26.8032 5
    endloop
  endfacet
  facet normal -0.608699 -0.793401 -0
    outer loop
      vertex 40.2163 26.3784 5
      vertex 39.6626 26.8032 0
      vertex 40.2163 26.3784 0
    endloop
  endfacet
  facet normal -0.461826 0.88697 0
    outer loop
      vertex 39.074 13.3218 0
      vertex 38.455 12.9995 5
      vertex 39.074 13.3218 5
    endloop
  endfacet
  facet normal -0.461826 0.88697 0
    outer loop
      vertex 38.455 12.9995 5
      vertex 39.074 13.3218 0
      vertex 38.455 12.9995 0
    endloop
  endfacet
  facet normal 0.923851 -0.382753 0
    outer loop
      vertex 27.5565 22.9862 5
      vertex 27.8236 23.6309 0
      vertex 27.8236 23.6309 5
    endloop
  endfacet
  facet normal 0.923851 -0.382753 0
    outer loop
      vertex 27.8236 23.6309 0
      vertex 27.5565 22.9862 5
      vertex 27.5565 22.9862 0
    endloop
  endfacet
  facet normal -0.13054 -0.991443 0
    outer loop
      vertex 35.7713 28.2196 0
      vertex 36.4632 28.1285 5
      vertex 35.7713 28.2196 5
    endloop
  endfacet
  facet normal -0.13054 -0.991443 -0
    outer loop
      vertex 36.4632 28.1285 5
      vertex 35.7713 28.2196 0
      vertex 36.4632 28.1285 0
    endloop
  endfacet
  facet normal -0.991446 0.130521 0
    outer loop
      vertex 42.9525 18.8608 0
      vertex 43.0436 19.5528 5
      vertex 43.0436 19.5528 0
    endloop
  endfacet
  facet normal -0.991446 0.130521 0
    outer loop
      vertex 43.0436 19.5528 5
      vertex 42.9525 18.8608 0
      vertex 42.9525 18.8608 5
    endloop
  endfacet
  facet normal -0.21649 0.976285 0
    outer loop
      vertex 37.1446 12.5226 0
      vertex 36.4632 12.3715 5
      vertex 37.1446 12.5226 5
    endloop
  endfacet
  facet normal -0.21649 0.976285 0
    outer loop
      vertex 36.4632 12.3715 5
      vertex 37.1446 12.5226 0
      vertex 36.4632 12.3715 0
    endloop
  endfacet
  facet normal 0.461768 -0.887001 0
    outer loop
      vertex 31.074 27.1782 0
      vertex 31.6931 27.5005 5
      vertex 31.074 27.1782 5
    endloop
  endfacet
  facet normal 0.461768 -0.887001 0
    outer loop
      vertex 31.6931 27.5005 5
      vertex 31.074 27.1782 0
      vertex 31.6931 27.5005 0
    endloop
  endfacet
  facet normal 0.88706 -0.461655 0
    outer loop
      vertex 27.8236 23.6309 5
      vertex 28.1458 24.25 0
      vertex 28.1458 24.25 5
    endloop
  endfacet
  facet normal 0.88706 -0.461655 0
    outer loop
      vertex 28.1458 24.25 0
      vertex 27.8236 23.6309 5
      vertex 27.8236 23.6309 0
    endloop
  endfacet
  facet normal 0.953702 0.300754 0
    outer loop
      vertex 27.5565 17.5138 5
      vertex 27.3466 18.1794 0
      vertex 27.3466 18.1794 5
    endloop
  endfacet
  facet normal 0.953702 0.300754 0
    outer loop
      vertex 27.3466 18.1794 0
      vertex 27.5565 17.5138 5
      vertex 27.5565 17.5138 0
    endloop
  endfacet
  facet normal 0.608699 -0.793401 0
    outer loop
      vertex 29.9317 26.3784 0
      vertex 30.4854 26.8032 5
      vertex 29.9317 26.3784 5
    endloop
  endfacet
  facet normal 0.608699 -0.793401 0
    outer loop
      vertex 30.4854 26.8032 5
      vertex 29.9317 26.3784 0
      vertex 30.4854 26.8032 0
    endloop
  endfacet
  facet normal 0.675627 0.737243 -0
    outer loop
      vertex 29.9317 14.1216 0
      vertex 29.4172 14.5931 5
      vertex 29.9317 14.1216 5
    endloop
  endfacet
  facet normal 0.675627 0.737243 0
    outer loop
      vertex 29.4172 14.5931 5
      vertex 29.9317 14.1216 0
      vertex 29.4172 14.5931 0
    endloop
  endfacet
  facet normal 0.843378 -0.53732 0
    outer loop
      vertex 28.1458 24.25 5
      vertex 28.5208 24.8386 0
      vertex 28.5208 24.8386 5
    endloop
  endfacet
  facet normal 0.843378 -0.53732 0
    outer loop
      vertex 28.5208 24.8386 0
      vertex 28.1458 24.25 5
      vertex 28.1458 24.25 0
    endloop
  endfacet
  facet normal -0.999051 -0.0435616 0
    outer loop
      vertex 43.074 20.25 0
      vertex 43.0436 20.9472 5
      vertex 43.0436 20.9472 0
    endloop
  endfacet
  facet normal -0.999051 -0.0435616 0
    outer loop
      vertex 43.0436 20.9472 5
      vertex 43.074 20.25 0
      vertex 43.074 20.25 5
    endloop
  endfacet
  facet normal -0.53732 0.843378 0
    outer loop
      vertex 39.6626 13.6968 0
      vertex 39.074 13.3218 5
      vertex 39.6626 13.6968 5
    endloop
  endfacet
  facet normal -0.53732 0.843378 0
    outer loop
      vertex 39.074 13.3218 5
      vertex 39.6626 13.6968 0
      vertex 39.074 13.3218 0
    endloop
  endfacet
  facet normal -0.0435554 0.999051 0
    outer loop
      vertex 35.7713 12.2804 0
      vertex 35.074 12.25 5
      vertex 35.7713 12.2804 5
    endloop
  endfacet
  facet normal -0.0435554 0.999051 0
    outer loop
      vertex 35.074 12.25 5
      vertex 35.7713 12.2804 0
      vertex 35.074 12.25 0
    endloop
  endfacet
  facet normal -0.675556 0.737309 0
    outer loop
      vertex 40.7309 14.5931 0
      vertex 40.2163 14.1216 5
      vertex 40.7309 14.5931 5
    endloop
  endfacet
  facet normal -0.675556 0.737309 0
    outer loop
      vertex 40.2163 14.1216 5
      vertex 40.7309 14.5931 0
      vertex 40.2163 14.1216 0
    endloop
  endfacet
  facet normal -0.675556 -0.737309 0
    outer loop
      vertex 40.2163 26.3784 0
      vertex 40.7309 25.9069 5
      vertex 40.2163 26.3784 5
    endloop
  endfacet
  facet normal -0.675556 -0.737309 -0
    outer loop
      vertex 40.7309 25.9069 5
      vertex 40.2163 26.3784 0
      vertex 40.7309 25.9069 0
    endloop
  endfacet
  facet normal -0.953743 0.300624 0
    outer loop
      vertex 42.5916 17.5138 0
      vertex 42.8014 18.1794 5
      vertex 42.8014 18.1794 0
    endloop
  endfacet
  facet normal -0.953743 0.300624 0
    outer loop
      vertex 42.8014 18.1794 5
      vertex 42.5916 17.5138 0
      vertex 42.5916 17.5138 5
    endloop
  endfacet
  facet normal -0.976285 -0.21649 0
    outer loop
      vertex 42.9525 21.6392 0
      vertex 42.8014 22.3206 5
      vertex 42.8014 22.3206 0
    endloop
  endfacet
  facet normal -0.976285 -0.21649 0
    outer loop
      vertex 42.8014 22.3206 5
      vertex 42.9525 21.6392 0
      vertex 42.9525 21.6392 5
    endloop
  endfacet
  facet normal 0.999044 -0.0437046 0
    outer loop
      vertex 27.074 20.25 5
      vertex 27.1045 20.9472 0
      vertex 27.1045 20.9472 5
    endloop
  endfacet
  facet normal 0.999044 -0.0437046 0
    outer loop
      vertex 27.1045 20.9472 0
      vertex 27.074 20.25 5
      vertex 27.074 20.25 0
    endloop
  endfacet
  facet normal 0.216521 -0.976278 0
    outer loop
      vertex 33.0035 27.9774 0
      vertex 33.6848 28.1285 5
      vertex 33.0035 27.9774 5
    endloop
  endfacet
  facet normal 0.216521 -0.976278 0
    outer loop
      vertex 33.6848 28.1285 5
      vertex 33.0035 27.9774 0
      vertex 33.6848 28.1285 0
    endloop
  endfacet
  facet normal 0.793332 -0.608789 0
    outer loop
      vertex 28.5208 24.8386 5
      vertex 28.9457 25.3923 0
      vertex 28.9457 25.3923 5
    endloop
  endfacet
  facet normal 0.793332 -0.608789 0
    outer loop
      vertex 28.9457 25.3923 0
      vertex 28.5208 24.8386 5
      vertex 28.5208 24.8386 0
    endloop
  endfacet
  facet normal -0.999051 0.0435616 0
    outer loop
      vertex 43.0436 19.5528 0
      vertex 43.074 20.25 5
      vertex 43.074 20.25 0
    endloop
  endfacet
  facet normal -0.999051 0.0435616 0
    outer loop
      vertex 43.074 20.25 5
      vertex 43.0436 19.5528 0
      vertex 43.0436 19.5528 5
    endloop
  endfacet
  facet normal -0.53732 -0.843378 0
    outer loop
      vertex 39.074 27.1782 0
      vertex 39.6626 26.8032 5
      vertex 39.074 27.1782 5
    endloop
  endfacet
  facet normal -0.53732 -0.843378 -0
    outer loop
      vertex 39.6626 26.8032 5
      vertex 39.074 27.1782 0
      vertex 39.6626 26.8032 0
    endloop
  endfacet
  facet normal 0.843378 0.53732 0
    outer loop
      vertex 28.5208 15.6614 5
      vertex 28.1458 16.25 0
      vertex 28.1458 16.25 5
    endloop
  endfacet
  facet normal 0.843378 0.53732 0
    outer loop
      vertex 28.1458 16.25 0
      vertex 28.5208 15.6614 5
      vertex 28.5208 15.6614 0
    endloop
  endfacet
  facet normal 0.53732 -0.843378 0
    outer loop
      vertex 30.4854 26.8032 0
      vertex 31.074 27.1782 5
      vertex 30.4854 26.8032 5
    endloop
  endfacet
  facet normal 0.53732 -0.843378 0
    outer loop
      vertex 31.074 27.1782 5
      vertex 30.4854 26.8032 0
      vertex 31.074 27.1782 0
    endloop
  endfacet
  facet normal 0.976315 -0.216354 0
    outer loop
      vertex 27.1956 21.6392 5
      vertex 27.3466 22.3206 0
      vertex 27.3466 22.3206 5
    endloop
  endfacet
  facet normal 0.976315 -0.216354 0
    outer loop
      vertex 27.3466 22.3206 0
      vertex 27.1956 21.6392 5
      vertex 27.1956 21.6392 0
    endloop
  endfacet
  facet normal 0.38258 0.923923 -0
    outer loop
      vertex 32.3379 12.7325 0
      vertex 31.6931 12.9995 5
      vertex 32.3379 12.7325 5
    endloop
  endfacet
  facet normal 0.38258 0.923923 0
    outer loop
      vertex 31.6931 12.9995 5
      vertex 32.3379 12.7325 0
      vertex 31.6931 12.9995 0
    endloop
  endfacet
  facet normal -0.300754 0.953702 0
    outer loop
      vertex 37.8102 12.7325 0
      vertex 37.1446 12.5226 5
      vertex 37.8102 12.7325 5
    endloop
  endfacet
  facet normal -0.300754 0.953702 0
    outer loop
      vertex 37.1446 12.5226 5
      vertex 37.8102 12.7325 0
      vertex 37.1446 12.5226 0
    endloop
  endfacet
  facet normal 0.216521 0.976278 -0
    outer loop
      vertex 33.6848 12.3715 0
      vertex 33.0035 12.5226 5
      vertex 33.6848 12.3715 5
    endloop
  endfacet
  facet normal 0.216521 0.976278 0
    outer loop
      vertex 33.0035 12.5226 5
      vertex 33.6848 12.3715 0
      vertex 33.0035 12.5226 0
    endloop
  endfacet
  facet normal -0.923851 0.382753 0
    outer loop
      vertex 42.3245 16.8691 0
      vertex 42.5916 17.5138 5
      vertex 42.5916 17.5138 0
    endloop
  endfacet
  facet normal -0.923851 0.382753 0
    outer loop
      vertex 42.5916 17.5138 5
      vertex 42.3245 16.8691 0
      vertex 42.3245 16.8691 5
    endloop
  endfacet
  facet normal 0.0435616 0.999051 -0
    outer loop
      vertex 35.074 12.25 0
      vertex 34.3768 12.2804 5
      vertex 35.074 12.25 5
    endloop
  endfacet
  facet normal 0.0435616 0.999051 0
    outer loop
      vertex 34.3768 12.2804 5
      vertex 35.074 12.25 0
      vertex 34.3768 12.2804 0
    endloop
  endfacet
  facet normal 0.737309 0.675556 0
    outer loop
      vertex 29.4172 14.5931 5
      vertex 28.9457 15.1077 0
      vertex 28.9457 15.1077 5
    endloop
  endfacet
  facet normal 0.737309 0.675556 0
    outer loop
      vertex 28.9457 15.1077 0
      vertex 29.4172 14.5931 5
      vertex 29.4172 14.5931 0
    endloop
  endfacet
  facet normal 0.53732 0.843378 -0
    outer loop
      vertex 31.074 13.3218 0
      vertex 30.4854 13.6968 5
      vertex 31.074 13.3218 5
    endloop
  endfacet
  facet normal 0.53732 0.843378 0
    outer loop
      vertex 30.4854 13.6968 5
      vertex 31.074 13.3218 0
      vertex 30.4854 13.6968 0
    endloop
  endfacet
  facet normal 0.300754 0.953702 -0
    outer loop
      vertex 33.0035 12.5226 0
      vertex 32.3379 12.7325 5
      vertex 33.0035 12.5226 5
    endloop
  endfacet
  facet normal 0.300754 0.953702 0
    outer loop
      vertex 32.3379 12.7325 5
      vertex 33.0035 12.5226 0
      vertex 32.3379 12.7325 0
    endloop
  endfacet
  facet normal -0.793401 0.608699 0
    outer loop
      vertex 41.2024 15.1077 0
      vertex 41.6272 15.6614 5
      vertex 41.6272 15.6614 0
    endloop
  endfacet
  facet normal -0.793401 0.608699 0
    outer loop
      vertex 41.6272 15.6614 5
      vertex 41.2024 15.1077 0
      vertex 41.2024 15.1077 5
    endloop
  endfacet
  facet normal 0.793332 0.608789 0
    outer loop
      vertex 28.9457 15.1077 5
      vertex 28.5208 15.6614 0
      vertex 28.5208 15.6614 5
    endloop
  endfacet
  facet normal 0.793332 0.608789 0
    outer loop
      vertex 28.5208 15.6614 0
      vertex 28.9457 15.1077 5
      vertex 28.9457 15.1077 0
    endloop
  endfacet
  facet normal -0.300754 -0.953702 0
    outer loop
      vertex 37.1446 27.9774 0
      vertex 37.8102 27.7675 5
      vertex 37.1446 27.9774 5
    endloop
  endfacet
  facet normal -0.300754 -0.953702 -0
    outer loop
      vertex 37.8102 27.7675 5
      vertex 37.1446 27.9774 0
      vertex 37.8102 27.7675 0
    endloop
  endfacet
  facet normal -0.953743 -0.300624 0
    outer loop
      vertex 42.8014 22.3206 0
      vertex 42.5916 22.9862 5
      vertex 42.5916 22.9862 0
    endloop
  endfacet
  facet normal -0.953743 -0.300624 0
    outer loop
      vertex 42.5916 22.9862 5
      vertex 42.8014 22.3206 0
      vertex 42.8014 22.3206 5
    endloop
  endfacet
  facet normal -0.38258 -0.923923 0
    outer loop
      vertex 37.8102 27.7675 0
      vertex 38.455 27.5005 5
      vertex 37.8102 27.7675 5
    endloop
  endfacet
  facet normal -0.38258 -0.923923 -0
    outer loop
      vertex 38.455 27.5005 5
      vertex 37.8102 27.7675 0
      vertex 38.455 27.5005 0
    endloop
  endfacet
  facet normal -0.887001 0.461768 0
    outer loop
      vertex 42.0022 16.25 0
      vertex 42.3245 16.8691 5
      vertex 42.3245 16.8691 0
    endloop
  endfacet
  facet normal -0.887001 0.461768 0
    outer loop
      vertex 42.3245 16.8691 5
      vertex 42.0022 16.25 0
      vertex 42.0022 16.25 5
    endloop
  endfacet
  facet normal 0.130521 0.991446 -0
    outer loop
      vertex 34.3768 12.2804 0
      vertex 33.6848 12.3715 5
      vertex 34.3768 12.2804 5
    endloop
  endfacet
  facet normal 0.130521 0.991446 0
    outer loop
      vertex 33.6848 12.3715 5
      vertex 34.3768 12.2804 0
      vertex 33.6848 12.3715 0
    endloop
  endfacet
  facet normal -0.991446 -0.130521 0
    outer loop
      vertex 43.0436 20.9472 0
      vertex 42.9525 21.6392 5
      vertex 42.9525 21.6392 0
    endloop
  endfacet
  facet normal -0.991446 -0.130521 0
    outer loop
      vertex 42.9525 21.6392 5
      vertex 43.0436 20.9472 0
      vertex 43.0436 20.9472 5
    endloop
  endfacet
  facet normal 0.38258 -0.923923 0
    outer loop
      vertex 31.6931 27.5005 0
      vertex 32.3379 27.7675 5
      vertex 31.6931 27.5005 5
    endloop
  endfacet
  facet normal 0.38258 -0.923923 0
    outer loop
      vertex 32.3379 27.7675 5
      vertex 31.6931 27.5005 0
      vertex 32.3379 27.7675 0
    endloop
  endfacet
  facet normal 0.675627 -0.737243 0
    outer loop
      vertex 29.4172 25.9069 0
      vertex 29.9317 26.3784 5
      vertex 29.4172 25.9069 5
    endloop
  endfacet
  facet normal 0.675627 -0.737243 0
    outer loop
      vertex 29.9317 26.3784 5
      vertex 29.4172 25.9069 0
      vertex 29.9317 26.3784 0
    endloop
  endfacet
  facet normal -0.21649 -0.976285 0
    outer loop
      vertex 36.4632 28.1285 0
      vertex 37.1446 27.9774 5
      vertex 36.4632 28.1285 5
    endloop
  endfacet
  facet normal -0.21649 -0.976285 -0
    outer loop
      vertex 37.1446 27.9774 5
      vertex 36.4632 28.1285 0
      vertex 37.1446 27.9774 0
    endloop
  endfacet
  facet normal -0.887001 -0.461768 0
    outer loop
      vertex 42.3245 23.6309 0
      vertex 42.0022 24.25 5
      vertex 42.0022 24.25 0
    endloop
  endfacet
  facet normal -0.887001 -0.461768 0
    outer loop
      vertex 42.0022 24.25 5
      vertex 42.3245 23.6309 0
      vertex 42.3245 23.6309 5
    endloop
  endfacet
  facet normal -0.976285 0.21649 0
    outer loop
      vertex 42.8014 18.1794 0
      vertex 42.9525 18.8608 5
      vertex 42.9525 18.8608 0
    endloop
  endfacet
  facet normal -0.976285 0.21649 0
    outer loop
      vertex 42.9525 18.8608 5
      vertex 42.8014 18.1794 0
      vertex 42.8014 18.1794 5
    endloop
  endfacet
  facet normal -0.38258 0.923923 0
    outer loop
      vertex 38.455 12.9995 0
      vertex 37.8102 12.7325 5
      vertex 38.455 12.9995 5
    endloop
  endfacet
  facet normal -0.38258 0.923923 0
    outer loop
      vertex 37.8102 12.7325 5
      vertex 38.455 12.9995 0
      vertex 37.8102 12.7325 0
    endloop
  endfacet
  facet normal 0.999044 0.0437046 0
    outer loop
      vertex 27.1045 19.5528 5
      vertex 27.074 20.25 0
      vertex 27.074 20.25 5
    endloop
  endfacet
  facet normal 0.999044 0.0437046 0
    outer loop
      vertex 27.074 20.25 0
      vertex 27.1045 19.5528 5
      vertex 27.1045 19.5528 0
    endloop
  endfacet
  facet normal 0.88706 0.461655 0
    outer loop
      vertex 28.1458 16.25 5
      vertex 27.8236 16.8691 0
      vertex 27.8236 16.8691 5
    endloop
  endfacet
  facet normal 0.88706 0.461655 0
    outer loop
      vertex 27.8236 16.8691 0
      vertex 28.1458 16.25 5
      vertex 28.1458 16.25 0
    endloop
  endfacet
  facet normal 0.991446 0.130521 0
    outer loop
      vertex 27.1956 18.8608 5
      vertex 27.1045 19.5528 0
      vertex 27.1045 19.5528 5
    endloop
  endfacet
  facet normal 0.991446 0.130521 0
    outer loop
      vertex 27.1045 19.5528 0
      vertex 27.1956 18.8608 5
      vertex 27.1956 18.8608 0
    endloop
  endfacet
  facet normal 0.130521 -0.991446 0
    outer loop
      vertex 33.6848 28.1285 0
      vertex 34.3768 28.2196 5
      vertex 33.6848 28.1285 5
    endloop
  endfacet
  facet normal 0.130521 -0.991446 0
    outer loop
      vertex 34.3768 28.2196 5
      vertex 33.6848 28.1285 0
      vertex 34.3768 28.2196 0
    endloop
  endfacet
  facet normal 0.976315 0.216354 0
    outer loop
      vertex 27.3466 18.1794 5
      vertex 27.1956 18.8608 0
      vertex 27.1956 18.8608 5
    endloop
  endfacet
  facet normal 0.976315 0.216354 0
    outer loop
      vertex 27.1956 18.8608 0
      vertex 27.3466 18.1794 5
      vertex 27.3466 18.1794 0
    endloop
  endfacet
  facet normal 0.0435554 0.999051 -0
    outer loop
      vertex -35.074 12.25 0
      vertex -35.7713 12.2804 5
      vertex -35.074 12.25 5
    endloop
  endfacet
  facet normal 0.0435554 0.999051 0
    outer loop
      vertex -35.7713 12.2804 5
      vertex -35.074 12.25 0
      vertex -35.7713 12.2804 0
    endloop
  endfacet
  facet normal 0.923851 -0.382753 0
    outer loop
      vertex -42.5916 22.9862 5
      vertex -42.3245 23.6309 0
      vertex -42.3245 23.6309 5
    endloop
  endfacet
  facet normal 0.923851 -0.382753 0
    outer loop
      vertex -42.3245 23.6309 0
      vertex -42.5916 22.9862 5
      vertex -42.5916 22.9862 0
    endloop
  endfacet
  facet normal 0.887001 -0.461768 0
    outer loop
      vertex -42.3245 23.6309 5
      vertex -42.0022 24.25 0
      vertex -42.0022 24.25 5
    endloop
  endfacet
  facet normal 0.887001 -0.461768 0
    outer loop
      vertex -42.0022 24.25 0
      vertex -42.3245 23.6309 5
      vertex -42.3245 23.6309 0
    endloop
  endfacet
  facet normal 0.953743 -0.300624 0
    outer loop
      vertex -42.8014 22.3206 5
      vertex -42.5916 22.9862 0
      vertex -42.5916 22.9862 5
    endloop
  endfacet
  facet normal 0.953743 -0.300624 0
    outer loop
      vertex -42.5916 22.9862 0
      vertex -42.8014 22.3206 5
      vertex -42.8014 22.3206 0
    endloop
  endfacet
  facet normal -0.0435616 -0.999051 0
    outer loop
      vertex -35.074 28.25 0
      vertex -34.3768 28.2196 5
      vertex -35.074 28.25 5
    endloop
  endfacet
  facet normal -0.0435616 -0.999051 -0
    outer loop
      vertex -34.3768 28.2196 5
      vertex -35.074 28.25 0
      vertex -34.3768 28.2196 0
    endloop
  endfacet
  facet normal 0.21649 0.976285 -0
    outer loop
      vertex -36.4632 12.3715 0
      vertex -37.1446 12.5226 5
      vertex -36.4632 12.3715 5
    endloop
  endfacet
  facet normal 0.21649 0.976285 0
    outer loop
      vertex -37.1446 12.5226 5
      vertex -36.4632 12.3715 0
      vertex -37.1446 12.5226 0
    endloop
  endfacet
  facet normal -0.999044 -0.0437046 0
    outer loop
      vertex -27.074 20.25 0
      vertex -27.1045 20.9472 5
      vertex -27.1045 20.9472 0
    endloop
  endfacet
  facet normal -0.999044 -0.0437046 0
    outer loop
      vertex -27.1045 20.9472 5
      vertex -27.074 20.25 0
      vertex -27.074 20.25 5
    endloop
  endfacet
  facet normal 0.53732 -0.843378 0
    outer loop
      vertex -39.6626 26.8032 0
      vertex -39.074 27.1782 5
      vertex -39.6626 26.8032 5
    endloop
  endfacet
  facet normal 0.53732 -0.843378 0
    outer loop
      vertex -39.074 27.1782 5
      vertex -39.6626 26.8032 0
      vertex -39.074 27.1782 0
    endloop
  endfacet
  facet normal 0.991446 0.130521 0
    outer loop
      vertex -42.9525 18.8608 5
      vertex -43.0436 19.5528 0
      vertex -43.0436 19.5528 5
    endloop
  endfacet
  facet normal 0.991446 0.130521 0
    outer loop
      vertex -43.0436 19.5528 0
      vertex -42.9525 18.8608 5
      vertex -42.9525 18.8608 0
    endloop
  endfacet
  facet normal 0.461826 0.88697 -0
    outer loop
      vertex -38.455 12.9995 0
      vertex -39.074 13.3218 5
      vertex -38.455 12.9995 5
    endloop
  endfacet
  facet normal 0.461826 0.88697 0
    outer loop
      vertex -39.074 13.3218 5
      vertex -38.455 12.9995 0
      vertex -39.074 13.3218 0
    endloop
  endfacet
  facet normal 0.675556 -0.737309 0
    outer loop
      vertex -40.7309 25.9069 0
      vertex -40.2163 26.3784 5
      vertex -40.7309 25.9069 5
    endloop
  endfacet
  facet normal 0.675556 -0.737309 0
    outer loop
      vertex -40.2163 26.3784 5
      vertex -40.7309 25.9069 0
      vertex -40.2163 26.3784 0
    endloop
  endfacet
  facet normal 0.675556 0.737309 -0
    outer loop
      vertex -40.2163 14.1216 0
      vertex -40.7309 14.5931 5
      vertex -40.2163 14.1216 5
    endloop
  endfacet
  facet normal 0.675556 0.737309 0
    outer loop
      vertex -40.7309 14.5931 5
      vertex -40.2163 14.1216 0
      vertex -40.7309 14.5931 0
    endloop
  endfacet
  facet normal -0.53732 -0.843378 0
    outer loop
      vertex -31.074 27.1782 0
      vertex -30.4854 26.8032 5
      vertex -31.074 27.1782 5
    endloop
  endfacet
  facet normal -0.53732 -0.843378 -0
    outer loop
      vertex -30.4854 26.8032 5
      vertex -31.074 27.1782 0
      vertex -30.4854 26.8032 0
    endloop
  endfacet
  facet normal -0.88706 0.461655 0
    outer loop
      vertex -28.1458 16.25 0
      vertex -27.8236 16.8691 5
      vertex -27.8236 16.8691 0
    endloop
  endfacet
  facet normal -0.88706 0.461655 0
    outer loop
      vertex -27.8236 16.8691 5
      vertex -28.1458 16.25 0
      vertex -28.1458 16.25 5
    endloop
  endfacet
  facet normal 0.793401 -0.608699 0
    outer loop
      vertex -41.6272 24.8386 5
      vertex -41.2024 25.3923 0
      vertex -41.2024 25.3923 5
    endloop
  endfacet
  facet normal 0.793401 -0.608699 0
    outer loop
      vertex -41.2024 25.3923 0
      vertex -41.6272 24.8386 5
      vertex -41.6272 24.8386 0
    endloop
  endfacet
  facet normal 0.923851 0.382753 0
    outer loop
      vertex -42.3245 16.8691 5
      vertex -42.5916 17.5138 0
      vertex -42.5916 17.5138 5
    endloop
  endfacet
  facet normal 0.923851 0.382753 0
    outer loop
      vertex -42.5916 17.5138 0
      vertex -42.3245 16.8691 5
      vertex -42.3245 16.8691 0
    endloop
  endfacet
  facet normal 0.999051 0.0435616 0
    outer loop
      vertex -43.0436 19.5528 5
      vertex -43.074 20.25 0
      vertex -43.074 20.25 5
    endloop
  endfacet
  facet normal 0.999051 0.0435616 0
    outer loop
      vertex -43.074 20.25 0
      vertex -43.0436 19.5528 5
      vertex -43.0436 19.5528 0
    endloop
  endfacet
  facet normal -0.976315 -0.216354 0
    outer loop
      vertex -27.1956 21.6392 0
      vertex -27.3466 22.3206 5
      vertex -27.3466 22.3206 0
    endloop
  endfacet
  facet normal -0.976315 -0.216354 0
    outer loop
      vertex -27.3466 22.3206 5
      vertex -27.1956 21.6392 0
      vertex -27.1956 21.6392 5
    endloop
  endfacet
  facet normal 0.953743 0.300624 0
    outer loop
      vertex -42.5916 17.5138 5
      vertex -42.8014 18.1794 0
      vertex -42.8014 18.1794 5
    endloop
  endfacet
  facet normal 0.953743 0.300624 0
    outer loop
      vertex -42.8014 18.1794 0
      vertex -42.5916 17.5138 5
      vertex -42.5916 17.5138 0
    endloop
  endfacet
  facet normal -0.300754 0.953702 0
    outer loop
      vertex -32.3379 12.7325 0
      vertex -33.0035 12.5226 5
      vertex -32.3379 12.7325 5
    endloop
  endfacet
  facet normal -0.300754 0.953702 0
    outer loop
      vertex -33.0035 12.5226 5
      vertex -32.3379 12.7325 0
      vertex -33.0035 12.5226 0
    endloop
  endfacet
  facet normal 0.843378 0.53732 0
    outer loop
      vertex -41.6272 15.6614 5
      vertex -42.0022 16.25 0
      vertex -42.0022 16.25 5
    endloop
  endfacet
  facet normal 0.843378 0.53732 0
    outer loop
      vertex -42.0022 16.25 0
      vertex -41.6272 15.6614 5
      vertex -41.6272 15.6614 0
    endloop
  endfacet
  facet normal -0.216521 -0.976278 0
    outer loop
      vertex -33.6848 28.1285 0
      vertex -33.0035 27.9774 5
      vertex -33.6848 28.1285 5
    endloop
  endfacet
  facet normal -0.216521 -0.976278 -0
    outer loop
      vertex -33.0035 27.9774 5
      vertex -33.6848 28.1285 0
      vertex -33.0035 27.9774 0
    endloop
  endfacet
  facet normal -0.991446 0.130521 0
    outer loop
      vertex -27.1956 18.8608 0
      vertex -27.1045 19.5528 5
      vertex -27.1045 19.5528 0
    endloop
  endfacet
  facet normal -0.991446 0.130521 0
    outer loop
      vertex -27.1045 19.5528 5
      vertex -27.1956 18.8608 0
      vertex -27.1956 18.8608 5
    endloop
  endfacet
  facet normal -0.130521 0.991446 0
    outer loop
      vertex -33.6848 12.3715 0
      vertex -34.3768 12.2804 5
      vertex -33.6848 12.3715 5
    endloop
  endfacet
  facet normal -0.130521 0.991446 0
    outer loop
      vertex -34.3768 12.2804 5
      vertex -33.6848 12.3715 0
      vertex -34.3768 12.2804 0
    endloop
  endfacet
  facet normal 0.991446 -0.130521 0
    outer loop
      vertex -43.0436 20.9472 5
      vertex -42.9525 21.6392 0
      vertex -42.9525 21.6392 5
    endloop
  endfacet
  facet normal 0.991446 -0.130521 0
    outer loop
      vertex -42.9525 21.6392 0
      vertex -43.0436 20.9472 5
      vertex -43.0436 20.9472 0
    endloop
  endfacet
  facet normal 0.887001 0.461768 0
    outer loop
      vertex -42.0022 16.25 5
      vertex -42.3245 16.8691 0
      vertex -42.3245 16.8691 5
    endloop
  endfacet
  facet normal 0.887001 0.461768 0
    outer loop
      vertex -42.3245 16.8691 0
      vertex -42.0022 16.25 5
      vertex -42.0022 16.25 0
    endloop
  endfacet
  facet normal 0.13054 0.991443 -0
    outer loop
      vertex -35.7713 12.2804 0
      vertex -36.4632 12.3715 5
      vertex -35.7713 12.2804 5
    endloop
  endfacet
  facet normal 0.13054 0.991443 0
    outer loop
      vertex -36.4632 12.3715 5
      vertex -35.7713 12.2804 0
      vertex -36.4632 12.3715 0
    endloop
  endfacet
  facet normal 0.38258 -0.923923 0
    outer loop
      vertex -38.455 27.5005 0
      vertex -37.8102 27.7675 5
      vertex -38.455 27.5005 5
    endloop
  endfacet
  facet normal 0.38258 -0.923923 0
    outer loop
      vertex -37.8102 27.7675 5
      vertex -38.455 27.5005 0
      vertex -37.8102 27.7675 0
    endloop
  endfacet
  facet normal 0.608699 -0.793401 0
    outer loop
      vertex -40.2163 26.3784 0
      vertex -39.6626 26.8032 5
      vertex -40.2163 26.3784 5
    endloop
  endfacet
  facet normal 0.608699 -0.793401 0
    outer loop
      vertex -39.6626 26.8032 5
      vertex -40.2163 26.3784 0
      vertex -39.6626 26.8032 0
    endloop
  endfacet
  facet normal 0.461826 -0.88697 0
    outer loop
      vertex -39.074 27.1782 0
      vertex -38.455 27.5005 5
      vertex -39.074 27.1782 5
    endloop
  endfacet
  facet normal 0.461826 -0.88697 0
    outer loop
      vertex -38.455 27.5005 5
      vertex -39.074 27.1782 0
      vertex -38.455 27.5005 0
    endloop
  endfacet
  facet normal -0.793332 0.608789 0
    outer loop
      vertex -28.9457 15.1077 0
      vertex -28.5208 15.6614 5
      vertex -28.5208 15.6614 0
    endloop
  endfacet
  facet normal -0.793332 0.608789 0
    outer loop
      vertex -28.5208 15.6614 5
      vertex -28.9457 15.1077 0
      vertex -28.9457 15.1077 5
    endloop
  endfacet
  facet normal 0.999051 -0.0435616 0
    outer loop
      vertex -43.074 20.25 5
      vertex -43.0436 20.9472 0
      vertex -43.0436 20.9472 5
    endloop
  endfacet
  facet normal 0.999051 -0.0435616 0
    outer loop
      vertex -43.0436 20.9472 0
      vertex -43.074 20.25 5
      vertex -43.074 20.25 0
    endloop
  endfacet
  facet normal -0.923851 0.382753 0
    outer loop
      vertex -27.8236 16.8691 0
      vertex -27.5565 17.5138 5
      vertex -27.5565 17.5138 0
    endloop
  endfacet
  facet normal -0.923851 0.382753 0
    outer loop
      vertex -27.5565 17.5138 5
      vertex -27.8236 16.8691 0
      vertex -27.8236 16.8691 5
    endloop
  endfacet
  facet normal 0.976285 -0.21649 0
    outer loop
      vertex -42.9525 21.6392 5
      vertex -42.8014 22.3206 0
      vertex -42.8014 22.3206 5
    endloop
  endfacet
  facet normal 0.976285 -0.21649 0
    outer loop
      vertex -42.8014 22.3206 0
      vertex -42.9525 21.6392 5
      vertex -42.9525 21.6392 0
    endloop
  endfacet
  facet normal 0.843378 -0.53732 0
    outer loop
      vertex -42.0022 24.25 5
      vertex -41.6272 24.8386 0
      vertex -41.6272 24.8386 5
    endloop
  endfacet
  facet normal 0.843378 -0.53732 0
    outer loop
      vertex -41.6272 24.8386 0
      vertex -42.0022 24.25 5
      vertex -42.0022 24.25 0
    endloop
  endfacet
  facet normal 0.737309 0.675556 0
    outer loop
      vertex -40.7309 14.5931 5
      vertex -41.2024 15.1077 0
      vertex -41.2024 15.1077 5
    endloop
  endfacet
  facet normal 0.737309 0.675556 0
    outer loop
      vertex -41.2024 15.1077 0
      vertex -40.7309 14.5931 5
      vertex -40.7309 14.5931 0
    endloop
  endfacet
  facet normal -0.130521 -0.991446 0
    outer loop
      vertex -34.3768 28.2196 0
      vertex -33.6848 28.1285 5
      vertex -34.3768 28.2196 5
    endloop
  endfacet
  facet normal -0.130521 -0.991446 -0
    outer loop
      vertex -33.6848 28.1285 5
      vertex -34.3768 28.2196 0
      vertex -33.6848 28.1285 0
    endloop
  endfacet
  facet normal -0.88706 -0.461655 0
    outer loop
      vertex -27.8236 23.6309 0
      vertex -28.1458 24.25 5
      vertex -28.1458 24.25 0
    endloop
  endfacet
  facet normal -0.88706 -0.461655 0
    outer loop
      vertex -28.1458 24.25 5
      vertex -27.8236 23.6309 0
      vertex -27.8236 23.6309 5
    endloop
  endfacet
  facet normal 0.976285 0.21649 0
    outer loop
      vertex -42.8014 18.1794 5
      vertex -42.9525 18.8608 0
      vertex -42.9525 18.8608 5
    endloop
  endfacet
  facet normal 0.976285 0.21649 0
    outer loop
      vertex -42.9525 18.8608 0
      vertex -42.8014 18.1794 5
      vertex -42.8014 18.1794 0
    endloop
  endfacet
  facet normal -0.38258 0.923923 0
    outer loop
      vertex -31.6931 12.9995 0
      vertex -32.3379 12.7325 5
      vertex -31.6931 12.9995 5
    endloop
  endfacet
  facet normal -0.38258 0.923923 0
    outer loop
      vertex -32.3379 12.7325 5
      vertex -31.6931 12.9995 0
      vertex -32.3379 12.7325 0
    endloop
  endfacet
  facet normal 0.38258 0.923923 -0
    outer loop
      vertex -37.8102 12.7325 0
      vertex -38.455 12.9995 5
      vertex -37.8102 12.7325 5
    endloop
  endfacet
  facet normal 0.38258 0.923923 0
    outer loop
      vertex -38.455 12.9995 5
      vertex -37.8102 12.7325 0
      vertex -38.455 12.9995 0
    endloop
  endfacet
  facet normal 0.793401 0.608699 0
    outer loop
      vertex -41.2024 15.1077 5
      vertex -41.6272 15.6614 0
      vertex -41.6272 15.6614 5
    endloop
  endfacet
  facet normal 0.793401 0.608699 0
    outer loop
      vertex -41.6272 15.6614 0
      vertex -41.2024 15.1077 5
      vertex -41.2024 15.1077 0
    endloop
  endfacet
  facet normal -0.793332 -0.608789 0
    outer loop
      vertex -28.5208 24.8386 0
      vertex -28.9457 25.3923 5
      vertex -28.9457 25.3923 0
    endloop
  endfacet
  facet normal -0.793332 -0.608789 0
    outer loop
      vertex -28.9457 25.3923 5
      vertex -28.5208 24.8386 0
      vertex -28.5208 24.8386 5
    endloop
  endfacet
  facet normal -0.216521 0.976278 0
    outer loop
      vertex -33.0035 12.5226 0
      vertex -33.6848 12.3715 5
      vertex -33.0035 12.5226 5
    endloop
  endfacet
  facet normal -0.216521 0.976278 0
    outer loop
      vertex -33.6848 12.3715 5
      vertex -33.0035 12.5226 0
      vertex -33.6848 12.3715 0
    endloop
  endfacet
  facet normal 0.300754 0.953702 -0
    outer loop
      vertex -37.1446 12.5226 0
      vertex -37.8102 12.7325 5
      vertex -37.1446 12.5226 5
    endloop
  endfacet
  facet normal 0.300754 0.953702 0
    outer loop
      vertex -37.8102 12.7325 5
      vertex -37.1446 12.5226 0
      vertex -37.8102 12.7325 0
    endloop
  endfacet
  facet normal -0.461768 0.887001 0
    outer loop
      vertex -31.074 13.3218 0
      vertex -31.6931 12.9995 5
      vertex -31.074 13.3218 5
    endloop
  endfacet
  facet normal -0.461768 0.887001 0
    outer loop
      vertex -31.6931 12.9995 5
      vertex -31.074 13.3218 0
      vertex -31.6931 12.9995 0
    endloop
  endfacet
  facet normal -0.923851 -0.382753 0
    outer loop
      vertex -27.5565 22.9862 0
      vertex -27.8236 23.6309 5
      vertex -27.8236 23.6309 0
    endloop
  endfacet
  facet normal -0.923851 -0.382753 0
    outer loop
      vertex -27.8236 23.6309 5
      vertex -27.5565 22.9862 0
      vertex -27.5565 22.9862 5
    endloop
  endfacet
  facet normal 0.737309 -0.675556 0
    outer loop
      vertex -41.2024 25.3923 5
      vertex -40.7309 25.9069 0
      vertex -40.7309 25.9069 5
    endloop
  endfacet
  facet normal 0.737309 -0.675556 0
    outer loop
      vertex -40.7309 25.9069 0
      vertex -41.2024 25.3923 5
      vertex -41.2024 25.3923 0
    endloop
  endfacet
  facet normal -0.991446 -0.130521 0
    outer loop
      vertex -27.1045 20.9472 0
      vertex -27.1956 21.6392 5
      vertex -27.1956 21.6392 0
    endloop
  endfacet
  facet normal -0.991446 -0.130521 0
    outer loop
      vertex -27.1956 21.6392 5
      vertex -27.1045 20.9472 0
      vertex -27.1045 20.9472 5
    endloop
  endfacet
  facet normal -0.999044 0.0437046 0
    outer loop
      vertex -27.1045 19.5528 0
      vertex -27.074 20.25 5
      vertex -27.074 20.25 0
    endloop
  endfacet
  facet normal -0.999044 0.0437046 0
    outer loop
      vertex -27.074 20.25 5
      vertex -27.1045 19.5528 0
      vertex -27.1045 19.5528 5
    endloop
  endfacet
  facet normal -0.953702 0.300754 0
    outer loop
      vertex -27.5565 17.5138 0
      vertex -27.3466 18.1794 5
      vertex -27.3466 18.1794 0
    endloop
  endfacet
  facet normal -0.953702 0.300754 0
    outer loop
      vertex -27.3466 18.1794 5
      vertex -27.5565 17.5138 0
      vertex -27.5565 17.5138 5
    endloop
  endfacet
  facet normal -0.953702 -0.300754 0
    outer loop
      vertex -27.3466 22.3206 0
      vertex -27.5565 22.9862 5
      vertex -27.5565 22.9862 0
    endloop
  endfacet
  facet normal -0.953702 -0.300754 0
    outer loop
      vertex -27.5565 22.9862 5
      vertex -27.3466 22.3206 0
      vertex -27.3466 22.3206 5
    endloop
  endfacet
  facet normal -0.843378 0.53732 0
    outer loop
      vertex -28.5208 15.6614 0
      vertex -28.1458 16.25 5
      vertex -28.1458 16.25 0
    endloop
  endfacet
  facet normal -0.843378 0.53732 0
    outer loop
      vertex -28.1458 16.25 5
      vertex -28.5208 15.6614 0
      vertex -28.5208 15.6614 5
    endloop
  endfacet
  facet normal -0.976315 0.216354 0
    outer loop
      vertex -27.3466 18.1794 0
      vertex -27.1956 18.8608 5
      vertex -27.1956 18.8608 0
    endloop
  endfacet
  facet normal -0.976315 0.216354 0
    outer loop
      vertex -27.1956 18.8608 5
      vertex -27.3466 18.1794 0
      vertex -27.3466 18.1794 5
    endloop
  endfacet
  facet normal -0.737309 0.675556 0
    outer loop
      vertex -29.4172 14.5931 0
      vertex -28.9457 15.1077 5
      vertex -28.9457 15.1077 0
    endloop
  endfacet
  facet normal -0.737309 0.675556 0
    outer loop
      vertex -28.9457 15.1077 5
      vertex -29.4172 14.5931 0
      vertex -29.4172 14.5931 5
    endloop
  endfacet
  facet normal -0.461768 -0.887001 0
    outer loop
      vertex -31.6931 27.5005 0
      vertex -31.074 27.1782 5
      vertex -31.6931 27.5005 5
    endloop
  endfacet
  facet normal -0.461768 -0.887001 -0
    outer loop
      vertex -31.074 27.1782 5
      vertex -31.6931 27.5005 0
      vertex -31.074 27.1782 0
    endloop
  endfacet
  facet normal 0.300754 -0.953702 0
    outer loop
      vertex -37.8102 27.7675 0
      vertex -37.1446 27.9774 5
      vertex -37.8102 27.7675 5
    endloop
  endfacet
  facet normal 0.300754 -0.953702 0
    outer loop
      vertex -37.1446 27.9774 5
      vertex -37.8102 27.7675 0
      vertex -37.1446 27.9774 0
    endloop
  endfacet
  facet normal 0.0435554 -0.999051 0
    outer loop
      vertex -35.7713 28.2196 0
      vertex -35.074 28.25 5
      vertex -35.7713 28.2196 5
    endloop
  endfacet
  facet normal 0.0435554 -0.999051 0
    outer loop
      vertex -35.074 28.25 5
      vertex -35.7713 28.2196 0
      vertex -35.074 28.25 0
    endloop
  endfacet
  facet normal 0.21649 -0.976285 0
    outer loop
      vertex -37.1446 27.9774 0
      vertex -36.4632 28.1285 5
      vertex -37.1446 27.9774 5
    endloop
  endfacet
  facet normal 0.21649 -0.976285 0
    outer loop
      vertex -36.4632 28.1285 5
      vertex -37.1446 27.9774 0
      vertex -36.4632 28.1285 0
    endloop
  endfacet
  facet normal 0.608699 0.793401 -0
    outer loop
      vertex -39.6626 13.6968 0
      vertex -40.2163 14.1216 5
      vertex -39.6626 13.6968 5
    endloop
  endfacet
  facet normal 0.608699 0.793401 0
    outer loop
      vertex -40.2163 14.1216 5
      vertex -39.6626 13.6968 0
      vertex -40.2163 14.1216 0
    endloop
  endfacet
  facet normal -0.843378 -0.53732 0
    outer loop
      vertex -28.1458 24.25 0
      vertex -28.5208 24.8386 5
      vertex -28.5208 24.8386 0
    endloop
  endfacet
  facet normal -0.843378 -0.53732 0
    outer loop
      vertex -28.5208 24.8386 5
      vertex -28.1458 24.25 0
      vertex -28.1458 24.25 5
    endloop
  endfacet
  facet normal -0.300754 -0.953702 0
    outer loop
      vertex -33.0035 27.9774 0
      vertex -32.3379 27.7675 5
      vertex -33.0035 27.9774 5
    endloop
  endfacet
  facet normal -0.300754 -0.953702 -0
    outer loop
      vertex -32.3379 27.7675 5
      vertex -33.0035 27.9774 0
      vertex -32.3379 27.7675 0
    endloop
  endfacet
  facet normal -0.0435616 0.999051 0
    outer loop
      vertex -34.3768 12.2804 0
      vertex -35.074 12.25 5
      vertex -34.3768 12.2804 5
    endloop
  endfacet
  facet normal -0.0435616 0.999051 0
    outer loop
      vertex -35.074 12.25 5
      vertex -34.3768 12.2804 0
      vertex -35.074 12.25 0
    endloop
  endfacet
  facet normal -0.38258 -0.923923 0
    outer loop
      vertex -32.3379 27.7675 0
      vertex -31.6931 27.5005 5
      vertex -32.3379 27.7675 5
    endloop
  endfacet
  facet normal -0.38258 -0.923923 -0
    outer loop
      vertex -31.6931 27.5005 5
      vertex -32.3379 27.7675 0
      vertex -31.6931 27.5005 0
    endloop
  endfacet
  facet normal -0.675627 0.737243 0
    outer loop
      vertex -29.4172 14.5931 0
      vertex -29.9317 14.1216 5
      vertex -29.4172 14.5931 5
    endloop
  endfacet
  facet normal -0.675627 0.737243 0
    outer loop
      vertex -29.9317 14.1216 5
      vertex -29.4172 14.5931 0
      vertex -29.9317 14.1216 0
    endloop
  endfacet
  facet normal 0.53732 0.843378 -0
    outer loop
      vertex -39.074 13.3218 0
      vertex -39.6626 13.6968 5
      vertex -39.074 13.3218 5
    endloop
  endfacet
  facet normal 0.53732 0.843378 0
    outer loop
      vertex -39.6626 13.6968 5
      vertex -39.074 13.3218 0
      vertex -39.6626 13.6968 0
    endloop
  endfacet
  facet normal -0.737309 -0.675556 0
    outer loop
      vertex -28.9457 25.3923 0
      vertex -29.4172 25.9069 5
      vertex -29.4172 25.9069 0
    endloop
  endfacet
  facet normal -0.737309 -0.675556 0
    outer loop
      vertex -29.4172 25.9069 5
      vertex -28.9457 25.3923 0
      vertex -28.9457 25.3923 5
    endloop
  endfacet
  facet normal 0.13054 -0.991443 0
    outer loop
      vertex -36.4632 28.1285 0
      vertex -35.7713 28.2196 5
      vertex -36.4632 28.1285 5
    endloop
  endfacet
  facet normal 0.13054 -0.991443 0
    outer loop
      vertex -35.7713 28.2196 5
      vertex -36.4632 28.1285 0
      vertex -35.7713 28.2196 0
    endloop
  endfacet
  facet normal -0.675627 -0.737243 0
    outer loop
      vertex -29.9317 26.3784 0
      vertex -29.4172 25.9069 5
      vertex -29.9317 26.3784 5
    endloop
  endfacet
  facet normal -0.675627 -0.737243 -0
    outer loop
      vertex -29.4172 25.9069 5
      vertex -29.9317 26.3784 0
      vertex -29.4172 25.9069 0
    endloop
  endfacet
  facet normal -0.53732 0.843378 0
    outer loop
      vertex -30.4854 13.6968 0
      vertex -31.074 13.3218 5
      vertex -30.4854 13.6968 5
    endloop
  endfacet
  facet normal -0.53732 0.843378 0
    outer loop
      vertex -31.074 13.3218 5
      vertex -30.4854 13.6968 0
      vertex -31.074 13.3218 0
    endloop
  endfacet
  facet normal -0.608699 0.793401 0
    outer loop
      vertex -29.9317 14.1216 0
      vertex -30.4854 13.6968 5
      vertex -29.9317 14.1216 5
    endloop
  endfacet
  facet normal -0.608699 0.793401 0
    outer loop
      vertex -30.4854 13.6968 5
      vertex -29.9317 14.1216 0
      vertex -30.4854 13.6968 0
    endloop
  endfacet
  facet normal -0.608699 -0.793401 0
    outer loop
      vertex -30.4854 26.8032 0
      vertex -29.9317 26.3784 5
      vertex -30.4854 26.8032 5
    endloop
  endfacet
  facet normal -0.608699 -0.793401 -0
    outer loop
      vertex -29.9317 26.3784 5
      vertex -30.4854 26.8032 0
      vertex -29.9317 26.3784 0
    endloop
  endfacet
  facet normal -0.2165 0.976283 0
    outer loop
      vertex 2.07055 -48.2274 0
      vertex 1.38918 -48.3785 5
      vertex 2.07055 -48.2274 5
    endloop
  endfacet
  facet normal -0.2165 0.976283 0
    outer loop
      vertex 1.38918 -48.3785 5
      vertex 2.07055 -48.2274 0
      vertex 1.38918 -48.3785 0
    endloop
  endfacet
  facet normal 0.382585 -0.92392 0
    outer loop
      vertex -3.38095 -33.2495 0
      vertex -2.73616 -32.9825 5
      vertex -3.38095 -33.2495 5
    endloop
  endfacet
  facet normal 0.382585 -0.92392 0
    outer loop
      vertex -2.73616 -32.9825 5
      vertex -3.38095 -33.2495 0
      vertex -2.73616 -32.9825 0
    endloop
  endfacet
  facet normal -0.999048 0.0436188 0
    outer loop
      vertex 7.96956 -41.1972 0
      vertex 8 -40.5 5
      vertex 8 -40.5 0
    endloop
  endfacet
  facet normal -0.999048 0.0436188 0
    outer loop
      vertex 8 -40.5 5
      vertex 7.96956 -41.1972 0
      vertex 7.96956 -41.1972 5
    endloop
  endfacet
  facet normal 0.0435587 0.999051 -0
    outer loop
      vertex 0 -48.5 0
      vertex -0.697246 -48.4696 5
      vertex 0 -48.5 5
    endloop
  endfacet
  facet normal 0.0435587 0.999051 0
    outer loop
      vertex -0.697246 -48.4696 5
      vertex 0 -48.5 0
      vertex -0.697246 -48.4696 0
    endloop
  endfacet
  facet normal 0.887024 -0.461723 0
    outer loop
      vertex -7.25046 -37.1191 5
      vertex -6.9282 -36.5 0
      vertex -6.9282 -36.5 5
    endloop
  endfacet
  facet normal 0.887024 -0.461723 0
    outer loop
      vertex -6.9282 -36.5 0
      vertex -7.25046 -37.1191 5
      vertex -7.25046 -37.1191 0
    endloop
  endfacet
  facet normal -0.0435587 0.999051 0
    outer loop
      vertex 0.697246 -48.4696 0
      vertex 0 -48.5 5
      vertex 0.697246 -48.4696 5
    endloop
  endfacet
  facet normal -0.0435587 0.999051 0
    outer loop
      vertex 0 -48.5 5
      vertex 0.697246 -48.4696 0
      vertex 0 -48.5 0
    endloop
  endfacet
  facet normal 0.953714 -0.300715 0
    outer loop
      vertex -7.72741 -38.4294 5
      vertex -7.51754 -37.7638 0
      vertex -7.51754 -37.7638 5
    endloop
  endfacet
  facet normal 0.953714 -0.300715 0
    outer loop
      vertex -7.51754 -37.7638 0
      vertex -7.72741 -38.4294 5
      vertex -7.72741 -38.4294 0
    endloop
  endfacet
  facet normal -0.30075 0.953703 0
    outer loop
      vertex 2.73616 -48.0175 0
      vertex 2.07055 -48.2274 5
      vertex 2.73616 -48.0175 5
    endloop
  endfacet
  facet normal -0.30075 0.953703 0
    outer loop
      vertex 2.07055 -48.2274 5
      vertex 2.73616 -48.0175 0
      vertex 2.07055 -48.2274 0
    endloop
  endfacet
  facet normal -0.608706 0.793396 0
    outer loop
      vertex 5.1423 -46.6284 0
      vertex 4.58861 -47.0532 5
      vertex 5.1423 -46.6284 5
    endloop
  endfacet
  facet normal -0.608706 0.793396 0
    outer loop
      vertex 4.58861 -47.0532 5
      vertex 5.1423 -46.6284 0
      vertex 4.58861 -47.0532 0
    endloop
  endfacet
  facet normal 0.0435587 -0.999051 0
    outer loop
      vertex -0.697246 -32.5304 0
      vertex 0 -32.5 5
      vertex -0.697246 -32.5304 5
    endloop
  endfacet
  facet normal 0.0435587 -0.999051 0
    outer loop
      vertex 0 -32.5 5
      vertex -0.697246 -32.5304 0
      vertex 0 -32.5 0
    endloop
  endfacet
  facet normal -0.9763 -0.216422 0
    outer loop
      vertex 7.87846 -39.1108 0
      vertex 7.72741 -38.4294 5
      vertex 7.72741 -38.4294 0
    endloop
  endfacet
  facet normal -0.9763 -0.216422 0
    outer loop
      vertex 7.72741 -38.4294 5
      vertex 7.87846 -39.1108 0
      vertex 7.87846 -39.1108 5
    endloop
  endfacet
  facet normal 0.30075 0.953703 -0
    outer loop
      vertex -2.07055 -48.2274 0
      vertex -2.73616 -48.0175 5
      vertex -2.07055 -48.2274 5
    endloop
  endfacet
  facet normal 0.30075 0.953703 0
    outer loop
      vertex -2.73616 -48.0175 5
      vertex -2.07055 -48.2274 0
      vertex -2.73616 -48.0175 0
    endloop
  endfacet
  facet normal 0.675592 -0.737276 0
    outer loop
      vertex -5.65685 -34.8431 0
      vertex -5.1423 -34.3716 5
      vertex -5.65685 -34.8431 5
    endloop
  endfacet
  facet normal 0.675592 -0.737276 0
    outer loop
      vertex -5.1423 -34.3716 5
      vertex -5.65685 -34.8431 0
      vertex -5.1423 -34.3716 0
    endloop
  endfacet
  facet normal 0.887024 0.461723 0
    outer loop
      vertex -6.9282 -44.5 5
      vertex -7.25046 -43.8809 0
      vertex -7.25046 -43.8809 5
    endloop
  endfacet
  facet normal 0.887024 0.461723 0
    outer loop
      vertex -7.25046 -43.8809 0
      vertex -6.9282 -44.5 5
      vertex -6.9282 -44.5 0
    endloop
  endfacet
  facet normal -0.953714 -0.300715 0
    outer loop
      vertex 7.72741 -38.4294 0
      vertex 7.51754 -37.7638 5
      vertex 7.51754 -37.7638 0
    endloop
  endfacet
  facet normal -0.953714 -0.300715 0
    outer loop
      vertex 7.51754 -37.7638 5
      vertex 7.72741 -38.4294 0
      vertex 7.72741 -38.4294 5
    endloop
  endfacet
  facet normal 0.608706 0.793396 -0
    outer loop
      vertex -4.58861 -47.0532 0
      vertex -5.1423 -46.6284 5
      vertex -4.58861 -47.0532 5
    endloop
  endfacet
  facet normal 0.608706 0.793396 0
    outer loop
      vertex -5.1423 -46.6284 5
      vertex -4.58861 -47.0532 0
      vertex -5.1423 -46.6284 0
    endloop
  endfacet
  facet normal -0.991446 0.130521 0
    outer loop
      vertex 7.87846 -41.8892 0
      vertex 7.96956 -41.1972 5
      vertex 7.96956 -41.1972 0
    endloop
  endfacet
  facet normal -0.991446 0.130521 0
    outer loop
      vertex 7.96956 -41.1972 5
      vertex 7.87846 -41.8892 0
      vertex 7.87846 -41.8892 5
    endloop
  endfacet
  facet normal -0.737302 0.675564 0
    outer loop
      vertex 5.65685 -46.1569 0
      vertex 6.12836 -45.6423 5
      vertex 6.12836 -45.6423 0
    endloop
  endfacet
  facet normal -0.737302 0.675564 0
    outer loop
      vertex 6.12836 -45.6423 5
      vertex 5.65685 -46.1569 0
      vertex 5.65685 -46.1569 5
    endloop
  endfacet
  facet normal 0.999048 0.0436188 0
    outer loop
      vertex -7.96956 -41.1972 5
      vertex -8 -40.5 0
      vertex -8 -40.5 5
    endloop
  endfacet
  facet normal 0.999048 0.0436188 0
    outer loop
      vertex -8 -40.5 0
      vertex -7.96956 -41.1972 5
      vertex -7.96956 -41.1972 0
    endloop
  endfacet
  facet normal -0.382585 -0.92392 0
    outer loop
      vertex 2.73616 -32.9825 0
      vertex 3.38095 -33.2495 5
      vertex 2.73616 -32.9825 5
    endloop
  endfacet
  facet normal -0.382585 -0.92392 -0
    outer loop
      vertex 3.38095 -33.2495 5
      vertex 2.73616 -32.9825 0
      vertex 3.38095 -33.2495 0
    endloop
  endfacet
  facet normal -0.999048 -0.0436188 0
    outer loop
      vertex 8 -40.5 0
      vertex 7.96956 -39.8028 5
      vertex 7.96956 -39.8028 0
    endloop
  endfacet
  facet normal -0.999048 -0.0436188 0
    outer loop
      vertex 7.96956 -39.8028 5
      vertex 8 -40.5 0
      vertex 8 -40.5 5
    endloop
  endfacet
  facet normal -0.843391 0.5373 0
    outer loop
      vertex 6.55322 -45.0886 0
      vertex 6.9282 -44.5 5
      vertex 6.9282 -44.5 0
    endloop
  endfacet
  facet normal -0.843391 0.5373 0
    outer loop
      vertex 6.9282 -44.5 5
      vertex 6.55322 -45.0886 0
      vertex 6.55322 -45.0886 5
    endloop
  endfacet
  facet normal 0.991446 0.130521 0
    outer loop
      vertex -7.87846 -41.8892 5
      vertex -7.96956 -41.1972 0
      vertex -7.96956 -41.1972 5
    endloop
  endfacet
  facet normal 0.991446 0.130521 0
    outer loop
      vertex -7.96956 -41.1972 0
      vertex -7.87846 -41.8892 5
      vertex -7.87846 -41.8892 0
    endloop
  endfacet
  facet normal -0.461797 -0.886986 0
    outer loop
      vertex 3.38095 -33.2495 0
      vertex 4 -33.5718 5
      vertex 3.38095 -33.2495 5
    endloop
  endfacet
  facet normal -0.461797 -0.886986 -0
    outer loop
      vertex 4 -33.5718 5
      vertex 3.38095 -33.2495 0
      vertex 4 -33.5718 0
    endloop
  endfacet
  facet normal 0.30075 -0.953703 0
    outer loop
      vertex -2.73616 -32.9825 0
      vertex -2.07055 -32.7726 5
      vertex -2.73616 -32.9825 5
    endloop
  endfacet
  facet normal 0.30075 -0.953703 0
    outer loop
      vertex -2.07055 -32.7726 5
      vertex -2.73616 -32.9825 0
      vertex -2.07055 -32.7726 0
    endloop
  endfacet
  facet normal -0.0435587 -0.999051 0
    outer loop
      vertex 0 -32.5 0
      vertex 0.697246 -32.5304 5
      vertex 0 -32.5 5
    endloop
  endfacet
  facet normal -0.0435587 -0.999051 -0
    outer loop
      vertex 0.697246 -32.5304 5
      vertex 0 -32.5 0
      vertex 0.697246 -32.5304 0
    endloop
  endfacet
  facet normal 0.461797 0.886986 -0
    outer loop
      vertex -3.38095 -47.7505 0
      vertex -4 -47.4282 5
      vertex -3.38095 -47.7505 5
    endloop
  endfacet
  facet normal 0.461797 0.886986 0
    outer loop
      vertex -4 -47.4282 5
      vertex -3.38095 -47.7505 0
      vertex -4 -47.4282 0
    endloop
  endfacet
  facet normal -0.130533 0.991444 0
    outer loop
      vertex 1.38918 -48.3785 0
      vertex 0.697246 -48.4696 5
      vertex 1.38918 -48.3785 5
    endloop
  endfacet
  facet normal -0.130533 0.991444 0
    outer loop
      vertex 0.697246 -48.4696 5
      vertex 1.38918 -48.3785 0
      vertex 0.697246 -48.4696 0
    endloop
  endfacet
  facet normal 0.537314 0.843382 -0
    outer loop
      vertex -4 -47.4282 0
      vertex -4.58861 -47.0532 5
      vertex -4 -47.4282 5
    endloop
  endfacet
  facet normal 0.537314 0.843382 0
    outer loop
      vertex -4.58861 -47.0532 5
      vertex -4 -47.4282 0
      vertex -4.58861 -47.0532 0
    endloop
  endfacet
  facet normal 0.2165 0.976283 -0
    outer loop
      vertex -1.38918 -48.3785 0
      vertex -2.07055 -48.2274 5
      vertex -1.38918 -48.3785 5
    endloop
  endfacet
  facet normal 0.2165 0.976283 0
    outer loop
      vertex -2.07055 -48.2274 5
      vertex -1.38918 -48.3785 0
      vertex -2.07055 -48.2274 0
    endloop
  endfacet
  facet normal 0.79336 -0.608753 0
    outer loop
      vertex -6.55322 -35.9114 5
      vertex -6.12836 -35.3577 0
      vertex -6.12836 -35.3577 5
    endloop
  endfacet
  facet normal 0.79336 -0.608753 0
    outer loop
      vertex -6.12836 -35.3577 0
      vertex -6.55322 -35.9114 5
      vertex -6.55322 -35.9114 0
    endloop
  endfacet
  facet normal -0.923861 -0.382728 0
    outer loop
      vertex 7.51754 -37.7638 0
      vertex 7.25046 -37.1191 5
      vertex 7.25046 -37.1191 0
    endloop
  endfacet
  facet normal -0.923861 -0.382728 0
    outer loop
      vertex 7.25046 -37.1191 5
      vertex 7.51754 -37.7638 0
      vertex 7.51754 -37.7638 5
    endloop
  endfacet
  facet normal -0.608706 -0.793396 0
    outer loop
      vertex 4.58861 -33.9468 0
      vertex 5.1423 -34.3716 5
      vertex 4.58861 -33.9468 5
    endloop
  endfacet
  facet normal -0.608706 -0.793396 -0
    outer loop
      vertex 5.1423 -34.3716 5
      vertex 4.58861 -33.9468 0
      vertex 5.1423 -34.3716 0
    endloop
  endfacet
  facet normal -0.79336 0.608753 0
    outer loop
      vertex 6.12836 -45.6423 0
      vertex 6.55322 -45.0886 5
      vertex 6.55322 -45.0886 0
    endloop
  endfacet
  facet normal -0.79336 0.608753 0
    outer loop
      vertex 6.55322 -45.0886 5
      vertex 6.12836 -45.6423 0
      vertex 6.12836 -45.6423 5
    endloop
  endfacet
  facet normal 0.608706 -0.793396 0
    outer loop
      vertex -5.1423 -34.3716 0
      vertex -4.58861 -33.9468 5
      vertex -5.1423 -34.3716 5
    endloop
  endfacet
  facet normal 0.608706 -0.793396 0
    outer loop
      vertex -4.58861 -33.9468 5
      vertex -5.1423 -34.3716 0
      vertex -4.58861 -33.9468 0
    endloop
  endfacet
  facet normal -0.79336 -0.608753 0
    outer loop
      vertex 6.55322 -35.9114 0
      vertex 6.12836 -35.3577 5
      vertex 6.12836 -35.3577 0
    endloop
  endfacet
  facet normal -0.79336 -0.608753 0
    outer loop
      vertex 6.12836 -35.3577 5
      vertex 6.55322 -35.9114 0
      vertex 6.55322 -35.9114 5
    endloop
  endfacet
  facet normal 0.675592 0.737276 -0
    outer loop
      vertex -5.1423 -46.6284 0
      vertex -5.65685 -46.1569 5
      vertex -5.1423 -46.6284 5
    endloop
  endfacet
  facet normal 0.675592 0.737276 0
    outer loop
      vertex -5.65685 -46.1569 5
      vertex -5.1423 -46.6284 0
      vertex -5.65685 -46.1569 0
    endloop
  endfacet
  facet normal 0.843391 0.5373 0
    outer loop
      vertex -6.55322 -45.0886 5
      vertex -6.9282 -44.5 0
      vertex -6.9282 -44.5 5
    endloop
  endfacet
  facet normal 0.843391 0.5373 0
    outer loop
      vertex -6.9282 -44.5 0
      vertex -6.55322 -45.0886 5
      vertex -6.55322 -45.0886 0
    endloop
  endfacet
  facet normal -0.991446 -0.130521 0
    outer loop
      vertex 7.96956 -39.8028 0
      vertex 7.87846 -39.1108 5
      vertex 7.87846 -39.1108 0
    endloop
  endfacet
  facet normal -0.991446 -0.130521 0
    outer loop
      vertex 7.87846 -39.1108 5
      vertex 7.96956 -39.8028 0
      vertex 7.96956 -39.8028 5
    endloop
  endfacet
  facet normal -0.461797 0.886986 0
    outer loop
      vertex 4 -47.4282 0
      vertex 3.38095 -47.7505 5
      vertex 4 -47.4282 5
    endloop
  endfacet
  facet normal -0.461797 0.886986 0
    outer loop
      vertex 3.38095 -47.7505 5
      vertex 4 -47.4282 0
      vertex 3.38095 -47.7505 0
    endloop
  endfacet
  facet normal -0.953714 0.300715 0
    outer loop
      vertex 7.51754 -43.2362 0
      vertex 7.72741 -42.5706 5
      vertex 7.72741 -42.5706 0
    endloop
  endfacet
  facet normal -0.953714 0.300715 0
    outer loop
      vertex 7.72741 -42.5706 5
      vertex 7.51754 -43.2362 0
      vertex 7.51754 -43.2362 5
    endloop
  endfacet
  facet normal 0.737302 0.675564 0
    outer loop
      vertex -5.65685 -46.1569 5
      vertex -6.12836 -45.6423 0
      vertex -6.12836 -45.6423 5
    endloop
  endfacet
  facet normal 0.737302 0.675564 0
    outer loop
      vertex -6.12836 -45.6423 0
      vertex -5.65685 -46.1569 5
      vertex -5.65685 -46.1569 0
    endloop
  endfacet
  facet normal 0.953714 0.300715 0
    outer loop
      vertex -7.51754 -43.2362 5
      vertex -7.72741 -42.5706 0
      vertex -7.72741 -42.5706 5
    endloop
  endfacet
  facet normal 0.953714 0.300715 0
    outer loop
      vertex -7.72741 -42.5706 0
      vertex -7.51754 -43.2362 5
      vertex -7.51754 -43.2362 0
    endloop
  endfacet
  facet normal -0.843391 -0.5373 0
    outer loop
      vertex 6.9282 -36.5 0
      vertex 6.55322 -35.9114 5
      vertex 6.55322 -35.9114 0
    endloop
  endfacet
  facet normal -0.843391 -0.5373 0
    outer loop
      vertex 6.55322 -35.9114 5
      vertex 6.9282 -36.5 0
      vertex 6.9282 -36.5 5
    endloop
  endfacet
  facet normal 0.923861 0.382728 0
    outer loop
      vertex -7.25046 -43.8809 5
      vertex -7.51754 -43.2362 0
      vertex -7.51754 -43.2362 5
    endloop
  endfacet
  facet normal 0.923861 0.382728 0
    outer loop
      vertex -7.51754 -43.2362 0
      vertex -7.25046 -43.8809 5
      vertex -7.25046 -43.8809 0
    endloop
  endfacet
  facet normal -0.737302 -0.675564 0
    outer loop
      vertex 6.12836 -35.3577 0
      vertex 5.65685 -34.8431 5
      vertex 5.65685 -34.8431 0
    endloop
  endfacet
  facet normal -0.737302 -0.675564 0
    outer loop
      vertex 5.65685 -34.8431 5
      vertex 6.12836 -35.3577 0
      vertex 6.12836 -35.3577 5
    endloop
  endfacet
  facet normal -0.537314 0.843382 0
    outer loop
      vertex 4.58861 -47.0532 0
      vertex 4 -47.4282 5
      vertex 4.58861 -47.0532 5
    endloop
  endfacet
  facet normal -0.537314 0.843382 0
    outer loop
      vertex 4 -47.4282 5
      vertex 4.58861 -47.0532 0
      vertex 4 -47.4282 0
    endloop
  endfacet
  facet normal -0.923861 0.382728 0
    outer loop
      vertex 7.25046 -43.8809 0
      vertex 7.51754 -43.2362 5
      vertex 7.51754 -43.2362 0
    endloop
  endfacet
  facet normal -0.923861 0.382728 0
    outer loop
      vertex 7.51754 -43.2362 5
      vertex 7.25046 -43.8809 0
      vertex 7.25046 -43.8809 5
    endloop
  endfacet
  facet normal 0.130533 0.991444 -0
    outer loop
      vertex -0.697246 -48.4696 0
      vertex -1.38918 -48.3785 5
      vertex -0.697246 -48.4696 5
    endloop
  endfacet
  facet normal 0.130533 0.991444 0
    outer loop
      vertex -1.38918 -48.3785 5
      vertex -0.697246 -48.4696 0
      vertex -1.38918 -48.3785 0
    endloop
  endfacet
  facet normal 0.2165 -0.976283 0
    outer loop
      vertex -2.07055 -32.7726 0
      vertex -1.38918 -32.6215 5
      vertex -2.07055 -32.7726 5
    endloop
  endfacet
  facet normal 0.2165 -0.976283 0
    outer loop
      vertex -1.38918 -32.6215 5
      vertex -2.07055 -32.7726 0
      vertex -1.38918 -32.6215 0
    endloop
  endfacet
  facet normal -0.675592 -0.737276 0
    outer loop
      vertex 5.1423 -34.3716 0
      vertex 5.65685 -34.8431 5
      vertex 5.1423 -34.3716 5
    endloop
  endfacet
  facet normal -0.675592 -0.737276 -0
    outer loop
      vertex 5.65685 -34.8431 5
      vertex 5.1423 -34.3716 0
      vertex 5.65685 -34.8431 0
    endloop
  endfacet
  facet normal 0.79336 0.608753 0
    outer loop
      vertex -6.12836 -45.6423 5
      vertex -6.55322 -45.0886 0
      vertex -6.55322 -45.0886 5
    endloop
  endfacet
  facet normal 0.79336 0.608753 0
    outer loop
      vertex -6.55322 -45.0886 0
      vertex -6.12836 -45.6423 5
      vertex -6.12836 -45.6423 0
    endloop
  endfacet
  facet normal 0.737302 -0.675564 0
    outer loop
      vertex -6.12836 -35.3577 5
      vertex -5.65685 -34.8431 0
      vertex -5.65685 -34.8431 5
    endloop
  endfacet
  facet normal 0.737302 -0.675564 0
    outer loop
      vertex -5.65685 -34.8431 0
      vertex -6.12836 -35.3577 5
      vertex -6.12836 -35.3577 0
    endloop
  endfacet
  facet normal -0.887024 -0.461723 0
    outer loop
      vertex 7.25046 -37.1191 0
      vertex 6.9282 -36.5 5
      vertex 6.9282 -36.5 0
    endloop
  endfacet
  facet normal -0.887024 -0.461723 0
    outer loop
      vertex 6.9282 -36.5 5
      vertex 7.25046 -37.1191 0
      vertex 7.25046 -37.1191 5
    endloop
  endfacet
  facet normal -0.537314 -0.843382 0
    outer loop
      vertex 4 -33.5718 0
      vertex 4.58861 -33.9468 5
      vertex 4 -33.5718 5
    endloop
  endfacet
  facet normal -0.537314 -0.843382 -0
    outer loop
      vertex 4.58861 -33.9468 5
      vertex 4 -33.5718 0
      vertex 4.58861 -33.9468 0
    endloop
  endfacet
  facet normal 0.9763 0.216422 0
    outer loop
      vertex -7.72741 -42.5706 5
      vertex -7.87846 -41.8892 0
      vertex -7.87846 -41.8892 5
    endloop
  endfacet
  facet normal 0.9763 0.216422 0
    outer loop
      vertex -7.87846 -41.8892 0
      vertex -7.72741 -42.5706 5
      vertex -7.72741 -42.5706 0
    endloop
  endfacet
  facet normal 0.537314 -0.843382 0
    outer loop
      vertex -4.58861 -33.9468 0
      vertex -4 -33.5718 5
      vertex -4.58861 -33.9468 5
    endloop
  endfacet
  facet normal 0.537314 -0.843382 0
    outer loop
      vertex -4 -33.5718 5
      vertex -4.58861 -33.9468 0
      vertex -4 -33.5718 0
    endloop
  endfacet
  facet normal 0.999048 -0.0436188 0
    outer loop
      vertex -8 -40.5 5
      vertex -7.96956 -39.8028 0
      vertex -7.96956 -39.8028 5
    endloop
  endfacet
  facet normal 0.999048 -0.0436188 0
    outer loop
      vertex -7.96956 -39.8028 0
      vertex -8 -40.5 5
      vertex -8 -40.5 0
    endloop
  endfacet
  facet normal 0.130533 -0.991444 0
    outer loop
      vertex -1.38918 -32.6215 0
      vertex -0.697246 -32.5304 5
      vertex -1.38918 -32.6215 5
    endloop
  endfacet
  facet normal 0.130533 -0.991444 0
    outer loop
      vertex -0.697246 -32.5304 5
      vertex -1.38918 -32.6215 0
      vertex -0.697246 -32.5304 0
    endloop
  endfacet
  facet normal -0.675592 0.737276 0
    outer loop
      vertex 5.65685 -46.1569 0
      vertex 5.1423 -46.6284 5
      vertex 5.65685 -46.1569 5
    endloop
  endfacet
  facet normal -0.675592 0.737276 0
    outer loop
      vertex 5.1423 -46.6284 5
      vertex 5.65685 -46.1569 0
      vertex 5.1423 -46.6284 0
    endloop
  endfacet
  facet normal -0.887024 0.461723 0
    outer loop
      vertex 6.9282 -44.5 0
      vertex 7.25046 -43.8809 5
      vertex 7.25046 -43.8809 0
    endloop
  endfacet
  facet normal -0.887024 0.461723 0
    outer loop
      vertex 7.25046 -43.8809 5
      vertex 6.9282 -44.5 0
      vertex 6.9282 -44.5 5
    endloop
  endfacet
  facet normal -0.130533 -0.991444 0
    outer loop
      vertex 0.697246 -32.5304 0
      vertex 1.38918 -32.6215 5
      vertex 0.697246 -32.5304 5
    endloop
  endfacet
  facet normal -0.130533 -0.991444 -0
    outer loop
      vertex 1.38918 -32.6215 5
      vertex 0.697246 -32.5304 0
      vertex 1.38918 -32.6215 0
    endloop
  endfacet
  facet normal -0.2165 -0.976283 0
    outer loop
      vertex 1.38918 -32.6215 0
      vertex 2.07055 -32.7726 5
      vertex 1.38918 -32.6215 5
    endloop
  endfacet
  facet normal -0.2165 -0.976283 -0
    outer loop
      vertex 2.07055 -32.7726 5
      vertex 1.38918 -32.6215 0
      vertex 2.07055 -32.7726 0
    endloop
  endfacet
  facet normal -0.9763 0.216422 0
    outer loop
      vertex 7.72741 -42.5706 0
      vertex 7.87846 -41.8892 5
      vertex 7.87846 -41.8892 0
    endloop
  endfacet
  facet normal -0.9763 0.216422 0
    outer loop
      vertex 7.87846 -41.8892 5
      vertex 7.72741 -42.5706 0
      vertex 7.72741 -42.5706 5
    endloop
  endfacet
  facet normal -0.30075 -0.953703 0
    outer loop
      vertex 2.07055 -32.7726 0
      vertex 2.73616 -32.9825 5
      vertex 2.07055 -32.7726 5
    endloop
  endfacet
  facet normal -0.30075 -0.953703 -0
    outer loop
      vertex 2.73616 -32.9825 5
      vertex 2.07055 -32.7726 0
      vertex 2.73616 -32.9825 0
    endloop
  endfacet
  facet normal 0.461797 -0.886986 0
    outer loop
      vertex -4 -33.5718 0
      vertex -3.38095 -33.2495 5
      vertex -4 -33.5718 5
    endloop
  endfacet
  facet normal 0.461797 -0.886986 0
    outer loop
      vertex -3.38095 -33.2495 5
      vertex -4 -33.5718 0
      vertex -3.38095 -33.2495 0
    endloop
  endfacet
  facet normal -0.382585 0.92392 0
    outer loop
      vertex 3.38095 -47.7505 0
      vertex 2.73616 -48.0175 5
      vertex 3.38095 -47.7505 5
    endloop
  endfacet
  facet normal -0.382585 0.92392 0
    outer loop
      vertex 2.73616 -48.0175 5
      vertex 3.38095 -47.7505 0
      vertex 2.73616 -48.0175 0
    endloop
  endfacet
  facet normal 0.9763 -0.216422 0
    outer loop
      vertex -7.87846 -39.1108 5
      vertex -7.72741 -38.4294 0
      vertex -7.72741 -38.4294 5
    endloop
  endfacet
  facet normal 0.9763 -0.216422 0
    outer loop
      vertex -7.72741 -38.4294 0
      vertex -7.87846 -39.1108 5
      vertex -7.87846 -39.1108 0
    endloop
  endfacet
  facet normal 0.382585 0.92392 -0
    outer loop
      vertex -2.73616 -48.0175 0
      vertex -3.38095 -47.7505 5
      vertex -2.73616 -48.0175 5
    endloop
  endfacet
  facet normal 0.382585 0.92392 0
    outer loop
      vertex -3.38095 -47.7505 5
      vertex -2.73616 -48.0175 0
      vertex -3.38095 -47.7505 0
    endloop
  endfacet
  facet normal 0.991446 -0.130521 0
    outer loop
      vertex -7.96956 -39.8028 5
      vertex -7.87846 -39.1108 0
      vertex -7.87846 -39.1108 5
    endloop
  endfacet
  facet normal 0.991446 -0.130521 0
    outer loop
      vertex -7.87846 -39.1108 0
      vertex -7.96956 -39.8028 5
      vertex -7.96956 -39.8028 0
    endloop
  endfacet
  facet normal 0.923861 -0.382728 0
    outer loop
      vertex -7.51754 -37.7638 5
      vertex -7.25046 -37.1191 0
      vertex -7.25046 -37.1191 5
    endloop
  endfacet
  facet normal 0.923861 -0.382728 0
    outer loop
      vertex -7.25046 -37.1191 0
      vertex -7.51754 -37.7638 5
      vertex -7.51754 -37.7638 0
    endloop
  endfacet
  facet normal 0.843391 -0.5373 0
    outer loop
      vertex -6.9282 -36.5 5
      vertex -6.55322 -35.9114 0
      vertex -6.55322 -35.9114 5
    endloop
  endfacet
  facet normal 0.843391 -0.5373 0
    outer loop
      vertex -6.55322 -35.9114 0
      vertex -6.9282 -36.5 5
      vertex -6.9282 -36.5 0
    endloop
  endfacet
  facet normal 0.887022 0.461728 0
    outer loop
      vertex -3.61566 -2.0875 14
      vertex -3.78383 -1.76443 0
      vertex -3.78383 -1.76443 14
    endloop
  endfacet
  facet normal 0.887022 0.461728 0
    outer loop
      vertex -3.78383 -1.76443 0
      vertex -3.61566 -2.0875 14
      vertex -3.61566 -2.0875 0
    endloop
  endfacet
  facet normal -0.991357 -0.131191 0
    outer loop
      vertex 4.11157 0.72498 0
      vertex 4.11263 0.71697 7.97606
      vertex 4.11157 0.72498 7.98221
    endloop
  endfacet
  facet normal -0.991456 -0.130441 7.66121e-07
    outer loop
      vertex 4.11157 0.72498 0
      vertex 4.12473 0.625 7.91747
      vertex 4.11263 0.71697 7.97606
    endloop
  endfacet
  facet normal -0.991437 -0.130583 -1.0519e-06
    outer loop
      vertex 4.11157 0.72498 0
      vertex 4.13747 0.528273 7.86712
      vertex 4.12473 0.625 7.91747
    endloop
  endfacet
  facet normal -0.99145 -0.130491 1.28558e-06
    outer loop
      vertex 4.11157 0.72498 0
      vertex 4.15073 0.427525 7.82538
      vertex 4.13747 0.528273 7.86712
    endloop
  endfacet
  facet normal -0.991445 -0.130525 -0
    outer loop
      vertex 4.15911 0.363874 7.80532
      vertex 4.11157 0.72498 0
      vertex 4.15911 0.363874 0
    endloop
  endfacet
  facet normal -0.991444 -0.130529 -1.9618e-07
    outer loop
      vertex 4.11157 0.72498 0
      vertex 4.15911 0.363874 7.80532
      vertex 4.15073 0.427525 7.82538
    endloop
  endfacet
  facet normal -0.991357 -0.131191 0
    outer loop
      vertex 4.11263 0.71697 10.0239
      vertex 4.11157 0.72498 14
      vertex 4.11157 0.72498 10.0178
    endloop
  endfacet
  facet normal -0.991456 -0.130442 -1.53585e-06
    outer loop
      vertex 4.12473 0.625 10.0825
      vertex 4.11157 0.72498 14
      vertex 4.11263 0.71697 10.0239
    endloop
  endfacet
  facet normal -0.991438 -0.130582 2.11184e-06
    outer loop
      vertex 4.13747 0.528273 10.1329
      vertex 4.11157 0.72498 14
      vertex 4.12473 0.625 10.0825
    endloop
  endfacet
  facet normal -0.991449 -0.130491 -2.58795e-06
    outer loop
      vertex 4.15073 0.427525 10.1746
      vertex 4.11157 0.72498 14
      vertex 4.13747 0.528273 10.1329
    endloop
  endfacet
  facet normal -0.991445 -0.130529 3.96388e-07
    outer loop
      vertex 4.15911 0.363874 10.1947
      vertex 4.11157 0.72498 14
      vertex 4.15073 0.427525 10.1746
    endloop
  endfacet
  facet normal -0.991445 -0.130525 0
    outer loop
      vertex 4.11157 0.72498 14
      vertex 4.15911 0.363874 10.1947
      vertex 4.15911 0.363874 14
    endloop
  endfacet
  facet normal -0.99905 -0.0435769 0
    outer loop
      vertex 4.15911 0.363874 0
      vertex 4.16087 0.323524 7.79259
      vertex 4.15911 0.363874 7.80532
    endloop
  endfacet
  facet normal -0.999048 -0.0436351 -3.01741e-07
    outer loop
      vertex 4.15911 0.363874 0
      vertex 4.16552 0.21706 7.76899
      vertex 4.16087 0.323524 7.79259
    endloop
  endfacet
  facet normal -0.999048 -0.0436153 7.29436e-08
    outer loop
      vertex 4.15911 0.363874 0
      vertex 4.17024 0.108944 7.75476
      vertex 4.16552 0.21706 7.76899
    endloop
  endfacet
  facet normal -0.999048 -0.0436274 -0
    outer loop
      vertex 4.175 0 7.75
      vertex 4.15911 0.363874 0
      vertex 4.175 0 0
    endloop
  endfacet
  facet normal -0.999047 -0.0436505 -1.08647e-06
    outer loop
      vertex 4.15911 0.363874 0
      vertex 4.175 0 7.75
      vertex 4.17024 0.108944 7.75476
    endloop
  endfacet
  facet normal -0.99905 -0.0435769 0
    outer loop
      vertex 4.16087 0.323524 10.2074
      vertex 4.15911 0.363874 14
      vertex 4.15911 0.363874 10.1947
    endloop
  endfacet
  facet normal -0.999048 -0.043635 6.19234e-07
    outer loop
      vertex 4.16552 0.21706 10.231
      vertex 4.15911 0.363874 14
      vertex 4.16087 0.323524 10.2074
    endloop
  endfacet
  facet normal -0.999048 -0.0436153 -1.49964e-07
    outer loop
      vertex 4.17024 0.108944 10.2452
      vertex 4.15911 0.363874 14
      vertex 4.16552 0.21706 10.231
    endloop
  endfacet
  facet normal -0.999047 -0.0436505 -0
    outer loop
      vertex 4.175 0 14
      vertex 4.17024 0.108944 10.2452
      vertex 4.175 0 10.25
    endloop
  endfacet
  facet normal -0.999048 -0.0436274 6.72782e-07
    outer loop
      vertex 4.17024 0.108944 10.2452
      vertex 4.175 0 14
      vertex 4.15911 0.363874 14
    endloop
  endfacet
  facet normal -0.976313 -0.216365 0
    outer loop
      vertex 4.03274 1.08057 0
      vertex 4.04529 1.02394 8.28303
      vertex 4.03274 1.08057 8.37192
    endloop
  endfacet
  facet normal -0.976288 -0.216478 -8.12769e-07
    outer loop
      vertex 4.03274 1.08057 0
      vertex 4.06001 0.957555 8.19652
      vertex 4.04529 1.02394 8.28303
    endloop
  endfacet
  facet normal -0.976303 -0.216406 3.18926e-07
    outer loop
      vertex 4.03274 1.08057 0
      vertex 4.07634 0.883883 8.11612
      vertex 4.06001 0.957555 8.19652
    endloop
  endfacet
  facet normal -0.976281 -0.216507 -2.24349e-06
    outer loop
      vertex 4.03274 1.08057 0
      vertex 4.09417 0.803484 8.04244
      vertex 4.07634 0.883883 8.11612
    endloop
  endfacet
  facet normal -0.976297 -0.216433 -0
    outer loop
      vertex 4.11157 0.72498 7.98221
      vertex 4.03274 1.08057 0
      vertex 4.11157 0.72498 0
    endloop
  endfacet
  facet normal -0.976306 -0.216394 1.81434e-06
    outer loop
      vertex 4.03274 1.08057 0
      vertex 4.11157 0.72498 7.98221
      vertex 4.09417 0.803484 8.04244
    endloop
  endfacet
  facet normal -0.976313 -0.216365 0
    outer loop
      vertex 4.04529 1.02394 9.71697
      vertex 4.03274 1.08057 14
      vertex 4.03274 1.08057 9.62808
    endloop
  endfacet
  facet normal -0.976288 -0.216477 1.55897e-06
    outer loop
      vertex 4.06001 0.957555 9.80348
      vertex 4.03274 1.08057 14
      vertex 4.04529 1.02394 9.71697
    endloop
  endfacet
  facet normal -0.976303 -0.216406 -6.13494e-07
    outer loop
      vertex 4.07634 0.883883 9.88388
      vertex 4.03274 1.08057 14
      vertex 4.06001 0.957555 9.80348
    endloop
  endfacet
  facet normal -0.976282 -0.216505 4.33225e-06
    outer loop
      vertex 4.09417 0.803484 9.95755
      vertex 4.03274 1.08057 14
      vertex 4.07634 0.883883 9.88388
    endloop
  endfacet
  facet normal -0.976306 -0.216396 -3.51986e-06
    outer loop
      vertex 4.11157 0.72498 10.0178
      vertex 4.03274 1.08057 14
      vertex 4.09417 0.803484 9.95755
    endloop
  endfacet
  facet normal -0.976297 -0.216433 0
    outer loop
      vertex 4.03274 1.08057 14
      vertex 4.11157 0.72498 10.0178
      vertex 4.11157 0.72498 14
    endloop
  endfacet
  facet normal 0.737267 -0.675602 0
    outer loop
      vertex -3.19824 2.68364 14
      vertex -2.95217 2.95217 0
      vertex -2.95217 2.95217 14
    endloop
  endfacet
  facet normal 0.737267 -0.675602 0
    outer loop
      vertex -2.95217 2.95217 0
      vertex -3.19824 2.68364 14
      vertex -3.19824 2.68364 0
    endloop
  endfacet
  facet normal 0.130525 -0.991445 0
    outer loop
      vertex -0.72498 4.11157 0
      vertex -0.363874 4.15911 14
      vertex -0.72498 4.11157 14
    endloop
  endfacet
  facet normal 0.130525 -0.991445 0
    outer loop
      vertex -0.363874 4.15911 14
      vertex -0.72498 4.11157 0
      vertex -0.363874 4.15911 0
    endloop
  endfacet
  facet normal -0.923873 -0.3827 0
    outer loop
      vertex 3.92322 1.42793 0
      vertex 3.78383 1.76443 14
      vertex 3.78383 1.76443 0
    endloop
  endfacet
  facet normal -0.923873 -0.3827 0
    outer loop
      vertex 3.78383 1.76443 14
      vertex 3.92322 1.42793 0
      vertex 3.92322 1.42793 14
    endloop
  endfacet
  facet normal -0.537309 -0.843386 0
    outer loop
      vertex 2.0875 3.61566 0
      vertex 2.39468 3.41996 14
      vertex 2.0875 3.61566 14
    endloop
  endfacet
  facet normal -0.537309 -0.843386 -0
    outer loop
      vertex 2.39468 3.41996 14
      vertex 2.0875 3.61566 0
      vertex 2.39468 3.41996 0
    endloop
  endfacet
  facet normal -0.461728 0.887022 0
    outer loop
      vertex 2.0875 -3.61566 0
      vertex 1.76443 -3.78383 14
      vertex 2.0875 -3.61566 14
    endloop
  endfacet
  facet normal -0.461728 0.887022 0
    outer loop
      vertex 1.76443 -3.78383 14
      vertex 2.0875 -3.61566 0
      vertex 1.76443 -3.78383 0
    endloop
  endfacet
  facet normal 0.953719 -0.3007 0
    outer loop
      vertex -4.03274 1.08057 14
      vertex -3.92322 1.42793 0
      vertex -3.92322 1.42793 14
    endloop
  endfacet
  facet normal 0.953719 -0.3007 0
    outer loop
      vertex -3.92322 1.42793 0
      vertex -4.03274 1.08057 14
      vertex -4.03274 1.08057 0
    endloop
  endfacet
  facet normal 0.461728 0.887022 -0
    outer loop
      vertex -1.76443 -3.78383 0
      vertex -2.0875 -3.61566 14
      vertex -1.76443 -3.78383 14
    endloop
  endfacet
  facet normal 0.461728 0.887022 0
    outer loop
      vertex -2.0875 -3.61566 14
      vertex -1.76443 -3.78383 0
      vertex -2.0875 -3.61566 0
    endloop
  endfacet
  facet normal 0.3007 -0.953719 0
    outer loop
      vertex -1.42793 3.92322 0
      vertex -1.08057 4.03274 14
      vertex -1.42793 3.92322 14
    endloop
  endfacet
  facet normal 0.3007 -0.953719 0
    outer loop
      vertex -1.08057 4.03274 14
      vertex -1.42793 3.92322 0
      vertex -1.08057 4.03274 0
    endloop
  endfacet
  facet normal -0.216433 0.976297 0
    outer loop
      vertex 1.08057 -4.03274 0
      vertex 0.72498 -4.11157 14
      vertex 1.08057 -4.03274 14
    endloop
  endfacet
  facet normal -0.216433 0.976297 0
    outer loop
      vertex 0.72498 -4.11157 14
      vertex 1.08057 -4.03274 0
      vertex 0.72498 -4.11157 0
    endloop
  endfacet
  facet normal -0.60875 0.793362 0
    outer loop
      vertex 2.68364 -3.19824 0
      vertex 2.39468 -3.41996 14
      vertex 2.68364 -3.19824 14
    endloop
  endfacet
  facet normal -0.60875 0.793362 0
    outer loop
      vertex 2.39468 -3.41996 14
      vertex 2.68364 -3.19824 0
      vertex 2.39468 -3.41996 0
    endloop
  endfacet
  facet normal 0.130525 0.991445 -0
    outer loop
      vertex -0.363874 -4.15911 0
      vertex -0.72498 -4.11157 14
      vertex -0.363874 -4.15911 14
    endloop
  endfacet
  facet normal 0.130525 0.991445 0
    outer loop
      vertex -0.72498 -4.11157 14
      vertex -0.363874 -4.15911 0
      vertex -0.72498 -4.11157 0
    endloop
  endfacet
  facet normal 0.60875 -0.793362 0
    outer loop
      vertex -2.68364 3.19824 0
      vertex -2.39468 3.41996 14
      vertex -2.68364 3.19824 14
    endloop
  endfacet
  facet normal 0.60875 -0.793362 0
    outer loop
      vertex -2.39468 3.41996 14
      vertex -2.68364 3.19824 0
      vertex -2.39468 3.41996 0
    endloop
  endfacet
  facet normal -0.0436274 0.999048 0
    outer loop
      vertex 0.363874 -4.15911 0
      vertex 0 -4.175 14
      vertex 0.363874 -4.15911 14
    endloop
  endfacet
  facet normal -0.0436274 0.999048 0
    outer loop
      vertex 0 -4.175 14
      vertex 0.363874 -4.15911 0
      vertex 0 -4.175 0
    endloop
  endfacet
  facet normal 0.793362 -0.60875 0
    outer loop
      vertex -3.41996 2.39468 14
      vertex -3.19824 2.68364 0
      vertex -3.19824 2.68364 14
    endloop
  endfacet
  facet normal 0.793362 -0.60875 0
    outer loop
      vertex -3.19824 2.68364 0
      vertex -3.41996 2.39468 14
      vertex -3.41996 2.39468 0
    endloop
  endfacet
  facet normal -0.887022 -0.461728 0
    outer loop
      vertex 3.78383 1.76443 0
      vertex 3.61566 2.0875 14
      vertex 3.61566 2.0875 0
    endloop
  endfacet
  facet normal -0.887022 -0.461728 0
    outer loop
      vertex 3.61566 2.0875 14
      vertex 3.78383 1.76443 0
      vertex 3.78383 1.76443 14
    endloop
  endfacet
  facet normal -0.3007 -0.953719 0
    outer loop
      vertex 1.08057 4.03274 0
      vertex 1.42793 3.92322 14
      vertex 1.08057 4.03274 14
    endloop
  endfacet
  facet normal -0.3007 -0.953719 -0
    outer loop
      vertex 1.42793 3.92322 14
      vertex 1.08057 4.03274 0
      vertex 1.42793 3.92322 0
    endloop
  endfacet
  facet normal 0.953719 0.3007 0
    outer loop
      vertex -3.92322 -1.42793 14
      vertex -4.03274 -1.08057 0
      vertex -4.03274 -1.08057 14
    endloop
  endfacet
  facet normal 0.953719 0.3007 0
    outer loop
      vertex -4.03274 -1.08057 0
      vertex -3.92322 -1.42793 14
      vertex -3.92322 -1.42793 0
    endloop
  endfacet
  facet normal 0.461728 -0.887022 0
    outer loop
      vertex -2.0875 3.61566 0
      vertex -1.76443 3.78383 14
      vertex -2.0875 3.61566 14
    endloop
  endfacet
  facet normal 0.461728 -0.887022 0
    outer loop
      vertex -1.76443 3.78383 14
      vertex -2.0875 3.61566 0
      vertex -1.76443 3.78383 0
    endloop
  endfacet
  facet normal 0.923873 -0.3827 0
    outer loop
      vertex -3.92322 1.42793 14
      vertex -3.78383 1.76443 0
      vertex -3.78383 1.76443 14
    endloop
  endfacet
  facet normal 0.923873 -0.3827 0
    outer loop
      vertex -3.78383 1.76443 0
      vertex -3.92322 1.42793 14
      vertex -3.92322 1.42793 0
    endloop
  endfacet
  facet normal -0.60875 -0.793362 0
    outer loop
      vertex 2.39468 3.41996 0
      vertex 2.68364 3.19824 14
      vertex 2.39468 3.41996 14
    endloop
  endfacet
  facet normal -0.60875 -0.793362 -0
    outer loop
      vertex 2.68364 3.19824 14
      vertex 2.39468 3.41996 0
      vertex 2.68364 3.19824 0
    endloop
  endfacet
  facet normal -0.793362 0.60875 0
    outer loop
      vertex 3.19824 -2.68364 0
      vertex 3.41996 -2.39468 14
      vertex 3.41996 -2.39468 0
    endloop
  endfacet
  facet normal -0.793362 0.60875 0
    outer loop
      vertex 3.41996 -2.39468 14
      vertex 3.19824 -2.68364 0
      vertex 3.19824 -2.68364 14
    endloop
  endfacet
  facet normal -0.793362 -0.60875 0
    outer loop
      vertex 3.41996 2.39468 0
      vertex 3.19824 2.68364 14
      vertex 3.19824 2.68364 0
    endloop
  endfacet
  facet normal -0.793362 -0.60875 0
    outer loop
      vertex 3.19824 2.68364 14
      vertex 3.41996 2.39468 0
      vertex 3.41996 2.39468 14
    endloop
  endfacet
  facet normal 0.976297 -0.216433 0
    outer loop
      vertex -4.11157 0.72498 14
      vertex -4.03274 1.08057 0
      vertex -4.03274 1.08057 14
    endloop
  endfacet
  facet normal 0.976297 -0.216433 0
    outer loop
      vertex -4.03274 1.08057 0
      vertex -4.11157 0.72498 14
      vertex -4.11157 0.72498 0
    endloop
  endfacet
  facet normal 0.0436274 -0.999048 0
    outer loop
      vertex -0.363874 4.15911 0
      vertex 0 4.175 14
      vertex -0.363874 4.15911 14
    endloop
  endfacet
  facet normal 0.0436274 -0.999048 0
    outer loop
      vertex 0 4.175 14
      vertex -0.363874 4.15911 0
      vertex 0 4.175 0
    endloop
  endfacet
  facet normal -0.130525 -0.991445 0
    outer loop
      vertex 0.363874 4.15911 0
      vertex 0.72498 4.11157 14
      vertex 0.363874 4.15911 14
    endloop
  endfacet
  facet normal -0.130525 -0.991445 -0
    outer loop
      vertex 0.72498 4.11157 14
      vertex 0.363874 4.15911 0
      vertex 0.72498 4.11157 0
    endloop
  endfacet
  facet normal 0.537309 -0.843386 0
    outer loop
      vertex -2.39468 3.41996 0
      vertex -2.0875 3.61566 14
      vertex -2.39468 3.41996 14
    endloop
  endfacet
  facet normal 0.537309 -0.843386 0
    outer loop
      vertex -2.0875 3.61566 14
      vertex -2.39468 3.41996 0
      vertex -2.0875 3.61566 0
    endloop
  endfacet
  facet normal 0.976297 0.216433 0
    outer loop
      vertex -4.03274 -1.08057 14
      vertex -4.11157 -0.72498 0
      vertex -4.11157 -0.72498 14
    endloop
  endfacet
  facet normal 0.976297 0.216433 0
    outer loop
      vertex -4.11157 -0.72498 0
      vertex -4.03274 -1.08057 14
      vertex -4.03274 -1.08057 0
    endloop
  endfacet
  facet normal -0.953719 0.3007 0
    outer loop
      vertex 3.92322 -1.42793 0
      vertex 4.03274 -1.08057 8.37192
      vertex 4.03274 -1.08057 0
    endloop
  endfacet
  facet normal -0.953453 0.301542 -3.84025e-05
    outer loop
      vertex 4.03274 -1.08057 8.37192
      vertex 3.92322 -1.42793 0
      vertex 4.03212 -1.08253 8.375
    endloop
  endfacet
  facet normal -0.953694 0.30078 -3.84963e-06
    outer loop
      vertex 4.03212 -1.08253 8.375
      vertex 3.92322 -1.42793 0
      vertex 4.01624 -1.13288 8.47173
    endloop
  endfacet
  facet normal -0.953762 0.300562 4.52208e-06
    outer loop
      vertex 4.01624 -1.13288 8.47173
      vertex 3.92322 -1.42793 0
      vertex 4.00309 -1.17461 8.57247
    endloop
  endfacet
  facet normal -0.953731 0.300662 1.26285e-06
    outer loop
      vertex 4.00309 -1.17461 8.57247
      vertex 3.92322 -1.42793 0
      vertex 3.99275 -1.20741 8.67648
    endloop
  endfacet
  facet normal -0.953728 0.300671 9.99519e-07
    outer loop
      vertex 3.99275 -1.20741 8.67648
      vertex 3.92322 -1.42793 0
      vertex 3.98531 -1.23101 8.78294
    endloop
  endfacet
  facet normal -0.953662 0.300878 -4.10811e-06
    outer loop
      vertex 3.98531 -1.23101 8.78294
      vertex 3.92322 -1.42793 0
      vertex 3.98082 -1.24524 8.89106
    endloop
  endfacet
  facet normal -0.95375 0.300601 2.16121e-06
    outer loop
      vertex 3.98082 -1.24524 8.89106
      vertex 3.92322 -1.42793 0
      vertex 3.97932 -1.25 9
    endloop
  endfacet
  facet normal -0.953467 0.301497 6.96392e-05
    outer loop
      vertex 3.92322 -1.42793 14
      vertex 4.03274 -1.08057 9.62808
      vertex 4.03212 -1.08253 9.625
    endloop
  endfacet
  facet normal -0.953695 0.300775 6.90577e-06
    outer loop
      vertex 3.92322 -1.42793 14
      vertex 4.03212 -1.08253 9.625
      vertex 4.01624 -1.13288 9.52827
    endloop
  endfacet
  facet normal -0.95376 0.300569 -8.01121e-06
    outer loop
      vertex 3.92322 -1.42793 14
      vertex 4.01624 -1.13288 9.52827
      vertex 4.00309 -1.17461 9.42752
    endloop
  endfacet
  facet normal -0.95373 0.300665 -2.20255e-06
    outer loop
      vertex 3.92322 -1.42793 14
      vertex 4.00309 -1.17461 9.42752
      vertex 3.99275 -1.20741 9.32352
    endloop
  endfacet
  facet normal -0.953727 0.300674 -1.70449e-06
    outer loop
      vertex 3.92322 -1.42793 14
      vertex 3.99275 -1.20741 9.32352
      vertex 3.98531 -1.23101 9.21706
    endloop
  endfacet
  facet normal -0.953668 0.30086 6.72514e-06
    outer loop
      vertex 3.92322 -1.42793 14
      vertex 3.98531 -1.23101 9.21706
      vertex 3.98082 -1.24524 9.10894
    endloop
  endfacet
  facet normal -0.953744 0.300621 -3.11409e-06
    outer loop
      vertex 3.92322 -1.42793 14
      vertex 3.98082 -1.24524 9.10894
      vertex 3.97932 -1.25 9
    endloop
  endfacet
  facet normal -0.953719 0.3007 0
    outer loop
      vertex 4.03274 -1.08057 9.62808
      vertex 3.92322 -1.42793 14
      vertex 4.03274 -1.08057 14
    endloop
  endfacet
  facet normal -0.953719 0.3007 0
    outer loop
      vertex 3.92322 -1.42793 14
      vertex 3.97932 -1.25 9
      vertex 3.92322 -1.42793 0
    endloop
  endfacet
  facet normal 0.537309 0.843386 -0
    outer loop
      vertex -2.0875 -3.61566 0
      vertex -2.39468 -3.41996 14
      vertex -2.0875 -3.61566 14
    endloop
  endfacet
  facet normal 0.537309 0.843386 0
    outer loop
      vertex -2.39468 -3.41996 14
      vertex -2.0875 -3.61566 0
      vertex -2.39468 -3.41996 0
    endloop
  endfacet
  facet normal -0.130525 0.991445 0
    outer loop
      vertex 0.72498 -4.11157 0
      vertex 0.363874 -4.15911 14
      vertex 0.72498 -4.11157 14
    endloop
  endfacet
  facet normal -0.130525 0.991445 0
    outer loop
      vertex 0.363874 -4.15911 14
      vertex 0.72498 -4.11157 0
      vertex 0.363874 -4.15911 0
    endloop
  endfacet
  facet normal -0.953719 -0.3007 0
    outer loop
      vertex 3.92322 1.42793 0
      vertex 3.97932 1.25 9
      vertex 3.92322 1.42793 14
    endloop
  endfacet
  facet normal -0.95375 -0.300601 2.16121e-06
    outer loop
      vertex 3.92322 1.42793 0
      vertex 3.98082 1.24524 8.89106
      vertex 3.97932 1.25 9
    endloop
  endfacet
  facet normal -0.953662 -0.300878 -4.10811e-06
    outer loop
      vertex 3.92322 1.42793 0
      vertex 3.98531 1.23101 8.78294
      vertex 3.98082 1.24524 8.89106
    endloop
  endfacet
  facet normal -0.953728 -0.300671 9.99519e-07
    outer loop
      vertex 3.92322 1.42793 0
      vertex 3.99275 1.20741 8.67648
      vertex 3.98531 1.23101 8.78294
    endloop
  endfacet
  facet normal -0.953731 -0.300662 1.26285e-06
    outer loop
      vertex 3.92322 1.42793 0
      vertex 4.00309 1.17461 8.57247
      vertex 3.99275 1.20741 8.67648
    endloop
  endfacet
  facet normal -0.953762 -0.300562 4.52208e-06
    outer loop
      vertex 3.92322 1.42793 0
      vertex 4.01624 1.13288 8.47173
      vertex 4.00309 1.17461 8.57247
    endloop
  endfacet
  facet normal -0.953694 -0.30078 -3.84963e-06
    outer loop
      vertex 3.92322 1.42793 0
      vertex 4.03212 1.08253 8.375
      vertex 4.01624 1.13288 8.47173
    endloop
  endfacet
  facet normal -0.953719 -0.3007 -0
    outer loop
      vertex 4.03274 1.08057 8.37192
      vertex 3.92322 1.42793 0
      vertex 4.03274 1.08057 0
    endloop
  endfacet
  facet normal -0.953453 -0.301542 -3.84025e-05
    outer loop
      vertex 3.92322 1.42793 0
      vertex 4.03274 1.08057 8.37192
      vertex 4.03212 1.08253 8.375
    endloop
  endfacet
  facet normal -0.953744 -0.300621 -3.11409e-06
    outer loop
      vertex 3.98082 1.24524 9.10894
      vertex 3.92322 1.42793 14
      vertex 3.97932 1.25 9
    endloop
  endfacet
  facet normal -0.953668 -0.30086 6.72514e-06
    outer loop
      vertex 3.98531 1.23101 9.21706
      vertex 3.92322 1.42793 14
      vertex 3.98082 1.24524 9.10894
    endloop
  endfacet
  facet normal -0.953727 -0.300674 -1.70449e-06
    outer loop
      vertex 3.99275 1.20741 9.32352
      vertex 3.92322 1.42793 14
      vertex 3.98531 1.23101 9.21706
    endloop
  endfacet
  facet normal -0.95373 -0.300665 -2.20255e-06
    outer loop
      vertex 4.00309 1.17461 9.42752
      vertex 3.92322 1.42793 14
      vertex 3.99275 1.20741 9.32352
    endloop
  endfacet
  facet normal -0.95376 -0.300569 -8.01121e-06
    outer loop
      vertex 4.01624 1.13288 9.52827
      vertex 3.92322 1.42793 14
      vertex 4.00309 1.17461 9.42752
    endloop
  endfacet
  facet normal -0.953695 -0.300775 6.90577e-06
    outer loop
      vertex 4.03212 1.08253 9.625
      vertex 3.92322 1.42793 14
      vertex 4.01624 1.13288 9.52827
    endloop
  endfacet
  facet normal -0.953467 -0.301497 6.96392e-05
    outer loop
      vertex 4.03274 1.08057 9.62808
      vertex 3.92322 1.42793 14
      vertex 4.03212 1.08253 9.625
    endloop
  endfacet
  facet normal -0.953719 -0.3007 0
    outer loop
      vertex 3.92322 1.42793 14
      vertex 4.03274 1.08057 9.62808
      vertex 4.03274 1.08057 14
    endloop
  endfacet
  facet normal 0.923873 0.3827 0
    outer loop
      vertex -3.78383 -1.76443 14
      vertex -3.92322 -1.42793 0
      vertex -3.92322 -1.42793 14
    endloop
  endfacet
  facet normal 0.923873 0.3827 0
    outer loop
      vertex -3.92322 -1.42793 0
      vertex -3.78383 -1.76443 14
      vertex -3.78383 -1.76443 0
    endloop
  endfacet
  facet normal 0.999048 -0.0436274 0
    outer loop
      vertex -4.175 0 14
      vertex -4.15911 0.363874 0
      vertex -4.15911 0.363874 14
    endloop
  endfacet
  facet normal 0.999048 -0.0436274 0
    outer loop
      vertex -4.15911 0.363874 0
      vertex -4.175 0 14
      vertex -4.175 0 0
    endloop
  endfacet
  facet normal -0.976297 0.216433 0
    outer loop
      vertex 4.03274 -1.08057 0
      vertex 4.11157 -0.72498 7.98221
      vertex 4.11157 -0.72498 0
    endloop
  endfacet
  facet normal -0.976306 0.216394 1.81434e-06
    outer loop
      vertex 4.11157 -0.72498 7.98221
      vertex 4.03274 -1.08057 0
      vertex 4.09417 -0.803484 8.04244
    endloop
  endfacet
  facet normal -0.976281 0.216507 -2.24349e-06
    outer loop
      vertex 4.09417 -0.803484 8.04244
      vertex 4.03274 -1.08057 0
      vertex 4.07634 -0.883883 8.11612
    endloop
  endfacet
  facet normal -0.976303 0.216406 3.18926e-07
    outer loop
      vertex 4.07634 -0.883883 8.11612
      vertex 4.03274 -1.08057 0
      vertex 4.06001 -0.957555 8.19652
    endloop
  endfacet
  facet normal -0.976288 0.216478 -8.12769e-07
    outer loop
      vertex 4.06001 -0.957555 8.19652
      vertex 4.03274 -1.08057 0
      vertex 4.04529 -1.02394 8.28303
    endloop
  endfacet
  facet normal -0.976313 0.216365 0
    outer loop
      vertex 4.04529 -1.02394 8.28303
      vertex 4.03274 -1.08057 0
      vertex 4.03274 -1.08057 8.37192
    endloop
  endfacet
  facet normal -0.976306 0.216396 -3.51986e-06
    outer loop
      vertex 4.03274 -1.08057 14
      vertex 4.11157 -0.72498 10.0178
      vertex 4.09417 -0.803484 9.95755
    endloop
  endfacet
  facet normal -0.976282 0.216505 4.33225e-06
    outer loop
      vertex 4.03274 -1.08057 14
      vertex 4.09417 -0.803484 9.95755
      vertex 4.07634 -0.883883 9.88388
    endloop
  endfacet
  facet normal -0.976303 0.216406 -6.13494e-07
    outer loop
      vertex 4.03274 -1.08057 14
      vertex 4.07634 -0.883883 9.88388
      vertex 4.06001 -0.957555 9.80348
    endloop
  endfacet
  facet normal -0.976288 0.216477 1.55897e-06
    outer loop
      vertex 4.03274 -1.08057 14
      vertex 4.06001 -0.957555 9.80348
      vertex 4.04529 -1.02394 9.71697
    endloop
  endfacet
  facet normal -0.976313 0.216365 0
    outer loop
      vertex 4.03274 -1.08057 14
      vertex 4.04529 -1.02394 9.71697
      vertex 4.03274 -1.08057 9.62808
    endloop
  endfacet
  facet normal -0.976297 0.216433 0
    outer loop
      vertex 4.11157 -0.72498 10.0178
      vertex 4.03274 -1.08057 14
      vertex 4.11157 -0.72498 14
    endloop
  endfacet
  facet normal -0.0436274 -0.999048 0
    outer loop
      vertex 0 4.175 0
      vertex 0.363874 4.15911 14
      vertex 0 4.175 14
    endloop
  endfacet
  facet normal -0.0436274 -0.999048 -0
    outer loop
      vertex 0.363874 4.15911 14
      vertex 0 4.175 0
      vertex 0.363874 4.15911 0
    endloop
  endfacet
  facet normal -0.3827 -0.923873 0
    outer loop
      vertex 1.42793 3.92322 0
      vertex 1.76443 3.78383 14
      vertex 1.42793 3.92322 14
    endloop
  endfacet
  facet normal -0.3827 -0.923873 -0
    outer loop
      vertex 1.76443 3.78383 14
      vertex 1.42793 3.92322 0
      vertex 1.76443 3.78383 0
    endloop
  endfacet
  facet normal 0.216433 -0.976297 0
    outer loop
      vertex -1.08057 4.03274 0
      vertex -0.72498 4.11157 14
      vertex -1.08057 4.03274 14
    endloop
  endfacet
  facet normal 0.216433 -0.976297 0
    outer loop
      vertex -0.72498 4.11157 14
      vertex -1.08057 4.03274 0
      vertex -0.72498 4.11157 0
    endloop
  endfacet
  facet normal 0.3827 0.923873 -0
    outer loop
      vertex -1.42793 -3.92322 0
      vertex -1.76443 -3.78383 14
      vertex -1.42793 -3.92322 14
    endloop
  endfacet
  facet normal 0.3827 0.923873 0
    outer loop
      vertex -1.76443 -3.78383 14
      vertex -1.42793 -3.92322 0
      vertex -1.76443 -3.78383 0
    endloop
  endfacet
  facet normal -0.843386 0.537309 0
    outer loop
      vertex 3.41996 -2.39468 0
      vertex 3.61566 -2.0875 14
      vertex 3.61566 -2.0875 0
    endloop
  endfacet
  facet normal -0.843386 0.537309 0
    outer loop
      vertex 3.61566 -2.0875 14
      vertex 3.41996 -2.39468 0
      vertex 3.41996 -2.39468 14
    endloop
  endfacet
  facet normal -0.461728 -0.887022 0
    outer loop
      vertex 1.76443 3.78383 0
      vertex 2.0875 3.61566 14
      vertex 1.76443 3.78383 14
    endloop
  endfacet
  facet normal -0.461728 -0.887022 -0
    outer loop
      vertex 2.0875 3.61566 14
      vertex 1.76443 3.78383 0
      vertex 2.0875 3.61566 0
    endloop
  endfacet
  facet normal -0.675602 0.737267 0
    outer loop
      vertex 2.95217 -2.95217 0
      vertex 2.68364 -3.19824 14
      vertex 2.95217 -2.95217 14
    endloop
  endfacet
  facet normal -0.675602 0.737267 0
    outer loop
      vertex 2.68364 -3.19824 14
      vertex 2.95217 -2.95217 0
      vertex 2.68364 -3.19824 0
    endloop
  endfacet
  facet normal -0.843386 -0.537309 0
    outer loop
      vertex 3.61566 2.0875 0
      vertex 3.41996 2.39468 14
      vertex 3.41996 2.39468 0
    endloop
  endfacet
  facet normal -0.843386 -0.537309 0
    outer loop
      vertex 3.41996 2.39468 14
      vertex 3.61566 2.0875 0
      vertex 3.61566 2.0875 14
    endloop
  endfacet
  facet normal 0.887022 -0.461728 0
    outer loop
      vertex -3.78383 1.76443 14
      vertex -3.61566 2.0875 0
      vertex -3.61566 2.0875 14
    endloop
  endfacet
  facet normal 0.887022 -0.461728 0
    outer loop
      vertex -3.61566 2.0875 0
      vertex -3.78383 1.76443 14
      vertex -3.78383 1.76443 0
    endloop
  endfacet
  facet normal 0.3007 0.953719 -0
    outer loop
      vertex -1.08057 -4.03274 0
      vertex -1.42793 -3.92322 14
      vertex -1.08057 -4.03274 14
    endloop
  endfacet
  facet normal 0.3007 0.953719 0
    outer loop
      vertex -1.42793 -3.92322 14
      vertex -1.08057 -4.03274 0
      vertex -1.42793 -3.92322 0
    endloop
  endfacet
  facet normal 0.216433 0.976297 -0
    outer loop
      vertex -0.72498 -4.11157 0
      vertex -1.08057 -4.03274 14
      vertex -0.72498 -4.11157 14
    endloop
  endfacet
  facet normal 0.216433 0.976297 0
    outer loop
      vertex -1.08057 -4.03274 14
      vertex -0.72498 -4.11157 0
      vertex -1.08057 -4.03274 0
    endloop
  endfacet
  facet normal -0.999048 0.0436274 0
    outer loop
      vertex 4.15911 -0.363874 0
      vertex 4.175 0 7.75
      vertex 4.175 0 0
    endloop
  endfacet
  facet normal -0.999047 0.0436505 -1.08647e-06
    outer loop
      vertex 4.175 0 7.75
      vertex 4.15911 -0.363874 0
      vertex 4.17024 -0.108944 7.75476
    endloop
  endfacet
  facet normal -0.999048 0.0436153 7.29436e-08
    outer loop
      vertex 4.17024 -0.108944 7.75476
      vertex 4.15911 -0.363874 0
      vertex 4.16552 -0.21706 7.76899
    endloop
  endfacet
  facet normal -0.999048 0.0436351 -3.01741e-07
    outer loop
      vertex 4.16552 -0.21706 7.76899
      vertex 4.15911 -0.363874 0
      vertex 4.16087 -0.323524 7.79259
    endloop
  endfacet
  facet normal -0.99905 0.0435769 0
    outer loop
      vertex 4.16087 -0.323524 7.79259
      vertex 4.15911 -0.363874 0
      vertex 4.15911 -0.363874 7.80532
    endloop
  endfacet
  facet normal -0.999047 0.0436505 0
    outer loop
      vertex 4.17024 -0.108944 10.2452
      vertex 4.175 0 14
      vertex 4.175 0 10.25
    endloop
  endfacet
  facet normal -0.999048 0.0436153 -1.49964e-07
    outer loop
      vertex 4.15911 -0.363874 14
      vertex 4.17024 -0.108944 10.2452
      vertex 4.16552 -0.21706 10.231
    endloop
  endfacet
  facet normal -0.999048 0.043635 6.19234e-07
    outer loop
      vertex 4.15911 -0.363874 14
      vertex 4.16552 -0.21706 10.231
      vertex 4.16087 -0.323524 10.2074
    endloop
  endfacet
  facet normal -0.99905 0.0435769 0
    outer loop
      vertex 4.15911 -0.363874 14
      vertex 4.16087 -0.323524 10.2074
      vertex 4.15911 -0.363874 10.1947
    endloop
  endfacet
  facet normal -0.999048 0.0436274 6.72782e-07
    outer loop
      vertex 4.17024 -0.108944 10.2452
      vertex 4.15911 -0.363874 14
      vertex 4.175 0 14
    endloop
  endfacet
  facet normal -0.887022 0.461728 0
    outer loop
      vertex 3.61566 -2.0875 0
      vertex 3.78383 -1.76443 14
      vertex 3.78383 -1.76443 0
    endloop
  endfacet
  facet normal -0.887022 0.461728 0
    outer loop
      vertex 3.78383 -1.76443 14
      vertex 3.61566 -2.0875 0
      vertex 3.61566 -2.0875 14
    endloop
  endfacet
  facet normal 0.675602 -0.737267 0
    outer loop
      vertex -2.95217 2.95217 0
      vertex -2.68364 3.19824 14
      vertex -2.95217 2.95217 14
    endloop
  endfacet
  facet normal 0.675602 -0.737267 0
    outer loop
      vertex -2.68364 3.19824 14
      vertex -2.95217 2.95217 0
      vertex -2.68364 3.19824 0
    endloop
  endfacet
  facet normal -0.216433 -0.976297 0
    outer loop
      vertex 0.72498 4.11157 0
      vertex 1.08057 4.03274 14
      vertex 0.72498 4.11157 14
    endloop
  endfacet
  facet normal -0.216433 -0.976297 -0
    outer loop
      vertex 1.08057 4.03274 14
      vertex 0.72498 4.11157 0
      vertex 1.08057 4.03274 0
    endloop
  endfacet
  facet normal -0.737267 -0.675602 0
    outer loop
      vertex 3.19824 2.68364 0
      vertex 2.95217 2.95217 14
      vertex 2.95217 2.95217 0
    endloop
  endfacet
  facet normal -0.737267 -0.675602 0
    outer loop
      vertex 2.95217 2.95217 14
      vertex 3.19824 2.68364 0
      vertex 3.19824 2.68364 14
    endloop
  endfacet
  facet normal 0.737267 0.675602 0
    outer loop
      vertex -2.95217 -2.95217 14
      vertex -3.19824 -2.68364 0
      vertex -3.19824 -2.68364 14
    endloop
  endfacet
  facet normal 0.737267 0.675602 0
    outer loop
      vertex -3.19824 -2.68364 0
      vertex -2.95217 -2.95217 14
      vertex -2.95217 -2.95217 0
    endloop
  endfacet
  facet normal 0.991445 0.130525 0
    outer loop
      vertex -4.11157 -0.72498 14
      vertex -4.15911 -0.363874 0
      vertex -4.15911 -0.363874 14
    endloop
  endfacet
  facet normal 0.991445 0.130525 0
    outer loop
      vertex -4.15911 -0.363874 0
      vertex -4.11157 -0.72498 14
      vertex -4.11157 -0.72498 0
    endloop
  endfacet
  facet normal 0.793362 0.60875 0
    outer loop
      vertex -3.19824 -2.68364 14
      vertex -3.41996 -2.39468 0
      vertex -3.41996 -2.39468 14
    endloop
  endfacet
  facet normal 0.793362 0.60875 0
    outer loop
      vertex -3.41996 -2.39468 0
      vertex -3.19824 -2.68364 14
      vertex -3.19824 -2.68364 0
    endloop
  endfacet
  facet normal -0.537309 0.843386 0
    outer loop
      vertex 2.39468 -3.41996 0
      vertex 2.0875 -3.61566 14
      vertex 2.39468 -3.41996 14
    endloop
  endfacet
  facet normal -0.537309 0.843386 0
    outer loop
      vertex 2.0875 -3.61566 14
      vertex 2.39468 -3.41996 0
      vertex 2.0875 -3.61566 0
    endloop
  endfacet
  facet normal -0.991445 0.130525 0
    outer loop
      vertex 4.11157 -0.72498 0
      vertex 4.15911 -0.363874 7.80532
      vertex 4.15911 -0.363874 0
    endloop
  endfacet
  facet normal -0.991444 0.130529 -1.9618e-07
    outer loop
      vertex 4.15911 -0.363874 7.80532
      vertex 4.11157 -0.72498 0
      vertex 4.15073 -0.427525 7.82538
    endloop
  endfacet
  facet normal -0.99145 0.130491 1.28558e-06
    outer loop
      vertex 4.15073 -0.427525 7.82538
      vertex 4.11157 -0.72498 0
      vertex 4.13747 -0.528273 7.86712
    endloop
  endfacet
  facet normal -0.991437 0.130583 -1.0519e-06
    outer loop
      vertex 4.13747 -0.528273 7.86712
      vertex 4.11157 -0.72498 0
      vertex 4.12473 -0.625 7.91747
    endloop
  endfacet
  facet normal -0.991456 0.130441 7.66121e-07
    outer loop
      vertex 4.12473 -0.625 7.91747
      vertex 4.11157 -0.72498 0
      vertex 4.11263 -0.71697 7.97606
    endloop
  endfacet
  facet normal -0.991357 0.131191 0
    outer loop
      vertex 4.11263 -0.71697 7.97606
      vertex 4.11157 -0.72498 0
      vertex 4.11157 -0.72498 7.98221
    endloop
  endfacet
  facet normal -0.991445 0.130529 3.96388e-07
    outer loop
      vertex 4.11157 -0.72498 14
      vertex 4.15911 -0.363874 10.1947
      vertex 4.15073 -0.427525 10.1746
    endloop
  endfacet
  facet normal -0.991449 0.130491 -2.58795e-06
    outer loop
      vertex 4.11157 -0.72498 14
      vertex 4.15073 -0.427525 10.1746
      vertex 4.13747 -0.528273 10.1329
    endloop
  endfacet
  facet normal -0.991438 0.130582 2.11184e-06
    outer loop
      vertex 4.11157 -0.72498 14
      vertex 4.13747 -0.528273 10.1329
      vertex 4.12473 -0.625 10.0825
    endloop
  endfacet
  facet normal -0.991456 0.130442 -1.53585e-06
    outer loop
      vertex 4.11157 -0.72498 14
      vertex 4.12473 -0.625 10.0825
      vertex 4.11263 -0.71697 10.0239
    endloop
  endfacet
  facet normal -0.991357 0.131191 0
    outer loop
      vertex 4.11157 -0.72498 14
      vertex 4.11263 -0.71697 10.0239
      vertex 4.11157 -0.72498 10.0178
    endloop
  endfacet
  facet normal -0.991445 0.130525 0
    outer loop
      vertex 4.15911 -0.363874 10.1947
      vertex 4.11157 -0.72498 14
      vertex 4.15911 -0.363874 14
    endloop
  endfacet
  facet normal 0.999048 0.0436274 0
    outer loop
      vertex -4.15911 -0.363874 14
      vertex -4.175 0 0
      vertex -4.175 0 14
    endloop
  endfacet
  facet normal 0.999048 0.0436274 0
    outer loop
      vertex -4.175 0 0
      vertex -4.15911 -0.363874 14
      vertex -4.15911 -0.363874 0
    endloop
  endfacet
  facet normal -0.923873 0.3827 0
    outer loop
      vertex 3.78383 -1.76443 0
      vertex 3.92322 -1.42793 14
      vertex 3.92322 -1.42793 0
    endloop
  endfacet
  facet normal -0.923873 0.3827 0
    outer loop
      vertex 3.92322 -1.42793 14
      vertex 3.78383 -1.76443 0
      vertex 3.78383 -1.76443 14
    endloop
  endfacet
  facet normal 0.3827 -0.923873 0
    outer loop
      vertex -1.76443 3.78383 0
      vertex -1.42793 3.92322 14
      vertex -1.76443 3.78383 14
    endloop
  endfacet
  facet normal 0.3827 -0.923873 0
    outer loop
      vertex -1.42793 3.92322 14
      vertex -1.76443 3.78383 0
      vertex -1.42793 3.92322 0
    endloop
  endfacet
  facet normal -0.675602 -0.737267 0
    outer loop
      vertex 2.68364 3.19824 0
      vertex 2.95217 2.95217 14
      vertex 2.68364 3.19824 14
    endloop
  endfacet
  facet normal -0.675602 -0.737267 -0
    outer loop
      vertex 2.95217 2.95217 14
      vertex 2.68364 3.19824 0
      vertex 2.95217 2.95217 0
    endloop
  endfacet
  facet normal -0.3007 0.953719 0
    outer loop
      vertex 1.42793 -3.92322 0
      vertex 1.08057 -4.03274 14
      vertex 1.42793 -3.92322 14
    endloop
  endfacet
  facet normal -0.3007 0.953719 0
    outer loop
      vertex 1.08057 -4.03274 14
      vertex 1.42793 -3.92322 0
      vertex 1.08057 -4.03274 0
    endloop
  endfacet
  facet normal -0.3827 0.923873 0
    outer loop
      vertex 1.76443 -3.78383 0
      vertex 1.42793 -3.92322 14
      vertex 1.76443 -3.78383 14
    endloop
  endfacet
  facet normal -0.3827 0.923873 0
    outer loop
      vertex 1.42793 -3.92322 14
      vertex 1.76443 -3.78383 0
      vertex 1.42793 -3.92322 0
    endloop
  endfacet
  facet normal 0.0436274 0.999048 -0
    outer loop
      vertex 0 -4.175 0
      vertex -0.363874 -4.15911 14
      vertex 0 -4.175 14
    endloop
  endfacet
  facet normal 0.0436274 0.999048 0
    outer loop
      vertex -0.363874 -4.15911 14
      vertex 0 -4.175 0
      vertex -0.363874 -4.15911 0
    endloop
  endfacet
  facet normal 0.843386 0.537309 0
    outer loop
      vertex -3.41996 -2.39468 14
      vertex -3.61566 -2.0875 0
      vertex -3.61566 -2.0875 14
    endloop
  endfacet
  facet normal 0.843386 0.537309 0
    outer loop
      vertex -3.61566 -2.0875 0
      vertex -3.41996 -2.39468 14
      vertex -3.41996 -2.39468 0
    endloop
  endfacet
  facet normal 0.60875 0.793362 -0
    outer loop
      vertex -2.39468 -3.41996 0
      vertex -2.68364 -3.19824 14
      vertex -2.39468 -3.41996 14
    endloop
  endfacet
  facet normal 0.60875 0.793362 0
    outer loop
      vertex -2.68364 -3.19824 14
      vertex -2.39468 -3.41996 0
      vertex -2.68364 -3.19824 0
    endloop
  endfacet
  facet normal 0.991445 -0.130525 0
    outer loop
      vertex -4.15911 0.363874 14
      vertex -4.11157 0.72498 0
      vertex -4.11157 0.72498 14
    endloop
  endfacet
  facet normal 0.991445 -0.130525 0
    outer loop
      vertex -4.11157 0.72498 0
      vertex -4.15911 0.363874 14
      vertex -4.15911 0.363874 0
    endloop
  endfacet
  facet normal -0.737267 0.675602 0
    outer loop
      vertex 2.95217 -2.95217 0
      vertex 3.19824 -2.68364 14
      vertex 3.19824 -2.68364 0
    endloop
  endfacet
  facet normal -0.737267 0.675602 0
    outer loop
      vertex 3.19824 -2.68364 14
      vertex 2.95217 -2.95217 0
      vertex 2.95217 -2.95217 14
    endloop
  endfacet
  facet normal 0.675602 0.737267 -0
    outer loop
      vertex -2.68364 -3.19824 0
      vertex -2.95217 -2.95217 14
      vertex -2.68364 -3.19824 14
    endloop
  endfacet
  facet normal 0.675602 0.737267 0
    outer loop
      vertex -2.95217 -2.95217 14
      vertex -2.68364 -3.19824 0
      vertex -2.95217 -2.95217 0
    endloop
  endfacet
  facet normal 0.843386 -0.537309 0
    outer loop
      vertex -3.61566 2.0875 14
      vertex -3.41996 2.39468 0
      vertex -3.41996 2.39468 14
    endloop
  endfacet
  facet normal 0.843386 -0.537309 0
    outer loop
      vertex -3.41996 2.39468 0
      vertex -3.61566 2.0875 14
      vertex -3.61566 2.0875 0
    endloop
  endfacet
  facet normal 0 -0.216418 0.976301
    outer loop
      vertex 10.9859 0.323524 7.79259
      vertex 4.16552 0.21706 7.76899
      vertex 10.9905 0.21706 7.76899
    endloop
  endfacet
  facet normal 0 -0.216418 0.976301
    outer loop
      vertex 4.16552 0.21706 7.76899
      vertex 10.9859 0.323524 7.79259
      vertex 4.16087 0.323524 7.79259
    endloop
  endfacet
  facet normal 0 0.300778 -0.953694
    outer loop
      vertex 10.9813 -0.427525 10.1746
      vertex 4.16087 -0.323524 10.2074
      vertex 10.9859 -0.323524 10.2074
    endloop
  endfacet
  facet normal -9.23881e-06 0.300226 -0.953868
    outer loop
      vertex 10.9813 -0.427525 10.1746
      vertex 4.15911 -0.363874 10.1947
      vertex 4.16087 -0.323524 10.2074
    endloop
  endfacet
  facet normal 0 0.301127 -0.953584
    outer loop
      vertex 4.15911 -0.363874 10.1947
      vertex 10.9813 -0.427525 10.1746
      vertex 4.15073 -0.427525 10.1746
    endloop
  endfacet
  facet normal 0 0.130222 -0.991485
    outer loop
      vertex 10.9905 -0.21706 10.231
      vertex 4.17024 -0.108944 10.2452
      vertex 10.9952 -0.108944 10.2452
    endloop
  endfacet
  facet normal 0 0.130222 -0.991485
    outer loop
      vertex 4.17024 -0.108944 10.2452
      vertex 10.9905 -0.21706 10.231
      vertex 4.16552 -0.21706 10.231
    endloop
  endfacet
  facet normal 0 0.382439 -0.923981
    outer loop
      vertex 10.9769 -0.528273 10.1329
      vertex 4.15073 -0.427525 10.1746
      vertex 10.9813 -0.427525 10.1746
    endloop
  endfacet
  facet normal 0 0.382439 -0.923981
    outer loop
      vertex 4.15073 -0.427525 10.1746
      vertex 10.9769 -0.528273 10.1329
      vertex 4.13747 -0.528273 10.1329
    endloop
  endfacet
  facet normal -0 0.608735 0.793373
    outer loop
      vertex 4.11263 -0.71697 7.97606
      vertex 10.9649 -0.803484 8.04244
      vertex 10.9687 -0.71697 7.97606
    endloop
  endfacet
  facet normal 5.15479e-06 0.608992 0.793176
    outer loop
      vertex 4.11157 -0.72498 7.98221
      vertex 10.9649 -0.803484 8.04244
      vertex 4.11263 -0.71697 7.97606
    endloop
  endfacet
  facet normal 0 0.608709 0.793394
    outer loop
      vertex 10.9649 -0.803484 8.04244
      vertex 4.11157 -0.72498 7.98221
      vertex 4.09417 -0.803484 8.04244
    endloop
  endfacet
  facet normal 0.110781 0.783105 0.611943
    outer loop
      vertex 10.9582 -0.957555 8.19652
      vertex 10.9496 -1.02394 8.28303
      vertex 10.9581 -0.958713 8.19802
    endloop
  endfacet
  facet normal 0 0.793338 0.608782
    outer loop
      vertex 10.9496 -1.02394 8.28303
      vertex 10.9582 -0.957555 8.19652
      vertex 4.06001 -0.957555 8.19652
    endloop
  endfacet
  facet normal 0 0.793338 0.608782
    outer loop
      vertex 10.9496 -1.02394 8.28303
      vertex 4.06001 -0.957555 8.19652
      vertex 4.04529 -1.02394 8.28303
    endloop
  endfacet
  facet normal 0 0.953693 -0.30078
    outer loop
      vertex 10.9254 -1.20741 9.32352
      vertex 4.00309 -1.17461 9.42752
      vertex 10.9297 -1.17461 9.42752
    endloop
  endfacet
  facet normal 0 0.953693 -0.30078
    outer loop
      vertex 4.00309 -1.17461 9.42752
      vertex 10.9254 -1.20741 9.32352
      vertex 3.99275 -1.20741 9.32352
    endloop
  endfacet
  facet normal -0 0.976299 0.216426
    outer loop
      vertex 3.99275 -1.20741 8.67648
      vertex 10.9223 -1.23101 8.78294
      vertex 10.9254 -1.20741 8.67648
    endloop
  endfacet
  facet normal 0 0.976299 0.216426
    outer loop
      vertex 10.9223 -1.23101 8.78294
      vertex 3.99275 -1.20741 8.67648
      vertex 3.98531 -1.23101 8.78294
    endloop
  endfacet
  facet normal -0 -0.737282 -0.675585
    outer loop
      vertex 10.9582 0.957555 9.80348
      vertex 4.07634 0.883883 9.88388
      vertex 4.06001 0.957555 9.80348
    endloop
  endfacet
  facet normal 0 -0.737282 -0.675585
    outer loop
      vertex 4.07634 0.883883 9.88388
      vertex 10.9582 0.957555 9.80348
      vertex 10.9614 0.883883 9.88388
    endloop
  endfacet
  facet normal 0 -0.300778 -0.953694
    outer loop
      vertex 4.16087 0.323524 10.2074
      vertex 10.9813 0.427525 10.1746
      vertex 10.9859 0.323524 10.2074
    endloop
  endfacet
  facet normal -9.23881e-06 -0.300226 -0.953868
    outer loop
      vertex 4.15911 0.363874 10.1947
      vertex 10.9813 0.427525 10.1746
      vertex 4.16087 0.323524 10.2074
    endloop
  endfacet
  facet normal -0 -0.301127 -0.953584
    outer loop
      vertex 10.9813 0.427525 10.1746
      vertex 4.15911 0.363874 10.1947
      vertex 4.15073 0.427525 10.1746
    endloop
  endfacet
  facet normal 0 -0.608735 0.793373
    outer loop
      vertex 10.9649 0.803484 8.04244
      vertex 4.11263 0.71697 7.97606
      vertex 10.9687 0.71697 7.97606
    endloop
  endfacet
  facet normal 5.15479e-06 -0.608992 0.793176
    outer loop
      vertex 10.9649 0.803484 8.04244
      vertex 4.11157 0.72498 7.98221
      vertex 4.11263 0.71697 7.97606
    endloop
  endfacet
  facet normal 0 -0.608709 0.793394
    outer loop
      vertex 4.11157 0.72498 7.98221
      vertex 10.9649 0.803484 8.04244
      vertex 4.09417 0.803484 8.04244
    endloop
  endfacet
  facet normal -0 0.99145 0.130488
    outer loop
      vertex 3.98531 -1.23101 8.78294
      vertex 10.9204 -1.24524 8.89106
      vertex 10.9223 -1.23101 8.78294
    endloop
  endfacet
  facet normal 0 0.99145 0.130488
    outer loop
      vertex 10.9204 -1.24524 8.89106
      vertex 3.98531 -1.23101 8.78294
      vertex 3.98082 -1.24524 8.89106
    endloop
  endfacet
  facet normal 0 0.537356 -0.843356
    outer loop
      vertex 10.9687 -0.71697 10.0239
      vertex 4.12473 -0.625 10.0825
      vertex 10.9727 -0.625 10.0825
    endloop
  endfacet
  facet normal 0 0.537356 -0.843356
    outer loop
      vertex 4.12473 -0.625 10.0825
      vertex 10.9687 -0.71697 10.0239
      vertex 4.11263 -0.71697 10.0239
    endloop
  endfacet
  facet normal 0 -0.999047 0.0436521
    outer loop
      vertex 3.98082 1.24524 8.89106
      vertex 10.9198 1.25 9
      vertex 3.97932 1.25 9
    endloop
  endfacet
  facet normal 0 -0.999047 0.0436521
    outer loop
      vertex 10.9198 1.25 9
      vertex 3.98082 1.24524 8.89106
      vertex 10.9204 1.24524 8.89106
    endloop
  endfacet
  facet normal 0 -0.382439 -0.923981
    outer loop
      vertex 4.15073 0.427525 10.1746
      vertex 10.9769 0.528273 10.1329
      vertex 10.9813 0.427525 10.1746
    endloop
  endfacet
  facet normal -0 -0.382439 -0.923981
    outer loop
      vertex 10.9769 0.528273 10.1329
      vertex 4.15073 0.427525 10.1746
      vertex 4.13747 0.528273 10.1329
    endloop
  endfacet
  facet normal 0 -0.0436505 0.999047
    outer loop
      vertex 10.9952 0.108944 7.75476
      vertex 4.175 0 7.75
      vertex 11 0 7.75
    endloop
  endfacet
  facet normal 0 -0.0436505 0.999047
    outer loop
      vertex 4.175 0 7.75
      vertex 10.9952 0.108944 7.75476
      vertex 4.17024 0.108944 7.75476
    endloop
  endfacet
  facet normal -0 -0.923886 -0.382668
    outer loop
      vertex 10.9297 1.17461 9.42752
      vertex 4.01624 1.13288 9.52827
      vertex 4.00309 1.17461 9.42752
    endloop
  endfacet
  facet normal 0 -0.923886 -0.382668
    outer loop
      vertex 4.01624 1.13288 9.52827
      vertex 10.9297 1.17461 9.42752
      vertex 10.9352 1.13288 9.52827
    endloop
  endfacet
  facet normal -0 0.0436505 0.999047
    outer loop
      vertex 4.175 0 7.75
      vertex 10.9952 -0.108944 7.75476
      vertex 11 0 7.75
    endloop
  endfacet
  facet normal 0 0.0436505 0.999047
    outer loop
      vertex 10.9952 -0.108944 7.75476
      vertex 4.175 0 7.75
      vertex 4.17024 -0.108944 7.75476
    endloop
  endfacet
  facet normal -0 0.887028 0.461717
    outer loop
      vertex 4.03212 -1.08253 8.375
      vertex 10.9352 -1.13288 8.47173
      vertex 10.9418 -1.08253 8.375
    endloop
  endfacet
  facet normal 0 0.887028 0.461717
    outer loop
      vertex 10.9352 -1.13288 8.47173
      vertex 4.03212 -1.08253 8.375
      vertex 4.01624 -1.13288 8.47173
    endloop
  endfacet
  facet normal 0 -0.793338 0.608782
    outer loop
      vertex 4.06001 0.957555 8.19652
      vertex 10.9496 1.02394 8.28303
      vertex 4.04529 1.02394 8.28303
    endloop
  endfacet
  facet normal 0 -0.793338 0.608782
    outer loop
      vertex 10.9582 0.957555 8.19652
      vertex 10.9496 1.02394 8.28303
      vertex 4.06001 0.957555 8.19652
    endloop
  endfacet
  facet normal 0.110781 -0.783105 0.611943
    outer loop
      vertex 10.9496 1.02394 8.28303
      vertex 10.9582 0.957555 8.19652
      vertex 10.9581 0.958713 8.19802
    endloop
  endfacet
  facet normal -0 0.953702 0.300754
    outer loop
      vertex 4.00309 -1.17461 8.57247
      vertex 10.9254 -1.20741 8.67648
      vertex 10.9297 -1.17461 8.57247
    endloop
  endfacet
  facet normal 0 0.953702 0.300754
    outer loop
      vertex 10.9254 -1.20741 8.67648
      vertex 4.00309 -1.17461 8.57247
      vertex 3.99275 -1.20741 8.67648
    endloop
  endfacet
  facet normal 0 0.216418 -0.976301
    outer loop
      vertex 10.9859 -0.323524 10.2074
      vertex 4.16552 -0.21706 10.231
      vertex 10.9905 -0.21706 10.231
    endloop
  endfacet
  facet normal 0 0.216418 -0.976301
    outer loop
      vertex 4.16552 -0.21706 10.231
      vertex 10.9859 -0.323524 10.2074
      vertex 4.16087 -0.323524 10.2074
    endloop
  endfacet
  facet normal 0 -0.793338 -0.608782
    outer loop
      vertex 10.9496 1.02394 9.71697
      vertex 10.9582 0.957555 9.80348
      vertex 4.06001 0.957555 9.80348
    endloop
  endfacet
  facet normal -0 -0.793338 -0.608782
    outer loop
      vertex 10.9496 1.02394 9.71697
      vertex 4.06001 0.957555 9.80348
      vertex 4.04529 1.02394 9.71697
    endloop
  endfacet
  facet normal 0.110781 -0.783105 -0.611943
    outer loop
      vertex 10.9582 0.957555 9.80348
      vertex 10.9496 1.02394 9.71697
      vertex 10.9581 0.958713 9.80198
    endloop
  endfacet
  facet normal 0 -0.462088 -0.886834
    outer loop
      vertex 4.13747 0.528273 10.1329
      vertex 10.9727 0.625 10.0825
      vertex 10.9769 0.528273 10.1329
    endloop
  endfacet
  facet normal -0 -0.462088 -0.886834
    outer loop
      vertex 10.9727 0.625 10.0825
      vertex 4.13747 0.528273 10.1329
      vertex 4.12473 0.625 10.0825
    endloop
  endfacet
  facet normal 0 -0.537291 0.843397
    outer loop
      vertex 10.9687 0.71697 7.97606
      vertex 4.12473 0.625 7.91747
      vertex 10.9727 0.625 7.91747
    endloop
  endfacet
  facet normal 0 -0.537291 0.843397
    outer loop
      vertex 4.12473 0.625 7.91747
      vertex 10.9687 0.71697 7.97606
      vertex 4.11263 0.71697 7.97606
    endloop
  endfacet
  facet normal 0 -0.737282 0.675585
    outer loop
      vertex 4.07634 0.883883 8.11612
      vertex 10.9582 0.957555 8.19652
      vertex 4.06001 0.957555 8.19652
    endloop
  endfacet
  facet normal 0 -0.737282 0.675585
    outer loop
      vertex 10.9582 0.957555 8.19652
      vertex 4.07634 0.883883 8.11612
      vertex 10.9614 0.883883 8.11612
    endloop
  endfacet
  facet normal 0 -0.382752 0.923851
    outer loop
      vertex 10.9769 0.528273 7.86712
      vertex 4.15073 0.427525 7.82538
      vertex 10.9813 0.427525 7.82538
    endloop
  endfacet
  facet normal 0 -0.382752 0.923851
    outer loop
      vertex 4.15073 0.427525 7.82538
      vertex 10.9769 0.528273 7.86712
      vertex 4.13747 0.528273 7.86712
    endloop
  endfacet
  facet normal 0 -0.99145 0.130488
    outer loop
      vertex 3.98531 1.23101 8.78294
      vertex 10.9204 1.24524 8.89106
      vertex 3.98082 1.24524 8.89106
    endloop
  endfacet
  facet normal 0 -0.99145 0.130488
    outer loop
      vertex 10.9204 1.24524 8.89106
      vertex 3.98531 1.23101 8.78294
      vertex 10.9223 1.23101 8.78294
    endloop
  endfacet
  facet normal 0.110781 0.783105 -0.611943
    outer loop
      vertex 10.9496 -1.02394 9.71697
      vertex 10.9582 -0.957555 9.80348
      vertex 10.9581 -0.958713 9.80198
    endloop
  endfacet
  facet normal 0 0.793338 -0.608782
    outer loop
      vertex 10.9582 -0.957555 9.80348
      vertex 10.9496 -1.02394 9.71697
      vertex 4.06001 -0.957555 9.80348
    endloop
  endfacet
  facet normal 0 0.793338 -0.608782
    outer loop
      vertex 4.06001 -0.957555 9.80348
      vertex 10.9496 -1.02394 9.71697
      vertex 4.04529 -1.02394 9.71697
    endloop
  endfacet
  facet normal 0 -0.130492 0.991449
    outer loop
      vertex 10.9905 0.21706 7.76899
      vertex 4.17024 0.108944 7.75476
      vertex 10.9952 0.108944 7.75476
    endloop
  endfacet
  facet normal 0 -0.130492 0.991449
    outer loop
      vertex 4.17024 0.108944 7.75476
      vertex 10.9905 0.21706 7.76899
      vertex 4.16552 0.21706 7.76899
    endloop
  endfacet
  facet normal 0 -0.67563 0.737241
    outer loop
      vertex 10.9614 0.883883 8.11612
      vertex 4.09417 0.803484 8.04244
      vertex 10.9649 0.803484 8.04244
    endloop
  endfacet
  facet normal 0 -0.67563 0.737241
    outer loop
      vertex 4.09417 0.803484 8.04244
      vertex 10.9614 0.883883 8.11612
      vertex 4.07634 0.883883 8.11612
    endloop
  endfacet
  facet normal -0 -0.99145 -0.130488
    outer loop
      vertex 10.9204 1.24524 9.10894
      vertex 3.98531 1.23101 9.21706
      vertex 3.98082 1.24524 9.10894
    endloop
  endfacet
  facet normal 0 -0.99145 -0.130488
    outer loop
      vertex 3.98531 1.23101 9.21706
      vertex 10.9204 1.24524 9.10894
      vertex 10.9223 1.23101 9.21706
    endloop
  endfacet
  facet normal -0 0.300694 0.953721
    outer loop
      vertex 4.16087 -0.323524 7.79259
      vertex 10.9813 -0.427525 7.82538
      vertex 10.9859 -0.323524 7.79259
    endloop
  endfacet
  facet normal 2.96512e-06 0.300871 0.953665
    outer loop
      vertex 4.15911 -0.363874 7.80532
      vertex 10.9813 -0.427525 7.82538
      vertex 4.16087 -0.323524 7.79259
    endloop
  endfacet
  facet normal 0 0.300582 0.953756
    outer loop
      vertex 10.9813 -0.427525 7.82538
      vertex 4.15911 -0.363874 7.80532
      vertex 4.15073 -0.427525 7.82538
    endloop
  endfacet
  facet normal -0 0.216418 0.976301
    outer loop
      vertex 4.16552 -0.21706 7.76899
      vertex 10.9859 -0.323524 7.79259
      vertex 10.9905 -0.21706 7.76899
    endloop
  endfacet
  facet normal 0 0.216418 0.976301
    outer loop
      vertex 10.9859 -0.323524 7.79259
      vertex 4.16552 -0.21706 7.76899
      vertex 4.16087 -0.323524 7.79259
    endloop
  endfacet
  facet normal 0 0.843661 0.536875
    outer loop
      vertex 10.9418 -1.08253 8.375
      vertex 4.03274 -1.08057 8.37192
      vertex 4.03212 -1.08253 8.375
    endloop
  endfacet
  facet normal -0 0.843397 0.537291
    outer loop
      vertex 4.04529 -1.02394 8.28303
      vertex 10.9418 -1.08253 8.375
      vertex 10.9496 -1.02394 8.28303
    endloop
  endfacet
  facet normal -2.69144e-07 0.843388 0.537305
    outer loop
      vertex 10.9418 -1.08253 8.375
      vertex 4.04529 -1.02394 8.28303
      vertex 4.03274 -1.08057 8.37192
    endloop
  endfacet
  facet normal 0 -0.843661 0.536875
    outer loop
      vertex 4.03274 1.08057 8.37192
      vertex 10.9418 1.08253 8.375
      vertex 4.03212 1.08253 8.375
    endloop
  endfacet
  facet normal -2.69144e-07 -0.843388 0.537305
    outer loop
      vertex 4.04529 1.02394 8.28303
      vertex 10.9418 1.08253 8.375
      vertex 4.03274 1.08057 8.37192
    endloop
  endfacet
  facet normal 0 -0.843397 0.537291
    outer loop
      vertex 10.9418 1.08253 8.375
      vertex 4.04529 1.02394 8.28303
      vertex 10.9496 1.02394 8.28303
    endloop
  endfacet
  facet normal 0 -0.887028 0.461717
    outer loop
      vertex 4.03212 1.08253 8.375
      vertex 10.9352 1.13288 8.47173
      vertex 4.01624 1.13288 8.47173
    endloop
  endfacet
  facet normal 0 -0.887028 0.461717
    outer loop
      vertex 10.9352 1.13288 8.47173
      vertex 4.03212 1.08253 8.375
      vertex 10.9418 1.08253 8.375
    endloop
  endfacet
  facet normal 0 -0.608562 -0.793506
    outer loop
      vertex 4.11263 0.71697 10.0239
      vertex 10.9649 0.803484 9.95755
      vertex 10.9687 0.71697 10.0239
    endloop
  endfacet
  facet normal -5.39475e-05 -0.605868 -0.795565
    outer loop
      vertex 4.11157 0.72498 10.0178
      vertex 10.9649 0.803484 9.95755
      vertex 4.11263 0.71697 10.0239
    endloop
  endfacet
  facet normal -0 -0.608836 -0.793296
    outer loop
      vertex 10.9649 0.803484 9.95755
      vertex 4.11157 0.72498 10.0178
      vertex 4.09417 0.803484 9.95755
    endloop
  endfacet
  facet normal -0 0.999047 0.0436521
    outer loop
      vertex 3.98082 -1.24524 8.89106
      vertex 10.9198 -1.25 9
      vertex 10.9204 -1.24524 8.89106
    endloop
  endfacet
  facet normal 0 0.999047 0.0436521
    outer loop
      vertex 10.9198 -1.25 9
      vertex 3.98082 -1.24524 8.89106
      vertex 3.97932 -1.25 9
    endloop
  endfacet
  facet normal -0 0.537291 0.843397
    outer loop
      vertex 4.12473 -0.625 7.91747
      vertex 10.9687 -0.71697 7.97606
      vertex 10.9727 -0.625 7.91747
    endloop
  endfacet
  facet normal 0 0.537291 0.843397
    outer loop
      vertex 10.9687 -0.71697 7.97606
      vertex 4.12473 -0.625 7.91747
      vertex 4.11263 -0.71697 7.97606
    endloop
  endfacet
  facet normal -0 0.67563 0.737241
    outer loop
      vertex 4.09417 -0.803484 8.04244
      vertex 10.9614 -0.883883 8.11612
      vertex 10.9649 -0.803484 8.04244
    endloop
  endfacet
  facet normal 0 0.67563 0.737241
    outer loop
      vertex 10.9614 -0.883883 8.11612
      vertex 4.09417 -0.803484 8.04244
      vertex 4.07634 -0.883883 8.11612
    endloop
  endfacet
  facet normal -0 -0.953693 -0.30078
    outer loop
      vertex 10.9254 1.20741 9.32352
      vertex 4.00309 1.17461 9.42752
      vertex 3.99275 1.20741 9.32352
    endloop
  endfacet
  facet normal 0 -0.953693 -0.30078
    outer loop
      vertex 4.00309 1.17461 9.42752
      vertex 10.9254 1.20741 9.32352
      vertex 10.9297 1.17461 9.42752
    endloop
  endfacet
  facet normal -0 0.130492 0.991449
    outer loop
      vertex 4.17024 -0.108944 7.75476
      vertex 10.9905 -0.21706 7.76899
      vertex 10.9952 -0.108944 7.75476
    endloop
  endfacet
  facet normal 0 0.130492 0.991449
    outer loop
      vertex 10.9905 -0.21706 7.76899
      vertex 4.17024 -0.108944 7.75476
      vertex 4.16552 -0.21706 7.76899
    endloop
  endfacet
  facet normal 0 -0.300694 0.953721
    outer loop
      vertex 10.9813 0.427525 7.82538
      vertex 4.16087 0.323524 7.79259
      vertex 10.9859 0.323524 7.79259
    endloop
  endfacet
  facet normal 2.96512e-06 -0.300871 0.953665
    outer loop
      vertex 10.9813 0.427525 7.82538
      vertex 4.15911 0.363874 7.80532
      vertex 4.16087 0.323524 7.79259
    endloop
  endfacet
  facet normal 0 -0.300582 0.953756
    outer loop
      vertex 4.15911 0.363874 7.80532
      vertex 10.9813 0.427525 7.82538
      vertex 4.15073 0.427525 7.82538
    endloop
  endfacet
  facet normal 0 0.462088 -0.886834
    outer loop
      vertex 10.9727 -0.625 10.0825
      vertex 4.13747 -0.528273 10.1329
      vertex 10.9769 -0.528273 10.1329
    endloop
  endfacet
  facet normal 0 0.462088 -0.886834
    outer loop
      vertex 4.13747 -0.528273 10.1329
      vertex 10.9727 -0.625 10.0825
      vertex 4.12473 -0.625 10.0825
    endloop
  endfacet
  facet normal 0 -0.461728 0.887022
    outer loop
      vertex 10.9727 0.625 7.91747
      vertex 4.13747 0.528273 7.86712
      vertex 10.9769 0.528273 7.86712
    endloop
  endfacet
  facet normal 0 -0.461728 0.887022
    outer loop
      vertex 4.13747 0.528273 7.86712
      vertex 10.9727 0.625 7.91747
      vertex 4.12473 0.625 7.91747
    endloop
  endfacet
  facet normal 0 0.843397 -0.537291
    outer loop
      vertex 10.9418 -1.08253 9.625
      vertex 4.04529 -1.02394 9.71697
      vertex 10.9496 -1.02394 9.71697
    endloop
  endfacet
  facet normal -2.69144e-07 0.843388 -0.537305
    outer loop
      vertex 4.04529 -1.02394 9.71697
      vertex 10.9418 -1.08253 9.625
      vertex 4.03274 -1.08057 9.62808
    endloop
  endfacet
  facet normal 0 0.843661 -0.536875
    outer loop
      vertex 4.03274 -1.08057 9.62808
      vertex 10.9418 -1.08253 9.625
      vertex 4.03212 -1.08253 9.625
    endloop
  endfacet
  facet normal 0 -0.537356 -0.843356
    outer loop
      vertex 4.12473 0.625 10.0825
      vertex 10.9687 0.71697 10.0239
      vertex 10.9727 0.625 10.0825
    endloop
  endfacet
  facet normal -0 -0.537356 -0.843356
    outer loop
      vertex 10.9687 0.71697 10.0239
      vertex 4.12473 0.625 10.0825
      vertex 4.11263 0.71697 10.0239
    endloop
  endfacet
  facet normal 0 0.608562 -0.793506
    outer loop
      vertex 10.9649 -0.803484 9.95755
      vertex 4.11263 -0.71697 10.0239
      vertex 10.9687 -0.71697 10.0239
    endloop
  endfacet
  facet normal -5.39475e-05 0.605868 -0.795565
    outer loop
      vertex 10.9649 -0.803484 9.95755
      vertex 4.11157 -0.72498 10.0178
      vertex 4.11263 -0.71697 10.0239
    endloop
  endfacet
  facet normal 0 0.608836 -0.793296
    outer loop
      vertex 4.11157 -0.72498 10.0178
      vertex 10.9649 -0.803484 9.95755
      vertex 4.09417 -0.803484 9.95755
    endloop
  endfacet
  facet normal -2.69144e-07 -0.843388 -0.537305
    outer loop
      vertex 10.9418 1.08253 9.625
      vertex 4.04529 1.02394 9.71697
      vertex 4.03274 1.08057 9.62808
    endloop
  endfacet
  facet normal -0 -0.843661 -0.536875
    outer loop
      vertex 10.9418 1.08253 9.625
      vertex 4.03274 1.08057 9.62808
      vertex 4.03212 1.08253 9.625
    endloop
  endfacet
  facet normal 0 -0.843397 -0.537291
    outer loop
      vertex 4.04529 1.02394 9.71697
      vertex 10.9418 1.08253 9.625
      vertex 10.9496 1.02394 9.71697
    endloop
  endfacet
  facet normal 0 -0.216418 -0.976301
    outer loop
      vertex 4.16552 0.21706 10.231
      vertex 10.9859 0.323524 10.2074
      vertex 10.9905 0.21706 10.231
    endloop
  endfacet
  facet normal -0 -0.216418 -0.976301
    outer loop
      vertex 10.9859 0.323524 10.2074
      vertex 4.16552 0.21706 10.231
      vertex 4.16087 0.323524 10.2074
    endloop
  endfacet
  facet normal -0 -0.976299 -0.216426
    outer loop
      vertex 10.9223 1.23101 9.21706
      vertex 3.99275 1.20741 9.32352
      vertex 3.98531 1.23101 9.21706
    endloop
  endfacet
  facet normal 0 -0.976299 -0.216426
    outer loop
      vertex 3.99275 1.20741 9.32352
      vertex 10.9223 1.23101 9.21706
      vertex 10.9254 1.20741 9.32352
    endloop
  endfacet
  facet normal -0 -0.887028 -0.461717
    outer loop
      vertex 10.9352 1.13288 9.52827
      vertex 4.03212 1.08253 9.625
      vertex 4.01624 1.13288 9.52827
    endloop
  endfacet
  facet normal 0 -0.887028 -0.461717
    outer loop
      vertex 4.03212 1.08253 9.625
      vertex 10.9352 1.13288 9.52827
      vertex 10.9418 1.08253 9.625
    endloop
  endfacet
  facet normal 0 0.67558 -0.737287
    outer loop
      vertex 10.9614 -0.883883 9.88388
      vertex 4.09417 -0.803484 9.95755
      vertex 10.9649 -0.803484 9.95755
    endloop
  endfacet
  facet normal 0 0.67558 -0.737287
    outer loop
      vertex 4.09417 -0.803484 9.95755
      vertex 10.9614 -0.883883 9.88388
      vertex 4.07634 -0.883883 9.88388
    endloop
  endfacet
  facet normal 0 -0.67558 -0.737287
    outer loop
      vertex 4.09417 0.803484 9.95755
      vertex 10.9614 0.883883 9.88388
      vertex 10.9649 0.803484 9.95755
    endloop
  endfacet
  facet normal -0 -0.67558 -0.737287
    outer loop
      vertex 10.9614 0.883883 9.88388
      vertex 4.09417 0.803484 9.95755
      vertex 4.07634 0.883883 9.88388
    endloop
  endfacet
  facet normal -0 0.461728 0.887022
    outer loop
      vertex 4.13747 -0.528273 7.86712
      vertex 10.9727 -0.625 7.91747
      vertex 10.9769 -0.528273 7.86712
    endloop
  endfacet
  facet normal 0 0.461728 0.887022
    outer loop
      vertex 10.9727 -0.625 7.91747
      vertex 4.13747 -0.528273 7.86712
      vertex 4.12473 -0.625 7.91747
    endloop
  endfacet
  facet normal -0 0.382752 0.923851
    outer loop
      vertex 4.15073 -0.427525 7.82538
      vertex 10.9769 -0.528273 7.86712
      vertex 10.9813 -0.427525 7.82538
    endloop
  endfacet
  facet normal 0 0.382752 0.923851
    outer loop
      vertex 10.9769 -0.528273 7.86712
      vertex 4.15073 -0.427525 7.82538
      vertex 4.13747 -0.528273 7.86712
    endloop
  endfacet
  facet normal 0 -0.953702 0.300754
    outer loop
      vertex 4.00309 1.17461 8.57247
      vertex 10.9254 1.20741 8.67648
      vertex 3.99275 1.20741 8.67648
    endloop
  endfacet
  facet normal 0 -0.953702 0.300754
    outer loop
      vertex 10.9254 1.20741 8.67648
      vertex 4.00309 1.17461 8.57247
      vertex 10.9297 1.17461 8.57247
    endloop
  endfacet
  facet normal 0 -0.130222 -0.991485
    outer loop
      vertex 4.17024 0.108944 10.2452
      vertex 10.9905 0.21706 10.231
      vertex 10.9952 0.108944 10.2452
    endloop
  endfacet
  facet normal -0 -0.130222 -0.991485
    outer loop
      vertex 10.9905 0.21706 10.231
      vertex 4.17024 0.108944 10.2452
      vertex 4.16552 0.21706 10.231
    endloop
  endfacet
  facet normal -0 -0.999047 -0.0436521
    outer loop
      vertex 10.9198 1.25 9
      vertex 3.98082 1.24524 9.10894
      vertex 3.97932 1.25 9
    endloop
  endfacet
  facet normal 0 -0.999047 -0.0436521
    outer loop
      vertex 3.98082 1.24524 9.10894
      vertex 10.9198 1.25 9
      vertex 10.9204 1.24524 9.10894
    endloop
  endfacet
  facet normal 0 0.999047 -0.0436521
    outer loop
      vertex 10.9198 -1.25 9
      vertex 3.98082 -1.24524 9.10894
      vertex 10.9204 -1.24524 9.10894
    endloop
  endfacet
  facet normal 0 0.999047 -0.0436521
    outer loop
      vertex 3.98082 -1.24524 9.10894
      vertex 10.9198 -1.25 9
      vertex 3.97932 -1.25 9
    endloop
  endfacet
  facet normal 0 0.976299 -0.216426
    outer loop
      vertex 10.9223 -1.23101 9.21706
      vertex 3.99275 -1.20741 9.32352
      vertex 10.9254 -1.20741 9.32352
    endloop
  endfacet
  facet normal 0 0.976299 -0.216426
    outer loop
      vertex 3.99275 -1.20741 9.32352
      vertex 10.9223 -1.23101 9.21706
      vertex 3.98531 -1.23101 9.21706
    endloop
  endfacet
  facet normal 0 0.0440166 -0.999031
    outer loop
      vertex 10.9952 -0.108944 10.2452
      vertex 4.175 0 10.25
      vertex 11 0 10.25
    endloop
  endfacet
  facet normal 0 0.0440166 -0.999031
    outer loop
      vertex 4.175 0 10.25
      vertex 10.9952 -0.108944 10.2452
      vertex 4.17024 -0.108944 10.2452
    endloop
  endfacet
  facet normal 0 0.737282 -0.675585
    outer loop
      vertex 10.9582 -0.957555 9.80348
      vertex 4.07634 -0.883883 9.88388
      vertex 10.9614 -0.883883 9.88388
    endloop
  endfacet
  facet normal 0 0.737282 -0.675585
    outer loop
      vertex 4.07634 -0.883883 9.88388
      vertex 10.9582 -0.957555 9.80348
      vertex 4.06001 -0.957555 9.80348
    endloop
  endfacet
  facet normal 0 0.923886 -0.382668
    outer loop
      vertex 10.9297 -1.17461 9.42752
      vertex 4.01624 -1.13288 9.52827
      vertex 10.9352 -1.13288 9.52827
    endloop
  endfacet
  facet normal 0 0.923886 -0.382668
    outer loop
      vertex 4.01624 -1.13288 9.52827
      vertex 10.9297 -1.17461 9.42752
      vertex 4.00309 -1.17461 9.42752
    endloop
  endfacet
  facet normal 0 -0.976299 0.216426
    outer loop
      vertex 3.99275 1.20741 8.67648
      vertex 10.9223 1.23101 8.78294
      vertex 3.98531 1.23101 8.78294
    endloop
  endfacet
  facet normal 0 -0.976299 0.216426
    outer loop
      vertex 10.9223 1.23101 8.78294
      vertex 3.99275 1.20741 8.67648
      vertex 10.9254 1.20741 8.67648
    endloop
  endfacet
  facet normal -0 0.737282 0.675585
    outer loop
      vertex 4.07634 -0.883883 8.11612
      vertex 10.9582 -0.957555 8.19652
      vertex 10.9614 -0.883883 8.11612
    endloop
  endfacet
  facet normal 0 0.737282 0.675585
    outer loop
      vertex 10.9582 -0.957555 8.19652
      vertex 4.07634 -0.883883 8.11612
      vertex 4.06001 -0.957555 8.19652
    endloop
  endfacet
  facet normal 0 -0.0440166 -0.999031
    outer loop
      vertex 4.175 0 10.25
      vertex 10.9952 0.108944 10.2452
      vertex 11 0 10.25
    endloop
  endfacet
  facet normal -0 -0.0440166 -0.999031
    outer loop
      vertex 10.9952 0.108944 10.2452
      vertex 4.175 0 10.25
      vertex 4.17024 0.108944 10.2452
    endloop
  endfacet
  facet normal 0 -0.923873 0.3827
    outer loop
      vertex 4.01624 1.13288 8.47173
      vertex 10.9297 1.17461 8.57247
      vertex 4.00309 1.17461 8.57247
    endloop
  endfacet
  facet normal 0 -0.923873 0.3827
    outer loop
      vertex 10.9297 1.17461 8.57247
      vertex 4.01624 1.13288 8.47173
      vertex 10.9352 1.13288 8.47173
    endloop
  endfacet
  facet normal 0 0.99145 -0.130488
    outer loop
      vertex 10.9204 -1.24524 9.10894
      vertex 3.98531 -1.23101 9.21706
      vertex 10.9223 -1.23101 9.21706
    endloop
  endfacet
  facet normal 0 0.99145 -0.130488
    outer loop
      vertex 3.98531 -1.23101 9.21706
      vertex 10.9204 -1.24524 9.10894
      vertex 3.98082 -1.24524 9.10894
    endloop
  endfacet
  facet normal 0 0.887028 -0.461717
    outer loop
      vertex 10.9352 -1.13288 9.52827
      vertex 4.03212 -1.08253 9.625
      vertex 10.9418 -1.08253 9.625
    endloop
  endfacet
  facet normal 0 0.887028 -0.461717
    outer loop
      vertex 4.03212 -1.08253 9.625
      vertex 10.9352 -1.13288 9.52827
      vertex 4.01624 -1.13288 9.52827
    endloop
  endfacet
  facet normal -0 0.923873 0.3827
    outer loop
      vertex 4.01624 -1.13288 8.47173
      vertex 10.9297 -1.17461 8.57247
      vertex 10.9352 -1.13288 8.47173
    endloop
  endfacet
  facet normal 0 0.923873 0.3827
    outer loop
      vertex 10.9297 -1.17461 8.57247
      vertex 4.01624 -1.13288 8.47173
      vertex 4.00309 -1.17461 8.57247
    endloop
  endfacet
endsolid OpenSCAD_Model
