solid OpenSCAD_Model
  facet normal 0.991438 0.13058 0
    outer loop
      vertex 11.8177 2.08378 10
      vertex 11.869 1.69428 3.1
      vertex 11.8177 2.08378 3
    endloop
  endfacet
  facet normal 0.99145 0.130485 5.41066e-06
    outer loop
      vertex 11.9543 1.04587 10
      vertex 11.869 1.69428 3.1
      vertex 11.8177 2.08378 10
    endloop
  endfacet
  facet normal 0.991458 0.130429 0
    outer loop
      vertex 11.869 1.69428 3.1
      vertex 11.9543 1.04587 10
      vertex 11.9543 1.04587 3.1
    endloop
  endfacet
  facet normal 0.991438 0.13058 0
    outer loop
      vertex 11.8177 2.08378 3
      vertex 11.869 1.69428 3.1
      vertex 11.869 1.69428 3
    endloop
  endfacet
  facet normal 0.999047 0.043654 0
    outer loop
      vertex 12 0 10
      vertex 11.9543 1.04587 3.1
      vertex 11.9543 1.04587 10
    endloop
  endfacet
  facet normal 0.999047 0.043654 0
    outer loop
      vertex 11.9543 1.04587 3.1
      vertex 12 0 10
      vertex 12 0 3.1
    endloop
  endfacet
  facet normal 0.976293 0.216455 0
    outer loop
      vertex 11.8177 2.08378 10
      vertex 11.5911 3.10583 3
      vertex 11.5911 3.10583 10
    endloop
  endfacet
  facet normal 0.976293 0.216455 0
    outer loop
      vertex 11.5911 3.10583 3
      vertex 11.8177 2.08378 10
      vertex 11.8177 2.08378 3
    endloop
  endfacet
  facet normal -0.608763 -0.793352 -1.37388e-07
    outer loop
      vertex -7.71345 -9.19253 10
      vertex -7.40177 -9.43169 3.1
      vertex -6.88292 -9.82982 10
    endloop
  endfacet
  facet normal -0.608761 -0.793354 0
    outer loop
      vertex -7.71345 -9.19253 3
      vertex -7.40177 -9.43169 3.1
      vertex -7.71345 -9.19253 10
    endloop
  endfacet
  facet normal -0.608761 -0.793354 -0
    outer loop
      vertex -7.40177 -9.43169 3.1
      vertex -7.71345 -9.19253 3
      vertex -7.40177 -9.43169 3
    endloop
  endfacet
  facet normal -0.608764 -0.793352 -0
    outer loop
      vertex -6.88292 -9.82982 10
      vertex -7.40177 -9.43169 3.1
      vertex -6.88292 -9.82982 3.1
    endloop
  endfacet
  facet normal -0.923886 -0.382668 0
    outer loop
      vertex -10.8757 -5.07142 3
      vertex -11.2763 -4.10424 10
      vertex -11.2763 -4.10424 3
    endloop
  endfacet
  facet normal -0.923886 -0.382668 0
    outer loop
      vertex -11.2763 -4.10424 10
      vertex -10.8757 -5.07142 3
      vertex -10.8757 -5.07142 10
    endloop
  endfacet
  facet normal -0.887006 0.461758 0
    outer loop
      vertex -10.8757 5.07142 3
      vertex -10.3923 6 10
      vertex -10.3923 6 3
    endloop
  endfacet
  facet normal -0.887006 0.461758 0
    outer loop
      vertex -10.3923 6 10
      vertex -10.8757 5.07142 3
      vertex -10.8757 5.07142 10
    endloop
  endfacet
  facet normal 0.537298 -0.843392 0
    outer loop
      vertex 6 -10.3923 3.1
      vertex 6.88292 -9.82982 10
      vertex 6 -10.3923 10
    endloop
  endfacet
  facet normal 0.537298 -0.843392 0
    outer loop
      vertex 6.88292 -9.82982 10
      vertex 6 -10.3923 3.1
      vertex 6.88292 -9.82982 3.1
    endloop
  endfacet
  facet normal 0.608764 -0.793352 0
    outer loop
      vertex 7.40177 -9.43169 3.1
      vertex 6.88292 -9.82982 10
      vertex 6.88292 -9.82982 3.1
    endloop
  endfacet
  facet normal 0.608763 -0.793352 -1.37388e-07
    outer loop
      vertex 6.88292 -9.82982 10
      vertex 7.40177 -9.43169 3.1
      vertex 7.71345 -9.19253 10
    endloop
  endfacet
  facet normal 0.608761 -0.793354 0
    outer loop
      vertex 7.71345 -9.19253 3
      vertex 7.40177 -9.43169 3.1
      vertex 7.40177 -9.43169 3
    endloop
  endfacet
  facet normal 0.608761 -0.793354 0
    outer loop
      vertex 7.40177 -9.43169 3.1
      vertex 7.71345 -9.19253 3
      vertex 7.71345 -9.19253 10
    endloop
  endfacet
  facet normal -0.793352 -0.608763 0
    outer loop
      vertex -9.19253 -7.71345 3
      vertex -9.82982 -6.88292 10
      vertex -9.82982 -6.88292 3
    endloop
  endfacet
  facet normal -0.793352 -0.608763 0
    outer loop
      vertex -9.82982 -6.88292 10
      vertex -9.19253 -7.71345 3
      vertex -9.19253 -7.71345 10
    endloop
  endfacet
  facet normal 0.976293 -0.216455 0
    outer loop
      vertex 11.5911 -3.10583 10
      vertex 11.8177 -2.08378 3
      vertex 11.8177 -2.08378 10
    endloop
  endfacet
  facet normal 0.976293 -0.216455 0
    outer loop
      vertex 11.8177 -2.08378 3
      vertex 11.5911 -3.10583 10
      vertex 11.5911 -3.10583 3
    endloop
  endfacet
  facet normal 0.130485 0.99145 -0
    outer loop
      vertex 2.08378 11.8177 3
      vertex 1.04587 11.9543 10
      vertex 2.08378 11.8177 10
    endloop
  endfacet
  facet normal 0.130485 0.99145 0
    outer loop
      vertex 1.04587 11.9543 10
      vertex 2.08378 11.8177 3
      vertex 1.04587 11.9543 3
    endloop
  endfacet
  facet normal 0.043654 -0.999047 0
    outer loop
      vertex 0 -12 3
      vertex 1.04587 -11.9543 10
      vertex 0 -12 10
    endloop
  endfacet
  facet normal 0.043654 -0.999047 0
    outer loop
      vertex 1.04587 -11.9543 10
      vertex 0 -12 3
      vertex 1.04587 -11.9543 3
    endloop
  endfacet
  facet normal -0 0 -1
    outer loop
      vertex -6.43999 8.75023 0
      vertex -10.7979 1.20208 0
      vertex -6.58143 8.79483 0
    endloop
  endfacet
  facet normal 0 0 -1
    outer loop
      vertex -10.9073 1.30227 0
      vertex -6.58143 8.79483 0
      vertex -10.7979 1.20208 0
    endloop
  endfacet
  facet normal -0 0 -1
    outer loop
      vertex -6.58143 8.79483 0
      vertex -10.9073 1.30227 0
      vertex -6.71845 8.85158 0
    endloop
  endfacet
  facet normal 0 0 -1
    outer loop
      vertex -11.0249 1.39256 0
      vertex -6.71845 8.85158 0
      vertex -10.9073 1.30227 0
    endloop
  endfacet
  facet normal -0 0 -1
    outer loop
      vertex -6.71845 8.85158 0
      vertex -11.0249 1.39256 0
      vertex -6.85 8.92006 0
    endloop
  endfacet
  facet normal 0 0 -1
    outer loop
      vertex -11.15 1.47224 0
      vertex -6.85 8.92006 0
      vertex -11.0249 1.39256 0
    endloop
  endfacet
  facet normal -0 0 -1
    outer loop
      vertex -6.85 8.92006 0
      vertex -11.15 1.47224 0
      vertex -6.97508 8.99975 0
    endloop
  endfacet
  facet normal 0 0 -1
    outer loop
      vertex -12.9904 7.5 0
      vertex -6.97508 8.99975 0
      vertex -11.15 1.47224 0
    endloop
  endfacet
  facet normal 0 0 -1
    outer loop
      vertex -7.39256 9.41722 0
      vertex -10.6066 10.6066 0
      vertex -9.64181 11.4907 0
    endloop
  endfacet
  facet normal -0 0 -1
    outer loop
      vertex -6.97508 8.99975 0
      vertex -12.9904 7.5 0
      vertex -7.09274 9.09003 0
    endloop
  endfacet
  facet normal 0 -0 -1
    outer loop
      vertex -12.2873 8.60365 0
      vertex -7.09274 9.09003 0
      vertex -12.9904 7.5 0
    endloop
  endfacet
  facet normal -0 0 -1
    outer loop
      vertex -7.09274 9.09003 0
      vertex -12.2873 8.60365 0
      vertex -7.20208 9.19022 0
    endloop
  endfacet
  facet normal -0 0 -1
    outer loop
      vertex -7.20208 9.19022 0
      vertex -12.2873 8.60365 0
      vertex -7.30227 9.29957 0
    endloop
  endfacet
  facet normal 0 0 -1
    outer loop
      vertex -12.9904 7.5 0
      vertex -11.15 1.47224 0
      vertex -11.2815 1.54072 0
    endloop
  endfacet
  facet normal 0 0 -1
    outer loop
      vertex -12.9904 7.5 0
      vertex -11.2815 1.54072 0
      vertex -11.4186 1.59748 0
    endloop
  endfacet
  facet normal 0 0 -1
    outer loop
      vertex -7.39256 9.41722 0
      vertex -11.4907 9.64181 0
      vertex -10.6066 10.6066 0
    endloop
  endfacet
  facet normal 0 0 -1
    outer loop
      vertex -13.5946 6.33927 0
      vertex -11.4186 1.59748 0
      vertex -11.56 1.64207 0
    endloop
  endfacet
  facet normal 0 0 -1
    outer loop
      vertex -13.5946 6.33927 0
      vertex -11.56 1.64207 0
      vertex -11.7048 1.67417 0
    endloop
  endfacet
  facet normal 0 0 -1
    outer loop
      vertex -14.0954 5.1303 0
      vertex -11.7048 1.67417 0
      vertex -11.8518 1.69353 0
    endloop
  endfacet
  facet normal 0 0 -1
    outer loop
      vertex -14.0954 5.1303 0
      vertex -11.8518 1.69353 0
      vertex -12 1.7 0
    endloop
  endfacet
  facet normal 0 0 -1
    outer loop
      vertex -14.0954 5.1303 0
      vertex -12 1.7 0
      vertex -12.1482 1.69353 0
    endloop
  endfacet
  facet normal 0 0 -1
    outer loop
      vertex -7.30227 9.29957 0
      vertex -11.4907 9.64181 0
      vertex -7.39256 9.41722 0
    endloop
  endfacet
  facet normal 0 0 -1
    outer loop
      vertex -14.4889 3.88229 0
      vertex -12.1482 1.69353 0
      vertex -12.2952 1.67417 0
    endloop
  endfacet
  facet normal 0 0 -1
    outer loop
      vertex -14.4889 3.88229 0
      vertex -12.2952 1.67417 0
      vertex -12.44 1.64207 0
    endloop
  endfacet
  facet normal 0 0 -1
    outer loop
      vertex -14.4889 3.88229 0
      vertex -12.44 1.64207 0
      vertex -12.5814 1.59748 0
    endloop
  endfacet
  facet normal 0 0 -1
    outer loop
      vertex -14.4889 3.88229 0
      vertex -12.5814 1.59748 0
      vertex -12.7185 1.54072 0
    endloop
  endfacet
  facet normal 0 0 -1
    outer loop
      vertex -14.7721 2.60472 0
      vertex -12.7185 1.54072 0
      vertex -12.85 1.47224 0
    endloop
  endfacet
  facet normal 0 0 -1
    outer loop
      vertex -14.7721 2.60472 0
      vertex -12.85 1.47224 0
      vertex -12.9751 1.39256 0
    endloop
  endfacet
  facet normal 0 -0 -1
    outer loop
      vertex -11.4907 9.64181 0
      vertex -7.30227 9.29957 0
      vertex -12.2873 8.60365 0
    endloop
  endfacet
  facet normal 0 0 -1
    outer loop
      vertex -14.7721 2.60472 0
      vertex -12.9751 1.39256 0
      vertex -13.0927 1.30227 0
    endloop
  endfacet
  facet normal 0 0 -1
    outer loop
      vertex -14.7721 2.60472 0
      vertex -13.0927 1.30227 0
      vertex -13.2021 1.20208 0
    endloop
  endfacet
  facet normal 0 0 -1
    outer loop
      vertex -14.7721 2.60472 0
      vertex -13.2021 1.20208 0
      vertex -13.3023 1.09274 0
    endloop
  endfacet
  facet normal 0 0 -1
    outer loop
      vertex -14.9429 1.30734 0
      vertex -13.3023 1.09274 0
      vertex -13.3926 0.97508 0
    endloop
  endfacet
  facet normal 0 0 -1
    outer loop
      vertex -14.9429 1.30734 0
      vertex -13.3926 0.97508 0
      vertex -13.4722 0.849999 0
    endloop
  endfacet
  facet normal 0 0 -1
    outer loop
      vertex -14.9429 1.30734 0
      vertex -13.4722 0.849999 0
      vertex -13.5407 0.718451 0
    endloop
  endfacet
  facet normal 0 0 -1
    outer loop
      vertex -11.4186 1.59748 0
      vertex -13.5946 6.33927 0
      vertex -12.9904 7.5 0
    endloop
  endfacet
  facet normal 0 0 -1
    outer loop
      vertex -14.9429 1.30734 0
      vertex -13.5407 0.718451 0
      vertex -13.5975 0.581433 0
    endloop
  endfacet
  facet normal 0 0 -1
    outer loop
      vertex -14.9429 1.30734 0
      vertex -13.5975 0.581433 0
      vertex -13.6421 0.439992 0
    endloop
  endfacet
  facet normal 0 0 -1
    outer loop
      vertex -15 0 0
      vertex -13.6421 0.439992 0
      vertex -13.6742 0.295201 0
    endloop
  endfacet
  facet normal 0 0 -1
    outer loop
      vertex -15 0 0
      vertex -13.6742 0.295201 0
      vertex -13.6935 0.148165 0
    endloop
  endfacet
  facet normal 0 0 -1
    outer loop
      vertex -15 0 0
      vertex -13.6935 0.148165 0
      vertex -13.7 0 0
    endloop
  endfacet
  facet normal 0 0 -1
    outer loop
      vertex -15 0 0
      vertex -13.6421 -0.439992 0
      vertex -14.9429 -1.30734 0
    endloop
  endfacet
  facet normal 0 0 -1
    outer loop
      vertex -11.7048 1.67417 0
      vertex -14.0954 5.1303 0
      vertex -13.5946 6.33927 0
    endloop
  endfacet
  facet normal 0 0 -1
    outer loop
      vertex -13.6421 -0.439992 0
      vertex -15 0 0
      vertex -13.6742 -0.295201 0
    endloop
  endfacet
  facet normal 0 0 -1
    outer loop
      vertex -12.1482 1.69353 0
      vertex -14.4889 3.88229 0
      vertex -14.0954 5.1303 0
    endloop
  endfacet
  facet normal 0 0 -1
    outer loop
      vertex -13.6742 -0.295201 0
      vertex -15 0 0
      vertex -13.6935 -0.148165 0
    endloop
  endfacet
  facet normal 0 0 -1
    outer loop
      vertex -12.7185 1.54072 0
      vertex -14.7721 2.60472 0
      vertex -14.4889 3.88229 0
    endloop
  endfacet
  facet normal 0 0 -1
    outer loop
      vertex -13.6935 -0.148165 0
      vertex -15 0 0
      vertex -13.7 0 0
    endloop
  endfacet
  facet normal 0 0 -1
    outer loop
      vertex -13.3023 1.09274 0
      vertex -14.9429 1.30734 0
      vertex -14.7721 2.60472 0
    endloop
  endfacet
  facet normal -0 0 -1
    outer loop
      vertex -13.6421 0.439992 0
      vertex -15 0 0
      vertex -14.9429 1.30734 0
    endloop
  endfacet
  facet normal -0 0 -1
    outer loop
      vertex -2.0375 -3.52905 0
      vertex -5.28155 -8.85158 0
      vertex -2.33732 -3.33804 0
    endloop
  endfacet
  facet normal 0 0 -1
    outer loop
      vertex -4.075 0 0
      vertex -4.30647 10.2441 0
      vertex -4.3 10.3923 0
    endloop
  endfacet
  facet normal 0 0 -1
    outer loop
      vertex -5.41857 -8.79483 0
      vertex -2.33732 -3.33804 0
      vertex -5.28155 -8.85158 0
    endloop
  endfacet
  facet normal 0 0 -1
    outer loop
      vertex -4.075 0 0
      vertex -4.32583 10.0971 0
      vertex -4.30647 10.2441 0
    endloop
  endfacet
  facet normal -0 0 -1
    outer loop
      vertex -2.33732 -3.33804 0
      vertex -5.41857 -8.79483 0
      vertex -2.61936 -3.12163 0
    endloop
  endfacet
  facet normal 0 0 -1
    outer loop
      vertex -4.075 0 0
      vertex -4.35793 9.95231 0
      vertex -4.32583 10.0971 0
    endloop
  endfacet
  facet normal 0 0 -1
    outer loop
      vertex -5.56001 -8.75023 0
      vertex -2.61936 -3.12163 0
      vertex -5.41857 -8.79483 0
    endloop
  endfacet
  facet normal 0 0 -1
    outer loop
      vertex -4.075 0 0
      vertex -4.40252 9.81087 0
      vertex -4.35793 9.95231 0
    endloop
  endfacet
  facet normal 0 0 -1
    outer loop
      vertex -5.7048 -8.71813 0
      vertex -2.61936 -3.12163 0
      vertex -5.56001 -8.75023 0
    endloop
  endfacet
  facet normal 0 0 -1
    outer loop
      vertex -4.075 0 0
      vertex -4.45928 9.67385 0
      vertex -4.40252 9.81087 0
    endloop
  endfacet
  facet normal -0 0 -1
    outer loop
      vertex -2.61936 -3.12163 0
      vertex -5.7048 -8.71813 0
      vertex -2.88146 -2.88146 0
    endloop
  endfacet
  facet normal 0 0 -1
    outer loop
      vertex -4.075 0 0
      vertex -4.52776 9.5423 0
      vertex -4.45928 9.67385 0
    endloop
  endfacet
  facet normal 0 0 -1
    outer loop
      vertex -5.85183 -8.69877 0
      vertex -2.88146 -2.88146 0
      vertex -5.7048 -8.71813 0
    endloop
  endfacet
  facet normal 0 0 -1
    outer loop
      vertex -4.075 0 0
      vertex -4.60744 9.41722 0
      vertex -4.52776 9.5423 0
    endloop
  endfacet
  facet normal -0 0 -1
    outer loop
      vertex -2.88146 -2.88146 0
      vertex -5.85183 -8.69877 0
      vertex -3.12163 -2.61936 0
    endloop
  endfacet
  facet normal 0 0 -1
    outer loop
      vertex -4.075 0 0
      vertex -4.69772 9.29957 0
      vertex -4.60744 9.41722 0
    endloop
  endfacet
  facet normal 0 0 -1
    outer loop
      vertex -6 -8.6923 0
      vertex -3.12163 -2.61936 0
      vertex -5.85183 -8.69877 0
    endloop
  endfacet
  facet normal 0 0 -1
    outer loop
      vertex -4.075 0 0
      vertex -4.79792 9.19022 0
      vertex -4.69772 9.29957 0
    endloop
  endfacet
  facet normal 0 0 -1
    outer loop
      vertex -6.14816 -8.69877 0
      vertex -3.12163 -2.61936 0
      vertex -6 -8.6923 0
    endloop
  endfacet
  facet normal 0 0 -1
    outer loop
      vertex -4.075 0 0
      vertex -4.90726 9.09003 0
      vertex -4.79792 9.19022 0
    endloop
  endfacet
  facet normal -0 0 -1
    outer loop
      vertex -3.12163 -2.61936 0
      vertex -6.14816 -8.69877 0
      vertex -3.33804 -2.33732 0
    endloop
  endfacet
  facet normal 0 0 -1
    outer loop
      vertex -4.075 0 0
      vertex -5.02492 8.99975 0
      vertex -4.90726 9.09003 0
    endloop
  endfacet
  facet normal 0 0 -1
    outer loop
      vertex -6.2952 -8.71813 0
      vertex -3.33804 -2.33732 0
      vertex -6.14816 -8.69877 0
    endloop
  endfacet
  facet normal 0 0 -1
    outer loop
      vertex -4.075 0 0
      vertex -5.15 8.92006 0
      vertex -5.02492 8.99975 0
    endloop
  endfacet
  facet normal -0 0 -1
    outer loop
      vertex -3.33804 -2.33732 0
      vertex -6.2952 -8.71813 0
      vertex -3.52905 -2.0375 0
    endloop
  endfacet
  facet normal 0 0 -1
    outer loop
      vertex -10.3065 0.148165 0
      vertex -4.075 0 0
      vertex -10.3 0 0
    endloop
  endfacet
  facet normal 0 0 -1
    outer loop
      vertex -6.43999 -8.75023 0
      vertex -3.52905 -2.0375 0
      vertex -6.2952 -8.71813 0
    endloop
  endfacet
  facet normal 0 0 -1
    outer loop
      vertex -4.075 0 0
      vertex -5.28155 8.85158 0
      vertex -5.15 8.92006 0
    endloop
  endfacet
  facet normal 0 0 -1
    outer loop
      vertex -10.7979 -1.20208 0
      vertex -3.52905 -2.0375 0
      vertex -6.43999 -8.75023 0
    endloop
  endfacet
  facet normal 0 0 -1
    outer loop
      vertex -4.075 0 0
      vertex -5.41857 8.79483 0
      vertex -5.28155 8.85158 0
    endloop
  endfacet
  facet normal 0 -0 -1
    outer loop
      vertex -10.6074 -0.97508 0
      vertex -3.6932 -1.72217 0
      vertex -10.6977 -1.09274 0
    endloop
  endfacet
  facet normal 0 0 -1
    outer loop
      vertex -4.075 0 0
      vertex -5.56001 8.75023 0
      vertex -5.41857 8.79483 0
    endloop
  endfacet
  facet normal 0 0 -1
    outer loop
      vertex -3.6932 -1.72217 0
      vertex -10.6074 -0.97508 0
      vertex -3.82925 -1.39373 0
    endloop
  endfacet
  facet normal 0 0 -1
    outer loop
      vertex -4.075 0 0
      vertex -5.7048 8.71813 0
      vertex -5.56001 8.75023 0
    endloop
  endfacet
  facet normal 0 -0 -1
    outer loop
      vertex -10.5278 -0.849999 0
      vertex -3.82925 -1.39373 0
      vertex -10.6074 -0.97508 0
    endloop
  endfacet
  facet normal 0 0 -1
    outer loop
      vertex -4.075 0 0
      vertex -5.85183 8.69877 0
      vertex -5.7048 8.71813 0
    endloop
  endfacet
  facet normal 0 -0 -1
    outer loop
      vertex -10.4025 -0.581433 0
      vertex -3.93615 -1.05469 0
      vertex -10.4593 -0.718451 0
    endloop
  endfacet
  facet normal 0 0 -1
    outer loop
      vertex -4.075 0 0
      vertex -6 8.6923 0
      vertex -5.85183 8.69877 0
    endloop
  endfacet
  facet normal 0 -0 -1
    outer loop
      vertex -10.4593 -0.718451 0
      vertex -3.82925 -1.39373 0
      vertex -10.5278 -0.849999 0
    endloop
  endfacet
  facet normal 0 0 -1
    outer loop
      vertex -4.075 0 0
      vertex -6.14816 8.69877 0
      vertex -6 8.6923 0
    endloop
  endfacet
  facet normal 0 -0 -1
    outer loop
      vertex -10.6977 -1.09274 0
      vertex -3.52905 -2.0375 0
      vertex -10.7979 -1.20208 0
    endloop
  endfacet
  facet normal 0 0 -1
    outer loop
      vertex -4.075 0 0
      vertex -6.2952 8.71813 0
      vertex -6.14816 8.69877 0
    endloop
  endfacet
  facet normal 0 0 -1
    outer loop
      vertex -10.7979 -1.20208 0
      vertex -6.43999 -8.75023 0
      vertex -6.58143 -8.79483 0
    endloop
  endfacet
  facet normal 0 0 -1
    outer loop
      vertex -10.3258 0.295201 0
      vertex -4.075 0 0
      vertex -10.3065 0.148165 0
    endloop
  endfacet
  facet normal 0 0 -1
    outer loop
      vertex -10.9073 -1.30227 0
      vertex -6.58143 -8.79483 0
      vertex -6.71845 -8.85158 0
    endloop
  endfacet
  facet normal 0 0 -1
    outer loop
      vertex -10.3579 0.439992 0
      vertex -4.075 0 0
      vertex -10.3258 0.295201 0
    endloop
  endfacet
  facet normal 0 0 -1
    outer loop
      vertex -11.0249 -1.39256 0
      vertex -6.71845 -8.85158 0
      vertex -6.85 -8.92006 0
    endloop
  endfacet
  facet normal 0 0 -1
    outer loop
      vertex -10.4025 0.581433 0
      vertex -4.075 0 0
      vertex -10.3579 0.439992 0
    endloop
  endfacet
  facet normal 0 0 -1
    outer loop
      vertex -11.15 -1.47224 0
      vertex -6.85 -8.92006 0
      vertex -6.97508 -8.99975 0
    endloop
  endfacet
  facet normal 0 0 -1
    outer loop
      vertex -10.4593 0.718451 0
      vertex -4.075 0 0
      vertex -10.4025 0.581433 0
    endloop
  endfacet
  facet normal 0 0 -1
    outer loop
      vertex -12.9904 -7.5 0
      vertex -6.97508 -8.99975 0
      vertex -7.09274 -9.09003 0
    endloop
  endfacet
  facet normal 0 0 -1
    outer loop
      vertex -10.5278 0.849999 0
      vertex -4.075 0 0
      vertex -10.4593 0.718451 0
    endloop
  endfacet
  facet normal 0 0 -1
    outer loop
      vertex -12.2873 -8.60365 0
      vertex -7.09274 -9.09003 0
      vertex -7.20208 -9.19022 0
    endloop
  endfacet
  facet normal 0 0 -1
    outer loop
      vertex -10.6074 0.97508 0
      vertex -4.075 0 0
      vertex -10.5278 0.849999 0
    endloop
  endfacet
  facet normal 0 0 -1
    outer loop
      vertex -12.2873 -8.60365 0
      vertex -7.20208 -9.19022 0
      vertex -7.30227 -9.29957 0
    endloop
  endfacet
  facet normal 0 0 -1
    outer loop
      vertex -4.075 0 0
      vertex -10.6074 0.97508 0
      vertex -6.2952 8.71813 0
    endloop
  endfacet
  facet normal 0 0 -1
    outer loop
      vertex -11.4907 -9.64181 0
      vertex -7.30227 -9.29957 0
      vertex -7.39256 -9.41722 0
    endloop
  endfacet
  facet normal 0 0 -1
    outer loop
      vertex -10.6977 1.09274 0
      vertex -6.2952 8.71813 0
      vertex -10.6074 0.97508 0
    endloop
  endfacet
  facet normal 0 0 -1
    outer loop
      vertex -11.4907 -9.64181 0
      vertex -7.39256 -9.41722 0
      vertex -7.47224 -9.5423 0
    endloop
  endfacet
  facet normal -0 0 -1
    outer loop
      vertex -6.2952 8.71813 0
      vertex -10.6977 1.09274 0
      vertex -6.43999 8.75023 0
    endloop
  endfacet
  facet normal 0 0 -1
    outer loop
      vertex -11.4907 -9.64181 0
      vertex -7.47224 -9.5423 0
      vertex -7.54072 -9.67385 0
    endloop
  endfacet
  facet normal 0 0 -1
    outer loop
      vertex -10.7979 1.20208 0
      vertex -6.43999 8.75023 0
      vertex -10.6977 1.09274 0
    endloop
  endfacet
  facet normal 0 0 -1
    outer loop
      vertex -10.6066 -10.6066 0
      vertex -7.54072 -9.67385 0
      vertex -7.59748 -9.81087 0
    endloop
  endfacet
  facet normal 0 0 -1
    outer loop
      vertex -7.39256 9.41722 0
      vertex -9.64181 11.4907 0
      vertex -7.47224 9.5423 0
    endloop
  endfacet
  facet normal 0 0 -1
    outer loop
      vertex -10.6066 -10.6066 0
      vertex -7.59748 -9.81087 0
      vertex -7.64207 -9.95231 0
    endloop
  endfacet
  facet normal 0 0 -1
    outer loop
      vertex -7.47224 9.5423 0
      vertex -9.64181 11.4907 0
      vertex -7.54072 9.67385 0
    endloop
  endfacet
  facet normal 0 0 -1
    outer loop
      vertex -10.6066 -10.6066 0
      vertex -7.64207 -9.95231 0
      vertex -7.67417 -10.0971 0
    endloop
  endfacet
  facet normal 0 0 -1
    outer loop
      vertex -7.54072 9.67385 0
      vertex -9.64181 11.4907 0
      vertex -7.59748 9.81087 0
    endloop
  endfacet
  facet normal 0 0 -1
    outer loop
      vertex -10.6066 -10.6066 0
      vertex -7.67417 -10.0971 0
      vertex -7.69353 -10.2441 0
    endloop
  endfacet
  facet normal 0 0 -1
    outer loop
      vertex -7.59748 9.81087 0
      vertex -9.64181 11.4907 0
      vertex -7.64207 9.95231 0
    endloop
  endfacet
  facet normal -0 0 -1
    outer loop
      vertex -7.69353 -10.5405 0
      vertex -9.64181 -11.4907 0
      vertex -7.7 -10.3923 0
    endloop
  endfacet
  facet normal 0 0 -1
    outer loop
      vertex -7.64207 9.95231 0
      vertex -9.64181 11.4907 0
      vertex -7.67417 10.0971 0
    endloop
  endfacet
  facet normal 0 0 -1
    outer loop
      vertex 6.71845 -8.85158 0
      vertex 11.0249 -1.39256 0
      vertex 6.85 -8.92006 0
    endloop
  endfacet
  facet normal 0 0 -1
    outer loop
      vertex 10.3 0 0
      vertex 7.69353 10.2441 0
      vertex 7.7 10.3923 0
    endloop
  endfacet
  facet normal -0 0 -1
    outer loop
      vertex 11.0249 -1.39256 0
      vertex 6.71845 -8.85158 0
      vertex 10.9073 -1.30227 0
    endloop
  endfacet
  facet normal 0 0 -1
    outer loop
      vertex 10.3 0 0
      vertex 7.67417 10.0971 0
      vertex 7.69353 10.2441 0
    endloop
  endfacet
  facet normal 0 0 -1
    outer loop
      vertex 6.58143 -8.79483 0
      vertex 10.9073 -1.30227 0
      vertex 6.71845 -8.85158 0
    endloop
  endfacet
  facet normal 0 0 -1
    outer loop
      vertex 10.3 0 0
      vertex 7.64207 9.95231 0
      vertex 7.67417 10.0971 0
    endloop
  endfacet
  facet normal -0 0 -1
    outer loop
      vertex 10.9073 -1.30227 0
      vertex 6.58143 -8.79483 0
      vertex 10.7979 -1.20208 0
    endloop
  endfacet
  facet normal 0 0 -1
    outer loop
      vertex 10.3 0 0
      vertex 7.59748 9.81087 0
      vertex 7.64207 9.95231 0
    endloop
  endfacet
  facet normal 0 0 -1
    outer loop
      vertex 6.43999 -8.75023 0
      vertex 10.7979 -1.20208 0
      vertex 6.58143 -8.79483 0
    endloop
  endfacet
  facet normal 0 0 -1
    outer loop
      vertex 10.3 0 0
      vertex 7.54072 9.67385 0
      vertex 7.59748 9.81087 0
    endloop
  endfacet
  facet normal 0 0 -1
    outer loop
      vertex 3.52905 -2.0375 0
      vertex 10.7979 -1.20208 0
      vertex 6.43999 -8.75023 0
    endloop
  endfacet
  facet normal 0 0 -1
    outer loop
      vertex 10.3 0 0
      vertex 7.47224 9.5423 0
      vertex 7.54072 9.67385 0
    endloop
  endfacet
  facet normal -0 0 -1
    outer loop
      vertex 10.7979 -1.20208 0
      vertex 3.52905 -2.0375 0
      vertex 10.6977 -1.09274 0
    endloop
  endfacet
  facet normal 0 0 -1
    outer loop
      vertex 10.3 0 0
      vertex 7.39256 9.41722 0
      vertex 7.47224 9.5423 0
    endloop
  endfacet
  facet normal 0 -0 -1
    outer loop
      vertex 3.6932 -1.72217 0
      vertex 10.6977 -1.09274 0
      vertex 3.52905 -2.0375 0
    endloop
  endfacet
  facet normal 0 0 -1
    outer loop
      vertex 10.3 0 0
      vertex 7.30227 9.29957 0
      vertex 7.39256 9.41722 0
    endloop
  endfacet
  facet normal -0 0 -1
    outer loop
      vertex 10.6977 -1.09274 0
      vertex 3.6932 -1.72217 0
      vertex 10.6074 -0.97508 0
    endloop
  endfacet
  facet normal 0 0 -1
    outer loop
      vertex 4.05949 0.355159 0
      vertex 10.3 0 0
      vertex 4.075 0 0
    endloop
  endfacet
  facet normal 0 -0 -1
    outer loop
      vertex 3.82925 -1.39373 0
      vertex 10.6074 -0.97508 0
      vertex 3.6932 -1.72217 0
    endloop
  endfacet
  facet normal 0 0 -1
    outer loop
      vertex 4.01309 0.707616 0
      vertex 10.3 0 0
      vertex 4.05949 0.355159 0
    endloop
  endfacet
  facet normal -0 0 -1
    outer loop
      vertex 10.6074 -0.97508 0
      vertex 3.82925 -1.39373 0
      vertex 10.5278 -0.849999 0
    endloop
  endfacet
  facet normal 0 0 -1
    outer loop
      vertex 10.3 0 0
      vertex 7.20208 9.19022 0
      vertex 7.30227 9.29957 0
    endloop
  endfacet
  facet normal -0 0 -1
    outer loop
      vertex 10.5278 -0.849999 0
      vertex 3.82925 -1.39373 0
      vertex 10.4593 -0.718451 0
    endloop
  endfacet
  facet normal 0 0 -1
    outer loop
      vertex 10.3 0 0
      vertex 7.09274 9.09003 0
      vertex 7.20208 9.19022 0
    endloop
  endfacet
  facet normal 0 -0 -1
    outer loop
      vertex 3.93615 -1.05469 0
      vertex 10.4593 -0.718451 0
      vertex 3.82925 -1.39373 0
    endloop
  endfacet
  facet normal 0 0 -1
    outer loop
      vertex 3.93615 1.05469 0
      vertex 10.3 0 0
      vertex 4.01309 0.707616 0
    endloop
  endfacet
  facet normal -0 0 -1
    outer loop
      vertex 10.4593 -0.718451 0
      vertex 3.93615 -1.05469 0
      vertex 10.4025 -0.581433 0
    endloop
  endfacet
  facet normal 0 0 -1
    outer loop
      vertex 10.3 0 0
      vertex 6.97508 8.99975 0
      vertex 7.09274 9.09003 0
    endloop
  endfacet
  facet normal 0 -0 -1
    outer loop
      vertex 4.01309 -0.707616 0
      vertex 10.4025 -0.581433 0
      vertex 3.93615 -1.05469 0
    endloop
  endfacet
  facet normal 0 0 -1
    outer loop
      vertex 3.82925 1.39373 0
      vertex 10.3 0 0
      vertex 3.93615 1.05469 0
    endloop
  endfacet
  facet normal 0 0 -1
    outer loop
      vertex 3.52905 -2.0375 0
      vertex 6.43999 -8.75023 0
      vertex 6.2952 -8.71813 0
    endloop
  endfacet
  facet normal 0 0 -1
    outer loop
      vertex 10.3 0 0
      vertex 6.85 8.92006 0
      vertex 6.97508 8.99975 0
    endloop
  endfacet
  facet normal 0 0 -1
    outer loop
      vertex 3.33804 -2.33732 0
      vertex 6.2952 -8.71813 0
      vertex 6.14816 -8.69877 0
    endloop
  endfacet
  facet normal 0 0 -1
    outer loop
      vertex 3.6932 1.72217 0
      vertex 10.3 0 0
      vertex 3.82925 1.39373 0
    endloop
  endfacet
  facet normal 0 0 -1
    outer loop
      vertex 3.12163 -2.61936 0
      vertex 6.14816 -8.69877 0
      vertex 6 -8.6923 0
    endloop
  endfacet
  facet normal 0 0 -1
    outer loop
      vertex 10.3 0 0
      vertex 6.71845 8.85158 0
      vertex 6.85 8.92006 0
    endloop
  endfacet
  facet normal 0 0 -1
    outer loop
      vertex 3.12163 -2.61936 0
      vertex 6 -8.6923 0
      vertex 5.85183 -8.69877 0
    endloop
  endfacet
  facet normal 0 0 -1
    outer loop
      vertex 3.52905 2.0375 0
      vertex 10.3 0 0
      vertex 3.6932 1.72217 0
    endloop
  endfacet
  facet normal 0 0 -1
    outer loop
      vertex 2.88146 -2.88146 0
      vertex 5.85183 -8.69877 0
      vertex 5.7048 -8.71813 0
    endloop
  endfacet
  facet normal 0 0 -1
    outer loop
      vertex 10.3 0 0
      vertex 6.58143 8.79483 0
      vertex 6.71845 8.85158 0
    endloop
  endfacet
  facet normal 0 0 -1
    outer loop
      vertex 2.61936 -3.12163 0
      vertex 5.7048 -8.71813 0
      vertex 5.56001 -8.75023 0
    endloop
  endfacet
  facet normal 0 0 -1
    outer loop
      vertex 10.3 0 0
      vertex 6.43999 8.75023 0
      vertex 6.58143 8.79483 0
    endloop
  endfacet
  facet normal 0 0 -1
    outer loop
      vertex 2.61936 -3.12163 0
      vertex 5.56001 -8.75023 0
      vertex 5.41857 -8.79483 0
    endloop
  endfacet
  facet normal 0 0 -1
    outer loop
      vertex 10.3 0 0
      vertex 3.52905 2.0375 0
      vertex 6.43999 8.75023 0
    endloop
  endfacet
  facet normal 0 0 -1
    outer loop
      vertex 2.33732 -3.33804 0
      vertex 5.41857 -8.79483 0
      vertex 5.28155 -8.85158 0
    endloop
  endfacet
  facet normal 0 0 -1
    outer loop
      vertex 6.43999 8.75023 0
      vertex 3.52905 2.0375 0
      vertex 6.2952 8.71813 0
    endloop
  endfacet
  facet normal 0 0 -1
    outer loop
      vertex 2.0375 -3.52905 0
      vertex 5.28155 -8.85158 0
      vertex 5.15 -8.92006 0
    endloop
  endfacet
  facet normal 0 0 -1
    outer loop
      vertex 3.33804 2.33732 0
      vertex 6.2952 8.71813 0
      vertex 3.52905 2.0375 0
    endloop
  endfacet
  facet normal 0 0 -1
    outer loop
      vertex 2.0375 -3.52905 0
      vertex 5.15 -8.92006 0
      vertex 5.02492 -8.99975 0
    endloop
  endfacet
  facet normal 0 0 -1
    outer loop
      vertex 6.2952 8.71813 0
      vertex 3.33804 2.33732 0
      vertex 6.14816 8.69877 0
    endloop
  endfacet
  facet normal 0 0 -1
    outer loop
      vertex 1.72217 -3.6932 0
      vertex 5.02492 -8.99975 0
      vertex 4.90726 -9.09003 0
    endloop
  endfacet
  facet normal 0 0 -1
    outer loop
      vertex 3.12163 2.61936 0
      vertex 6.14816 8.69877 0
      vertex 3.33804 2.33732 0
    endloop
  endfacet
  facet normal 0 0 -1
    outer loop
      vertex 1.39373 -3.82925 0
      vertex 4.90726 -9.09003 0
      vertex 4.79792 -9.19022 0
    endloop
  endfacet
  facet normal 0 0 -1
    outer loop
      vertex 6.14816 8.69877 0
      vertex 3.12163 2.61936 0
      vertex 6 8.6923 0
    endloop
  endfacet
  facet normal 0 0 -1
    outer loop
      vertex 1.39373 -3.82925 0
      vertex 4.79792 -9.19022 0
      vertex 4.69772 -9.29957 0
    endloop
  endfacet
  facet normal -0 0 -1
    outer loop
      vertex 6 8.6923 0
      vertex 3.12163 2.61936 0
      vertex 5.85183 8.69877 0
    endloop
  endfacet
  facet normal 0 0 -1
    outer loop
      vertex 1.05469 -3.93615 0
      vertex 4.69772 -9.29957 0
      vertex 4.60744 -9.41722 0
    endloop
  endfacet
  facet normal 0 0 -1
    outer loop
      vertex 2.88146 2.88146 0
      vertex 5.85183 8.69877 0
      vertex 3.12163 2.61936 0
    endloop
  endfacet
  facet normal 0 0 -1
    outer loop
      vertex 0.707616 -4.01309 0
      vertex 4.60744 -9.41722 0
      vertex 4.52776 -9.5423 0
    endloop
  endfacet
  facet normal -0 0 -1
    outer loop
      vertex 5.85183 8.69877 0
      vertex 2.88146 2.88146 0
      vertex 5.7048 8.71813 0
    endloop
  endfacet
  facet normal 0 0 -1
    outer loop
      vertex 0.707616 -4.01309 0
      vertex 4.52776 -9.5423 0
      vertex 4.45928 -9.67385 0
    endloop
  endfacet
  facet normal 0 0 -1
    outer loop
      vertex 2.61936 3.12163 0
      vertex 5.7048 8.71813 0
      vertex 2.88146 2.88146 0
    endloop
  endfacet
  facet normal 0 0 -1
    outer loop
      vertex 0.355159 -4.05949 0
      vertex 4.45928 -9.67385 0
      vertex 4.40252 -9.81087 0
    endloop
  endfacet
  facet normal -0 0 -1
    outer loop
      vertex 5.7048 8.71813 0
      vertex 2.61936 3.12163 0
      vertex 5.56001 8.75023 0
    endloop
  endfacet
  facet normal 0 0 -1
    outer loop
      vertex 0 -4.075 0
      vertex 4.40252 -9.81087 0
      vertex 4.35793 -9.95231 0
    endloop
  endfacet
  facet normal -0 0 -1
    outer loop
      vertex 5.56001 8.75023 0
      vertex 2.61936 3.12163 0
      vertex 5.41857 8.79483 0
    endloop
  endfacet
  facet normal 0 0 -1
    outer loop
      vertex 4.30647 -10.2441 0
      vertex -4.30647 -10.2441 0
      vertex 4.32583 -10.0971 0
    endloop
  endfacet
  facet normal 0 0 -1
    outer loop
      vertex 2.33732 3.33804 0
      vertex 5.41857 8.79483 0
      vertex 2.61936 3.12163 0
    endloop
  endfacet
  facet normal 0 0 -1
    outer loop
      vertex -4.30647 -10.2441 0
      vertex 4.30647 -10.2441 0
      vertex -4.3 -10.3923 0
    endloop
  endfacet
  facet normal -0 0 -1
    outer loop
      vertex 5.41857 8.79483 0
      vertex 2.33732 3.33804 0
      vertex 5.28155 8.85158 0
    endloop
  endfacet
  facet normal 0 0 -1
    outer loop
      vertex -4.3 -10.3923 0
      vertex 4.30647 -10.2441 0
      vertex 4.3 -10.3923 0
    endloop
  endfacet
  facet normal 0 0 -1
    outer loop
      vertex 2.0375 3.52905 0
      vertex 5.28155 8.85158 0
      vertex 2.33732 3.33804 0
    endloop
  endfacet
  facet normal 0 0 -1
    outer loop
      vertex 7.69353 10.5405 0
      vertex 9.64181 11.4907 0
      vertex 7.7 10.3923 0
    endloop
  endfacet
  facet normal 0 0 -1
    outer loop
      vertex 7.67417 10.6875 0
      vertex 9.64181 11.4907 0
      vertex 7.69353 10.5405 0
    endloop
  endfacet
  facet normal 0 0 -1
    outer loop
      vertex 7.64207 10.8323 0
      vertex 9.64181 11.4907 0
      vertex 7.67417 10.6875 0
    endloop
  endfacet
  facet normal 0 0 -1
    outer loop
      vertex 7.59748 10.9737 0
      vertex 9.64181 11.4907 0
      vertex 7.64207 10.8323 0
    endloop
  endfacet
  facet normal -0 0 -1
    outer loop
      vertex 9.64181 11.4907 0
      vertex 7.59748 10.9737 0
      vertex 8.60365 12.2873 0
    endloop
  endfacet
  facet normal 0 0 -1
    outer loop
      vertex 7.54072 11.1108 0
      vertex 8.60365 12.2873 0
      vertex 7.59748 10.9737 0
    endloop
  endfacet
  facet normal 0 0 -1
    outer loop
      vertex 7.47224 11.2423 0
      vertex 8.60365 12.2873 0
      vertex 7.54072 11.1108 0
    endloop
  endfacet
  facet normal 0 0 -1
    outer loop
      vertex 7.39256 11.3674 0
      vertex 8.60365 12.2873 0
      vertex 7.47224 11.2423 0
    endloop
  endfacet
  facet normal 0 0 -1
    outer loop
      vertex 7.30227 11.485 0
      vertex 8.60365 12.2873 0
      vertex 7.39256 11.3674 0
    endloop
  endfacet
  facet normal 0 0 -1
    outer loop
      vertex 7.20208 11.5944 0
      vertex 8.60365 12.2873 0
      vertex 7.30227 11.485 0
    endloop
  endfacet
  facet normal -0 0 -1
    outer loop
      vertex 8.60365 12.2873 0
      vertex 7.20208 11.5944 0
      vertex 7.5 12.9904 0
    endloop
  endfacet
  facet normal 0 0 -1
    outer loop
      vertex 7.09274 11.6946 0
      vertex 7.5 12.9904 0
      vertex 7.20208 11.5944 0
    endloop
  endfacet
  facet normal 0 0 -1
    outer loop
      vertex 6.97508 11.7849 0
      vertex 7.5 12.9904 0
      vertex 7.09274 11.6946 0
    endloop
  endfacet
  facet normal 0 0 -1
    outer loop
      vertex 6.85 11.8645 0
      vertex 7.5 12.9904 0
      vertex 6.97508 11.7849 0
    endloop
  endfacet
  facet normal 0 0 -1
    outer loop
      vertex 6.71845 11.933 0
      vertex 7.5 12.9904 0
      vertex 6.85 11.8645 0
    endloop
  endfacet
  facet normal 0 0 -1
    outer loop
      vertex 6.58143 11.9898 0
      vertex 7.5 12.9904 0
      vertex 6.71845 11.933 0
    endloop
  endfacet
  facet normal 0 0 -1
    outer loop
      vertex 6.43999 12.0344 0
      vertex 7.5 12.9904 0
      vertex 6.58143 11.9898 0
    endloop
  endfacet
  facet normal 0 0 -1
    outer loop
      vertex 6.43999 12.0344 0
      vertex 6.33927 13.5946 0
      vertex 7.5 12.9904 0
    endloop
  endfacet
  facet normal 0 0 -1
    outer loop
      vertex 6.2952 12.0665 0
      vertex 6.33927 13.5946 0
      vertex 6.43999 12.0344 0
    endloop
  endfacet
  facet normal 0 0 -1
    outer loop
      vertex 6.14816 12.0858 0
      vertex 6.33927 13.5946 0
      vertex 6.2952 12.0665 0
    endloop
  endfacet
  facet normal 0 0 -1
    outer loop
      vertex 6 12.0923 0
      vertex 6.33927 13.5946 0
      vertex 6.14816 12.0858 0
    endloop
  endfacet
  facet normal 0 0 -1
    outer loop
      vertex 5.85183 12.0858 0
      vertex 6.33927 13.5946 0
      vertex 6 12.0923 0
    endloop
  endfacet
  facet normal 0 0 -1
    outer loop
      vertex 5.7048 12.0665 0
      vertex 6.33927 13.5946 0
      vertex 5.85183 12.0858 0
    endloop
  endfacet
  facet normal 0 0 -1
    outer loop
      vertex 5.1303 14.0954 0
      vertex 5.7048 12.0665 0
      vertex 5.56001 12.0344 0
    endloop
  endfacet
  facet normal 0 0 -1
    outer loop
      vertex 5.1303 14.0954 0
      vertex 5.56001 12.0344 0
      vertex 5.41857 11.9898 0
    endloop
  endfacet
  facet normal 0 0 -1
    outer loop
      vertex 5.1303 14.0954 0
      vertex 5.41857 11.9898 0
      vertex 5.28155 11.933 0
    endloop
  endfacet
  facet normal 0 0 -1
    outer loop
      vertex 5.1303 14.0954 0
      vertex 5.28155 11.933 0
      vertex 5.15 11.8645 0
    endloop
  endfacet
  facet normal 0 0 -1
    outer loop
      vertex 5.7048 12.0665 0
      vertex 5.1303 14.0954 0
      vertex 6.33927 13.5946 0
    endloop
  endfacet
  facet normal 0 0 -1
    outer loop
      vertex 5.02492 11.7849 0
      vertex 5.1303 14.0954 0
      vertex 5.15 11.8645 0
    endloop
  endfacet
  facet normal 0 0 -1
    outer loop
      vertex 3.88229 14.4889 0
      vertex 5.02492 11.7849 0
      vertex 4.90726 11.6946 0
    endloop
  endfacet
  facet normal 0 0 -1
    outer loop
      vertex 3.88229 14.4889 0
      vertex 4.90726 11.6946 0
      vertex 4.79792 11.5944 0
    endloop
  endfacet
  facet normal 0 0 -1
    outer loop
      vertex 3.88229 14.4889 0
      vertex 4.79792 11.5944 0
      vertex 4.69772 11.485 0
    endloop
  endfacet
  facet normal 0 0 -1
    outer loop
      vertex 3.88229 14.4889 0
      vertex 4.69772 11.485 0
      vertex 4.60744 11.3674 0
    endloop
  endfacet
  facet normal 0 0 -1
    outer loop
      vertex 2.60472 14.7721 0
      vertex 4.60744 11.3674 0
      vertex 4.52776 11.2423 0
    endloop
  endfacet
  facet normal 0 0 -1
    outer loop
      vertex 2.60472 14.7721 0
      vertex 4.52776 11.2423 0
      vertex 4.45928 11.1108 0
    endloop
  endfacet
  facet normal 0 0 -1
    outer loop
      vertex 2.60472 14.7721 0
      vertex 4.45928 11.1108 0
      vertex 4.40252 10.9737 0
    endloop
  endfacet
  facet normal 0 0 -1
    outer loop
      vertex 1.30734 14.9429 0
      vertex 4.40252 10.9737 0
      vertex 4.35793 10.8323 0
    endloop
  endfacet
  facet normal -0 0 -1
    outer loop
      vertex 5.15 8.92006 0
      vertex 2.0375 3.52905 0
      vertex 5.02492 8.99975 0
    endloop
  endfacet
  facet normal 0 0 -1
    outer loop
      vertex 1.72217 3.6932 0
      vertex 5.02492 8.99975 0
      vertex 2.0375 3.52905 0
    endloop
  endfacet
  facet normal -0 0 -1
    outer loop
      vertex 5.02492 8.99975 0
      vertex 1.72217 3.6932 0
      vertex 4.90726 9.09003 0
    endloop
  endfacet
  facet normal 0 0 -1
    outer loop
      vertex 5.02492 11.7849 0
      vertex 3.88229 14.4889 0
      vertex 5.1303 14.0954 0
    endloop
  endfacet
  facet normal 0 0 -1
    outer loop
      vertex 1.30734 14.9429 0
      vertex 4.35793 10.8323 0
      vertex 4.32583 10.6875 0
    endloop
  endfacet
  facet normal 0 0 -1
    outer loop
      vertex 0 15 0
      vertex 4.32583 10.6875 0
      vertex 4.30647 10.5405 0
    endloop
  endfacet
  facet normal 0 0 -1
    outer loop
      vertex 0 15 0
      vertex 4.30647 10.5405 0
      vertex 4.3 10.3923 0
    endloop
  endfacet
  facet normal 0 0 -1
    outer loop
      vertex 1.39373 3.82925 0
      vertex 4.90726 9.09003 0
      vertex 1.72217 3.6932 0
    endloop
  endfacet
  facet normal -0 0 -1
    outer loop
      vertex 4.90726 9.09003 0
      vertex 1.39373 3.82925 0
      vertex 4.79792 9.19022 0
    endloop
  endfacet
  facet normal -0 0 -1
    outer loop
      vertex 4.79792 9.19022 0
      vertex 1.39373 3.82925 0
      vertex 4.69772 9.29957 0
    endloop
  endfacet
  facet normal 0 0 -1
    outer loop
      vertex 1.05469 3.93615 0
      vertex 4.69772 9.29957 0
      vertex 1.39373 3.82925 0
    endloop
  endfacet
  facet normal -0 0 -1
    outer loop
      vertex 4.69772 9.29957 0
      vertex 1.05469 3.93615 0
      vertex 4.60744 9.41722 0
    endloop
  endfacet
  facet normal 0 0 -1
    outer loop
      vertex 0.707616 4.01309 0
      vertex 4.60744 9.41722 0
      vertex 1.05469 3.93615 0
    endloop
  endfacet
  facet normal -0 0 -1
    outer loop
      vertex 4.60744 9.41722 0
      vertex 0.707616 4.01309 0
      vertex 4.52776 9.5423 0
    endloop
  endfacet
  facet normal -0 0 -1
    outer loop
      vertex 4.52776 9.5423 0
      vertex 0.707616 4.01309 0
      vertex 4.45928 9.67385 0
    endloop
  endfacet
  facet normal 0 0 -1
    outer loop
      vertex 0.355159 4.05949 0
      vertex 4.45928 9.67385 0
      vertex 0.707616 4.01309 0
    endloop
  endfacet
  facet normal -0 0 -1
    outer loop
      vertex 4.45928 9.67385 0
      vertex 0.355159 4.05949 0
      vertex 4.40252 9.81087 0
    endloop
  endfacet
  facet normal 0 0 -1
    outer loop
      vertex 0 4.075 0
      vertex 4.40252 9.81087 0
      vertex 0.355159 4.05949 0
    endloop
  endfacet
  facet normal -0 0 -1
    outer loop
      vertex 4.40252 9.81087 0
      vertex 0 4.075 0
      vertex 4.35793 9.95231 0
    endloop
  endfacet
  facet normal 0 0 -1
    outer loop
      vertex -4.3 10.3923 0
      vertex 4.35793 9.95231 0
      vertex 0 4.075 0
    endloop
  endfacet
  facet normal 0 0 -1
    outer loop
      vertex 4.60744 11.3674 0
      vertex 2.60472 14.7721 0
      vertex 3.88229 14.4889 0
    endloop
  endfacet
  facet normal 0 0 -1
    outer loop
      vertex 4.35793 9.95231 0
      vertex -4.3 10.3923 0
      vertex 4.32583 10.0971 0
    endloop
  endfacet
  facet normal 0 0 -1
    outer loop
      vertex 4.40252 10.9737 0
      vertex 1.30734 14.9429 0
      vertex 2.60472 14.7721 0
    endloop
  endfacet
  facet normal 0 0 -1
    outer loop
      vertex 4.32583 10.0971 0
      vertex -4.3 10.3923 0
      vertex 4.30647 10.2441 0
    endloop
  endfacet
  facet normal 0 0 -1
    outer loop
      vertex 4.30647 10.2441 0
      vertex -4.3 10.3923 0
      vertex 4.3 10.3923 0
    endloop
  endfacet
  facet normal 0 -0 -1
    outer loop
      vertex 0 15 0
      vertex 4.3 10.3923 0
      vertex -4.3 10.3923 0
    endloop
  endfacet
  facet normal 0 0 -1
    outer loop
      vertex -4.3 10.3923 0
      vertex 0 4.075 0
      vertex -0.355159 4.05949 0
    endloop
  endfacet
  facet normal 0 0 -1
    outer loop
      vertex -4.3 10.3923 0
      vertex -0.355159 4.05949 0
      vertex -0.707616 4.01309 0
    endloop
  endfacet
  facet normal 0 0 -1
    outer loop
      vertex -4.3 10.3923 0
      vertex -0.707616 4.01309 0
      vertex -1.05469 3.93615 0
    endloop
  endfacet
  facet normal 0 0 -1
    outer loop
      vertex 4.32583 10.6875 0
      vertex 0 15 0
      vertex 1.30734 14.9429 0
    endloop
  endfacet
  facet normal 0 0 -1
    outer loop
      vertex -4.3 10.3923 0
      vertex -1.05469 3.93615 0
      vertex -1.39373 3.82925 0
    endloop
  endfacet
  facet normal 0 0 -1
    outer loop
      vertex -4.3 10.3923 0
      vertex -1.39373 3.82925 0
      vertex -1.72217 3.6932 0
    endloop
  endfacet
  facet normal 0 0 -1
    outer loop
      vertex -4.3 10.3923 0
      vertex -1.72217 3.6932 0
      vertex -2.0375 3.52905 0
    endloop
  endfacet
  facet normal 0 0 -1
    outer loop
      vertex -4.3 10.3923 0
      vertex -2.0375 3.52905 0
      vertex -2.33732 3.33804 0
    endloop
  endfacet
  facet normal 0 0 -1
    outer loop
      vertex -4.30647 10.5405 0
      vertex 0 15 0
      vertex -4.3 10.3923 0
    endloop
  endfacet
  facet normal 0 0 -1
    outer loop
      vertex -4.3 10.3923 0
      vertex -2.33732 3.33804 0
      vertex -2.61936 3.12163 0
    endloop
  endfacet
  facet normal 0 0 -1
    outer loop
      vertex -4.3 10.3923 0
      vertex -2.61936 3.12163 0
      vertex -2.88146 2.88146 0
    endloop
  endfacet
  facet normal 0 0 -1
    outer loop
      vertex -4.3 10.3923 0
      vertex -2.88146 2.88146 0
      vertex -3.12163 2.61936 0
    endloop
  endfacet
  facet normal 0 0 -1
    outer loop
      vertex -4.3 10.3923 0
      vertex -3.12163 2.61936 0
      vertex -3.33804 2.33732 0
    endloop
  endfacet
  facet normal 0 0 -1
    outer loop
      vertex -4.3 10.3923 0
      vertex -3.33804 2.33732 0
      vertex -3.52905 2.0375 0
    endloop
  endfacet
  facet normal 0 0 -1
    outer loop
      vertex -4.3 10.3923 0
      vertex -3.52905 2.0375 0
      vertex -3.6932 1.72217 0
    endloop
  endfacet
  facet normal 0 0 -1
    outer loop
      vertex -4.3 10.3923 0
      vertex -3.6932 1.72217 0
      vertex -3.82925 1.39373 0
    endloop
  endfacet
  facet normal 0 0 -1
    outer loop
      vertex -4.32583 10.6875 0
      vertex 0 15 0
      vertex -4.30647 10.5405 0
    endloop
  endfacet
  facet normal 0 0 -1
    outer loop
      vertex -4.3 10.3923 0
      vertex -3.82925 1.39373 0
      vertex -3.93615 1.05469 0
    endloop
  endfacet
  facet normal 0 0 -1
    outer loop
      vertex -4.3 10.3923 0
      vertex -3.93615 1.05469 0
      vertex -4.01309 0.707616 0
    endloop
  endfacet
  facet normal 0 0 -1
    outer loop
      vertex -4.3 10.3923 0
      vertex -4.01309 0.707616 0
      vertex -4.05949 0.355159 0
    endloop
  endfacet
  facet normal 0 0 -1
    outer loop
      vertex -4.3 10.3923 0
      vertex -4.05949 0.355159 0
      vertex -4.075 0 0
    endloop
  endfacet
  facet normal 0 0 -1
    outer loop
      vertex -5.28155 -8.85158 0
      vertex -2.0375 -3.52905 0
      vertex -5.15 -8.92006 0
    endloop
  endfacet
  facet normal 0 0 -1
    outer loop
      vertex 0 15 0
      vertex -4.32583 10.6875 0
      vertex -1.30734 14.9429 0
    endloop
  endfacet
  facet normal 0 0 -1
    outer loop
      vertex -4.35793 10.8323 0
      vertex -1.30734 14.9429 0
      vertex -4.32583 10.6875 0
    endloop
  endfacet
  facet normal 0 0 -1
    outer loop
      vertex -4.40252 10.9737 0
      vertex -1.30734 14.9429 0
      vertex -4.35793 10.8323 0
    endloop
  endfacet
  facet normal 0 0 -1
    outer loop
      vertex -1.30734 14.9429 0
      vertex -4.40252 10.9737 0
      vertex -2.60472 14.7721 0
    endloop
  endfacet
  facet normal 0 0 -1
    outer loop
      vertex -4.45928 11.1108 0
      vertex -2.60472 14.7721 0
      vertex -4.40252 10.9737 0
    endloop
  endfacet
  facet normal 0 0 -1
    outer loop
      vertex -4.52776 11.2423 0
      vertex -2.60472 14.7721 0
      vertex -4.45928 11.1108 0
    endloop
  endfacet
  facet normal 0 0 -1
    outer loop
      vertex -4.60744 11.3674 0
      vertex -2.60472 14.7721 0
      vertex -4.52776 11.2423 0
    endloop
  endfacet
  facet normal 0 0 -1
    outer loop
      vertex -2.60472 14.7721 0
      vertex -4.60744 11.3674 0
      vertex -3.88229 14.4889 0
    endloop
  endfacet
  facet normal 0 0 -1
    outer loop
      vertex -4.69772 11.485 0
      vertex -3.88229 14.4889 0
      vertex -4.60744 11.3674 0
    endloop
  endfacet
  facet normal 0 0 -1
    outer loop
      vertex -4.79792 11.5944 0
      vertex -3.88229 14.4889 0
      vertex -4.69772 11.485 0
    endloop
  endfacet
  facet normal 0 0 -1
    outer loop
      vertex -4.90726 11.6946 0
      vertex -3.88229 14.4889 0
      vertex -4.79792 11.5944 0
    endloop
  endfacet
  facet normal 0 0 -1
    outer loop
      vertex -5.02492 11.7849 0
      vertex -3.88229 14.4889 0
      vertex -4.90726 11.6946 0
    endloop
  endfacet
  facet normal 0 0 -1
    outer loop
      vertex -5.02492 11.7849 0
      vertex -5.1303 14.0954 0
      vertex -3.88229 14.4889 0
    endloop
  endfacet
  facet normal 0 0 -1
    outer loop
      vertex -5.15 11.8645 0
      vertex -5.1303 14.0954 0
      vertex -5.02492 11.7849 0
    endloop
  endfacet
  facet normal 0 0 -1
    outer loop
      vertex -5.28155 11.933 0
      vertex -5.1303 14.0954 0
      vertex -5.15 11.8645 0
    endloop
  endfacet
  facet normal 0 0 -1
    outer loop
      vertex -5.41857 11.9898 0
      vertex -5.1303 14.0954 0
      vertex -5.28155 11.933 0
    endloop
  endfacet
  facet normal 0 0 -1
    outer loop
      vertex -5.56001 12.0344 0
      vertex -5.1303 14.0954 0
      vertex -5.41857 11.9898 0
    endloop
  endfacet
  facet normal 0 0 -1
    outer loop
      vertex -5.7048 12.0665 0
      vertex -5.1303 14.0954 0
      vertex -5.56001 12.0344 0
    endloop
  endfacet
  facet normal 0 0 -1
    outer loop
      vertex -6.33927 13.5946 0
      vertex -5.7048 12.0665 0
      vertex -5.85183 12.0858 0
    endloop
  endfacet
  facet normal 0 0 -1
    outer loop
      vertex -6.33927 13.5946 0
      vertex -5.85183 12.0858 0
      vertex -6 12.0923 0
    endloop
  endfacet
  facet normal 0 0 -1
    outer loop
      vertex -6.33927 13.5946 0
      vertex -6 12.0923 0
      vertex -6.14816 12.0858 0
    endloop
  endfacet
  facet normal 0 0 -1
    outer loop
      vertex -6.33927 13.5946 0
      vertex -6.14816 12.0858 0
      vertex -6.2952 12.0665 0
    endloop
  endfacet
  facet normal 0 0 -1
    outer loop
      vertex -5.7048 12.0665 0
      vertex -6.33927 13.5946 0
      vertex -5.1303 14.0954 0
    endloop
  endfacet
  facet normal 0 0 -1
    outer loop
      vertex -6.43999 12.0344 0
      vertex -6.33927 13.5946 0
      vertex -6.2952 12.0665 0
    endloop
  endfacet
  facet normal 0 0 -1
    outer loop
      vertex -7.5 12.9904 0
      vertex -6.43999 12.0344 0
      vertex -6.58143 11.9898 0
    endloop
  endfacet
  facet normal 0 0 -1
    outer loop
      vertex -7.5 12.9904 0
      vertex -6.58143 11.9898 0
      vertex -6.71845 11.933 0
    endloop
  endfacet
  facet normal 0 0 -1
    outer loop
      vertex -7.5 12.9904 0
      vertex -6.71845 11.933 0
      vertex -6.85 11.8645 0
    endloop
  endfacet
  facet normal 0 0 -1
    outer loop
      vertex -7.5 12.9904 0
      vertex -6.85 11.8645 0
      vertex -6.97508 11.7849 0
    endloop
  endfacet
  facet normal 0 0 -1
    outer loop
      vertex -7.5 12.9904 0
      vertex -6.97508 11.7849 0
      vertex -7.09274 11.6946 0
    endloop
  endfacet
  facet normal 0 0 -1
    outer loop
      vertex -7.5 12.9904 0
      vertex -7.09274 11.6946 0
      vertex -7.20208 11.5944 0
    endloop
  endfacet
  facet normal 0 0 -1
    outer loop
      vertex -8.60365 12.2873 0
      vertex -7.20208 11.5944 0
      vertex -7.30227 11.485 0
    endloop
  endfacet
  facet normal 0 0 -1
    outer loop
      vertex -8.60365 12.2873 0
      vertex -7.30227 11.485 0
      vertex -7.39256 11.3674 0
    endloop
  endfacet
  facet normal 0 0 -1
    outer loop
      vertex -8.60365 12.2873 0
      vertex -7.39256 11.3674 0
      vertex -7.47224 11.2423 0
    endloop
  endfacet
  facet normal 0 0 -1
    outer loop
      vertex -6.43999 12.0344 0
      vertex -7.5 12.9904 0
      vertex -6.33927 13.5946 0
    endloop
  endfacet
  facet normal 0 0 -1
    outer loop
      vertex -8.60365 12.2873 0
      vertex -7.47224 11.2423 0
      vertex -7.54072 11.1108 0
    endloop
  endfacet
  facet normal 0 0 -1
    outer loop
      vertex -8.60365 12.2873 0
      vertex -7.54072 11.1108 0
      vertex -7.59748 10.9737 0
    endloop
  endfacet
  facet normal 0 0 -1
    outer loop
      vertex -9.64181 11.4907 0
      vertex -7.59748 10.9737 0
      vertex -7.64207 10.8323 0
    endloop
  endfacet
  facet normal 0 0 -1
    outer loop
      vertex -9.64181 11.4907 0
      vertex -7.64207 10.8323 0
      vertex -7.67417 10.6875 0
    endloop
  endfacet
  facet normal 0 0 -1
    outer loop
      vertex -9.64181 11.4907 0
      vertex -7.67417 10.6875 0
      vertex -7.69353 10.5405 0
    endloop
  endfacet
  facet normal 0 0 -1
    outer loop
      vertex -7.20208 11.5944 0
      vertex -8.60365 12.2873 0
      vertex -7.5 12.9904 0
    endloop
  endfacet
  facet normal 0 0 -1
    outer loop
      vertex -9.64181 11.4907 0
      vertex -7.69353 10.5405 0
      vertex -7.7 10.3923 0
    endloop
  endfacet
  facet normal -0 0 -1
    outer loop
      vertex -4.075 0 0
      vertex -10.3065 -0.148165 0
      vertex -10.3 0 0
    endloop
  endfacet
  facet normal 0 0 -1
    outer loop
      vertex -10.6066 -10.6066 0
      vertex -7.69353 -10.2441 0
      vertex -9.64181 -11.4907 0
    endloop
  endfacet
  facet normal 0 0 -1
    outer loop
      vertex -7.69353 10.2441 0
      vertex -9.64181 11.4907 0
      vertex -7.7 10.3923 0
    endloop
  endfacet
  facet normal 0 0 -1
    outer loop
      vertex -7.59748 10.9737 0
      vertex -9.64181 11.4907 0
      vertex -8.60365 12.2873 0
    endloop
  endfacet
  facet normal 0 0 -1
    outer loop
      vertex -7.67417 10.0971 0
      vertex -9.64181 11.4907 0
      vertex -7.69353 10.2441 0
    endloop
  endfacet
  facet normal 0 0 -1
    outer loop
      vertex -4.05949 -0.355159 0
      vertex -10.3065 -0.148165 0
      vertex -4.075 0 0
    endloop
  endfacet
  facet normal 0 -0 -1
    outer loop
      vertex -10.3065 -0.148165 0
      vertex -4.05949 -0.355159 0
      vertex -10.3258 -0.295201 0
    endloop
  endfacet
  facet normal 0 0 -1
    outer loop
      vertex -4.01309 -0.707616 0
      vertex -10.3258 -0.295201 0
      vertex -4.05949 -0.355159 0
    endloop
  endfacet
  facet normal 0 -0 -1
    outer loop
      vertex -10.3258 -0.295201 0
      vertex -4.01309 -0.707616 0
      vertex -10.3579 -0.439992 0
    endloop
  endfacet
  facet normal 0 -0 -1
    outer loop
      vertex -10.3579 -0.439992 0
      vertex -4.01309 -0.707616 0
      vertex -10.4025 -0.581433 0
    endloop
  endfacet
  facet normal -0 0 -1
    outer loop
      vertex -7.54072 -9.67385 0
      vertex -10.6066 -10.6066 0
      vertex -11.4907 -9.64181 0
    endloop
  endfacet
  facet normal 0 0 -1
    outer loop
      vertex -3.93615 -1.05469 0
      vertex -10.4025 -0.581433 0
      vertex -4.01309 -0.707616 0
    endloop
  endfacet
  facet normal 0 0 -1
    outer loop
      vertex -3.82925 -1.39373 0
      vertex -10.4593 -0.718451 0
      vertex -3.93615 -1.05469 0
    endloop
  endfacet
  facet normal 0 0 -1
    outer loop
      vertex -3.52905 -2.0375 0
      vertex -10.6977 -1.09274 0
      vertex -3.6932 -1.72217 0
    endloop
  endfacet
  facet normal -0 0 -1
    outer loop
      vertex -7.30227 -9.29957 0
      vertex -11.4907 -9.64181 0
      vertex -12.2873 -8.60365 0
    endloop
  endfacet
  facet normal 0 0 -1
    outer loop
      vertex -6.58143 -8.79483 0
      vertex -10.9073 -1.30227 0
      vertex -10.7979 -1.20208 0
    endloop
  endfacet
  facet normal 0 0 -1
    outer loop
      vertex -7.09274 -9.09003 0
      vertex -12.2873 -8.60365 0
      vertex -12.9904 -7.5 0
    endloop
  endfacet
  facet normal 0 0 -1
    outer loop
      vertex -6.71845 -8.85158 0
      vertex -11.0249 -1.39256 0
      vertex -10.9073 -1.30227 0
    endloop
  endfacet
  facet normal 0 0 -1
    outer loop
      vertex -6.85 -8.92006 0
      vertex -11.15 -1.47224 0
      vertex -11.0249 -1.39256 0
    endloop
  endfacet
  facet normal 0 0 -1
    outer loop
      vertex -6.97508 -8.99975 0
      vertex -12.9904 -7.5 0
      vertex -11.15 -1.47224 0
    endloop
  endfacet
  facet normal 0 0 -1
    outer loop
      vertex -11.15 -1.47224 0
      vertex -12.9904 -7.5 0
      vertex -11.2815 -1.54072 0
    endloop
  endfacet
  facet normal 0 0 -1
    outer loop
      vertex -11.2815 -1.54072 0
      vertex -12.9904 -7.5 0
      vertex -11.4186 -1.59748 0
    endloop
  endfacet
  facet normal 0 0 -1
    outer loop
      vertex -13.5946 -6.33927 0
      vertex -11.4186 -1.59748 0
      vertex -12.9904 -7.5 0
    endloop
  endfacet
  facet normal 0 0 -1
    outer loop
      vertex -11.4186 -1.59748 0
      vertex -13.5946 -6.33927 0
      vertex -11.56 -1.64207 0
    endloop
  endfacet
  facet normal 0 0 -1
    outer loop
      vertex -11.56 -1.64207 0
      vertex -13.5946 -6.33927 0
      vertex -11.7048 -1.67417 0
    endloop
  endfacet
  facet normal 0 0 -1
    outer loop
      vertex -14.0954 -5.1303 0
      vertex -11.7048 -1.67417 0
      vertex -13.5946 -6.33927 0
    endloop
  endfacet
  facet normal 0 0 -1
    outer loop
      vertex -11.7048 -1.67417 0
      vertex -14.0954 -5.1303 0
      vertex -11.8518 -1.69353 0
    endloop
  endfacet
  facet normal 0 0 -1
    outer loop
      vertex -11.8518 -1.69353 0
      vertex -14.0954 -5.1303 0
      vertex -12 -1.7 0
    endloop
  endfacet
  facet normal -0 0 -1
    outer loop
      vertex -12 -1.7 0
      vertex -14.0954 -5.1303 0
      vertex -12.1482 -1.69353 0
    endloop
  endfacet
  facet normal 0 0 -1
    outer loop
      vertex -14.4889 -3.88229 0
      vertex -12.1482 -1.69353 0
      vertex -14.0954 -5.1303 0
    endloop
  endfacet
  facet normal -0 0 -1
    outer loop
      vertex -12.1482 -1.69353 0
      vertex -14.4889 -3.88229 0
      vertex -12.2952 -1.67417 0
    endloop
  endfacet
  facet normal -0 0 -1
    outer loop
      vertex -12.2952 -1.67417 0
      vertex -14.4889 -3.88229 0
      vertex -12.44 -1.64207 0
    endloop
  endfacet
  facet normal -0 0 -1
    outer loop
      vertex -12.44 -1.64207 0
      vertex -14.4889 -3.88229 0
      vertex -12.5814 -1.59748 0
    endloop
  endfacet
  facet normal -0 0 -1
    outer loop
      vertex -12.5814 -1.59748 0
      vertex -14.4889 -3.88229 0
      vertex -12.7185 -1.54072 0
    endloop
  endfacet
  facet normal 0 0 -1
    outer loop
      vertex -14.7721 -2.60472 0
      vertex -12.7185 -1.54072 0
      vertex -14.4889 -3.88229 0
    endloop
  endfacet
  facet normal -0 0 -1
    outer loop
      vertex -12.7185 -1.54072 0
      vertex -14.7721 -2.60472 0
      vertex -12.85 -1.47224 0
    endloop
  endfacet
  facet normal -0 0 -1
    outer loop
      vertex -12.85 -1.47224 0
      vertex -14.7721 -2.60472 0
      vertex -12.9751 -1.39256 0
    endloop
  endfacet
  facet normal -0 0 -1
    outer loop
      vertex -12.9751 -1.39256 0
      vertex -14.7721 -2.60472 0
      vertex -13.0927 -1.30227 0
    endloop
  endfacet
  facet normal -0 0 -1
    outer loop
      vertex -13.0927 -1.30227 0
      vertex -14.7721 -2.60472 0
      vertex -13.2021 -1.20208 0
    endloop
  endfacet
  facet normal -0 0 -1
    outer loop
      vertex -13.2021 -1.20208 0
      vertex -14.7721 -2.60472 0
      vertex -13.3023 -1.09274 0
    endloop
  endfacet
  facet normal 0 0 -1
    outer loop
      vertex -14.9429 -1.30734 0
      vertex -13.3023 -1.09274 0
      vertex -14.7721 -2.60472 0
    endloop
  endfacet
  facet normal -0 0 -1
    outer loop
      vertex -13.3023 -1.09274 0
      vertex -14.9429 -1.30734 0
      vertex -13.3926 -0.97508 0
    endloop
  endfacet
  facet normal -0 0 -1
    outer loop
      vertex -13.3926 -0.97508 0
      vertex -14.9429 -1.30734 0
      vertex -13.4722 -0.849999 0
    endloop
  endfacet
  facet normal -0 0 -1
    outer loop
      vertex -13.4722 -0.849999 0
      vertex -14.9429 -1.30734 0
      vertex -13.5407 -0.718451 0
    endloop
  endfacet
  facet normal -0 0 -1
    outer loop
      vertex -13.5407 -0.718451 0
      vertex -14.9429 -1.30734 0
      vertex -13.5975 -0.581433 0
    endloop
  endfacet
  facet normal -0 0 -1
    outer loop
      vertex -13.5975 -0.581433 0
      vertex -14.9429 -1.30734 0
      vertex -13.6421 -0.439992 0
    endloop
  endfacet
  facet normal 0 0 -1
    outer loop
      vertex 13.6421 -0.439992 0
      vertex 15 0 0
      vertex 14.9429 -1.30734 0
    endloop
  endfacet
  facet normal 0 0 -1
    outer loop
      vertex 13.3023 -1.09274 0
      vertex 14.9429 -1.30734 0
      vertex 14.7721 -2.60472 0
    endloop
  endfacet
  facet normal 0 0 -1
    outer loop
      vertex 15 0 0
      vertex 13.6742 -0.295201 0
      vertex 13.6935 -0.148165 0
    endloop
  endfacet
  facet normal 0 0 -1
    outer loop
      vertex 12.7185 -1.54072 0
      vertex 14.7721 -2.60472 0
      vertex 14.4889 -3.88229 0
    endloop
  endfacet
  facet normal 0 0 -1
    outer loop
      vertex 13.6935 0.148165 0
      vertex 15 0 0
      vertex 13.7 0 0
    endloop
  endfacet
  facet normal 0 0 -1
    outer loop
      vertex 12.1482 -1.69353 0
      vertex 14.4889 -3.88229 0
      vertex 14.0954 -5.1303 0
    endloop
  endfacet
  facet normal 0 0 -1
    outer loop
      vertex 13.6742 0.295201 0
      vertex 15 0 0
      vertex 13.6935 0.148165 0
    endloop
  endfacet
  facet normal 0 0 -1
    outer loop
      vertex 15 0 0
      vertex 13.6421 0.439992 0
      vertex 14.9429 1.30734 0
    endloop
  endfacet
  facet normal 0 0 -1
    outer loop
      vertex 13.6421 0.439992 0
      vertex 15 0 0
      vertex 13.6742 0.295201 0
    endloop
  endfacet
  facet normal -0 0 -1
    outer loop
      vertex 15 0 0
      vertex 13.6935 -0.148165 0
      vertex 13.7 0 0
    endloop
  endfacet
  facet normal 0 0 -1
    outer loop
      vertex 15 0 0
      vertex 13.6421 -0.439992 0
      vertex 13.6742 -0.295201 0
    endloop
  endfacet
  facet normal 0 0 -1
    outer loop
      vertex 14.9429 -1.30734 0
      vertex 13.5975 -0.581433 0
      vertex 13.6421 -0.439992 0
    endloop
  endfacet
  facet normal 0 0 -1
    outer loop
      vertex 11.7048 -1.67417 0
      vertex 14.0954 -5.1303 0
      vertex 13.5946 -6.33927 0
    endloop
  endfacet
  facet normal 0 0 -1
    outer loop
      vertex 14.9429 -1.30734 0
      vertex 13.5407 -0.718451 0
      vertex 13.5975 -0.581433 0
    endloop
  endfacet
  facet normal 0 0 -1
    outer loop
      vertex 14.9429 -1.30734 0
      vertex 13.4722 -0.849999 0
      vertex 13.5407 -0.718451 0
    endloop
  endfacet
  facet normal 0 0 -1
    outer loop
      vertex 14.9429 -1.30734 0
      vertex 13.3926 -0.97508 0
      vertex 13.4722 -0.849999 0
    endloop
  endfacet
  facet normal 0 0 -1
    outer loop
      vertex 14.9429 -1.30734 0
      vertex 13.3023 -1.09274 0
      vertex 13.3926 -0.97508 0
    endloop
  endfacet
  facet normal 0 0 -1
    outer loop
      vertex 14.7721 -2.60472 0
      vertex 13.2021 -1.20208 0
      vertex 13.3023 -1.09274 0
    endloop
  endfacet
  facet normal 0 0 -1
    outer loop
      vertex 14.7721 -2.60472 0
      vertex 13.0927 -1.30227 0
      vertex 13.2021 -1.20208 0
    endloop
  endfacet
  facet normal 0 0 -1
    outer loop
      vertex 11.4186 -1.59748 0
      vertex 13.5946 -6.33927 0
      vertex 12.9904 -7.5 0
    endloop
  endfacet
  facet normal 0 0 -1
    outer loop
      vertex 14.7721 -2.60472 0
      vertex 12.9751 -1.39256 0
      vertex 13.0927 -1.30227 0
    endloop
  endfacet
  facet normal 0 0 -1
    outer loop
      vertex 14.7721 -2.60472 0
      vertex 12.85 -1.47224 0
      vertex 12.9751 -1.39256 0
    endloop
  endfacet
  facet normal 0 0 -1
    outer loop
      vertex 14.7721 -2.60472 0
      vertex 12.7185 -1.54072 0
      vertex 12.85 -1.47224 0
    endloop
  endfacet
  facet normal 0 0 -1
    outer loop
      vertex 14.4889 -3.88229 0
      vertex 12.5814 -1.59748 0
      vertex 12.7185 -1.54072 0
    endloop
  endfacet
  facet normal 0 0 -1
    outer loop
      vertex 14.4889 -3.88229 0
      vertex 12.44 -1.64207 0
      vertex 12.5814 -1.59748 0
    endloop
  endfacet
  facet normal 0 0 -1
    outer loop
      vertex 14.4889 -3.88229 0
      vertex 12.2952 -1.67417 0
      vertex 12.44 -1.64207 0
    endloop
  endfacet
  facet normal 0 0 -1
    outer loop
      vertex 7.54072 -9.67385 0
      vertex 10.6066 -10.6066 0
      vertex 7.59748 -9.81087 0
    endloop
  endfacet
  facet normal 0 0 -1
    outer loop
      vertex 14.4889 -3.88229 0
      vertex 12.1482 -1.69353 0
      vertex 12.2952 -1.67417 0
    endloop
  endfacet
  facet normal 0 0 -1
    outer loop
      vertex 14.0954 -5.1303 0
      vertex 12 -1.7 0
      vertex 12.1482 -1.69353 0
    endloop
  endfacet
  facet normal 0 0 -1
    outer loop
      vertex 14.0954 -5.1303 0
      vertex 11.8518 -1.69353 0
      vertex 12 -1.7 0
    endloop
  endfacet
  facet normal 0 0 -1
    outer loop
      vertex 14.0954 -5.1303 0
      vertex 11.7048 -1.67417 0
      vertex 11.8518 -1.69353 0
    endloop
  endfacet
  facet normal 0 0 -1
    outer loop
      vertex 13.5946 -6.33927 0
      vertex 11.56 -1.64207 0
      vertex 11.7048 -1.67417 0
    endloop
  endfacet
  facet normal 0 0 -1
    outer loop
      vertex 7.67417 -10.0971 0
      vertex 10.6066 -10.6066 0
      vertex 7.69353 -10.2441 0
    endloop
  endfacet
  facet normal 0 0 -1
    outer loop
      vertex 13.5946 -6.33927 0
      vertex 11.4186 -1.59748 0
      vertex 11.56 -1.64207 0
    endloop
  endfacet
  facet normal 0 0 -1
    outer loop
      vertex 12.9904 -7.5 0
      vertex 11.2815 -1.54072 0
      vertex 11.4186 -1.59748 0
    endloop
  endfacet
  facet normal 0 0 -1
    outer loop
      vertex 12.9904 -7.5 0
      vertex 11.15 -1.47224 0
      vertex 11.2815 -1.54072 0
    endloop
  endfacet
  facet normal 0 0 -1
    outer loop
      vertex 7.64207 -9.95231 0
      vertex 10.6066 -10.6066 0
      vertex 7.67417 -10.0971 0
    endloop
  endfacet
  facet normal 0 0 -1
    outer loop
      vertex 7.59748 -9.81087 0
      vertex 10.6066 -10.6066 0
      vertex 7.64207 -9.95231 0
    endloop
  endfacet
  facet normal 0 0 -1
    outer loop
      vertex 10.6066 -10.6066 0
      vertex 7.54072 -9.67385 0
      vertex 11.4907 -9.64181 0
    endloop
  endfacet
  facet normal 0 0 -1
    outer loop
      vertex 7.47224 -9.5423 0
      vertex 11.4907 -9.64181 0
      vertex 7.54072 -9.67385 0
    endloop
  endfacet
  facet normal 0 0 -1
    outer loop
      vertex 7.39256 -9.41722 0
      vertex 11.4907 -9.64181 0
      vertex 7.47224 -9.5423 0
    endloop
  endfacet
  facet normal 0 0 -1
    outer loop
      vertex 9.64181 -11.4907 0
      vertex 7.69353 -10.2441 0
      vertex 10.6066 -10.6066 0
    endloop
  endfacet
  facet normal 0 0 -1
    outer loop
      vertex 7.30227 -9.29957 0
      vertex 11.4907 -9.64181 0
      vertex 7.39256 -9.41722 0
    endloop
  endfacet
  facet normal 0 0 -1
    outer loop
      vertex 11.4907 -9.64181 0
      vertex 7.30227 -9.29957 0
      vertex 12.2873 -8.60365 0
    endloop
  endfacet
  facet normal 0 0 -1
    outer loop
      vertex 7.20208 -9.19022 0
      vertex 12.2873 -8.60365 0
      vertex 7.30227 -9.29957 0
    endloop
  endfacet
  facet normal 0 0 -1
    outer loop
      vertex 7.09274 -9.09003 0
      vertex 12.2873 -8.60365 0
      vertex 7.20208 -9.19022 0
    endloop
  endfacet
  facet normal -0 0 -1
    outer loop
      vertex 12.2873 -8.60365 0
      vertex 7.09274 -9.09003 0
      vertex 12.9904 -7.5 0
    endloop
  endfacet
  facet normal 0 0 -1
    outer loop
      vertex 6.97508 -8.99975 0
      vertex 12.9904 -7.5 0
      vertex 7.09274 -9.09003 0
    endloop
  endfacet
  facet normal -0 0 -1
    outer loop
      vertex 12.9904 -7.5 0
      vertex 6.97508 -8.99975 0
      vertex 11.15 -1.47224 0
    endloop
  endfacet
  facet normal 0 0 -1
    outer loop
      vertex 7.69353 -10.2441 0
      vertex 9.64181 -11.4907 0
      vertex 7.7 -10.3923 0
    endloop
  endfacet
  facet normal 0 0 -1
    outer loop
      vertex 13.5975 0.581433 0
      vertex 14.9429 1.30734 0
      vertex 13.6421 0.439992 0
    endloop
  endfacet
  facet normal 0 0 -1
    outer loop
      vertex 13.5407 0.718451 0
      vertex 14.9429 1.30734 0
      vertex 13.5975 0.581433 0
    endloop
  endfacet
  facet normal 0 0 -1
    outer loop
      vertex 13.4722 0.849999 0
      vertex 14.9429 1.30734 0
      vertex 13.5407 0.718451 0
    endloop
  endfacet
  facet normal 0 0 -1
    outer loop
      vertex 13.3926 0.97508 0
      vertex 14.9429 1.30734 0
      vertex 13.4722 0.849999 0
    endloop
  endfacet
  facet normal 0 0 -1
    outer loop
      vertex 13.3023 1.09274 0
      vertex 14.9429 1.30734 0
      vertex 13.3926 0.97508 0
    endloop
  endfacet
  facet normal -0 0 -1
    outer loop
      vertex 14.9429 1.30734 0
      vertex 13.3023 1.09274 0
      vertex 14.7721 2.60472 0
    endloop
  endfacet
  facet normal 0 0 -1
    outer loop
      vertex 13.2021 1.20208 0
      vertex 14.7721 2.60472 0
      vertex 13.3023 1.09274 0
    endloop
  endfacet
  facet normal 0 0 -1
    outer loop
      vertex 13.0927 1.30227 0
      vertex 14.7721 2.60472 0
      vertex 13.2021 1.20208 0
    endloop
  endfacet
  facet normal 0 0 -1
    outer loop
      vertex 12.9751 1.39256 0
      vertex 14.7721 2.60472 0
      vertex 13.0927 1.30227 0
    endloop
  endfacet
  facet normal 0 0 -1
    outer loop
      vertex 12.85 1.47224 0
      vertex 14.7721 2.60472 0
      vertex 12.9751 1.39256 0
    endloop
  endfacet
  facet normal 0 0 -1
    outer loop
      vertex 12.7185 1.54072 0
      vertex 14.7721 2.60472 0
      vertex 12.85 1.47224 0
    endloop
  endfacet
  facet normal -0 0 -1
    outer loop
      vertex 14.7721 2.60472 0
      vertex 12.7185 1.54072 0
      vertex 14.4889 3.88229 0
    endloop
  endfacet
  facet normal 0 0 -1
    outer loop
      vertex 12.5814 1.59748 0
      vertex 14.4889 3.88229 0
      vertex 12.7185 1.54072 0
    endloop
  endfacet
  facet normal 0 0 -1
    outer loop
      vertex 12.44 1.64207 0
      vertex 14.4889 3.88229 0
      vertex 12.5814 1.59748 0
    endloop
  endfacet
  facet normal 0 0 -1
    outer loop
      vertex 12.2952 1.67417 0
      vertex 14.4889 3.88229 0
      vertex 12.44 1.64207 0
    endloop
  endfacet
  facet normal 0 0 -1
    outer loop
      vertex 12.1482 1.69353 0
      vertex 14.4889 3.88229 0
      vertex 12.2952 1.67417 0
    endloop
  endfacet
  facet normal -0 0 -1
    outer loop
      vertex 14.4889 3.88229 0
      vertex 12.1482 1.69353 0
      vertex 14.0954 5.1303 0
    endloop
  endfacet
  facet normal 0 0 -1
    outer loop
      vertex 12 1.7 0
      vertex 14.0954 5.1303 0
      vertex 12.1482 1.69353 0
    endloop
  endfacet
  facet normal 0 0 -1
    outer loop
      vertex 11.8518 1.69353 0
      vertex 14.0954 5.1303 0
      vertex 12 1.7 0
    endloop
  endfacet
  facet normal 0 0 -1
    outer loop
      vertex 11.7048 1.67417 0
      vertex 14.0954 5.1303 0
      vertex 11.8518 1.69353 0
    endloop
  endfacet
  facet normal -0 0 -1
    outer loop
      vertex 14.0954 5.1303 0
      vertex 11.7048 1.67417 0
      vertex 13.5946 6.33927 0
    endloop
  endfacet
  facet normal 0 0 -1
    outer loop
      vertex 11.56 1.64207 0
      vertex 13.5946 6.33927 0
      vertex 11.7048 1.67417 0
    endloop
  endfacet
  facet normal 0 0 -1
    outer loop
      vertex 11.4186 1.59748 0
      vertex 13.5946 6.33927 0
      vertex 11.56 1.64207 0
    endloop
  endfacet
  facet normal -0 0 -1
    outer loop
      vertex 13.5946 6.33927 0
      vertex 11.4186 1.59748 0
      vertex 12.9904 7.5 0
    endloop
  endfacet
  facet normal 0 0 -1
    outer loop
      vertex 11.2815 1.54072 0
      vertex 12.9904 7.5 0
      vertex 11.4186 1.59748 0
    endloop
  endfacet
  facet normal 0 0 -1
    outer loop
      vertex 11.15 1.47224 0
      vertex 12.9904 7.5 0
      vertex 11.2815 1.54072 0
    endloop
  endfacet
  facet normal -0 0 -1
    outer loop
      vertex 12.9904 7.5 0
      vertex 11.15 1.47224 0
      vertex 12.2873 8.60365 0
    endloop
  endfacet
  facet normal 0 0 -1
    outer loop
      vertex 11.0249 1.39256 0
      vertex 12.2873 8.60365 0
      vertex 11.15 1.47224 0
    endloop
  endfacet
  facet normal 0 0 -1
    outer loop
      vertex 7.7 10.3923 0
      vertex 11.0249 1.39256 0
      vertex 10.9073 1.30227 0
    endloop
  endfacet
  facet normal 0 0 -1
    outer loop
      vertex 11.0249 1.39256 0
      vertex 7.7 10.3923 0
      vertex 12.2873 8.60365 0
    endloop
  endfacet
  facet normal 0 0 -1
    outer loop
      vertex 7.7 10.3923 0
      vertex 10.9073 1.30227 0
      vertex 10.7979 1.20208 0
    endloop
  endfacet
  facet normal 0 0 -1
    outer loop
      vertex 7.7 10.3923 0
      vertex 10.7979 1.20208 0
      vertex 10.6977 1.09274 0
    endloop
  endfacet
  facet normal 0 0 -1
    outer loop
      vertex 7.7 10.3923 0
      vertex 10.6977 1.09274 0
      vertex 10.6074 0.97508 0
    endloop
  endfacet
  facet normal 0 0 -1
    outer loop
      vertex 12.2873 8.60365 0
      vertex 7.7 10.3923 0
      vertex 11.4907 9.64181 0
    endloop
  endfacet
  facet normal 0 0 -1
    outer loop
      vertex 7.7 10.3923 0
      vertex 10.6074 0.97508 0
      vertex 10.5278 0.849999 0
    endloop
  endfacet
  facet normal 0 0 -1
    outer loop
      vertex 7.7 10.3923 0
      vertex 10.5278 0.849999 0
      vertex 10.4593 0.718451 0
    endloop
  endfacet
  facet normal 0 0 -1
    outer loop
      vertex 7.7 10.3923 0
      vertex 10.4593 0.718451 0
      vertex 10.4025 0.581433 0
    endloop
  endfacet
  facet normal 0 0 -1
    outer loop
      vertex 7.7 10.3923 0
      vertex 10.4025 0.581433 0
      vertex 10.3579 0.439992 0
    endloop
  endfacet
  facet normal 0 0 -1
    outer loop
      vertex 7.7 10.3923 0
      vertex 10.3579 0.439992 0
      vertex 10.3258 0.295201 0
    endloop
  endfacet
  facet normal 0 0 -1
    outer loop
      vertex 7.7 10.3923 0
      vertex 10.3258 0.295201 0
      vertex 10.3065 0.148165 0
    endloop
  endfacet
  facet normal -0 0 -1
    outer loop
      vertex 11.15 -1.47224 0
      vertex 6.85 -8.92006 0
      vertex 11.0249 -1.39256 0
    endloop
  endfacet
  facet normal 0 0 -1
    outer loop
      vertex 6.85 -8.92006 0
      vertex 11.15 -1.47224 0
      vertex 6.97508 -8.99975 0
    endloop
  endfacet
  facet normal 0 0 -1
    outer loop
      vertex 10.3 0 0
      vertex 7.7 10.3923 0
      vertex 10.3065 0.148165 0
    endloop
  endfacet
  facet normal 0 0 -1
    outer loop
      vertex 7.59748 -10.9737 0
      vertex 9.64181 -11.4907 0
      vertex 8.60365 -12.2873 0
    endloop
  endfacet
  facet normal 0 0 -1
    outer loop
      vertex 11.4907 9.64181 0
      vertex 7.7 10.3923 0
      vertex 10.6066 10.6066 0
    endloop
  endfacet
  facet normal -0 0 -1
    outer loop
      vertex 10.6066 10.6066 0
      vertex 7.7 10.3923 0
      vertex 9.64181 11.4907 0
    endloop
  endfacet
  facet normal 0 0 -1
    outer loop
      vertex 9.64181 -11.4907 0
      vertex 7.69353 -10.5405 0
      vertex 7.7 -10.3923 0
    endloop
  endfacet
  facet normal 0 0 -1
    outer loop
      vertex 9.64181 -11.4907 0
      vertex 7.67417 -10.6875 0
      vertex 7.69353 -10.5405 0
    endloop
  endfacet
  facet normal 0 0 -1
    outer loop
      vertex 9.64181 -11.4907 0
      vertex 7.64207 -10.8323 0
      vertex 7.67417 -10.6875 0
    endloop
  endfacet
  facet normal 0 0 -1
    outer loop
      vertex 9.64181 -11.4907 0
      vertex 7.59748 -10.9737 0
      vertex 7.64207 -10.8323 0
    endloop
  endfacet
  facet normal 0 0 -1
    outer loop
      vertex 8.60365 -12.2873 0
      vertex 7.54072 -11.1108 0
      vertex 7.59748 -10.9737 0
    endloop
  endfacet
  facet normal 0 0 -1
    outer loop
      vertex 7.20208 -11.5944 0
      vertex 8.60365 -12.2873 0
      vertex 7.5 -12.9904 0
    endloop
  endfacet
  facet normal 0 0 -1
    outer loop
      vertex 8.60365 -12.2873 0
      vertex 7.47224 -11.2423 0
      vertex 7.54072 -11.1108 0
    endloop
  endfacet
  facet normal 0 0 -1
    outer loop
      vertex 8.60365 -12.2873 0
      vertex 7.39256 -11.3674 0
      vertex 7.47224 -11.2423 0
    endloop
  endfacet
  facet normal 0 0 -1
    outer loop
      vertex 8.60365 -12.2873 0
      vertex 7.30227 -11.485 0
      vertex 7.39256 -11.3674 0
    endloop
  endfacet
  facet normal 0 0 -1
    outer loop
      vertex 8.60365 -12.2873 0
      vertex 7.20208 -11.5944 0
      vertex 7.30227 -11.485 0
    endloop
  endfacet
  facet normal 0 0 -1
    outer loop
      vertex 7.5 -12.9904 0
      vertex 7.09274 -11.6946 0
      vertex 7.20208 -11.5944 0
    endloop
  endfacet
  facet normal 0 0 -1
    outer loop
      vertex 7.5 -12.9904 0
      vertex 6.97508 -11.7849 0
      vertex 7.09274 -11.6946 0
    endloop
  endfacet
  facet normal 0 0 -1
    outer loop
      vertex 7.5 -12.9904 0
      vertex 6.85 -11.8645 0
      vertex 6.97508 -11.7849 0
    endloop
  endfacet
  facet normal 0 0 -1
    outer loop
      vertex 7.5 -12.9904 0
      vertex 6.71845 -11.933 0
      vertex 6.85 -11.8645 0
    endloop
  endfacet
  facet normal 0 0 -1
    outer loop
      vertex 7.5 -12.9904 0
      vertex 6.58143 -11.9898 0
      vertex 6.71845 -11.933 0
    endloop
  endfacet
  facet normal 0 0 -1
    outer loop
      vertex 7.5 -12.9904 0
      vertex 6.43999 -12.0344 0
      vertex 6.58143 -11.9898 0
    endloop
  endfacet
  facet normal 0 0 -1
    outer loop
      vertex 6.33927 -13.5946 0
      vertex 6.43999 -12.0344 0
      vertex 7.5 -12.9904 0
    endloop
  endfacet
  facet normal 0 0 -1
    outer loop
      vertex 6.33927 -13.5946 0
      vertex 6.2952 -12.0665 0
      vertex 6.43999 -12.0344 0
    endloop
  endfacet
  facet normal 0 0 -1
    outer loop
      vertex 6.33927 -13.5946 0
      vertex 6.14816 -12.0858 0
      vertex 6.2952 -12.0665 0
    endloop
  endfacet
  facet normal 0 0 -1
    outer loop
      vertex 6.33927 -13.5946 0
      vertex 6 -12.0923 0
      vertex 6.14816 -12.0858 0
    endloop
  endfacet
  facet normal 0 0 -1
    outer loop
      vertex 6.33927 -13.5946 0
      vertex 5.85183 -12.0858 0
      vertex 6 -12.0923 0
    endloop
  endfacet
  facet normal 0 0 -1
    outer loop
      vertex 6.33927 -13.5946 0
      vertex 5.7048 -12.0665 0
      vertex 5.85183 -12.0858 0
    endloop
  endfacet
  facet normal 0 0 -1
    outer loop
      vertex 5.1303 -14.0954 0
      vertex 5.7048 -12.0665 0
      vertex 6.33927 -13.5946 0
    endloop
  endfacet
  facet normal -0 0 -1
    outer loop
      vertex 5.7048 -12.0665 0
      vertex 5.1303 -14.0954 0
      vertex 5.56001 -12.0344 0
    endloop
  endfacet
  facet normal -0 0 -1
    outer loop
      vertex 5.56001 -12.0344 0
      vertex 5.1303 -14.0954 0
      vertex 5.41857 -11.9898 0
    endloop
  endfacet
  facet normal -0 0 -1
    outer loop
      vertex 5.41857 -11.9898 0
      vertex 5.1303 -14.0954 0
      vertex 5.28155 -11.933 0
    endloop
  endfacet
  facet normal -0 0 -1
    outer loop
      vertex 5.28155 -11.933 0
      vertex 5.1303 -14.0954 0
      vertex 5.15 -11.8645 0
    endloop
  endfacet
  facet normal 0 0 -1
    outer loop
      vertex 5.1303 -14.0954 0
      vertex 5.02492 -11.7849 0
      vertex 5.15 -11.8645 0
    endloop
  endfacet
  facet normal 0 0 -1
    outer loop
      vertex 3.88229 -14.4889 0
      vertex 5.02492 -11.7849 0
      vertex 5.1303 -14.0954 0
    endloop
  endfacet
  facet normal -0 0 -1
    outer loop
      vertex 5.02492 -11.7849 0
      vertex 3.88229 -14.4889 0
      vertex 4.90726 -11.6946 0
    endloop
  endfacet
  facet normal -0 0 -1
    outer loop
      vertex 4.90726 -11.6946 0
      vertex 3.88229 -14.4889 0
      vertex 4.79792 -11.5944 0
    endloop
  endfacet
  facet normal -0 0 -1
    outer loop
      vertex 4.79792 -11.5944 0
      vertex 3.88229 -14.4889 0
      vertex 4.69772 -11.485 0
    endloop
  endfacet
  facet normal -0 0 -1
    outer loop
      vertex 4.69772 -11.485 0
      vertex 3.88229 -14.4889 0
      vertex 4.60744 -11.3674 0
    endloop
  endfacet
  facet normal 0 0 -1
    outer loop
      vertex 2.60472 -14.7721 0
      vertex 4.60744 -11.3674 0
      vertex 3.88229 -14.4889 0
    endloop
  endfacet
  facet normal -0 0 -1
    outer loop
      vertex 4.60744 -11.3674 0
      vertex 2.60472 -14.7721 0
      vertex 4.52776 -11.2423 0
    endloop
  endfacet
  facet normal -0 0 -1
    outer loop
      vertex 4.52776 -11.2423 0
      vertex 2.60472 -14.7721 0
      vertex 4.45928 -11.1108 0
    endloop
  endfacet
  facet normal -0 0 -1
    outer loop
      vertex 5.28155 8.85158 0
      vertex 2.0375 3.52905 0
      vertex 5.15 8.92006 0
    endloop
  endfacet
  facet normal 0 0 -1
    outer loop
      vertex 10.3065 -0.148165 0
      vertex 4.075 0 0
      vertex 10.3 0 0
    endloop
  endfacet
  facet normal 0 -0 -1
    outer loop
      vertex 4.075 0 0
      vertex 10.3065 -0.148165 0
      vertex 4.05949 -0.355159 0
    endloop
  endfacet
  facet normal -0 0 -1
    outer loop
      vertex 10.3258 -0.295201 0
      vertex 4.05949 -0.355159 0
      vertex 10.3065 -0.148165 0
    endloop
  endfacet
  facet normal -0 0 -1
    outer loop
      vertex 4.45928 -11.1108 0
      vertex 2.60472 -14.7721 0
      vertex 4.40252 -10.9737 0
    endloop
  endfacet
  facet normal 0 0 -1
    outer loop
      vertex 1.30734 -14.9429 0
      vertex 4.40252 -10.9737 0
      vertex 2.60472 -14.7721 0
    endloop
  endfacet
  facet normal -0 0 -1
    outer loop
      vertex 4.40252 -10.9737 0
      vertex 1.30734 -14.9429 0
      vertex 4.35793 -10.8323 0
    endloop
  endfacet
  facet normal -0 0 -1
    outer loop
      vertex 4.35793 -10.8323 0
      vertex 1.30734 -14.9429 0
      vertex 4.32583 -10.6875 0
    endloop
  endfacet
  facet normal 0 0 -1
    outer loop
      vertex 0 -15 0
      vertex 4.32583 -10.6875 0
      vertex 1.30734 -14.9429 0
    endloop
  endfacet
  facet normal 0 -0 -1
    outer loop
      vertex 4.05949 -0.355159 0
      vertex 10.3258 -0.295201 0
      vertex 4.01309 -0.707616 0
    endloop
  endfacet
  facet normal -0 0 -1
    outer loop
      vertex 10.3579 -0.439992 0
      vertex 4.01309 -0.707616 0
      vertex 10.3258 -0.295201 0
    endloop
  endfacet
  facet normal -0 0 -1
    outer loop
      vertex 10.4025 -0.581433 0
      vertex 4.01309 -0.707616 0
      vertex 10.3579 -0.439992 0
    endloop
  endfacet
  facet normal 0 0 -1
    outer loop
      vertex 6.2952 -8.71813 0
      vertex 3.33804 -2.33732 0
      vertex 3.52905 -2.0375 0
    endloop
  endfacet
  facet normal 0 0 -1
    outer loop
      vertex 6.14816 -8.69877 0
      vertex 3.12163 -2.61936 0
      vertex 3.33804 -2.33732 0
    endloop
  endfacet
  facet normal 0 0 -1
    outer loop
      vertex 5.85183 -8.69877 0
      vertex 2.88146 -2.88146 0
      vertex 3.12163 -2.61936 0
    endloop
  endfacet
  facet normal 0 0 -1
    outer loop
      vertex 5.7048 -8.71813 0
      vertex 2.61936 -3.12163 0
      vertex 2.88146 -2.88146 0
    endloop
  endfacet
  facet normal -0 0 -1
    outer loop
      vertex 4.32583 -10.6875 0
      vertex 0 -15 0
      vertex 4.30647 -10.5405 0
    endloop
  endfacet
  facet normal 0 0 -1
    outer loop
      vertex 5.41857 -8.79483 0
      vertex 2.33732 -3.33804 0
      vertex 2.61936 -3.12163 0
    endloop
  endfacet
  facet normal 0 0 -1
    outer loop
      vertex 5.28155 -8.85158 0
      vertex 2.0375 -3.52905 0
      vertex 2.33732 -3.33804 0
    endloop
  endfacet
  facet normal 0 0 -1
    outer loop
      vertex 5.02492 -8.99975 0
      vertex 1.72217 -3.6932 0
      vertex 2.0375 -3.52905 0
    endloop
  endfacet
  facet normal 0 0 -1
    outer loop
      vertex 4.90726 -9.09003 0
      vertex 1.39373 -3.82925 0
      vertex 1.72217 -3.6932 0
    endloop
  endfacet
  facet normal -0 0 -1
    outer loop
      vertex 4.30647 -10.5405 0
      vertex 0 -15 0
      vertex 4.3 -10.3923 0
    endloop
  endfacet
  facet normal 0 0 -1
    outer loop
      vertex 4.69772 -9.29957 0
      vertex 1.05469 -3.93615 0
      vertex 1.39373 -3.82925 0
    endloop
  endfacet
  facet normal 0 0 -1
    outer loop
      vertex 4.60744 -9.41722 0
      vertex 0.707616 -4.01309 0
      vertex 1.05469 -3.93615 0
    endloop
  endfacet
  facet normal 0 0 -1
    outer loop
      vertex 4.45928 -9.67385 0
      vertex 0.355159 -4.05949 0
      vertex 0.707616 -4.01309 0
    endloop
  endfacet
  facet normal -0 0 -1
    outer loop
      vertex 4.3 -10.3923 0
      vertex 0 -15 0
      vertex -4.3 -10.3923 0
    endloop
  endfacet
  facet normal 0 0 -1
    outer loop
      vertex -4.32583 -10.0971 0
      vertex 4.32583 -10.0971 0
      vertex -4.30647 -10.2441 0
    endloop
  endfacet
  facet normal 0 0 -1
    outer loop
      vertex 4.40252 -9.81087 0
      vertex 0 -4.075 0
      vertex 0.355159 -4.05949 0
    endloop
  endfacet
  facet normal 0 0 -1
    outer loop
      vertex 4.32583 -10.0971 0
      vertex -4.32583 -10.0971 0
      vertex 4.35793 -9.95231 0
    endloop
  endfacet
  facet normal 0 0 -1
    outer loop
      vertex -4.35793 -9.95231 0
      vertex 4.35793 -9.95231 0
      vertex -4.32583 -10.0971 0
    endloop
  endfacet
  facet normal 0 0 -1
    outer loop
      vertex -4.32583 -10.6875 0
      vertex 0 -15 0
      vertex -1.30734 -14.9429 0
    endloop
  endfacet
  facet normal 0 0 -1
    outer loop
      vertex 4.35793 -9.95231 0
      vertex -4.35793 -9.95231 0
      vertex 0 -4.075 0
    endloop
  endfacet
  facet normal 0 0 -1
    outer loop
      vertex -4.40252 -9.81087 0
      vertex 0 -4.075 0
      vertex -4.35793 -9.95231 0
    endloop
  endfacet
  facet normal -0 0 -1
    outer loop
      vertex 0 -4.075 0
      vertex -4.40252 -9.81087 0
      vertex -0.355159 -4.05949 0
    endloop
  endfacet
  facet normal 0 0 -1
    outer loop
      vertex -4.45928 -9.67385 0
      vertex -0.355159 -4.05949 0
      vertex -4.40252 -9.81087 0
    endloop
  endfacet
  facet normal 0 0 -1
    outer loop
      vertex -4.40252 -10.9737 0
      vertex -1.30734 -14.9429 0
      vertex -2.60472 -14.7721 0
    endloop
  endfacet
  facet normal -0 0 -1
    outer loop
      vertex -0.355159 -4.05949 0
      vertex -4.45928 -9.67385 0
      vertex -0.707616 -4.01309 0
    endloop
  endfacet
  facet normal 0 0 -1
    outer loop
      vertex -4.52776 -9.5423 0
      vertex -0.707616 -4.01309 0
      vertex -4.45928 -9.67385 0
    endloop
  endfacet
  facet normal 0 0 -1
    outer loop
      vertex -4.60744 -9.41722 0
      vertex -0.707616 -4.01309 0
      vertex -4.52776 -9.5423 0
    endloop
  endfacet
  facet normal -0 0 -1
    outer loop
      vertex -0.707616 -4.01309 0
      vertex -4.60744 -9.41722 0
      vertex -1.05469 -3.93615 0
    endloop
  endfacet
  facet normal 0 0 -1
    outer loop
      vertex -4.69772 -9.29957 0
      vertex -1.05469 -3.93615 0
      vertex -4.60744 -9.41722 0
    endloop
  endfacet
  facet normal -0 0 -1
    outer loop
      vertex -1.05469 -3.93615 0
      vertex -4.69772 -9.29957 0
      vertex -1.39373 -3.82925 0
    endloop
  endfacet
  facet normal 0 0 -1
    outer loop
      vertex -4.79792 -9.19022 0
      vertex -1.39373 -3.82925 0
      vertex -4.69772 -9.29957 0
    endloop
  endfacet
  facet normal 0 0 -1
    outer loop
      vertex -4.60744 -11.3674 0
      vertex -2.60472 -14.7721 0
      vertex -3.88229 -14.4889 0
    endloop
  endfacet
  facet normal 0 0 -1
    outer loop
      vertex -4.90726 -9.09003 0
      vertex -1.39373 -3.82925 0
      vertex -4.79792 -9.19022 0
    endloop
  endfacet
  facet normal -0 0 -1
    outer loop
      vertex -1.39373 -3.82925 0
      vertex -4.90726 -9.09003 0
      vertex -1.72217 -3.6932 0
    endloop
  endfacet
  facet normal 0 0 -1
    outer loop
      vertex -5.02492 -8.99975 0
      vertex -1.72217 -3.6932 0
      vertex -4.90726 -9.09003 0
    endloop
  endfacet
  facet normal -0 0 -1
    outer loop
      vertex -1.72217 -3.6932 0
      vertex -5.02492 -8.99975 0
      vertex -2.0375 -3.52905 0
    endloop
  endfacet
  facet normal 0 0 -1
    outer loop
      vertex -5.15 -8.92006 0
      vertex -2.0375 -3.52905 0
      vertex -5.02492 -8.99975 0
    endloop
  endfacet
  facet normal 0 0 -1
    outer loop
      vertex 0 -15 0
      vertex -4.30647 -10.5405 0
      vertex -4.3 -10.3923 0
    endloop
  endfacet
  facet normal 0 0 -1
    outer loop
      vertex 0 -15 0
      vertex -4.32583 -10.6875 0
      vertex -4.30647 -10.5405 0
    endloop
  endfacet
  facet normal 0 0 -1
    outer loop
      vertex -1.30734 -14.9429 0
      vertex -4.35793 -10.8323 0
      vertex -4.32583 -10.6875 0
    endloop
  endfacet
  facet normal 0 0 -1
    outer loop
      vertex -1.30734 -14.9429 0
      vertex -4.40252 -10.9737 0
      vertex -4.35793 -10.8323 0
    endloop
  endfacet
  facet normal 0 0 -1
    outer loop
      vertex -2.60472 -14.7721 0
      vertex -4.45928 -11.1108 0
      vertex -4.40252 -10.9737 0
    endloop
  endfacet
  facet normal 0 0 -1
    outer loop
      vertex -2.60472 -14.7721 0
      vertex -4.52776 -11.2423 0
      vertex -4.45928 -11.1108 0
    endloop
  endfacet
  facet normal 0 0 -1
    outer loop
      vertex -2.60472 -14.7721 0
      vertex -4.60744 -11.3674 0
      vertex -4.52776 -11.2423 0
    endloop
  endfacet
  facet normal 0 0 -1
    outer loop
      vertex -3.88229 -14.4889 0
      vertex -4.69772 -11.485 0
      vertex -4.60744 -11.3674 0
    endloop
  endfacet
  facet normal 0 0 -1
    outer loop
      vertex -3.88229 -14.4889 0
      vertex -4.79792 -11.5944 0
      vertex -4.69772 -11.485 0
    endloop
  endfacet
  facet normal 0 0 -1
    outer loop
      vertex -3.88229 -14.4889 0
      vertex -4.90726 -11.6946 0
      vertex -4.79792 -11.5944 0
    endloop
  endfacet
  facet normal 0 0 -1
    outer loop
      vertex -3.88229 -14.4889 0
      vertex -5.02492 -11.7849 0
      vertex -4.90726 -11.6946 0
    endloop
  endfacet
  facet normal 0 0 -1
    outer loop
      vertex -5.1303 -14.0954 0
      vertex -5.02492 -11.7849 0
      vertex -3.88229 -14.4889 0
    endloop
  endfacet
  facet normal 0 0 -1
    outer loop
      vertex -5.1303 -14.0954 0
      vertex -5.15 -11.8645 0
      vertex -5.02492 -11.7849 0
    endloop
  endfacet
  facet normal 0 0 -1
    outer loop
      vertex -5.1303 -14.0954 0
      vertex -5.28155 -11.933 0
      vertex -5.15 -11.8645 0
    endloop
  endfacet
  facet normal 0 0 -1
    outer loop
      vertex -5.1303 -14.0954 0
      vertex -5.41857 -11.9898 0
      vertex -5.28155 -11.933 0
    endloop
  endfacet
  facet normal 0 0 -1
    outer loop
      vertex -5.1303 -14.0954 0
      vertex -5.56001 -12.0344 0
      vertex -5.41857 -11.9898 0
    endloop
  endfacet
  facet normal 0 0 -1
    outer loop
      vertex -5.1303 -14.0954 0
      vertex -5.7048 -12.0665 0
      vertex -5.56001 -12.0344 0
    endloop
  endfacet
  facet normal 0 0 -1
    outer loop
      vertex -6.33927 -13.5946 0
      vertex -5.7048 -12.0665 0
      vertex -5.1303 -14.0954 0
    endloop
  endfacet
  facet normal 0 0 -1
    outer loop
      vertex -5.7048 -12.0665 0
      vertex -6.33927 -13.5946 0
      vertex -5.85183 -12.0858 0
    endloop
  endfacet
  facet normal 0 0 -1
    outer loop
      vertex -5.85183 -12.0858 0
      vertex -6.33927 -13.5946 0
      vertex -6 -12.0923 0
    endloop
  endfacet
  facet normal -0 0 -1
    outer loop
      vertex -6 -12.0923 0
      vertex -6.33927 -13.5946 0
      vertex -6.14816 -12.0858 0
    endloop
  endfacet
  facet normal -0 0 -1
    outer loop
      vertex -6.14816 -12.0858 0
      vertex -6.33927 -13.5946 0
      vertex -6.2952 -12.0665 0
    endloop
  endfacet
  facet normal 0 0 -1
    outer loop
      vertex -6.33927 -13.5946 0
      vertex -6.43999 -12.0344 0
      vertex -6.2952 -12.0665 0
    endloop
  endfacet
  facet normal 0 0 -1
    outer loop
      vertex -7.5 -12.9904 0
      vertex -6.43999 -12.0344 0
      vertex -6.33927 -13.5946 0
    endloop
  endfacet
  facet normal -0 0 -1
    outer loop
      vertex -6.43999 -12.0344 0
      vertex -7.5 -12.9904 0
      vertex -6.58143 -11.9898 0
    endloop
  endfacet
  facet normal -0 0 -1
    outer loop
      vertex -6.58143 -11.9898 0
      vertex -7.5 -12.9904 0
      vertex -6.71845 -11.933 0
    endloop
  endfacet
  facet normal -0 0 -1
    outer loop
      vertex -6.71845 -11.933 0
      vertex -7.5 -12.9904 0
      vertex -6.85 -11.8645 0
    endloop
  endfacet
  facet normal -0 0 -1
    outer loop
      vertex -6.85 -11.8645 0
      vertex -7.5 -12.9904 0
      vertex -6.97508 -11.7849 0
    endloop
  endfacet
  facet normal -0 0 -1
    outer loop
      vertex -6.97508 -11.7849 0
      vertex -7.5 -12.9904 0
      vertex -7.09274 -11.6946 0
    endloop
  endfacet
  facet normal -0 0 -1
    outer loop
      vertex -7.09274 -11.6946 0
      vertex -7.5 -12.9904 0
      vertex -7.20208 -11.5944 0
    endloop
  endfacet
  facet normal 0 0 -1
    outer loop
      vertex -8.60365 -12.2873 0
      vertex -7.20208 -11.5944 0
      vertex -7.5 -12.9904 0
    endloop
  endfacet
  facet normal -0 0 -1
    outer loop
      vertex -7.20208 -11.5944 0
      vertex -8.60365 -12.2873 0
      vertex -7.30227 -11.485 0
    endloop
  endfacet
  facet normal -0 0 -1
    outer loop
      vertex -7.30227 -11.485 0
      vertex -8.60365 -12.2873 0
      vertex -7.39256 -11.3674 0
    endloop
  endfacet
  facet normal -0 0 -1
    outer loop
      vertex -7.39256 -11.3674 0
      vertex -8.60365 -12.2873 0
      vertex -7.47224 -11.2423 0
    endloop
  endfacet
  facet normal -0 0 -1
    outer loop
      vertex -7.47224 -11.2423 0
      vertex -8.60365 -12.2873 0
      vertex -7.54072 -11.1108 0
    endloop
  endfacet
  facet normal -0 0 -1
    outer loop
      vertex -7.54072 -11.1108 0
      vertex -8.60365 -12.2873 0
      vertex -7.59748 -10.9737 0
    endloop
  endfacet
  facet normal 0 0 -1
    outer loop
      vertex -9.64181 -11.4907 0
      vertex -7.59748 -10.9737 0
      vertex -8.60365 -12.2873 0
    endloop
  endfacet
  facet normal -0 0 -1
    outer loop
      vertex -7.59748 -10.9737 0
      vertex -9.64181 -11.4907 0
      vertex -7.64207 -10.8323 0
    endloop
  endfacet
  facet normal -0 0 -1
    outer loop
      vertex -7.7 -10.3923 0
      vertex -9.64181 -11.4907 0
      vertex -7.69353 -10.2441 0
    endloop
  endfacet
  facet normal -0 0 -1
    outer loop
      vertex -7.67417 -10.6875 0
      vertex -9.64181 -11.4907 0
      vertex -7.69353 -10.5405 0
    endloop
  endfacet
  facet normal -0 0 -1
    outer loop
      vertex -7.64207 -10.8323 0
      vertex -9.64181 -11.4907 0
      vertex -7.67417 -10.6875 0
    endloop
  endfacet
  facet normal -0.382668 0.923886 4.79307e-06
    outer loop
      vertex -4.10424 11.2763 10
      vertex -4.4672 11.126 3.1
      vertex -5.07142 10.8757 10
    endloop
  endfacet
  facet normal -0.38259 0.923918 0
    outer loop
      vertex -4.10424 11.2763 3
      vertex -4.4672 11.126 3.1
      vertex -4.10424 11.2763 10
    endloop
  endfacet
  facet normal -0.38259 0.923918 0
    outer loop
      vertex -4.4672 11.126 3.1
      vertex -4.10424 11.2763 3
      vertex -4.4672 11.126 3
    endloop
  endfacet
  facet normal -0.382715 0.923867 0
    outer loop
      vertex -5.07142 10.8757 10
      vertex -4.4672 11.126 3.1
      vertex -5.07142 10.8757 3.1
    endloop
  endfacet
  facet normal 0.461758 -0.887006 0
    outer loop
      vertex 5.07142 -10.8757 3.1
      vertex 6 -10.3923 10
      vertex 5.07142 -10.8757 10
    endloop
  endfacet
  facet normal 0.461758 -0.887006 0
    outer loop
      vertex 6 -10.3923 10
      vertex 5.07142 -10.8757 3.1
      vertex 6 -10.3923 3.1
    endloop
  endfacet
  facet normal 0.843392 0.537298 0
    outer loop
      vertex 10.3923 6 10
      vertex 9.82982 6.88292 3
      vertex 9.82982 6.88292 10
    endloop
  endfacet
  facet normal 0.843392 0.537298 0
    outer loop
      vertex 9.82982 6.88292 3
      vertex 10.3923 6 10
      vertex 10.3923 6 3
    endloop
  endfacet
  facet normal -0.300708 -0.953716 0
    outer loop
      vertex -4.10424 -11.2763 3
      vertex -3.10583 -11.5911 10
      vertex -4.10424 -11.2763 10
    endloop
  endfacet
  facet normal -0.300708 -0.953716 -0
    outer loop
      vertex -3.10583 -11.5911 10
      vertex -4.10424 -11.2763 3
      vertex -3.10583 -11.5911 3
    endloop
  endfacet
  facet normal -0.843392 -0.537298 0
    outer loop
      vertex -9.82982 -6.88292 3
      vertex -10.3923 -6 10
      vertex -10.3923 -6 3
    endloop
  endfacet
  facet normal -0.843392 -0.537298 0
    outer loop
      vertex -10.3923 -6 10
      vertex -9.82982 -6.88292 3
      vertex -9.82982 -6.88292 10
    endloop
  endfacet
  facet normal 0.043654 0.999047 -0
    outer loop
      vertex 1.04587 11.9543 3
      vertex 0 12 10
      vertex 1.04587 11.9543 10
    endloop
  endfacet
  facet normal 0.043654 0.999047 0
    outer loop
      vertex 0 12 10
      vertex 1.04587 11.9543 3
      vertex 0 12 3
    endloop
  endfacet
  facet normal 0.537298 0.843392 -0
    outer loop
      vertex 6.88292 9.82982 3.1
      vertex 6 10.3923 10
      vertex 6.88292 9.82982 10
    endloop
  endfacet
  facet normal 0.537298 0.843392 0
    outer loop
      vertex 6 10.3923 10
      vertex 6.88292 9.82982 3.1
      vertex 6 10.3923 3.1
    endloop
  endfacet
  facet normal 0.737278 -0.675589 0
    outer loop
      vertex 8.48528 -8.48528 10
      vertex 9.19253 -7.71345 3
      vertex 9.19253 -7.71345 10
    endloop
  endfacet
  facet normal 0.737278 -0.675589 0
    outer loop
      vertex 9.19253 -7.71345 3
      vertex 8.48528 -8.48528 10
      vertex 8.48528 -8.48528 3
    endloop
  endfacet
  facet normal -0.216455 -0.976293 0
    outer loop
      vertex -3.10583 -11.5911 3
      vertex -2.08378 -11.8177 10
      vertex -3.10583 -11.5911 10
    endloop
  endfacet
  facet normal -0.216455 -0.976293 -0
    outer loop
      vertex -2.08378 -11.8177 10
      vertex -3.10583 -11.5911 3
      vertex -2.08378 -11.8177 3
    endloop
  endfacet
  facet normal -0.675589 -0.737278 0
    outer loop
      vertex -8.48528 -8.48528 3
      vertex -7.71345 -9.19253 10
      vertex -8.48528 -8.48528 10
    endloop
  endfacet
  facet normal -0.675589 -0.737278 -0
    outer loop
      vertex -7.71345 -9.19253 10
      vertex -8.48528 -8.48528 3
      vertex -7.71345 -9.19253 3
    endloop
  endfacet
  facet normal -0.608764 0.793352 0
    outer loop
      vertex -7.40177 9.43169 3.1
      vertex -6.88292 9.82982 10
      vertex -6.88292 9.82982 3.1
    endloop
  endfacet
  facet normal -0.608763 0.793352 -1.37388e-07
    outer loop
      vertex -6.88292 9.82982 10
      vertex -7.40177 9.43169 3.1
      vertex -7.71345 9.19253 10
    endloop
  endfacet
  facet normal -0.608761 0.793354 0
    outer loop
      vertex -7.71345 9.19253 3
      vertex -7.40177 9.43169 3.1
      vertex -7.40177 9.43169 3
    endloop
  endfacet
  facet normal -0.608761 0.793354 0
    outer loop
      vertex -7.40177 9.43169 3.1
      vertex -7.71345 9.19253 3
      vertex -7.71345 9.19253 10
    endloop
  endfacet
  facet normal 0.999047 -0.043654 0
    outer loop
      vertex 11.9543 -1.04587 10
      vertex 12 0 3.1
      vertex 12 0 10
    endloop
  endfacet
  facet normal 0.999047 -0.043654 0
    outer loop
      vertex 12 0 3.1
      vertex 11.9543 -1.04587 10
      vertex 11.9543 -1.04587 3.1
    endloop
  endfacet
  facet normal -0.130485 0.99145 0
    outer loop
      vertex -1.04587 11.9543 3
      vertex -2.08378 11.8177 10
      vertex -1.04587 11.9543 10
    endloop
  endfacet
  facet normal -0.130485 0.99145 0
    outer loop
      vertex -2.08378 11.8177 10
      vertex -1.04587 11.9543 3
      vertex -2.08378 11.8177 3
    endloop
  endfacet
  facet normal -0.887006 -0.461758 0
    outer loop
      vertex -10.3923 -6 3
      vertex -10.8757 -5.07142 10
      vertex -10.8757 -5.07142 3
    endloop
  endfacet
  facet normal -0.887006 -0.461758 0
    outer loop
      vertex -10.8757 -5.07142 10
      vertex -10.3923 -6 3
      vertex -10.3923 -6 10
    endloop
  endfacet
  facet normal 0.923886 0.382668 0
    outer loop
      vertex 11.2763 4.10424 10
      vertex 10.8757 5.07142 3
      vertex 10.8757 5.07142 10
    endloop
  endfacet
  facet normal 0.923886 0.382668 0
    outer loop
      vertex 10.8757 5.07142 3
      vertex 11.2763 4.10424 10
      vertex 11.2763 4.10424 3
    endloop
  endfacet
  facet normal 0.737278 0.675589 0
    outer loop
      vertex 9.19253 7.71345 10
      vertex 8.48528 8.48528 3
      vertex 8.48528 8.48528 10
    endloop
  endfacet
  facet normal 0.737278 0.675589 0
    outer loop
      vertex 8.48528 8.48528 3
      vertex 9.19253 7.71345 10
      vertex 9.19253 7.71345 3
    endloop
  endfacet
  facet normal 0.216455 0.976293 -0
    outer loop
      vertex 3.10583 11.5911 3
      vertex 2.08378 11.8177 10
      vertex 3.10583 11.5911 10
    endloop
  endfacet
  facet normal 0.216455 0.976293 0
    outer loop
      vertex 2.08378 11.8177 10
      vertex 3.10583 11.5911 3
      vertex 2.08378 11.8177 3
    endloop
  endfacet
  facet normal 0.461758 0.887006 -0
    outer loop
      vertex 6 10.3923 3.1
      vertex 5.07142 10.8757 10
      vertex 6 10.3923 10
    endloop
  endfacet
  facet normal 0.461758 0.887006 0
    outer loop
      vertex 5.07142 10.8757 10
      vertex 6 10.3923 3.1
      vertex 5.07142 10.8757 3.1
    endloop
  endfacet
  facet normal -0.537298 -0.843392 0
    outer loop
      vertex -6.88292 -9.82982 3.1
      vertex -6 -10.3923 10
      vertex -6.88292 -9.82982 10
    endloop
  endfacet
  facet normal -0.537298 -0.843392 -0
    outer loop
      vertex -6 -10.3923 10
      vertex -6.88292 -9.82982 3.1
      vertex -6 -10.3923 3.1
    endloop
  endfacet
  facet normal 0.887006 -0.461758 0
    outer loop
      vertex 10.3923 -6 10
      vertex 10.8757 -5.07142 3
      vertex 10.8757 -5.07142 10
    endloop
  endfacet
  facet normal 0.887006 -0.461758 0
    outer loop
      vertex 10.8757 -5.07142 3
      vertex 10.3923 -6 10
      vertex 10.3923 -6 3
    endloop
  endfacet
  facet normal -0.991438 0.13058 0
    outer loop
      vertex -11.869 1.69428 3.1
      vertex -11.8177 2.08378 3
      vertex -11.869 1.69428 3
    endloop
  endfacet
  facet normal -0.991438 0.13058 0
    outer loop
      vertex -11.8177 2.08378 3
      vertex -11.869 1.69428 3.1
      vertex -11.8177 2.08378 10
    endloop
  endfacet
  facet normal -0.991458 0.130429 0
    outer loop
      vertex -11.9543 1.04587 10
      vertex -11.869 1.69428 3.1
      vertex -11.9543 1.04587 3.1
    endloop
  endfacet
  facet normal -0.99145 0.130485 5.41066e-06
    outer loop
      vertex -11.869 1.69428 3.1
      vertex -11.9543 1.04587 10
      vertex -11.8177 2.08378 10
    endloop
  endfacet
  facet normal 0.300708 0.953716 -0
    outer loop
      vertex 4.10424 11.2763 3
      vertex 3.10583 11.5911 10
      vertex 4.10424 11.2763 10
    endloop
  endfacet
  facet normal 0.300708 0.953716 0
    outer loop
      vertex 3.10583 11.5911 10
      vertex 4.10424 11.2763 3
      vertex 3.10583 11.5911 3
    endloop
  endfacet
  facet normal 0.923886 -0.382668 0
    outer loop
      vertex 10.8757 -5.07142 10
      vertex 11.2763 -4.10424 3
      vertex 11.2763 -4.10424 10
    endloop
  endfacet
  facet normal 0.923886 -0.382668 0
    outer loop
      vertex 11.2763 -4.10424 3
      vertex 10.8757 -5.07142 10
      vertex 10.8757 -5.07142 3
    endloop
  endfacet
  facet normal 0.130485 -0.99145 0
    outer loop
      vertex 1.04587 -11.9543 3
      vertex 2.08378 -11.8177 10
      vertex 1.04587 -11.9543 10
    endloop
  endfacet
  facet normal 0.130485 -0.99145 0
    outer loop
      vertex 2.08378 -11.8177 10
      vertex 1.04587 -11.9543 3
      vertex 2.08378 -11.8177 3
    endloop
  endfacet
  facet normal -0.976293 -0.216455 0
    outer loop
      vertex -11.5911 -3.10583 3
      vertex -11.8177 -2.08378 10
      vertex -11.8177 -2.08378 3
    endloop
  endfacet
  facet normal -0.976293 -0.216455 0
    outer loop
      vertex -11.8177 -2.08378 10
      vertex -11.5911 -3.10583 3
      vertex -11.5911 -3.10583 10
    endloop
  endfacet
  facet normal -0.537298 0.843392 0
    outer loop
      vertex -6 10.3923 3.1
      vertex -6.88292 9.82982 10
      vertex -6 10.3923 10
    endloop
  endfacet
  facet normal -0.537298 0.843392 0
    outer loop
      vertex -6.88292 9.82982 10
      vertex -6 10.3923 3.1
      vertex -6.88292 9.82982 3.1
    endloop
  endfacet
  facet normal 0.793352 -0.608763 0
    outer loop
      vertex 9.19253 -7.71345 10
      vertex 9.82982 -6.88292 3
      vertex 9.82982 -6.88292 10
    endloop
  endfacet
  facet normal 0.793352 -0.608763 0
    outer loop
      vertex 9.82982 -6.88292 3
      vertex 9.19253 -7.71345 10
      vertex 9.19253 -7.71345 3
    endloop
  endfacet
  facet normal 0.887006 0.461758 0
    outer loop
      vertex 10.8757 5.07142 10
      vertex 10.3923 6 3
      vertex 10.3923 6 10
    endloop
  endfacet
  facet normal 0.887006 0.461758 0
    outer loop
      vertex 10.3923 6 3
      vertex 10.8757 5.07142 10
      vertex 10.8757 5.07142 3
    endloop
  endfacet
  facet normal -0.216455 0.976293 0
    outer loop
      vertex -2.08378 11.8177 3
      vertex -3.10583 11.5911 10
      vertex -2.08378 11.8177 10
    endloop
  endfacet
  facet normal -0.216455 0.976293 0
    outer loop
      vertex -3.10583 11.5911 10
      vertex -2.08378 11.8177 3
      vertex -3.10583 11.5911 3
    endloop
  endfacet
  facet normal 0.608763 0.793352 -1.37388e-07
    outer loop
      vertex 7.71345 9.19253 10
      vertex 7.40177 9.43169 3.1
      vertex 6.88292 9.82982 10
    endloop
  endfacet
  facet normal 0.608761 0.793354 -0
    outer loop
      vertex 7.71345 9.19253 3
      vertex 7.40177 9.43169 3.1
      vertex 7.71345 9.19253 10
    endloop
  endfacet
  facet normal 0.608761 0.793354 0
    outer loop
      vertex 7.40177 9.43169 3.1
      vertex 7.71345 9.19253 3
      vertex 7.40177 9.43169 3
    endloop
  endfacet
  facet normal 0.608764 0.793352 0
    outer loop
      vertex 6.88292 9.82982 10
      vertex 7.40177 9.43169 3.1
      vertex 6.88292 9.82982 3.1
    endloop
  endfacet
  facet normal -0.793352 0.608763 0
    outer loop
      vertex -9.82982 6.88292 3
      vertex -9.19253 7.71345 10
      vertex -9.19253 7.71345 3
    endloop
  endfacet
  facet normal -0.793352 0.608763 0
    outer loop
      vertex -9.19253 7.71345 10
      vertex -9.82982 6.88292 3
      vertex -9.82982 6.88292 10
    endloop
  endfacet
  facet normal 0.843392 -0.537298 0
    outer loop
      vertex 9.82982 -6.88292 10
      vertex 10.3923 -6 3
      vertex 10.3923 -6 10
    endloop
  endfacet
  facet normal 0.843392 -0.537298 0
    outer loop
      vertex 10.3923 -6 3
      vertex 9.82982 -6.88292 10
      vertex 9.82982 -6.88292 3
    endloop
  endfacet
  facet normal 0.675589 0.737278 -0
    outer loop
      vertex 8.48528 8.48528 3
      vertex 7.71345 9.19253 10
      vertex 8.48528 8.48528 10
    endloop
  endfacet
  facet normal 0.675589 0.737278 0
    outer loop
      vertex 7.71345 9.19253 10
      vertex 8.48528 8.48528 3
      vertex 7.71345 9.19253 3
    endloop
  endfacet
  facet normal -0.461758 0.887006 0
    outer loop
      vertex -5.07142 10.8757 3.1
      vertex -6 10.3923 10
      vertex -5.07142 10.8757 10
    endloop
  endfacet
  facet normal -0.461758 0.887006 0
    outer loop
      vertex -6 10.3923 10
      vertex -5.07142 10.8757 3.1
      vertex -6 10.3923 3.1
    endloop
  endfacet
  facet normal -0.043654 -0.999047 0
    outer loop
      vertex -1.04587 -11.9543 3
      vertex 0 -12 10
      vertex -1.04587 -11.9543 10
    endloop
  endfacet
  facet normal -0.043654 -0.999047 -0
    outer loop
      vertex 0 -12 10
      vertex -1.04587 -11.9543 3
      vertex 0 -12 3
    endloop
  endfacet
  facet normal 0.953716 0.300708 0
    outer loop
      vertex 11.5911 3.10583 10
      vertex 11.2763 4.10424 3
      vertex 11.2763 4.10424 10
    endloop
  endfacet
  facet normal 0.953716 0.300708 0
    outer loop
      vertex 11.2763 4.10424 3
      vertex 11.5911 3.10583 10
      vertex 11.5911 3.10583 3
    endloop
  endfacet
  facet normal 0.382668 -0.923886 4.79307e-06
    outer loop
      vertex 4.10424 -11.2763 10
      vertex 4.4672 -11.126 3.1
      vertex 5.07142 -10.8757 10
    endloop
  endfacet
  facet normal 0.38259 -0.923918 0
    outer loop
      vertex 4.10424 -11.2763 3
      vertex 4.4672 -11.126 3.1
      vertex 4.10424 -11.2763 10
    endloop
  endfacet
  facet normal 0.38259 -0.923918 0
    outer loop
      vertex 4.4672 -11.126 3.1
      vertex 4.10424 -11.2763 3
      vertex 4.4672 -11.126 3
    endloop
  endfacet
  facet normal 0.382715 -0.923867 0
    outer loop
      vertex 5.07142 -10.8757 10
      vertex 4.4672 -11.126 3.1
      vertex 5.07142 -10.8757 3.1
    endloop
  endfacet
  facet normal 0.991458 -0.130429 0
    outer loop
      vertex 11.9543 -1.04587 10
      vertex 11.869 -1.69428 3.1
      vertex 11.9543 -1.04587 3.1
    endloop
  endfacet
  facet normal 0.99145 -0.130485 5.41066e-06
    outer loop
      vertex 11.8177 -2.08378 10
      vertex 11.869 -1.69428 3.1
      vertex 11.9543 -1.04587 10
    endloop
  endfacet
  facet normal 0.991438 -0.13058 0
    outer loop
      vertex 11.8177 -2.08378 3
      vertex 11.869 -1.69428 3.1
      vertex 11.8177 -2.08378 10
    endloop
  endfacet
  facet normal 0.991438 -0.13058 0
    outer loop
      vertex 11.869 -1.69428 3.1
      vertex 11.8177 -2.08378 3
      vertex 11.869 -1.69428 3
    endloop
  endfacet
  facet normal -0.675589 0.737278 0
    outer loop
      vertex -7.71345 9.19253 3
      vertex -8.48528 8.48528 10
      vertex -7.71345 9.19253 10
    endloop
  endfacet
  facet normal -0.675589 0.737278 0
    outer loop
      vertex -8.48528 8.48528 10
      vertex -7.71345 9.19253 3
      vertex -8.48528 8.48528 3
    endloop
  endfacet
  facet normal -0.953716 0.300708 0
    outer loop
      vertex -11.5911 3.10583 3
      vertex -11.2763 4.10424 10
      vertex -11.2763 4.10424 3
    endloop
  endfacet
  facet normal -0.953716 0.300708 0
    outer loop
      vertex -11.2763 4.10424 10
      vertex -11.5911 3.10583 3
      vertex -11.5911 3.10583 10
    endloop
  endfacet
  facet normal 0.382715 0.923867 0
    outer loop
      vertex 4.4672 11.126 3.1
      vertex 5.07142 10.8757 10
      vertex 5.07142 10.8757 3.1
    endloop
  endfacet
  facet normal 0.382668 0.923886 4.79307e-06
    outer loop
      vertex 5.07142 10.8757 10
      vertex 4.4672 11.126 3.1
      vertex 4.10424 11.2763 10
    endloop
  endfacet
  facet normal 0.38259 0.923918 0
    outer loop
      vertex 4.10424 11.2763 3
      vertex 4.4672 11.126 3.1
      vertex 4.4672 11.126 3
    endloop
  endfacet
  facet normal 0.38259 0.923918 0
    outer loop
      vertex 4.4672 11.126 3.1
      vertex 4.10424 11.2763 3
      vertex 4.10424 11.2763 10
    endloop
  endfacet
  facet normal 0 0 1
    outer loop
      vertex 7 0 10
      vertex 12 0 10
      vertex 11.9543 1.04587 10
    endloop
  endfacet
  facet normal 0 0 1
    outer loop
      vertex 6.97336 0.610089 10
      vertex 11.9543 1.04587 10
      vertex 11.8177 2.08378 10
    endloop
  endfacet
  facet normal 0 0 1
    outer loop
      vertex 12 0 10
      vertex 7 0 10
      vertex 11.9543 -1.04587 10
    endloop
  endfacet
  facet normal 0 0 1
    outer loop
      vertex 6.89365 1.21554 10
      vertex 11.8177 2.08378 10
      vertex 11.5911 3.10583 10
    endloop
  endfacet
  facet normal -0 0 1
    outer loop
      vertex 6.97336 -0.610089 10
      vertex 11.9543 -1.04587 10
      vertex 7 0 10
    endloop
  endfacet
  facet normal 0 0 1
    outer loop
      vertex 6.76148 1.81173 10
      vertex 11.5911 3.10583 10
      vertex 11.2763 4.10424 10
    endloop
  endfacet
  facet normal 0 0 1
    outer loop
      vertex 11.9543 -1.04587 10
      vertex 6.97336 -0.610089 10
      vertex 11.8177 -2.08378 10
    endloop
  endfacet
  facet normal 0 0 1
    outer loop
      vertex 6.57785 2.39414 10
      vertex 11.2763 4.10424 10
      vertex 10.8757 5.07142 10
    endloop
  endfacet
  facet normal -0 0 1
    outer loop
      vertex 6.89365 -1.21554 10
      vertex 11.8177 -2.08378 10
      vertex 6.97336 -0.610089 10
    endloop
  endfacet
  facet normal 0 0 1
    outer loop
      vertex 6.34415 2.95833 10
      vertex 10.8757 5.07142 10
      vertex 10.3923 6 10
    endloop
  endfacet
  facet normal 0 0 1
    outer loop
      vertex 11.8177 -2.08378 10
      vertex 6.89365 -1.21554 10
      vertex 11.5911 -3.10583 10
    endloop
  endfacet
  facet normal 0 0 1
    outer loop
      vertex 6.06218 3.5 10
      vertex 10.3923 6 10
      vertex 9.82982 6.88292 10
    endloop
  endfacet
  facet normal -0 0 1
    outer loop
      vertex 6.76148 -1.81173 10
      vertex 11.5911 -3.10583 10
      vertex 6.89365 -1.21554 10
    endloop
  endfacet
  facet normal 0 0 1
    outer loop
      vertex 5.73406 4.01503 10
      vertex 9.82982 6.88292 10
      vertex 9.19253 7.71345 10
    endloop
  endfacet
  facet normal 0 0 1
    outer loop
      vertex 11.5911 -3.10583 10
      vertex 6.76148 -1.81173 10
      vertex 11.2763 -4.10424 10
    endloop
  endfacet
  facet normal 0 0 1
    outer loop
      vertex 5.36231 4.49951 10
      vertex 9.19253 7.71345 10
      vertex 8.48528 8.48528 10
    endloop
  endfacet
  facet normal -0 0 1
    outer loop
      vertex 6.57785 -2.39414 10
      vertex 11.2763 -4.10424 10
      vertex 6.76148 -1.81173 10
    endloop
  endfacet
  facet normal 0 0 1
    outer loop
      vertex 4.94975 4.94975 10
      vertex 8.48528 8.48528 10
      vertex 7.71345 9.19253 10
    endloop
  endfacet
  facet normal 0 0 1
    outer loop
      vertex 11.2763 -4.10424 10
      vertex 6.57785 -2.39414 10
      vertex 10.8757 -5.07142 10
    endloop
  endfacet
  facet normal -0 0 1
    outer loop
      vertex 6.34415 -2.95833 10
      vertex 10.8757 -5.07142 10
      vertex 6.57785 -2.39414 10
    endloop
  endfacet
  facet normal 0 0 1
    outer loop
      vertex 11.9543 1.04587 10
      vertex 6.97336 0.610089 10
      vertex 7 0 10
    endloop
  endfacet
  facet normal 0 0 1
    outer loop
      vertex 11.8177 2.08378 10
      vertex 6.89365 1.21554 10
      vertex 6.97336 0.610089 10
    endloop
  endfacet
  facet normal 0 0 1
    outer loop
      vertex 4.49951 5.36231 10
      vertex 7.71345 9.19253 10
      vertex 6.88292 9.82982 10
    endloop
  endfacet
  facet normal 0 0 1
    outer loop
      vertex 11.5911 3.10583 10
      vertex 6.76148 1.81173 10
      vertex 6.89365 1.21554 10
    endloop
  endfacet
  facet normal 0 0 1
    outer loop
      vertex 11.2763 4.10424 10
      vertex 6.57785 2.39414 10
      vertex 6.76148 1.81173 10
    endloop
  endfacet
  facet normal 0 0 1
    outer loop
      vertex 10.8757 5.07142 10
      vertex 6.34415 2.95833 10
      vertex 6.57785 2.39414 10
    endloop
  endfacet
  facet normal 0 0 1
    outer loop
      vertex 10.3923 6 10
      vertex 6.06218 3.5 10
      vertex 6.34415 2.95833 10
    endloop
  endfacet
  facet normal 0 0 1
    outer loop
      vertex 4.01503 5.73406 10
      vertex 6.88292 9.82982 10
      vertex 6 10.3923 10
    endloop
  endfacet
  facet normal 0 0 1
    outer loop
      vertex 9.82982 6.88292 10
      vertex 5.73406 4.01503 10
      vertex 6.06218 3.5 10
    endloop
  endfacet
  facet normal 0 0 1
    outer loop
      vertex 9.19253 7.71345 10
      vertex 5.36231 4.49951 10
      vertex 5.73406 4.01503 10
    endloop
  endfacet
  facet normal 0 0 1
    outer loop
      vertex 3.5 6.06218 10
      vertex 6 10.3923 10
      vertex 5.07142 10.8757 10
    endloop
  endfacet
  facet normal 0 0 1
    outer loop
      vertex 8.48528 8.48528 10
      vertex 4.94975 4.94975 10
      vertex 5.36231 4.49951 10
    endloop
  endfacet
  facet normal 0 0 1
    outer loop
      vertex 7.71345 9.19253 10
      vertex 4.49951 5.36231 10
      vertex 4.94975 4.94975 10
    endloop
  endfacet
  facet normal 0 0 1
    outer loop
      vertex 2.95833 6.34415 10
      vertex 5.07142 10.8757 10
      vertex 4.10424 11.2763 10
    endloop
  endfacet
  facet normal 0 0 1
    outer loop
      vertex 6.88292 9.82982 10
      vertex 4.01503 5.73406 10
      vertex 4.49951 5.36231 10
    endloop
  endfacet
  facet normal 0 0 1
    outer loop
      vertex 6 10.3923 10
      vertex 3.5 6.06218 10
      vertex 4.01503 5.73406 10
    endloop
  endfacet
  facet normal 0 0 1
    outer loop
      vertex 2.39414 6.57785 10
      vertex 4.10424 11.2763 10
      vertex 3.10583 11.5911 10
    endloop
  endfacet
  facet normal 0 0 1
    outer loop
      vertex 5.07142 10.8757 10
      vertex 2.95833 6.34415 10
      vertex 3.5 6.06218 10
    endloop
  endfacet
  facet normal 0 0 1
    outer loop
      vertex 4.10424 11.2763 10
      vertex 2.39414 6.57785 10
      vertex 2.95833 6.34415 10
    endloop
  endfacet
  facet normal 0 0 1
    outer loop
      vertex 1.81173 6.76148 10
      vertex 3.10583 11.5911 10
      vertex 2.08378 11.8177 10
    endloop
  endfacet
  facet normal 0 0 1
    outer loop
      vertex 3.10583 11.5911 10
      vertex 1.81173 6.76148 10
      vertex 2.39414 6.57785 10
    endloop
  endfacet
  facet normal 0 0 1
    outer loop
      vertex 2.08378 11.8177 10
      vertex 1.21554 6.89365 10
      vertex 1.81173 6.76148 10
    endloop
  endfacet
  facet normal 0 0 1
    outer loop
      vertex 1.04587 11.9543 10
      vertex 1.21554 6.89365 10
      vertex 2.08378 11.8177 10
    endloop
  endfacet
  facet normal 0 0 1
    outer loop
      vertex 1.04587 11.9543 10
      vertex 0.610089 6.97336 10
      vertex 1.21554 6.89365 10
    endloop
  endfacet
  facet normal 0 0 1
    outer loop
      vertex 0 12 10
      vertex 0.610089 6.97336 10
      vertex 1.04587 11.9543 10
    endloop
  endfacet
  facet normal 0 0 1
    outer loop
      vertex 0 12 10
      vertex 0 7 10
      vertex 0.610089 6.97336 10
    endloop
  endfacet
  facet normal 0 0 1
    outer loop
      vertex 0 12 10
      vertex -0.610089 6.97336 10
      vertex 0 7 10
    endloop
  endfacet
  facet normal -0 0 1
    outer loop
      vertex -1.04587 11.9543 10
      vertex -0.610089 6.97336 10
      vertex 0 12 10
    endloop
  endfacet
  facet normal 0 0 1
    outer loop
      vertex -1.04587 11.9543 10
      vertex -1.21554 6.89365 10
      vertex -0.610089 6.97336 10
    endloop
  endfacet
  facet normal -0 0 1
    outer loop
      vertex -2.08378 11.8177 10
      vertex -1.21554 6.89365 10
      vertex -1.04587 11.9543 10
    endloop
  endfacet
  facet normal 0 0 1
    outer loop
      vertex -1.21554 6.89365 10
      vertex -2.08378 11.8177 10
      vertex -1.81173 6.76148 10
    endloop
  endfacet
  facet normal -0 0 1
    outer loop
      vertex -3.10583 11.5911 10
      vertex -1.81173 6.76148 10
      vertex -2.08378 11.8177 10
    endloop
  endfacet
  facet normal 0 0 1
    outer loop
      vertex -1.81173 6.76148 10
      vertex -3.10583 11.5911 10
      vertex -2.39414 6.57785 10
    endloop
  endfacet
  facet normal -0 0 1
    outer loop
      vertex -4.10424 11.2763 10
      vertex -2.39414 6.57785 10
      vertex -3.10583 11.5911 10
    endloop
  endfacet
  facet normal 0 0 1
    outer loop
      vertex -2.39414 6.57785 10
      vertex -4.10424 11.2763 10
      vertex -2.95833 6.34415 10
    endloop
  endfacet
  facet normal -0 0 1
    outer loop
      vertex -5.07142 10.8757 10
      vertex -2.95833 6.34415 10
      vertex -4.10424 11.2763 10
    endloop
  endfacet
  facet normal 0 0 1
    outer loop
      vertex -2.95833 6.34415 10
      vertex -5.07142 10.8757 10
      vertex -3.5 6.06218 10
    endloop
  endfacet
  facet normal -0 0 1
    outer loop
      vertex -6 10.3923 10
      vertex -3.5 6.06218 10
      vertex -5.07142 10.8757 10
    endloop
  endfacet
  facet normal 0 0 1
    outer loop
      vertex -3.5 6.06218 10
      vertex -6 10.3923 10
      vertex -4.01503 5.73406 10
    endloop
  endfacet
  facet normal -0 0 1
    outer loop
      vertex -6.88292 9.82982 10
      vertex -4.01503 5.73406 10
      vertex -6 10.3923 10
    endloop
  endfacet
  facet normal 0 0 1
    outer loop
      vertex -4.01503 5.73406 10
      vertex -6.88292 9.82982 10
      vertex -4.49951 5.36231 10
    endloop
  endfacet
  facet normal -0 0 1
    outer loop
      vertex -7.71345 9.19253 10
      vertex -4.49951 5.36231 10
      vertex -6.88292 9.82982 10
    endloop
  endfacet
  facet normal 0 0 1
    outer loop
      vertex -4.49951 5.36231 10
      vertex -7.71345 9.19253 10
      vertex -4.94975 4.94975 10
    endloop
  endfacet
  facet normal -0 0 1
    outer loop
      vertex -8.48528 8.48528 10
      vertex -4.94975 4.94975 10
      vertex -7.71345 9.19253 10
    endloop
  endfacet
  facet normal 0 0 1
    outer loop
      vertex -4.94975 4.94975 10
      vertex -8.48528 8.48528 10
      vertex -5.36231 4.49951 10
    endloop
  endfacet
  facet normal -0 0 1
    outer loop
      vertex -9.19253 7.71345 10
      vertex -5.36231 4.49951 10
      vertex -8.48528 8.48528 10
    endloop
  endfacet
  facet normal 0 0 1
    outer loop
      vertex -5.36231 4.49951 10
      vertex -9.19253 7.71345 10
      vertex -5.73406 4.01503 10
    endloop
  endfacet
  facet normal -0 0 1
    outer loop
      vertex -9.82982 6.88292 10
      vertex -5.73406 4.01503 10
      vertex -9.19253 7.71345 10
    endloop
  endfacet
  facet normal 0 0 1
    outer loop
      vertex -5.73406 4.01503 10
      vertex -9.82982 6.88292 10
      vertex -6.06218 3.5 10
    endloop
  endfacet
  facet normal -0 0 1
    outer loop
      vertex -10.3923 6 10
      vertex -6.06218 3.5 10
      vertex -9.82982 6.88292 10
    endloop
  endfacet
  facet normal 0 0 1
    outer loop
      vertex -6.06218 3.5 10
      vertex -10.3923 6 10
      vertex -6.34415 2.95833 10
    endloop
  endfacet
  facet normal -0 0 1
    outer loop
      vertex -10.8757 5.07142 10
      vertex -6.34415 2.95833 10
      vertex -10.3923 6 10
    endloop
  endfacet
  facet normal 0 0 1
    outer loop
      vertex 10.8757 -5.07142 10
      vertex 6.34415 -2.95833 10
      vertex 10.3923 -6 10
    endloop
  endfacet
  facet normal -0 0 1
    outer loop
      vertex 6.06218 -3.5 10
      vertex 10.3923 -6 10
      vertex 6.34415 -2.95833 10
    endloop
  endfacet
  facet normal 0 0 1
    outer loop
      vertex 10.3923 -6 10
      vertex 6.06218 -3.5 10
      vertex 9.82982 -6.88292 10
    endloop
  endfacet
  facet normal -0 0 1
    outer loop
      vertex 5.73406 -4.01503 10
      vertex 9.82982 -6.88292 10
      vertex 6.06218 -3.5 10
    endloop
  endfacet
  facet normal 0 0 1
    outer loop
      vertex 9.82982 -6.88292 10
      vertex 5.73406 -4.01503 10
      vertex 9.19253 -7.71345 10
    endloop
  endfacet
  facet normal -0 0 1
    outer loop
      vertex 5.36231 -4.49951 10
      vertex 9.19253 -7.71345 10
      vertex 5.73406 -4.01503 10
    endloop
  endfacet
  facet normal 0 0 1
    outer loop
      vertex 9.19253 -7.71345 10
      vertex 5.36231 -4.49951 10
      vertex 8.48528 -8.48528 10
    endloop
  endfacet
  facet normal -0 0 1
    outer loop
      vertex 4.94975 -4.94975 10
      vertex 8.48528 -8.48528 10
      vertex 5.36231 -4.49951 10
    endloop
  endfacet
  facet normal 0 0 1
    outer loop
      vertex 8.48528 -8.48528 10
      vertex 4.94975 -4.94975 10
      vertex 7.71345 -9.19253 10
    endloop
  endfacet
  facet normal -0 0 1
    outer loop
      vertex 4.49951 -5.36231 10
      vertex 7.71345 -9.19253 10
      vertex 4.94975 -4.94975 10
    endloop
  endfacet
  facet normal 0 0 1
    outer loop
      vertex 7.71345 -9.19253 10
      vertex 4.49951 -5.36231 10
      vertex 6.88292 -9.82982 10
    endloop
  endfacet
  facet normal -0 0 1
    outer loop
      vertex 4.01503 -5.73406 10
      vertex 6.88292 -9.82982 10
      vertex 4.49951 -5.36231 10
    endloop
  endfacet
  facet normal 0 0 1
    outer loop
      vertex 6.88292 -9.82982 10
      vertex 4.01503 -5.73406 10
      vertex 6 -10.3923 10
    endloop
  endfacet
  facet normal -0 0 1
    outer loop
      vertex 3.5 -6.06218 10
      vertex 6 -10.3923 10
      vertex 4.01503 -5.73406 10
    endloop
  endfacet
  facet normal 0 0 1
    outer loop
      vertex 6 -10.3923 10
      vertex 3.5 -6.06218 10
      vertex 5.07142 -10.8757 10
    endloop
  endfacet
  facet normal -0 0 1
    outer loop
      vertex 2.95833 -6.34415 10
      vertex 5.07142 -10.8757 10
      vertex 3.5 -6.06218 10
    endloop
  endfacet
  facet normal 0 0 1
    outer loop
      vertex 5.07142 -10.8757 10
      vertex 2.95833 -6.34415 10
      vertex 4.10424 -11.2763 10
    endloop
  endfacet
  facet normal -0 0 1
    outer loop
      vertex 2.39414 -6.57785 10
      vertex 4.10424 -11.2763 10
      vertex 2.95833 -6.34415 10
    endloop
  endfacet
  facet normal 0 0 1
    outer loop
      vertex 4.10424 -11.2763 10
      vertex 2.39414 -6.57785 10
      vertex 3.10583 -11.5911 10
    endloop
  endfacet
  facet normal -0 0 1
    outer loop
      vertex 1.81173 -6.76148 10
      vertex 3.10583 -11.5911 10
      vertex 2.39414 -6.57785 10
    endloop
  endfacet
  facet normal 0 0 1
    outer loop
      vertex 3.10583 -11.5911 10
      vertex 1.81173 -6.76148 10
      vertex 2.08378 -11.8177 10
    endloop
  endfacet
  facet normal -0 0 1
    outer loop
      vertex 1.21554 -6.89365 10
      vertex 2.08378 -11.8177 10
      vertex 1.81173 -6.76148 10
    endloop
  endfacet
  facet normal 0 0 1
    outer loop
      vertex 1.21554 -6.89365 10
      vertex 1.04587 -11.9543 10
      vertex 2.08378 -11.8177 10
    endloop
  endfacet
  facet normal -0 0 1
    outer loop
      vertex 0.610089 -6.97336 10
      vertex 1.04587 -11.9543 10
      vertex 1.21554 -6.89365 10
    endloop
  endfacet
  facet normal -0 0 1
    outer loop
      vertex 0 -7 10
      vertex 1.04587 -11.9543 10
      vertex 0.610089 -6.97336 10
    endloop
  endfacet
  facet normal 0 0 1
    outer loop
      vertex 0 -7 10
      vertex 0 -12 10
      vertex 1.04587 -11.9543 10
    endloop
  endfacet
  facet normal 0 0 1
    outer loop
      vertex -0.610089 -6.97336 10
      vertex 0 -12 10
      vertex 0 -7 10
    endloop
  endfacet
  facet normal 0 0 1
    outer loop
      vertex -0.610089 -6.97336 10
      vertex -1.04587 -11.9543 10
      vertex 0 -12 10
    endloop
  endfacet
  facet normal 0 0 1
    outer loop
      vertex -1.21554 -6.89365 10
      vertex -1.04587 -11.9543 10
      vertex -0.610089 -6.97336 10
    endloop
  endfacet
  facet normal 0 0 1
    outer loop
      vertex -2.08378 -11.8177 10
      vertex -1.21554 -6.89365 10
      vertex -1.81173 -6.76148 10
    endloop
  endfacet
  facet normal 0 0 1
    outer loop
      vertex -1.21554 -6.89365 10
      vertex -2.08378 -11.8177 10
      vertex -1.04587 -11.9543 10
    endloop
  endfacet
  facet normal 0 0 1
    outer loop
      vertex -3.10583 -11.5911 10
      vertex -1.81173 -6.76148 10
      vertex -2.39414 -6.57785 10
    endloop
  endfacet
  facet normal 0 0 1
    outer loop
      vertex -4.10424 -11.2763 10
      vertex -2.39414 -6.57785 10
      vertex -2.95833 -6.34415 10
    endloop
  endfacet
  facet normal 0 0 1
    outer loop
      vertex -1.81173 -6.76148 10
      vertex -3.10583 -11.5911 10
      vertex -2.08378 -11.8177 10
    endloop
  endfacet
  facet normal 0 0 1
    outer loop
      vertex -5.07142 -10.8757 10
      vertex -2.95833 -6.34415 10
      vertex -3.5 -6.06218 10
    endloop
  endfacet
  facet normal 0 0 1
    outer loop
      vertex -6 -10.3923 10
      vertex -3.5 -6.06218 10
      vertex -4.01503 -5.73406 10
    endloop
  endfacet
  facet normal 0 0 1
    outer loop
      vertex -2.39414 -6.57785 10
      vertex -4.10424 -11.2763 10
      vertex -3.10583 -11.5911 10
    endloop
  endfacet
  facet normal 0 0 1
    outer loop
      vertex -6.88292 -9.82982 10
      vertex -4.01503 -5.73406 10
      vertex -4.49951 -5.36231 10
    endloop
  endfacet
  facet normal 0 0 1
    outer loop
      vertex -7.71345 -9.19253 10
      vertex -4.49951 -5.36231 10
      vertex -4.94975 -4.94975 10
    endloop
  endfacet
  facet normal 0 0 1
    outer loop
      vertex -2.95833 -6.34415 10
      vertex -5.07142 -10.8757 10
      vertex -4.10424 -11.2763 10
    endloop
  endfacet
  facet normal 0 0 1
    outer loop
      vertex -8.48528 -8.48528 10
      vertex -4.94975 -4.94975 10
      vertex -5.36231 -4.49951 10
    endloop
  endfacet
  facet normal 0 0 1
    outer loop
      vertex -9.19253 -7.71345 10
      vertex -5.36231 -4.49951 10
      vertex -5.73406 -4.01503 10
    endloop
  endfacet
  facet normal 0 0 1
    outer loop
      vertex -3.5 -6.06218 10
      vertex -6 -10.3923 10
      vertex -5.07142 -10.8757 10
    endloop
  endfacet
  facet normal 0 0 1
    outer loop
      vertex -9.82982 -6.88292 10
      vertex -5.73406 -4.01503 10
      vertex -6.06218 -3.5 10
    endloop
  endfacet
  facet normal 0 0 1
    outer loop
      vertex -10.3923 -6 10
      vertex -6.06218 -3.5 10
      vertex -6.34415 -2.95833 10
    endloop
  endfacet
  facet normal 0 0 1
    outer loop
      vertex -10.8757 -5.07142 10
      vertex -6.34415 -2.95833 10
      vertex -6.57785 -2.39414 10
    endloop
  endfacet
  facet normal 0 0 1
    outer loop
      vertex -11.2763 -4.10424 10
      vertex -6.57785 -2.39414 10
      vertex -6.76148 -1.81173 10
    endloop
  endfacet
  facet normal 0 0 1
    outer loop
      vertex -4.01503 -5.73406 10
      vertex -6.88292 -9.82982 10
      vertex -6 -10.3923 10
    endloop
  endfacet
  facet normal 0 0 1
    outer loop
      vertex -11.5911 -3.10583 10
      vertex -6.76148 -1.81173 10
      vertex -6.89365 -1.21554 10
    endloop
  endfacet
  facet normal 0 0 1
    outer loop
      vertex -11.8177 -2.08378 10
      vertex -6.89365 -1.21554 10
      vertex -6.97336 -0.610089 10
    endloop
  endfacet
  facet normal 0 0 1
    outer loop
      vertex -11.9543 -1.04587 10
      vertex -6.97336 -0.610089 10
      vertex -7 0 10
    endloop
  endfacet
  facet normal 0 0 1
    outer loop
      vertex -6.34415 2.95833 10
      vertex -10.8757 5.07142 10
      vertex -6.57785 2.39414 10
    endloop
  endfacet
  facet normal 0 0 1
    outer loop
      vertex -4.49951 -5.36231 10
      vertex -7.71345 -9.19253 10
      vertex -6.88292 -9.82982 10
    endloop
  endfacet
  facet normal -0 0 1
    outer loop
      vertex -11.2763 4.10424 10
      vertex -6.57785 2.39414 10
      vertex -10.8757 5.07142 10
    endloop
  endfacet
  facet normal 0 0 1
    outer loop
      vertex -4.94975 -4.94975 10
      vertex -8.48528 -8.48528 10
      vertex -7.71345 -9.19253 10
    endloop
  endfacet
  facet normal 0 0 1
    outer loop
      vertex -6.57785 2.39414 10
      vertex -11.2763 4.10424 10
      vertex -6.76148 1.81173 10
    endloop
  endfacet
  facet normal 0 0 1
    outer loop
      vertex -5.36231 -4.49951 10
      vertex -9.19253 -7.71345 10
      vertex -8.48528 -8.48528 10
    endloop
  endfacet
  facet normal -0 0 1
    outer loop
      vertex -11.5911 3.10583 10
      vertex -6.76148 1.81173 10
      vertex -11.2763 4.10424 10
    endloop
  endfacet
  facet normal 0 0 1
    outer loop
      vertex -5.73406 -4.01503 10
      vertex -9.82982 -6.88292 10
      vertex -9.19253 -7.71345 10
    endloop
  endfacet
  facet normal 0 0 1
    outer loop
      vertex -6.76148 1.81173 10
      vertex -11.5911 3.10583 10
      vertex -6.89365 1.21554 10
    endloop
  endfacet
  facet normal 0 0 1
    outer loop
      vertex -6.06218 -3.5 10
      vertex -10.3923 -6 10
      vertex -9.82982 -6.88292 10
    endloop
  endfacet
  facet normal -0 0 1
    outer loop
      vertex -11.8177 2.08378 10
      vertex -6.89365 1.21554 10
      vertex -11.5911 3.10583 10
    endloop
  endfacet
  facet normal 0 0 1
    outer loop
      vertex -6.34415 -2.95833 10
      vertex -10.8757 -5.07142 10
      vertex -10.3923 -6 10
    endloop
  endfacet
  facet normal 0 0 1
    outer loop
      vertex -6.89365 1.21554 10
      vertex -11.8177 2.08378 10
      vertex -6.97336 0.610089 10
    endloop
  endfacet
  facet normal 0 0 1
    outer loop
      vertex -6.57785 -2.39414 10
      vertex -11.2763 -4.10424 10
      vertex -10.8757 -5.07142 10
    endloop
  endfacet
  facet normal -0 0 1
    outer loop
      vertex -11.9543 1.04587 10
      vertex -6.97336 0.610089 10
      vertex -11.8177 2.08378 10
    endloop
  endfacet
  facet normal 0 0 1
    outer loop
      vertex -6.76148 -1.81173 10
      vertex -11.5911 -3.10583 10
      vertex -11.2763 -4.10424 10
    endloop
  endfacet
  facet normal 0 0 1
    outer loop
      vertex -6.97336 0.610089 10
      vertex -11.9543 1.04587 10
      vertex -7 0 10
    endloop
  endfacet
  facet normal 0 0 1
    outer loop
      vertex -6.89365 -1.21554 10
      vertex -11.8177 -2.08378 10
      vertex -11.5911 -3.10583 10
    endloop
  endfacet
  facet normal 0 0 1
    outer loop
      vertex -12 0 10
      vertex -7 0 10
      vertex -11.9543 1.04587 10
    endloop
  endfacet
  facet normal 0 0 1
    outer loop
      vertex -6.97336 -0.610089 10
      vertex -11.9543 -1.04587 10
      vertex -11.8177 -2.08378 10
    endloop
  endfacet
  facet normal 0 0 1
    outer loop
      vertex -7 0 10
      vertex -12 0 10
      vertex -11.9543 -1.04587 10
    endloop
  endfacet
  facet normal -0.300708 0.953716 0
    outer loop
      vertex -3.10583 11.5911 3
      vertex -4.10424 11.2763 10
      vertex -3.10583 11.5911 10
    endloop
  endfacet
  facet normal -0.300708 0.953716 0
    outer loop
      vertex -4.10424 11.2763 10
      vertex -3.10583 11.5911 3
      vertex -4.10424 11.2763 3
    endloop
  endfacet
  facet normal -0.999047 -0.043654 0
    outer loop
      vertex -11.9543 -1.04587 3.1
      vertex -12 0 10
      vertex -12 0 3.1
    endloop
  endfacet
  facet normal -0.999047 -0.043654 0
    outer loop
      vertex -12 0 10
      vertex -11.9543 -1.04587 3.1
      vertex -11.9543 -1.04587 10
    endloop
  endfacet
  facet normal -0.043654 0.999047 0
    outer loop
      vertex 0 12 3
      vertex -1.04587 11.9543 10
      vertex 0 12 10
    endloop
  endfacet
  facet normal -0.043654 0.999047 0
    outer loop
      vertex -1.04587 11.9543 10
      vertex 0 12 3
      vertex -1.04587 11.9543 3
    endloop
  endfacet
  facet normal 0.216455 -0.976293 0
    outer loop
      vertex 2.08378 -11.8177 3
      vertex 3.10583 -11.5911 10
      vertex 2.08378 -11.8177 10
    endloop
  endfacet
  facet normal 0.216455 -0.976293 0
    outer loop
      vertex 3.10583 -11.5911 10
      vertex 2.08378 -11.8177 3
      vertex 3.10583 -11.5911 3
    endloop
  endfacet
  facet normal -0.976293 0.216455 0
    outer loop
      vertex -11.8177 2.08378 3
      vertex -11.5911 3.10583 10
      vertex -11.5911 3.10583 3
    endloop
  endfacet
  facet normal -0.976293 0.216455 0
    outer loop
      vertex -11.5911 3.10583 10
      vertex -11.8177 2.08378 3
      vertex -11.8177 2.08378 10
    endloop
  endfacet
  facet normal -0.737278 -0.675589 0
    outer loop
      vertex -8.48528 -8.48528 3
      vertex -9.19253 -7.71345 10
      vertex -9.19253 -7.71345 3
    endloop
  endfacet
  facet normal -0.737278 -0.675589 0
    outer loop
      vertex -9.19253 -7.71345 10
      vertex -8.48528 -8.48528 3
      vertex -8.48528 -8.48528 10
    endloop
  endfacet
  facet normal -0.991438 -0.13058 0
    outer loop
      vertex -11.869 -1.69428 3
      vertex -11.8177 -2.08378 3
      vertex -11.869 -1.69428 3.1
    endloop
  endfacet
  facet normal -0.991458 -0.130429 0
    outer loop
      vertex -11.869 -1.69428 3.1
      vertex -11.9543 -1.04587 10
      vertex -11.9543 -1.04587 3.1
    endloop
  endfacet
  facet normal -0.991438 -0.13058 -0
    outer loop
      vertex -11.8177 -2.08378 10
      vertex -11.869 -1.69428 3.1
      vertex -11.8177 -2.08378 3
    endloop
  endfacet
  facet normal -0.99145 -0.130485 5.41066e-06
    outer loop
      vertex -11.869 -1.69428 3.1
      vertex -11.8177 -2.08378 10
      vertex -11.9543 -1.04587 10
    endloop
  endfacet
  facet normal -0.461758 -0.887006 0
    outer loop
      vertex -6 -10.3923 3.1
      vertex -5.07142 -10.8757 10
      vertex -6 -10.3923 10
    endloop
  endfacet
  facet normal -0.461758 -0.887006 -0
    outer loop
      vertex -5.07142 -10.8757 10
      vertex -6 -10.3923 3.1
      vertex -5.07142 -10.8757 3.1
    endloop
  endfacet
  facet normal -0.953716 -0.300708 0
    outer loop
      vertex -11.2763 -4.10424 3
      vertex -11.5911 -3.10583 10
      vertex -11.5911 -3.10583 3
    endloop
  endfacet
  facet normal -0.953716 -0.300708 0
    outer loop
      vertex -11.5911 -3.10583 10
      vertex -11.2763 -4.10424 3
      vertex -11.2763 -4.10424 10
    endloop
  endfacet
  facet normal -0.737278 0.675589 0
    outer loop
      vertex -9.19253 7.71345 3
      vertex -8.48528 8.48528 10
      vertex -8.48528 8.48528 3
    endloop
  endfacet
  facet normal -0.737278 0.675589 0
    outer loop
      vertex -8.48528 8.48528 10
      vertex -9.19253 7.71345 3
      vertex -9.19253 7.71345 10
    endloop
  endfacet
  facet normal 0.793352 0.608763 0
    outer loop
      vertex 9.82982 6.88292 10
      vertex 9.19253 7.71345 3
      vertex 9.19253 7.71345 10
    endloop
  endfacet
  facet normal 0.793352 0.608763 0
    outer loop
      vertex 9.19253 7.71345 3
      vertex 9.82982 6.88292 10
      vertex 9.82982 6.88292 3
    endloop
  endfacet
  facet normal -0.382715 -0.923867 0
    outer loop
      vertex -4.4672 -11.126 3.1
      vertex -5.07142 -10.8757 10
      vertex -5.07142 -10.8757 3.1
    endloop
  endfacet
  facet normal -0.382668 -0.923886 4.79307e-06
    outer loop
      vertex -5.07142 -10.8757 10
      vertex -4.4672 -11.126 3.1
      vertex -4.10424 -11.2763 10
    endloop
  endfacet
  facet normal -0.38259 -0.923918 0
    outer loop
      vertex -4.10424 -11.2763 3
      vertex -4.4672 -11.126 3.1
      vertex -4.4672 -11.126 3
    endloop
  endfacet
  facet normal -0.38259 -0.923918 0
    outer loop
      vertex -4.4672 -11.126 3.1
      vertex -4.10424 -11.2763 3
      vertex -4.10424 -11.2763 10
    endloop
  endfacet
  facet normal -0.130485 -0.99145 0
    outer loop
      vertex -2.08378 -11.8177 3
      vertex -1.04587 -11.9543 10
      vertex -2.08378 -11.8177 10
    endloop
  endfacet
  facet normal -0.130485 -0.99145 -0
    outer loop
      vertex -1.04587 -11.9543 10
      vertex -2.08378 -11.8177 3
      vertex -1.04587 -11.9543 3
    endloop
  endfacet
  facet normal -0.843392 0.537298 0
    outer loop
      vertex -10.3923 6 3
      vertex -9.82982 6.88292 10
      vertex -9.82982 6.88292 3
    endloop
  endfacet
  facet normal -0.843392 0.537298 0
    outer loop
      vertex -9.82982 6.88292 10
      vertex -10.3923 6 3
      vertex -10.3923 6 10
    endloop
  endfacet
  facet normal -0.999047 0.043654 0
    outer loop
      vertex -12 0 3.1
      vertex -11.9543 1.04587 10
      vertex -11.9543 1.04587 3.1
    endloop
  endfacet
  facet normal -0.999047 0.043654 0
    outer loop
      vertex -11.9543 1.04587 10
      vertex -12 0 3.1
      vertex -12 0 10
    endloop
  endfacet
  facet normal 0.300708 -0.953716 0
    outer loop
      vertex 3.10583 -11.5911 3
      vertex 4.10424 -11.2763 10
      vertex 3.10583 -11.5911 10
    endloop
  endfacet
  facet normal 0.300708 -0.953716 0
    outer loop
      vertex 4.10424 -11.2763 10
      vertex 3.10583 -11.5911 3
      vertex 4.10424 -11.2763 3
    endloop
  endfacet
  facet normal -0.923886 0.382668 0
    outer loop
      vertex -11.2763 4.10424 3
      vertex -10.8757 5.07142 10
      vertex -10.8757 5.07142 3
    endloop
  endfacet
  facet normal -0.923886 0.382668 0
    outer loop
      vertex -10.8757 5.07142 10
      vertex -11.2763 4.10424 3
      vertex -11.2763 4.10424 10
    endloop
  endfacet
  facet normal 0.953716 -0.300708 0
    outer loop
      vertex 11.2763 -4.10424 10
      vertex 11.5911 -3.10583 3
      vertex 11.5911 -3.10583 10
    endloop
  endfacet
  facet normal 0.953716 -0.300708 0
    outer loop
      vertex 11.5911 -3.10583 3
      vertex 11.2763 -4.10424 10
      vertex 11.2763 -4.10424 3
    endloop
  endfacet
  facet normal 0.675589 -0.737278 0
    outer loop
      vertex 7.71345 -9.19253 3
      vertex 8.48528 -8.48528 10
      vertex 7.71345 -9.19253 10
    endloop
  endfacet
  facet normal 0.675589 -0.737278 0
    outer loop
      vertex 8.48528 -8.48528 10
      vertex 7.71345 -9.19253 3
      vertex 8.48528 -8.48528 3
    endloop
  endfacet
  facet normal 0.737285 -0.675582 0
    outer loop
      vertex 4.94975 -4.94975 18
      vertex 5.36231 -4.49951 10
      vertex 5.36231 -4.49951 18
    endloop
  endfacet
  facet normal 0.737285 -0.675582 0
    outer loop
      vertex 5.36231 -4.49951 10
      vertex 4.94975 -4.94975 18
      vertex 4.94975 -4.94975 10
    endloop
  endfacet
  facet normal 0.99145 0.130486 0
    outer loop
      vertex 6.89365 1.21554 18
      vertex 6.89472 1.20741 12.3235
      vertex 6.89365 1.21554 12.2869
    endloop
  endfacet
  facet normal 0.991438 0.130579 -1.35701e-07
    outer loop
      vertex 6.89365 1.21554 18
      vertex 6.89904 1.17461 12.4275
      vertex 6.89472 1.20741 12.3235
    endloop
  endfacet
  facet normal 0.991426 0.130668 -7.97192e-07
    outer loop
      vertex 6.89365 1.21554 18
      vertex 6.90454 1.13288 12.5283
      vertex 6.89904 1.17461 12.4275
    endloop
  endfacet
  facet normal 0.991466 0.130365 3.85509e-06
    outer loop
      vertex 6.89365 1.21554 18
      vertex 6.91116 1.08253 12.625
      vertex 6.90454 1.13288 12.5283
    endloop
  endfacet
  facet normal 0.991431 0.13063 -2.80709e-06
    outer loop
      vertex 6.89365 1.21554 18
      vertex 6.91888 1.02394 12.717
      vertex 6.91116 1.08253 12.625
    endloop
  endfacet
  facet normal 0.991444 0.130531 8.35594e-07
    outer loop
      vertex 6.89365 1.21554 18
      vertex 6.92762 0.957555 12.8035
      vertex 6.91888 1.02394 12.717
    endloop
  endfacet
  facet normal 0.991443 0.130539 4.50399e-07
    outer loop
      vertex 6.89365 1.21554 18
      vertex 6.93732 0.883883 12.8839
      vertex 6.92762 0.957555 12.8035
    endloop
  endfacet
  facet normal 0.991452 0.130473 4.76252e-06
    outer loop
      vertex 6.89365 1.21554 18
      vertex 6.9479 0.803484 12.9576
      vertex 6.93732 0.883883 12.8839
    endloop
  endfacet
  facet normal 0.991445 0.130529 1.42571e-07
    outer loop
      vertex 6.89365 1.21554 18
      vertex 6.95929 0.71697 13.0239
      vertex 6.9479 0.803484 12.9576
    endloop
  endfacet
  facet normal 0.991442 0.130546 -1.57187e-06
    outer loop
      vertex 6.89365 1.21554 18
      vertex 6.9714 0.625 13.0825
      vertex 6.95929 0.71697 13.0239
    endloop
  endfacet
  facet normal 0.991445 0.130528 -0
    outer loop
      vertex 6.97336 0.610089 13.0903
      vertex 6.89365 1.21554 18
      vertex 6.97336 0.610089 18
    endloop
  endfacet
  facet normal 0.99147 0.130338 2.38144e-05
    outer loop
      vertex 6.89365 1.21554 18
      vertex 6.97336 0.610089 13.0903
      vertex 6.9714 0.625 13.0825
    endloop
  endfacet
  facet normal 0.99145 0.130486 0
    outer loop
      vertex 6.89472 1.20741 11.6765
      vertex 6.89365 1.21554 10
      vertex 6.89365 1.21554 11.7131
    endloop
  endfacet
  facet normal 0.991438 0.130578 4.5457e-07
    outer loop
      vertex 6.89904 1.17461 11.5725
      vertex 6.89365 1.21554 10
      vertex 6.89472 1.20741 11.6765
    endloop
  endfacet
  facet normal 0.991427 0.130663 2.70507e-06
    outer loop
      vertex 6.90454 1.13288 11.4717
      vertex 6.89365 1.21554 10
      vertex 6.89904 1.17461 11.5725
    endloop
  endfacet
  facet normal 0.991464 0.130383 -1.33128e-05
    outer loop
      vertex 6.91116 1.08253 11.375
      vertex 6.89365 1.21554 10
      vertex 6.90454 1.13288 11.4717
    endloop
  endfacet
  facet normal 0.991433 0.130619 9.89636e-06
    outer loop
      vertex 6.91888 1.02394 11.283
      vertex 6.89365 1.21554 10
      vertex 6.91116 1.08253 11.375
    endloop
  endfacet
  facet normal 0.991444 0.130534 -3.01637e-06
    outer loop
      vertex 6.92762 0.957555 11.1965
      vertex 6.89365 1.21554 10
      vertex 6.91888 1.02394 11.283
    endloop
  endfacet
  facet normal 0.991443 0.13054 -1.6693e-06
    outer loop
      vertex 6.93732 0.883883 11.1161
      vertex 6.89365 1.21554 10
      vertex 6.92762 0.957555 11.1965
    endloop
  endfacet
  facet normal 0.99145 0.130485 -1.81769e-05
    outer loop
      vertex 6.9479 0.803484 11.0424
      vertex 6.89365 1.21554 10
      vertex 6.93732 0.883883 11.1161
    endloop
  endfacet
  facet normal 0.991444 0.130529 -5.62458e-07
    outer loop
      vertex 6.95929 0.71697 10.9761
      vertex 6.89365 1.21554 10
      vertex 6.9479 0.803484 11.0424
    endloop
  endfacet
  facet normal 0.991443 0.130543 6.43169e-06
    outer loop
      vertex 6.9714 0.625 10.9175
      vertex 6.89365 1.21554 10
      vertex 6.95929 0.71697 10.9761
    endloop
  endfacet
  facet normal 0.991471 0.130326 -0
    outer loop
      vertex 6.97336 0.610089 10
      vertex 6.9714 0.625 10.9175
      vertex 6.97336 0.610089 10.9097
    endloop
  endfacet
  facet normal 0.991445 0.130528 -3.34083e-06
    outer loop
      vertex 6.9714 0.625 10.9175
      vertex 6.97336 0.610089 10
      vertex 6.89365 1.21554 10
    endloop
  endfacet
  facet normal 0.999049 0.043593 0
    outer loop
      vertex 6.97336 0.610089 18
      vertex 6.97693 0.528273 13.1329
      vertex 6.97336 0.610089 13.0903
    endloop
  endfacet
  facet normal 0.999048 0.0436315 -6.47549e-07
    outer loop
      vertex 6.97336 0.610089 18
      vertex 6.98133 0.427525 13.1746
      vertex 6.97693 0.528273 13.1329
    endloop
  endfacet
  facet normal 0.999049 0.0436119 9.32684e-08
    outer loop
      vertex 6.97336 0.610089 18
      vertex 6.98587 0.323524 13.2074
      vertex 6.98133 0.427525 13.1746
    endloop
  endfacet
  facet normal 0.999048 0.0436349 -1.28042e-06
    outer loop
      vertex 6.97336 0.610089 18
      vertex 6.99052 0.21706 13.231
      vertex 6.98587 0.323524 13.2074
    endloop
  endfacet
  facet normal 0.999048 0.0436153 3.32923e-07
    outer loop
      vertex 6.97336 0.610089 18
      vertex 6.99524 0.108944 13.2452
      vertex 6.99052 0.21706 13.231
    endloop
  endfacet
  facet normal 0.999048 0.0436242 -6.04584e-07
    outer loop
      vertex 7 0 18
      vertex 6.99524 0.108944 13.2452
      vertex 6.97336 0.610089 18
    endloop
  endfacet
  facet normal 0.999047 0.0436505 0
    outer loop
      vertex 6.99524 0.108944 13.2452
      vertex 7 0 18
      vertex 7 0 13.25
    endloop
  endfacet
  facet normal 0.999049 0.043593 0
    outer loop
      vertex 6.97693 0.528273 10.8671
      vertex 6.97336 0.610089 10
      vertex 6.97336 0.610089 10.9097
    endloop
  endfacet
  facet normal 0.999048 0.0436303 3.52246e-06
    outer loop
      vertex 6.98133 0.427525 10.8254
      vertex 6.97336 0.610089 10
      vertex 6.97693 0.528273 10.8671
    endloop
  endfacet
  facet normal 0.999049 0.0436121 -5.15786e-07
    outer loop
      vertex 6.98587 0.323524 10.7926
      vertex 6.97336 0.610089 10
      vertex 6.98133 0.427525 10.8254
    endloop
  endfacet
  facet normal 0.999048 0.0436335 7.26282e-06
    outer loop
      vertex 6.99052 0.21706 10.769
      vertex 6.97336 0.610089 10
      vertex 6.98587 0.323524 10.7926
    endloop
  endfacet
  facet normal 0.999048 0.0436146 5.19722e-06
    outer loop
      vertex 7 0 10
      vertex 6.99052 0.21706 10.769
      vertex 6.99524 0.108944 10.7548
    endloop
  endfacet
  facet normal 0.999047 0.0436505 -0
    outer loop
      vertex 7 0 10
      vertex 6.99524 0.108944 10.7548
      vertex 7 0 10.75
    endloop
  endfacet
  facet normal 0.999048 0.0436242 2.48149e-06
    outer loop
      vertex 6.99052 0.21706 10.769
      vertex 7 0 10
      vertex 6.97336 0.610089 10
    endloop
  endfacet
  facet normal 0.976297 0.216436 0
    outer loop
      vertex 6.89022 1.23101 12.2171
      vertex 6.76148 1.81173 10
      vertex 6.76148 1.81173 18
    endloop
  endfacet
  facet normal 0.976335 0.216264 -5.04873e-05
    outer loop
      vertex 6.76148 1.81173 10
      vertex 6.88707 1.24524 12.1089
      vertex 6.88601 1.25 12
    endloop
  endfacet
  facet normal 0.976229 0.216742 8.43216e-05
    outer loop
      vertex 6.76148 1.81173 10
      vertex 6.89022 1.23101 12.2171
      vertex 6.88707 1.24524 12.1089
    endloop
  endfacet
  facet normal 0.976297 0.216436 -0
    outer loop
      vertex 6.89365 1.21554 12.2869
      vertex 6.76148 1.81173 18
      vertex 6.89365 1.21554 18
    endloop
  endfacet
  facet normal 0.976293 0.216454 -1.96617e-06
    outer loop
      vertex 6.76148 1.81173 18
      vertex 6.89365 1.21554 12.2869
      vertex 6.89022 1.23101 12.2171
    endloop
  endfacet
  facet normal 0.976269 0.216561 3.68868e-05
    outer loop
      vertex 6.88707 1.24524 11.8911
      vertex 6.76148 1.81173 10
      vertex 6.88601 1.25 12
    endloop
  endfacet
  facet normal 0.976316 0.216348 -2.991e-05
    outer loop
      vertex 6.89022 1.23101 11.7829
      vertex 6.76148 1.81173 10
      vertex 6.88707 1.24524 11.8911
    endloop
  endfacet
  facet normal 0.976294 0.216447 3.75235e-06
    outer loop
      vertex 6.89365 1.21554 11.7131
      vertex 6.76148 1.81173 10
      vertex 6.89022 1.23101 11.7829
    endloop
  endfacet
  facet normal 0.976297 0.216436 0
    outer loop
      vertex 6.76148 1.81173 10
      vertex 6.89365 1.21554 11.7131
      vertex 6.89365 1.21554 10
    endloop
  endfacet
  facet normal 0.537311 -0.843384 0
    outer loop
      vertex 3.5 -6.06218 10
      vertex 4.01503 -5.73406 18
      vertex 3.5 -6.06218 18
    endloop
  endfacet
  facet normal 0.537311 -0.843384 0
    outer loop
      vertex 4.01503 -5.73406 18
      vertex 3.5 -6.06218 10
      vertex 4.01503 -5.73406 10
    endloop
  endfacet
  facet normal 0.461741 -0.887015 0
    outer loop
      vertex 2.95833 -6.34415 10
      vertex 3.5 -6.06218 18
      vertex 2.95833 -6.34415 18
    endloop
  endfacet
  facet normal 0.461741 -0.887015 0
    outer loop
      vertex 3.5 -6.06218 18
      vertex 2.95833 -6.34415 10
      vertex 3.5 -6.06218 10
    endloop
  endfacet
  facet normal 0.216436 -0.976297 0
    outer loop
      vertex 1.21554 -6.89365 10
      vertex 1.81173 -6.76148 18
      vertex 1.21554 -6.89365 18
    endloop
  endfacet
  facet normal 0.216436 -0.976297 0
    outer loop
      vertex 1.81173 -6.76148 18
      vertex 1.21554 -6.89365 10
      vertex 1.81173 -6.76148 10
    endloop
  endfacet
  facet normal -0.130528 0.991445 0
    outer loop
      vertex -0.610089 6.97336 10
      vertex -1.21554 6.89365 18
      vertex -0.610089 6.97336 18
    endloop
  endfacet
  facet normal -0.130528 0.991445 0
    outer loop
      vertex -1.21554 6.89365 18
      vertex -0.610089 6.97336 10
      vertex -1.21554 6.89365 10
    endloop
  endfacet
  facet normal -0.843384 0.537311 0
    outer loop
      vertex -6.06218 3.5 10
      vertex -5.73406 4.01503 18
      vertex -5.73406 4.01503 10
    endloop
  endfacet
  facet normal -0.843384 0.537311 0
    outer loop
      vertex -5.73406 4.01503 18
      vertex -6.06218 3.5 10
      vertex -6.06218 3.5 18
    endloop
  endfacet
  facet normal -0.38269 0.923877 0
    outer loop
      vertex -2.39414 6.57785 10
      vertex -2.95833 6.34415 18
      vertex -2.39414 6.57785 18
    endloop
  endfacet
  facet normal -0.38269 0.923877 0
    outer loop
      vertex -2.95833 6.34415 18
      vertex -2.39414 6.57785 10
      vertex -2.95833 6.34415 10
    endloop
  endfacet
  facet normal 0.608757 0.793357 -0
    outer loop
      vertex 4.49951 5.36231 10
      vertex 4.01503 5.73406 18
      vertex 4.49951 5.36231 18
    endloop
  endfacet
  facet normal 0.608757 0.793357 0
    outer loop
      vertex 4.01503 5.73406 18
      vertex 4.49951 5.36231 10
      vertex 4.01503 5.73406 10
    endloop
  endfacet
  facet normal 0.216436 0.976297 -0
    outer loop
      vertex 1.81173 6.76148 10
      vertex 1.21554 6.89365 18
      vertex 1.81173 6.76148 18
    endloop
  endfacet
  facet normal 0.216436 0.976297 0
    outer loop
      vertex 1.21554 6.89365 18
      vertex 1.81173 6.76148 10
      vertex 1.21554 6.89365 10
    endloop
  endfacet
  facet normal -0.923877 -0.38269 0
    outer loop
      vertex -6.34415 -2.95833 10
      vertex -6.57785 -2.39414 18
      vertex -6.57785 -2.39414 10
    endloop
  endfacet
  facet normal -0.923877 -0.38269 0
    outer loop
      vertex -6.57785 -2.39414 18
      vertex -6.34415 -2.95833 10
      vertex -6.34415 -2.95833 18
    endloop
  endfacet
  facet normal -0.737285 -0.675582 0
    outer loop
      vertex -4.94975 -4.94975 10
      vertex -5.36231 -4.49951 18
      vertex -5.36231 -4.49951 10
    endloop
  endfacet
  facet normal -0.737285 -0.675582 0
    outer loop
      vertex -5.36231 -4.49951 18
      vertex -4.94975 -4.94975 10
      vertex -4.94975 -4.94975 18
    endloop
  endfacet
  facet normal 0.461741 0.887015 -0
    outer loop
      vertex 3.5 6.06218 10
      vertex 2.95833 6.34415 18
      vertex 3.5 6.06218 18
    endloop
  endfacet
  facet normal 0.461741 0.887015 0
    outer loop
      vertex 2.95833 6.34415 18
      vertex 3.5 6.06218 10
      vertex 2.95833 6.34415 10
    endloop
  endfacet
  facet normal 0.537311 0.843384 -0
    outer loop
      vertex 4.01503 5.73406 10
      vertex 3.5 6.06218 18
      vertex 4.01503 5.73406 18
    endloop
  endfacet
  facet normal 0.537311 0.843384 0
    outer loop
      vertex 3.5 6.06218 18
      vertex 4.01503 5.73406 10
      vertex 3.5 6.06218 10
    endloop
  endfacet
  facet normal -0.537311 0.843384 0
    outer loop
      vertex -3.5 6.06218 10
      vertex -4.01503 5.73406 18
      vertex -3.5 6.06218 18
    endloop
  endfacet
  facet normal -0.537311 0.843384 0
    outer loop
      vertex -4.01503 5.73406 18
      vertex -3.5 6.06218 10
      vertex -4.01503 5.73406 10
    endloop
  endfacet
  facet normal 0.953718 -0.300701 0
    outer loop
      vertex 6.57785 -2.39414 18
      vertex 6.76148 -1.81173 10
      vertex 6.76148 -1.81173 18
    endloop
  endfacet
  facet normal 0.953718 -0.300701 0
    outer loop
      vertex 6.76148 -1.81173 10
      vertex 6.57785 -2.39414 18
      vertex 6.57785 -2.39414 10
    endloop
  endfacet
  facet normal -0.675582 0.737285 0
    outer loop
      vertex -4.49951 5.36231 10
      vertex -4.94975 4.94975 18
      vertex -4.49951 5.36231 18
    endloop
  endfacet
  facet normal -0.675582 0.737285 0
    outer loop
      vertex -4.94975 4.94975 18
      vertex -4.49951 5.36231 10
      vertex -4.94975 4.94975 10
    endloop
  endfacet
  facet normal 0.300701 -0.953718 0
    outer loop
      vertex 1.81173 -6.76148 10
      vertex 2.39414 -6.57785 18
      vertex 1.81173 -6.76148 18
    endloop
  endfacet
  facet normal 0.300701 -0.953718 0
    outer loop
      vertex 2.39414 -6.57785 18
      vertex 1.81173 -6.76148 10
      vertex 2.39414 -6.57785 10
    endloop
  endfacet
  facet normal 0.130528 -0.991445 0
    outer loop
      vertex 0.610089 -6.97336 10
      vertex 1.21554 -6.89365 18
      vertex 0.610089 -6.97336 18
    endloop
  endfacet
  facet normal 0.130528 -0.991445 0
    outer loop
      vertex 1.21554 -6.89365 18
      vertex 0.610089 -6.97336 10
      vertex 1.21554 -6.89365 10
    endloop
  endfacet
  facet normal -0.675582 -0.737285 0
    outer loop
      vertex -4.94975 -4.94975 10
      vertex -4.49951 -5.36231 18
      vertex -4.94975 -4.94975 18
    endloop
  endfacet
  facet normal -0.675582 -0.737285 -0
    outer loop
      vertex -4.49951 -5.36231 18
      vertex -4.94975 -4.94975 10
      vertex -4.49951 -5.36231 10
    endloop
  endfacet
  facet normal 0.0436242 -0.999048 0
    outer loop
      vertex 0 -7 10
      vertex 0.610089 -6.97336 18
      vertex 0 -7 18
    endloop
  endfacet
  facet normal 0.0436242 -0.999048 0
    outer loop
      vertex 0.610089 -6.97336 18
      vertex 0 -7 10
      vertex 0.610089 -6.97336 10
    endloop
  endfacet
  facet normal -0.976297 0.216436 0
    outer loop
      vertex -6.89365 1.21554 10
      vertex -6.76148 1.81173 18
      vertex -6.76148 1.81173 10
    endloop
  endfacet
  facet normal -0.976297 0.216436 0
    outer loop
      vertex -6.76148 1.81173 18
      vertex -6.89365 1.21554 10
      vertex -6.89365 1.21554 18
    endloop
  endfacet
  facet normal -0.461741 0.887015 0
    outer loop
      vertex -2.95833 6.34415 10
      vertex -3.5 6.06218 18
      vertex -2.95833 6.34415 18
    endloop
  endfacet
  facet normal -0.461741 0.887015 0
    outer loop
      vertex -3.5 6.06218 18
      vertex -2.95833 6.34415 10
      vertex -3.5 6.06218 10
    endloop
  endfacet
  facet normal 0.843384 0.537311 0
    outer loop
      vertex 6.06218 3.5 18
      vertex 5.73406 4.01503 10
      vertex 5.73406 4.01503 18
    endloop
  endfacet
  facet normal 0.843384 0.537311 0
    outer loop
      vertex 5.73406 4.01503 10
      vertex 6.06218 3.5 18
      vertex 6.06218 3.5 10
    endloop
  endfacet
  facet normal 0.0436242 0.999048 -0
    outer loop
      vertex 0.610089 6.97336 10
      vertex 0 7 18
      vertex 0.610089 6.97336 18
    endloop
  endfacet
  facet normal 0.0436242 0.999048 0
    outer loop
      vertex 0 7 18
      vertex 0.610089 6.97336 10
      vertex 0 7 10
    endloop
  endfacet
  facet normal -0.216436 0.976297 0
    outer loop
      vertex -1.21554 6.89365 10
      vertex -1.81173 6.76148 18
      vertex -1.21554 6.89365 18
    endloop
  endfacet
  facet normal -0.216436 0.976297 0
    outer loop
      vertex -1.81173 6.76148 18
      vertex -1.21554 6.89365 10
      vertex -1.81173 6.76148 10
    endloop
  endfacet
  facet normal 0.976297 -0.216436 0
    outer loop
      vertex 6.76148 -1.81173 18
      vertex 6.89365 -1.21554 12.2869
      vertex 6.89365 -1.21554 18
    endloop
  endfacet
  facet normal 0.976293 -0.216454 -1.96617e-06
    outer loop
      vertex 6.89365 -1.21554 12.2869
      vertex 6.76148 -1.81173 18
      vertex 6.89022 -1.23101 12.2171
    endloop
  endfacet
  facet normal 0.976297 -0.216436 0
    outer loop
      vertex 6.76148 -1.81173 10
      vertex 6.89022 -1.23101 12.2171
      vertex 6.76148 -1.81173 18
    endloop
  endfacet
  facet normal 0.976229 -0.216742 8.43216e-05
    outer loop
      vertex 6.89022 -1.23101 12.2171
      vertex 6.76148 -1.81173 10
      vertex 6.88707 -1.24524 12.1089
    endloop
  endfacet
  facet normal 0.976294 -0.216447 3.75235e-06
    outer loop
      vertex 6.76148 -1.81173 10
      vertex 6.89365 -1.21554 11.7131
      vertex 6.89022 -1.23101 11.7829
    endloop
  endfacet
  facet normal 0.976316 -0.216348 -2.991e-05
    outer loop
      vertex 6.76148 -1.81173 10
      vertex 6.89022 -1.23101 11.7829
      vertex 6.88707 -1.24524 11.8911
    endloop
  endfacet
  facet normal 0.976269 -0.216561 3.68868e-05
    outer loop
      vertex 6.76148 -1.81173 10
      vertex 6.88707 -1.24524 11.8911
      vertex 6.88601 -1.25 12
    endloop
  endfacet
  facet normal 0.976335 -0.216264 -5.04873e-05
    outer loop
      vertex 6.88707 -1.24524 12.1089
      vertex 6.76148 -1.81173 10
      vertex 6.88601 -1.25 12
    endloop
  endfacet
  facet normal 0.976297 -0.216436 0
    outer loop
      vertex 6.89365 -1.21554 11.7131
      vertex 6.76148 -1.81173 10
      vertex 6.89365 -1.21554 10
    endloop
  endfacet
  facet normal -0.0436242 0.999048 0
    outer loop
      vertex 0 7 10
      vertex -0.610089 6.97336 18
      vertex 0 7 18
    endloop
  endfacet
  facet normal -0.0436242 0.999048 0
    outer loop
      vertex -0.610089 6.97336 18
      vertex 0 7 10
      vertex -0.610089 6.97336 10
    endloop
  endfacet
  facet normal 0.793357 -0.608757 0
    outer loop
      vertex 5.36231 -4.49951 18
      vertex 5.73406 -4.01503 10
      vertex 5.73406 -4.01503 18
    endloop
  endfacet
  facet normal 0.793357 -0.608757 0
    outer loop
      vertex 5.73406 -4.01503 10
      vertex 5.36231 -4.49951 18
      vertex 5.36231 -4.49951 10
    endloop
  endfacet
  facet normal 0.675582 0.737285 -0
    outer loop
      vertex 4.94975 4.94975 10
      vertex 4.49951 5.36231 18
      vertex 4.94975 4.94975 18
    endloop
  endfacet
  facet normal 0.675582 0.737285 0
    outer loop
      vertex 4.49951 5.36231 18
      vertex 4.94975 4.94975 10
      vertex 4.49951 5.36231 10
    endloop
  endfacet
  facet normal 0.887015 -0.461741 0
    outer loop
      vertex 6.06218 -3.5 18
      vertex 6.34415 -2.95833 10
      vertex 6.34415 -2.95833 18
    endloop
  endfacet
  facet normal 0.887015 -0.461741 0
    outer loop
      vertex 6.34415 -2.95833 10
      vertex 6.06218 -3.5 18
      vertex 6.06218 -3.5 10
    endloop
  endfacet
  facet normal -0.537311 -0.843384 0
    outer loop
      vertex -4.01503 -5.73406 10
      vertex -3.5 -6.06218 18
      vertex -4.01503 -5.73406 18
    endloop
  endfacet
  facet normal -0.537311 -0.843384 -0
    outer loop
      vertex -3.5 -6.06218 18
      vertex -4.01503 -5.73406 10
      vertex -3.5 -6.06218 10
    endloop
  endfacet
  facet normal -0.737285 0.675582 0
    outer loop
      vertex -5.36231 4.49951 10
      vertex -4.94975 4.94975 18
      vertex -4.94975 4.94975 10
    endloop
  endfacet
  facet normal -0.737285 0.675582 0
    outer loop
      vertex -4.94975 4.94975 18
      vertex -5.36231 4.49951 10
      vertex -5.36231 4.49951 18
    endloop
  endfacet
  facet normal 0.953718 0.300701 0
    outer loop
      vertex 6.76148 1.81173 18
      vertex 6.57785 2.39414 10
      vertex 6.57785 2.39414 18
    endloop
  endfacet
  facet normal 0.953718 0.300701 0
    outer loop
      vertex 6.57785 2.39414 10
      vertex 6.76148 1.81173 18
      vertex 6.76148 1.81173 10
    endloop
  endfacet
  facet normal 0.843384 -0.537311 0
    outer loop
      vertex 5.73406 -4.01503 18
      vertex 6.06218 -3.5 10
      vertex 6.06218 -3.5 18
    endloop
  endfacet
  facet normal 0.843384 -0.537311 0
    outer loop
      vertex 6.06218 -3.5 10
      vertex 5.73406 -4.01503 18
      vertex 5.73406 -4.01503 10
    endloop
  endfacet
  facet normal -0.991445 -0.130528 0
    outer loop
      vertex -6.89365 -1.21554 10
      vertex -6.97336 -0.610089 18
      vertex -6.97336 -0.610089 10
    endloop
  endfacet
  facet normal -0.991445 -0.130528 0
    outer loop
      vertex -6.97336 -0.610089 18
      vertex -6.89365 -1.21554 10
      vertex -6.89365 -1.21554 18
    endloop
  endfacet
  facet normal -0.953718 0.300701 0
    outer loop
      vertex -6.76148 1.81173 10
      vertex -6.57785 2.39414 18
      vertex -6.57785 2.39414 10
    endloop
  endfacet
  facet normal -0.953718 0.300701 0
    outer loop
      vertex -6.57785 2.39414 18
      vertex -6.76148 1.81173 10
      vertex -6.76148 1.81173 18
    endloop
  endfacet
  facet normal -0.608757 0.793357 0
    outer loop
      vertex -4.01503 5.73406 10
      vertex -4.49951 5.36231 18
      vertex -4.01503 5.73406 18
    endloop
  endfacet
  facet normal -0.608757 0.793357 0
    outer loop
      vertex -4.49951 5.36231 18
      vertex -4.01503 5.73406 10
      vertex -4.49951 5.36231 10
    endloop
  endfacet
  facet normal 0.991445 -0.130528 0
    outer loop
      vertex 6.89365 -1.21554 18
      vertex 6.97336 -0.610089 13.0903
      vertex 6.97336 -0.610089 18
    endloop
  endfacet
  facet normal 0.99147 -0.130338 2.38144e-05
    outer loop
      vertex 6.97336 -0.610089 13.0903
      vertex 6.89365 -1.21554 18
      vertex 6.9714 -0.625 13.0825
    endloop
  endfacet
  facet normal 0.991442 -0.130546 -1.57187e-06
    outer loop
      vertex 6.9714 -0.625 13.0825
      vertex 6.89365 -1.21554 18
      vertex 6.95929 -0.71697 13.0239
    endloop
  endfacet
  facet normal 0.991445 -0.130529 1.42571e-07
    outer loop
      vertex 6.95929 -0.71697 13.0239
      vertex 6.89365 -1.21554 18
      vertex 6.9479 -0.803484 12.9576
    endloop
  endfacet
  facet normal 0.991452 -0.130473 4.76252e-06
    outer loop
      vertex 6.9479 -0.803484 12.9576
      vertex 6.89365 -1.21554 18
      vertex 6.93732 -0.883883 12.8839
    endloop
  endfacet
  facet normal 0.991443 -0.130539 4.50399e-07
    outer loop
      vertex 6.93732 -0.883883 12.8839
      vertex 6.89365 -1.21554 18
      vertex 6.92762 -0.957555 12.8035
    endloop
  endfacet
  facet normal 0.991444 -0.130531 8.35594e-07
    outer loop
      vertex 6.92762 -0.957555 12.8035
      vertex 6.89365 -1.21554 18
      vertex 6.91888 -1.02394 12.717
    endloop
  endfacet
  facet normal 0.991431 -0.13063 -2.80709e-06
    outer loop
      vertex 6.91888 -1.02394 12.717
      vertex 6.89365 -1.21554 18
      vertex 6.91116 -1.08253 12.625
    endloop
  endfacet
  facet normal 0.991466 -0.130365 3.85509e-06
    outer loop
      vertex 6.91116 -1.08253 12.625
      vertex 6.89365 -1.21554 18
      vertex 6.90454 -1.13288 12.5283
    endloop
  endfacet
  facet normal 0.991426 -0.130668 -7.97192e-07
    outer loop
      vertex 6.90454 -1.13288 12.5283
      vertex 6.89365 -1.21554 18
      vertex 6.89904 -1.17461 12.4275
    endloop
  endfacet
  facet normal 0.991438 -0.130579 -1.35701e-07
    outer loop
      vertex 6.89904 -1.17461 12.4275
      vertex 6.89365 -1.21554 18
      vertex 6.89472 -1.20741 12.3235
    endloop
  endfacet
  facet normal 0.99145 -0.130486 0
    outer loop
      vertex 6.89472 -1.20741 12.3235
      vertex 6.89365 -1.21554 18
      vertex 6.89365 -1.21554 12.2869
    endloop
  endfacet
  facet normal 0.991471 -0.130326 0
    outer loop
      vertex 6.9714 -0.625 10.9175
      vertex 6.97336 -0.610089 10
      vertex 6.97336 -0.610089 10.9097
    endloop
  endfacet
  facet normal 0.991443 -0.130543 6.43169e-06
    outer loop
      vertex 6.89365 -1.21554 10
      vertex 6.9714 -0.625 10.9175
      vertex 6.95929 -0.71697 10.9761
    endloop
  endfacet
  facet normal 0.991444 -0.130529 -5.62458e-07
    outer loop
      vertex 6.89365 -1.21554 10
      vertex 6.95929 -0.71697 10.9761
      vertex 6.9479 -0.803484 11.0424
    endloop
  endfacet
  facet normal 0.99145 -0.130485 -1.81769e-05
    outer loop
      vertex 6.89365 -1.21554 10
      vertex 6.9479 -0.803484 11.0424
      vertex 6.93732 -0.883883 11.1161
    endloop
  endfacet
  facet normal 0.991443 -0.13054 -1.6693e-06
    outer loop
      vertex 6.89365 -1.21554 10
      vertex 6.93732 -0.883883 11.1161
      vertex 6.92762 -0.957555 11.1965
    endloop
  endfacet
  facet normal 0.991444 -0.130534 -3.01637e-06
    outer loop
      vertex 6.89365 -1.21554 10
      vertex 6.92762 -0.957555 11.1965
      vertex 6.91888 -1.02394 11.283
    endloop
  endfacet
  facet normal 0.991433 -0.130619 9.89636e-06
    outer loop
      vertex 6.89365 -1.21554 10
      vertex 6.91888 -1.02394 11.283
      vertex 6.91116 -1.08253 11.375
    endloop
  endfacet
  facet normal 0.991464 -0.130383 -1.33128e-05
    outer loop
      vertex 6.89365 -1.21554 10
      vertex 6.91116 -1.08253 11.375
      vertex 6.90454 -1.13288 11.4717
    endloop
  endfacet
  facet normal 0.991427 -0.130663 2.70507e-06
    outer loop
      vertex 6.89365 -1.21554 10
      vertex 6.90454 -1.13288 11.4717
      vertex 6.89904 -1.17461 11.5725
    endloop
  endfacet
  facet normal 0.991445 -0.130528 -3.34083e-06
    outer loop
      vertex 6.9714 -0.625 10.9175
      vertex 6.89365 -1.21554 10
      vertex 6.97336 -0.610089 10
    endloop
  endfacet
  facet normal 0.991438 -0.130578 4.5457e-07
    outer loop
      vertex 6.89472 -1.20741 11.6765
      vertex 6.89365 -1.21554 10
      vertex 6.89904 -1.17461 11.5725
    endloop
  endfacet
  facet normal 0.99145 -0.130486 0
    outer loop
      vertex 6.89365 -1.21554 10
      vertex 6.89472 -1.20741 11.6765
      vertex 6.89365 -1.21554 11.7131
    endloop
  endfacet
  facet normal 0.999047 -0.0436505 0
    outer loop
      vertex 7 0 18
      vertex 6.99524 -0.108944 13.2452
      vertex 7 0 13.25
    endloop
  endfacet
  facet normal 0.999048 -0.0436242 -6.04584e-07
    outer loop
      vertex 6.97336 -0.610089 18
      vertex 6.99524 -0.108944 13.2452
      vertex 7 0 18
    endloop
  endfacet
  facet normal 0.999048 -0.0436153 3.32923e-07
    outer loop
      vertex 6.99524 -0.108944 13.2452
      vertex 6.97336 -0.610089 18
      vertex 6.99052 -0.21706 13.231
    endloop
  endfacet
  facet normal 0.999048 -0.0436349 -1.28042e-06
    outer loop
      vertex 6.99052 -0.21706 13.231
      vertex 6.97336 -0.610089 18
      vertex 6.98587 -0.323524 13.2074
    endloop
  endfacet
  facet normal 0.999049 -0.0436119 9.32684e-08
    outer loop
      vertex 6.98587 -0.323524 13.2074
      vertex 6.97336 -0.610089 18
      vertex 6.98133 -0.427525 13.1746
    endloop
  endfacet
  facet normal 0.999048 -0.0436315 -6.47549e-07
    outer loop
      vertex 6.98133 -0.427525 13.1746
      vertex 6.97336 -0.610089 18
      vertex 6.97693 -0.528273 13.1329
    endloop
  endfacet
  facet normal 0.999049 -0.043593 0
    outer loop
      vertex 6.97693 -0.528273 13.1329
      vertex 6.97336 -0.610089 18
      vertex 6.97336 -0.610089 13.0903
    endloop
  endfacet
  facet normal 0.999047 -0.0436505 0
    outer loop
      vertex 6.99524 -0.108944 10.7548
      vertex 7 0 10
      vertex 7 0 10.75
    endloop
  endfacet
  facet normal 0.999048 -0.0436146 5.19722e-06
    outer loop
      vertex 6.99052 -0.21706 10.769
      vertex 7 0 10
      vertex 6.99524 -0.108944 10.7548
    endloop
  endfacet
  facet normal 0.999048 -0.0436335 7.26282e-06
    outer loop
      vertex 6.97336 -0.610089 10
      vertex 6.99052 -0.21706 10.769
      vertex 6.98587 -0.323524 10.7926
    endloop
  endfacet
  facet normal 0.999049 -0.0436121 -5.15786e-07
    outer loop
      vertex 6.97336 -0.610089 10
      vertex 6.98587 -0.323524 10.7926
      vertex 6.98133 -0.427525 10.8254
    endloop
  endfacet
  facet normal 0.999048 -0.0436303 3.52246e-06
    outer loop
      vertex 6.97336 -0.610089 10
      vertex 6.98133 -0.427525 10.8254
      vertex 6.97693 -0.528273 10.8671
    endloop
  endfacet
  facet normal 0.999049 -0.043593 0
    outer loop
      vertex 6.97336 -0.610089 10
      vertex 6.97693 -0.528273 10.8671
      vertex 6.97336 -0.610089 10.9097
    endloop
  endfacet
  facet normal 0.999048 -0.0436242 2.48149e-06
    outer loop
      vertex 6.99052 -0.21706 10.769
      vertex 6.97336 -0.610089 10
      vertex 7 0 10
    endloop
  endfacet
  facet normal -0.991445 0.130528 0
    outer loop
      vertex -6.97336 0.610089 10
      vertex -6.89365 1.21554 18
      vertex -6.89365 1.21554 10
    endloop
  endfacet
  facet normal -0.991445 0.130528 0
    outer loop
      vertex -6.89365 1.21554 18
      vertex -6.97336 0.610089 10
      vertex -6.97336 0.610089 18
    endloop
  endfacet
  facet normal 0.923877 0.38269 0
    outer loop
      vertex 6.57785 2.39414 18
      vertex 6.34415 2.95833 10
      vertex 6.34415 2.95833 18
    endloop
  endfacet
  facet normal 0.923877 0.38269 0
    outer loop
      vertex 6.34415 2.95833 10
      vertex 6.57785 2.39414 18
      vertex 6.57785 2.39414 10
    endloop
  endfacet
  facet normal -0.976297 -0.216436 0
    outer loop
      vertex -6.76148 -1.81173 10
      vertex -6.89365 -1.21554 18
      vertex -6.89365 -1.21554 10
    endloop
  endfacet
  facet normal -0.976297 -0.216436 0
    outer loop
      vertex -6.89365 -1.21554 18
      vertex -6.76148 -1.81173 10
      vertex -6.76148 -1.81173 18
    endloop
  endfacet
  facet normal 0.887015 0.461741 0
    outer loop
      vertex 6.34415 2.95833 18
      vertex 6.06218 3.5 10
      vertex 6.06218 3.5 18
    endloop
  endfacet
  facet normal 0.887015 0.461741 0
    outer loop
      vertex 6.06218 3.5 10
      vertex 6.34415 2.95833 18
      vertex 6.34415 2.95833 10
    endloop
  endfacet
  facet normal -0.793357 0.608757 0
    outer loop
      vertex -5.73406 4.01503 10
      vertex -5.36231 4.49951 18
      vertex -5.36231 4.49951 10
    endloop
  endfacet
  facet normal -0.793357 0.608757 0
    outer loop
      vertex -5.36231 4.49951 18
      vertex -5.73406 4.01503 10
      vertex -5.73406 4.01503 18
    endloop
  endfacet
  facet normal -0.887015 -0.461741 0
    outer loop
      vertex -6.06218 -3.5 10
      vertex -6.34415 -2.95833 18
      vertex -6.34415 -2.95833 10
    endloop
  endfacet
  facet normal -0.887015 -0.461741 0
    outer loop
      vertex -6.34415 -2.95833 18
      vertex -6.06218 -3.5 10
      vertex -6.06218 -3.5 18
    endloop
  endfacet
  facet normal -0.608757 -0.793357 0
    outer loop
      vertex -4.49951 -5.36231 10
      vertex -4.01503 -5.73406 18
      vertex -4.49951 -5.36231 18
    endloop
  endfacet
  facet normal -0.608757 -0.793357 -0
    outer loop
      vertex -4.01503 -5.73406 18
      vertex -4.49951 -5.36231 10
      vertex -4.01503 -5.73406 10
    endloop
  endfacet
  facet normal -0.300701 0.953718 0
    outer loop
      vertex -1.81173 6.76148 10
      vertex -2.39414 6.57785 18
      vertex -1.81173 6.76148 18
    endloop
  endfacet
  facet normal -0.300701 0.953718 0
    outer loop
      vertex -2.39414 6.57785 18
      vertex -1.81173 6.76148 10
      vertex -2.39414 6.57785 10
    endloop
  endfacet
  facet normal 0.737285 0.675582 0
    outer loop
      vertex 5.36231 4.49951 18
      vertex 4.94975 4.94975 10
      vertex 4.94975 4.94975 18
    endloop
  endfacet
  facet normal 0.737285 0.675582 0
    outer loop
      vertex 4.94975 4.94975 10
      vertex 5.36231 4.49951 18
      vertex 5.36231 4.49951 10
    endloop
  endfacet
  facet normal -0.953718 -0.300701 0
    outer loop
      vertex -6.57785 -2.39414 10
      vertex -6.76148 -1.81173 18
      vertex -6.76148 -1.81173 10
    endloop
  endfacet
  facet normal -0.953718 -0.300701 0
    outer loop
      vertex -6.76148 -1.81173 18
      vertex -6.57785 -2.39414 10
      vertex -6.57785 -2.39414 18
    endloop
  endfacet
  facet normal -0.793357 -0.608757 0
    outer loop
      vertex -5.36231 -4.49951 10
      vertex -5.73406 -4.01503 18
      vertex -5.73406 -4.01503 10
    endloop
  endfacet
  facet normal -0.793357 -0.608757 0
    outer loop
      vertex -5.73406 -4.01503 18
      vertex -5.36231 -4.49951 10
      vertex -5.36231 -4.49951 18
    endloop
  endfacet
  facet normal -0.0436242 -0.999048 0
    outer loop
      vertex -0.610089 -6.97336 10
      vertex 0 -7 18
      vertex -0.610089 -6.97336 18
    endloop
  endfacet
  facet normal -0.0436242 -0.999048 -0
    outer loop
      vertex 0 -7 18
      vertex -0.610089 -6.97336 10
      vertex 0 -7 10
    endloop
  endfacet
  facet normal -0.461741 -0.887015 0
    outer loop
      vertex -3.5 -6.06218 10
      vertex -2.95833 -6.34415 18
      vertex -3.5 -6.06218 18
    endloop
  endfacet
  facet normal -0.461741 -0.887015 -0
    outer loop
      vertex -2.95833 -6.34415 18
      vertex -3.5 -6.06218 10
      vertex -2.95833 -6.34415 10
    endloop
  endfacet
  facet normal -0.130528 -0.991445 0
    outer loop
      vertex -1.21554 -6.89365 10
      vertex -0.610089 -6.97336 18
      vertex -1.21554 -6.89365 18
    endloop
  endfacet
  facet normal -0.130528 -0.991445 -0
    outer loop
      vertex -0.610089 -6.97336 18
      vertex -1.21554 -6.89365 10
      vertex -0.610089 -6.97336 10
    endloop
  endfacet
  facet normal 0.38269 -0.923877 0
    outer loop
      vertex 2.39414 -6.57785 10
      vertex 2.95833 -6.34415 18
      vertex 2.39414 -6.57785 18
    endloop
  endfacet
  facet normal 0.38269 -0.923877 0
    outer loop
      vertex 2.95833 -6.34415 18
      vertex 2.39414 -6.57785 10
      vertex 2.95833 -6.34415 10
    endloop
  endfacet
  facet normal 0.923877 -0.38269 0
    outer loop
      vertex 6.34415 -2.95833 18
      vertex 6.57785 -2.39414 10
      vertex 6.57785 -2.39414 18
    endloop
  endfacet
  facet normal 0.923877 -0.38269 0
    outer loop
      vertex 6.57785 -2.39414 10
      vertex 6.34415 -2.95833 18
      vertex 6.34415 -2.95833 10
    endloop
  endfacet
  facet normal -0.923877 0.38269 0
    outer loop
      vertex -6.57785 2.39414 10
      vertex -6.34415 2.95833 18
      vertex -6.34415 2.95833 10
    endloop
  endfacet
  facet normal -0.923877 0.38269 0
    outer loop
      vertex -6.34415 2.95833 18
      vertex -6.57785 2.39414 10
      vertex -6.57785 2.39414 18
    endloop
  endfacet
  facet normal 0.300701 0.953718 -0
    outer loop
      vertex 2.39414 6.57785 10
      vertex 1.81173 6.76148 18
      vertex 2.39414 6.57785 18
    endloop
  endfacet
  facet normal 0.300701 0.953718 0
    outer loop
      vertex 1.81173 6.76148 18
      vertex 2.39414 6.57785 10
      vertex 1.81173 6.76148 10
    endloop
  endfacet
  facet normal 0.793357 0.608757 0
    outer loop
      vertex 5.73406 4.01503 18
      vertex 5.36231 4.49951 10
      vertex 5.36231 4.49951 18
    endloop
  endfacet
  facet normal 0.793357 0.608757 0
    outer loop
      vertex 5.36231 4.49951 10
      vertex 5.73406 4.01503 18
      vertex 5.73406 4.01503 10
    endloop
  endfacet
  facet normal 0 0 1
    outer loop
      vertex 4.075 0 18
      vertex 7 0 18
      vertex 6.97336 0.610089 18
    endloop
  endfacet
  facet normal 0 0 1
    outer loop
      vertex 4.05949 0.355159 18
      vertex 6.97336 0.610089 18
      vertex 6.89365 1.21554 18
    endloop
  endfacet
  facet normal 0 0 1
    outer loop
      vertex 7 0 18
      vertex 4.075 0 18
      vertex 6.97336 -0.610089 18
    endloop
  endfacet
  facet normal 0 0 1
    outer loop
      vertex 4.01309 0.707616 18
      vertex 6.89365 1.21554 18
      vertex 6.76148 1.81173 18
    endloop
  endfacet
  facet normal -0 0 1
    outer loop
      vertex 4.05949 -0.355159 18
      vertex 6.97336 -0.610089 18
      vertex 4.075 0 18
    endloop
  endfacet
  facet normal 0 0 1
    outer loop
      vertex 3.93615 1.05469 18
      vertex 6.76148 1.81173 18
      vertex 6.57785 2.39414 18
    endloop
  endfacet
  facet normal 0 0 1
    outer loop
      vertex 6.97336 -0.610089 18
      vertex 4.05949 -0.355159 18
      vertex 6.89365 -1.21554 18
    endloop
  endfacet
  facet normal 0 0 1
    outer loop
      vertex 3.82925 1.39373 18
      vertex 6.57785 2.39414 18
      vertex 6.34415 2.95833 18
    endloop
  endfacet
  facet normal -0 0 1
    outer loop
      vertex 4.01309 -0.707616 18
      vertex 6.89365 -1.21554 18
      vertex 4.05949 -0.355159 18
    endloop
  endfacet
  facet normal 0 0 1
    outer loop
      vertex 3.6932 1.72217 18
      vertex 6.34415 2.95833 18
      vertex 6.06218 3.5 18
    endloop
  endfacet
  facet normal 0 0 1
    outer loop
      vertex 6.89365 -1.21554 18
      vertex 4.01309 -0.707616 18
      vertex 6.76148 -1.81173 18
    endloop
  endfacet
  facet normal 0 0 1
    outer loop
      vertex 3.52905 2.0375 18
      vertex 6.06218 3.5 18
      vertex 5.73406 4.01503 18
    endloop
  endfacet
  facet normal -0 0 1
    outer loop
      vertex 3.93615 -1.05469 18
      vertex 6.76148 -1.81173 18
      vertex 4.01309 -0.707616 18
    endloop
  endfacet
  facet normal 0 0 1
    outer loop
      vertex 3.33804 2.33732 18
      vertex 5.73406 4.01503 18
      vertex 5.36231 4.49951 18
    endloop
  endfacet
  facet normal 0 0 1
    outer loop
      vertex 6.76148 -1.81173 18
      vertex 3.93615 -1.05469 18
      vertex 6.57785 -2.39414 18
    endloop
  endfacet
  facet normal 0 0 1
    outer loop
      vertex 3.12163 2.61936 18
      vertex 5.36231 4.49951 18
      vertex 4.94975 4.94975 18
    endloop
  endfacet
  facet normal -0 0 1
    outer loop
      vertex 3.82925 -1.39373 18
      vertex 6.57785 -2.39414 18
      vertex 3.93615 -1.05469 18
    endloop
  endfacet
  facet normal 0 0 1
    outer loop
      vertex 2.88146 2.88146 18
      vertex 4.94975 4.94975 18
      vertex 4.49951 5.36231 18
    endloop
  endfacet
  facet normal 0 0 1
    outer loop
      vertex 6.57785 -2.39414 18
      vertex 3.82925 -1.39373 18
      vertex 6.34415 -2.95833 18
    endloop
  endfacet
  facet normal -0 0 1
    outer loop
      vertex 3.6932 -1.72217 18
      vertex 6.34415 -2.95833 18
      vertex 3.82925 -1.39373 18
    endloop
  endfacet
  facet normal 0 0 1
    outer loop
      vertex 6.97336 0.610089 18
      vertex 4.05949 0.355159 18
      vertex 4.075 0 18
    endloop
  endfacet
  facet normal 0 0 1
    outer loop
      vertex 2.61936 3.12163 18
      vertex 4.49951 5.36231 18
      vertex 4.01503 5.73406 18
    endloop
  endfacet
  facet normal 0 0 1
    outer loop
      vertex 6.89365 1.21554 18
      vertex 4.01309 0.707616 18
      vertex 4.05949 0.355159 18
    endloop
  endfacet
  facet normal 0 0 1
    outer loop
      vertex 6.76148 1.81173 18
      vertex 3.93615 1.05469 18
      vertex 4.01309 0.707616 18
    endloop
  endfacet
  facet normal 0 0 1
    outer loop
      vertex 6.57785 2.39414 18
      vertex 3.82925 1.39373 18
      vertex 3.93615 1.05469 18
    endloop
  endfacet
  facet normal 0 0 1
    outer loop
      vertex 6.34415 2.95833 18
      vertex 3.6932 1.72217 18
      vertex 3.82925 1.39373 18
    endloop
  endfacet
  facet normal 0 0 1
    outer loop
      vertex 6.06218 3.5 18
      vertex 3.52905 2.0375 18
      vertex 3.6932 1.72217 18
    endloop
  endfacet
  facet normal 0 0 1
    outer loop
      vertex 2.33732 3.33804 18
      vertex 4.01503 5.73406 18
      vertex 3.5 6.06218 18
    endloop
  endfacet
  facet normal 0 0 1
    outer loop
      vertex 5.73406 4.01503 18
      vertex 3.33804 2.33732 18
      vertex 3.52905 2.0375 18
    endloop
  endfacet
  facet normal 0 0 1
    outer loop
      vertex 5.36231 4.49951 18
      vertex 3.12163 2.61936 18
      vertex 3.33804 2.33732 18
    endloop
  endfacet
  facet normal 0 0 1
    outer loop
      vertex 2.0375 3.52905 18
      vertex 3.5 6.06218 18
      vertex 2.95833 6.34415 18
    endloop
  endfacet
  facet normal 0 0 1
    outer loop
      vertex 4.94975 4.94975 18
      vertex 2.88146 2.88146 18
      vertex 3.12163 2.61936 18
    endloop
  endfacet
  facet normal 0 0 1
    outer loop
      vertex 4.49951 5.36231 18
      vertex 2.61936 3.12163 18
      vertex 2.88146 2.88146 18
    endloop
  endfacet
  facet normal 0 0 1
    outer loop
      vertex 1.72217 3.6932 18
      vertex 2.95833 6.34415 18
      vertex 2.39414 6.57785 18
    endloop
  endfacet
  facet normal 0 0 1
    outer loop
      vertex 4.01503 5.73406 18
      vertex 2.33732 3.33804 18
      vertex 2.61936 3.12163 18
    endloop
  endfacet
  facet normal 0 0 1
    outer loop
      vertex 3.5 6.06218 18
      vertex 2.0375 3.52905 18
      vertex 2.33732 3.33804 18
    endloop
  endfacet
  facet normal 0 0 1
    outer loop
      vertex 1.39373 3.82925 18
      vertex 2.39414 6.57785 18
      vertex 1.81173 6.76148 18
    endloop
  endfacet
  facet normal 0 0 1
    outer loop
      vertex 2.95833 6.34415 18
      vertex 1.72217 3.6932 18
      vertex 2.0375 3.52905 18
    endloop
  endfacet
  facet normal 0 0 1
    outer loop
      vertex 2.39414 6.57785 18
      vertex 1.39373 3.82925 18
      vertex 1.72217 3.6932 18
    endloop
  endfacet
  facet normal 0 0 1
    outer loop
      vertex 1.05469 3.93615 18
      vertex 1.81173 6.76148 18
      vertex 1.21554 6.89365 18
    endloop
  endfacet
  facet normal 0 0 1
    outer loop
      vertex 1.81173 6.76148 18
      vertex 1.05469 3.93615 18
      vertex 1.39373 3.82925 18
    endloop
  endfacet
  facet normal 0 0 1
    outer loop
      vertex 1.21554 6.89365 18
      vertex 0.707616 4.01309 18
      vertex 1.05469 3.93615 18
    endloop
  endfacet
  facet normal 0 0 1
    outer loop
      vertex 0.610089 6.97336 18
      vertex 0.707616 4.01309 18
      vertex 1.21554 6.89365 18
    endloop
  endfacet
  facet normal 0 0 1
    outer loop
      vertex 0.610089 6.97336 18
      vertex 0.355159 4.05949 18
      vertex 0.707616 4.01309 18
    endloop
  endfacet
  facet normal 0 0 1
    outer loop
      vertex 0 7 18
      vertex 0.355159 4.05949 18
      vertex 0.610089 6.97336 18
    endloop
  endfacet
  facet normal 0 0 1
    outer loop
      vertex 0 7 18
      vertex 0 4.075 18
      vertex 0.355159 4.05949 18
    endloop
  endfacet
  facet normal 0 0 1
    outer loop
      vertex 0 7 18
      vertex -0.355159 4.05949 18
      vertex 0 4.075 18
    endloop
  endfacet
  facet normal -0 0 1
    outer loop
      vertex -0.610089 6.97336 18
      vertex -0.355159 4.05949 18
      vertex 0 7 18
    endloop
  endfacet
  facet normal 0 0 1
    outer loop
      vertex -0.610089 6.97336 18
      vertex -0.707616 4.01309 18
      vertex -0.355159 4.05949 18
    endloop
  endfacet
  facet normal -0 0 1
    outer loop
      vertex -1.21554 6.89365 18
      vertex -0.707616 4.01309 18
      vertex -0.610089 6.97336 18
    endloop
  endfacet
  facet normal 0 0 1
    outer loop
      vertex -0.707616 4.01309 18
      vertex -1.21554 6.89365 18
      vertex -1.05469 3.93615 18
    endloop
  endfacet
  facet normal -0 0 1
    outer loop
      vertex -1.81173 6.76148 18
      vertex -1.05469 3.93615 18
      vertex -1.21554 6.89365 18
    endloop
  endfacet
  facet normal 0 0 1
    outer loop
      vertex -1.05469 3.93615 18
      vertex -1.81173 6.76148 18
      vertex -1.39373 3.82925 18
    endloop
  endfacet
  facet normal -0 0 1
    outer loop
      vertex -2.39414 6.57785 18
      vertex -1.39373 3.82925 18
      vertex -1.81173 6.76148 18
    endloop
  endfacet
  facet normal 0 0 1
    outer loop
      vertex -1.39373 3.82925 18
      vertex -2.39414 6.57785 18
      vertex -1.72217 3.6932 18
    endloop
  endfacet
  facet normal -0 0 1
    outer loop
      vertex -2.95833 6.34415 18
      vertex -1.72217 3.6932 18
      vertex -2.39414 6.57785 18
    endloop
  endfacet
  facet normal 0 0 1
    outer loop
      vertex -1.72217 3.6932 18
      vertex -2.95833 6.34415 18
      vertex -2.0375 3.52905 18
    endloop
  endfacet
  facet normal -0 0 1
    outer loop
      vertex -3.5 6.06218 18
      vertex -2.0375 3.52905 18
      vertex -2.95833 6.34415 18
    endloop
  endfacet
  facet normal 0 0 1
    outer loop
      vertex -2.0375 3.52905 18
      vertex -3.5 6.06218 18
      vertex -2.33732 3.33804 18
    endloop
  endfacet
  facet normal -0 0 1
    outer loop
      vertex -4.01503 5.73406 18
      vertex -2.33732 3.33804 18
      vertex -3.5 6.06218 18
    endloop
  endfacet
  facet normal 0 0 1
    outer loop
      vertex -2.33732 3.33804 18
      vertex -4.01503 5.73406 18
      vertex -2.61936 3.12163 18
    endloop
  endfacet
  facet normal -0 0 1
    outer loop
      vertex -4.49951 5.36231 18
      vertex -2.61936 3.12163 18
      vertex -4.01503 5.73406 18
    endloop
  endfacet
  facet normal 0 0 1
    outer loop
      vertex -2.61936 3.12163 18
      vertex -4.49951 5.36231 18
      vertex -2.88146 2.88146 18
    endloop
  endfacet
  facet normal -0 0 1
    outer loop
      vertex -4.94975 4.94975 18
      vertex -2.88146 2.88146 18
      vertex -4.49951 5.36231 18
    endloop
  endfacet
  facet normal 0 0 1
    outer loop
      vertex -2.88146 2.88146 18
      vertex -4.94975 4.94975 18
      vertex -3.12163 2.61936 18
    endloop
  endfacet
  facet normal -0 0 1
    outer loop
      vertex -5.36231 4.49951 18
      vertex -3.12163 2.61936 18
      vertex -4.94975 4.94975 18
    endloop
  endfacet
  facet normal 0 0 1
    outer loop
      vertex -3.12163 2.61936 18
      vertex -5.36231 4.49951 18
      vertex -3.33804 2.33732 18
    endloop
  endfacet
  facet normal -0 0 1
    outer loop
      vertex -5.73406 4.01503 18
      vertex -3.33804 2.33732 18
      vertex -5.36231 4.49951 18
    endloop
  endfacet
  facet normal 0 0 1
    outer loop
      vertex -3.33804 2.33732 18
      vertex -5.73406 4.01503 18
      vertex -3.52905 2.0375 18
    endloop
  endfacet
  facet normal -0 0 1
    outer loop
      vertex -6.06218 3.5 18
      vertex -3.52905 2.0375 18
      vertex -5.73406 4.01503 18
    endloop
  endfacet
  facet normal 0 0 1
    outer loop
      vertex -3.52905 2.0375 18
      vertex -6.06218 3.5 18
      vertex -3.6932 1.72217 18
    endloop
  endfacet
  facet normal -0 0 1
    outer loop
      vertex -6.34415 2.95833 18
      vertex -3.6932 1.72217 18
      vertex -6.06218 3.5 18
    endloop
  endfacet
  facet normal 0 0 1
    outer loop
      vertex 6.34415 -2.95833 18
      vertex 3.6932 -1.72217 18
      vertex 6.06218 -3.5 18
    endloop
  endfacet
  facet normal -0 0 1
    outer loop
      vertex 3.52905 -2.0375 18
      vertex 6.06218 -3.5 18
      vertex 3.6932 -1.72217 18
    endloop
  endfacet
  facet normal 0 0 1
    outer loop
      vertex 6.06218 -3.5 18
      vertex 3.52905 -2.0375 18
      vertex 5.73406 -4.01503 18
    endloop
  endfacet
  facet normal -0 0 1
    outer loop
      vertex 3.33804 -2.33732 18
      vertex 5.73406 -4.01503 18
      vertex 3.52905 -2.0375 18
    endloop
  endfacet
  facet normal 0 0 1
    outer loop
      vertex 5.73406 -4.01503 18
      vertex 3.33804 -2.33732 18
      vertex 5.36231 -4.49951 18
    endloop
  endfacet
  facet normal -0 0 1
    outer loop
      vertex 3.12163 -2.61936 18
      vertex 5.36231 -4.49951 18
      vertex 3.33804 -2.33732 18
    endloop
  endfacet
  facet normal 0 0 1
    outer loop
      vertex 5.36231 -4.49951 18
      vertex 3.12163 -2.61936 18
      vertex 4.94975 -4.94975 18
    endloop
  endfacet
  facet normal -0 0 1
    outer loop
      vertex 2.88146 -2.88146 18
      vertex 4.94975 -4.94975 18
      vertex 3.12163 -2.61936 18
    endloop
  endfacet
  facet normal 0 0 1
    outer loop
      vertex 4.94975 -4.94975 18
      vertex 2.88146 -2.88146 18
      vertex 4.49951 -5.36231 18
    endloop
  endfacet
  facet normal -0 0 1
    outer loop
      vertex 2.61936 -3.12163 18
      vertex 4.49951 -5.36231 18
      vertex 2.88146 -2.88146 18
    endloop
  endfacet
  facet normal 0 0 1
    outer loop
      vertex 4.49951 -5.36231 18
      vertex 2.61936 -3.12163 18
      vertex 4.01503 -5.73406 18
    endloop
  endfacet
  facet normal -0 0 1
    outer loop
      vertex 2.33732 -3.33804 18
      vertex 4.01503 -5.73406 18
      vertex 2.61936 -3.12163 18
    endloop
  endfacet
  facet normal 0 0 1
    outer loop
      vertex 4.01503 -5.73406 18
      vertex 2.33732 -3.33804 18
      vertex 3.5 -6.06218 18
    endloop
  endfacet
  facet normal -0 0 1
    outer loop
      vertex 2.0375 -3.52905 18
      vertex 3.5 -6.06218 18
      vertex 2.33732 -3.33804 18
    endloop
  endfacet
  facet normal 0 0 1
    outer loop
      vertex 3.5 -6.06218 18
      vertex 2.0375 -3.52905 18
      vertex 2.95833 -6.34415 18
    endloop
  endfacet
  facet normal -0 0 1
    outer loop
      vertex 1.72217 -3.6932 18
      vertex 2.95833 -6.34415 18
      vertex 2.0375 -3.52905 18
    endloop
  endfacet
  facet normal 0 0 1
    outer loop
      vertex 2.95833 -6.34415 18
      vertex 1.72217 -3.6932 18
      vertex 2.39414 -6.57785 18
    endloop
  endfacet
  facet normal -0 0 1
    outer loop
      vertex 1.39373 -3.82925 18
      vertex 2.39414 -6.57785 18
      vertex 1.72217 -3.6932 18
    endloop
  endfacet
  facet normal 0 0 1
    outer loop
      vertex 2.39414 -6.57785 18
      vertex 1.39373 -3.82925 18
      vertex 1.81173 -6.76148 18
    endloop
  endfacet
  facet normal -0 0 1
    outer loop
      vertex 1.05469 -3.93615 18
      vertex 1.81173 -6.76148 18
      vertex 1.39373 -3.82925 18
    endloop
  endfacet
  facet normal 0 0 1
    outer loop
      vertex 1.81173 -6.76148 18
      vertex 1.05469 -3.93615 18
      vertex 1.21554 -6.89365 18
    endloop
  endfacet
  facet normal -0 0 1
    outer loop
      vertex 0.707616 -4.01309 18
      vertex 1.21554 -6.89365 18
      vertex 1.05469 -3.93615 18
    endloop
  endfacet
  facet normal 0 0 1
    outer loop
      vertex 0.707616 -4.01309 18
      vertex 0.610089 -6.97336 18
      vertex 1.21554 -6.89365 18
    endloop
  endfacet
  facet normal -0 0 1
    outer loop
      vertex 0.355159 -4.05949 18
      vertex 0.610089 -6.97336 18
      vertex 0.707616 -4.01309 18
    endloop
  endfacet
  facet normal -0 0 1
    outer loop
      vertex 0 -4.075 18
      vertex 0.610089 -6.97336 18
      vertex 0.355159 -4.05949 18
    endloop
  endfacet
  facet normal 0 0 1
    outer loop
      vertex 0 -4.075 18
      vertex 0 -7 18
      vertex 0.610089 -6.97336 18
    endloop
  endfacet
  facet normal 0 0 1
    outer loop
      vertex -0.355159 -4.05949 18
      vertex 0 -7 18
      vertex 0 -4.075 18
    endloop
  endfacet
  facet normal 0 0 1
    outer loop
      vertex -0.355159 -4.05949 18
      vertex -0.610089 -6.97336 18
      vertex 0 -7 18
    endloop
  endfacet
  facet normal 0 0 1
    outer loop
      vertex -0.707616 -4.01309 18
      vertex -0.610089 -6.97336 18
      vertex -0.355159 -4.05949 18
    endloop
  endfacet
  facet normal 0 0 1
    outer loop
      vertex -1.21554 -6.89365 18
      vertex -0.707616 -4.01309 18
      vertex -1.05469 -3.93615 18
    endloop
  endfacet
  facet normal 0 0 1
    outer loop
      vertex -0.707616 -4.01309 18
      vertex -1.21554 -6.89365 18
      vertex -0.610089 -6.97336 18
    endloop
  endfacet
  facet normal 0 0 1
    outer loop
      vertex -1.81173 -6.76148 18
      vertex -1.05469 -3.93615 18
      vertex -1.39373 -3.82925 18
    endloop
  endfacet
  facet normal 0 0 1
    outer loop
      vertex -2.39414 -6.57785 18
      vertex -1.39373 -3.82925 18
      vertex -1.72217 -3.6932 18
    endloop
  endfacet
  facet normal 0 0 1
    outer loop
      vertex -1.05469 -3.93615 18
      vertex -1.81173 -6.76148 18
      vertex -1.21554 -6.89365 18
    endloop
  endfacet
  facet normal 0 0 1
    outer loop
      vertex -2.95833 -6.34415 18
      vertex -1.72217 -3.6932 18
      vertex -2.0375 -3.52905 18
    endloop
  endfacet
  facet normal 0 0 1
    outer loop
      vertex -3.5 -6.06218 18
      vertex -2.0375 -3.52905 18
      vertex -2.33732 -3.33804 18
    endloop
  endfacet
  facet normal 0 0 1
    outer loop
      vertex -1.39373 -3.82925 18
      vertex -2.39414 -6.57785 18
      vertex -1.81173 -6.76148 18
    endloop
  endfacet
  facet normal 0 0 1
    outer loop
      vertex -4.01503 -5.73406 18
      vertex -2.33732 -3.33804 18
      vertex -2.61936 -3.12163 18
    endloop
  endfacet
  facet normal 0 0 1
    outer loop
      vertex -4.49951 -5.36231 18
      vertex -2.61936 -3.12163 18
      vertex -2.88146 -2.88146 18
    endloop
  endfacet
  facet normal 0 0 1
    outer loop
      vertex -1.72217 -3.6932 18
      vertex -2.95833 -6.34415 18
      vertex -2.39414 -6.57785 18
    endloop
  endfacet
  facet normal 0 0 1
    outer loop
      vertex -4.94975 -4.94975 18
      vertex -2.88146 -2.88146 18
      vertex -3.12163 -2.61936 18
    endloop
  endfacet
  facet normal 0 0 1
    outer loop
      vertex -5.36231 -4.49951 18
      vertex -3.12163 -2.61936 18
      vertex -3.33804 -2.33732 18
    endloop
  endfacet
  facet normal 0 0 1
    outer loop
      vertex -2.0375 -3.52905 18
      vertex -3.5 -6.06218 18
      vertex -2.95833 -6.34415 18
    endloop
  endfacet
  facet normal 0 0 1
    outer loop
      vertex -5.73406 -4.01503 18
      vertex -3.33804 -2.33732 18
      vertex -3.52905 -2.0375 18
    endloop
  endfacet
  facet normal 0 0 1
    outer loop
      vertex -6.06218 -3.5 18
      vertex -3.52905 -2.0375 18
      vertex -3.6932 -1.72217 18
    endloop
  endfacet
  facet normal 0 0 1
    outer loop
      vertex -6.34415 -2.95833 18
      vertex -3.6932 -1.72217 18
      vertex -3.82925 -1.39373 18
    endloop
  endfacet
  facet normal 0 0 1
    outer loop
      vertex -6.57785 -2.39414 18
      vertex -3.82925 -1.39373 18
      vertex -3.93615 -1.05469 18
    endloop
  endfacet
  facet normal 0 0 1
    outer loop
      vertex -6.76148 -1.81173 18
      vertex -3.93615 -1.05469 18
      vertex -4.01309 -0.707616 18
    endloop
  endfacet
  facet normal 0 0 1
    outer loop
      vertex -2.33732 -3.33804 18
      vertex -4.01503 -5.73406 18
      vertex -3.5 -6.06218 18
    endloop
  endfacet
  facet normal 0 0 1
    outer loop
      vertex -6.89365 -1.21554 18
      vertex -4.01309 -0.707616 18
      vertex -4.05949 -0.355159 18
    endloop
  endfacet
  facet normal 0 0 1
    outer loop
      vertex -6.97336 -0.610089 18
      vertex -4.05949 -0.355159 18
      vertex -4.075 0 18
    endloop
  endfacet
  facet normal 0 0 1
    outer loop
      vertex -3.6932 1.72217 18
      vertex -6.34415 2.95833 18
      vertex -3.82925 1.39373 18
    endloop
  endfacet
  facet normal 0 0 1
    outer loop
      vertex -2.61936 -3.12163 18
      vertex -4.49951 -5.36231 18
      vertex -4.01503 -5.73406 18
    endloop
  endfacet
  facet normal -0 0 1
    outer loop
      vertex -6.57785 2.39414 18
      vertex -3.82925 1.39373 18
      vertex -6.34415 2.95833 18
    endloop
  endfacet
  facet normal 0 0 1
    outer loop
      vertex -2.88146 -2.88146 18
      vertex -4.94975 -4.94975 18
      vertex -4.49951 -5.36231 18
    endloop
  endfacet
  facet normal 0 0 1
    outer loop
      vertex -3.82925 1.39373 18
      vertex -6.57785 2.39414 18
      vertex -3.93615 1.05469 18
    endloop
  endfacet
  facet normal 0 0 1
    outer loop
      vertex -3.12163 -2.61936 18
      vertex -5.36231 -4.49951 18
      vertex -4.94975 -4.94975 18
    endloop
  endfacet
  facet normal -0 0 1
    outer loop
      vertex -6.76148 1.81173 18
      vertex -3.93615 1.05469 18
      vertex -6.57785 2.39414 18
    endloop
  endfacet
  facet normal 0 0 1
    outer loop
      vertex -3.33804 -2.33732 18
      vertex -5.73406 -4.01503 18
      vertex -5.36231 -4.49951 18
    endloop
  endfacet
  facet normal 0 0 1
    outer loop
      vertex -3.93615 1.05469 18
      vertex -6.76148 1.81173 18
      vertex -4.01309 0.707616 18
    endloop
  endfacet
  facet normal 0 0 1
    outer loop
      vertex -3.52905 -2.0375 18
      vertex -6.06218 -3.5 18
      vertex -5.73406 -4.01503 18
    endloop
  endfacet
  facet normal -0 0 1
    outer loop
      vertex -6.89365 1.21554 18
      vertex -4.01309 0.707616 18
      vertex -6.76148 1.81173 18
    endloop
  endfacet
  facet normal 0 0 1
    outer loop
      vertex -3.6932 -1.72217 18
      vertex -6.34415 -2.95833 18
      vertex -6.06218 -3.5 18
    endloop
  endfacet
  facet normal 0 0 1
    outer loop
      vertex -4.01309 0.707616 18
      vertex -6.89365 1.21554 18
      vertex -4.05949 0.355159 18
    endloop
  endfacet
  facet normal 0 0 1
    outer loop
      vertex -3.82925 -1.39373 18
      vertex -6.57785 -2.39414 18
      vertex -6.34415 -2.95833 18
    endloop
  endfacet
  facet normal -0 0 1
    outer loop
      vertex -6.97336 0.610089 18
      vertex -4.05949 0.355159 18
      vertex -6.89365 1.21554 18
    endloop
  endfacet
  facet normal 0 0 1
    outer loop
      vertex -3.93615 -1.05469 18
      vertex -6.76148 -1.81173 18
      vertex -6.57785 -2.39414 18
    endloop
  endfacet
  facet normal 0 0 1
    outer loop
      vertex -4.05949 0.355159 18
      vertex -6.97336 0.610089 18
      vertex -4.075 0 18
    endloop
  endfacet
  facet normal 0 0 1
    outer loop
      vertex -4.01309 -0.707616 18
      vertex -6.89365 -1.21554 18
      vertex -6.76148 -1.81173 18
    endloop
  endfacet
  facet normal 0 0 1
    outer loop
      vertex -7 0 18
      vertex -4.075 0 18
      vertex -6.97336 0.610089 18
    endloop
  endfacet
  facet normal 0 0 1
    outer loop
      vertex -4.05949 -0.355159 18
      vertex -6.97336 -0.610089 18
      vertex -6.89365 -1.21554 18
    endloop
  endfacet
  facet normal 0 0 1
    outer loop
      vertex -4.075 0 18
      vertex -7 0 18
      vertex -6.97336 -0.610089 18
    endloop
  endfacet
  facet normal -0.843384 -0.537311 0
    outer loop
      vertex -5.73406 -4.01503 10
      vertex -6.06218 -3.5 18
      vertex -6.06218 -3.5 10
    endloop
  endfacet
  facet normal -0.843384 -0.537311 0
    outer loop
      vertex -6.06218 -3.5 18
      vertex -5.73406 -4.01503 10
      vertex -5.73406 -4.01503 18
    endloop
  endfacet
  facet normal -0.999048 -0.0436242 0
    outer loop
      vertex -6.97336 -0.610089 10
      vertex -7 0 18
      vertex -7 0 10
    endloop
  endfacet
  facet normal -0.999048 -0.0436242 0
    outer loop
      vertex -7 0 18
      vertex -6.97336 -0.610089 10
      vertex -6.97336 -0.610089 18
    endloop
  endfacet
  facet normal -0.999048 0.0436242 0
    outer loop
      vertex -7 0 10
      vertex -6.97336 0.610089 18
      vertex -6.97336 0.610089 10
    endloop
  endfacet
  facet normal -0.999048 0.0436242 0
    outer loop
      vertex -6.97336 0.610089 18
      vertex -7 0 10
      vertex -7 0 18
    endloop
  endfacet
  facet normal -0.38269 -0.923877 0
    outer loop
      vertex -2.95833 -6.34415 10
      vertex -2.39414 -6.57785 18
      vertex -2.95833 -6.34415 18
    endloop
  endfacet
  facet normal -0.38269 -0.923877 -0
    outer loop
      vertex -2.39414 -6.57785 18
      vertex -2.95833 -6.34415 10
      vertex -2.39414 -6.57785 10
    endloop
  endfacet
  facet normal -0.300701 -0.953718 0
    outer loop
      vertex -2.39414 -6.57785 10
      vertex -1.81173 -6.76148 18
      vertex -2.39414 -6.57785 18
    endloop
  endfacet
  facet normal -0.300701 -0.953718 -0
    outer loop
      vertex -1.81173 -6.76148 18
      vertex -2.39414 -6.57785 10
      vertex -1.81173 -6.76148 10
    endloop
  endfacet
  facet normal 0.38269 0.923877 -0
    outer loop
      vertex 2.95833 6.34415 10
      vertex 2.39414 6.57785 18
      vertex 2.95833 6.34415 18
    endloop
  endfacet
  facet normal 0.38269 0.923877 0
    outer loop
      vertex 2.39414 6.57785 18
      vertex 2.95833 6.34415 10
      vertex 2.39414 6.57785 10
    endloop
  endfacet
  facet normal -0.216436 -0.976297 0
    outer loop
      vertex -1.81173 -6.76148 10
      vertex -1.21554 -6.89365 18
      vertex -1.81173 -6.76148 18
    endloop
  endfacet
  facet normal -0.216436 -0.976297 -0
    outer loop
      vertex -1.21554 -6.89365 18
      vertex -1.81173 -6.76148 10
      vertex -1.21554 -6.89365 10
    endloop
  endfacet
  facet normal 0.675582 -0.737285 0
    outer loop
      vertex 4.49951 -5.36231 10
      vertex 4.94975 -4.94975 18
      vertex 4.49951 -5.36231 18
    endloop
  endfacet
  facet normal 0.675582 -0.737285 0
    outer loop
      vertex 4.94975 -4.94975 18
      vertex 4.49951 -5.36231 10
      vertex 4.94975 -4.94975 10
    endloop
  endfacet
  facet normal 0.608757 -0.793357 0
    outer loop
      vertex 4.01503 -5.73406 10
      vertex 4.49951 -5.36231 18
      vertex 4.01503 -5.73406 18
    endloop
  endfacet
  facet normal 0.608757 -0.793357 0
    outer loop
      vertex 4.49951 -5.36231 18
      vertex 4.01503 -5.73406 10
      vertex 4.49951 -5.36231 10
    endloop
  endfacet
  facet normal 0.130528 0.991445 -0
    outer loop
      vertex 1.21554 6.89365 10
      vertex 0.610089 6.97336 18
      vertex 1.21554 6.89365 18
    endloop
  endfacet
  facet normal 0.130528 0.991445 0
    outer loop
      vertex 0.610089 6.97336 18
      vertex 1.21554 6.89365 10
      vertex 0.610089 6.97336 10
    endloop
  endfacet
  facet normal -0.887015 0.461741 0
    outer loop
      vertex -6.34415 2.95833 10
      vertex -6.06218 3.5 18
      vertex -6.06218 3.5 10
    endloop
  endfacet
  facet normal -0.887015 0.461741 0
    outer loop
      vertex -6.06218 3.5 18
      vertex -6.34415 2.95833 10
      vertex -6.34415 2.95833 18
    endloop
  endfacet
  facet normal 0.737265 -0.675604 0
    outer loop
      vertex 10.6066 -10.6066 3
      vertex 11.4907 -9.64181 0
      vertex 11.4907 -9.64181 3
    endloop
  endfacet
  facet normal 0.737265 -0.675604 0
    outer loop
      vertex 11.4907 -9.64181 0
      vertex 10.6066 -10.6066 3
      vertex 10.6066 -10.6066 0
    endloop
  endfacet
  facet normal 0.991445 0.130524 0
    outer loop
      vertex 14.9429 1.30734 3
      vertex 14.7721 2.60472 0
      vertex 14.7721 2.60472 3
    endloop
  endfacet
  facet normal 0.991445 0.130524 0
    outer loop
      vertex 14.7721 2.60472 0
      vertex 14.9429 1.30734 3
      vertex 14.9429 1.30734 0
    endloop
  endfacet
  facet normal 0.999048 0.0436349 0
    outer loop
      vertex 15 0 3
      vertex 14.9429 1.30734 0
      vertex 14.9429 1.30734 3
    endloop
  endfacet
  facet normal 0.999048 0.0436349 0
    outer loop
      vertex 14.9429 1.30734 0
      vertex 15 0 3
      vertex 15 0 0
    endloop
  endfacet
  facet normal 0.976301 0.216417 0
    outer loop
      vertex 14.7721 2.60472 3
      vertex 14.4889 3.88229 0
      vertex 14.4889 3.88229 3
    endloop
  endfacet
  facet normal 0.976301 0.216417 0
    outer loop
      vertex 14.4889 3.88229 0
      vertex 14.7721 2.60472 3
      vertex 14.7721 2.60472 0
    endloop
  endfacet
  facet normal 0.537298 -0.843392 0
    outer loop
      vertex 7.5 -12.9904 0
      vertex 8.60365 -12.2873 3
      vertex 7.5 -12.9904 3
    endloop
  endfacet
  facet normal 0.537298 -0.843392 0
    outer loop
      vertex 8.60365 -12.2873 3
      vertex 7.5 -12.9904 0
      vertex 8.60365 -12.2873 0
    endloop
  endfacet
  facet normal 0.461726 -0.887023 0
    outer loop
      vertex 6.33927 -13.5946 0
      vertex 7.5 -12.9904 3
      vertex 6.33927 -13.5946 3
    endloop
  endfacet
  facet normal 0.461726 -0.887023 0
    outer loop
      vertex 7.5 -12.9904 3
      vertex 6.33927 -13.5946 0
      vertex 7.5 -12.9904 0
    endloop
  endfacet
  facet normal 0.216417 -0.976301 0
    outer loop
      vertex 2.60472 -14.7721 0
      vertex 3.88229 -14.4889 3
      vertex 2.60472 -14.7721 3
    endloop
  endfacet
  facet normal 0.216417 -0.976301 0
    outer loop
      vertex 3.88229 -14.4889 3
      vertex 2.60472 -14.7721 0
      vertex 3.88229 -14.4889 0
    endloop
  endfacet
  facet normal -0.130524 0.991445 0
    outer loop
      vertex -1.30734 14.9429 0
      vertex -2.60472 14.7721 3
      vertex -1.30734 14.9429 3
    endloop
  endfacet
  facet normal -0.130524 0.991445 0
    outer loop
      vertex -2.60472 14.7721 3
      vertex -1.30734 14.9429 0
      vertex -2.60472 14.7721 0
    endloop
  endfacet
  facet normal -0.843392 0.537298 0
    outer loop
      vertex -12.9904 7.5 0
      vertex -12.2873 8.60365 3
      vertex -12.2873 8.60365 0
    endloop
  endfacet
  facet normal -0.843392 0.537298 0
    outer loop
      vertex -12.2873 8.60365 3
      vertex -12.9904 7.5 0
      vertex -12.9904 7.5 3
    endloop
  endfacet
  facet normal -0.382702 0.923872 0
    outer loop
      vertex -5.1303 14.0954 0
      vertex -6.33927 13.5946 3
      vertex -5.1303 14.0954 3
    endloop
  endfacet
  facet normal -0.382702 0.923872 0
    outer loop
      vertex -6.33927 13.5946 3
      vertex -5.1303 14.0954 0
      vertex -6.33927 13.5946 0
    endloop
  endfacet
  facet normal 0.608757 0.793356 -0
    outer loop
      vertex 9.64181 11.4907 0
      vertex 8.60365 12.2873 3
      vertex 9.64181 11.4907 3
    endloop
  endfacet
  facet normal 0.608757 0.793356 0
    outer loop
      vertex 8.60365 12.2873 3
      vertex 9.64181 11.4907 0
      vertex 8.60365 12.2873 0
    endloop
  endfacet
  facet normal 0.216417 0.976301 -0
    outer loop
      vertex 3.88229 14.4889 0
      vertex 2.60472 14.7721 3
      vertex 3.88229 14.4889 3
    endloop
  endfacet
  facet normal 0.216417 0.976301 0
    outer loop
      vertex 2.60472 14.7721 3
      vertex 3.88229 14.4889 0
      vertex 2.60472 14.7721 0
    endloop
  endfacet
  facet normal -0.923872 -0.382702 0
    outer loop
      vertex -13.5946 -6.33927 0
      vertex -14.0954 -5.1303 3
      vertex -14.0954 -5.1303 0
    endloop
  endfacet
  facet normal -0.923872 -0.382702 0
    outer loop
      vertex -14.0954 -5.1303 3
      vertex -13.5946 -6.33927 0
      vertex -13.5946 -6.33927 3
    endloop
  endfacet
  facet normal -0.737265 -0.675604 0
    outer loop
      vertex -10.6066 -10.6066 0
      vertex -11.4907 -9.64181 3
      vertex -11.4907 -9.64181 0
    endloop
  endfacet
  facet normal -0.737265 -0.675604 0
    outer loop
      vertex -11.4907 -9.64181 3
      vertex -10.6066 -10.6066 0
      vertex -10.6066 -10.6066 3
    endloop
  endfacet
  facet normal 0.461726 0.887023 -0
    outer loop
      vertex 7.5 12.9904 0
      vertex 6.33927 13.5946 3
      vertex 7.5 12.9904 3
    endloop
  endfacet
  facet normal 0.461726 0.887023 0
    outer loop
      vertex 6.33927 13.5946 3
      vertex 7.5 12.9904 0
      vertex 6.33927 13.5946 0
    endloop
  endfacet
  facet normal 0.537298 0.843392 -0
    outer loop
      vertex 8.60365 12.2873 0
      vertex 7.5 12.9904 3
      vertex 8.60365 12.2873 3
    endloop
  endfacet
  facet normal 0.537298 0.843392 0
    outer loop
      vertex 7.5 12.9904 3
      vertex 8.60365 12.2873 0
      vertex 7.5 12.9904 0
    endloop
  endfacet
  facet normal -0.537298 0.843392 0
    outer loop
      vertex -7.5 12.9904 0
      vertex -8.60365 12.2873 3
      vertex -7.5 12.9904 3
    endloop
  endfacet
  facet normal -0.537298 0.843392 0
    outer loop
      vertex -8.60365 12.2873 3
      vertex -7.5 12.9904 0
      vertex -8.60365 12.2873 0
    endloop
  endfacet
  facet normal 0.953716 -0.300709 0
    outer loop
      vertex 14.0954 -5.1303 3
      vertex 14.4889 -3.88229 0
      vertex 14.4889 -3.88229 3
    endloop
  endfacet
  facet normal 0.953716 -0.300709 0
    outer loop
      vertex 14.4889 -3.88229 0
      vertex 14.0954 -5.1303 3
      vertex 14.0954 -5.1303 0
    endloop
  endfacet
  facet normal -0.675604 0.737265 0
    outer loop
      vertex -9.64181 11.4907 0
      vertex -10.6066 10.6066 3
      vertex -9.64181 11.4907 3
    endloop
  endfacet
  facet normal -0.675604 0.737265 0
    outer loop
      vertex -10.6066 10.6066 3
      vertex -9.64181 11.4907 0
      vertex -10.6066 10.6066 0
    endloop
  endfacet
  facet normal 0.300709 -0.953716 0
    outer loop
      vertex 3.88229 -14.4889 0
      vertex 5.1303 -14.0954 3
      vertex 3.88229 -14.4889 3
    endloop
  endfacet
  facet normal 0.300709 -0.953716 0
    outer loop
      vertex 5.1303 -14.0954 3
      vertex 3.88229 -14.4889 0
      vertex 5.1303 -14.0954 0
    endloop
  endfacet
  facet normal 0.130524 -0.991445 0
    outer loop
      vertex 1.30734 -14.9429 0
      vertex 2.60472 -14.7721 3
      vertex 1.30734 -14.9429 3
    endloop
  endfacet
  facet normal 0.130524 -0.991445 0
    outer loop
      vertex 2.60472 -14.7721 3
      vertex 1.30734 -14.9429 0
      vertex 2.60472 -14.7721 0
    endloop
  endfacet
  facet normal -0.675604 -0.737265 0
    outer loop
      vertex -10.6066 -10.6066 0
      vertex -9.64181 -11.4907 3
      vertex -10.6066 -10.6066 3
    endloop
  endfacet
  facet normal -0.675604 -0.737265 -0
    outer loop
      vertex -9.64181 -11.4907 3
      vertex -10.6066 -10.6066 0
      vertex -9.64181 -11.4907 0
    endloop
  endfacet
  facet normal 0.0436349 -0.999048 0
    outer loop
      vertex 0 -15 0
      vertex 1.30734 -14.9429 3
      vertex 0 -15 3
    endloop
  endfacet
  facet normal 0.0436349 -0.999048 0
    outer loop
      vertex 1.30734 -14.9429 3
      vertex 0 -15 0
      vertex 1.30734 -14.9429 0
    endloop
  endfacet
  facet normal -0.976301 0.216417 0
    outer loop
      vertex -14.7721 2.60472 0
      vertex -14.4889 3.88229 3
      vertex -14.4889 3.88229 0
    endloop
  endfacet
  facet normal -0.976301 0.216417 0
    outer loop
      vertex -14.4889 3.88229 3
      vertex -14.7721 2.60472 0
      vertex -14.7721 2.60472 3
    endloop
  endfacet
  facet normal -0.461726 0.887023 0
    outer loop
      vertex -6.33927 13.5946 0
      vertex -7.5 12.9904 3
      vertex -6.33927 13.5946 3
    endloop
  endfacet
  facet normal -0.461726 0.887023 0
    outer loop
      vertex -7.5 12.9904 3
      vertex -6.33927 13.5946 0
      vertex -7.5 12.9904 0
    endloop
  endfacet
  facet normal 0.843392 0.537298 0
    outer loop
      vertex 12.9904 7.5 3
      vertex 12.2873 8.60365 0
      vertex 12.2873 8.60365 3
    endloop
  endfacet
  facet normal 0.843392 0.537298 0
    outer loop
      vertex 12.2873 8.60365 0
      vertex 12.9904 7.5 3
      vertex 12.9904 7.5 0
    endloop
  endfacet
  facet normal 0.0436349 0.999048 -0
    outer loop
      vertex 1.30734 14.9429 0
      vertex 0 15 3
      vertex 1.30734 14.9429 3
    endloop
  endfacet
  facet normal 0.0436349 0.999048 0
    outer loop
      vertex 0 15 3
      vertex 1.30734 14.9429 0
      vertex 0 15 0
    endloop
  endfacet
  facet normal -0.216417 0.976301 0
    outer loop
      vertex -2.60472 14.7721 0
      vertex -3.88229 14.4889 3
      vertex -2.60472 14.7721 3
    endloop
  endfacet
  facet normal -0.216417 0.976301 0
    outer loop
      vertex -3.88229 14.4889 3
      vertex -2.60472 14.7721 0
      vertex -3.88229 14.4889 0
    endloop
  endfacet
  facet normal 0.976301 -0.216417 0
    outer loop
      vertex 14.4889 -3.88229 3
      vertex 14.7721 -2.60472 0
      vertex 14.7721 -2.60472 3
    endloop
  endfacet
  facet normal 0.976301 -0.216417 0
    outer loop
      vertex 14.7721 -2.60472 0
      vertex 14.4889 -3.88229 3
      vertex 14.4889 -3.88229 0
    endloop
  endfacet
  facet normal -0.0436349 0.999048 0
    outer loop
      vertex 0 15 0
      vertex -1.30734 14.9429 3
      vertex 0 15 3
    endloop
  endfacet
  facet normal -0.0436349 0.999048 0
    outer loop
      vertex -1.30734 14.9429 3
      vertex 0 15 0
      vertex -1.30734 14.9429 0
    endloop
  endfacet
  facet normal 0.793356 -0.608757 0
    outer loop
      vertex 11.4907 -9.64181 3
      vertex 12.2873 -8.60365 0
      vertex 12.2873 -8.60365 3
    endloop
  endfacet
  facet normal 0.793356 -0.608757 0
    outer loop
      vertex 12.2873 -8.60365 0
      vertex 11.4907 -9.64181 3
      vertex 11.4907 -9.64181 0
    endloop
  endfacet
  facet normal 0.675604 0.737265 -0
    outer loop
      vertex 10.6066 10.6066 0
      vertex 9.64181 11.4907 3
      vertex 10.6066 10.6066 3
    endloop
  endfacet
  facet normal 0.675604 0.737265 0
    outer loop
      vertex 9.64181 11.4907 3
      vertex 10.6066 10.6066 0
      vertex 9.64181 11.4907 0
    endloop
  endfacet
  facet normal 0.887023 -0.461726 0
    outer loop
      vertex 12.9904 -7.5 3
      vertex 13.5946 -6.33927 0
      vertex 13.5946 -6.33927 3
    endloop
  endfacet
  facet normal 0.887023 -0.461726 0
    outer loop
      vertex 13.5946 -6.33927 0
      vertex 12.9904 -7.5 3
      vertex 12.9904 -7.5 0
    endloop
  endfacet
  facet normal -0.537298 -0.843392 0
    outer loop
      vertex -8.60365 -12.2873 0
      vertex -7.5 -12.9904 3
      vertex -8.60365 -12.2873 3
    endloop
  endfacet
  facet normal -0.537298 -0.843392 -0
    outer loop
      vertex -7.5 -12.9904 3
      vertex -8.60365 -12.2873 0
      vertex -7.5 -12.9904 0
    endloop
  endfacet
  facet normal -0.737265 0.675604 0
    outer loop
      vertex -11.4907 9.64181 0
      vertex -10.6066 10.6066 3
      vertex -10.6066 10.6066 0
    endloop
  endfacet
  facet normal -0.737265 0.675604 0
    outer loop
      vertex -10.6066 10.6066 3
      vertex -11.4907 9.64181 0
      vertex -11.4907 9.64181 3
    endloop
  endfacet
  facet normal 0.953716 0.300709 0
    outer loop
      vertex 14.4889 3.88229 3
      vertex 14.0954 5.1303 0
      vertex 14.0954 5.1303 3
    endloop
  endfacet
  facet normal 0.953716 0.300709 0
    outer loop
      vertex 14.0954 5.1303 0
      vertex 14.4889 3.88229 3
      vertex 14.4889 3.88229 0
    endloop
  endfacet
  facet normal 0.843392 -0.537298 0
    outer loop
      vertex 12.2873 -8.60365 3
      vertex 12.9904 -7.5 0
      vertex 12.9904 -7.5 3
    endloop
  endfacet
  facet normal 0.843392 -0.537298 0
    outer loop
      vertex 12.9904 -7.5 0
      vertex 12.2873 -8.60365 3
      vertex 12.2873 -8.60365 0
    endloop
  endfacet
  facet normal -0.953716 0.300709 0
    outer loop
      vertex -14.4889 3.88229 0
      vertex -14.0954 5.1303 3
      vertex -14.0954 5.1303 0
    endloop
  endfacet
  facet normal -0.953716 0.300709 0
    outer loop
      vertex -14.0954 5.1303 3
      vertex -14.4889 3.88229 0
      vertex -14.4889 3.88229 3
    endloop
  endfacet
  facet normal -0.608757 0.793356 0
    outer loop
      vertex -8.60365 12.2873 0
      vertex -9.64181 11.4907 3
      vertex -8.60365 12.2873 3
    endloop
  endfacet
  facet normal -0.608757 0.793356 0
    outer loop
      vertex -9.64181 11.4907 3
      vertex -8.60365 12.2873 0
      vertex -9.64181 11.4907 0
    endloop
  endfacet
  facet normal 0.991445 -0.130524 0
    outer loop
      vertex 14.7721 -2.60472 3
      vertex 14.9429 -1.30734 0
      vertex 14.9429 -1.30734 3
    endloop
  endfacet
  facet normal 0.991445 -0.130524 0
    outer loop
      vertex 14.9429 -1.30734 0
      vertex 14.7721 -2.60472 3
      vertex 14.7721 -2.60472 0
    endloop
  endfacet
  facet normal 0.999048 -0.0436349 0
    outer loop
      vertex 14.9429 -1.30734 3
      vertex 15 0 0
      vertex 15 0 3
    endloop
  endfacet
  facet normal 0.999048 -0.0436349 0
    outer loop
      vertex 15 0 0
      vertex 14.9429 -1.30734 3
      vertex 14.9429 -1.30734 0
    endloop
  endfacet
  facet normal -0.991445 0.130524 0
    outer loop
      vertex -14.9429 1.30734 0
      vertex -14.7721 2.60472 3
      vertex -14.7721 2.60472 0
    endloop
  endfacet
  facet normal -0.991445 0.130524 0
    outer loop
      vertex -14.7721 2.60472 3
      vertex -14.9429 1.30734 0
      vertex -14.9429 1.30734 3
    endloop
  endfacet
  facet normal 0.923872 0.382702 0
    outer loop
      vertex 14.0954 5.1303 3
      vertex 13.5946 6.33927 0
      vertex 13.5946 6.33927 3
    endloop
  endfacet
  facet normal 0.923872 0.382702 0
    outer loop
      vertex 13.5946 6.33927 0
      vertex 14.0954 5.1303 3
      vertex 14.0954 5.1303 0
    endloop
  endfacet
  facet normal -0.976301 -0.216417 0
    outer loop
      vertex -14.4889 -3.88229 0
      vertex -14.7721 -2.60472 3
      vertex -14.7721 -2.60472 0
    endloop
  endfacet
  facet normal -0.976301 -0.216417 0
    outer loop
      vertex -14.7721 -2.60472 3
      vertex -14.4889 -3.88229 0
      vertex -14.4889 -3.88229 3
    endloop
  endfacet
  facet normal 0.887023 0.461726 0
    outer loop
      vertex 13.5946 6.33927 3
      vertex 12.9904 7.5 0
      vertex 12.9904 7.5 3
    endloop
  endfacet
  facet normal 0.887023 0.461726 0
    outer loop
      vertex 12.9904 7.5 0
      vertex 13.5946 6.33927 3
      vertex 13.5946 6.33927 0
    endloop
  endfacet
  facet normal -0.793356 0.608757 0
    outer loop
      vertex -12.2873 8.60365 0
      vertex -11.4907 9.64181 3
      vertex -11.4907 9.64181 0
    endloop
  endfacet
  facet normal -0.793356 0.608757 0
    outer loop
      vertex -11.4907 9.64181 3
      vertex -12.2873 8.60365 0
      vertex -12.2873 8.60365 3
    endloop
  endfacet
  facet normal -0.887023 -0.461726 0
    outer loop
      vertex -12.9904 -7.5 0
      vertex -13.5946 -6.33927 3
      vertex -13.5946 -6.33927 0
    endloop
  endfacet
  facet normal -0.887023 -0.461726 0
    outer loop
      vertex -13.5946 -6.33927 3
      vertex -12.9904 -7.5 0
      vertex -12.9904 -7.5 3
    endloop
  endfacet
  facet normal 0.382702 -0.923872 0
    outer loop
      vertex 5.1303 -14.0954 0
      vertex 6.33927 -13.5946 3
      vertex 5.1303 -14.0954 3
    endloop
  endfacet
  facet normal 0.382702 -0.923872 0
    outer loop
      vertex 6.33927 -13.5946 3
      vertex 5.1303 -14.0954 0
      vertex 6.33927 -13.5946 0
    endloop
  endfacet
  facet normal -0.608757 -0.793356 0
    outer loop
      vertex -9.64181 -11.4907 0
      vertex -8.60365 -12.2873 3
      vertex -9.64181 -11.4907 3
    endloop
  endfacet
  facet normal -0.608757 -0.793356 -0
    outer loop
      vertex -8.60365 -12.2873 3
      vertex -9.64181 -11.4907 0
      vertex -8.60365 -12.2873 0
    endloop
  endfacet
  facet normal -0.300709 0.953716 0
    outer loop
      vertex -3.88229 14.4889 0
      vertex -5.1303 14.0954 3
      vertex -3.88229 14.4889 3
    endloop
  endfacet
  facet normal -0.300709 0.953716 0
    outer loop
      vertex -5.1303 14.0954 3
      vertex -3.88229 14.4889 0
      vertex -5.1303 14.0954 0
    endloop
  endfacet
  facet normal 0.737265 0.675604 0
    outer loop
      vertex 11.4907 9.64181 3
      vertex 10.6066 10.6066 0
      vertex 10.6066 10.6066 3
    endloop
  endfacet
  facet normal 0.737265 0.675604 0
    outer loop
      vertex 10.6066 10.6066 0
      vertex 11.4907 9.64181 3
      vertex 11.4907 9.64181 0
    endloop
  endfacet
  facet normal -0.953716 -0.300709 0
    outer loop
      vertex -14.0954 -5.1303 0
      vertex -14.4889 -3.88229 3
      vertex -14.4889 -3.88229 0
    endloop
  endfacet
  facet normal -0.953716 -0.300709 0
    outer loop
      vertex -14.4889 -3.88229 3
      vertex -14.0954 -5.1303 0
      vertex -14.0954 -5.1303 3
    endloop
  endfacet
  facet normal -0.793356 -0.608757 0
    outer loop
      vertex -11.4907 -9.64181 0
      vertex -12.2873 -8.60365 3
      vertex -12.2873 -8.60365 0
    endloop
  endfacet
  facet normal -0.793356 -0.608757 0
    outer loop
      vertex -12.2873 -8.60365 3
      vertex -11.4907 -9.64181 0
      vertex -11.4907 -9.64181 3
    endloop
  endfacet
  facet normal -0.0436349 -0.999048 0
    outer loop
      vertex -1.30734 -14.9429 0
      vertex 0 -15 3
      vertex -1.30734 -14.9429 3
    endloop
  endfacet
  facet normal -0.0436349 -0.999048 -0
    outer loop
      vertex 0 -15 3
      vertex -1.30734 -14.9429 0
      vertex 0 -15 0
    endloop
  endfacet
  facet normal -0.461726 -0.887023 0
    outer loop
      vertex -7.5 -12.9904 0
      vertex -6.33927 -13.5946 3
      vertex -7.5 -12.9904 3
    endloop
  endfacet
  facet normal -0.461726 -0.887023 -0
    outer loop
      vertex -6.33927 -13.5946 3
      vertex -7.5 -12.9904 0
      vertex -6.33927 -13.5946 0
    endloop
  endfacet
  facet normal -0.130524 -0.991445 0
    outer loop
      vertex -2.60472 -14.7721 0
      vertex -1.30734 -14.9429 3
      vertex -2.60472 -14.7721 3
    endloop
  endfacet
  facet normal -0.130524 -0.991445 -0
    outer loop
      vertex -1.30734 -14.9429 3
      vertex -2.60472 -14.7721 0
      vertex -1.30734 -14.9429 0
    endloop
  endfacet
  facet normal 0.923872 -0.382702 0
    outer loop
      vertex 13.5946 -6.33927 3
      vertex 14.0954 -5.1303 0
      vertex 14.0954 -5.1303 3
    endloop
  endfacet
  facet normal 0.923872 -0.382702 0
    outer loop
      vertex 14.0954 -5.1303 0
      vertex 13.5946 -6.33927 3
      vertex 13.5946 -6.33927 0
    endloop
  endfacet
  facet normal -0.923872 0.382702 0
    outer loop
      vertex -14.0954 5.1303 0
      vertex -13.5946 6.33927 3
      vertex -13.5946 6.33927 0
    endloop
  endfacet
  facet normal -0.923872 0.382702 0
    outer loop
      vertex -13.5946 6.33927 3
      vertex -14.0954 5.1303 0
      vertex -14.0954 5.1303 3
    endloop
  endfacet
  facet normal 0.300709 0.953716 -0
    outer loop
      vertex 5.1303 14.0954 0
      vertex 3.88229 14.4889 3
      vertex 5.1303 14.0954 3
    endloop
  endfacet
  facet normal 0.300709 0.953716 0
    outer loop
      vertex 3.88229 14.4889 3
      vertex 5.1303 14.0954 0
      vertex 3.88229 14.4889 0
    endloop
  endfacet
  facet normal 0.793356 0.608757 0
    outer loop
      vertex 12.2873 8.60365 3
      vertex 11.4907 9.64181 0
      vertex 11.4907 9.64181 3
    endloop
  endfacet
  facet normal 0.793356 0.608757 0
    outer loop
      vertex 11.4907 9.64181 0
      vertex 12.2873 8.60365 3
      vertex 12.2873 8.60365 0
    endloop
  endfacet
  facet normal 0 0 1
    outer loop
      vertex -10.6066 -10.6066 3
      vertex -7.67417 -10.0971 3
      vertex -8.48528 -8.48528 3
    endloop
  endfacet
  facet normal 0 0 1
    outer loop
      vertex -7.64207 -9.95231 3
      vertex -8.48528 -8.48528 3
      vertex -7.67417 -10.0971 3
    endloop
  endfacet
  facet normal 0 0 1
    outer loop
      vertex -8.48528 -8.48528 3
      vertex -7.64207 -9.95231 3
      vertex -7.71345 -9.19253 3
    endloop
  endfacet
  facet normal 0 0 1
    outer loop
      vertex -7.59748 -9.81087 3
      vertex -7.71345 -9.19253 3
      vertex -7.64207 -9.95231 3
    endloop
  endfacet
  facet normal 0 0 1
    outer loop
      vertex -7.54072 -9.67385 3
      vertex -7.71345 -9.19253 3
      vertex -7.59748 -9.81087 3
    endloop
  endfacet
  facet normal 0 0 1
    outer loop
      vertex -7.47224 -9.5423 3
      vertex -7.71345 -9.19253 3
      vertex -7.54072 -9.67385 3
    endloop
  endfacet
  facet normal 0 0 1
    outer loop
      vertex -7.71345 -9.19253 3
      vertex -7.47224 -9.5423 3
      vertex -7.40177 -9.43169 3
    endloop
  endfacet
  facet normal 0 0 1
    outer loop
      vertex 9.64181 -11.4907 3
      vertex 7.69353 -10.2441 3
      vertex 7.7 -10.3923 3
    endloop
  endfacet
  facet normal 0 0 1
    outer loop
      vertex 8.48528 -8.48528 3
      vertex 7.67417 -10.0971 3
      vertex 7.69353 -10.2441 3
    endloop
  endfacet
  facet normal 0 0 1
    outer loop
      vertex 8.48528 -8.48528 3
      vertex 7.64207 -9.95231 3
      vertex 7.67417 -10.0971 3
    endloop
  endfacet
  facet normal 0 0 1
    outer loop
      vertex 7.71345 -9.19253 3
      vertex 7.59748 -9.81087 3
      vertex 7.64207 -9.95231 3
    endloop
  endfacet
  facet normal 0 0 1
    outer loop
      vertex 7.71345 -9.19253 3
      vertex 7.54072 -9.67385 3
      vertex 7.59748 -9.81087 3
    endloop
  endfacet
  facet normal 0 0 1
    outer loop
      vertex 7.71345 -9.19253 3
      vertex 7.47224 -9.5423 3
      vertex 7.54072 -9.67385 3
    endloop
  endfacet
  facet normal 0 -0 1
    outer loop
      vertex 7.47224 -9.5423 3
      vertex 7.71345 -9.19253 3
      vertex 7.40177 -9.43169 3
    endloop
  endfacet
  facet normal -0 0 1
    outer loop
      vertex 13.6421 0.439992 3
      vertex 15 0 3
      vertex 14.9429 1.30734 3
    endloop
  endfacet
  facet normal 0 0 1
    outer loop
      vertex 13.3023 1.09274 3
      vertex 14.9429 1.30734 3
      vertex 14.7721 2.60472 3
    endloop
  endfacet
  facet normal 0 0 1
    outer loop
      vertex 15 0 3
      vertex 13.6742 0.295201 3
      vertex 13.6935 0.148165 3
    endloop
  endfacet
  facet normal 0 0 1
    outer loop
      vertex 12.7185 1.54072 3
      vertex 14.7721 2.60472 3
      vertex 14.4889 3.88229 3
    endloop
  endfacet
  facet normal 0 0 1
    outer loop
      vertex 13.6935 -0.148165 3
      vertex 15 0 3
      vertex 13.7 0 3
    endloop
  endfacet
  facet normal 0 0 1
    outer loop
      vertex 11.5911 3.10583 3
      vertex 14.4889 3.88229 3
      vertex 14.0954 5.1303 3
    endloop
  endfacet
  facet normal 0 0 1
    outer loop
      vertex 13.6742 -0.295201 3
      vertex 15 0 3
      vertex 13.6935 -0.148165 3
    endloop
  endfacet
  facet normal 0 0 1
    outer loop
      vertex 15 0 3
      vertex 13.6421 -0.439992 3
      vertex 14.9429 -1.30734 3
    endloop
  endfacet
  facet normal 0 0 1
    outer loop
      vertex 13.6421 -0.439992 3
      vertex 15 0 3
      vertex 13.6742 -0.295201 3
    endloop
  endfacet
  facet normal 0 0 1
    outer loop
      vertex 15 0 3
      vertex 13.6935 0.148165 3
      vertex 13.7 0 3
    endloop
  endfacet
  facet normal 0 0 1
    outer loop
      vertex 15 0 3
      vertex 13.6421 0.439992 3
      vertex 13.6742 0.295201 3
    endloop
  endfacet
  facet normal 0 0 1
    outer loop
      vertex 14.9429 1.30734 3
      vertex 13.5975 0.581433 3
      vertex 13.6421 0.439992 3
    endloop
  endfacet
  facet normal 0 0 1
    outer loop
      vertex 11.2763 4.10424 3
      vertex 14.0954 5.1303 3
      vertex 13.5946 6.33927 3
    endloop
  endfacet
  facet normal 0 0 1
    outer loop
      vertex 14.9429 1.30734 3
      vertex 13.5407 0.718451 3
      vertex 13.5975 0.581433 3
    endloop
  endfacet
  facet normal 0 0 1
    outer loop
      vertex 14.9429 1.30734 3
      vertex 13.4722 0.849999 3
      vertex 13.5407 0.718451 3
    endloop
  endfacet
  facet normal 0 0 1
    outer loop
      vertex 14.9429 1.30734 3
      vertex 13.3926 0.97508 3
      vertex 13.4722 0.849999 3
    endloop
  endfacet
  facet normal 0 0 1
    outer loop
      vertex 14.9429 1.30734 3
      vertex 13.3023 1.09274 3
      vertex 13.3926 0.97508 3
    endloop
  endfacet
  facet normal 0 0 1
    outer loop
      vertex 14.7721 2.60472 3
      vertex 13.2021 1.20208 3
      vertex 13.3023 1.09274 3
    endloop
  endfacet
  facet normal 0 0 1
    outer loop
      vertex 14.7721 2.60472 3
      vertex 13.0927 1.30227 3
      vertex 13.2021 1.20208 3
    endloop
  endfacet
  facet normal 0 0 1
    outer loop
      vertex 10.8757 5.07142 3
      vertex 13.5946 6.33927 3
      vertex 12.9904 7.5 3
    endloop
  endfacet
  facet normal 0 0 1
    outer loop
      vertex 14.7721 2.60472 3
      vertex 12.9751 1.39256 3
      vertex 13.0927 1.30227 3
    endloop
  endfacet
  facet normal 0 -0 1
    outer loop
      vertex 12.5814 1.59748 3
      vertex 14.4889 3.88229 3
      vertex 11.5911 3.10583 3
    endloop
  endfacet
  facet normal 0 0 1
    outer loop
      vertex 14.7721 2.60472 3
      vertex 12.85 1.47224 3
      vertex 12.9751 1.39256 3
    endloop
  endfacet
  facet normal 0 0 1
    outer loop
      vertex 14.7721 2.60472 3
      vertex 12.7185 1.54072 3
      vertex 12.85 1.47224 3
    endloop
  endfacet
  facet normal 0 0 1
    outer loop
      vertex 14.4889 3.88229 3
      vertex 12.5814 1.59748 3
      vertex 12.7185 1.54072 3
    endloop
  endfacet
  facet normal 0 0 1
    outer loop
      vertex 12.5814 1.59748 3
      vertex 11.5911 3.10583 3
      vertex 12.44 1.64207 3
    endloop
  endfacet
  facet normal 0 0 1
    outer loop
      vertex 10.3923 6 3
      vertex 12.9904 7.5 3
      vertex 12.2873 8.60365 3
    endloop
  endfacet
  facet normal -0 -0 1
    outer loop
      vertex 11.8177 2.08378 3
      vertex 12.44 1.64207 3
      vertex 11.5911 3.10583 3
    endloop
  endfacet
  facet normal 0 0 1
    outer loop
      vertex 12.44 1.64207 3
      vertex 11.8177 2.08378 3
      vertex 12.2952 1.67417 3
    endloop
  endfacet
  facet normal 0 0 1
    outer loop
      vertex 12.2952 1.67417 3
      vertex 11.8177 2.08378 3
      vertex 12.1482 1.69353 3
    endloop
  endfacet
  facet normal 0 0 1
    outer loop
      vertex 12 1.7 3
      vertex 11.8177 2.08378 3
      vertex 11.869 1.69428 3
    endloop
  endfacet
  facet normal 0 0 1
    outer loop
      vertex 12.1482 1.69353 3
      vertex 11.8177 2.08378 3
      vertex 12 1.7 3
    endloop
  endfacet
  facet normal 0 0 1
    outer loop
      vertex 9.82982 6.88292 3
      vertex 12.2873 8.60365 3
      vertex 11.4907 9.64181 3
    endloop
  endfacet
  facet normal 0 0 1
    outer loop
      vertex 14.0954 5.1303 3
      vertex 11.2763 4.10424 3
      vertex 11.5911 3.10583 3
    endloop
  endfacet
  facet normal 0 0 1
    outer loop
      vertex 13.5946 6.33927 3
      vertex 10.8757 5.07142 3
      vertex 11.2763 4.10424 3
    endloop
  endfacet
  facet normal 0 0 1
    outer loop
      vertex 9.19253 7.71345 3
      vertex 11.4907 9.64181 3
      vertex 10.6066 10.6066 3
    endloop
  endfacet
  facet normal 0 0 1
    outer loop
      vertex 12.9904 7.5 3
      vertex 10.3923 6 3
      vertex 10.8757 5.07142 3
    endloop
  endfacet
  facet normal 0 0 1
    outer loop
      vertex 12.2873 8.60365 3
      vertex 9.82982 6.88292 3
      vertex 10.3923 6 3
    endloop
  endfacet
  facet normal 0 0 1
    outer loop
      vertex 7.69353 10.2441 3
      vertex 10.6066 10.6066 3
      vertex 9.64181 11.4907 3
    endloop
  endfacet
  facet normal 0 0 1
    outer loop
      vertex 11.4907 9.64181 3
      vertex 9.19253 7.71345 3
      vertex 9.82982 6.88292 3
    endloop
  endfacet
  facet normal 0 0 1
    outer loop
      vertex 7.59748 10.9737 3
      vertex 9.64181 11.4907 3
      vertex 8.60365 12.2873 3
    endloop
  endfacet
  facet normal 0 0 1
    outer loop
      vertex 10.6066 10.6066 3
      vertex 8.48528 8.48528 3
      vertex 9.19253 7.71345 3
    endloop
  endfacet
  facet normal 0 0 1
    outer loop
      vertex 7.69353 10.2441 3
      vertex 9.64181 11.4907 3
      vertex 7.7 10.3923 3
    endloop
  endfacet
  facet normal 0 0 1
    outer loop
      vertex 10.6066 10.6066 3
      vertex 7.69353 10.2441 3
      vertex 7.67417 10.0971 3
    endloop
  endfacet
  facet normal 0 0 1
    outer loop
      vertex 9.64181 11.4907 3
      vertex 7.69353 10.5405 3
      vertex 7.7 10.3923 3
    endloop
  endfacet
  facet normal 0 0 1
    outer loop
      vertex 9.64181 11.4907 3
      vertex 7.67417 10.6875 3
      vertex 7.69353 10.5405 3
    endloop
  endfacet
  facet normal 0 0 1
    outer loop
      vertex 9.64181 11.4907 3
      vertex 7.64207 10.8323 3
      vertex 7.67417 10.6875 3
    endloop
  endfacet
  facet normal 0 0 1
    outer loop
      vertex 9.64181 11.4907 3
      vertex 7.59748 10.9737 3
      vertex 7.64207 10.8323 3
    endloop
  endfacet
  facet normal 0 0 1
    outer loop
      vertex 8.60365 12.2873 3
      vertex 7.54072 11.1108 3
      vertex 7.59748 10.9737 3
    endloop
  endfacet
  facet normal 0 0 1
    outer loop
      vertex 7.20208 11.5944 3
      vertex 8.60365 12.2873 3
      vertex 7.5 12.9904 3
    endloop
  endfacet
  facet normal 0 0 1
    outer loop
      vertex 8.60365 12.2873 3
      vertex 7.47224 11.2423 3
      vertex 7.54072 11.1108 3
    endloop
  endfacet
  facet normal 0 0 1
    outer loop
      vertex 8.60365 12.2873 3
      vertex 7.39256 11.3674 3
      vertex 7.47224 11.2423 3
    endloop
  endfacet
  facet normal 0 0 1
    outer loop
      vertex 8.60365 12.2873 3
      vertex 7.30227 11.485 3
      vertex 7.39256 11.3674 3
    endloop
  endfacet
  facet normal 0 0 1
    outer loop
      vertex 8.60365 12.2873 3
      vertex 7.20208 11.5944 3
      vertex 7.30227 11.485 3
    endloop
  endfacet
  facet normal 0 0 1
    outer loop
      vertex 7.5 12.9904 3
      vertex 7.09274 11.6946 3
      vertex 7.20208 11.5944 3
    endloop
  endfacet
  facet normal 0 0 1
    outer loop
      vertex 7.5 12.9904 3
      vertex 6.97508 11.7849 3
      vertex 7.09274 11.6946 3
    endloop
  endfacet
  facet normal 0 0 1
    outer loop
      vertex 7.5 12.9904 3
      vertex 6.85 11.8645 3
      vertex 6.97508 11.7849 3
    endloop
  endfacet
  facet normal 0 0 1
    outer loop
      vertex 7.5 12.9904 3
      vertex 6.71845 11.933 3
      vertex 6.85 11.8645 3
    endloop
  endfacet
  facet normal 0 0 1
    outer loop
      vertex 7.5 12.9904 3
      vertex 6.58143 11.9898 3
      vertex 6.71845 11.933 3
    endloop
  endfacet
  facet normal 0 0 1
    outer loop
      vertex 7.5 12.9904 3
      vertex 6.43999 12.0344 3
      vertex 6.58143 11.9898 3
    endloop
  endfacet
  facet normal 0 0 1
    outer loop
      vertex 6.33927 13.5946 3
      vertex 6.43999 12.0344 3
      vertex 7.5 12.9904 3
    endloop
  endfacet
  facet normal 0 0 1
    outer loop
      vertex 6.33927 13.5946 3
      vertex 6.2952 12.0665 3
      vertex 6.43999 12.0344 3
    endloop
  endfacet
  facet normal 0 0 1
    outer loop
      vertex 6.33927 13.5946 3
      vertex 6.14816 12.0858 3
      vertex 6.2952 12.0665 3
    endloop
  endfacet
  facet normal 0 0 1
    outer loop
      vertex 6.33927 13.5946 3
      vertex 6 12.0923 3
      vertex 6.14816 12.0858 3
    endloop
  endfacet
  facet normal 0 0 1
    outer loop
      vertex 6.33927 13.5946 3
      vertex 5.85183 12.0858 3
      vertex 6 12.0923 3
    endloop
  endfacet
  facet normal 0 0 1
    outer loop
      vertex 6.33927 13.5946 3
      vertex 5.7048 12.0665 3
      vertex 5.85183 12.0858 3
    endloop
  endfacet
  facet normal 0 0 1
    outer loop
      vertex 5.1303 14.0954 3
      vertex 5.7048 12.0665 3
      vertex 6.33927 13.5946 3
    endloop
  endfacet
  facet normal 0 0 1
    outer loop
      vertex 5.7048 12.0665 3
      vertex 5.1303 14.0954 3
      vertex 5.56001 12.0344 3
    endloop
  endfacet
  facet normal 0 0 1
    outer loop
      vertex 5.56001 12.0344 3
      vertex 5.1303 14.0954 3
      vertex 5.41857 11.9898 3
    endloop
  endfacet
  facet normal 0 0 1
    outer loop
      vertex 5.41857 11.9898 3
      vertex 5.1303 14.0954 3
      vertex 5.28155 11.933 3
    endloop
  endfacet
  facet normal 0 0 1
    outer loop
      vertex 5.28155 11.933 3
      vertex 5.1303 14.0954 3
      vertex 5.15 11.8645 3
    endloop
  endfacet
  facet normal 0 0 1
    outer loop
      vertex 5.1303 14.0954 3
      vertex 5.02492 11.7849 3
      vertex 5.15 11.8645 3
    endloop
  endfacet
  facet normal 0 0 1
    outer loop
      vertex 3.88229 14.4889 3
      vertex 5.02492 11.7849 3
      vertex 5.1303 14.0954 3
    endloop
  endfacet
  facet normal 0 0 1
    outer loop
      vertex 5.02492 11.7849 3
      vertex 3.88229 14.4889 3
      vertex 4.90726 11.6946 3
    endloop
  endfacet
  facet normal 0 0 1
    outer loop
      vertex 3.10583 11.5911 3
      vertex 4.90726 11.6946 3
      vertex 3.88229 14.4889 3
    endloop
  endfacet
  facet normal 0 0 1
    outer loop
      vertex 4.90726 11.6946 3
      vertex 3.10583 11.5911 3
      vertex 4.79792 11.5944 3
    endloop
  endfacet
  facet normal 0 0 1
    outer loop
      vertex 4.69772 11.485 3
      vertex 4.10424 11.2763 3
      vertex 4.60744 11.3674 3
    endloop
  endfacet
  facet normal 0 0 1
    outer loop
      vertex 4.60744 11.3674 3
      vertex 4.10424 11.2763 3
      vertex 4.52776 11.2423 3
    endloop
  endfacet
  facet normal 0 0 1
    outer loop
      vertex 4.52776 11.2423 3
      vertex 4.10424 11.2763 3
      vertex 4.4672 11.126 3
    endloop
  endfacet
  facet normal 0 -0 1
    outer loop
      vertex 4.10424 11.2763 3
      vertex 4.79792 11.5944 3
      vertex 3.10583 11.5911 3
    endloop
  endfacet
  facet normal 0 0 1
    outer loop
      vertex 4.79792 11.5944 3
      vertex 4.10424 11.2763 3
      vertex 4.69772 11.485 3
    endloop
  endfacet
  facet normal 0 0 1
    outer loop
      vertex 2.60472 14.7721 3
      vertex 3.10583 11.5911 3
      vertex 3.88229 14.4889 3
    endloop
  endfacet
  facet normal 0 0 1
    outer loop
      vertex 2.60472 14.7721 3
      vertex 2.08378 11.8177 3
      vertex 3.10583 11.5911 3
    endloop
  endfacet
  facet normal 0 0 1
    outer loop
      vertex 1.30734 14.9429 3
      vertex 2.08378 11.8177 3
      vertex 2.60472 14.7721 3
    endloop
  endfacet
  facet normal 0 0 1
    outer loop
      vertex 1.30734 14.9429 3
      vertex 1.04587 11.9543 3
      vertex 2.08378 11.8177 3
    endloop
  endfacet
  facet normal 0 0 1
    outer loop
      vertex 0 15 3
      vertex 1.04587 11.9543 3
      vertex 1.30734 14.9429 3
    endloop
  endfacet
  facet normal 0 0 1
    outer loop
      vertex 0 15 3
      vertex 0 12 3
      vertex 1.04587 11.9543 3
    endloop
  endfacet
  facet normal 0 0 1
    outer loop
      vertex 0 15 3
      vertex -1.04587 11.9543 3
      vertex 0 12 3
    endloop
  endfacet
  facet normal -0 0 1
    outer loop
      vertex -1.30734 14.9429 3
      vertex -1.04587 11.9543 3
      vertex 0 15 3
    endloop
  endfacet
  facet normal 0 0 1
    outer loop
      vertex -1.30734 14.9429 3
      vertex -2.08378 11.8177 3
      vertex -1.04587 11.9543 3
    endloop
  endfacet
  facet normal -0 0 1
    outer loop
      vertex -2.60472 14.7721 3
      vertex -2.08378 11.8177 3
      vertex -1.30734 14.9429 3
    endloop
  endfacet
  facet normal 0 0 1
    outer loop
      vertex -2.60472 14.7721 3
      vertex -3.10583 11.5911 3
      vertex -2.08378 11.8177 3
    endloop
  endfacet
  facet normal -0 0 1
    outer loop
      vertex -3.88229 14.4889 3
      vertex -3.10583 11.5911 3
      vertex -2.60472 14.7721 3
    endloop
  endfacet
  facet normal -0 0 1
    outer loop
      vertex -4.90726 11.6946 3
      vertex -3.10583 11.5911 3
      vertex -3.88229 14.4889 3
    endloop
  endfacet
  facet normal -0 -0 1
    outer loop
      vertex -4.79792 11.5944 3
      vertex -3.10583 11.5911 3
      vertex -4.90726 11.6946 3
    endloop
  endfacet
  facet normal 0 0 1
    outer loop
      vertex -4.10424 11.2763 3
      vertex -4.52776 11.2423 3
      vertex -4.4672 11.126 3
    endloop
  endfacet
  facet normal 0 0 1
    outer loop
      vertex -4.10424 11.2763 3
      vertex -4.60744 11.3674 3
      vertex -4.52776 11.2423 3
    endloop
  endfacet
  facet normal 0 0 1
    outer loop
      vertex -4.10424 11.2763 3
      vertex -4.69772 11.485 3
      vertex -4.60744 11.3674 3
    endloop
  endfacet
  facet normal 0 0 1
    outer loop
      vertex -4.10424 11.2763 3
      vertex -4.79792 11.5944 3
      vertex -4.69772 11.485 3
    endloop
  endfacet
  facet normal 0 0 1
    outer loop
      vertex -3.10583 11.5911 3
      vertex -4.79792 11.5944 3
      vertex -4.10424 11.2763 3
    endloop
  endfacet
  facet normal 0 0 1
    outer loop
      vertex -3.88229 14.4889 3
      vertex -5.02492 11.7849 3
      vertex -4.90726 11.6946 3
    endloop
  endfacet
  facet normal -0 0 1
    outer loop
      vertex -5.1303 14.0954 3
      vertex -5.02492 11.7849 3
      vertex -3.88229 14.4889 3
    endloop
  endfacet
  facet normal 0 0 1
    outer loop
      vertex -5.1303 14.0954 3
      vertex -5.15 11.8645 3
      vertex -5.02492 11.7849 3
    endloop
  endfacet
  facet normal 0 0 1
    outer loop
      vertex -5.1303 14.0954 3
      vertex -5.28155 11.933 3
      vertex -5.15 11.8645 3
    endloop
  endfacet
  facet normal 0 0 1
    outer loop
      vertex -5.1303 14.0954 3
      vertex -5.41857 11.9898 3
      vertex -5.28155 11.933 3
    endloop
  endfacet
  facet normal 0 0 1
    outer loop
      vertex -5.1303 14.0954 3
      vertex -5.56001 12.0344 3
      vertex -5.41857 11.9898 3
    endloop
  endfacet
  facet normal 0 0 1
    outer loop
      vertex -5.1303 14.0954 3
      vertex -5.7048 12.0665 3
      vertex -5.56001 12.0344 3
    endloop
  endfacet
  facet normal -0 0 1
    outer loop
      vertex -6.33927 13.5946 3
      vertex -5.7048 12.0665 3
      vertex -5.1303 14.0954 3
    endloop
  endfacet
  facet normal 0 0 1
    outer loop
      vertex -5.7048 12.0665 3
      vertex -6.33927 13.5946 3
      vertex -5.85183 12.0858 3
    endloop
  endfacet
  facet normal 0 0 1
    outer loop
      vertex -5.85183 12.0858 3
      vertex -6.33927 13.5946 3
      vertex -6 12.0923 3
    endloop
  endfacet
  facet normal 0 0 1
    outer loop
      vertex -6 12.0923 3
      vertex -6.33927 13.5946 3
      vertex -6.14816 12.0858 3
    endloop
  endfacet
  facet normal 0 0 1
    outer loop
      vertex -6.14816 12.0858 3
      vertex -6.33927 13.5946 3
      vertex -6.2952 12.0665 3
    endloop
  endfacet
  facet normal 0 0 1
    outer loop
      vertex -6.33927 13.5946 3
      vertex -6.43999 12.0344 3
      vertex -6.2952 12.0665 3
    endloop
  endfacet
  facet normal -0 0 1
    outer loop
      vertex -7.5 12.9904 3
      vertex -6.43999 12.0344 3
      vertex -6.33927 13.5946 3
    endloop
  endfacet
  facet normal 0 0 1
    outer loop
      vertex -6.43999 12.0344 3
      vertex -7.5 12.9904 3
      vertex -6.58143 11.9898 3
    endloop
  endfacet
  facet normal 0 0 1
    outer loop
      vertex -6.58143 11.9898 3
      vertex -7.5 12.9904 3
      vertex -6.71845 11.933 3
    endloop
  endfacet
  facet normal 0 0 1
    outer loop
      vertex -6.71845 11.933 3
      vertex -7.5 12.9904 3
      vertex -6.85 11.8645 3
    endloop
  endfacet
  facet normal 0 0 1
    outer loop
      vertex -6.85 11.8645 3
      vertex -7.5 12.9904 3
      vertex -6.97508 11.7849 3
    endloop
  endfacet
  facet normal 0 0 1
    outer loop
      vertex -6.97508 11.7849 3
      vertex -7.5 12.9904 3
      vertex -7.09274 11.6946 3
    endloop
  endfacet
  facet normal 0 0 1
    outer loop
      vertex -7.09274 11.6946 3
      vertex -7.5 12.9904 3
      vertex -7.20208 11.5944 3
    endloop
  endfacet
  facet normal -0 0 1
    outer loop
      vertex -8.60365 12.2873 3
      vertex -7.20208 11.5944 3
      vertex -7.5 12.9904 3
    endloop
  endfacet
  facet normal 0 0 1
    outer loop
      vertex -7.20208 11.5944 3
      vertex -8.60365 12.2873 3
      vertex -7.30227 11.485 3
    endloop
  endfacet
  facet normal 0 0 1
    outer loop
      vertex -7.30227 11.485 3
      vertex -8.60365 12.2873 3
      vertex -7.39256 11.3674 3
    endloop
  endfacet
  facet normal 0 0 1
    outer loop
      vertex -7.39256 11.3674 3
      vertex -8.60365 12.2873 3
      vertex -7.47224 11.2423 3
    endloop
  endfacet
  facet normal 0 0 1
    outer loop
      vertex -7.47224 11.2423 3
      vertex -8.60365 12.2873 3
      vertex -7.54072 11.1108 3
    endloop
  endfacet
  facet normal 0 0 1
    outer loop
      vertex -7.54072 11.1108 3
      vertex -8.60365 12.2873 3
      vertex -7.59748 10.9737 3
    endloop
  endfacet
  facet normal -0 0 1
    outer loop
      vertex -9.64181 11.4907 3
      vertex -7.59748 10.9737 3
      vertex -8.60365 12.2873 3
    endloop
  endfacet
  facet normal 0 0 1
    outer loop
      vertex -7.59748 10.9737 3
      vertex -9.64181 11.4907 3
      vertex -7.64207 10.8323 3
    endloop
  endfacet
  facet normal 0 0 1
    outer loop
      vertex -7.64207 9.95231 3
      vertex -8.48528 8.48528 3
      vertex -7.71345 9.19253 3
    endloop
  endfacet
  facet normal 0 0 1
    outer loop
      vertex -9.64181 11.4907 3
      vertex -7.7 10.3923 3
      vertex -7.69353 10.5405 3
    endloop
  endfacet
  facet normal 0 0 1
    outer loop
      vertex -7.64207 10.8323 3
      vertex -9.64181 11.4907 3
      vertex -7.67417 10.6875 3
    endloop
  endfacet
  facet normal 0 0 1
    outer loop
      vertex -7.67417 10.6875 3
      vertex -9.64181 11.4907 3
      vertex -7.69353 10.5405 3
    endloop
  endfacet
  facet normal 0 0 1
    outer loop
      vertex -7.69353 10.2441 3
      vertex -9.64181 11.4907 3
      vertex -10.6066 10.6066 3
    endloop
  endfacet
  facet normal 0 0 1
    outer loop
      vertex -7.69353 10.2441 3
      vertex -10.6066 10.6066 3
      vertex -8.48528 8.48528 3
    endloop
  endfacet
  facet normal 0 0 1
    outer loop
      vertex -8.48528 8.48528 3
      vertex -10.6066 10.6066 3
      vertex -9.19253 7.71345 3
    endloop
  endfacet
  facet normal -0 0 1
    outer loop
      vertex -11.4907 9.64181 3
      vertex -9.19253 7.71345 3
      vertex -10.6066 10.6066 3
    endloop
  endfacet
  facet normal 0 0 1
    outer loop
      vertex -9.19253 7.71345 3
      vertex -11.4907 9.64181 3
      vertex -9.82982 6.88292 3
    endloop
  endfacet
  facet normal -0 0 1
    outer loop
      vertex -12.2873 8.60365 3
      vertex -9.82982 6.88292 3
      vertex -11.4907 9.64181 3
    endloop
  endfacet
  facet normal 0 0 1
    outer loop
      vertex -9.82982 6.88292 3
      vertex -12.2873 8.60365 3
      vertex -10.3923 6 3
    endloop
  endfacet
  facet normal -0 0 1
    outer loop
      vertex -12.9904 7.5 3
      vertex -10.3923 6 3
      vertex -12.2873 8.60365 3
    endloop
  endfacet
  facet normal 0 0 1
    outer loop
      vertex -10.3923 6 3
      vertex -12.9904 7.5 3
      vertex -10.8757 5.07142 3
    endloop
  endfacet
  facet normal -0 0 1
    outer loop
      vertex -13.5946 6.33927 3
      vertex -10.8757 5.07142 3
      vertex -12.9904 7.5 3
    endloop
  endfacet
  facet normal 0 0 1
    outer loop
      vertex -10.8757 5.07142 3
      vertex -13.5946 6.33927 3
      vertex -11.2763 4.10424 3
    endloop
  endfacet
  facet normal -0 0 1
    outer loop
      vertex -14.0954 5.1303 3
      vertex -11.2763 4.10424 3
      vertex -13.5946 6.33927 3
    endloop
  endfacet
  facet normal 0 0 1
    outer loop
      vertex -11.2763 4.10424 3
      vertex -14.0954 5.1303 3
      vertex -11.5911 3.10583 3
    endloop
  endfacet
  facet normal -0 0 1
    outer loop
      vertex -14.4889 3.88229 3
      vertex -11.5911 3.10583 3
      vertex -14.0954 5.1303 3
    endloop
  endfacet
  facet normal 0 -0 1
    outer loop
      vertex -12.5814 1.59748 3
      vertex -11.5911 3.10583 3
      vertex -14.4889 3.88229 3
    endloop
  endfacet
  facet normal 0 0 1
    outer loop
      vertex -11.8177 2.08378 3
      vertex -12 1.7 3
      vertex -11.869 1.69428 3
    endloop
  endfacet
  facet normal 0 0 1
    outer loop
      vertex -11.8177 2.08378 3
      vertex -12.1482 1.69353 3
      vertex -12 1.7 3
    endloop
  endfacet
  facet normal 0 -0 1
    outer loop
      vertex -12.44 1.64207 3
      vertex -11.5911 3.10583 3
      vertex -12.5814 1.59748 3
    endloop
  endfacet
  facet normal 0 0 1
    outer loop
      vertex -11.8177 2.08378 3
      vertex -12.2952 1.67417 3
      vertex -12.1482 1.69353 3
    endloop
  endfacet
  facet normal 0 0 1
    outer loop
      vertex -11.8177 2.08378 3
      vertex -12.44 1.64207 3
      vertex -12.2952 1.67417 3
    endloop
  endfacet
  facet normal 0 0 1
    outer loop
      vertex -11.5911 3.10583 3
      vertex -12.44 1.64207 3
      vertex -11.8177 2.08378 3
    endloop
  endfacet
  facet normal 0 0 1
    outer loop
      vertex -12.5814 1.59748 3
      vertex -14.4889 3.88229 3
      vertex -12.7185 1.54072 3
    endloop
  endfacet
  facet normal -0 0 1
    outer loop
      vertex -14.7721 2.60472 3
      vertex -12.7185 1.54072 3
      vertex -14.4889 3.88229 3
    endloop
  endfacet
  facet normal 0 0 1
    outer loop
      vertex -12.7185 1.54072 3
      vertex -14.7721 2.60472 3
      vertex -12.85 1.47224 3
    endloop
  endfacet
  facet normal 0 0 1
    outer loop
      vertex -12.85 1.47224 3
      vertex -14.7721 2.60472 3
      vertex -12.9751 1.39256 3
    endloop
  endfacet
  facet normal 0 0 1
    outer loop
      vertex -12.9751 1.39256 3
      vertex -14.7721 2.60472 3
      vertex -13.0927 1.30227 3
    endloop
  endfacet
  facet normal 0 0 1
    outer loop
      vertex -13.0927 1.30227 3
      vertex -14.7721 2.60472 3
      vertex -13.2021 1.20208 3
    endloop
  endfacet
  facet normal 0 0 1
    outer loop
      vertex -13.2021 1.20208 3
      vertex -14.7721 2.60472 3
      vertex -13.3023 1.09274 3
    endloop
  endfacet
  facet normal -0 0 1
    outer loop
      vertex -14.9429 1.30734 3
      vertex -13.3023 1.09274 3
      vertex -14.7721 2.60472 3
    endloop
  endfacet
  facet normal 0 0 1
    outer loop
      vertex -13.3023 1.09274 3
      vertex -14.9429 1.30734 3
      vertex -13.3926 0.97508 3
    endloop
  endfacet
  facet normal 0 0 1
    outer loop
      vertex -13.3926 0.97508 3
      vertex -14.9429 1.30734 3
      vertex -13.4722 0.849999 3
    endloop
  endfacet
  facet normal 0 0 1
    outer loop
      vertex -13.4722 0.849999 3
      vertex -14.9429 1.30734 3
      vertex -13.5407 0.718451 3
    endloop
  endfacet
  facet normal 0 0 1
    outer loop
      vertex -13.5407 0.718451 3
      vertex -14.9429 1.30734 3
      vertex -13.5975 0.581433 3
    endloop
  endfacet
  facet normal 0 0 1
    outer loop
      vertex -13.5975 0.581433 3
      vertex -14.9429 1.30734 3
      vertex -13.6421 0.439992 3
    endloop
  endfacet
  facet normal -0 0 1
    outer loop
      vertex 13.5975 -0.581433 3
      vertex 14.9429 -1.30734 3
      vertex 13.6421 -0.439992 3
    endloop
  endfacet
  facet normal -0 0 1
    outer loop
      vertex 13.5407 -0.718451 3
      vertex 14.9429 -1.30734 3
      vertex 13.5975 -0.581433 3
    endloop
  endfacet
  facet normal -0 0 1
    outer loop
      vertex 13.4722 -0.849999 3
      vertex 14.9429 -1.30734 3
      vertex 13.5407 -0.718451 3
    endloop
  endfacet
  facet normal -0 0 1
    outer loop
      vertex 13.3926 -0.97508 3
      vertex 14.9429 -1.30734 3
      vertex 13.4722 -0.849999 3
    endloop
  endfacet
  facet normal -0 0 1
    outer loop
      vertex 13.3023 -1.09274 3
      vertex 14.9429 -1.30734 3
      vertex 13.3926 -0.97508 3
    endloop
  endfacet
  facet normal 0 0 1
    outer loop
      vertex 14.9429 -1.30734 3
      vertex 13.3023 -1.09274 3
      vertex 14.7721 -2.60472 3
    endloop
  endfacet
  facet normal -0 0 1
    outer loop
      vertex 13.2021 -1.20208 3
      vertex 14.7721 -2.60472 3
      vertex 13.3023 -1.09274 3
    endloop
  endfacet
  facet normal -0 0 1
    outer loop
      vertex 13.0927 -1.30227 3
      vertex 14.7721 -2.60472 3
      vertex 13.2021 -1.20208 3
    endloop
  endfacet
  facet normal -0 0 1
    outer loop
      vertex 12.9751 -1.39256 3
      vertex 14.7721 -2.60472 3
      vertex 13.0927 -1.30227 3
    endloop
  endfacet
  facet normal -0 0 1
    outer loop
      vertex 12.85 -1.47224 3
      vertex 14.7721 -2.60472 3
      vertex 12.9751 -1.39256 3
    endloop
  endfacet
  facet normal -0 0 1
    outer loop
      vertex 12.7185 -1.54072 3
      vertex 14.7721 -2.60472 3
      vertex 12.85 -1.47224 3
    endloop
  endfacet
  facet normal 0 0 1
    outer loop
      vertex 14.7721 -2.60472 3
      vertex 12.7185 -1.54072 3
      vertex 14.4889 -3.88229 3
    endloop
  endfacet
  facet normal -0 0 1
    outer loop
      vertex 12.5814 -1.59748 3
      vertex 14.4889 -3.88229 3
      vertex 12.7185 -1.54072 3
    endloop
  endfacet
  facet normal -0 0 1
    outer loop
      vertex 11.2763 -4.10424 3
      vertex 14.0954 -5.1303 3
      vertex 11.5911 -3.10583 3
    endloop
  endfacet
  facet normal 0 0 1
    outer loop
      vertex 14.4889 -3.88229 3
      vertex 11.5911 -3.10583 3
      vertex 14.0954 -5.1303 3
    endloop
  endfacet
  facet normal 0 0 1
    outer loop
      vertex 14.4889 -3.88229 3
      vertex 12.5814 -1.59748 3
      vertex 11.5911 -3.10583 3
    endloop
  endfacet
  facet normal 0 0 1
    outer loop
      vertex 11.5911 -3.10583 3
      vertex 12.5814 -1.59748 3
      vertex 12.44 -1.64207 3
    endloop
  endfacet
  facet normal 0 0 1
    outer loop
      vertex 11.8177 -2.08378 3
      vertex 12.44 -1.64207 3
      vertex 12.2952 -1.67417 3
    endloop
  endfacet
  facet normal 0 0 1
    outer loop
      vertex 14.0954 -5.1303 3
      vertex 11.2763 -4.10424 3
      vertex 13.5946 -6.33927 3
    endloop
  endfacet
  facet normal 0 0 1
    outer loop
      vertex 11.8177 -2.08378 3
      vertex 12.2952 -1.67417 3
      vertex 12.1482 -1.69353 3
    endloop
  endfacet
  facet normal 0 0 1
    outer loop
      vertex 11.8177 -2.08378 3
      vertex 12.1482 -1.69353 3
      vertex 12 -1.7 3
    endloop
  endfacet
  facet normal 0 0 1
    outer loop
      vertex 11.8177 -2.08378 3
      vertex 12 -1.7 3
      vertex 11.869 -1.69428 3
    endloop
  endfacet
  facet normal 0 0 1
    outer loop
      vertex 12.44 -1.64207 3
      vertex 11.8177 -2.08378 3
      vertex 11.5911 -3.10583 3
    endloop
  endfacet
  facet normal -0 0 1
    outer loop
      vertex 10.8757 -5.07142 3
      vertex 13.5946 -6.33927 3
      vertex 11.2763 -4.10424 3
    endloop
  endfacet
  facet normal 0 0 1
    outer loop
      vertex 13.5946 -6.33927 3
      vertex 10.8757 -5.07142 3
      vertex 12.9904 -7.5 3
    endloop
  endfacet
  facet normal -0 0 1
    outer loop
      vertex 10.3923 -6 3
      vertex 12.9904 -7.5 3
      vertex 10.8757 -5.07142 3
    endloop
  endfacet
  facet normal 0 0 1
    outer loop
      vertex 12.9904 -7.5 3
      vertex 10.3923 -6 3
      vertex 12.2873 -8.60365 3
    endloop
  endfacet
  facet normal -0 0 1
    outer loop
      vertex 9.82982 -6.88292 3
      vertex 12.2873 -8.60365 3
      vertex 10.3923 -6 3
    endloop
  endfacet
  facet normal 0 0 1
    outer loop
      vertex 12.2873 -8.60365 3
      vertex 9.82982 -6.88292 3
      vertex 11.4907 -9.64181 3
    endloop
  endfacet
  facet normal -0 0 1
    outer loop
      vertex 9.19253 -7.71345 3
      vertex 11.4907 -9.64181 3
      vertex 9.82982 -6.88292 3
    endloop
  endfacet
  facet normal 0 0 1
    outer loop
      vertex 11.4907 -9.64181 3
      vertex 9.19253 -7.71345 3
      vertex 10.6066 -10.6066 3
    endloop
  endfacet
  facet normal -0 0 1
    outer loop
      vertex 8.48528 -8.48528 3
      vertex 10.6066 -10.6066 3
      vertex 9.19253 -7.71345 3
    endloop
  endfacet
  facet normal -0 0 1
    outer loop
      vertex 7.69353 -10.2441 3
      vertex 10.6066 -10.6066 3
      vertex 8.48528 -8.48528 3
    endloop
  endfacet
  facet normal 0 0 1
    outer loop
      vertex 7.69353 -10.2441 3
      vertex 9.64181 -11.4907 3
      vertex 10.6066 -10.6066 3
    endloop
  endfacet
  facet normal 0 0 1
    outer loop
      vertex 7.64207 -9.95231 3
      vertex 8.48528 -8.48528 3
      vertex 7.71345 -9.19253 3
    endloop
  endfacet
  facet normal -0 0 1
    outer loop
      vertex 7.69353 -10.5405 3
      vertex 9.64181 -11.4907 3
      vertex 7.7 -10.3923 3
    endloop
  endfacet
  facet normal -0 0 1
    outer loop
      vertex 7.67417 -10.6875 3
      vertex 9.64181 -11.4907 3
      vertex 7.69353 -10.5405 3
    endloop
  endfacet
  facet normal -0 0 1
    outer loop
      vertex 7.64207 -10.8323 3
      vertex 9.64181 -11.4907 3
      vertex 7.67417 -10.6875 3
    endloop
  endfacet
  facet normal -0 0 1
    outer loop
      vertex 7.59748 -10.9737 3
      vertex 9.64181 -11.4907 3
      vertex 7.64207 -10.8323 3
    endloop
  endfacet
  facet normal 0 0 1
    outer loop
      vertex 9.64181 -11.4907 3
      vertex 7.59748 -10.9737 3
      vertex 8.60365 -12.2873 3
    endloop
  endfacet
  facet normal -0 0 1
    outer loop
      vertex 7.54072 -11.1108 3
      vertex 8.60365 -12.2873 3
      vertex 7.59748 -10.9737 3
    endloop
  endfacet
  facet normal -0 0 1
    outer loop
      vertex 7.47224 -11.2423 3
      vertex 8.60365 -12.2873 3
      vertex 7.54072 -11.1108 3
    endloop
  endfacet
  facet normal -0 0 1
    outer loop
      vertex 7.39256 -11.3674 3
      vertex 8.60365 -12.2873 3
      vertex 7.47224 -11.2423 3
    endloop
  endfacet
  facet normal -0 0 1
    outer loop
      vertex 7.30227 -11.485 3
      vertex 8.60365 -12.2873 3
      vertex 7.39256 -11.3674 3
    endloop
  endfacet
  facet normal -0 0 1
    outer loop
      vertex 7.20208 -11.5944 3
      vertex 8.60365 -12.2873 3
      vertex 7.30227 -11.485 3
    endloop
  endfacet
  facet normal 0 0 1
    outer loop
      vertex 8.60365 -12.2873 3
      vertex 7.20208 -11.5944 3
      vertex 7.5 -12.9904 3
    endloop
  endfacet
  facet normal -0 0 1
    outer loop
      vertex 7.09274 -11.6946 3
      vertex 7.5 -12.9904 3
      vertex 7.20208 -11.5944 3
    endloop
  endfacet
  facet normal -0 0 1
    outer loop
      vertex 6.97508 -11.7849 3
      vertex 7.5 -12.9904 3
      vertex 7.09274 -11.6946 3
    endloop
  endfacet
  facet normal -0 0 1
    outer loop
      vertex 6.85 -11.8645 3
      vertex 7.5 -12.9904 3
      vertex 6.97508 -11.7849 3
    endloop
  endfacet
  facet normal -0 0 1
    outer loop
      vertex 6.71845 -11.933 3
      vertex 7.5 -12.9904 3
      vertex 6.85 -11.8645 3
    endloop
  endfacet
  facet normal -0 0 1
    outer loop
      vertex 6.58143 -11.9898 3
      vertex 7.5 -12.9904 3
      vertex 6.71845 -11.933 3
    endloop
  endfacet
  facet normal -0 0 1
    outer loop
      vertex 6.43999 -12.0344 3
      vertex 7.5 -12.9904 3
      vertex 6.58143 -11.9898 3
    endloop
  endfacet
  facet normal 0 0 1
    outer loop
      vertex 6.43999 -12.0344 3
      vertex 6.33927 -13.5946 3
      vertex 7.5 -12.9904 3
    endloop
  endfacet
  facet normal -0 0 1
    outer loop
      vertex 6.2952 -12.0665 3
      vertex 6.33927 -13.5946 3
      vertex 6.43999 -12.0344 3
    endloop
  endfacet
  facet normal -0 0 1
    outer loop
      vertex 6.14816 -12.0858 3
      vertex 6.33927 -13.5946 3
      vertex 6.2952 -12.0665 3
    endloop
  endfacet
  facet normal -0 0 1
    outer loop
      vertex 6 -12.0923 3
      vertex 6.33927 -13.5946 3
      vertex 6.14816 -12.0858 3
    endloop
  endfacet
  facet normal 0 0 1
    outer loop
      vertex 5.85183 -12.0858 3
      vertex 6.33927 -13.5946 3
      vertex 6 -12.0923 3
    endloop
  endfacet
  facet normal 0 0 1
    outer loop
      vertex 5.7048 -12.0665 3
      vertex 6.33927 -13.5946 3
      vertex 5.85183 -12.0858 3
    endloop
  endfacet
  facet normal 0 0 1
    outer loop
      vertex 5.1303 -14.0954 3
      vertex 5.7048 -12.0665 3
      vertex 5.56001 -12.0344 3
    endloop
  endfacet
  facet normal 0 0 1
    outer loop
      vertex 5.1303 -14.0954 3
      vertex 5.56001 -12.0344 3
      vertex 5.41857 -11.9898 3
    endloop
  endfacet
  facet normal 0 0 1
    outer loop
      vertex 5.1303 -14.0954 3
      vertex 5.41857 -11.9898 3
      vertex 5.28155 -11.933 3
    endloop
  endfacet
  facet normal 0 0 1
    outer loop
      vertex 5.1303 -14.0954 3
      vertex 5.28155 -11.933 3
      vertex 5.15 -11.8645 3
    endloop
  endfacet
  facet normal 0 0 1
    outer loop
      vertex 5.7048 -12.0665 3
      vertex 5.1303 -14.0954 3
      vertex 6.33927 -13.5946 3
    endloop
  endfacet
  facet normal 0 0 1
    outer loop
      vertex 5.02492 -11.7849 3
      vertex 5.1303 -14.0954 3
      vertex 5.15 -11.8645 3
    endloop
  endfacet
  facet normal 0 0 1
    outer loop
      vertex 3.88229 -14.4889 3
      vertex 5.02492 -11.7849 3
      vertex 4.90726 -11.6946 3
    endloop
  endfacet
  facet normal 0 0 1
    outer loop
      vertex 3.10583 -11.5911 3
      vertex 4.90726 -11.6946 3
      vertex 4.79792 -11.5944 3
    endloop
  endfacet
  facet normal 0 0 1
    outer loop
      vertex 4.10424 -11.2763 3
      vertex 4.79792 -11.5944 3
      vertex 4.69772 -11.485 3
    endloop
  endfacet
  facet normal 0 0 1
    outer loop
      vertex 4.10424 -11.2763 3
      vertex 4.69772 -11.485 3
      vertex 4.60744 -11.3674 3
    endloop
  endfacet
  facet normal -0 0 1
    outer loop
      vertex 4.10424 -11.2763 3
      vertex 4.60744 -11.3674 3
      vertex 4.52776 -11.2423 3
    endloop
  endfacet
  facet normal 0 0 1
    outer loop
      vertex 4.10424 -11.2763 3
      vertex 4.52776 -11.2423 3
      vertex 4.4672 -11.126 3
    endloop
  endfacet
  facet normal 0 0 1
    outer loop
      vertex 4.79792 -11.5944 3
      vertex 4.10424 -11.2763 3
      vertex 3.10583 -11.5911 3
    endloop
  endfacet
  facet normal 0 0 1
    outer loop
      vertex 5.02492 -11.7849 3
      vertex 3.88229 -14.4889 3
      vertex 5.1303 -14.0954 3
    endloop
  endfacet
  facet normal 0 0 1
    outer loop
      vertex 4.90726 -11.6946 3
      vertex 3.10583 -11.5911 3
      vertex 3.88229 -14.4889 3
    endloop
  endfacet
  facet normal 0 0 1
    outer loop
      vertex 3.10583 -11.5911 3
      vertex 2.60472 -14.7721 3
      vertex 3.88229 -14.4889 3
    endloop
  endfacet
  facet normal -0 0 1
    outer loop
      vertex 2.08378 -11.8177 3
      vertex 2.60472 -14.7721 3
      vertex 3.10583 -11.5911 3
    endloop
  endfacet
  facet normal 0 0 1
    outer loop
      vertex 2.08378 -11.8177 3
      vertex 1.30734 -14.9429 3
      vertex 2.60472 -14.7721 3
    endloop
  endfacet
  facet normal -0 0 1
    outer loop
      vertex 1.04587 -11.9543 3
      vertex 1.30734 -14.9429 3
      vertex 2.08378 -11.8177 3
    endloop
  endfacet
  facet normal -0 0 1
    outer loop
      vertex 0 -12 3
      vertex 1.30734 -14.9429 3
      vertex 1.04587 -11.9543 3
    endloop
  endfacet
  facet normal 0 0 1
    outer loop
      vertex 0 -12 3
      vertex 0 -15 3
      vertex 1.30734 -14.9429 3
    endloop
  endfacet
  facet normal 0 0 1
    outer loop
      vertex -1.04587 -11.9543 3
      vertex 0 -15 3
      vertex 0 -12 3
    endloop
  endfacet
  facet normal 0 0 1
    outer loop
      vertex -1.04587 -11.9543 3
      vertex -1.30734 -14.9429 3
      vertex 0 -15 3
    endloop
  endfacet
  facet normal 0 0 1
    outer loop
      vertex -2.08378 -11.8177 3
      vertex -1.30734 -14.9429 3
      vertex -1.04587 -11.9543 3
    endloop
  endfacet
  facet normal 0 0 1
    outer loop
      vertex -2.08378 -11.8177 3
      vertex -2.60472 -14.7721 3
      vertex -1.30734 -14.9429 3
    endloop
  endfacet
  facet normal 0 0 1
    outer loop
      vertex -3.10583 -11.5911 3
      vertex -2.60472 -14.7721 3
      vertex -2.08378 -11.8177 3
    endloop
  endfacet
  facet normal 0 0 1
    outer loop
      vertex -3.10583 -11.5911 3
      vertex -3.88229 -14.4889 3
      vertex -2.60472 -14.7721 3
    endloop
  endfacet
  facet normal 0 0 1
    outer loop
      vertex -4.79792 -11.5944 3
      vertex -3.10583 -11.5911 3
      vertex -4.10424 -11.2763 3
    endloop
  endfacet
  facet normal -0 0 1
    outer loop
      vertex -4.52776 -11.2423 3
      vertex -4.10424 -11.2763 3
      vertex -4.4672 -11.126 3
    endloop
  endfacet
  facet normal 0 0 1
    outer loop
      vertex -4.60744 -11.3674 3
      vertex -4.10424 -11.2763 3
      vertex -4.52776 -11.2423 3
    endloop
  endfacet
  facet normal 0 0 1
    outer loop
      vertex -4.69772 -11.485 3
      vertex -4.10424 -11.2763 3
      vertex -4.60744 -11.3674 3
    endloop
  endfacet
  facet normal 0 0 1
    outer loop
      vertex -4.79792 -11.5944 3
      vertex -4.10424 -11.2763 3
      vertex -4.69772 -11.485 3
    endloop
  endfacet
  facet normal 0 0 1
    outer loop
      vertex -3.10583 -11.5911 3
      vertex -4.79792 -11.5944 3
      vertex -4.90726 -11.6946 3
    endloop
  endfacet
  facet normal 0 0 1
    outer loop
      vertex -3.10583 -11.5911 3
      vertex -4.90726 -11.6946 3
      vertex -3.88229 -14.4889 3
    endloop
  endfacet
  facet normal -0 0 1
    outer loop
      vertex -5.02492 -11.7849 3
      vertex -3.88229 -14.4889 3
      vertex -4.90726 -11.6946 3
    endloop
  endfacet
  facet normal 0 0 1
    outer loop
      vertex -5.02492 -11.7849 3
      vertex -5.1303 -14.0954 3
      vertex -3.88229 -14.4889 3
    endloop
  endfacet
  facet normal -0 0 1
    outer loop
      vertex -5.15 -11.8645 3
      vertex -5.1303 -14.0954 3
      vertex -5.02492 -11.7849 3
    endloop
  endfacet
  facet normal -0 0 1
    outer loop
      vertex -5.28155 -11.933 3
      vertex -5.1303 -14.0954 3
      vertex -5.15 -11.8645 3
    endloop
  endfacet
  facet normal -0 0 1
    outer loop
      vertex -5.41857 -11.9898 3
      vertex -5.1303 -14.0954 3
      vertex -5.28155 -11.933 3
    endloop
  endfacet
  facet normal -0 0 1
    outer loop
      vertex -5.56001 -12.0344 3
      vertex -5.1303 -14.0954 3
      vertex -5.41857 -11.9898 3
    endloop
  endfacet
  facet normal -0 0 1
    outer loop
      vertex -5.7048 -12.0665 3
      vertex -5.1303 -14.0954 3
      vertex -5.56001 -12.0344 3
    endloop
  endfacet
  facet normal 0 0 1
    outer loop
      vertex -6.33927 -13.5946 3
      vertex -5.7048 -12.0665 3
      vertex -5.85183 -12.0858 3
    endloop
  endfacet
  facet normal 0 0 1
    outer loop
      vertex -6.33927 -13.5946 3
      vertex -5.85183 -12.0858 3
      vertex -6 -12.0923 3
    endloop
  endfacet
  facet normal 0 0 1
    outer loop
      vertex -6.33927 -13.5946 3
      vertex -6 -12.0923 3
      vertex -6.14816 -12.0858 3
    endloop
  endfacet
  facet normal 0 0 1
    outer loop
      vertex -6.33927 -13.5946 3
      vertex -6.14816 -12.0858 3
      vertex -6.2952 -12.0665 3
    endloop
  endfacet
  facet normal 0 0 1
    outer loop
      vertex -5.7048 -12.0665 3
      vertex -6.33927 -13.5946 3
      vertex -5.1303 -14.0954 3
    endloop
  endfacet
  facet normal 0 0 1
    outer loop
      vertex -6.43999 -12.0344 3
      vertex -6.33927 -13.5946 3
      vertex -6.2952 -12.0665 3
    endloop
  endfacet
  facet normal 0 0 1
    outer loop
      vertex -7.5 -12.9904 3
      vertex -6.43999 -12.0344 3
      vertex -6.58143 -11.9898 3
    endloop
  endfacet
  facet normal 0 0 1
    outer loop
      vertex -7.5 -12.9904 3
      vertex -6.58143 -11.9898 3
      vertex -6.71845 -11.933 3
    endloop
  endfacet
  facet normal 0 0 1
    outer loop
      vertex -7.5 -12.9904 3
      vertex -6.71845 -11.933 3
      vertex -6.85 -11.8645 3
    endloop
  endfacet
  facet normal 0 0 1
    outer loop
      vertex -7.5 -12.9904 3
      vertex -6.85 -11.8645 3
      vertex -6.97508 -11.7849 3
    endloop
  endfacet
  facet normal 0 0 1
    outer loop
      vertex -7.5 -12.9904 3
      vertex -6.97508 -11.7849 3
      vertex -7.09274 -11.6946 3
    endloop
  endfacet
  facet normal 0 0 1
    outer loop
      vertex -7.5 -12.9904 3
      vertex -7.09274 -11.6946 3
      vertex -7.20208 -11.5944 3
    endloop
  endfacet
  facet normal 0 0 1
    outer loop
      vertex -8.60365 -12.2873 3
      vertex -7.20208 -11.5944 3
      vertex -7.30227 -11.485 3
    endloop
  endfacet
  facet normal 0 0 1
    outer loop
      vertex -8.60365 -12.2873 3
      vertex -7.30227 -11.485 3
      vertex -7.39256 -11.3674 3
    endloop
  endfacet
  facet normal 0 0 1
    outer loop
      vertex -8.60365 -12.2873 3
      vertex -7.39256 -11.3674 3
      vertex -7.47224 -11.2423 3
    endloop
  endfacet
  facet normal 0 0 1
    outer loop
      vertex -6.43999 -12.0344 3
      vertex -7.5 -12.9904 3
      vertex -6.33927 -13.5946 3
    endloop
  endfacet
  facet normal 0 0 1
    outer loop
      vertex -8.60365 -12.2873 3
      vertex -7.47224 -11.2423 3
      vertex -7.54072 -11.1108 3
    endloop
  endfacet
  facet normal 0 0 1
    outer loop
      vertex -8.60365 -12.2873 3
      vertex -7.54072 -11.1108 3
      vertex -7.59748 -10.9737 3
    endloop
  endfacet
  facet normal 0 0 1
    outer loop
      vertex -9.64181 -11.4907 3
      vertex -7.59748 -10.9737 3
      vertex -7.64207 -10.8323 3
    endloop
  endfacet
  facet normal 0 0 1
    outer loop
      vertex -9.64181 -11.4907 3
      vertex -7.64207 -10.8323 3
      vertex -7.67417 -10.6875 3
    endloop
  endfacet
  facet normal 0 0 1
    outer loop
      vertex -9.64181 -11.4907 3
      vertex -7.67417 -10.6875 3
      vertex -7.69353 -10.5405 3
    endloop
  endfacet
  facet normal 0 0 1
    outer loop
      vertex -7.67417 -10.0971 3
      vertex -10.6066 -10.6066 3
      vertex -7.69353 -10.2441 3
    endloop
  endfacet
  facet normal 0 -0 1
    outer loop
      vertex -9.64181 -11.4907 3
      vertex -7.69353 -10.2441 3
      vertex -10.6066 -10.6066 3
    endloop
  endfacet
  facet normal 0 0 1
    outer loop
      vertex -7.69353 -10.2441 3
      vertex -9.64181 -11.4907 3
      vertex -7.7 -10.3923 3
    endloop
  endfacet
  facet normal 0 0 1
    outer loop
      vertex -7.20208 -11.5944 3
      vertex -8.60365 -12.2873 3
      vertex -7.5 -12.9904 3
    endloop
  endfacet
  facet normal 0 0 1
    outer loop
      vertex -10.6066 -10.6066 3
      vertex -8.48528 -8.48528 3
      vertex -9.19253 -7.71345 3
    endloop
  endfacet
  facet normal 0 0 1
    outer loop
      vertex -7.59748 -10.9737 3
      vertex -9.64181 -11.4907 3
      vertex -8.60365 -12.2873 3
    endloop
  endfacet
  facet normal 0 0 1
    outer loop
      vertex -11.4907 -9.64181 3
      vertex -9.19253 -7.71345 3
      vertex -9.82982 -6.88292 3
    endloop
  endfacet
  facet normal 0 0 1
    outer loop
      vertex -12.2873 -8.60365 3
      vertex -9.82982 -6.88292 3
      vertex -10.3923 -6 3
    endloop
  endfacet
  facet normal 0 0 1
    outer loop
      vertex -7.7 -10.3923 3
      vertex -9.64181 -11.4907 3
      vertex -7.69353 -10.5405 3
    endloop
  endfacet
  facet normal 0 0 1
    outer loop
      vertex -12.9904 -7.5 3
      vertex -10.3923 -6 3
      vertex -10.8757 -5.07142 3
    endloop
  endfacet
  facet normal 0 0 1
    outer loop
      vertex -13.5946 -6.33927 3
      vertex -10.8757 -5.07142 3
      vertex -11.2763 -4.10424 3
    endloop
  endfacet
  facet normal 0 0 1
    outer loop
      vertex -9.19253 -7.71345 3
      vertex -11.4907 -9.64181 3
      vertex -10.6066 -10.6066 3
    endloop
  endfacet
  facet normal 0 0 1
    outer loop
      vertex -14.0954 -5.1303 3
      vertex -11.2763 -4.10424 3
      vertex -11.5911 -3.10583 3
    endloop
  endfacet
  facet normal 0 0 1
    outer loop
      vertex -12.44 -1.64207 3
      vertex -11.5911 -3.10583 3
      vertex -11.8177 -2.08378 3
    endloop
  endfacet
  facet normal -0 0 1
    outer loop
      vertex -12 -1.7 3
      vertex -11.8177 -2.08378 3
      vertex -11.869 -1.69428 3
    endloop
  endfacet
  facet normal 0 0 1
    outer loop
      vertex -12.1482 -1.69353 3
      vertex -11.8177 -2.08378 3
      vertex -12 -1.7 3
    endloop
  endfacet
  facet normal 0 0 1
    outer loop
      vertex -12.2952 -1.67417 3
      vertex -11.8177 -2.08378 3
      vertex -12.1482 -1.69353 3
    endloop
  endfacet
  facet normal 0 0 1
    outer loop
      vertex -9.82982 -6.88292 3
      vertex -12.2873 -8.60365 3
      vertex -11.4907 -9.64181 3
    endloop
  endfacet
  facet normal 0 0 1
    outer loop
      vertex -12.44 -1.64207 3
      vertex -11.8177 -2.08378 3
      vertex -12.2952 -1.67417 3
    endloop
  endfacet
  facet normal 0 0 1
    outer loop
      vertex -11.5911 -3.10583 3
      vertex -12.44 -1.64207 3
      vertex -12.5814 -1.59748 3
    endloop
  endfacet
  facet normal 0 0 1
    outer loop
      vertex -11.5911 -3.10583 3
      vertex -12.5814 -1.59748 3
      vertex -14.4889 -3.88229 3
    endloop
  endfacet
  facet normal 0 0 1
    outer loop
      vertex -14.4889 -3.88229 3
      vertex -12.5814 -1.59748 3
      vertex -12.7185 -1.54072 3
    endloop
  endfacet
  facet normal 0 0 1
    outer loop
      vertex -14.7721 -2.60472 3
      vertex -12.7185 -1.54072 3
      vertex -12.85 -1.47224 3
    endloop
  endfacet
  facet normal 0 0 1
    outer loop
      vertex -14.7721 -2.60472 3
      vertex -12.85 -1.47224 3
      vertex -12.9751 -1.39256 3
    endloop
  endfacet
  facet normal 0 0 1
    outer loop
      vertex -10.3923 -6 3
      vertex -12.9904 -7.5 3
      vertex -12.2873 -8.60365 3
    endloop
  endfacet
  facet normal 0 0 1
    outer loop
      vertex -14.7721 -2.60472 3
      vertex -12.9751 -1.39256 3
      vertex -13.0927 -1.30227 3
    endloop
  endfacet
  facet normal 0 0 1
    outer loop
      vertex -14.7721 -2.60472 3
      vertex -13.0927 -1.30227 3
      vertex -13.2021 -1.20208 3
    endloop
  endfacet
  facet normal 0 0 1
    outer loop
      vertex -14.7721 -2.60472 3
      vertex -13.2021 -1.20208 3
      vertex -13.3023 -1.09274 3
    endloop
  endfacet
  facet normal 0 0 1
    outer loop
      vertex -14.9429 -1.30734 3
      vertex -13.3023 -1.09274 3
      vertex -13.3926 -0.97508 3
    endloop
  endfacet
  facet normal 0 0 1
    outer loop
      vertex -14.9429 -1.30734 3
      vertex -13.3926 -0.97508 3
      vertex -13.4722 -0.849999 3
    endloop
  endfacet
  facet normal 0 0 1
    outer loop
      vertex -14.9429 -1.30734 3
      vertex -13.4722 -0.849999 3
      vertex -13.5407 -0.718451 3
    endloop
  endfacet
  facet normal 0 0 1
    outer loop
      vertex -10.8757 -5.07142 3
      vertex -13.5946 -6.33927 3
      vertex -12.9904 -7.5 3
    endloop
  endfacet
  facet normal 0 0 1
    outer loop
      vertex -14.9429 -1.30734 3
      vertex -13.5407 -0.718451 3
      vertex -13.5975 -0.581433 3
    endloop
  endfacet
  facet normal 0 0 1
    outer loop
      vertex -14.9429 -1.30734 3
      vertex -13.5975 -0.581433 3
      vertex -13.6421 -0.439992 3
    endloop
  endfacet
  facet normal 0 0 1
    outer loop
      vertex -15 0 3
      vertex -13.6421 -0.439992 3
      vertex -13.6742 -0.295201 3
    endloop
  endfacet
  facet normal 0 0 1
    outer loop
      vertex -15 0 3
      vertex -13.6742 -0.295201 3
      vertex -13.6935 -0.148165 3
    endloop
  endfacet
  facet normal -0 0 1
    outer loop
      vertex -15 0 3
      vertex -13.6935 -0.148165 3
      vertex -13.7 0 3
    endloop
  endfacet
  facet normal 0 0 1
    outer loop
      vertex -15 0 3
      vertex -13.6421 0.439992 3
      vertex -14.9429 1.30734 3
    endloop
  endfacet
  facet normal 0 0 1
    outer loop
      vertex -11.2763 -4.10424 3
      vertex -14.0954 -5.1303 3
      vertex -13.5946 -6.33927 3
    endloop
  endfacet
  facet normal 0 0 1
    outer loop
      vertex -13.6421 0.439992 3
      vertex -15 0 3
      vertex -13.6742 0.295201 3
    endloop
  endfacet
  facet normal 0 0 1
    outer loop
      vertex -11.5911 -3.10583 3
      vertex -14.4889 -3.88229 3
      vertex -14.0954 -5.1303 3
    endloop
  endfacet
  facet normal 0 0 1
    outer loop
      vertex -13.6742 0.295201 3
      vertex -15 0 3
      vertex -13.6935 0.148165 3
    endloop
  endfacet
  facet normal 0 0 1
    outer loop
      vertex -12.7185 -1.54072 3
      vertex -14.7721 -2.60472 3
      vertex -14.4889 -3.88229 3
    endloop
  endfacet
  facet normal 0 0 1
    outer loop
      vertex -13.6935 0.148165 3
      vertex -15 0 3
      vertex -13.7 0 3
    endloop
  endfacet
  facet normal 0 0 1
    outer loop
      vertex -13.3023 -1.09274 3
      vertex -14.9429 -1.30734 3
      vertex -14.7721 -2.60472 3
    endloop
  endfacet
  facet normal 0 0 1
    outer loop
      vertex -13.6421 -0.439992 3
      vertex -15 0 3
      vertex -14.9429 -1.30734 3
    endloop
  endfacet
  facet normal 0 0 1
    outer loop
      vertex 10.6066 10.6066 3
      vertex 7.67417 10.0971 3
      vertex 8.48528 8.48528 3
    endloop
  endfacet
  facet normal -0 0 1
    outer loop
      vertex 7.64207 9.95231 3
      vertex 8.48528 8.48528 3
      vertex 7.67417 10.0971 3
    endloop
  endfacet
  facet normal 0 0 1
    outer loop
      vertex 8.48528 8.48528 3
      vertex 7.64207 9.95231 3
      vertex 7.71345 9.19253 3
    endloop
  endfacet
  facet normal -0 0 1
    outer loop
      vertex 7.59748 9.81087 3
      vertex 7.71345 9.19253 3
      vertex 7.64207 9.95231 3
    endloop
  endfacet
  facet normal -0 0 1
    outer loop
      vertex 7.54072 9.67385 3
      vertex 7.71345 9.19253 3
      vertex 7.59748 9.81087 3
    endloop
  endfacet
  facet normal -0 0 1
    outer loop
      vertex 7.47224 9.5423 3
      vertex 7.71345 9.19253 3
      vertex 7.54072 9.67385 3
    endloop
  endfacet
  facet normal 0 0 1
    outer loop
      vertex 7.71345 9.19253 3
      vertex 7.47224 9.5423 3
      vertex 7.40177 9.43169 3
    endloop
  endfacet
  facet normal 0 0 1
    outer loop
      vertex -7.47224 9.5423 3
      vertex -7.71345 9.19253 3
      vertex -7.40177 9.43169 3
    endloop
  endfacet
  facet normal 0 0 1
    outer loop
      vertex -7.54072 9.67385 3
      vertex -7.71345 9.19253 3
      vertex -7.47224 9.5423 3
    endloop
  endfacet
  facet normal 0 0 1
    outer loop
      vertex -7.59748 9.81087 3
      vertex -7.71345 9.19253 3
      vertex -7.54072 9.67385 3
    endloop
  endfacet
  facet normal 0 0 1
    outer loop
      vertex -7.64207 9.95231 3
      vertex -7.71345 9.19253 3
      vertex -7.59748 9.81087 3
    endloop
  endfacet
  facet normal 0 0 1
    outer loop
      vertex -8.48528 8.48528 3
      vertex -7.64207 9.95231 3
      vertex -7.67417 10.0971 3
    endloop
  endfacet
  facet normal 0 0 1
    outer loop
      vertex -8.48528 8.48528 3
      vertex -7.67417 10.0971 3
      vertex -7.69353 10.2441 3
    endloop
  endfacet
  facet normal 0 0 1
    outer loop
      vertex -9.64181 11.4907 3
      vertex -7.69353 10.2441 3
      vertex -7.7 10.3923 3
    endloop
  endfacet
  facet normal -0.843392 -0.537298 0
    outer loop
      vertex -12.2873 -8.60365 0
      vertex -12.9904 -7.5 3
      vertex -12.9904 -7.5 0
    endloop
  endfacet
  facet normal -0.843392 -0.537298 0
    outer loop
      vertex -12.9904 -7.5 3
      vertex -12.2873 -8.60365 0
      vertex -12.2873 -8.60365 3
    endloop
  endfacet
  facet normal -0.991445 -0.130524 0
    outer loop
      vertex -14.7721 -2.60472 0
      vertex -14.9429 -1.30734 3
      vertex -14.9429 -1.30734 0
    endloop
  endfacet
  facet normal -0.991445 -0.130524 0
    outer loop
      vertex -14.9429 -1.30734 3
      vertex -14.7721 -2.60472 0
      vertex -14.7721 -2.60472 3
    endloop
  endfacet
  facet normal -0.999048 -0.0436349 0
    outer loop
      vertex -14.9429 -1.30734 0
      vertex -15 0 3
      vertex -15 0 0
    endloop
  endfacet
  facet normal -0.999048 -0.0436349 0
    outer loop
      vertex -15 0 3
      vertex -14.9429 -1.30734 0
      vertex -14.9429 -1.30734 3
    endloop
  endfacet
  facet normal -0.999048 0.0436349 0
    outer loop
      vertex -15 0 0
      vertex -14.9429 1.30734 3
      vertex -14.9429 1.30734 0
    endloop
  endfacet
  facet normal -0.999048 0.0436349 0
    outer loop
      vertex -14.9429 1.30734 3
      vertex -15 0 0
      vertex -15 0 3
    endloop
  endfacet
  facet normal -0.382702 -0.923872 0
    outer loop
      vertex -6.33927 -13.5946 0
      vertex -5.1303 -14.0954 3
      vertex -6.33927 -13.5946 3
    endloop
  endfacet
  facet normal -0.382702 -0.923872 -0
    outer loop
      vertex -5.1303 -14.0954 3
      vertex -6.33927 -13.5946 0
      vertex -5.1303 -14.0954 0
    endloop
  endfacet
  facet normal -0.300709 -0.953716 0
    outer loop
      vertex -5.1303 -14.0954 0
      vertex -3.88229 -14.4889 3
      vertex -5.1303 -14.0954 3
    endloop
  endfacet
  facet normal -0.300709 -0.953716 -0
    outer loop
      vertex -3.88229 -14.4889 3
      vertex -5.1303 -14.0954 0
      vertex -3.88229 -14.4889 0
    endloop
  endfacet
  facet normal 0.382702 0.923872 -0
    outer loop
      vertex 6.33927 13.5946 0
      vertex 5.1303 14.0954 3
      vertex 6.33927 13.5946 3
    endloop
  endfacet
  facet normal 0.382702 0.923872 0
    outer loop
      vertex 5.1303 14.0954 3
      vertex 6.33927 13.5946 0
      vertex 5.1303 14.0954 0
    endloop
  endfacet
  facet normal -0.216417 -0.976301 0
    outer loop
      vertex -3.88229 -14.4889 0
      vertex -2.60472 -14.7721 3
      vertex -3.88229 -14.4889 3
    endloop
  endfacet
  facet normal -0.216417 -0.976301 -0
    outer loop
      vertex -2.60472 -14.7721 3
      vertex -3.88229 -14.4889 0
      vertex -2.60472 -14.7721 0
    endloop
  endfacet
  facet normal 0.675604 -0.737265 0
    outer loop
      vertex 9.64181 -11.4907 0
      vertex 10.6066 -10.6066 3
      vertex 9.64181 -11.4907 3
    endloop
  endfacet
  facet normal 0.675604 -0.737265 0
    outer loop
      vertex 10.6066 -10.6066 3
      vertex 9.64181 -11.4907 0
      vertex 10.6066 -10.6066 0
    endloop
  endfacet
  facet normal 0.608757 -0.793356 0
    outer loop
      vertex 8.60365 -12.2873 0
      vertex 9.64181 -11.4907 3
      vertex 8.60365 -12.2873 3
    endloop
  endfacet
  facet normal 0.608757 -0.793356 0
    outer loop
      vertex 9.64181 -11.4907 3
      vertex 8.60365 -12.2873 0
      vertex 9.64181 -11.4907 0
    endloop
  endfacet
  facet normal 0.130524 0.991445 -0
    outer loop
      vertex 2.60472 14.7721 0
      vertex 1.30734 14.9429 3
      vertex 2.60472 14.7721 3
    endloop
  endfacet
  facet normal 0.130524 0.991445 0
    outer loop
      vertex 1.30734 14.9429 3
      vertex 2.60472 14.7721 0
      vertex 1.30734 14.9429 0
    endloop
  endfacet
  facet normal -0.887023 0.461726 0
    outer loop
      vertex -13.5946 6.33927 0
      vertex -12.9904 7.5 3
      vertex -12.9904 7.5 0
    endloop
  endfacet
  facet normal -0.887023 0.461726 0
    outer loop
      vertex -12.9904 7.5 3
      vertex -13.5946 6.33927 0
      vertex -13.5946 6.33927 3
    endloop
  endfacet
  facet normal -0.991495 -0.130144 0
    outer loop
      vertex 13.6935 0.148165 0
      vertex 13.6742 0.295201 3
      vertex 13.6742 0.295201 0
    endloop
  endfacet
  facet normal -0.991495 -0.130144 0
    outer loop
      vertex 13.6742 0.295201 3
      vertex 13.6935 0.148165 0
      vertex 13.6935 0.148165 3
    endloop
  endfacet
  facet normal -0.999039 -0.0438279 0
    outer loop
      vertex 13.7 0 0
      vertex 13.6935 0.148165 3
      vertex 13.6935 0.148165 0
    endloop
  endfacet
  facet normal -0.999039 -0.0438279 0
    outer loop
      vertex 13.6935 0.148165 3
      vertex 13.7 0 0
      vertex 13.7 0 3
    endloop
  endfacet
  facet normal -0.976295 -0.216444 0
    outer loop
      vertex 13.6742 0.295201 0
      vertex 13.6421 0.439992 3
      vertex 13.6421 0.439992 0
    endloop
  endfacet
  facet normal -0.976295 -0.216444 0
    outer loop
      vertex 13.6421 0.439992 3
      vertex 13.6742 0.295201 0
      vertex 13.6742 0.295201 3
    endloop
  endfacet
  facet normal -0.130573 0.991439 0
    outer loop
      vertex 12.2952 -1.67417 0
      vertex 12.1482 -1.69353 3
      vertex 12.2952 -1.67417 3
    endloop
  endfacet
  facet normal -0.130573 0.991439 0
    outer loop
      vertex 12.1482 -1.69353 3
      vertex 12.2952 -1.67417 0
      vertex 12.1482 -1.69353 0
    endloop
  endfacet
  facet normal -0.300747 0.953704 0
    outer loop
      vertex 12.5814 -1.59748 0
      vertex 12.44 -1.64207 3
      vertex 12.5814 -1.59748 3
    endloop
  endfacet
  facet normal -0.300747 0.953704 0
    outer loop
      vertex 12.44 -1.64207 3
      vertex 12.5814 -1.59748 0
      vertex 12.44 -1.64207 0
    endloop
  endfacet
  facet normal 0.95371 -0.300729 0
    outer loop
      vertex 10.3579 0.439992 3.1
      vertex 10.4025 0.581433 0
      vertex 10.4025 0.581433 3.1
    endloop
  endfacet
  facet normal 0.95371 -0.300729 0
    outer loop
      vertex 10.4025 0.581433 0
      vertex 10.3579 0.439992 3.1
      vertex 10.3579 0.439992 0
    endloop
  endfacet
  facet normal 0.7933 0.608831 0
    outer loop
      vertex 10.6977 -1.09274 3.1
      vertex 10.6074 -0.97508 0
      vertex 10.6074 -0.97508 3.1
    endloop
  endfacet
  facet normal 0.7933 0.608831 0
    outer loop
      vertex 10.6074 -0.97508 0
      vertex 10.6977 -1.09274 3.1
      vertex 10.6977 -1.09274 0
    endloop
  endfacet
  facet normal -0.95371 -0.300729 0
    outer loop
      vertex 13.6421 0.439992 0
      vertex 13.5975 0.581433 3
      vertex 13.5975 0.581433 0
    endloop
  endfacet
  facet normal -0.95371 -0.300729 0
    outer loop
      vertex 13.5975 0.581433 3
      vertex 13.6421 0.439992 0
      vertex 13.6421 0.439992 3
    endloop
  endfacet
  facet normal -0.7933 -0.608831 0
    outer loop
      vertex 13.3926 0.97508 0
      vertex 13.3023 1.09274 3
      vertex 13.3023 1.09274 0
    endloop
  endfacet
  facet normal -0.7933 -0.608831 0
    outer loop
      vertex 13.3023 1.09274 3
      vertex 13.3926 0.97508 0
      vertex 13.3926 0.97508 3
    endloop
  endfacet
  facet normal 0.537216 -0.843445 0
    outer loop
      vertex 11.0249 1.39256 0
      vertex 11.15 1.47224 3.1
      vertex 11.0249 1.39256 3.1
    endloop
  endfacet
  facet normal 0.537216 -0.843445 0
    outer loop
      vertex 11.15 1.47224 3.1
      vertex 11.0249 1.39256 0
      vertex 11.15 1.47224 0
    endloop
  endfacet
  facet normal 0.300747 -0.953704 0
    outer loop
      vertex 11.4186 1.59748 0
      vertex 11.56 1.64207 3.1
      vertex 11.4186 1.59748 3.1
    endloop
  endfacet
  facet normal 0.300747 -0.953704 0
    outer loop
      vertex 11.56 1.64207 3.1
      vertex 11.4186 1.59748 0
      vertex 11.56 1.64207 0
    endloop
  endfacet
  facet normal 0.216431 -0.976298 0
    outer loop
      vertex 11.56 1.64207 0
      vertex 11.7048 1.67417 3.1
      vertex 11.56 1.64207 3.1
    endloop
  endfacet
  facet normal 0.216431 -0.976298 0
    outer loop
      vertex 11.7048 1.67417 3.1
      vertex 11.56 1.64207 0
      vertex 11.7048 1.67417 0
    endloop
  endfacet
  facet normal 0.923772 0.382944 0
    outer loop
      vertex 10.4593 -0.718451 3.1
      vertex 10.4025 -0.581433 0
      vertex 10.4025 -0.581433 3.1
    endloop
  endfacet
  facet normal 0.923772 0.382944 0
    outer loop
      vertex 10.4025 -0.581433 0
      vertex 10.4593 -0.718451 3.1
      vertex 10.4593 -0.718451 0
    endloop
  endfacet
  facet normal -0.843652 -0.53689 0
    outer loop
      vertex 13.4722 0.849999 0
      vertex 13.3926 0.97508 3
      vertex 13.3926 0.97508 0
    endloop
  endfacet
  facet normal -0.843652 -0.53689 0
    outer loop
      vertex 13.3926 0.97508 3
      vertex 13.4722 0.849999 0
      vertex 13.4722 0.849999 3
    endloop
  endfacet
  facet normal -0.95371 0.300729 0
    outer loop
      vertex 13.5975 -0.581433 0
      vertex 13.6421 -0.439992 3
      vertex 13.6421 -0.439992 0
    endloop
  endfacet
  facet normal -0.95371 0.300729 0
    outer loop
      vertex 13.6421 -0.439992 3
      vertex 13.5975 -0.581433 0
      vertex 13.5975 -0.581433 3
    endloop
  endfacet
  facet normal -0.675383 -0.737467 0
    outer loop
      vertex 13.0927 1.30227 0
      vertex 13.2021 1.20208 3
      vertex 13.0927 1.30227 3
    endloop
  endfacet
  facet normal -0.675383 -0.737467 -0
    outer loop
      vertex 13.2021 1.20208 3
      vertex 13.0927 1.30227 0
      vertex 13.2021 1.20208 0
    endloop
  endfacet
  facet normal -0.537216 -0.843445 0
    outer loop
      vertex 12.85 1.47224 0
      vertex 12.9751 1.39256 3
      vertex 12.85 1.47224 3
    endloop
  endfacet
  facet normal -0.537216 -0.843445 -0
    outer loop
      vertex 12.9751 1.39256 3
      vertex 12.85 1.47224 0
      vertex 12.9751 1.39256 0
    endloop
  endfacet
  facet normal -0.999039 0.0438279 0
    outer loop
      vertex 13.6935 -0.148165 0
      vertex 13.7 0 3
      vertex 13.7 0 0
    endloop
  endfacet
  facet normal -0.999039 0.0438279 0
    outer loop
      vertex 13.7 0 3
      vertex 13.6935 -0.148165 0
      vertex 13.6935 -0.148165 3
    endloop
  endfacet
  facet normal 0.216431 0.976298 -0
    outer loop
      vertex 11.7048 -1.67417 0
      vertex 11.56 -1.64207 3.1
      vertex 11.7048 -1.67417 3.1
    endloop
  endfacet
  facet normal 0.216431 0.976298 0
    outer loop
      vertex 11.56 -1.64207 3.1
      vertex 11.7048 -1.67417 0
      vertex 11.56 -1.64207 0
    endloop
  endfacet
  facet normal -0.608984 -0.793183 0
    outer loop
      vertex 12.9751 1.39256 0
      vertex 13.0927 1.30227 3
      vertex 12.9751 1.39256 3
    endloop
  endfacet
  facet normal -0.608984 -0.793183 -0
    outer loop
      vertex 13.0927 1.30227 3
      vertex 12.9751 1.39256 0
      vertex 13.0927 1.30227 0
    endloop
  endfacet
  facet normal 0.95371 0.300729 0
    outer loop
      vertex 10.4025 -0.581433 3.1
      vertex 10.3579 -0.439992 0
      vertex 10.3579 -0.439992 3.1
    endloop
  endfacet
  facet normal 0.95371 0.300729 0
    outer loop
      vertex 10.3579 -0.439992 0
      vertex 10.4025 -0.581433 3.1
      vertex 10.4025 -0.581433 0
    endloop
  endfacet
  facet normal 0.608984 -0.793183 0
    outer loop
      vertex 10.9073 1.30227 0
      vertex 11.0249 1.39256 3.1
      vertex 10.9073 1.30227 3.1
    endloop
  endfacet
  facet normal 0.608984 -0.793183 0
    outer loop
      vertex 11.0249 1.39256 3.1
      vertex 10.9073 1.30227 0
      vertex 11.0249 1.39256 0
    endloop
  endfacet
  facet normal -0.216431 0.976298 0
    outer loop
      vertex 12.44 -1.64207 0
      vertex 12.2952 -1.67417 3
      vertex 12.44 -1.64207 3
    endloop
  endfacet
  facet normal -0.216431 0.976298 0
    outer loop
      vertex 12.2952 -1.67417 3
      vertex 12.44 -1.64207 0
      vertex 12.2952 -1.67417 0
    endloop
  endfacet
  facet normal 0.382518 0.923948 -0
    outer loop
      vertex 11.4186 -1.59748 0
      vertex 11.2815 -1.54072 3.1
      vertex 11.4186 -1.59748 3.1
    endloop
  endfacet
  facet normal 0.382518 0.923948 0
    outer loop
      vertex 11.2815 -1.54072 3.1
      vertex 11.4186 -1.59748 0
      vertex 11.2815 -1.54072 0
    endloop
  endfacet
  facet normal -0.461884 0.886941 0
    outer loop
      vertex 12.85 -1.47224 0
      vertex 12.7185 -1.54072 3
      vertex 12.85 -1.47224 3
    endloop
  endfacet
  facet normal -0.461884 0.886941 0
    outer loop
      vertex 12.7185 -1.54072 3
      vertex 12.85 -1.47224 0
      vertex 12.7185 -1.54072 0
    endloop
  endfacet
  facet normal 0.0435633 -0.999051 0
    outer loop
      vertex 11.8518 1.69353 3.1
      vertex 11.869 1.69428 3
      vertex 11.869 1.69428 3.1
    endloop
  endfacet
  facet normal 0.0435633 -0.999051 0
    outer loop
      vertex 11.8518 1.69353 0
      vertex 11.869 1.69428 3
      vertex 11.8518 1.69353 3.1
    endloop
  endfacet
  facet normal 0.0436226 -0.999048 -3.40642e-07
    outer loop
      vertex 11.8518 1.69353 0
      vertex 12 1.7 3
      vertex 11.869 1.69428 3
    endloop
  endfacet
  facet normal 0.0436157 -0.999048 0
    outer loop
      vertex 12 1.7 3
      vertex 11.8518 1.69353 0
      vertex 12 1.7 0
    endloop
  endfacet
  facet normal 0.537216 0.843445 -0
    outer loop
      vertex 11.15 -1.47224 0
      vertex 11.0249 -1.39256 3.1
      vertex 11.15 -1.47224 3.1
    endloop
  endfacet
  facet normal 0.537216 0.843445 0
    outer loop
      vertex 11.0249 -1.39256 3.1
      vertex 11.15 -1.47224 0
      vertex 11.0249 -1.39256 0
    endloop
  endfacet
  facet normal -0.0436157 0.999048 0
    outer loop
      vertex 12.1482 -1.69353 0
      vertex 12 -1.7 3
      vertex 12.1482 -1.69353 3
    endloop
  endfacet
  facet normal -0.0436157 0.999048 0
    outer loop
      vertex 12 -1.7 3
      vertex 12.1482 -1.69353 0
      vertex 12 -1.7 0
    endloop
  endfacet
  facet normal 0.886954 0.461857 0
    outer loop
      vertex 10.5278 -0.849999 3.1
      vertex 10.4593 -0.718451 0
      vertex 10.4593 -0.718451 3.1
    endloop
  endfacet
  facet normal 0.886954 0.461857 0
    outer loop
      vertex 10.4593 -0.718451 0
      vertex 10.5278 -0.849999 3.1
      vertex 10.5278 -0.849999 0
    endloop
  endfacet
  facet normal -0.461884 -0.886941 0
    outer loop
      vertex 12.7185 1.54072 0
      vertex 12.85 1.47224 3
      vertex 12.7185 1.54072 3
    endloop
  endfacet
  facet normal -0.461884 -0.886941 -0
    outer loop
      vertex 12.85 1.47224 3
      vertex 12.7185 1.54072 0
      vertex 12.85 1.47224 0
    endloop
  endfacet
  facet normal -0.675383 0.737467 0
    outer loop
      vertex 13.2021 -1.20208 0
      vertex 13.0927 -1.30227 3
      vertex 13.2021 -1.20208 3
    endloop
  endfacet
  facet normal -0.675383 0.737467 0
    outer loop
      vertex 13.0927 -1.30227 3
      vertex 13.2021 -1.20208 0
      vertex 13.0927 -1.30227 0
    endloop
  endfacet
  facet normal -0.537216 0.843445 0
    outer loop
      vertex 12.9751 -1.39256 0
      vertex 12.85 -1.47224 3
      vertex 12.9751 -1.39256 3
    endloop
  endfacet
  facet normal -0.537216 0.843445 0
    outer loop
      vertex 12.85 -1.47224 3
      vertex 12.9751 -1.39256 0
      vertex 12.85 -1.47224 0
    endloop
  endfacet
  facet normal -0.7933 0.608831 0
    outer loop
      vertex 13.3023 -1.09274 0
      vertex 13.3926 -0.97508 3
      vertex 13.3926 -0.97508 0
    endloop
  endfacet
  facet normal -0.7933 0.608831 0
    outer loop
      vertex 13.3926 -0.97508 3
      vertex 13.3023 -1.09274 0
      vertex 13.3023 -1.09274 3
    endloop
  endfacet
  facet normal -0.608984 0.793183 0
    outer loop
      vertex 13.0927 -1.30227 0
      vertex 12.9751 -1.39256 3
      vertex 13.0927 -1.30227 3
    endloop
  endfacet
  facet normal -0.608984 0.793183 0
    outer loop
      vertex 12.9751 -1.39256 3
      vertex 13.0927 -1.30227 0
      vertex 12.9751 -1.39256 0
    endloop
  endfacet
  facet normal -0.923772 -0.382944 0
    outer loop
      vertex 13.5975 0.581433 0
      vertex 13.5407 0.718451 3
      vertex 13.5407 0.718451 0
    endloop
  endfacet
  facet normal -0.923772 -0.382944 0
    outer loop
      vertex 13.5407 0.718451 3
      vertex 13.5975 0.581433 0
      vertex 13.5975 0.581433 3
    endloop
  endfacet
  facet normal -0.737249 -0.675621 0
    outer loop
      vertex 13.3023 1.09274 0
      vertex 13.2021 1.20208 3
      vertex 13.2021 1.20208 0
    endloop
  endfacet
  facet normal -0.737249 -0.675621 0
    outer loop
      vertex 13.2021 1.20208 3
      vertex 13.3023 1.09274 0
      vertex 13.3023 1.09274 3
    endloop
  endfacet
  facet normal 0.923772 -0.382944 0
    outer loop
      vertex 10.4025 0.581433 3.1
      vertex 10.4593 0.718451 0
      vertex 10.4593 0.718451 3.1
    endloop
  endfacet
  facet normal 0.923772 -0.382944 0
    outer loop
      vertex 10.4593 0.718451 0
      vertex 10.4025 0.581433 3.1
      vertex 10.4025 0.581433 0
    endloop
  endfacet
  facet normal -0.382518 0.923948 0
    outer loop
      vertex 12.7185 -1.54072 0
      vertex 12.5814 -1.59748 3
      vertex 12.7185 -1.54072 3
    endloop
  endfacet
  facet normal -0.382518 0.923948 0
    outer loop
      vertex 12.5814 -1.59748 3
      vertex 12.7185 -1.54072 0
      vertex 12.5814 -1.59748 0
    endloop
  endfacet
  facet normal -0.886954 -0.461857 0
    outer loop
      vertex 13.5407 0.718451 0
      vertex 13.4722 0.849999 3
      vertex 13.4722 0.849999 0
    endloop
  endfacet
  facet normal -0.886954 -0.461857 0
    outer loop
      vertex 13.4722 0.849999 3
      vertex 13.5407 0.718451 0
      vertex 13.5407 0.718451 3
    endloop
  endfacet
  facet normal 0.675383 -0.737467 0
    outer loop
      vertex 10.7979 1.20208 0
      vertex 10.9073 1.30227 3.1
      vertex 10.7979 1.20208 3.1
    endloop
  endfacet
  facet normal 0.675383 -0.737467 0
    outer loop
      vertex 10.9073 1.30227 3.1
      vertex 10.7979 1.20208 0
      vertex 10.9073 1.30227 0
    endloop
  endfacet
  facet normal 0.675383 0.737467 -0
    outer loop
      vertex 10.9073 -1.30227 0
      vertex 10.7979 -1.20208 3.1
      vertex 10.9073 -1.30227 3.1
    endloop
  endfacet
  facet normal 0.675383 0.737467 0
    outer loop
      vertex 10.7979 -1.20208 3.1
      vertex 10.9073 -1.30227 0
      vertex 10.7979 -1.20208 0
    endloop
  endfacet
  facet normal -0.130573 -0.991439 0
    outer loop
      vertex 12.1482 1.69353 0
      vertex 12.2952 1.67417 3
      vertex 12.1482 1.69353 3
    endloop
  endfacet
  facet normal -0.130573 -0.991439 -0
    outer loop
      vertex 12.2952 1.67417 3
      vertex 12.1482 1.69353 0
      vertex 12.2952 1.67417 0
    endloop
  endfacet
  facet normal 0.461884 -0.886941 0
    outer loop
      vertex 11.15 1.47224 0
      vertex 11.2815 1.54072 3.1
      vertex 11.15 1.47224 3.1
    endloop
  endfacet
  facet normal 0.461884 -0.886941 0
    outer loop
      vertex 11.2815 1.54072 3.1
      vertex 11.15 1.47224 0
      vertex 11.2815 1.54072 0
    endloop
  endfacet
  facet normal 0.382518 -0.923948 0
    outer loop
      vertex 11.2815 1.54072 0
      vertex 11.4186 1.59748 3.1
      vertex 11.2815 1.54072 3.1
    endloop
  endfacet
  facet normal 0.382518 -0.923948 0
    outer loop
      vertex 11.4186 1.59748 3.1
      vertex 11.2815 1.54072 0
      vertex 11.4186 1.59748 0
    endloop
  endfacet
  facet normal 0.991495 -0.130144 0
    outer loop
      vertex 10.3065 0.148165 3.1
      vertex 10.3258 0.295201 0
      vertex 10.3258 0.295201 3.1
    endloop
  endfacet
  facet normal 0.991495 -0.130144 0
    outer loop
      vertex 10.3258 0.295201 0
      vertex 10.3065 0.148165 3.1
      vertex 10.3065 0.148165 0
    endloop
  endfacet
  facet normal 0.976295 -0.216444 0
    outer loop
      vertex 10.3258 0.295201 3.1
      vertex 10.3579 0.439992 0
      vertex 10.3579 0.439992 3.1
    endloop
  endfacet
  facet normal 0.976295 -0.216444 0
    outer loop
      vertex 10.3579 0.439992 0
      vertex 10.3258 0.295201 3.1
      vertex 10.3258 0.295201 0
    endloop
  endfacet
  facet normal -0.923772 0.382944 0
    outer loop
      vertex 13.5407 -0.718451 0
      vertex 13.5975 -0.581433 3
      vertex 13.5975 -0.581433 0
    endloop
  endfacet
  facet normal -0.923772 0.382944 0
    outer loop
      vertex 13.5975 -0.581433 3
      vertex 13.5407 -0.718451 0
      vertex 13.5407 -0.718451 3
    endloop
  endfacet
  facet normal -0.216431 -0.976298 0
    outer loop
      vertex 12.2952 1.67417 0
      vertex 12.44 1.64207 3
      vertex 12.2952 1.67417 3
    endloop
  endfacet
  facet normal -0.216431 -0.976298 -0
    outer loop
      vertex 12.44 1.64207 3
      vertex 12.2952 1.67417 0
      vertex 12.44 1.64207 0
    endloop
  endfacet
  facet normal 0.7933 -0.608831 0
    outer loop
      vertex 10.6074 0.97508 3.1
      vertex 10.6977 1.09274 0
      vertex 10.6977 1.09274 3.1
    endloop
  endfacet
  facet normal 0.7933 -0.608831 0
    outer loop
      vertex 10.6977 1.09274 0
      vertex 10.6074 0.97508 3.1
      vertex 10.6074 0.97508 0
    endloop
  endfacet
  facet normal 0.999039 0.0438279 0
    outer loop
      vertex 10.3065 -0.148165 3.1
      vertex 10.3 0 0
      vertex 10.3 0 3.1
    endloop
  endfacet
  facet normal 0.999039 0.0438279 0
    outer loop
      vertex 10.3 0 0
      vertex 10.3065 -0.148165 3.1
      vertex 10.3065 -0.148165 0
    endloop
  endfacet
  facet normal 0.461884 0.886941 -0
    outer loop
      vertex 11.2815 -1.54072 0
      vertex 11.15 -1.47224 3.1
      vertex 11.2815 -1.54072 3.1
    endloop
  endfacet
  facet normal 0.461884 0.886941 0
    outer loop
      vertex 11.15 -1.47224 3.1
      vertex 11.2815 -1.54072 0
      vertex 11.15 -1.47224 0
    endloop
  endfacet
  facet normal -0.0436157 -0.999048 0
    outer loop
      vertex 12 1.7 0
      vertex 12.1482 1.69353 3
      vertex 12 1.7 3
    endloop
  endfacet
  facet normal -0.0436157 -0.999048 -0
    outer loop
      vertex 12.1482 1.69353 3
      vertex 12 1.7 0
      vertex 12.1482 1.69353 0
    endloop
  endfacet
  facet normal -0.976295 0.216444 0
    outer loop
      vertex 13.6421 -0.439992 0
      vertex 13.6742 -0.295201 3
      vertex 13.6742 -0.295201 0
    endloop
  endfacet
  facet normal -0.976295 0.216444 0
    outer loop
      vertex 13.6742 -0.295201 3
      vertex 13.6421 -0.439992 0
      vertex 13.6421 -0.439992 3
    endloop
  endfacet
  facet normal 0.737249 0.675621 0
    outer loop
      vertex 10.7979 -1.20208 3.1
      vertex 10.6977 -1.09274 0
      vertex 10.6977 -1.09274 3.1
    endloop
  endfacet
  facet normal 0.737249 0.675621 0
    outer loop
      vertex 10.6977 -1.09274 0
      vertex 10.7979 -1.20208 3.1
      vertex 10.7979 -1.20208 0
    endloop
  endfacet
  facet normal 0.976295 0.216444 0
    outer loop
      vertex 10.3579 -0.439992 3.1
      vertex 10.3258 -0.295201 0
      vertex 10.3258 -0.295201 3.1
    endloop
  endfacet
  facet normal 0.976295 0.216444 0
    outer loop
      vertex 10.3258 -0.295201 0
      vertex 10.3579 -0.439992 3.1
      vertex 10.3579 -0.439992 0
    endloop
  endfacet
  facet normal -0.886954 0.461857 0
    outer loop
      vertex 13.4722 -0.849999 0
      vertex 13.5407 -0.718451 3
      vertex 13.5407 -0.718451 0
    endloop
  endfacet
  facet normal -0.886954 0.461857 0
    outer loop
      vertex 13.5407 -0.718451 3
      vertex 13.4722 -0.849999 0
      vertex 13.4722 -0.849999 3
    endloop
  endfacet
  facet normal -0.382518 -0.923948 0
    outer loop
      vertex 12.5814 1.59748 0
      vertex 12.7185 1.54072 3
      vertex 12.5814 1.59748 3
    endloop
  endfacet
  facet normal -0.382518 -0.923948 -0
    outer loop
      vertex 12.7185 1.54072 3
      vertex 12.5814 1.59748 0
      vertex 12.7185 1.54072 0
    endloop
  endfacet
  facet normal -0.300747 -0.953704 0
    outer loop
      vertex 12.44 1.64207 0
      vertex 12.5814 1.59748 3
      vertex 12.44 1.64207 3
    endloop
  endfacet
  facet normal -0.300747 -0.953704 -0
    outer loop
      vertex 12.5814 1.59748 3
      vertex 12.44 1.64207 0
      vertex 12.5814 1.59748 0
    endloop
  endfacet
  facet normal 0.737249 -0.675621 0
    outer loop
      vertex 10.6977 1.09274 3.1
      vertex 10.7979 1.20208 0
      vertex 10.7979 1.20208 3.1
    endloop
  endfacet
  facet normal 0.737249 -0.675621 0
    outer loop
      vertex 10.7979 1.20208 0
      vertex 10.6977 1.09274 3.1
      vertex 10.6977 1.09274 0
    endloop
  endfacet
  facet normal 0.130573 -0.991439 0
    outer loop
      vertex 11.7048 1.67417 0
      vertex 11.8518 1.69353 3.1
      vertex 11.7048 1.67417 3.1
    endloop
  endfacet
  facet normal 0.130573 -0.991439 0
    outer loop
      vertex 11.8518 1.69353 3.1
      vertex 11.7048 1.67417 0
      vertex 11.8518 1.69353 0
    endloop
  endfacet
  facet normal 0.608984 0.793183 -0
    outer loop
      vertex 11.0249 -1.39256 0
      vertex 10.9073 -1.30227 3.1
      vertex 11.0249 -1.39256 3.1
    endloop
  endfacet
  facet normal 0.608984 0.793183 0
    outer loop
      vertex 10.9073 -1.30227 3.1
      vertex 11.0249 -1.39256 0
      vertex 10.9073 -1.30227 0
    endloop
  endfacet
  facet normal -0.843652 0.53689 0
    outer loop
      vertex 13.3926 -0.97508 0
      vertex 13.4722 -0.849999 3
      vertex 13.4722 -0.849999 0
    endloop
  endfacet
  facet normal -0.843652 0.53689 0
    outer loop
      vertex 13.4722 -0.849999 3
      vertex 13.3926 -0.97508 0
      vertex 13.3926 -0.97508 3
    endloop
  endfacet
  facet normal 0.300747 0.953704 -0
    outer loop
      vertex 11.56 -1.64207 0
      vertex 11.4186 -1.59748 3.1
      vertex 11.56 -1.64207 3.1
    endloop
  endfacet
  facet normal 0.300747 0.953704 0
    outer loop
      vertex 11.4186 -1.59748 3.1
      vertex 11.56 -1.64207 0
      vertex 11.4186 -1.59748 0
    endloop
  endfacet
  facet normal 0.991495 0.130144 0
    outer loop
      vertex 10.3258 -0.295201 3.1
      vertex 10.3065 -0.148165 0
      vertex 10.3065 -0.148165 3.1
    endloop
  endfacet
  facet normal 0.991495 0.130144 0
    outer loop
      vertex 10.3065 -0.148165 0
      vertex 10.3258 -0.295201 3.1
      vertex 10.3258 -0.295201 0
    endloop
  endfacet
  facet normal 0 0 -1
    outer loop
      vertex 10.6074 -0.97508 3.1
      vertex 12 0 3.1
      vertex 11.9543 -1.04587 3.1
    endloop
  endfacet
  facet normal 0 0 -1
    outer loop
      vertex 11.8518 -1.69353 3.1
      vertex 11.9543 -1.04587 3.1
      vertex 11.869 -1.69428 3.1
    endloop
  endfacet
  facet normal 0 0 -1
    outer loop
      vertex 11.56 -1.64207 3.1
      vertex 11.9543 -1.04587 3.1
      vertex 11.7048 -1.67417 3.1
    endloop
  endfacet
  facet normal 0 0 -1
    outer loop
      vertex 11.9543 -1.04587 3.1
      vertex 11.8518 -1.69353 3.1
      vertex 11.7048 -1.67417 3.1
    endloop
  endfacet
  facet normal 0 0 -1
    outer loop
      vertex 11.4186 -1.59748 3.1
      vertex 11.9543 -1.04587 3.1
      vertex 11.56 -1.64207 3.1
    endloop
  endfacet
  facet normal 0 -0 -1
    outer loop
      vertex 11.8518 1.69353 3.1
      vertex 11.9543 1.04587 3.1
      vertex 11.7048 1.67417 3.1
    endloop
  endfacet
  facet normal 0 0 -1
    outer loop
      vertex 11.9543 1.04587 3.1
      vertex 11.8518 1.69353 3.1
      vertex 11.869 1.69428 3.1
    endloop
  endfacet
  facet normal 0 0 -1
    outer loop
      vertex 11.2815 -1.54072 3.1
      vertex 11.9543 -1.04587 3.1
      vertex 11.4186 -1.59748 3.1
    endloop
  endfacet
  facet normal 0 0 -1
    outer loop
      vertex 11.9543 1.04587 3.1
      vertex 11.56 1.64207 3.1
      vertex 11.7048 1.67417 3.1
    endloop
  endfacet
  facet normal 0 0 -1
    outer loop
      vertex 11.15 -1.47224 3.1
      vertex 11.9543 -1.04587 3.1
      vertex 11.2815 -1.54072 3.1
    endloop
  endfacet
  facet normal 0 0 -1
    outer loop
      vertex 11.9543 1.04587 3.1
      vertex 11.4186 1.59748 3.1
      vertex 11.56 1.64207 3.1
    endloop
  endfacet
  facet normal 0 0 -1
    outer loop
      vertex 11.0249 -1.39256 3.1
      vertex 11.9543 -1.04587 3.1
      vertex 11.15 -1.47224 3.1
    endloop
  endfacet
  facet normal 0 0 -1
    outer loop
      vertex 11.9543 1.04587 3.1
      vertex 11.2815 1.54072 3.1
      vertex 11.4186 1.59748 3.1
    endloop
  endfacet
  facet normal 0 0 -1
    outer loop
      vertex 10.9073 -1.30227 3.1
      vertex 11.9543 -1.04587 3.1
      vertex 11.0249 -1.39256 3.1
    endloop
  endfacet
  facet normal 0 0 -1
    outer loop
      vertex 11.9543 1.04587 3.1
      vertex 11.15 1.47224 3.1
      vertex 11.2815 1.54072 3.1
    endloop
  endfacet
  facet normal 0 0 -1
    outer loop
      vertex 10.7979 -1.20208 3.1
      vertex 11.9543 -1.04587 3.1
      vertex 10.9073 -1.30227 3.1
    endloop
  endfacet
  facet normal 0 0 -1
    outer loop
      vertex 11.9543 1.04587 3.1
      vertex 11.0249 1.39256 3.1
      vertex 11.15 1.47224 3.1
    endloop
  endfacet
  facet normal 0 0 -1
    outer loop
      vertex 10.6977 -1.09274 3.1
      vertex 11.9543 -1.04587 3.1
      vertex 10.7979 -1.20208 3.1
    endloop
  endfacet
  facet normal 0 0 -1
    outer loop
      vertex 11.9543 1.04587 3.1
      vertex 10.9073 1.30227 3.1
      vertex 11.0249 1.39256 3.1
    endloop
  endfacet
  facet normal 0 0 -1
    outer loop
      vertex 10.6074 -0.97508 3.1
      vertex 11.9543 -1.04587 3.1
      vertex 10.6977 -1.09274 3.1
    endloop
  endfacet
  facet normal 0 0 -1
    outer loop
      vertex 11.9543 1.04587 3.1
      vertex 10.7979 1.20208 3.1
      vertex 10.9073 1.30227 3.1
    endloop
  endfacet
  facet normal 0 0 -1
    outer loop
      vertex 12 0 3.1
      vertex 10.6074 -0.97508 3.1
      vertex 10.5278 -0.849999 3.1
    endloop
  endfacet
  facet normal 0 0 -1
    outer loop
      vertex 11.9543 1.04587 3.1
      vertex 10.6977 1.09274 3.1
      vertex 10.7979 1.20208 3.1
    endloop
  endfacet
  facet normal 0 0 -1
    outer loop
      vertex 12 0 3.1
      vertex 10.5278 -0.849999 3.1
      vertex 10.4593 -0.718451 3.1
    endloop
  endfacet
  facet normal -0 0 -1
    outer loop
      vertex 11.9543 1.04587 3.1
      vertex 10.6074 0.97508 3.1
      vertex 10.6977 1.09274 3.1
    endloop
  endfacet
  facet normal 0 0 -1
    outer loop
      vertex 12 0 3.1
      vertex 10.4593 -0.718451 3.1
      vertex 10.4025 -0.581433 3.1
    endloop
  endfacet
  facet normal 0 0 -1
    outer loop
      vertex 12 0 3.1
      vertex 10.6074 0.97508 3.1
      vertex 11.9543 1.04587 3.1
    endloop
  endfacet
  facet normal 0 0 -1
    outer loop
      vertex 12 0 3.1
      vertex 10.4025 -0.581433 3.1
      vertex 10.3579 -0.439992 3.1
    endloop
  endfacet
  facet normal 0 -0 -1
    outer loop
      vertex 10.6074 0.97508 3.1
      vertex 12 0 3.1
      vertex 10.5278 0.849999 3.1
    endloop
  endfacet
  facet normal 0 0 -1
    outer loop
      vertex 12 0 3.1
      vertex 10.3579 -0.439992 3.1
      vertex 10.3258 -0.295201 3.1
    endloop
  endfacet
  facet normal 0 -0 -1
    outer loop
      vertex 10.5278 0.849999 3.1
      vertex 12 0 3.1
      vertex 10.4593 0.718451 3.1
    endloop
  endfacet
  facet normal 0 0 -1
    outer loop
      vertex 12 0 3.1
      vertex 10.3258 -0.295201 3.1
      vertex 10.3065 -0.148165 3.1
    endloop
  endfacet
  facet normal 0 -0 -1
    outer loop
      vertex 10.4593 0.718451 3.1
      vertex 12 0 3.1
      vertex 10.4025 0.581433 3.1
    endloop
  endfacet
  facet normal -0 0 -1
    outer loop
      vertex 12 0 3.1
      vertex 10.3065 -0.148165 3.1
      vertex 10.3 0 3.1
    endloop
  endfacet
  facet normal 0 -0 -1
    outer loop
      vertex 10.4025 0.581433 3.1
      vertex 12 0 3.1
      vertex 10.3579 0.439992 3.1
    endloop
  endfacet
  facet normal 0 -0 -1
    outer loop
      vertex 10.3065 0.148165 3.1
      vertex 12 0 3.1
      vertex 10.3 0 3.1
    endloop
  endfacet
  facet normal 0 -0 -1
    outer loop
      vertex 10.3579 0.439992 3.1
      vertex 12 0 3.1
      vertex 10.3258 0.295201 3.1
    endloop
  endfacet
  facet normal 0 -0 -1
    outer loop
      vertex 10.3258 0.295201 3.1
      vertex 12 0 3.1
      vertex 10.3065 0.148165 3.1
    endloop
  endfacet
  facet normal 0.843652 0.53689 0
    outer loop
      vertex 10.6074 -0.97508 3.1
      vertex 10.5278 -0.849999 0
      vertex 10.5278 -0.849999 3.1
    endloop
  endfacet
  facet normal 0.843652 0.53689 0
    outer loop
      vertex 10.5278 -0.849999 0
      vertex 10.6074 -0.97508 3.1
      vertex 10.6074 -0.97508 0
    endloop
  endfacet
  facet normal 0.999039 -0.0438279 0
    outer loop
      vertex 10.3 0 3.1
      vertex 10.3065 0.148165 0
      vertex 10.3065 0.148165 3.1
    endloop
  endfacet
  facet normal 0.999039 -0.0438279 0
    outer loop
      vertex 10.3065 0.148165 0
      vertex 10.3 0 3.1
      vertex 10.3 0 0
    endloop
  endfacet
  facet normal 0.886954 -0.461857 0
    outer loop
      vertex 10.4593 0.718451 3.1
      vertex 10.5278 0.849999 0
      vertex 10.5278 0.849999 3.1
    endloop
  endfacet
  facet normal 0.886954 -0.461857 0
    outer loop
      vertex 10.5278 0.849999 0
      vertex 10.4593 0.718451 3.1
      vertex 10.4593 0.718451 0
    endloop
  endfacet
  facet normal -0.991495 0.130144 0
    outer loop
      vertex 13.6742 -0.295201 0
      vertex 13.6935 -0.148165 3
      vertex 13.6935 -0.148165 0
    endloop
  endfacet
  facet normal -0.991495 0.130144 0
    outer loop
      vertex 13.6935 -0.148165 3
      vertex 13.6742 -0.295201 0
      vertex 13.6742 -0.295201 3
    endloop
  endfacet
  facet normal -0.737249 0.675621 0
    outer loop
      vertex 13.2021 -1.20208 0
      vertex 13.3023 -1.09274 3
      vertex 13.3023 -1.09274 0
    endloop
  endfacet
  facet normal -0.737249 0.675621 0
    outer loop
      vertex 13.3023 -1.09274 3
      vertex 13.2021 -1.20208 0
      vertex 13.2021 -1.20208 3
    endloop
  endfacet
  facet normal 0.0436226 0.999048 0
    outer loop
      vertex 12 -1.7 3
      vertex 12 -1.7 0
      vertex 11.869 -1.69428 3
    endloop
  endfacet
  facet normal 0.0435633 0.999051 -0
    outer loop
      vertex 11.869 -1.69428 3
      vertex 11.8518 -1.69353 3.1
      vertex 11.869 -1.69428 3.1
    endloop
  endfacet
  facet normal 0.0436157 0.999048 -3.01108e-07
    outer loop
      vertex 11.8518 -1.69353 0
      vertex 11.869 -1.69428 3
      vertex 12 -1.7 0
    endloop
  endfacet
  facet normal 0.0435633 0.999051 0
    outer loop
      vertex 11.869 -1.69428 3
      vertex 11.8518 -1.69353 0
      vertex 11.8518 -1.69353 3.1
    endloop
  endfacet
  facet normal 0.130573 0.991439 -0
    outer loop
      vertex 11.8518 -1.69353 0
      vertex 11.7048 -1.67417 3.1
      vertex 11.8518 -1.69353 3.1
    endloop
  endfacet
  facet normal 0.130573 0.991439 0
    outer loop
      vertex 11.7048 -1.67417 3.1
      vertex 11.8518 -1.69353 0
      vertex 11.7048 -1.67417 0
    endloop
  endfacet
  facet normal 0.843652 -0.53689 0
    outer loop
      vertex 10.5278 0.849999 3.1
      vertex 10.6074 0.97508 0
      vertex 10.6074 0.97508 3.1
    endloop
  endfacet
  facet normal 0.843652 -0.53689 0
    outer loop
      vertex 10.6074 0.97508 0
      vertex 10.5278 0.849999 3.1
      vertex 10.5278 0.849999 0
    endloop
  endfacet
  facet normal 0.953704 -0.300747 0
    outer loop
      vertex 4.35793 10.8323 3.1
      vertex 4.40252 10.9737 0
      vertex 4.40252 10.9737 3.1
    endloop
  endfacet
  facet normal 0.953704 -0.300747 0
    outer loop
      vertex 4.40252 10.9737 0
      vertex 4.35793 10.8323 3.1
      vertex 4.35793 10.8323 0
    endloop
  endfacet
  facet normal -0.382939 -0.923774 0
    outer loop
      vertex 6.58143 11.9898 0
      vertex 6.71845 11.933 3
      vertex 6.58143 11.9898 3
    endloop
  endfacet
  facet normal -0.382939 -0.923774 -0
    outer loop
      vertex 6.71845 11.933 3
      vertex 6.58143 11.9898 0
      vertex 6.71845 11.933 0
    endloop
  endfacet
  facet normal -0.461852 -0.886957 0
    outer loop
      vertex 6.71845 11.933 0
      vertex 6.85 11.8645 3
      vertex 6.71845 11.933 3
    endloop
  endfacet
  facet normal -0.461852 -0.886957 -0
    outer loop
      vertex 6.85 11.8645 3
      vertex 6.71845 11.933 0
      vertex 6.85 11.8645 0
    endloop
  endfacet
  facet normal -0.300731 -0.953709 0
    outer loop
      vertex 6.43999 12.0344 0
      vertex 6.58143 11.9898 3
      vertex 6.43999 12.0344 3
    endloop
  endfacet
  facet normal -0.300731 -0.953709 -0
    outer loop
      vertex 6.58143 11.9898 3
      vertex 6.43999 12.0344 0
      vertex 6.58143 11.9898 0
    endloop
  endfacet
  facet normal -0.216445 -0.976295 0
    outer loop
      vertex 6.2952 12.0665 0
      vertex 6.43999 12.0344 3
      vertex 6.2952 12.0665 3
    endloop
  endfacet
  facet normal -0.216445 -0.976295 -0
    outer loop
      vertex 6.43999 12.0344 3
      vertex 6.2952 12.0665 0
      vertex 6.43999 12.0344 0
    endloop
  endfacet
  facet normal -0.793183 -0.608984 0
    outer loop
      vertex 7.39256 11.3674 0
      vertex 7.30227 11.485 3
      vertex 7.30227 11.485 0
    endloop
  endfacet
  facet normal -0.793183 -0.608984 0
    outer loop
      vertex 7.30227 11.485 3
      vertex 7.39256 11.3674 0
      vertex 7.39256 11.3674 3
    endloop
  endfacet
  facet normal -0.536893 -0.84365 0
    outer loop
      vertex 6.85 11.8645 0
      vertex 6.97508 11.7849 3
      vertex 6.85 11.8645 3
    endloop
  endfacet
  facet normal -0.536893 -0.84365 -0
    outer loop
      vertex 6.97508 11.7849 3
      vertex 6.85 11.8645 0
      vertex 6.97508 11.7849 0
    endloop
  endfacet
  facet normal -0.953728 0.30067 0
    outer loop
      vertex 7.59748 9.81087 0
      vertex 7.64207 9.95231 3
      vertex 7.64207 9.95231 0
    endloop
  endfacet
  facet normal -0.953728 0.30067 0
    outer loop
      vertex 7.64207 9.95231 3
      vertex 7.59748 9.81087 0
      vertex 7.59748 9.81087 3
    endloop
  endfacet
  facet normal -0.923948 -0.382518 0
    outer loop
      vertex 7.59748 10.9737 0
      vertex 7.54072 11.1108 3
      vertex 7.54072 11.1108 0
    endloop
  endfacet
  facet normal -0.923948 -0.382518 0
    outer loop
      vertex 7.54072 11.1108 3
      vertex 7.59748 10.9737 0
      vertex 7.59748 10.9737 3
    endloop
  endfacet
  facet normal 0 0 -1
    outer loop
      vertex 6.88292 9.82982 3.1
      vertex 7.39256 9.41722 3.1
      vertex 7.30227 9.29957 3.1
    endloop
  endfacet
  facet normal 0 0 -1
    outer loop
      vertex 6.88292 9.82982 3.1
      vertex 7.30227 9.29957 3.1
      vertex 7.20208 9.19022 3.1
    endloop
  endfacet
  facet normal 0 0 -1
    outer loop
      vertex 6.88292 9.82982 3.1
      vertex 7.20208 9.19022 3.1
      vertex 7.09274 9.09003 3.1
    endloop
  endfacet
  facet normal 0 0 -1
    outer loop
      vertex 6.88292 9.82982 3.1
      vertex 7.09274 9.09003 3.1
      vertex 6.97508 8.99975 3.1
    endloop
  endfacet
  facet normal 0 0 -1
    outer loop
      vertex 7.39256 9.41722 3.1
      vertex 6.88292 9.82982 3.1
      vertex 7.40177 9.43169 3.1
    endloop
  endfacet
  facet normal 0 0 -1
    outer loop
      vertex 6.85 8.92006 3.1
      vertex 6.88292 9.82982 3.1
      vertex 6.97508 8.99975 3.1
    endloop
  endfacet
  facet normal 0 0 -1
    outer loop
      vertex 6.71845 8.85158 3.1
      vertex 6.88292 9.82982 3.1
      vertex 6.85 8.92006 3.1
    endloop
  endfacet
  facet normal 0 0 -1
    outer loop
      vertex 6.58143 8.79483 3.1
      vertex 6.88292 9.82982 3.1
      vertex 6.71845 8.85158 3.1
    endloop
  endfacet
  facet normal 0 0 -1
    outer loop
      vertex 6.43999 8.75023 3.1
      vertex 6.88292 9.82982 3.1
      vertex 6.58143 8.79483 3.1
    endloop
  endfacet
  facet normal 0 0 -1
    outer loop
      vertex 6.2952 8.71813 3.1
      vertex 6.88292 9.82982 3.1
      vertex 6.43999 8.75023 3.1
    endloop
  endfacet
  facet normal 0 0 -1
    outer loop
      vertex 6.14816 8.69877 3.1
      vertex 6.88292 9.82982 3.1
      vertex 6.2952 8.71813 3.1
    endloop
  endfacet
  facet normal 0 0 -1
    outer loop
      vertex 6 10.3923 3.1
      vertex 6.14816 8.69877 3.1
      vertex 6 8.6923 3.1
    endloop
  endfacet
  facet normal 0 0 -1
    outer loop
      vertex 6.14816 8.69877 3.1
      vertex 6 10.3923 3.1
      vertex 6.88292 9.82982 3.1
    endloop
  endfacet
  facet normal 0 0 -1
    outer loop
      vertex 5.85183 8.69877 3.1
      vertex 6 10.3923 3.1
      vertex 6 8.6923 3.1
    endloop
  endfacet
  facet normal 0 0 -1
    outer loop
      vertex 5.7048 8.71813 3.1
      vertex 6 10.3923 3.1
      vertex 5.85183 8.69877 3.1
    endloop
  endfacet
  facet normal 0 0 -1
    outer loop
      vertex 5.56001 8.75023 3.1
      vertex 6 10.3923 3.1
      vertex 5.7048 8.71813 3.1
    endloop
  endfacet
  facet normal 0 0 -1
    outer loop
      vertex 5.41857 8.79483 3.1
      vertex 6 10.3923 3.1
      vertex 5.56001 8.75023 3.1
    endloop
  endfacet
  facet normal 0 0 -1
    outer loop
      vertex 5.28155 8.85158 3.1
      vertex 6 10.3923 3.1
      vertex 5.41857 8.79483 3.1
    endloop
  endfacet
  facet normal 0 0 -1
    outer loop
      vertex 5.15 8.92006 3.1
      vertex 6 10.3923 3.1
      vertex 5.28155 8.85158 3.1
    endloop
  endfacet
  facet normal 0 0 -1
    outer loop
      vertex 5.02492 8.99975 3.1
      vertex 6 10.3923 3.1
      vertex 5.15 8.92006 3.1
    endloop
  endfacet
  facet normal 0 0 -1
    outer loop
      vertex 4.90726 9.09003 3.1
      vertex 6 10.3923 3.1
      vertex 5.02492 8.99975 3.1
    endloop
  endfacet
  facet normal 0 0 -1
    outer loop
      vertex 4.79792 9.19022 3.1
      vertex 6 10.3923 3.1
      vertex 4.90726 9.09003 3.1
    endloop
  endfacet
  facet normal 0 0 -1
    outer loop
      vertex 4.69772 9.29957 3.1
      vertex 6 10.3923 3.1
      vertex 4.79792 9.19022 3.1
    endloop
  endfacet
  facet normal 0 0 -1
    outer loop
      vertex 4.60744 9.41722 3.1
      vertex 6 10.3923 3.1
      vertex 4.69772 9.29957 3.1
    endloop
  endfacet
  facet normal 0 0 -1
    outer loop
      vertex 4.52776 9.5423 3.1
      vertex 6 10.3923 3.1
      vertex 4.60744 9.41722 3.1
    endloop
  endfacet
  facet normal 0 0 -1
    outer loop
      vertex 4.45928 9.67385 3.1
      vertex 6 10.3923 3.1
      vertex 4.52776 9.5423 3.1
    endloop
  endfacet
  facet normal -0 0 -1
    outer loop
      vertex 6 10.3923 3.1
      vertex 4.45928 9.67385 3.1
      vertex 5.07142 10.8757 3.1
    endloop
  endfacet
  facet normal 0 0 -1
    outer loop
      vertex 4.40252 9.81087 3.1
      vertex 5.07142 10.8757 3.1
      vertex 4.45928 9.67385 3.1
    endloop
  endfacet
  facet normal 0 0 -1
    outer loop
      vertex 4.35793 9.95231 3.1
      vertex 5.07142 10.8757 3.1
      vertex 4.40252 9.81087 3.1
    endloop
  endfacet
  facet normal 0 -0 -1
    outer loop
      vertex 4.45928 11.1108 3.1
      vertex 5.07142 10.8757 3.1
      vertex 4.40252 10.9737 3.1
    endloop
  endfacet
  facet normal 0 0 -1
    outer loop
      vertex 5.07142 10.8757 3.1
      vertex 4.45928 11.1108 3.1
      vertex 4.4672 11.126 3.1
    endloop
  endfacet
  facet normal 0 0 -1
    outer loop
      vertex 4.32583 10.0971 3.1
      vertex 5.07142 10.8757 3.1
      vertex 4.35793 9.95231 3.1
    endloop
  endfacet
  facet normal -0 0 -1
    outer loop
      vertex 5.07142 10.8757 3.1
      vertex 4.35793 10.8323 3.1
      vertex 4.40252 10.9737 3.1
    endloop
  endfacet
  facet normal 0 0 -1
    outer loop
      vertex 4.30647 10.2441 3.1
      vertex 5.07142 10.8757 3.1
      vertex 4.32583 10.0971 3.1
    endloop
  endfacet
  facet normal 0 0 -1
    outer loop
      vertex 5.07142 10.8757 3.1
      vertex 4.32583 10.6875 3.1
      vertex 4.35793 10.8323 3.1
    endloop
  endfacet
  facet normal 0 0 -1
    outer loop
      vertex 4.3 10.3923 3.1
      vertex 5.07142 10.8757 3.1
      vertex 4.30647 10.2441 3.1
    endloop
  endfacet
  facet normal 0 0 -1
    outer loop
      vertex 5.07142 10.8757 3.1
      vertex 4.30647 10.5405 3.1
      vertex 4.32583 10.6875 3.1
    endloop
  endfacet
  facet normal 0 0 -1
    outer loop
      vertex 5.07142 10.8757 3.1
      vertex 4.3 10.3923 3.1
      vertex 4.30647 10.5405 3.1
    endloop
  endfacet
  facet normal 0.843445 -0.537216 0
    outer loop
      vertex 4.52776 11.2423 3
      vertex 4.60744 11.3674 0
      vertex 4.60744 11.3674 3
    endloop
  endfacet
  facet normal 0.843445 -0.537216 0
    outer loop
      vertex 4.60744 11.3674 0
      vertex 4.52776 11.2423 3
      vertex 4.52776 11.2423 0
    endloop
  endfacet
  facet normal -0.0436274 0.999048 0
    outer loop
      vertex 6.14816 8.69877 0
      vertex 6 8.6923 3.1
      vertex 6.14816 8.69877 3.1
    endloop
  endfacet
  facet normal -0.0436274 0.999048 0
    outer loop
      vertex 6 8.6923 3.1
      vertex 6.14816 8.69877 0
      vertex 6 8.6923 0
    endloop
  endfacet
  facet normal 0.73728 0.675587 0
    outer loop
      vertex 4.79792 9.19022 3.1
      vertex 4.69772 9.29957 0
      vertex 4.69772 9.29957 3.1
    endloop
  endfacet
  facet normal 0.73728 0.675587 0
    outer loop
      vertex 4.69772 9.29957 0
      vertex 4.79792 9.19022 3.1
      vertex 4.79792 9.19022 0
    endloop
  endfacet
  facet normal 0.886834 -0.462087 0
    outer loop
      vertex 4.4672 11.126 3.1
      vertex 4.45928 11.1108 3.1
      vertex 4.4672 11.126 3
    endloop
  endfacet
  facet normal 0.886954 -0.461857 0
    outer loop
      vertex 4.4672 11.126 3
      vertex 4.52776 11.2423 0
      vertex 4.52776 11.2423 3
    endloop
  endfacet
  facet normal 0.886834 -0.462087 0
    outer loop
      vertex 4.45928 11.1108 0
      vertex 4.4672 11.126 3
      vertex 4.45928 11.1108 3.1
    endloop
  endfacet
  facet normal 0.886941 -0.461884 -1.31299e-06
    outer loop
      vertex 4.4672 11.126 3
      vertex 4.45928 11.1108 0
      vertex 4.52776 11.2423 0
    endloop
  endfacet
  facet normal 0.923948 -0.382518 0
    outer loop
      vertex 4.40252 10.9737 3.1
      vertex 4.45928 11.1108 0
      vertex 4.45928 11.1108 3.1
    endloop
  endfacet
  facet normal 0.923948 -0.382518 0
    outer loop
      vertex 4.45928 11.1108 0
      vertex 4.40252 10.9737 3.1
      vertex 4.40252 10.9737 0
    endloop
  endfacet
  facet normal 0.991439 0.130573 0
    outer loop
      vertex 4.32583 10.0971 3.1
      vertex 4.30647 10.2441 0
      vertex 4.30647 10.2441 3.1
    endloop
  endfacet
  facet normal 0.991439 0.130573 0
    outer loop
      vertex 4.30647 10.2441 0
      vertex 4.32583 10.0971 3.1
      vertex 4.32583 10.0971 0
    endloop
  endfacet
  facet normal 0.923869 0.382709 0
    outer loop
      vertex 4.45928 9.67385 3.1
      vertex 4.40252 9.81087 0
      vertex 4.40252 9.81087 3.1
    endloop
  endfacet
  facet normal 0.923869 0.382709 0
    outer loop
      vertex 4.40252 9.81087 0
      vertex 4.45928 9.67385 3.1
      vertex 4.45928 9.67385 0
    endloop
  endfacet
  facet normal -0.130538 0.991443 0
    outer loop
      vertex 6.2952 8.71813 0
      vertex 6.14816 8.69877 3.1
      vertex 6.2952 8.71813 3.1
    endloop
  endfacet
  facet normal -0.130538 0.991443 0
    outer loop
      vertex 6.14816 8.69877 3.1
      vertex 6.2952 8.71813 0
      vertex 6.14816 8.69877 0
    endloop
  endfacet
  facet normal 0.216445 0.976295 -0
    outer loop
      vertex 5.7048 8.71813 0
      vertex 5.56001 8.75023 3.1
      vertex 5.7048 8.71813 3.1
    endloop
  endfacet
  facet normal 0.216445 0.976295 0
    outer loop
      vertex 5.56001 8.75023 3.1
      vertex 5.7048 8.71813 0
      vertex 5.56001 8.75023 0
    endloop
  endfacet
  facet normal 0.999048 -0.0436157 0
    outer loop
      vertex 4.3 10.3923 3.1
      vertex 4.30647 10.5405 0
      vertex 4.30647 10.5405 3.1
    endloop
  endfacet
  facet normal 0.999048 -0.0436157 0
    outer loop
      vertex 4.30647 10.5405 0
      vertex 4.3 10.3923 3.1
      vertex 4.3 10.3923 0
    endloop
  endfacet
  facet normal 0.79334 0.608778 0
    outer loop
      vertex 4.69772 9.29957 3.1
      vertex 4.60744 9.41722 0
      vertex 4.60744 9.41722 3.1
    endloop
  endfacet
  facet normal 0.79334 0.608778 0
    outer loop
      vertex 4.60744 9.41722 0
      vertex 4.69772 9.29957 3.1
      vertex 4.69772 9.29957 0
    endloop
  endfacet
  facet normal 0.976295 0.216445 0
    outer loop
      vertex 4.35793 9.95231 3.1
      vertex 4.32583 10.0971 0
      vertex 4.32583 10.0971 3.1
    endloop
  endfacet
  facet normal 0.976295 0.216445 0
    outer loop
      vertex 4.32583 10.0971 0
      vertex 4.35793 9.95231 3.1
      vertex 4.35793 9.95231 0
    endloop
  endfacet
  facet normal 0.536893 -0.84365 0
    outer loop
      vertex 5.02492 11.7849 0
      vertex 5.15 11.8645 3
      vertex 5.02492 11.7849 3
    endloop
  endfacet
  facet normal 0.536893 -0.84365 0
    outer loop
      vertex 5.15 11.8645 3
      vertex 5.02492 11.7849 0
      vertex 5.15 11.8645 0
    endloop
  endfacet
  facet normal 0.0438264 -0.999039 0
    outer loop
      vertex 5.85183 12.0858 0
      vertex 6 12.0923 3
      vertex 5.85183 12.0858 3
    endloop
  endfacet
  facet normal 0.0438264 -0.999039 0
    outer loop
      vertex 6 12.0923 3
      vertex 5.85183 12.0858 0
      vertex 6 12.0923 0
    endloop
  endfacet
  facet normal -0.216445 0.976295 0
    outer loop
      vertex 6.43999 8.75023 0
      vertex 6.2952 8.71813 3.1
      vertex 6.43999 8.75023 3.1
    endloop
  endfacet
  facet normal -0.216445 0.976295 0
    outer loop
      vertex 6.2952 8.71813 3.1
      vertex 6.43999 8.75023 0
      vertex 6.2952 8.71813 0
    endloop
  endfacet
  facet normal 0.382939 -0.923774 0
    outer loop
      vertex 5.28155 11.933 0
      vertex 5.41857 11.9898 3
      vertex 5.28155 11.933 3
    endloop
  endfacet
  facet normal 0.382939 -0.923774 0
    outer loop
      vertex 5.41857 11.9898 3
      vertex 5.28155 11.933 0
      vertex 5.41857 11.9898 0
    endloop
  endfacet
  facet normal -0.991439 0.130573 0
    outer loop
      vertex 7.67417 10.0971 0
      vertex 7.69353 10.2441 3
      vertex 7.69353 10.2441 0
    endloop
  endfacet
  facet normal -0.991439 0.130573 0
    outer loop
      vertex 7.69353 10.2441 3
      vertex 7.67417 10.0971 0
      vertex 7.67417 10.0971 3
    endloop
  endfacet
  facet normal -0.675621 -0.737249 0
    outer loop
      vertex 7.09274 11.6946 0
      vertex 7.20208 11.5944 3
      vertex 7.09274 11.6946 3
    endloop
  endfacet
  facet normal -0.675621 -0.737249 -0
    outer loop
      vertex 7.20208 11.5944 3
      vertex 7.09274 11.6946 0
      vertex 7.20208 11.5944 0
    endloop
  endfacet
  facet normal 0.300731 -0.953709 0
    outer loop
      vertex 5.41857 11.9898 0
      vertex 5.56001 12.0344 3
      vertex 5.41857 11.9898 3
    endloop
  endfacet
  facet normal 0.300731 -0.953709 0
    outer loop
      vertex 5.56001 12.0344 3
      vertex 5.41857 11.9898 0
      vertex 5.56001 12.0344 0
    endloop
  endfacet
  facet normal -0.999048 0.0436157 0
    outer loop
      vertex 7.69353 10.2441 0
      vertex 7.7 10.3923 3
      vertex 7.7 10.3923 0
    endloop
  endfacet
  facet normal -0.999048 0.0436157 0
    outer loop
      vertex 7.7 10.3923 3
      vertex 7.69353 10.2441 0
      vertex 7.69353 10.2441 3
    endloop
  endfacet
  facet normal -0.976295 0.216445 0
    outer loop
      vertex 7.64207 9.95231 0
      vertex 7.67417 10.0971 3
      vertex 7.67417 10.0971 0
    endloop
  endfacet
  facet normal -0.976295 0.216445 0
    outer loop
      vertex 7.67417 10.0971 3
      vertex 7.64207 9.95231 0
      vertex 7.64207 9.95231 3
    endloop
  endfacet
  facet normal -0.130141 -0.991496 0
    outer loop
      vertex 6.14816 12.0858 0
      vertex 6.2952 12.0665 3
      vertex 6.14816 12.0858 3
    endloop
  endfacet
  facet normal -0.130141 -0.991496 -0
    outer loop
      vertex 6.2952 12.0665 3
      vertex 6.14816 12.0858 0
      vertex 6.2952 12.0665 0
    endloop
  endfacet
  facet normal 0.608746 0.793365 -0
    outer loop
      vertex 5.02492 8.99975 0
      vertex 4.90726 9.09003 3.1
      vertex 5.02492 8.99975 3.1
    endloop
  endfacet
  facet normal 0.608746 0.793365 0
    outer loop
      vertex 4.90726 9.09003 3.1
      vertex 5.02492 8.99975 0
      vertex 4.90726 9.09003 0
    endloop
  endfacet
  facet normal -0.461745 0.887012 0
    outer loop
      vertex 6.85 8.92006 0
      vertex 6.71845 8.85158 3.1
      vertex 6.85 8.92006 3.1
    endloop
  endfacet
  facet normal -0.461745 0.887012 0
    outer loop
      vertex 6.71845 8.85158 3.1
      vertex 6.85 8.92006 0
      vertex 6.71845 8.85158 0
    endloop
  endfacet
  facet normal -0.999048 -0.0436157 0
    outer loop
      vertex 7.7 10.3923 0
      vertex 7.69353 10.5405 3
      vertex 7.69353 10.5405 0
    endloop
  endfacet
  facet normal -0.999048 -0.0436157 0
    outer loop
      vertex 7.69353 10.5405 3
      vertex 7.7 10.3923 0
      vertex 7.7 10.3923 3
    endloop
  endfacet
  facet normal -0.608831 -0.7933 0
    outer loop
      vertex 6.97508 11.7849 0
      vertex 7.09274 11.6946 3
      vertex 6.97508 11.7849 3
    endloop
  endfacet
  facet normal -0.608831 -0.7933 -0
    outer loop
      vertex 7.09274 11.6946 3
      vertex 6.97508 11.7849 0
      vertex 7.09274 11.6946 0
    endloop
  endfacet
  facet normal 0.737434 -0.675419 0
    outer loop
      vertex 4.69772 11.485 3
      vertex 4.79792 11.5944 0
      vertex 4.79792 11.5944 3
    endloop
  endfacet
  facet normal 0.737434 -0.675419 0
    outer loop
      vertex 4.79792 11.5944 0
      vertex 4.69772 11.485 3
      vertex 4.69772 11.485 0
    endloop
  endfacet
  facet normal -0.976298 -0.216431 0
    outer loop
      vertex 7.67417 10.6875 0
      vertex 7.64207 10.8323 3
      vertex 7.64207 10.8323 0
    endloop
  endfacet
  facet normal -0.976298 -0.216431 0
    outer loop
      vertex 7.64207 10.8323 3
      vertex 7.67417 10.6875 0
      vertex 7.67417 10.6875 3
    endloop
  endfacet
  facet normal 0.130149 -0.991494 0
    outer loop
      vertex 5.7048 12.0665 0
      vertex 5.85183 12.0858 3
      vertex 5.7048 12.0665 3
    endloop
  endfacet
  facet normal 0.130149 -0.991494 0
    outer loop
      vertex 5.85183 12.0858 3
      vertex 5.7048 12.0665 0
      vertex 5.85183 12.0858 0
    endloop
  endfacet
  facet normal 0.793215 -0.608941 0
    outer loop
      vertex 4.60744 11.3674 3
      vertex 4.69772 11.485 0
      vertex 4.69772 11.485 3
    endloop
  endfacet
  facet normal 0.793215 -0.608941 0
    outer loop
      vertex 4.69772 11.485 0
      vertex 4.60744 11.3674 3
      vertex 4.60744 11.3674 0
    endloop
  endfacet
  facet normal -0.793308 0.608821 0
    outer loop
      vertex 7.30227 9.29957 0
      vertex 7.39256 9.41722 3.1
      vertex 7.39256 9.41722 0
    endloop
  endfacet
  facet normal -0.793308 0.608821 0
    outer loop
      vertex 7.39256 9.41722 3.1
      vertex 7.30227 9.29957 0
      vertex 7.30227 9.29957 3.1
    endloop
  endfacet
  facet normal 0.461852 -0.886957 0
    outer loop
      vertex 5.15 11.8645 0
      vertex 5.28155 11.933 3
      vertex 5.15 11.8645 3
    endloop
  endfacet
  facet normal 0.461852 -0.886957 0
    outer loop
      vertex 5.28155 11.933 3
      vertex 5.15 11.8645 0
      vertex 5.28155 11.933 0
    endloop
  endfacet
  facet normal 0.976298 -0.216431 0
    outer loop
      vertex 4.32583 10.6875 3.1
      vertex 4.35793 10.8323 0
      vertex 4.35793 10.8323 3.1
    endloop
  endfacet
  facet normal 0.976298 -0.216431 0
    outer loop
      vertex 4.35793 10.8323 0
      vertex 4.32583 10.6875 3.1
      vertex 4.32583 10.6875 0
    endloop
  endfacet
  facet normal -0.537325 0.843375 0
    outer loop
      vertex 6.97508 8.99975 0
      vertex 6.85 8.92006 3.1
      vertex 6.97508 8.99975 3.1
    endloop
  endfacet
  facet normal -0.537325 0.843375 0
    outer loop
      vertex 6.85 8.92006 3.1
      vertex 6.97508 8.99975 0
      vertex 6.85 8.92006 0
    endloop
  endfacet
  facet normal -0.887012 0.461745 0
    outer loop
      vertex 7.47224 9.5423 0
      vertex 7.54072 9.67385 3
      vertex 7.54072 9.67385 0
    endloop
  endfacet
  facet normal -0.887012 0.461745 0
    outer loop
      vertex 7.54072 9.67385 3
      vertex 7.47224 9.5423 0
      vertex 7.47224 9.5423 3
    endloop
  endfacet
  facet normal 0.608831 -0.7933 0
    outer loop
      vertex 4.90726 11.6946 0
      vertex 5.02492 11.7849 3
      vertex 4.90726 11.6946 3
    endloop
  endfacet
  facet normal 0.608831 -0.7933 0
    outer loop
      vertex 5.02492 11.7849 3
      vertex 4.90726 11.6946 0
      vertex 5.02492 11.7849 0
    endloop
  endfacet
  facet normal 0.216445 -0.976295 0
    outer loop
      vertex 5.56001 12.0344 0
      vertex 5.7048 12.0665 3
      vertex 5.56001 12.0344 3
    endloop
  endfacet
  facet normal 0.216445 -0.976295 0
    outer loop
      vertex 5.7048 12.0665 3
      vertex 5.56001 12.0344 0
      vertex 5.7048 12.0665 0
    endloop
  endfacet
  facet normal 0.0436245 0.999048 -0
    outer loop
      vertex 6 8.6923 0
      vertex 5.85183 8.69877 3.1
      vertex 6 8.6923 3.1
    endloop
  endfacet
  facet normal 0.0436245 0.999048 0
    outer loop
      vertex 5.85183 8.69877 3.1
      vertex 6 8.6923 0
      vertex 5.85183 8.69877 0
    endloop
  endfacet
  facet normal 0.300731 0.953709 -0
    outer loop
      vertex 5.56001 8.75023 0
      vertex 5.41857 8.79483 3.1
      vertex 5.56001 8.75023 3.1
    endloop
  endfacet
  facet normal 0.300731 0.953709 0
    outer loop
      vertex 5.41857 8.79483 3.1
      vertex 5.56001 8.75023 0
      vertex 5.41857 8.79483 0
    endloop
  endfacet
  facet normal -0.0438293 -0.999039 0
    outer loop
      vertex 6 12.0923 0
      vertex 6.14816 12.0858 3
      vertex 6 12.0923 3
    endloop
  endfacet
  facet normal -0.0438293 -0.999039 -0
    outer loop
      vertex 6.14816 12.0858 3
      vertex 6 12.0923 0
      vertex 6.14816 12.0858 0
    endloop
  endfacet
  facet normal -0.923869 0.382709 0
    outer loop
      vertex 7.54072 9.67385 0
      vertex 7.59748 9.81087 3
      vertex 7.59748 9.81087 0
    endloop
  endfacet
  facet normal -0.923869 0.382709 0
    outer loop
      vertex 7.59748 9.81087 3
      vertex 7.54072 9.67385 0
      vertex 7.54072 9.67385 3
    endloop
  endfacet
  facet normal -0.675584 0.737283 0
    outer loop
      vertex 7.20208 9.19022 0
      vertex 7.09274 9.09003 3.1
      vertex 7.20208 9.19022 3.1
    endloop
  endfacet
  facet normal -0.675584 0.737283 0
    outer loop
      vertex 7.09274 9.09003 3.1
      vertex 7.20208 9.19022 0
      vertex 7.09274 9.09003 0
    endloop
  endfacet
  facet normal -0.737467 -0.675383 0
    outer loop
      vertex 7.30227 11.485 0
      vertex 7.20208 11.5944 3
      vertex 7.20208 11.5944 0
    endloop
  endfacet
  facet normal -0.737467 -0.675383 0
    outer loop
      vertex 7.20208 11.5944 3
      vertex 7.30227 11.485 0
      vertex 7.30227 11.485 3
    endloop
  endfacet
  facet normal 0.953728 0.30067 0
    outer loop
      vertex 4.40252 9.81087 3.1
      vertex 4.35793 9.95231 0
      vertex 4.35793 9.95231 3.1
    endloop
  endfacet
  facet normal 0.953728 0.30067 0
    outer loop
      vertex 4.35793 9.95231 0
      vertex 4.40252 9.81087 3.1
      vertex 4.40252 9.81087 0
    endloop
  endfacet
  facet normal 0.461745 0.887012 -0
    outer loop
      vertex 5.28155 8.85158 0
      vertex 5.15 8.92006 3.1
      vertex 5.28155 8.85158 3.1
    endloop
  endfacet
  facet normal 0.461745 0.887012 0
    outer loop
      vertex 5.15 8.92006 3.1
      vertex 5.28155 8.85158 0
      vertex 5.15 8.92006 0
    endloop
  endfacet
  facet normal 0.130547 0.991442 -0
    outer loop
      vertex 5.85183 8.69877 0
      vertex 5.7048 8.71813 3.1
      vertex 5.85183 8.69877 3.1
    endloop
  endfacet
  facet normal 0.130547 0.991442 0
    outer loop
      vertex 5.7048 8.71813 3.1
      vertex 5.85183 8.69877 0
      vertex 5.7048 8.71813 0
    endloop
  endfacet
  facet normal 0.999048 0.0436157 0
    outer loop
      vertex 4.30647 10.2441 3.1
      vertex 4.3 10.3923 0
      vertex 4.3 10.3923 3.1
    endloop
  endfacet
  facet normal 0.999048 0.0436157 0
    outer loop
      vertex 4.3 10.3923 0
      vertex 4.30647 10.2441 3.1
      vertex 4.30647 10.2441 0
    endloop
  endfacet
  facet normal -0.382652 0.923893 0
    outer loop
      vertex 6.71845 8.85158 0
      vertex 6.58143 8.79483 3.1
      vertex 6.71845 8.85158 3.1
    endloop
  endfacet
  facet normal -0.382652 0.923893 0
    outer loop
      vertex 6.58143 8.79483 3.1
      vertex 6.71845 8.85158 0
      vertex 6.58143 8.79483 0
    endloop
  endfacet
  facet normal 0.991439 -0.130573 0
    outer loop
      vertex 4.30647 10.5405 3.1
      vertex 4.32583 10.6875 0
      vertex 4.32583 10.6875 3.1
    endloop
  endfacet
  facet normal 0.991439 -0.130573 0
    outer loop
      vertex 4.32583 10.6875 0
      vertex 4.30647 10.5405 3.1
      vertex 4.30647 10.5405 0
    endloop
  endfacet
  facet normal -0.300731 0.953709 0
    outer loop
      vertex 6.58143 8.79483 0
      vertex 6.43999 8.75023 3.1
      vertex 6.58143 8.79483 3.1
    endloop
  endfacet
  facet normal -0.300731 0.953709 0
    outer loop
      vertex 6.43999 8.75023 3.1
      vertex 6.58143 8.79483 0
      vertex 6.43999 8.75023 0
    endloop
  endfacet
  facet normal -0.843445 -0.537216 0
    outer loop
      vertex 7.47224 11.2423 0
      vertex 7.39256 11.3674 3
      vertex 7.39256 11.3674 0
    endloop
  endfacet
  facet normal -0.843445 -0.537216 0
    outer loop
      vertex 7.39256 11.3674 3
      vertex 7.47224 11.2423 0
      vertex 7.47224 11.2423 3
    endloop
  endfacet
  facet normal 0.675584 0.737283 -0
    outer loop
      vertex 4.90726 9.09003 0
      vertex 4.79792 9.19022 3.1
      vertex 4.90726 9.09003 3.1
    endloop
  endfacet
  facet normal 0.675584 0.737283 0
    outer loop
      vertex 4.79792 9.19022 3.1
      vertex 4.90726 9.09003 0
      vertex 4.79792 9.19022 0
    endloop
  endfacet
  facet normal -0.991439 -0.130573 0
    outer loop
      vertex 7.69353 10.5405 0
      vertex 7.67417 10.6875 3
      vertex 7.67417 10.6875 0
    endloop
  endfacet
  facet normal -0.991439 -0.130573 0
    outer loop
      vertex 7.67417 10.6875 3
      vertex 7.69353 10.5405 0
      vertex 7.69353 10.5405 3
    endloop
  endfacet
  facet normal 0.382652 0.923893 -0
    outer loop
      vertex 5.41857 8.79483 0
      vertex 5.28155 8.85158 3.1
      vertex 5.41857 8.79483 3.1
    endloop
  endfacet
  facet normal 0.382652 0.923893 0
    outer loop
      vertex 5.28155 8.85158 3.1
      vertex 5.41857 8.79483 0
      vertex 5.28155 8.85158 0
    endloop
  endfacet
  facet normal -0.608746 0.793365 0
    outer loop
      vertex 7.09274 9.09003 0
      vertex 6.97508 8.99975 3.1
      vertex 7.09274 9.09003 3.1
    endloop
  endfacet
  facet normal -0.608746 0.793365 0
    outer loop
      vertex 6.97508 8.99975 3.1
      vertex 7.09274 9.09003 0
      vertex 6.97508 8.99975 0
    endloop
  endfacet
  facet normal 0.843406 0.537277 0
    outer loop
      vertex 4.60744 9.41722 3.1
      vertex 4.52776 9.5423 0
      vertex 4.52776 9.5423 3.1
    endloop
  endfacet
  facet normal 0.843406 0.537277 0
    outer loop
      vertex 4.52776 9.5423 0
      vertex 4.60744 9.41722 3.1
      vertex 4.60744 9.41722 0
    endloop
  endfacet
  facet normal -0.886941 -0.461884 0
    outer loop
      vertex 7.54072 11.1108 0
      vertex 7.47224 11.2423 3
      vertex 7.47224 11.2423 0
    endloop
  endfacet
  facet normal -0.886941 -0.461884 0
    outer loop
      vertex 7.47224 11.2423 3
      vertex 7.54072 11.1108 0
      vertex 7.54072 11.1108 3
    endloop
  endfacet
  facet normal 0.537325 0.843375 -0
    outer loop
      vertex 5.15 8.92006 0
      vertex 5.02492 8.99975 3.1
      vertex 5.15 8.92006 3.1
    endloop
  endfacet
  facet normal 0.537325 0.843375 0
    outer loop
      vertex 5.02492 8.99975 3.1
      vertex 5.15 8.92006 0
      vertex 5.02492 8.99975 0
    endloop
  endfacet
  facet normal -0.737314 0.675551 0
    outer loop
      vertex 7.20208 9.19022 0
      vertex 7.30227 9.29957 3.1
      vertex 7.30227 9.29957 0
    endloop
  endfacet
  facet normal -0.737314 0.675551 0
    outer loop
      vertex 7.30227 9.29957 3.1
      vertex 7.20208 9.19022 0
      vertex 7.20208 9.19022 3.1
    endloop
  endfacet
  facet normal -0.953704 -0.300747 0
    outer loop
      vertex 7.64207 10.8323 0
      vertex 7.59748 10.9737 3
      vertex 7.59748 10.9737 0
    endloop
  endfacet
  facet normal -0.953704 -0.300747 0
    outer loop
      vertex 7.59748 10.9737 3
      vertex 7.64207 10.8323 0
      vertex 7.64207 10.8323 3
    endloop
  endfacet
  facet normal 0.675621 -0.737249 0
    outer loop
      vertex 4.79792 11.5944 0
      vertex 4.90726 11.6946 3
      vertex 4.79792 11.5944 3
    endloop
  endfacet
  facet normal 0.675621 -0.737249 0
    outer loop
      vertex 4.90726 11.6946 3
      vertex 4.79792 11.5944 0
      vertex 4.90726 11.6946 0
    endloop
  endfacet
  facet normal -0.843379 0.537319 0
    outer loop
      vertex 7.47224 9.5423 0
      vertex 7.40177 9.43169 3
      vertex 7.47224 9.5423 3
    endloop
  endfacet
  facet normal -0.843406 0.537277 -2.20898e-06
    outer loop
      vertex 7.39256 9.41722 0
      vertex 7.40177 9.43169 3
      vertex 7.47224 9.5423 0
    endloop
  endfacet
  facet normal -0.843613 0.536951 0
    outer loop
      vertex 7.39256 9.41722 3.1
      vertex 7.40177 9.43169 3
      vertex 7.39256 9.41722 0
    endloop
  endfacet
  facet normal -0.843613 0.536951 0
    outer loop
      vertex 7.40177 9.43169 3
      vertex 7.39256 9.41722 3.1
      vertex 7.40177 9.43169 3.1
    endloop
  endfacet
  facet normal 0.887012 0.461745 0
    outer loop
      vertex 4.52776 9.5423 3.1
      vertex 4.45928 9.67385 0
      vertex 4.45928 9.67385 3.1
    endloop
  endfacet
  facet normal 0.887012 0.461745 0
    outer loop
      vertex 4.45928 9.67385 0
      vertex 4.52776 9.5423 3.1
      vertex 4.52776 9.5423 0
    endloop
  endfacet
  facet normal 0.923948 -0.382518 0
    outer loop
      vertex -7.59748 10.9737 3
      vertex -7.54072 11.1108 0
      vertex -7.54072 11.1108 3
    endloop
  endfacet
  facet normal 0.923948 -0.382518 0
    outer loop
      vertex -7.54072 11.1108 0
      vertex -7.59748 10.9737 3
      vertex -7.59748 10.9737 0
    endloop
  endfacet
  facet normal 0.608831 -0.7933 0
    outer loop
      vertex -7.09274 11.6946 0
      vertex -6.97508 11.7849 3
      vertex -7.09274 11.6946 3
    endloop
  endfacet
  facet normal 0.608831 -0.7933 0
    outer loop
      vertex -6.97508 11.7849 3
      vertex -7.09274 11.6946 0
      vertex -6.97508 11.7849 0
    endloop
  endfacet
  facet normal 0.536893 -0.84365 0
    outer loop
      vertex -6.97508 11.7849 0
      vertex -6.85 11.8645 3
      vertex -6.97508 11.7849 3
    endloop
  endfacet
  facet normal 0.536893 -0.84365 0
    outer loop
      vertex -6.85 11.8645 3
      vertex -6.97508 11.7849 0
      vertex -6.85 11.8645 0
    endloop
  endfacet
  facet normal 0.675621 -0.737249 0
    outer loop
      vertex -7.20208 11.5944 0
      vertex -7.09274 11.6946 3
      vertex -7.20208 11.5944 3
    endloop
  endfacet
  facet normal 0.675621 -0.737249 0
    outer loop
      vertex -7.09274 11.6946 3
      vertex -7.20208 11.5944 0
      vertex -7.09274 11.6946 0
    endloop
  endfacet
  facet normal -0.675621 -0.737249 0
    outer loop
      vertex -4.90726 11.6946 0
      vertex -4.79792 11.5944 3
      vertex -4.90726 11.6946 3
    endloop
  endfacet
  facet normal -0.675621 -0.737249 -0
    outer loop
      vertex -4.79792 11.5944 3
      vertex -4.90726 11.6946 0
      vertex -4.79792 11.5944 0
    endloop
  endfacet
  facet normal 0.999048 -0.0436157 0
    outer loop
      vertex -7.7 10.3923 3
      vertex -7.69353 10.5405 0
      vertex -7.69353 10.5405 3
    endloop
  endfacet
  facet normal 0.999048 -0.0436157 0
    outer loop
      vertex -7.69353 10.5405 0
      vertex -7.7 10.3923 3
      vertex -7.7 10.3923 0
    endloop
  endfacet
  facet normal -0.886954 -0.461857 0
    outer loop
      vertex -4.52776 11.2423 0
      vertex -4.4672 11.126 3
      vertex -4.52776 11.2423 3
    endloop
  endfacet
  facet normal -0.886941 -0.461884 -1.31299e-06
    outer loop
      vertex -4.45928 11.1108 0
      vertex -4.4672 11.126 3
      vertex -4.52776 11.2423 0
    endloop
  endfacet
  facet normal -0.886834 -0.462087 -0
    outer loop
      vertex -4.45928 11.1108 3.1
      vertex -4.4672 11.126 3
      vertex -4.45928 11.1108 0
    endloop
  endfacet
  facet normal -0.886834 -0.462087 0
    outer loop
      vertex -4.4672 11.126 3
      vertex -4.45928 11.1108 3.1
      vertex -4.4672 11.126 3.1
    endloop
  endfacet
  facet normal -0.536893 -0.84365 0
    outer loop
      vertex -5.15 11.8645 0
      vertex -5.02492 11.7849 3
      vertex -5.15 11.8645 3
    endloop
  endfacet
  facet normal -0.536893 -0.84365 -0
    outer loop
      vertex -5.02492 11.7849 3
      vertex -5.15 11.8645 0
      vertex -5.02492 11.7849 0
    endloop
  endfacet
  facet normal -0.923948 -0.382518 0
    outer loop
      vertex -4.40252 10.9737 0
      vertex -4.45928 11.1108 3.1
      vertex -4.45928 11.1108 0
    endloop
  endfacet
  facet normal -0.923948 -0.382518 0
    outer loop
      vertex -4.45928 11.1108 3.1
      vertex -4.40252 10.9737 0
      vertex -4.40252 10.9737 3.1
    endloop
  endfacet
  facet normal -0.737434 -0.675419 0
    outer loop
      vertex -4.69772 11.485 0
      vertex -4.79792 11.5944 3
      vertex -4.79792 11.5944 0
    endloop
  endfacet
  facet normal -0.737434 -0.675419 0
    outer loop
      vertex -4.79792 11.5944 3
      vertex -4.69772 11.485 0
      vertex -4.69772 11.485 3
    endloop
  endfacet
  facet normal 0.300731 0.953709 -0
    outer loop
      vertex -6.43999 8.75023 0
      vertex -6.58143 8.79483 3.1
      vertex -6.43999 8.75023 3.1
    endloop
  endfacet
  facet normal 0.300731 0.953709 0
    outer loop
      vertex -6.58143 8.79483 3.1
      vertex -6.43999 8.75023 0
      vertex -6.58143 8.79483 0
    endloop
  endfacet
  facet normal -0.300731 -0.953709 0
    outer loop
      vertex -5.56001 12.0344 0
      vertex -5.41857 11.9898 3
      vertex -5.56001 12.0344 3
    endloop
  endfacet
  facet normal -0.300731 -0.953709 -0
    outer loop
      vertex -5.41857 11.9898 3
      vertex -5.56001 12.0344 0
      vertex -5.41857 11.9898 0
    endloop
  endfacet
  facet normal 0.737314 0.675551 0
    outer loop
      vertex -7.20208 9.19022 3.1
      vertex -7.30227 9.29957 0
      vertex -7.30227 9.29957 3.1
    endloop
  endfacet
  facet normal 0.737314 0.675551 0
    outer loop
      vertex -7.30227 9.29957 0
      vertex -7.20208 9.19022 3.1
      vertex -7.20208 9.19022 0
    endloop
  endfacet
  facet normal -0.999048 -0.0436157 0
    outer loop
      vertex -4.3 10.3923 0
      vertex -4.30647 10.5405 3.1
      vertex -4.30647 10.5405 0
    endloop
  endfacet
  facet normal -0.999048 -0.0436157 0
    outer loop
      vertex -4.30647 10.5405 3.1
      vertex -4.3 10.3923 0
      vertex -4.3 10.3923 3.1
    endloop
  endfacet
  facet normal -0.843406 0.537277 0
    outer loop
      vertex -4.60744 9.41722 0
      vertex -4.52776 9.5423 3.1
      vertex -4.52776 9.5423 0
    endloop
  endfacet
  facet normal -0.843406 0.537277 0
    outer loop
      vertex -4.52776 9.5423 3.1
      vertex -4.60744 9.41722 0
      vertex -4.60744 9.41722 3.1
    endloop
  endfacet
  facet normal -0.793215 -0.608941 0
    outer loop
      vertex -4.60744 11.3674 0
      vertex -4.69772 11.485 3
      vertex -4.69772 11.485 0
    endloop
  endfacet
  facet normal -0.793215 -0.608941 0
    outer loop
      vertex -4.69772 11.485 3
      vertex -4.60744 11.3674 0
      vertex -4.60744 11.3674 3
    endloop
  endfacet
  facet normal -0.300731 0.953709 0
    outer loop
      vertex -5.41857 8.79483 0
      vertex -5.56001 8.75023 3.1
      vertex -5.41857 8.79483 3.1
    endloop
  endfacet
  facet normal -0.300731 0.953709 0
    outer loop
      vertex -5.56001 8.75023 3.1
      vertex -5.41857 8.79483 0
      vertex -5.56001 8.75023 0
    endloop
  endfacet
  facet normal 0.0438293 -0.999039 0
    outer loop
      vertex -6.14816 12.0858 0
      vertex -6 12.0923 3
      vertex -6.14816 12.0858 3
    endloop
  endfacet
  facet normal 0.0438293 -0.999039 0
    outer loop
      vertex -6 12.0923 3
      vertex -6.14816 12.0858 0
      vertex -6 12.0923 0
    endloop
  endfacet
  facet normal 0.953728 0.30067 0
    outer loop
      vertex -7.59748 9.81087 3
      vertex -7.64207 9.95231 0
      vertex -7.64207 9.95231 3
    endloop
  endfacet
  facet normal 0.953728 0.30067 0
    outer loop
      vertex -7.64207 9.95231 0
      vertex -7.59748 9.81087 3
      vertex -7.59748 9.81087 0
    endloop
  endfacet
  facet normal 0.216445 -0.976295 0
    outer loop
      vertex -6.43999 12.0344 0
      vertex -6.2952 12.0665 3
      vertex -6.43999 12.0344 3
    endloop
  endfacet
  facet normal 0.216445 -0.976295 0
    outer loop
      vertex -6.2952 12.0665 3
      vertex -6.43999 12.0344 0
      vertex -6.2952 12.0665 0
    endloop
  endfacet
  facet normal -0.0436245 0.999048 0
    outer loop
      vertex -5.85183 8.69877 0
      vertex -6 8.6923 3.1
      vertex -5.85183 8.69877 3.1
    endloop
  endfacet
  facet normal -0.0436245 0.999048 0
    outer loop
      vertex -6 8.6923 3.1
      vertex -5.85183 8.69877 0
      vertex -6 8.6923 0
    endloop
  endfacet
  facet normal 0.0436274 0.999048 -0
    outer loop
      vertex -6 8.6923 0
      vertex -6.14816 8.69877 3.1
      vertex -6 8.6923 3.1
    endloop
  endfacet
  facet normal 0.0436274 0.999048 0
    outer loop
      vertex -6.14816 8.69877 3.1
      vertex -6 8.6923 0
      vertex -6.14816 8.69877 0
    endloop
  endfacet
  facet normal -0.923869 0.382709 0
    outer loop
      vertex -4.45928 9.67385 0
      vertex -4.40252 9.81087 3.1
      vertex -4.40252 9.81087 0
    endloop
  endfacet
  facet normal -0.923869 0.382709 0
    outer loop
      vertex -4.40252 9.81087 3.1
      vertex -4.45928 9.67385 0
      vertex -4.45928 9.67385 3.1
    endloop
  endfacet
  facet normal 0.999048 0.0436157 0
    outer loop
      vertex -7.69353 10.2441 3
      vertex -7.7 10.3923 0
      vertex -7.7 10.3923 3
    endloop
  endfacet
  facet normal 0.999048 0.0436157 0
    outer loop
      vertex -7.7 10.3923 0
      vertex -7.69353 10.2441 3
      vertex -7.69353 10.2441 0
    endloop
  endfacet
  facet normal -0.843445 -0.537216 0
    outer loop
      vertex -4.52776 11.2423 0
      vertex -4.60744 11.3674 3
      vertex -4.60744 11.3674 0
    endloop
  endfacet
  facet normal -0.843445 -0.537216 0
    outer loop
      vertex -4.60744 11.3674 3
      vertex -4.52776 11.2423 0
      vertex -4.52776 11.2423 3
    endloop
  endfacet
  facet normal 0.923869 0.382709 0
    outer loop
      vertex -7.54072 9.67385 3
      vertex -7.59748 9.81087 0
      vertex -7.59748 9.81087 3
    endloop
  endfacet
  facet normal 0.923869 0.382709 0
    outer loop
      vertex -7.59748 9.81087 0
      vertex -7.54072 9.67385 3
      vertex -7.54072 9.67385 0
    endloop
  endfacet
  facet normal -0.976298 -0.216431 0
    outer loop
      vertex -4.32583 10.6875 0
      vertex -4.35793 10.8323 3.1
      vertex -4.35793 10.8323 0
    endloop
  endfacet
  facet normal -0.976298 -0.216431 0
    outer loop
      vertex -4.35793 10.8323 3.1
      vertex -4.32583 10.6875 0
      vertex -4.32583 10.6875 3.1
    endloop
  endfacet
  facet normal 0.976298 -0.216431 0
    outer loop
      vertex -7.67417 10.6875 3
      vertex -7.64207 10.8323 0
      vertex -7.64207 10.8323 3
    endloop
  endfacet
  facet normal 0.976298 -0.216431 0
    outer loop
      vertex -7.64207 10.8323 0
      vertex -7.67417 10.6875 3
      vertex -7.67417 10.6875 0
    endloop
  endfacet
  facet normal -0.382939 -0.923774 0
    outer loop
      vertex -5.41857 11.9898 0
      vertex -5.28155 11.933 3
      vertex -5.41857 11.9898 3
    endloop
  endfacet
  facet normal -0.382939 -0.923774 -0
    outer loop
      vertex -5.28155 11.933 3
      vertex -5.41857 11.9898 0
      vertex -5.28155 11.933 0
    endloop
  endfacet
  facet normal 0.461852 -0.886957 0
    outer loop
      vertex -6.85 11.8645 0
      vertex -6.71845 11.933 3
      vertex -6.85 11.8645 3
    endloop
  endfacet
  facet normal 0.461852 -0.886957 0
    outer loop
      vertex -6.71845 11.933 3
      vertex -6.85 11.8645 0
      vertex -6.71845 11.933 0
    endloop
  endfacet
  facet normal -0.216445 0.976295 0
    outer loop
      vertex -5.56001 8.75023 0
      vertex -5.7048 8.71813 3.1
      vertex -5.56001 8.75023 3.1
    endloop
  endfacet
  facet normal -0.216445 0.976295 0
    outer loop
      vertex -5.7048 8.71813 3.1
      vertex -5.56001 8.75023 0
      vertex -5.7048 8.71813 0
    endloop
  endfacet
  facet normal -0.976295 0.216445 0
    outer loop
      vertex -4.35793 9.95231 0
      vertex -4.32583 10.0971 3.1
      vertex -4.32583 10.0971 0
    endloop
  endfacet
  facet normal -0.976295 0.216445 0
    outer loop
      vertex -4.32583 10.0971 3.1
      vertex -4.35793 9.95231 0
      vertex -4.35793 9.95231 3.1
    endloop
  endfacet
  facet normal 0.675584 0.737283 -0
    outer loop
      vertex -7.09274 9.09003 0
      vertex -7.20208 9.19022 3.1
      vertex -7.09274 9.09003 3.1
    endloop
  endfacet
  facet normal 0.675584 0.737283 0
    outer loop
      vertex -7.20208 9.19022 3.1
      vertex -7.09274 9.09003 0
      vertex -7.20208 9.19022 0
    endloop
  endfacet
  facet normal 0.953704 -0.300747 0
    outer loop
      vertex -7.64207 10.8323 3
      vertex -7.59748 10.9737 0
      vertex -7.59748 10.9737 3
    endloop
  endfacet
  facet normal 0.953704 -0.300747 0
    outer loop
      vertex -7.59748 10.9737 0
      vertex -7.64207 10.8323 3
      vertex -7.64207 10.8323 0
    endloop
  endfacet
  facet normal 0.737467 -0.675383 0
    outer loop
      vertex -7.30227 11.485 3
      vertex -7.20208 11.5944 0
      vertex -7.20208 11.5944 3
    endloop
  endfacet
  facet normal 0.737467 -0.675383 0
    outer loop
      vertex -7.20208 11.5944 0
      vertex -7.30227 11.485 3
      vertex -7.30227 11.485 0
    endloop
  endfacet
  facet normal -0.0438264 -0.999039 0
    outer loop
      vertex -6 12.0923 0
      vertex -5.85183 12.0858 3
      vertex -6 12.0923 3
    endloop
  endfacet
  facet normal -0.0438264 -0.999039 -0
    outer loop
      vertex -5.85183 12.0858 3
      vertex -6 12.0923 0
      vertex -5.85183 12.0858 0
    endloop
  endfacet
  facet normal 0.537325 0.843375 -0
    outer loop
      vertex -6.85 8.92006 0
      vertex -6.97508 8.99975 3.1
      vertex -6.85 8.92006 3.1
    endloop
  endfacet
  facet normal 0.537325 0.843375 0
    outer loop
      vertex -6.97508 8.99975 3.1
      vertex -6.85 8.92006 0
      vertex -6.97508 8.99975 0
    endloop
  endfacet
  facet normal -0.130149 -0.991494 0
    outer loop
      vertex -5.85183 12.0858 0
      vertex -5.7048 12.0665 3
      vertex -5.85183 12.0858 3
    endloop
  endfacet
  facet normal -0.130149 -0.991494 -0
    outer loop
      vertex -5.7048 12.0665 3
      vertex -5.85183 12.0858 0
      vertex -5.7048 12.0665 0
    endloop
  endfacet
  facet normal 0.382939 -0.923774 0
    outer loop
      vertex -6.71845 11.933 0
      vertex -6.58143 11.9898 3
      vertex -6.71845 11.933 3
    endloop
  endfacet
  facet normal 0.382939 -0.923774 0
    outer loop
      vertex -6.58143 11.9898 3
      vertex -6.71845 11.933 0
      vertex -6.58143 11.9898 0
    endloop
  endfacet
  facet normal 0.991439 0.130573 0
    outer loop
      vertex -7.67417 10.0971 3
      vertex -7.69353 10.2441 0
      vertex -7.69353 10.2441 3
    endloop
  endfacet
  facet normal 0.991439 0.130573 0
    outer loop
      vertex -7.69353 10.2441 0
      vertex -7.67417 10.0971 3
      vertex -7.67417 10.0971 0
    endloop
  endfacet
  facet normal 0.886941 -0.461884 0
    outer loop
      vertex -7.54072 11.1108 3
      vertex -7.47224 11.2423 0
      vertex -7.47224 11.2423 3
    endloop
  endfacet
  facet normal 0.886941 -0.461884 0
    outer loop
      vertex -7.47224 11.2423 0
      vertex -7.54072 11.1108 3
      vertex -7.54072 11.1108 0
    endloop
  endfacet
  facet normal 0.843445 -0.537216 0
    outer loop
      vertex -7.47224 11.2423 3
      vertex -7.39256 11.3674 0
      vertex -7.39256 11.3674 3
    endloop
  endfacet
  facet normal 0.843445 -0.537216 0
    outer loop
      vertex -7.39256 11.3674 0
      vertex -7.47224 11.2423 3
      vertex -7.47224 11.2423 0
    endloop
  endfacet
  facet normal -0.675584 0.737283 0
    outer loop
      vertex -4.79792 9.19022 0
      vertex -4.90726 9.09003 3.1
      vertex -4.79792 9.19022 3.1
    endloop
  endfacet
  facet normal -0.675584 0.737283 0
    outer loop
      vertex -4.90726 9.09003 3.1
      vertex -4.79792 9.19022 0
      vertex -4.90726 9.09003 0
    endloop
  endfacet
  facet normal 0.793183 -0.608984 0
    outer loop
      vertex -7.39256 11.3674 3
      vertex -7.30227 11.485 0
      vertex -7.30227 11.485 3
    endloop
  endfacet
  facet normal 0.793183 -0.608984 0
    outer loop
      vertex -7.30227 11.485 0
      vertex -7.39256 11.3674 3
      vertex -7.39256 11.3674 0
    endloop
  endfacet
  facet normal -0.73728 0.675587 0
    outer loop
      vertex -4.79792 9.19022 0
      vertex -4.69772 9.29957 3.1
      vertex -4.69772 9.29957 0
    endloop
  endfacet
  facet normal -0.73728 0.675587 0
    outer loop
      vertex -4.69772 9.29957 3.1
      vertex -4.79792 9.19022 0
      vertex -4.79792 9.19022 3.1
    endloop
  endfacet
  facet normal 0 0 -1
    outer loop
      vertex -5.07142 10.8757 3.1
      vertex -4.3 10.3923 3.1
      vertex -4.30647 10.2441 3.1
    endloop
  endfacet
  facet normal 0 0 -1
    outer loop
      vertex -5.07142 10.8757 3.1
      vertex -4.30647 10.2441 3.1
      vertex -4.32583 10.0971 3.1
    endloop
  endfacet
  facet normal 0 0 -1
    outer loop
      vertex -4.3 10.3923 3.1
      vertex -5.07142 10.8757 3.1
      vertex -4.30647 10.5405 3.1
    endloop
  endfacet
  facet normal 0 0 -1
    outer loop
      vertex -5.07142 10.8757 3.1
      vertex -4.32583 10.0971 3.1
      vertex -4.35793 9.95231 3.1
    endloop
  endfacet
  facet normal 0 0 -1
    outer loop
      vertex -4.30647 10.5405 3.1
      vertex -5.07142 10.8757 3.1
      vertex -4.32583 10.6875 3.1
    endloop
  endfacet
  facet normal 0 0 -1
    outer loop
      vertex -5.07142 10.8757 3.1
      vertex -4.35793 9.95231 3.1
      vertex -4.40252 9.81087 3.1
    endloop
  endfacet
  facet normal 0 0 -1
    outer loop
      vertex -4.32583 10.6875 3.1
      vertex -5.07142 10.8757 3.1
      vertex -4.35793 10.8323 3.1
    endloop
  endfacet
  facet normal 0 0 -1
    outer loop
      vertex -5.07142 10.8757 3.1
      vertex -4.40252 9.81087 3.1
      vertex -4.45928 9.67385 3.1
    endloop
  endfacet
  facet normal 0 0 -1
    outer loop
      vertex -4.35793 10.8323 3.1
      vertex -5.07142 10.8757 3.1
      vertex -4.40252 10.9737 3.1
    endloop
  endfacet
  facet normal -0 0 -1
    outer loop
      vertex -4.40252 10.9737 3.1
      vertex -5.07142 10.8757 3.1
      vertex -4.45928 11.1108 3.1
    endloop
  endfacet
  facet normal 0 0 -1
    outer loop
      vertex -6 10.3923 3.1
      vertex -4.45928 9.67385 3.1
      vertex -4.52776 9.5423 3.1
    endloop
  endfacet
  facet normal 0 0 -1
    outer loop
      vertex -6 10.3923 3.1
      vertex -4.52776 9.5423 3.1
      vertex -4.60744 9.41722 3.1
    endloop
  endfacet
  facet normal 0 0 -1
    outer loop
      vertex -6 10.3923 3.1
      vertex -4.60744 9.41722 3.1
      vertex -4.69772 9.29957 3.1
    endloop
  endfacet
  facet normal 0 0 -1
    outer loop
      vertex -6 10.3923 3.1
      vertex -4.69772 9.29957 3.1
      vertex -4.79792 9.19022 3.1
    endloop
  endfacet
  facet normal 0 0 -1
    outer loop
      vertex -6 10.3923 3.1
      vertex -4.79792 9.19022 3.1
      vertex -4.90726 9.09003 3.1
    endloop
  endfacet
  facet normal 0 0 -1
    outer loop
      vertex -6 10.3923 3.1
      vertex -4.90726 9.09003 3.1
      vertex -5.02492 8.99975 3.1
    endloop
  endfacet
  facet normal -0 0 -1
    outer loop
      vertex -4.45928 11.1108 3.1
      vertex -5.07142 10.8757 3.1
      vertex -4.4672 11.126 3.1
    endloop
  endfacet
  facet normal 0 0 -1
    outer loop
      vertex -6 10.3923 3.1
      vertex -5.02492 8.99975 3.1
      vertex -5.15 8.92006 3.1
    endloop
  endfacet
  facet normal 0 0 -1
    outer loop
      vertex -6 10.3923 3.1
      vertex -5.15 8.92006 3.1
      vertex -5.28155 8.85158 3.1
    endloop
  endfacet
  facet normal 0 0 -1
    outer loop
      vertex -6 10.3923 3.1
      vertex -5.28155 8.85158 3.1
      vertex -5.41857 8.79483 3.1
    endloop
  endfacet
  facet normal 0 0 -1
    outer loop
      vertex -6 10.3923 3.1
      vertex -5.41857 8.79483 3.1
      vertex -5.56001 8.75023 3.1
    endloop
  endfacet
  facet normal 0 0 -1
    outer loop
      vertex -6 10.3923 3.1
      vertex -5.56001 8.75023 3.1
      vertex -5.7048 8.71813 3.1
    endloop
  endfacet
  facet normal 0 0 -1
    outer loop
      vertex -6 10.3923 3.1
      vertex -5.7048 8.71813 3.1
      vertex -5.85183 8.69877 3.1
    endloop
  endfacet
  facet normal 0 0 -1
    outer loop
      vertex -6 10.3923 3.1
      vertex -5.85183 8.69877 3.1
      vertex -6 8.6923 3.1
    endloop
  endfacet
  facet normal 0 0 -1
    outer loop
      vertex -4.45928 9.67385 3.1
      vertex -6 10.3923 3.1
      vertex -5.07142 10.8757 3.1
    endloop
  endfacet
  facet normal 0 0 -1
    outer loop
      vertex -6.14816 8.69877 3.1
      vertex -6 10.3923 3.1
      vertex -6 8.6923 3.1
    endloop
  endfacet
  facet normal 0 0 -1
    outer loop
      vertex -6.88292 9.82982 3.1
      vertex -6.14816 8.69877 3.1
      vertex -6.2952 8.71813 3.1
    endloop
  endfacet
  facet normal 0 0 -1
    outer loop
      vertex -6.88292 9.82982 3.1
      vertex -6.2952 8.71813 3.1
      vertex -6.43999 8.75023 3.1
    endloop
  endfacet
  facet normal 0 0 -1
    outer loop
      vertex -6.88292 9.82982 3.1
      vertex -6.43999 8.75023 3.1
      vertex -6.58143 8.79483 3.1
    endloop
  endfacet
  facet normal 0 0 -1
    outer loop
      vertex -6.88292 9.82982 3.1
      vertex -6.58143 8.79483 3.1
      vertex -6.71845 8.85158 3.1
    endloop
  endfacet
  facet normal 0 0 -1
    outer loop
      vertex -6.88292 9.82982 3.1
      vertex -6.71845 8.85158 3.1
      vertex -6.85 8.92006 3.1
    endloop
  endfacet
  facet normal 0 0 -1
    outer loop
      vertex -6.14816 8.69877 3.1
      vertex -6.88292 9.82982 3.1
      vertex -6 10.3923 3.1
    endloop
  endfacet
  facet normal 0 0 -1
    outer loop
      vertex -6.97508 8.99975 3.1
      vertex -6.88292 9.82982 3.1
      vertex -6.85 8.92006 3.1
    endloop
  endfacet
  facet normal 0 0 -1
    outer loop
      vertex -7.09274 9.09003 3.1
      vertex -6.88292 9.82982 3.1
      vertex -6.97508 8.99975 3.1
    endloop
  endfacet
  facet normal 0 0 -1
    outer loop
      vertex -7.20208 9.19022 3.1
      vertex -6.88292 9.82982 3.1
      vertex -7.09274 9.09003 3.1
    endloop
  endfacet
  facet normal 0 0 -1
    outer loop
      vertex -7.30227 9.29957 3.1
      vertex -6.88292 9.82982 3.1
      vertex -7.20208 9.19022 3.1
    endloop
  endfacet
  facet normal 0 0 -1
    outer loop
      vertex -7.39256 9.41722 3.1
      vertex -6.88292 9.82982 3.1
      vertex -7.30227 9.29957 3.1
    endloop
  endfacet
  facet normal 0 0 -1
    outer loop
      vertex -6.88292 9.82982 3.1
      vertex -7.39256 9.41722 3.1
      vertex -7.40177 9.43169 3.1
    endloop
  endfacet
  facet normal 0.793308 0.608821 0
    outer loop
      vertex -7.30227 9.29957 3.1
      vertex -7.39256 9.41722 0
      vertex -7.39256 9.41722 3.1
    endloop
  endfacet
  facet normal 0.793308 0.608821 0
    outer loop
      vertex -7.39256 9.41722 0
      vertex -7.30227 9.29957 3.1
      vertex -7.30227 9.29957 0
    endloop
  endfacet
  facet normal 0.608746 0.793365 -0
    outer loop
      vertex -6.97508 8.99975 0
      vertex -7.09274 9.09003 3.1
      vertex -6.97508 8.99975 3.1
    endloop
  endfacet
  facet normal 0.608746 0.793365 0
    outer loop
      vertex -7.09274 9.09003 3.1
      vertex -6.97508 8.99975 0
      vertex -7.09274 9.09003 0
    endloop
  endfacet
  facet normal -0.999048 0.0436157 0
    outer loop
      vertex -4.30647 10.2441 0
      vertex -4.3 10.3923 3.1
      vertex -4.3 10.3923 0
    endloop
  endfacet
  facet normal -0.999048 0.0436157 0
    outer loop
      vertex -4.3 10.3923 3.1
      vertex -4.30647 10.2441 0
      vertex -4.30647 10.2441 3.1
    endloop
  endfacet
  facet normal -0.537325 0.843375 0
    outer loop
      vertex -5.02492 8.99975 0
      vertex -5.15 8.92006 3.1
      vertex -5.02492 8.99975 3.1
    endloop
  endfacet
  facet normal -0.537325 0.843375 0
    outer loop
      vertex -5.15 8.92006 3.1
      vertex -5.02492 8.99975 0
      vertex -5.15 8.92006 0
    endloop
  endfacet
  facet normal -0.953704 -0.300747 0
    outer loop
      vertex -4.35793 10.8323 0
      vertex -4.40252 10.9737 3.1
      vertex -4.40252 10.9737 0
    endloop
  endfacet
  facet normal -0.953704 -0.300747 0
    outer loop
      vertex -4.40252 10.9737 3.1
      vertex -4.35793 10.8323 0
      vertex -4.35793 10.8323 3.1
    endloop
  endfacet
  facet normal 0.843613 0.536951 0
    outer loop
      vertex -7.40177 9.43169 3.1
      vertex -7.39256 9.41722 3.1
      vertex -7.40177 9.43169 3
    endloop
  endfacet
  facet normal 0.843379 0.537319 0
    outer loop
      vertex -7.40177 9.43169 3
      vertex -7.47224 9.5423 0
      vertex -7.47224 9.5423 3
    endloop
  endfacet
  facet normal 0.843613 0.536951 -0
    outer loop
      vertex -7.39256 9.41722 0
      vertex -7.40177 9.43169 3
      vertex -7.39256 9.41722 3.1
    endloop
  endfacet
  facet normal 0.843406 0.537277 -2.20898e-06
    outer loop
      vertex -7.40177 9.43169 3
      vertex -7.39256 9.41722 0
      vertex -7.47224 9.5423 0
    endloop
  endfacet
  facet normal -0.608831 -0.7933 0
    outer loop
      vertex -5.02492 11.7849 0
      vertex -4.90726 11.6946 3
      vertex -5.02492 11.7849 3
    endloop
  endfacet
  facet normal -0.608831 -0.7933 -0
    outer loop
      vertex -4.90726 11.6946 3
      vertex -5.02492 11.7849 0
      vertex -4.90726 11.6946 0
    endloop
  endfacet
  facet normal 0.976295 0.216445 0
    outer loop
      vertex -7.64207 9.95231 3
      vertex -7.67417 10.0971 0
      vertex -7.67417 10.0971 3
    endloop
  endfacet
  facet normal 0.976295 0.216445 0
    outer loop
      vertex -7.67417 10.0971 0
      vertex -7.64207 9.95231 3
      vertex -7.64207 9.95231 0
    endloop
  endfacet
  facet normal -0.953728 0.30067 0
    outer loop
      vertex -4.40252 9.81087 0
      vertex -4.35793 9.95231 3.1
      vertex -4.35793 9.95231 0
    endloop
  endfacet
  facet normal -0.953728 0.30067 0
    outer loop
      vertex -4.35793 9.95231 3.1
      vertex -4.40252 9.81087 0
      vertex -4.40252 9.81087 3.1
    endloop
  endfacet
  facet normal 0.216445 0.976295 -0
    outer loop
      vertex -6.2952 8.71813 0
      vertex -6.43999 8.75023 3.1
      vertex -6.2952 8.71813 3.1
    endloop
  endfacet
  facet normal 0.216445 0.976295 0
    outer loop
      vertex -6.43999 8.75023 3.1
      vertex -6.2952 8.71813 0
      vertex -6.43999 8.75023 0
    endloop
  endfacet
  facet normal -0.608746 0.793365 0
    outer loop
      vertex -4.90726 9.09003 0
      vertex -5.02492 8.99975 3.1
      vertex -4.90726 9.09003 3.1
    endloop
  endfacet
  facet normal -0.608746 0.793365 0
    outer loop
      vertex -5.02492 8.99975 3.1
      vertex -4.90726 9.09003 0
      vertex -5.02492 8.99975 0
    endloop
  endfacet
  facet normal 0.887012 0.461745 0
    outer loop
      vertex -7.47224 9.5423 3
      vertex -7.54072 9.67385 0
      vertex -7.54072 9.67385 3
    endloop
  endfacet
  facet normal 0.887012 0.461745 0
    outer loop
      vertex -7.54072 9.67385 0
      vertex -7.47224 9.5423 3
      vertex -7.47224 9.5423 0
    endloop
  endfacet
  facet normal 0.300731 -0.953709 0
    outer loop
      vertex -6.58143 11.9898 0
      vertex -6.43999 12.0344 3
      vertex -6.58143 11.9898 3
    endloop
  endfacet
  facet normal 0.300731 -0.953709 0
    outer loop
      vertex -6.43999 12.0344 3
      vertex -6.58143 11.9898 0
      vertex -6.43999 12.0344 0
    endloop
  endfacet
  facet normal 0.991439 -0.130573 0
    outer loop
      vertex -7.69353 10.5405 3
      vertex -7.67417 10.6875 0
      vertex -7.67417 10.6875 3
    endloop
  endfacet
  facet normal 0.991439 -0.130573 0
    outer loop
      vertex -7.67417 10.6875 0
      vertex -7.69353 10.5405 3
      vertex -7.69353 10.5405 0
    endloop
  endfacet
  facet normal -0.461852 -0.886957 0
    outer loop
      vertex -5.28155 11.933 0
      vertex -5.15 11.8645 3
      vertex -5.28155 11.933 3
    endloop
  endfacet
  facet normal -0.461852 -0.886957 -0
    outer loop
      vertex -5.15 11.8645 3
      vertex -5.28155 11.933 0
      vertex -5.15 11.8645 0
    endloop
  endfacet
  facet normal 0.130141 -0.991496 0
    outer loop
      vertex -6.2952 12.0665 0
      vertex -6.14816 12.0858 3
      vertex -6.2952 12.0665 3
    endloop
  endfacet
  facet normal 0.130141 -0.991496 0
    outer loop
      vertex -6.14816 12.0858 3
      vertex -6.2952 12.0665 0
      vertex -6.14816 12.0858 0
    endloop
  endfacet
  facet normal 0.461745 0.887012 -0
    outer loop
      vertex -6.71845 8.85158 0
      vertex -6.85 8.92006 3.1
      vertex -6.71845 8.85158 3.1
    endloop
  endfacet
  facet normal 0.461745 0.887012 0
    outer loop
      vertex -6.85 8.92006 3.1
      vertex -6.71845 8.85158 0
      vertex -6.85 8.92006 0
    endloop
  endfacet
  facet normal -0.130547 0.991442 0
    outer loop
      vertex -5.7048 8.71813 0
      vertex -5.85183 8.69877 3.1
      vertex -5.7048 8.71813 3.1
    endloop
  endfacet
  facet normal -0.130547 0.991442 0
    outer loop
      vertex -5.85183 8.69877 3.1
      vertex -5.7048 8.71813 0
      vertex -5.85183 8.69877 0
    endloop
  endfacet
  facet normal -0.382652 0.923893 0
    outer loop
      vertex -5.28155 8.85158 0
      vertex -5.41857 8.79483 3.1
      vertex -5.28155 8.85158 3.1
    endloop
  endfacet
  facet normal -0.382652 0.923893 0
    outer loop
      vertex -5.41857 8.79483 3.1
      vertex -5.28155 8.85158 0
      vertex -5.41857 8.79483 0
    endloop
  endfacet
  facet normal 0.382652 0.923893 -0
    outer loop
      vertex -6.58143 8.79483 0
      vertex -6.71845 8.85158 3.1
      vertex -6.58143 8.79483 3.1
    endloop
  endfacet
  facet normal 0.382652 0.923893 0
    outer loop
      vertex -6.71845 8.85158 3.1
      vertex -6.58143 8.79483 0
      vertex -6.71845 8.85158 0
    endloop
  endfacet
  facet normal -0.79334 0.608778 0
    outer loop
      vertex -4.69772 9.29957 0
      vertex -4.60744 9.41722 3.1
      vertex -4.60744 9.41722 0
    endloop
  endfacet
  facet normal -0.79334 0.608778 0
    outer loop
      vertex -4.60744 9.41722 3.1
      vertex -4.69772 9.29957 0
      vertex -4.69772 9.29957 3.1
    endloop
  endfacet
  facet normal 0.130538 0.991443 -0
    outer loop
      vertex -6.14816 8.69877 0
      vertex -6.2952 8.71813 3.1
      vertex -6.14816 8.69877 3.1
    endloop
  endfacet
  facet normal 0.130538 0.991443 0
    outer loop
      vertex -6.2952 8.71813 3.1
      vertex -6.14816 8.69877 0
      vertex -6.2952 8.71813 0
    endloop
  endfacet
  facet normal -0.461745 0.887012 0
    outer loop
      vertex -5.15 8.92006 0
      vertex -5.28155 8.85158 3.1
      vertex -5.15 8.92006 3.1
    endloop
  endfacet
  facet normal -0.461745 0.887012 0
    outer loop
      vertex -5.28155 8.85158 3.1
      vertex -5.15 8.92006 0
      vertex -5.28155 8.85158 0
    endloop
  endfacet
  facet normal -0.887012 0.461745 0
    outer loop
      vertex -4.52776 9.5423 0
      vertex -4.45928 9.67385 3.1
      vertex -4.45928 9.67385 0
    endloop
  endfacet
  facet normal -0.887012 0.461745 0
    outer loop
      vertex -4.45928 9.67385 3.1
      vertex -4.52776 9.5423 0
      vertex -4.52776 9.5423 3.1
    endloop
  endfacet
  facet normal -0.216445 -0.976295 0
    outer loop
      vertex -5.7048 12.0665 0
      vertex -5.56001 12.0344 3
      vertex -5.7048 12.0665 3
    endloop
  endfacet
  facet normal -0.216445 -0.976295 -0
    outer loop
      vertex -5.56001 12.0344 3
      vertex -5.7048 12.0665 0
      vertex -5.56001 12.0344 0
    endloop
  endfacet
  facet normal -0.991439 -0.130573 0
    outer loop
      vertex -4.30647 10.5405 0
      vertex -4.32583 10.6875 3.1
      vertex -4.32583 10.6875 0
    endloop
  endfacet
  facet normal -0.991439 -0.130573 0
    outer loop
      vertex -4.32583 10.6875 3.1
      vertex -4.30647 10.5405 0
      vertex -4.30647 10.5405 3.1
    endloop
  endfacet
  facet normal -0.991439 0.130573 0
    outer loop
      vertex -4.32583 10.0971 0
      vertex -4.30647 10.2441 3.1
      vertex -4.30647 10.2441 0
    endloop
  endfacet
  facet normal -0.991439 0.130573 0
    outer loop
      vertex -4.30647 10.2441 3.1
      vertex -4.32583 10.0971 0
      vertex -4.32583 10.0971 3.1
    endloop
  endfacet
  facet normal 0.976295 0.216444 0
    outer loop
      vertex -13.6421 -0.439992 3
      vertex -13.6742 -0.295201 0
      vertex -13.6742 -0.295201 3
    endloop
  endfacet
  facet normal 0.976295 0.216444 0
    outer loop
      vertex -13.6742 -0.295201 0
      vertex -13.6421 -0.439992 3
      vertex -13.6421 -0.439992 0
    endloop
  endfacet
  facet normal 0.130573 -0.991439 0
    outer loop
      vertex -12.2952 1.67417 0
      vertex -12.1482 1.69353 3
      vertex -12.2952 1.67417 3
    endloop
  endfacet
  facet normal 0.130573 -0.991439 0
    outer loop
      vertex -12.1482 1.69353 3
      vertex -12.2952 1.67417 0
      vertex -12.1482 1.69353 0
    endloop
  endfacet
  facet normal 0.300747 -0.953704 0
    outer loop
      vertex -12.5814 1.59748 0
      vertex -12.44 1.64207 3
      vertex -12.5814 1.59748 3
    endloop
  endfacet
  facet normal 0.300747 -0.953704 0
    outer loop
      vertex -12.44 1.64207 3
      vertex -12.5814 1.59748 0
      vertex -12.44 1.64207 0
    endloop
  endfacet
  facet normal -0.95371 0.300729 0
    outer loop
      vertex -10.4025 -0.581433 0
      vertex -10.3579 -0.439992 3.1
      vertex -10.3579 -0.439992 0
    endloop
  endfacet
  facet normal -0.95371 0.300729 0
    outer loop
      vertex -10.3579 -0.439992 3.1
      vertex -10.4025 -0.581433 0
      vertex -10.4025 -0.581433 3.1
    endloop
  endfacet
  facet normal 0.999039 0.0438279 0
    outer loop
      vertex -13.6935 -0.148165 3
      vertex -13.7 0 0
      vertex -13.7 0 3
    endloop
  endfacet
  facet normal 0.999039 0.0438279 0
    outer loop
      vertex -13.7 0 0
      vertex -13.6935 -0.148165 3
      vertex -13.6935 -0.148165 0
    endloop
  endfacet
  facet normal -0.7933 -0.608831 0
    outer loop
      vertex -10.6074 0.97508 0
      vertex -10.6977 1.09274 3.1
      vertex -10.6977 1.09274 0
    endloop
  endfacet
  facet normal -0.7933 -0.608831 0
    outer loop
      vertex -10.6977 1.09274 3.1
      vertex -10.6074 0.97508 0
      vertex -10.6074 0.97508 3.1
    endloop
  endfacet
  facet normal 0.95371 0.300729 0
    outer loop
      vertex -13.5975 -0.581433 3
      vertex -13.6421 -0.439992 0
      vertex -13.6421 -0.439992 3
    endloop
  endfacet
  facet normal 0.95371 0.300729 0
    outer loop
      vertex -13.6421 -0.439992 0
      vertex -13.5975 -0.581433 3
      vertex -13.5975 -0.581433 0
    endloop
  endfacet
  facet normal 0.216431 0.976298 -0
    outer loop
      vertex -12.2952 -1.67417 0
      vertex -12.44 -1.64207 3
      vertex -12.2952 -1.67417 3
    endloop
  endfacet
  facet normal 0.216431 0.976298 0
    outer loop
      vertex -12.44 -1.64207 3
      vertex -12.2952 -1.67417 0
      vertex -12.44 -1.64207 0
    endloop
  endfacet
  facet normal 0.675383 -0.737467 0
    outer loop
      vertex -13.2021 1.20208 0
      vertex -13.0927 1.30227 3
      vertex -13.2021 1.20208 3
    endloop
  endfacet
  facet normal 0.675383 -0.737467 0
    outer loop
      vertex -13.0927 1.30227 3
      vertex -13.2021 1.20208 0
      vertex -13.0927 1.30227 0
    endloop
  endfacet
  facet normal -0.7933 0.608831 0
    outer loop
      vertex -10.6977 -1.09274 0
      vertex -10.6074 -0.97508 3.1
      vertex -10.6074 -0.97508 0
    endloop
  endfacet
  facet normal -0.7933 0.608831 0
    outer loop
      vertex -10.6074 -0.97508 3.1
      vertex -10.6977 -1.09274 0
      vertex -10.6977 -1.09274 3.1
    endloop
  endfacet
  facet normal -0.537216 0.843445 0
    outer loop
      vertex -11.0249 -1.39256 0
      vertex -11.15 -1.47224 3.1
      vertex -11.0249 -1.39256 3.1
    endloop
  endfacet
  facet normal -0.537216 0.843445 0
    outer loop
      vertex -11.15 -1.47224 3.1
      vertex -11.0249 -1.39256 0
      vertex -11.15 -1.47224 0
    endloop
  endfacet
  facet normal -0.300747 0.953704 0
    outer loop
      vertex -11.4186 -1.59748 0
      vertex -11.56 -1.64207 3.1
      vertex -11.4186 -1.59748 3.1
    endloop
  endfacet
  facet normal -0.300747 0.953704 0
    outer loop
      vertex -11.56 -1.64207 3.1
      vertex -11.4186 -1.59748 0
      vertex -11.56 -1.64207 0
    endloop
  endfacet
  facet normal -0.675383 0.737467 0
    outer loop
      vertex -10.7979 -1.20208 0
      vertex -10.9073 -1.30227 3.1
      vertex -10.7979 -1.20208 3.1
    endloop
  endfacet
  facet normal -0.675383 0.737467 0
    outer loop
      vertex -10.9073 -1.30227 3.1
      vertex -10.7979 -1.20208 0
      vertex -10.9073 -1.30227 0
    endloop
  endfacet
  facet normal -0.843652 0.53689 0
    outer loop
      vertex -10.6074 -0.97508 0
      vertex -10.5278 -0.849999 3.1
      vertex -10.5278 -0.849999 0
    endloop
  endfacet
  facet normal -0.843652 0.53689 0
    outer loop
      vertex -10.5278 -0.849999 3.1
      vertex -10.6074 -0.97508 0
      vertex -10.6074 -0.97508 3.1
    endloop
  endfacet
  facet normal -0.991495 -0.130144 0
    outer loop
      vertex -10.3065 0.148165 0
      vertex -10.3258 0.295201 3.1
      vertex -10.3258 0.295201 0
    endloop
  endfacet
  facet normal -0.991495 -0.130144 0
    outer loop
      vertex -10.3258 0.295201 3.1
      vertex -10.3065 0.148165 0
      vertex -10.3065 0.148165 3.1
    endloop
  endfacet
  facet normal 0.675383 0.737467 -0
    outer loop
      vertex -13.0927 -1.30227 0
      vertex -13.2021 -1.20208 3
      vertex -13.0927 -1.30227 3
    endloop
  endfacet
  facet normal 0.675383 0.737467 0
    outer loop
      vertex -13.2021 -1.20208 3
      vertex -13.0927 -1.30227 0
      vertex -13.2021 -1.20208 0
    endloop
  endfacet
  facet normal -0.737249 -0.675621 0
    outer loop
      vertex -10.6977 1.09274 0
      vertex -10.7979 1.20208 3.1
      vertex -10.7979 1.20208 0
    endloop
  endfacet
  facet normal -0.737249 -0.675621 0
    outer loop
      vertex -10.7979 1.20208 3.1
      vertex -10.6977 1.09274 0
      vertex -10.6977 1.09274 3.1
    endloop
  endfacet
  facet normal -0.216431 -0.976298 0
    outer loop
      vertex -11.7048 1.67417 0
      vertex -11.56 1.64207 3.1
      vertex -11.7048 1.67417 3.1
    endloop
  endfacet
  facet normal -0.216431 -0.976298 -0
    outer loop
      vertex -11.56 1.64207 3.1
      vertex -11.7048 1.67417 0
      vertex -11.56 1.64207 0
    endloop
  endfacet
  facet normal 0.537216 0.843445 -0
    outer loop
      vertex -12.85 -1.47224 0
      vertex -12.9751 -1.39256 3
      vertex -12.85 -1.47224 3
    endloop
  endfacet
  facet normal 0.537216 0.843445 0
    outer loop
      vertex -12.9751 -1.39256 3
      vertex -12.85 -1.47224 0
      vertex -12.9751 -1.39256 0
    endloop
  endfacet
  facet normal 0.999039 -0.0438279 0
    outer loop
      vertex -13.7 0 3
      vertex -13.6935 0.148165 0
      vertex -13.6935 0.148165 3
    endloop
  endfacet
  facet normal 0.999039 -0.0438279 0
    outer loop
      vertex -13.6935 0.148165 0
      vertex -13.7 0 3
      vertex -13.7 0 0
    endloop
  endfacet
  facet normal 0.0436157 -0.999048 0
    outer loop
      vertex -12.1482 1.69353 0
      vertex -12 1.7 3
      vertex -12.1482 1.69353 3
    endloop
  endfacet
  facet normal 0.0436157 -0.999048 0
    outer loop
      vertex -12 1.7 3
      vertex -12.1482 1.69353 0
      vertex -12 1.7 0
    endloop
  endfacet
  facet normal -0.95371 -0.300729 0
    outer loop
      vertex -10.3579 0.439992 0
      vertex -10.4025 0.581433 3.1
      vertex -10.4025 0.581433 0
    endloop
  endfacet
  facet normal -0.95371 -0.300729 0
    outer loop
      vertex -10.4025 0.581433 3.1
      vertex -10.3579 0.439992 0
      vertex -10.3579 0.439992 3.1
    endloop
  endfacet
  facet normal -0.608984 0.793183 0
    outer loop
      vertex -10.9073 -1.30227 0
      vertex -11.0249 -1.39256 3.1
      vertex -10.9073 -1.30227 3.1
    endloop
  endfacet
  facet normal -0.608984 0.793183 0
    outer loop
      vertex -11.0249 -1.39256 3.1
      vertex -10.9073 -1.30227 0
      vertex -11.0249 -1.39256 0
    endloop
  endfacet
  facet normal 0.843652 0.53689 0
    outer loop
      vertex -13.3926 -0.97508 3
      vertex -13.4722 -0.849999 0
      vertex -13.4722 -0.849999 3
    endloop
  endfacet
  facet normal 0.843652 0.53689 0
    outer loop
      vertex -13.4722 -0.849999 0
      vertex -13.3926 -0.97508 3
      vertex -13.3926 -0.97508 0
    endloop
  endfacet
  facet normal 0.216431 -0.976298 0
    outer loop
      vertex -12.44 1.64207 0
      vertex -12.2952 1.67417 3
      vertex -12.44 1.64207 3
    endloop
  endfacet
  facet normal 0.216431 -0.976298 0
    outer loop
      vertex -12.2952 1.67417 3
      vertex -12.44 1.64207 0
      vertex -12.2952 1.67417 0
    endloop
  endfacet
  facet normal -0.382518 0.923948 0
    outer loop
      vertex -11.2815 -1.54072 0
      vertex -11.4186 -1.59748 3.1
      vertex -11.2815 -1.54072 3.1
    endloop
  endfacet
  facet normal -0.382518 0.923948 0
    outer loop
      vertex -11.4186 -1.59748 3.1
      vertex -11.2815 -1.54072 0
      vertex -11.4186 -1.59748 0
    endloop
  endfacet
  facet normal 0.0436157 0.999048 -0
    outer loop
      vertex -12 -1.7 0
      vertex -12.1482 -1.69353 3
      vertex -12 -1.7 3
    endloop
  endfacet
  facet normal 0.0436157 0.999048 0
    outer loop
      vertex -12.1482 -1.69353 3
      vertex -12 -1.7 0
      vertex -12.1482 -1.69353 0
    endloop
  endfacet
  facet normal 0.461884 0.886941 -0
    outer loop
      vertex -12.7185 -1.54072 0
      vertex -12.85 -1.47224 3
      vertex -12.7185 -1.54072 3
    endloop
  endfacet
  facet normal 0.461884 0.886941 0
    outer loop
      vertex -12.85 -1.47224 3
      vertex -12.7185 -1.54072 0
      vertex -12.85 -1.47224 0
    endloop
  endfacet
  facet normal -0.923772 -0.382944 0
    outer loop
      vertex -10.4025 0.581433 0
      vertex -10.4593 0.718451 3.1
      vertex -10.4593 0.718451 0
    endloop
  endfacet
  facet normal -0.923772 -0.382944 0
    outer loop
      vertex -10.4593 0.718451 3.1
      vertex -10.4025 0.581433 0
      vertex -10.4025 0.581433 3.1
    endloop
  endfacet
  facet normal 0.991495 0.130144 0
    outer loop
      vertex -13.6742 -0.295201 3
      vertex -13.6935 -0.148165 0
      vertex -13.6935 -0.148165 3
    endloop
  endfacet
  facet normal 0.991495 0.130144 0
    outer loop
      vertex -13.6935 -0.148165 0
      vertex -13.6742 -0.295201 3
      vertex -13.6742 -0.295201 0
    endloop
  endfacet
  facet normal 0.991495 -0.130144 0
    outer loop
      vertex -13.6935 0.148165 3
      vertex -13.6742 0.295201 0
      vertex -13.6742 0.295201 3
    endloop
  endfacet
  facet normal 0.991495 -0.130144 0
    outer loop
      vertex -13.6742 0.295201 0
      vertex -13.6935 0.148165 3
      vertex -13.6935 0.148165 0
    endloop
  endfacet
  facet normal 0.7933 -0.608831 0
    outer loop
      vertex -13.3926 0.97508 3
      vertex -13.3023 1.09274 0
      vertex -13.3023 1.09274 3
    endloop
  endfacet
  facet normal 0.7933 -0.608831 0
    outer loop
      vertex -13.3023 1.09274 0
      vertex -13.3926 0.97508 3
      vertex -13.3926 0.97508 0
    endloop
  endfacet
  facet normal 0.608984 0.793183 -0
    outer loop
      vertex -12.9751 -1.39256 0
      vertex -13.0927 -1.30227 3
      vertex -12.9751 -1.39256 3
    endloop
  endfacet
  facet normal 0.608984 0.793183 0
    outer loop
      vertex -13.0927 -1.30227 3
      vertex -12.9751 -1.39256 0
      vertex -13.0927 -1.30227 0
    endloop
  endfacet
  facet normal 0.461884 -0.886941 0
    outer loop
      vertex -12.85 1.47224 0
      vertex -12.7185 1.54072 3
      vertex -12.85 1.47224 3
    endloop
  endfacet
  facet normal 0.461884 -0.886941 0
    outer loop
      vertex -12.7185 1.54072 3
      vertex -12.85 1.47224 0
      vertex -12.7185 1.54072 0
    endloop
  endfacet
  facet normal -0.0435633 0.999051 0
    outer loop
      vertex -11.8518 -1.69353 3.1
      vertex -11.869 -1.69428 3
      vertex -11.869 -1.69428 3.1
    endloop
  endfacet
  facet normal -0.0435633 0.999051 0
    outer loop
      vertex -11.8518 -1.69353 0
      vertex -11.869 -1.69428 3
      vertex -11.8518 -1.69353 3.1
    endloop
  endfacet
  facet normal -0.0436226 0.999048 -3.40642e-07
    outer loop
      vertex -11.8518 -1.69353 0
      vertex -12 -1.7 3
      vertex -11.869 -1.69428 3
    endloop
  endfacet
  facet normal -0.0436157 0.999048 0
    outer loop
      vertex -12 -1.7 3
      vertex -11.8518 -1.69353 0
      vertex -12 -1.7 0
    endloop
  endfacet
  facet normal 0.95371 -0.300729 0
    outer loop
      vertex -13.6421 0.439992 3
      vertex -13.5975 0.581433 0
      vertex -13.5975 0.581433 3
    endloop
  endfacet
  facet normal 0.95371 -0.300729 0
    outer loop
      vertex -13.5975 0.581433 0
      vertex -13.6421 0.439992 3
      vertex -13.6421 0.439992 0
    endloop
  endfacet
  facet normal -0.461884 0.886941 0
    outer loop
      vertex -11.15 -1.47224 0
      vertex -11.2815 -1.54072 3.1
      vertex -11.15 -1.47224 3.1
    endloop
  endfacet
  facet normal -0.461884 0.886941 0
    outer loop
      vertex -11.2815 -1.54072 3.1
      vertex -11.15 -1.47224 0
      vertex -11.2815 -1.54072 0
    endloop
  endfacet
  facet normal 0.300747 0.953704 -0
    outer loop
      vertex -12.44 -1.64207 0
      vertex -12.5814 -1.59748 3
      vertex -12.44 -1.64207 3
    endloop
  endfacet
  facet normal 0.300747 0.953704 0
    outer loop
      vertex -12.5814 -1.59748 3
      vertex -12.44 -1.64207 0
      vertex -12.5814 -1.59748 0
    endloop
  endfacet
  facet normal -0.923772 0.382944 0
    outer loop
      vertex -10.4593 -0.718451 0
      vertex -10.4025 -0.581433 3.1
      vertex -10.4025 -0.581433 0
    endloop
  endfacet
  facet normal -0.923772 0.382944 0
    outer loop
      vertex -10.4025 -0.581433 3.1
      vertex -10.4593 -0.718451 0
      vertex -10.4593 -0.718451 3.1
    endloop
  endfacet
  facet normal -0.382518 -0.923948 0
    outer loop
      vertex -11.4186 1.59748 0
      vertex -11.2815 1.54072 3.1
      vertex -11.4186 1.59748 3.1
    endloop
  endfacet
  facet normal -0.382518 -0.923948 -0
    outer loop
      vertex -11.2815 1.54072 3.1
      vertex -11.4186 1.59748 0
      vertex -11.2815 1.54072 0
    endloop
  endfacet
  facet normal 0.608984 -0.793183 0
    outer loop
      vertex -13.0927 1.30227 0
      vertex -12.9751 1.39256 3
      vertex -13.0927 1.30227 3
    endloop
  endfacet
  facet normal 0.608984 -0.793183 0
    outer loop
      vertex -12.9751 1.39256 3
      vertex -13.0927 1.30227 0
      vertex -12.9751 1.39256 0
    endloop
  endfacet
  facet normal 0.923772 0.382944 0
    outer loop
      vertex -13.5407 -0.718451 3
      vertex -13.5975 -0.581433 0
      vertex -13.5975 -0.581433 3
    endloop
  endfacet
  facet normal 0.923772 0.382944 0
    outer loop
      vertex -13.5975 -0.581433 0
      vertex -13.5407 -0.718451 3
      vertex -13.5407 -0.718451 0
    endloop
  endfacet
  facet normal 0.737249 0.675621 0
    outer loop
      vertex -13.2021 -1.20208 3
      vertex -13.3023 -1.09274 0
      vertex -13.3023 -1.09274 3
    endloop
  endfacet
  facet normal 0.737249 0.675621 0
    outer loop
      vertex -13.3023 -1.09274 0
      vertex -13.2021 -1.20208 3
      vertex -13.2021 -1.20208 0
    endloop
  endfacet
  facet normal 0.7933 0.608831 0
    outer loop
      vertex -13.3023 -1.09274 3
      vertex -13.3926 -0.97508 0
      vertex -13.3926 -0.97508 3
    endloop
  endfacet
  facet normal 0.7933 0.608831 0
    outer loop
      vertex -13.3926 -0.97508 0
      vertex -13.3023 -1.09274 3
      vertex -13.3023 -1.09274 0
    endloop
  endfacet
  facet normal 0.130573 0.991439 -0
    outer loop
      vertex -12.1482 -1.69353 0
      vertex -12.2952 -1.67417 3
      vertex -12.1482 -1.69353 3
    endloop
  endfacet
  facet normal 0.130573 0.991439 0
    outer loop
      vertex -12.2952 -1.67417 3
      vertex -12.1482 -1.69353 0
      vertex -12.2952 -1.67417 0
    endloop
  endfacet
  facet normal 0.976295 -0.216444 0
    outer loop
      vertex -13.6742 0.295201 3
      vertex -13.6421 0.439992 0
      vertex -13.6421 0.439992 3
    endloop
  endfacet
  facet normal 0.976295 -0.216444 0
    outer loop
      vertex -13.6421 0.439992 0
      vertex -13.6742 0.295201 3
      vertex -13.6742 0.295201 0
    endloop
  endfacet
  facet normal 0.886954 0.461857 0
    outer loop
      vertex -13.4722 -0.849999 3
      vertex -13.5407 -0.718451 0
      vertex -13.5407 -0.718451 3
    endloop
  endfacet
  facet normal 0.886954 0.461857 0
    outer loop
      vertex -13.5407 -0.718451 0
      vertex -13.4722 -0.849999 3
      vertex -13.4722 -0.849999 0
    endloop
  endfacet
  facet normal -0.991495 0.130144 0
    outer loop
      vertex -10.3258 -0.295201 0
      vertex -10.3065 -0.148165 3.1
      vertex -10.3065 -0.148165 0
    endloop
  endfacet
  facet normal -0.991495 0.130144 0
    outer loop
      vertex -10.3065 -0.148165 3.1
      vertex -10.3258 -0.295201 0
      vertex -10.3258 -0.295201 3.1
    endloop
  endfacet
  facet normal -0.216431 0.976298 0
    outer loop
      vertex -11.56 -1.64207 0
      vertex -11.7048 -1.67417 3.1
      vertex -11.56 -1.64207 3.1
    endloop
  endfacet
  facet normal -0.216431 0.976298 0
    outer loop
      vertex -11.7048 -1.67417 3.1
      vertex -11.56 -1.64207 0
      vertex -11.7048 -1.67417 0
    endloop
  endfacet
  facet normal 0.923772 -0.382944 0
    outer loop
      vertex -13.5975 0.581433 3
      vertex -13.5407 0.718451 0
      vertex -13.5407 0.718451 3
    endloop
  endfacet
  facet normal 0.923772 -0.382944 0
    outer loop
      vertex -13.5407 0.718451 0
      vertex -13.5975 0.581433 3
      vertex -13.5975 0.581433 0
    endloop
  endfacet
  facet normal 0.382518 -0.923948 0
    outer loop
      vertex -12.7185 1.54072 0
      vertex -12.5814 1.59748 3
      vertex -12.7185 1.54072 3
    endloop
  endfacet
  facet normal 0.382518 -0.923948 0
    outer loop
      vertex -12.5814 1.59748 3
      vertex -12.7185 1.54072 0
      vertex -12.5814 1.59748 0
    endloop
  endfacet
  facet normal 0.886954 -0.461857 0
    outer loop
      vertex -13.5407 0.718451 3
      vertex -13.4722 0.849999 0
      vertex -13.4722 0.849999 3
    endloop
  endfacet
  facet normal 0.886954 -0.461857 0
    outer loop
      vertex -13.4722 0.849999 0
      vertex -13.5407 0.718451 3
      vertex -13.5407 0.718451 0
    endloop
  endfacet
  facet normal -0.999039 -0.0438279 0
    outer loop
      vertex -10.3 0 0
      vertex -10.3065 0.148165 3.1
      vertex -10.3065 0.148165 0
    endloop
  endfacet
  facet normal -0.999039 -0.0438279 0
    outer loop
      vertex -10.3065 0.148165 3.1
      vertex -10.3 0 0
      vertex -10.3 0 3.1
    endloop
  endfacet
  facet normal -0.461884 -0.886941 0
    outer loop
      vertex -11.2815 1.54072 0
      vertex -11.15 1.47224 3.1
      vertex -11.2815 1.54072 3.1
    endloop
  endfacet
  facet normal -0.461884 -0.886941 -0
    outer loop
      vertex -11.15 1.47224 3.1
      vertex -11.2815 1.54072 0
      vertex -11.15 1.47224 0
    endloop
  endfacet
  facet normal -0.976295 -0.216444 0
    outer loop
      vertex -10.3258 0.295201 0
      vertex -10.3579 0.439992 3.1
      vertex -10.3579 0.439992 0
    endloop
  endfacet
  facet normal -0.976295 -0.216444 0
    outer loop
      vertex -10.3579 0.439992 3.1
      vertex -10.3258 0.295201 0
      vertex -10.3258 0.295201 3.1
    endloop
  endfacet
  facet normal 0.382518 0.923948 -0
    outer loop
      vertex -12.5814 -1.59748 0
      vertex -12.7185 -1.54072 3
      vertex -12.5814 -1.59748 3
    endloop
  endfacet
  facet normal 0.382518 0.923948 0
    outer loop
      vertex -12.7185 -1.54072 3
      vertex -12.5814 -1.59748 0
      vertex -12.7185 -1.54072 0
    endloop
  endfacet
  facet normal 0.537216 -0.843445 0
    outer loop
      vertex -12.9751 1.39256 0
      vertex -12.85 1.47224 3
      vertex -12.9751 1.39256 3
    endloop
  endfacet
  facet normal 0.537216 -0.843445 0
    outer loop
      vertex -12.85 1.47224 3
      vertex -12.9751 1.39256 0
      vertex -12.85 1.47224 0
    endloop
  endfacet
  facet normal -0.886954 -0.461857 0
    outer loop
      vertex -10.4593 0.718451 0
      vertex -10.5278 0.849999 3.1
      vertex -10.5278 0.849999 0
    endloop
  endfacet
  facet normal -0.886954 -0.461857 0
    outer loop
      vertex -10.5278 0.849999 3.1
      vertex -10.4593 0.718451 0
      vertex -10.4593 0.718451 3.1
    endloop
  endfacet
  facet normal 0.737249 -0.675621 0
    outer loop
      vertex -13.3023 1.09274 3
      vertex -13.2021 1.20208 0
      vertex -13.2021 1.20208 3
    endloop
  endfacet
  facet normal 0.737249 -0.675621 0
    outer loop
      vertex -13.2021 1.20208 0
      vertex -13.3023 1.09274 3
      vertex -13.3023 1.09274 0
    endloop
  endfacet
  facet normal -0.737249 0.675621 0
    outer loop
      vertex -10.7979 -1.20208 0
      vertex -10.6977 -1.09274 3.1
      vertex -10.6977 -1.09274 0
    endloop
  endfacet
  facet normal -0.737249 0.675621 0
    outer loop
      vertex -10.6977 -1.09274 3.1
      vertex -10.7979 -1.20208 0
      vertex -10.7979 -1.20208 3.1
    endloop
  endfacet
  facet normal -0.130573 0.991439 0
    outer loop
      vertex -11.7048 -1.67417 0
      vertex -11.8518 -1.69353 3.1
      vertex -11.7048 -1.67417 3.1
    endloop
  endfacet
  facet normal -0.130573 0.991439 0
    outer loop
      vertex -11.8518 -1.69353 3.1
      vertex -11.7048 -1.67417 0
      vertex -11.8518 -1.69353 0
    endloop
  endfacet
  facet normal 0.843652 -0.53689 0
    outer loop
      vertex -13.4722 0.849999 3
      vertex -13.3926 0.97508 0
      vertex -13.3926 0.97508 3
    endloop
  endfacet
  facet normal 0.843652 -0.53689 0
    outer loop
      vertex -13.3926 0.97508 0
      vertex -13.4722 0.849999 3
      vertex -13.4722 0.849999 0
    endloop
  endfacet
  facet normal -0.300747 -0.953704 0
    outer loop
      vertex -11.56 1.64207 0
      vertex -11.4186 1.59748 3.1
      vertex -11.56 1.64207 3.1
    endloop
  endfacet
  facet normal -0.300747 -0.953704 -0
    outer loop
      vertex -11.4186 1.59748 3.1
      vertex -11.56 1.64207 0
      vertex -11.4186 1.59748 0
    endloop
  endfacet
  facet normal -0.608984 -0.793183 0
    outer loop
      vertex -11.0249 1.39256 0
      vertex -10.9073 1.30227 3.1
      vertex -11.0249 1.39256 3.1
    endloop
  endfacet
  facet normal -0.608984 -0.793183 -0
    outer loop
      vertex -10.9073 1.30227 3.1
      vertex -11.0249 1.39256 0
      vertex -10.9073 1.30227 0
    endloop
  endfacet
  facet normal -0.976295 0.216444 0
    outer loop
      vertex -10.3579 -0.439992 0
      vertex -10.3258 -0.295201 3.1
      vertex -10.3258 -0.295201 0
    endloop
  endfacet
  facet normal -0.976295 0.216444 0
    outer loop
      vertex -10.3258 -0.295201 3.1
      vertex -10.3579 -0.439992 0
      vertex -10.3579 -0.439992 3.1
    endloop
  endfacet
  facet normal -0.843652 -0.53689 0
    outer loop
      vertex -10.5278 0.849999 0
      vertex -10.6074 0.97508 3.1
      vertex -10.6074 0.97508 0
    endloop
  endfacet
  facet normal -0.843652 -0.53689 0
    outer loop
      vertex -10.6074 0.97508 3.1
      vertex -10.5278 0.849999 0
      vertex -10.5278 0.849999 3.1
    endloop
  endfacet
  facet normal -0.675383 -0.737467 0
    outer loop
      vertex -10.9073 1.30227 0
      vertex -10.7979 1.20208 3.1
      vertex -10.9073 1.30227 3.1
    endloop
  endfacet
  facet normal -0.675383 -0.737467 -0
    outer loop
      vertex -10.7979 1.20208 3.1
      vertex -10.9073 1.30227 0
      vertex -10.7979 1.20208 0
    endloop
  endfacet
  facet normal -0.999039 0.0438279 0
    outer loop
      vertex -10.3065 -0.148165 0
      vertex -10.3 0 3.1
      vertex -10.3 0 0
    endloop
  endfacet
  facet normal -0.999039 0.0438279 0
    outer loop
      vertex -10.3 0 3.1
      vertex -10.3065 -0.148165 0
      vertex -10.3065 -0.148165 3.1
    endloop
  endfacet
  facet normal -0.886954 0.461857 0
    outer loop
      vertex -10.5278 -0.849999 0
      vertex -10.4593 -0.718451 3.1
      vertex -10.4593 -0.718451 0
    endloop
  endfacet
  facet normal -0.886954 0.461857 0
    outer loop
      vertex -10.4593 -0.718451 3.1
      vertex -10.5278 -0.849999 0
      vertex -10.5278 -0.849999 3.1
    endloop
  endfacet
  facet normal -0.537216 -0.843445 0
    outer loop
      vertex -11.15 1.47224 0
      vertex -11.0249 1.39256 3.1
      vertex -11.15 1.47224 3.1
    endloop
  endfacet
  facet normal -0.537216 -0.843445 -0
    outer loop
      vertex -11.0249 1.39256 3.1
      vertex -11.15 1.47224 0
      vertex -11.0249 1.39256 0
    endloop
  endfacet
  facet normal -0.0436226 -0.999048 -0
    outer loop
      vertex -12 1.7 3
      vertex -12 1.7 0
      vertex -11.869 1.69428 3
    endloop
  endfacet
  facet normal -0.0435633 -0.999051 0
    outer loop
      vertex -11.869 1.69428 3
      vertex -11.8518 1.69353 3.1
      vertex -11.869 1.69428 3.1
    endloop
  endfacet
  facet normal -0.0436157 -0.999048 -3.01108e-07
    outer loop
      vertex -11.8518 1.69353 0
      vertex -11.869 1.69428 3
      vertex -12 1.7 0
    endloop
  endfacet
  facet normal -0.0435633 -0.999051 0
    outer loop
      vertex -11.869 1.69428 3
      vertex -11.8518 1.69353 0
      vertex -11.8518 1.69353 3.1
    endloop
  endfacet
  facet normal -0.130573 -0.991439 0
    outer loop
      vertex -11.8518 1.69353 0
      vertex -11.7048 1.67417 3.1
      vertex -11.8518 1.69353 3.1
    endloop
  endfacet
  facet normal -0.130573 -0.991439 -0
    outer loop
      vertex -11.7048 1.67417 3.1
      vertex -11.8518 1.69353 0
      vertex -11.7048 1.67417 0
    endloop
  endfacet
  facet normal 0 0 -1
    outer loop
      vertex -12 0 3.1
      vertex -10.3 0 3.1
      vertex -10.3065 -0.148165 3.1
    endloop
  endfacet
  facet normal 0 0 -1
    outer loop
      vertex -12 0 3.1
      vertex -10.3065 -0.148165 3.1
      vertex -10.3258 -0.295201 3.1
    endloop
  endfacet
  facet normal 0 0 -1
    outer loop
      vertex -10.3 0 3.1
      vertex -12 0 3.1
      vertex -10.3065 0.148165 3.1
    endloop
  endfacet
  facet normal 0 0 -1
    outer loop
      vertex -12 0 3.1
      vertex -10.3258 -0.295201 3.1
      vertex -10.3579 -0.439992 3.1
    endloop
  endfacet
  facet normal -0 0 -1
    outer loop
      vertex -10.3065 0.148165 3.1
      vertex -12 0 3.1
      vertex -10.3258 0.295201 3.1
    endloop
  endfacet
  facet normal 0 0 -1
    outer loop
      vertex -12 0 3.1
      vertex -10.3579 -0.439992 3.1
      vertex -10.4025 -0.581433 3.1
    endloop
  endfacet
  facet normal -0 0 -1
    outer loop
      vertex -10.3258 0.295201 3.1
      vertex -12 0 3.1
      vertex -10.3579 0.439992 3.1
    endloop
  endfacet
  facet normal 0 0 -1
    outer loop
      vertex -12 0 3.1
      vertex -10.4025 -0.581433 3.1
      vertex -10.4593 -0.718451 3.1
    endloop
  endfacet
  facet normal -0 0 -1
    outer loop
      vertex -10.3579 0.439992 3.1
      vertex -12 0 3.1
      vertex -10.4025 0.581433 3.1
    endloop
  endfacet
  facet normal 0 0 -1
    outer loop
      vertex -12 0 3.1
      vertex -10.4593 -0.718451 3.1
      vertex -10.5278 -0.849999 3.1
    endloop
  endfacet
  facet normal -0 0 -1
    outer loop
      vertex -10.4025 0.581433 3.1
      vertex -12 0 3.1
      vertex -10.4593 0.718451 3.1
    endloop
  endfacet
  facet normal 0 0 -1
    outer loop
      vertex -12 0 3.1
      vertex -10.5278 -0.849999 3.1
      vertex -10.6074 -0.97508 3.1
    endloop
  endfacet
  facet normal -0 0 -1
    outer loop
      vertex -10.4593 0.718451 3.1
      vertex -12 0 3.1
      vertex -10.5278 0.849999 3.1
    endloop
  endfacet
  facet normal 0 0 -1
    outer loop
      vertex -11.9543 -1.04587 3.1
      vertex -10.6074 -0.97508 3.1
      vertex -10.6977 -1.09274 3.1
    endloop
  endfacet
  facet normal -0 0 -1
    outer loop
      vertex -10.5278 0.849999 3.1
      vertex -12 0 3.1
      vertex -10.6074 0.97508 3.1
    endloop
  endfacet
  facet normal 0 0 -1
    outer loop
      vertex -11.9543 -1.04587 3.1
      vertex -10.6977 -1.09274 3.1
      vertex -10.7979 -1.20208 3.1
    endloop
  endfacet
  facet normal 0 -0 -1
    outer loop
      vertex -11.9543 1.04587 3.1
      vertex -10.6074 0.97508 3.1
      vertex -12 0 3.1
    endloop
  endfacet
  facet normal 0 0 -1
    outer loop
      vertex -11.9543 -1.04587 3.1
      vertex -10.7979 -1.20208 3.1
      vertex -10.9073 -1.30227 3.1
    endloop
  endfacet
  facet normal 0 0 -1
    outer loop
      vertex -10.6074 0.97508 3.1
      vertex -11.9543 1.04587 3.1
      vertex -10.6977 1.09274 3.1
    endloop
  endfacet
  facet normal 0 0 -1
    outer loop
      vertex -11.9543 -1.04587 3.1
      vertex -10.9073 -1.30227 3.1
      vertex -11.0249 -1.39256 3.1
    endloop
  endfacet
  facet normal -0 0 -1
    outer loop
      vertex -10.6977 1.09274 3.1
      vertex -11.9543 1.04587 3.1
      vertex -10.7979 1.20208 3.1
    endloop
  endfacet
  facet normal 0 0 -1
    outer loop
      vertex -11.9543 -1.04587 3.1
      vertex -11.0249 -1.39256 3.1
      vertex -11.15 -1.47224 3.1
    endloop
  endfacet
  facet normal -0 0 -1
    outer loop
      vertex -10.7979 1.20208 3.1
      vertex -11.9543 1.04587 3.1
      vertex -10.9073 1.30227 3.1
    endloop
  endfacet
  facet normal 0 0 -1
    outer loop
      vertex -11.9543 -1.04587 3.1
      vertex -11.15 -1.47224 3.1
      vertex -11.2815 -1.54072 3.1
    endloop
  endfacet
  facet normal -0 0 -1
    outer loop
      vertex -10.9073 1.30227 3.1
      vertex -11.9543 1.04587 3.1
      vertex -11.0249 1.39256 3.1
    endloop
  endfacet
  facet normal 0 0 -1
    outer loop
      vertex -11.9543 -1.04587 3.1
      vertex -11.2815 -1.54072 3.1
      vertex -11.4186 -1.59748 3.1
    endloop
  endfacet
  facet normal -0 0 -1
    outer loop
      vertex -11.0249 1.39256 3.1
      vertex -11.9543 1.04587 3.1
      vertex -11.15 1.47224 3.1
    endloop
  endfacet
  facet normal 0 0 -1
    outer loop
      vertex -11.9543 -1.04587 3.1
      vertex -11.4186 -1.59748 3.1
      vertex -11.56 -1.64207 3.1
    endloop
  endfacet
  facet normal -0 0 -1
    outer loop
      vertex -11.15 1.47224 3.1
      vertex -11.9543 1.04587 3.1
      vertex -11.2815 1.54072 3.1
    endloop
  endfacet
  facet normal 0 0 -1
    outer loop
      vertex -11.9543 -1.04587 3.1
      vertex -11.56 -1.64207 3.1
      vertex -11.7048 -1.67417 3.1
    endloop
  endfacet
  facet normal -0 0 -1
    outer loop
      vertex -11.2815 1.54072 3.1
      vertex -11.9543 1.04587 3.1
      vertex -11.4186 1.59748 3.1
    endloop
  endfacet
  facet normal 0 0 -1
    outer loop
      vertex -11.9543 -1.04587 3.1
      vertex -11.7048 -1.67417 3.1
      vertex -11.8518 -1.69353 3.1
    endloop
  endfacet
  facet normal -0 0 -1
    outer loop
      vertex -10.6074 -0.97508 3.1
      vertex -11.9543 -1.04587 3.1
      vertex -12 0 3.1
    endloop
  endfacet
  facet normal 0 0 -1
    outer loop
      vertex -11.9543 -1.04587 3.1
      vertex -11.8518 -1.69353 3.1
      vertex -11.869 -1.69428 3.1
    endloop
  endfacet
  facet normal -0 0 -1
    outer loop
      vertex -11.56 1.64207 3.1
      vertex -11.9543 1.04587 3.1
      vertex -11.7048 1.67417 3.1
    endloop
  endfacet
  facet normal -0 0 -1
    outer loop
      vertex -11.4186 1.59748 3.1
      vertex -11.9543 1.04587 3.1
      vertex -11.56 1.64207 3.1
    endloop
  endfacet
  facet normal -0 0 -1
    outer loop
      vertex -11.7048 1.67417 3.1
      vertex -11.9543 1.04587 3.1
      vertex -11.8518 1.69353 3.1
    endloop
  endfacet
  facet normal -0 0 -1
    outer loop
      vertex -11.8518 1.69353 3.1
      vertex -11.9543 1.04587 3.1
      vertex -11.869 1.69428 3.1
    endloop
  endfacet
  facet normal -0.737434 0.675419 0
    outer loop
      vertex -4.79792 -11.5944 0
      vertex -4.69772 -11.485 3
      vertex -4.69772 -11.485 0
    endloop
  endfacet
  facet normal -0.737434 0.675419 0
    outer loop
      vertex -4.69772 -11.485 3
      vertex -4.79792 -11.5944 0
      vertex -4.79792 -11.5944 3
    endloop
  endfacet
  facet normal -0.953704 0.300747 0
    outer loop
      vertex -4.40252 -10.9737 0
      vertex -4.35793 -10.8323 3.1
      vertex -4.35793 -10.8323 0
    endloop
  endfacet
  facet normal -0.953704 0.300747 0
    outer loop
      vertex -4.35793 -10.8323 3.1
      vertex -4.40252 -10.9737 0
      vertex -4.40252 -10.9737 3.1
    endloop
  endfacet
  facet normal 0.300731 0.953709 -0
    outer loop
      vertex -6.43999 -12.0344 0
      vertex -6.58143 -11.9898 3
      vertex -6.43999 -12.0344 3
    endloop
  endfacet
  facet normal 0.300731 0.953709 0
    outer loop
      vertex -6.58143 -11.9898 3
      vertex -6.43999 -12.0344 0
      vertex -6.58143 -11.9898 0
    endloop
  endfacet
  facet normal 0.216445 0.976295 -0
    outer loop
      vertex -6.2952 -12.0665 0
      vertex -6.43999 -12.0344 3
      vertex -6.2952 -12.0665 3
    endloop
  endfacet
  facet normal 0.216445 0.976295 0
    outer loop
      vertex -6.43999 -12.0344 3
      vertex -6.2952 -12.0665 0
      vertex -6.43999 -12.0344 0
    endloop
  endfacet
  facet normal -0.300731 -0.953709 0
    outer loop
      vertex -5.56001 -8.75023 0
      vertex -5.41857 -8.79483 3.1
      vertex -5.56001 -8.75023 3.1
    endloop
  endfacet
  facet normal -0.300731 -0.953709 -0
    outer loop
      vertex -5.41857 -8.79483 3.1
      vertex -5.56001 -8.75023 0
      vertex -5.41857 -8.79483 0
    endloop
  endfacet
  facet normal 0.536893 0.84365 -0
    outer loop
      vertex -6.85 -11.8645 0
      vertex -6.97508 -11.7849 3
      vertex -6.85 -11.8645 3
    endloop
  endfacet
  facet normal 0.536893 0.84365 0
    outer loop
      vertex -6.97508 -11.7849 3
      vertex -6.85 -11.8645 0
      vertex -6.97508 -11.7849 0
    endloop
  endfacet
  facet normal -0.130149 0.991494 0
    outer loop
      vertex -5.7048 -12.0665 0
      vertex -5.85183 -12.0858 3
      vertex -5.7048 -12.0665 3
    endloop
  endfacet
  facet normal -0.130149 0.991494 0
    outer loop
      vertex -5.85183 -12.0858 3
      vertex -5.7048 -12.0665 0
      vertex -5.85183 -12.0858 0
    endloop
  endfacet
  facet normal 0.923948 0.382518 0
    outer loop
      vertex -7.54072 -11.1108 3
      vertex -7.59748 -10.9737 0
      vertex -7.59748 -10.9737 3
    endloop
  endfacet
  facet normal 0.923948 0.382518 0
    outer loop
      vertex -7.59748 -10.9737 0
      vertex -7.54072 -11.1108 3
      vertex -7.54072 -11.1108 0
    endloop
  endfacet
  facet normal 0.461852 0.886957 -0
    outer loop
      vertex -6.71845 -11.933 0
      vertex -6.85 -11.8645 3
      vertex -6.71845 -11.933 3
    endloop
  endfacet
  facet normal 0.461852 0.886957 0
    outer loop
      vertex -6.85 -11.8645 3
      vertex -6.71845 -11.933 0
      vertex -6.85 -11.8645 0
    endloop
  endfacet
  facet normal -0.976298 0.216431 0
    outer loop
      vertex -4.35793 -10.8323 0
      vertex -4.32583 -10.6875 3.1
      vertex -4.32583 -10.6875 0
    endloop
  endfacet
  facet normal -0.976298 0.216431 0
    outer loop
      vertex -4.32583 -10.6875 3.1
      vertex -4.35793 -10.8323 0
      vertex -4.35793 -10.8323 3.1
    endloop
  endfacet
  facet normal -0.843445 0.537216 0
    outer loop
      vertex -4.60744 -11.3674 0
      vertex -4.52776 -11.2423 3
      vertex -4.52776 -11.2423 0
    endloop
  endfacet
  facet normal -0.843445 0.537216 0
    outer loop
      vertex -4.52776 -11.2423 3
      vertex -4.60744 -11.3674 0
      vertex -4.60744 -11.3674 3
    endloop
  endfacet
  facet normal 0.0436274 -0.999048 0
    outer loop
      vertex -6.14816 -8.69877 0
      vertex -6 -8.6923 3.1
      vertex -6.14816 -8.69877 3.1
    endloop
  endfacet
  facet normal 0.0436274 -0.999048 0
    outer loop
      vertex -6 -8.6923 3.1
      vertex -6.14816 -8.69877 0
      vertex -6 -8.6923 0
    endloop
  endfacet
  facet normal -0.843406 -0.537277 0
    outer loop
      vertex -4.52776 -9.5423 0
      vertex -4.60744 -9.41722 3.1
      vertex -4.60744 -9.41722 0
    endloop
  endfacet
  facet normal -0.843406 -0.537277 0
    outer loop
      vertex -4.60744 -9.41722 3.1
      vertex -4.52776 -9.5423 0
      vertex -4.52776 -9.5423 3.1
    endloop
  endfacet
  facet normal -0.886834 0.462087 0
    outer loop
      vertex -4.45928 -11.1108 0
      vertex -4.4672 -11.126 3
      vertex -4.45928 -11.1108 3.1
    endloop
  endfacet
  facet normal -0.886941 0.461884 -1.31299e-06
    outer loop
      vertex -4.52776 -11.2423 0
      vertex -4.4672 -11.126 3
      vertex -4.45928 -11.1108 0
    endloop
  endfacet
  facet normal -0.886954 0.461857 0
    outer loop
      vertex -4.4672 -11.126 3
      vertex -4.52776 -11.2423 0
      vertex -4.52776 -11.2423 3
    endloop
  endfacet
  facet normal -0.886834 0.462087 0
    outer loop
      vertex -4.45928 -11.1108 3.1
      vertex -4.4672 -11.126 3
      vertex -4.4672 -11.126 3.1
    endloop
  endfacet
  facet normal 0.382652 -0.923893 0
    outer loop
      vertex -6.71845 -8.85158 0
      vertex -6.58143 -8.79483 3.1
      vertex -6.71845 -8.85158 3.1
    endloop
  endfacet
  facet normal 0.382652 -0.923893 0
    outer loop
      vertex -6.58143 -8.79483 3.1
      vertex -6.71845 -8.85158 0
      vertex -6.58143 -8.79483 0
    endloop
  endfacet
  facet normal -0.991439 -0.130573 0
    outer loop
      vertex -4.30647 -10.2441 0
      vertex -4.32583 -10.0971 3.1
      vertex -4.32583 -10.0971 0
    endloop
  endfacet
  facet normal -0.991439 -0.130573 0
    outer loop
      vertex -4.32583 -10.0971 3.1
      vertex -4.30647 -10.2441 0
      vertex -4.30647 -10.2441 3.1
    endloop
  endfacet
  facet normal 0.793183 0.608984 0
    outer loop
      vertex -7.30227 -11.485 3
      vertex -7.39256 -11.3674 0
      vertex -7.39256 -11.3674 3
    endloop
  endfacet
  facet normal 0.793183 0.608984 0
    outer loop
      vertex -7.39256 -11.3674 0
      vertex -7.30227 -11.485 3
      vertex -7.30227 -11.485 0
    endloop
  endfacet
  facet normal -0.0438264 0.999039 0
    outer loop
      vertex -5.85183 -12.0858 0
      vertex -6 -12.0923 3
      vertex -5.85183 -12.0858 3
    endloop
  endfacet
  facet normal -0.0438264 0.999039 0
    outer loop
      vertex -6 -12.0923 3
      vertex -5.85183 -12.0858 0
      vertex -6 -12.0923 0
    endloop
  endfacet
  facet normal -0.999048 0.0436157 0
    outer loop
      vertex -4.30647 -10.5405 0
      vertex -4.3 -10.3923 3.1
      vertex -4.3 -10.3923 0
    endloop
  endfacet
  facet normal -0.999048 0.0436157 0
    outer loop
      vertex -4.3 -10.3923 3.1
      vertex -4.30647 -10.5405 0
      vertex -4.30647 -10.5405 3.1
    endloop
  endfacet
  facet normal -0.79334 -0.608778 0
    outer loop
      vertex -4.60744 -9.41722 0
      vertex -4.69772 -9.29957 3.1
      vertex -4.69772 -9.29957 0
    endloop
  endfacet
  facet normal -0.79334 -0.608778 0
    outer loop
      vertex -4.69772 -9.29957 3.1
      vertex -4.60744 -9.41722 0
      vertex -4.60744 -9.41722 3.1
    endloop
  endfacet
  facet normal -0.536893 0.84365 0
    outer loop
      vertex -5.02492 -11.7849 0
      vertex -5.15 -11.8645 3
      vertex -5.02492 -11.7849 3
    endloop
  endfacet
  facet normal -0.536893 0.84365 0
    outer loop
      vertex -5.15 -11.8645 3
      vertex -5.02492 -11.7849 0
      vertex -5.15 -11.8645 0
    endloop
  endfacet
  facet normal 0.843613 -0.536951 0
    outer loop
      vertex -7.40177 -9.43169 3
      vertex -7.39256 -9.41722 3.1
      vertex -7.40177 -9.43169 3.1
    endloop
  endfacet
  facet normal 0.843613 -0.536951 0
    outer loop
      vertex -7.39256 -9.41722 3.1
      vertex -7.40177 -9.43169 3
      vertex -7.39256 -9.41722 0
    endloop
  endfacet
  facet normal 0.843379 -0.537319 -2.49788e-06
    outer loop
      vertex -7.47224 -9.5423 3
      vertex -7.39256 -9.41722 0
      vertex -7.40177 -9.43169 3
    endloop
  endfacet
  facet normal 0.843406 -0.537277 0
    outer loop
      vertex -7.39256 -9.41722 0
      vertex -7.47224 -9.5423 3
      vertex -7.47224 -9.5423 0
    endloop
  endfacet
  facet normal 0.675584 -0.737283 0
    outer loop
      vertex -7.20208 -9.19022 0
      vertex -7.09274 -9.09003 3.1
      vertex -7.20208 -9.19022 3.1
    endloop
  endfacet
  facet normal 0.675584 -0.737283 0
    outer loop
      vertex -7.09274 -9.09003 3.1
      vertex -7.20208 -9.19022 0
      vertex -7.09274 -9.09003 0
    endloop
  endfacet
  facet normal -0.461852 0.886957 0
    outer loop
      vertex -5.15 -11.8645 0
      vertex -5.28155 -11.933 3
      vertex -5.15 -11.8645 3
    endloop
  endfacet
  facet normal -0.461852 0.886957 0
    outer loop
      vertex -5.28155 -11.933 3
      vertex -5.15 -11.8645 0
      vertex -5.28155 -11.933 0
    endloop
  endfacet
  facet normal 0.130538 -0.991443 0
    outer loop
      vertex -6.2952 -8.71813 0
      vertex -6.14816 -8.69877 3.1
      vertex -6.2952 -8.71813 3.1
    endloop
  endfacet
  facet normal 0.130538 -0.991443 0
    outer loop
      vertex -6.14816 -8.69877 3.1
      vertex -6.2952 -8.71813 0
      vertex -6.14816 -8.69877 0
    endloop
  endfacet
  facet normal -0.73728 -0.675587 0
    outer loop
      vertex -4.69772 -9.29957 0
      vertex -4.79792 -9.19022 3.1
      vertex -4.79792 -9.19022 0
    endloop
  endfacet
  facet normal -0.73728 -0.675587 0
    outer loop
      vertex -4.79792 -9.19022 3.1
      vertex -4.69772 -9.29957 0
      vertex -4.69772 -9.29957 3.1
    endloop
  endfacet
  facet normal -0.608831 0.7933 0
    outer loop
      vertex -4.90726 -11.6946 0
      vertex -5.02492 -11.7849 3
      vertex -4.90726 -11.6946 3
    endloop
  endfacet
  facet normal -0.608831 0.7933 0
    outer loop
      vertex -5.02492 -11.7849 3
      vertex -4.90726 -11.6946 0
      vertex -5.02492 -11.7849 0
    endloop
  endfacet
  facet normal 0.886941 0.461884 0
    outer loop
      vertex -7.47224 -11.2423 3
      vertex -7.54072 -11.1108 0
      vertex -7.54072 -11.1108 3
    endloop
  endfacet
  facet normal 0.886941 0.461884 0
    outer loop
      vertex -7.54072 -11.1108 0
      vertex -7.47224 -11.2423 3
      vertex -7.47224 -11.2423 0
    endloop
  endfacet
  facet normal 0.130141 0.991496 -0
    outer loop
      vertex -6.14816 -12.0858 0
      vertex -6.2952 -12.0665 3
      vertex -6.14816 -12.0858 3
    endloop
  endfacet
  facet normal 0.130141 0.991496 0
    outer loop
      vertex -6.2952 -12.0665 3
      vertex -6.14816 -12.0858 0
      vertex -6.2952 -12.0665 0
    endloop
  endfacet
  facet normal -0.923869 -0.382709 0
    outer loop
      vertex -4.40252 -9.81087 0
      vertex -4.45928 -9.67385 3.1
      vertex -4.45928 -9.67385 0
    endloop
  endfacet
  facet normal -0.923869 -0.382709 0
    outer loop
      vertex -4.45928 -9.67385 3.1
      vertex -4.40252 -9.81087 0
      vertex -4.40252 -9.81087 3.1
    endloop
  endfacet
  facet normal 0.737467 0.675383 0
    outer loop
      vertex -7.20208 -11.5944 3
      vertex -7.30227 -11.485 0
      vertex -7.30227 -11.485 3
    endloop
  endfacet
  facet normal 0.737467 0.675383 0
    outer loop
      vertex -7.30227 -11.485 0
      vertex -7.20208 -11.5944 3
      vertex -7.20208 -11.5944 0
    endloop
  endfacet
  facet normal 0.216445 -0.976295 0
    outer loop
      vertex -6.43999 -8.75023 0
      vertex -6.2952 -8.71813 3.1
      vertex -6.43999 -8.75023 3.1
    endloop
  endfacet
  facet normal 0.216445 -0.976295 0
    outer loop
      vertex -6.2952 -8.71813 3.1
      vertex -6.43999 -8.75023 0
      vertex -6.2952 -8.71813 0
    endloop
  endfacet
  facet normal 0.382939 0.923774 -0
    outer loop
      vertex -6.58143 -11.9898 0
      vertex -6.71845 -11.933 3
      vertex -6.58143 -11.9898 3
    endloop
  endfacet
  facet normal 0.382939 0.923774 0
    outer loop
      vertex -6.71845 -11.933 3
      vertex -6.58143 -11.9898 0
      vertex -6.71845 -11.933 0
    endloop
  endfacet
  facet normal 0.991439 -0.130573 0
    outer loop
      vertex -7.69353 -10.2441 3
      vertex -7.67417 -10.0971 0
      vertex -7.67417 -10.0971 3
    endloop
  endfacet
  facet normal 0.991439 -0.130573 0
    outer loop
      vertex -7.67417 -10.0971 0
      vertex -7.69353 -10.2441 3
      vertex -7.69353 -10.2441 0
    endloop
  endfacet
  facet normal 0.675621 0.737249 -0
    outer loop
      vertex -7.09274 -11.6946 0
      vertex -7.20208 -11.5944 3
      vertex -7.09274 -11.6946 3
    endloop
  endfacet
  facet normal 0.675621 0.737249 0
    outer loop
      vertex -7.20208 -11.5944 3
      vertex -7.09274 -11.6946 0
      vertex -7.20208 -11.5944 0
    endloop
  endfacet
  facet normal 0.999048 -0.0436157 0
    outer loop
      vertex -7.7 -10.3923 3
      vertex -7.69353 -10.2441 0
      vertex -7.69353 -10.2441 3
    endloop
  endfacet
  facet normal 0.999048 -0.0436157 0
    outer loop
      vertex -7.69353 -10.2441 0
      vertex -7.7 -10.3923 3
      vertex -7.7 -10.3923 0
    endloop
  endfacet
  facet normal 0.461745 -0.887012 0
    outer loop
      vertex -6.85 -8.92006 0
      vertex -6.71845 -8.85158 3.1
      vertex -6.85 -8.92006 3.1
    endloop
  endfacet
  facet normal 0.461745 -0.887012 0
    outer loop
      vertex -6.71845 -8.85158 3.1
      vertex -6.85 -8.92006 0
      vertex -6.71845 -8.85158 0
    endloop
  endfacet
  facet normal -0.130547 -0.991442 0
    outer loop
      vertex -5.85183 -8.69877 0
      vertex -5.7048 -8.71813 3.1
      vertex -5.85183 -8.69877 3.1
    endloop
  endfacet
  facet normal -0.130547 -0.991442 -0
    outer loop
      vertex -5.7048 -8.71813 3.1
      vertex -5.85183 -8.69877 0
      vertex -5.7048 -8.71813 0
    endloop
  endfacet
  facet normal 0.999048 0.0436157 0
    outer loop
      vertex -7.69353 -10.5405 3
      vertex -7.7 -10.3923 0
      vertex -7.7 -10.3923 3
    endloop
  endfacet
  facet normal 0.999048 0.0436157 0
    outer loop
      vertex -7.7 -10.3923 0
      vertex -7.69353 -10.5405 3
      vertex -7.69353 -10.5405 0
    endloop
  endfacet
  facet normal -0.608746 -0.793365 0
    outer loop
      vertex -5.02492 -8.99975 0
      vertex -4.90726 -9.09003 3.1
      vertex -5.02492 -8.99975 3.1
    endloop
  endfacet
  facet normal -0.608746 -0.793365 -0
    outer loop
      vertex -4.90726 -9.09003 3.1
      vertex -5.02492 -8.99975 0
      vertex -4.90726 -9.09003 0
    endloop
  endfacet
  facet normal 0.953728 -0.30067 0
    outer loop
      vertex -7.64207 -9.95231 3
      vertex -7.59748 -9.81087 0
      vertex -7.59748 -9.81087 3
    endloop
  endfacet
  facet normal 0.953728 -0.30067 0
    outer loop
      vertex -7.59748 -9.81087 0
      vertex -7.64207 -9.95231 3
      vertex -7.64207 -9.95231 0
    endloop
  endfacet
  facet normal -0.675584 -0.737283 0
    outer loop
      vertex -4.90726 -9.09003 0
      vertex -4.79792 -9.19022 3.1
      vertex -4.90726 -9.09003 3.1
    endloop
  endfacet
  facet normal -0.675584 -0.737283 -0
    outer loop
      vertex -4.79792 -9.19022 3.1
      vertex -4.90726 -9.09003 0
      vertex -4.79792 -9.19022 0
    endloop
  endfacet
  facet normal 0.976298 0.216431 0
    outer loop
      vertex -7.64207 -10.8323 3
      vertex -7.67417 -10.6875 0
      vertex -7.67417 -10.6875 3
    endloop
  endfacet
  facet normal 0.976298 0.216431 0
    outer loop
      vertex -7.67417 -10.6875 0
      vertex -7.64207 -10.8323 3
      vertex -7.64207 -10.8323 0
    endloop
  endfacet
  facet normal 0.976295 -0.216445 0
    outer loop
      vertex -7.67417 -10.0971 3
      vertex -7.64207 -9.95231 0
      vertex -7.64207 -9.95231 3
    endloop
  endfacet
  facet normal 0.976295 -0.216445 0
    outer loop
      vertex -7.64207 -9.95231 0
      vertex -7.67417 -10.0971 3
      vertex -7.67417 -10.0971 0
    endloop
  endfacet
  facet normal -0.216445 0.976295 0
    outer loop
      vertex -5.56001 -12.0344 0
      vertex -5.7048 -12.0665 3
      vertex -5.56001 -12.0344 3
    endloop
  endfacet
  facet normal -0.216445 0.976295 0
    outer loop
      vertex -5.7048 -12.0665 3
      vertex -5.56001 -12.0344 0
      vertex -5.7048 -12.0665 0
    endloop
  endfacet
  facet normal -0.923948 0.382518 0
    outer loop
      vertex -4.45928 -11.1108 0
      vertex -4.40252 -10.9737 3.1
      vertex -4.40252 -10.9737 0
    endloop
  endfacet
  facet normal -0.923948 0.382518 0
    outer loop
      vertex -4.40252 -10.9737 3.1
      vertex -4.45928 -11.1108 0
      vertex -4.45928 -11.1108 3.1
    endloop
  endfacet
  facet normal 0.0438293 0.999039 -0
    outer loop
      vertex -6 -12.0923 0
      vertex -6.14816 -12.0858 3
      vertex -6 -12.0923 3
    endloop
  endfacet
  facet normal 0.0438293 0.999039 0
    outer loop
      vertex -6.14816 -12.0858 3
      vertex -6 -12.0923 0
      vertex -6.14816 -12.0858 0
    endloop
  endfacet
  facet normal -0.0436245 -0.999048 0
    outer loop
      vertex -6 -8.6923 0
      vertex -5.85183 -8.69877 3.1
      vertex -6 -8.6923 3.1
    endloop
  endfacet
  facet normal -0.0436245 -0.999048 -0
    outer loop
      vertex -5.85183 -8.69877 3.1
      vertex -6 -8.6923 0
      vertex -5.85183 -8.69877 0
    endloop
  endfacet
  facet normal 0.537325 -0.843375 0
    outer loop
      vertex -6.97508 -8.99975 0
      vertex -6.85 -8.92006 3.1
      vertex -6.97508 -8.99975 3.1
    endloop
  endfacet
  facet normal 0.537325 -0.843375 0
    outer loop
      vertex -6.85 -8.92006 3.1
      vertex -6.97508 -8.99975 0
      vertex -6.85 -8.92006 0
    endloop
  endfacet
  facet normal 0.608831 0.7933 -0
    outer loop
      vertex -6.97508 -11.7849 0
      vertex -7.09274 -11.6946 3
      vertex -6.97508 -11.7849 3
    endloop
  endfacet
  facet normal 0.608831 0.7933 0
    outer loop
      vertex -7.09274 -11.6946 3
      vertex -6.97508 -11.7849 0
      vertex -7.09274 -11.6946 0
    endloop
  endfacet
  facet normal 0.923869 -0.382709 0
    outer loop
      vertex -7.59748 -9.81087 3
      vertex -7.54072 -9.67385 0
      vertex -7.54072 -9.67385 3
    endloop
  endfacet
  facet normal 0.923869 -0.382709 0
    outer loop
      vertex -7.54072 -9.67385 0
      vertex -7.59748 -9.81087 3
      vertex -7.59748 -9.81087 0
    endloop
  endfacet
  facet normal 0.300731 -0.953709 0
    outer loop
      vertex -6.58143 -8.79483 0
      vertex -6.43999 -8.75023 3.1
      vertex -6.58143 -8.79483 3.1
    endloop
  endfacet
  facet normal 0.300731 -0.953709 0
    outer loop
      vertex -6.43999 -8.75023 3.1
      vertex -6.58143 -8.79483 0
      vertex -6.43999 -8.75023 0
    endloop
  endfacet
  facet normal 0.608746 -0.793365 0
    outer loop
      vertex -7.09274 -9.09003 0
      vertex -6.97508 -8.99975 3.1
      vertex -7.09274 -9.09003 3.1
    endloop
  endfacet
  facet normal 0.608746 -0.793365 0
    outer loop
      vertex -6.97508 -8.99975 3.1
      vertex -7.09274 -9.09003 0
      vertex -6.97508 -8.99975 0
    endloop
  endfacet
  facet normal -0.976295 -0.216445 0
    outer loop
      vertex -4.32583 -10.0971 0
      vertex -4.35793 -9.95231 3.1
      vertex -4.35793 -9.95231 0
    endloop
  endfacet
  facet normal -0.976295 -0.216445 0
    outer loop
      vertex -4.35793 -9.95231 3.1
      vertex -4.32583 -10.0971 0
      vertex -4.32583 -10.0971 3.1
    endloop
  endfacet
  facet normal -0.382939 0.923774 0
    outer loop
      vertex -5.28155 -11.933 0
      vertex -5.41857 -11.9898 3
      vertex -5.28155 -11.933 3
    endloop
  endfacet
  facet normal -0.382939 0.923774 0
    outer loop
      vertex -5.41857 -11.9898 3
      vertex -5.28155 -11.933 0
      vertex -5.41857 -11.9898 0
    endloop
  endfacet
  facet normal -0.953728 -0.30067 0
    outer loop
      vertex -4.35793 -9.95231 0
      vertex -4.40252 -9.81087 3.1
      vertex -4.40252 -9.81087 0
    endloop
  endfacet
  facet normal -0.953728 -0.30067 0
    outer loop
      vertex -4.40252 -9.81087 3.1
      vertex -4.35793 -9.95231 0
      vertex -4.35793 -9.95231 3.1
    endloop
  endfacet
  facet normal -0.461745 -0.887012 0
    outer loop
      vertex -5.28155 -8.85158 0
      vertex -5.15 -8.92006 3.1
      vertex -5.28155 -8.85158 3.1
    endloop
  endfacet
  facet normal -0.461745 -0.887012 -0
    outer loop
      vertex -5.15 -8.92006 3.1
      vertex -5.28155 -8.85158 0
      vertex -5.15 -8.92006 0
    endloop
  endfacet
  facet normal -0.991439 0.130573 0
    outer loop
      vertex -4.32583 -10.6875 0
      vertex -4.30647 -10.5405 3.1
      vertex -4.30647 -10.5405 0
    endloop
  endfacet
  facet normal -0.991439 0.130573 0
    outer loop
      vertex -4.30647 -10.5405 3.1
      vertex -4.32583 -10.6875 0
      vertex -4.32583 -10.6875 3.1
    endloop
  endfacet
  facet normal 0.887012 -0.461745 0
    outer loop
      vertex -7.54072 -9.67385 3
      vertex -7.47224 -9.5423 0
      vertex -7.47224 -9.5423 3
    endloop
  endfacet
  facet normal 0.887012 -0.461745 0
    outer loop
      vertex -7.47224 -9.5423 0
      vertex -7.54072 -9.67385 3
      vertex -7.54072 -9.67385 0
    endloop
  endfacet
  facet normal 0.843445 0.537216 0
    outer loop
      vertex -7.39256 -11.3674 3
      vertex -7.47224 -11.2423 0
      vertex -7.47224 -11.2423 3
    endloop
  endfacet
  facet normal 0.843445 0.537216 0
    outer loop
      vertex -7.47224 -11.2423 0
      vertex -7.39256 -11.3674 3
      vertex -7.39256 -11.3674 0
    endloop
  endfacet
  facet normal -0.999048 -0.0436157 0
    outer loop
      vertex -4.3 -10.3923 0
      vertex -4.30647 -10.2441 3.1
      vertex -4.30647 -10.2441 0
    endloop
  endfacet
  facet normal -0.999048 -0.0436157 0
    outer loop
      vertex -4.30647 -10.2441 3.1
      vertex -4.3 -10.3923 0
      vertex -4.3 -10.3923 3.1
    endloop
  endfacet
  facet normal 0.953704 0.300747 0
    outer loop
      vertex -7.59748 -10.9737 3
      vertex -7.64207 -10.8323 0
      vertex -7.64207 -10.8323 3
    endloop
  endfacet
  facet normal 0.953704 0.300747 0
    outer loop
      vertex -7.64207 -10.8323 0
      vertex -7.59748 -10.9737 3
      vertex -7.59748 -10.9737 0
    endloop
  endfacet
  facet normal -0.300731 0.953709 0
    outer loop
      vertex -5.41857 -11.9898 0
      vertex -5.56001 -12.0344 3
      vertex -5.41857 -11.9898 3
    endloop
  endfacet
  facet normal -0.300731 0.953709 0
    outer loop
      vertex -5.56001 -12.0344 3
      vertex -5.41857 -11.9898 0
      vertex -5.56001 -12.0344 0
    endloop
  endfacet
  facet normal 0.991439 0.130573 0
    outer loop
      vertex -7.67417 -10.6875 3
      vertex -7.69353 -10.5405 0
      vertex -7.69353 -10.5405 3
    endloop
  endfacet
  facet normal 0.991439 0.130573 0
    outer loop
      vertex -7.69353 -10.5405 0
      vertex -7.67417 -10.6875 3
      vertex -7.67417 -10.6875 0
    endloop
  endfacet
  facet normal -0.793215 0.608941 0
    outer loop
      vertex -4.69772 -11.485 0
      vertex -4.60744 -11.3674 3
      vertex -4.60744 -11.3674 0
    endloop
  endfacet
  facet normal -0.793215 0.608941 0
    outer loop
      vertex -4.60744 -11.3674 3
      vertex -4.69772 -11.485 0
      vertex -4.69772 -11.485 3
    endloop
  endfacet
  facet normal -0.382652 -0.923893 0
    outer loop
      vertex -5.41857 -8.79483 0
      vertex -5.28155 -8.85158 3.1
      vertex -5.41857 -8.79483 3.1
    endloop
  endfacet
  facet normal -0.382652 -0.923893 -0
    outer loop
      vertex -5.28155 -8.85158 3.1
      vertex -5.41857 -8.79483 0
      vertex -5.28155 -8.85158 0
    endloop
  endfacet
  facet normal -0.537325 -0.843375 0
    outer loop
      vertex -5.15 -8.92006 0
      vertex -5.02492 -8.99975 3.1
      vertex -5.15 -8.92006 3.1
    endloop
  endfacet
  facet normal -0.537325 -0.843375 -0
    outer loop
      vertex -5.02492 -8.99975 3.1
      vertex -5.15 -8.92006 0
      vertex -5.02492 -8.99975 0
    endloop
  endfacet
  facet normal 0.737314 -0.675551 0
    outer loop
      vertex -7.30227 -9.29957 3.1
      vertex -7.20208 -9.19022 0
      vertex -7.20208 -9.19022 3.1
    endloop
  endfacet
  facet normal 0.737314 -0.675551 0
    outer loop
      vertex -7.20208 -9.19022 0
      vertex -7.30227 -9.29957 3.1
      vertex -7.30227 -9.29957 0
    endloop
  endfacet
  facet normal -0.216445 -0.976295 0
    outer loop
      vertex -5.7048 -8.71813 0
      vertex -5.56001 -8.75023 3.1
      vertex -5.7048 -8.71813 3.1
    endloop
  endfacet
  facet normal -0.216445 -0.976295 -0
    outer loop
      vertex -5.56001 -8.75023 3.1
      vertex -5.7048 -8.71813 0
      vertex -5.56001 -8.75023 0
    endloop
  endfacet
  facet normal -0.675621 0.737249 0
    outer loop
      vertex -4.79792 -11.5944 0
      vertex -4.90726 -11.6946 3
      vertex -4.79792 -11.5944 3
    endloop
  endfacet
  facet normal -0.675621 0.737249 0
    outer loop
      vertex -4.90726 -11.6946 3
      vertex -4.79792 -11.5944 0
      vertex -4.90726 -11.6946 0
    endloop
  endfacet
  facet normal 0.793308 -0.608821 0
    outer loop
      vertex -7.39256 -9.41722 3.1
      vertex -7.30227 -9.29957 0
      vertex -7.30227 -9.29957 3.1
    endloop
  endfacet
  facet normal 0.793308 -0.608821 0
    outer loop
      vertex -7.30227 -9.29957 0
      vertex -7.39256 -9.41722 3.1
      vertex -7.39256 -9.41722 0
    endloop
  endfacet
  facet normal 0 0 -1
    outer loop
      vertex -5.07142 -10.8757 3.1
      vertex -4.3 -10.3923 3.1
      vertex -4.30647 -10.5405 3.1
    endloop
  endfacet
  facet normal 0 0 -1
    outer loop
      vertex -5.07142 -10.8757 3.1
      vertex -4.30647 -10.5405 3.1
      vertex -4.32583 -10.6875 3.1
    endloop
  endfacet
  facet normal -0 0 -1
    outer loop
      vertex -4.3 -10.3923 3.1
      vertex -5.07142 -10.8757 3.1
      vertex -4.30647 -10.2441 3.1
    endloop
  endfacet
  facet normal 0 0 -1
    outer loop
      vertex -5.07142 -10.8757 3.1
      vertex -4.32583 -10.6875 3.1
      vertex -4.35793 -10.8323 3.1
    endloop
  endfacet
  facet normal -0 0 -1
    outer loop
      vertex -4.30647 -10.2441 3.1
      vertex -5.07142 -10.8757 3.1
      vertex -4.32583 -10.0971 3.1
    endloop
  endfacet
  facet normal 0 0 -1
    outer loop
      vertex -5.07142 -10.8757 3.1
      vertex -4.35793 -10.8323 3.1
      vertex -4.40252 -10.9737 3.1
    endloop
  endfacet
  facet normal -0 0 -1
    outer loop
      vertex -4.32583 -10.0971 3.1
      vertex -5.07142 -10.8757 3.1
      vertex -4.35793 -9.95231 3.1
    endloop
  endfacet
  facet normal 0 0 -1
    outer loop
      vertex -5.07142 -10.8757 3.1
      vertex -4.40252 -10.9737 3.1
      vertex -4.45928 -11.1108 3.1
    endloop
  endfacet
  facet normal -0 0 -1
    outer loop
      vertex -4.35793 -9.95231 3.1
      vertex -5.07142 -10.8757 3.1
      vertex -4.40252 -9.81087 3.1
    endloop
  endfacet
  facet normal 0 0 -1
    outer loop
      vertex -5.07142 -10.8757 3.1
      vertex -4.45928 -11.1108 3.1
      vertex -4.4672 -11.126 3.1
    endloop
  endfacet
  facet normal -0 0 -1
    outer loop
      vertex -4.40252 -9.81087 3.1
      vertex -5.07142 -10.8757 3.1
      vertex -4.45928 -9.67385 3.1
    endloop
  endfacet
  facet normal 0 0 -1
    outer loop
      vertex -6 -10.3923 3.1
      vertex -4.45928 -9.67385 3.1
      vertex -5.07142 -10.8757 3.1
    endloop
  endfacet
  facet normal -0 0 -1
    outer loop
      vertex -4.45928 -9.67385 3.1
      vertex -6 -10.3923 3.1
      vertex -4.52776 -9.5423 3.1
    endloop
  endfacet
  facet normal -0 0 -1
    outer loop
      vertex -4.52776 -9.5423 3.1
      vertex -6 -10.3923 3.1
      vertex -4.60744 -9.41722 3.1
    endloop
  endfacet
  facet normal -0 0 -1
    outer loop
      vertex -4.60744 -9.41722 3.1
      vertex -6 -10.3923 3.1
      vertex -4.69772 -9.29957 3.1
    endloop
  endfacet
  facet normal -0 0 -1
    outer loop
      vertex -4.69772 -9.29957 3.1
      vertex -6 -10.3923 3.1
      vertex -4.79792 -9.19022 3.1
    endloop
  endfacet
  facet normal -0 0 -1
    outer loop
      vertex -4.79792 -9.19022 3.1
      vertex -6 -10.3923 3.1
      vertex -4.90726 -9.09003 3.1
    endloop
  endfacet
  facet normal -0 0 -1
    outer loop
      vertex -4.90726 -9.09003 3.1
      vertex -6 -10.3923 3.1
      vertex -5.02492 -8.99975 3.1
    endloop
  endfacet
  facet normal -0 0 -1
    outer loop
      vertex -5.02492 -8.99975 3.1
      vertex -6 -10.3923 3.1
      vertex -5.15 -8.92006 3.1
    endloop
  endfacet
  facet normal -0 0 -1
    outer loop
      vertex -5.15 -8.92006 3.1
      vertex -6 -10.3923 3.1
      vertex -5.28155 -8.85158 3.1
    endloop
  endfacet
  facet normal -0 0 -1
    outer loop
      vertex -5.28155 -8.85158 3.1
      vertex -6 -10.3923 3.1
      vertex -5.41857 -8.79483 3.1
    endloop
  endfacet
  facet normal -0 0 -1
    outer loop
      vertex -5.41857 -8.79483 3.1
      vertex -6 -10.3923 3.1
      vertex -5.56001 -8.75023 3.1
    endloop
  endfacet
  facet normal -0 0 -1
    outer loop
      vertex -5.56001 -8.75023 3.1
      vertex -6 -10.3923 3.1
      vertex -5.7048 -8.71813 3.1
    endloop
  endfacet
  facet normal -0 0 -1
    outer loop
      vertex -5.7048 -8.71813 3.1
      vertex -6 -10.3923 3.1
      vertex -5.85183 -8.69877 3.1
    endloop
  endfacet
  facet normal 0 0 -1
    outer loop
      vertex -6 -10.3923 3.1
      vertex -6 -8.6923 3.1
      vertex -5.85183 -8.69877 3.1
    endloop
  endfacet
  facet normal 0 0 -1
    outer loop
      vertex -6 -10.3923 3.1
      vertex -6.14816 -8.69877 3.1
      vertex -6 -8.6923 3.1
    endloop
  endfacet
  facet normal 0 0 -1
    outer loop
      vertex -6.88292 -9.82982 3.1
      vertex -6.14816 -8.69877 3.1
      vertex -6 -10.3923 3.1
    endloop
  endfacet
  facet normal 0 0 -1
    outer loop
      vertex -6.14816 -8.69877 3.1
      vertex -6.88292 -9.82982 3.1
      vertex -6.2952 -8.71813 3.1
    endloop
  endfacet
  facet normal 0 0 -1
    outer loop
      vertex -6.2952 -8.71813 3.1
      vertex -6.88292 -9.82982 3.1
      vertex -6.43999 -8.75023 3.1
    endloop
  endfacet
  facet normal 0 0 -1
    outer loop
      vertex -6.43999 -8.75023 3.1
      vertex -6.88292 -9.82982 3.1
      vertex -6.58143 -8.79483 3.1
    endloop
  endfacet
  facet normal 0 0 -1
    outer loop
      vertex -6.58143 -8.79483 3.1
      vertex -6.88292 -9.82982 3.1
      vertex -6.71845 -8.85158 3.1
    endloop
  endfacet
  facet normal 0 0 -1
    outer loop
      vertex -6.71845 -8.85158 3.1
      vertex -6.88292 -9.82982 3.1
      vertex -6.85 -8.92006 3.1
    endloop
  endfacet
  facet normal 0 0 -1
    outer loop
      vertex -6.88292 -9.82982 3.1
      vertex -6.97508 -8.99975 3.1
      vertex -6.85 -8.92006 3.1
    endloop
  endfacet
  facet normal 0 0 -1
    outer loop
      vertex -6.88292 -9.82982 3.1
      vertex -7.09274 -9.09003 3.1
      vertex -6.97508 -8.99975 3.1
    endloop
  endfacet
  facet normal 0 0 -1
    outer loop
      vertex -6.88292 -9.82982 3.1
      vertex -7.20208 -9.19022 3.1
      vertex -7.09274 -9.09003 3.1
    endloop
  endfacet
  facet normal 0 0 -1
    outer loop
      vertex -6.88292 -9.82982 3.1
      vertex -7.30227 -9.29957 3.1
      vertex -7.20208 -9.19022 3.1
    endloop
  endfacet
  facet normal 0 0 -1
    outer loop
      vertex -6.88292 -9.82982 3.1
      vertex -7.39256 -9.41722 3.1
      vertex -7.30227 -9.29957 3.1
    endloop
  endfacet
  facet normal 0 -0 -1
    outer loop
      vertex -7.39256 -9.41722 3.1
      vertex -6.88292 -9.82982 3.1
      vertex -7.40177 -9.43169 3.1
    endloop
  endfacet
  facet normal -0.887012 -0.461745 0
    outer loop
      vertex -4.45928 -9.67385 0
      vertex -4.52776 -9.5423 3.1
      vertex -4.52776 -9.5423 0
    endloop
  endfacet
  facet normal -0.887012 -0.461745 0
    outer loop
      vertex -4.52776 -9.5423 3.1
      vertex -4.45928 -9.67385 0
      vertex -4.45928 -9.67385 3.1
    endloop
  endfacet
  facet normal -0.675621 0.737249 0
    outer loop
      vertex 7.20208 -11.5944 0
      vertex 7.09274 -11.6946 3
      vertex 7.20208 -11.5944 3
    endloop
  endfacet
  facet normal -0.675621 0.737249 0
    outer loop
      vertex 7.09274 -11.6946 3
      vertex 7.20208 -11.5944 0
      vertex 7.09274 -11.6946 0
    endloop
  endfacet
  facet normal -0.999048 0.0436157 0
    outer loop
      vertex 7.69353 -10.5405 0
      vertex 7.7 -10.3923 3
      vertex 7.7 -10.3923 0
    endloop
  endfacet
  facet normal -0.999048 0.0436157 0
    outer loop
      vertex 7.7 -10.3923 3
      vertex 7.69353 -10.5405 0
      vertex 7.69353 -10.5405 3
    endloop
  endfacet
  facet normal 0.675621 0.737249 -0
    outer loop
      vertex 4.90726 -11.6946 0
      vertex 4.79792 -11.5944 3
      vertex 4.90726 -11.6946 3
    endloop
  endfacet
  facet normal 0.675621 0.737249 0
    outer loop
      vertex 4.79792 -11.5944 3
      vertex 4.90726 -11.6946 0
      vertex 4.79792 -11.5944 0
    endloop
  endfacet
  facet normal 0.923948 0.382518 0
    outer loop
      vertex 4.45928 -11.1108 3.1
      vertex 4.40252 -10.9737 0
      vertex 4.40252 -10.9737 3.1
    endloop
  endfacet
  facet normal 0.923948 0.382518 0
    outer loop
      vertex 4.40252 -10.9737 0
      vertex 4.45928 -11.1108 3.1
      vertex 4.45928 -11.1108 0
    endloop
  endfacet
  facet normal 0.216445 -0.976295 0
    outer loop
      vertex 5.56001 -8.75023 0
      vertex 5.7048 -8.71813 3.1
      vertex 5.56001 -8.75023 3.1
    endloop
  endfacet
  facet normal 0.216445 -0.976295 0
    outer loop
      vertex 5.7048 -8.71813 3.1
      vertex 5.56001 -8.75023 0
      vertex 5.7048 -8.71813 0
    endloop
  endfacet
  facet normal -0.536893 0.84365 0
    outer loop
      vertex 6.97508 -11.7849 0
      vertex 6.85 -11.8645 3
      vertex 6.97508 -11.7849 3
    endloop
  endfacet
  facet normal -0.536893 0.84365 0
    outer loop
      vertex 6.85 -11.8645 3
      vertex 6.97508 -11.7849 0
      vertex 6.85 -11.8645 0
    endloop
  endfacet
  facet normal 0.886834 0.462087 -0
    outer loop
      vertex 4.4672 -11.126 3
      vertex 4.45928 -11.1108 3.1
      vertex 4.4672 -11.126 3.1
    endloop
  endfacet
  facet normal 0.886834 0.462087 0
    outer loop
      vertex 4.45928 -11.1108 3.1
      vertex 4.4672 -11.126 3
      vertex 4.45928 -11.1108 0
    endloop
  endfacet
  facet normal 0.886954 0.461857 -1.48461e-06
    outer loop
      vertex 4.52776 -11.2423 3
      vertex 4.45928 -11.1108 0
      vertex 4.4672 -11.126 3
    endloop
  endfacet
  facet normal 0.886941 0.461884 0
    outer loop
      vertex 4.45928 -11.1108 0
      vertex 4.52776 -11.2423 3
      vertex 4.52776 -11.2423 0
    endloop
  endfacet
  facet normal -0.382939 0.923774 0
    outer loop
      vertex 6.71845 -11.933 0
      vertex 6.58143 -11.9898 3
      vertex 6.71845 -11.933 3
    endloop
  endfacet
  facet normal -0.382939 0.923774 0
    outer loop
      vertex 6.58143 -11.9898 3
      vertex 6.71845 -11.933 0
      vertex 6.58143 -11.9898 0
    endloop
  endfacet
  facet normal 0.536893 0.84365 -0
    outer loop
      vertex 5.15 -11.8645 0
      vertex 5.02492 -11.7849 3
      vertex 5.15 -11.8645 3
    endloop
  endfacet
  facet normal 0.536893 0.84365 0
    outer loop
      vertex 5.02492 -11.7849 3
      vertex 5.15 -11.8645 0
      vertex 5.02492 -11.7849 0
    endloop
  endfacet
  facet normal -0.887012 -0.461745 0
    outer loop
      vertex 7.54072 -9.67385 0
      vertex 7.47224 -9.5423 3
      vertex 7.47224 -9.5423 0
    endloop
  endfacet
  facet normal -0.887012 -0.461745 0
    outer loop
      vertex 7.47224 -9.5423 3
      vertex 7.54072 -9.67385 0
      vertex 7.54072 -9.67385 3
    endloop
  endfacet
  facet normal -0.923948 0.382518 0
    outer loop
      vertex 7.54072 -11.1108 0
      vertex 7.59748 -10.9737 3
      vertex 7.59748 -10.9737 0
    endloop
  endfacet
  facet normal -0.923948 0.382518 0
    outer loop
      vertex 7.59748 -10.9737 3
      vertex 7.54072 -11.1108 0
      vertex 7.54072 -11.1108 3
    endloop
  endfacet
  facet normal -0.976295 -0.216445 0
    outer loop
      vertex 7.67417 -10.0971 0
      vertex 7.64207 -9.95231 3
      vertex 7.64207 -9.95231 0
    endloop
  endfacet
  facet normal -0.976295 -0.216445 0
    outer loop
      vertex 7.64207 -9.95231 3
      vertex 7.67417 -10.0971 0
      vertex 7.67417 -10.0971 3
    endloop
  endfacet
  facet normal 0.737434 0.675419 0
    outer loop
      vertex 4.79792 -11.5944 3
      vertex 4.69772 -11.485 0
      vertex 4.69772 -11.485 3
    endloop
  endfacet
  facet normal 0.737434 0.675419 0
    outer loop
      vertex 4.69772 -11.485 0
      vertex 4.79792 -11.5944 3
      vertex 4.79792 -11.5944 0
    endloop
  endfacet
  facet normal 0.999048 -0.0436157 0
    outer loop
      vertex 4.3 -10.3923 3.1
      vertex 4.30647 -10.2441 0
      vertex 4.30647 -10.2441 3.1
    endloop
  endfacet
  facet normal 0.999048 -0.0436157 0
    outer loop
      vertex 4.30647 -10.2441 0
      vertex 4.3 -10.3923 3.1
      vertex 4.3 -10.3923 0
    endloop
  endfacet
  facet normal -0.737314 -0.675551 0
    outer loop
      vertex 7.30227 -9.29957 0
      vertex 7.20208 -9.19022 3.1
      vertex 7.20208 -9.19022 0
    endloop
  endfacet
  facet normal -0.737314 -0.675551 0
    outer loop
      vertex 7.20208 -9.19022 3.1
      vertex 7.30227 -9.29957 0
      vertex 7.30227 -9.29957 3.1
    endloop
  endfacet
  facet normal 0.130149 0.991494 -0
    outer loop
      vertex 5.85183 -12.0858 0
      vertex 5.7048 -12.0665 3
      vertex 5.85183 -12.0858 3
    endloop
  endfacet
  facet normal 0.130149 0.991494 0
    outer loop
      vertex 5.7048 -12.0665 3
      vertex 5.85183 -12.0858 0
      vertex 5.7048 -12.0665 0
    endloop
  endfacet
  facet normal 0.991439 -0.130573 0
    outer loop
      vertex 4.30647 -10.2441 3.1
      vertex 4.32583 -10.0971 0
      vertex 4.32583 -10.0971 3.1
    endloop
  endfacet
  facet normal 0.991439 -0.130573 0
    outer loop
      vertex 4.32583 -10.0971 0
      vertex 4.30647 -10.2441 3.1
      vertex 4.30647 -10.2441 0
    endloop
  endfacet
  facet normal 0.461852 0.886957 -0
    outer loop
      vertex 5.28155 -11.933 0
      vertex 5.15 -11.8645 3
      vertex 5.28155 -11.933 3
    endloop
  endfacet
  facet normal 0.461852 0.886957 0
    outer loop
      vertex 5.15 -11.8645 3
      vertex 5.28155 -11.933 0
      vertex 5.15 -11.8645 0
    endloop
  endfacet
  facet normal 0.793215 0.608941 0
    outer loop
      vertex 4.69772 -11.485 3
      vertex 4.60744 -11.3674 0
      vertex 4.60744 -11.3674 3
    endloop
  endfacet
  facet normal 0.793215 0.608941 0
    outer loop
      vertex 4.60744 -11.3674 0
      vertex 4.69772 -11.485 3
      vertex 4.69772 -11.485 0
    endloop
  endfacet
  facet normal 0.300731 -0.953709 0
    outer loop
      vertex 5.41857 -8.79483 0
      vertex 5.56001 -8.75023 3.1
      vertex 5.41857 -8.79483 3.1
    endloop
  endfacet
  facet normal 0.300731 -0.953709 0
    outer loop
      vertex 5.56001 -8.75023 3.1
      vertex 5.41857 -8.79483 0
      vertex 5.56001 -8.75023 0
    endloop
  endfacet
  facet normal -0.0438293 0.999039 0
    outer loop
      vertex 6.14816 -12.0858 0
      vertex 6 -12.0923 3
      vertex 6.14816 -12.0858 3
    endloop
  endfacet
  facet normal -0.0438293 0.999039 0
    outer loop
      vertex 6 -12.0923 3
      vertex 6.14816 -12.0858 0
      vertex 6 -12.0923 0
    endloop
  endfacet
  facet normal -0.216445 0.976295 0
    outer loop
      vertex 6.43999 -12.0344 0
      vertex 6.2952 -12.0665 3
      vertex 6.43999 -12.0344 3
    endloop
  endfacet
  facet normal -0.216445 0.976295 0
    outer loop
      vertex 6.2952 -12.0665 3
      vertex 6.43999 -12.0344 0
      vertex 6.2952 -12.0665 0
    endloop
  endfacet
  facet normal -0.130538 -0.991443 0
    outer loop
      vertex 6.14816 -8.69877 0
      vertex 6.2952 -8.71813 3.1
      vertex 6.14816 -8.69877 3.1
    endloop
  endfacet
  facet normal -0.130538 -0.991443 -0
    outer loop
      vertex 6.2952 -8.71813 3.1
      vertex 6.14816 -8.69877 0
      vertex 6.2952 -8.71813 0
    endloop
  endfacet
  facet normal -0.886941 0.461884 0
    outer loop
      vertex 7.47224 -11.2423 0
      vertex 7.54072 -11.1108 3
      vertex 7.54072 -11.1108 0
    endloop
  endfacet
  facet normal -0.886941 0.461884 0
    outer loop
      vertex 7.54072 -11.1108 3
      vertex 7.47224 -11.2423 0
      vertex 7.47224 -11.2423 3
    endloop
  endfacet
  facet normal -0.0436274 -0.999048 0
    outer loop
      vertex 6 -8.6923 0
      vertex 6.14816 -8.69877 3.1
      vertex 6 -8.6923 3.1
    endloop
  endfacet
  facet normal -0.0436274 -0.999048 -0
    outer loop
      vertex 6.14816 -8.69877 3.1
      vertex 6 -8.6923 0
      vertex 6.14816 -8.69877 0
    endloop
  endfacet
  facet normal 0.923869 -0.382709 0
    outer loop
      vertex 4.40252 -9.81087 3.1
      vertex 4.45928 -9.67385 0
      vertex 4.45928 -9.67385 3.1
    endloop
  endfacet
  facet normal 0.923869 -0.382709 0
    outer loop
      vertex 4.45928 -9.67385 0
      vertex 4.40252 -9.81087 3.1
      vertex 4.40252 -9.81087 0
    endloop
  endfacet
  facet normal -0.999048 -0.0436157 0
    outer loop
      vertex 7.7 -10.3923 0
      vertex 7.69353 -10.2441 3
      vertex 7.69353 -10.2441 0
    endloop
  endfacet
  facet normal -0.999048 -0.0436157 0
    outer loop
      vertex 7.69353 -10.2441 3
      vertex 7.7 -10.3923 0
      vertex 7.7 -10.3923 3
    endloop
  endfacet
  facet normal -0.461745 -0.887012 0
    outer loop
      vertex 6.71845 -8.85158 0
      vertex 6.85 -8.92006 3.1
      vertex 6.71845 -8.85158 3.1
    endloop
  endfacet
  facet normal -0.461745 -0.887012 -0
    outer loop
      vertex 6.85 -8.92006 3.1
      vertex 6.71845 -8.85158 0
      vertex 6.85 -8.92006 0
    endloop
  endfacet
  facet normal 0.537325 -0.843375 0
    outer loop
      vertex 5.02492 -8.99975 0
      vertex 5.15 -8.92006 3.1
      vertex 5.02492 -8.99975 3.1
    endloop
  endfacet
  facet normal 0.537325 -0.843375 0
    outer loop
      vertex 5.15 -8.92006 3.1
      vertex 5.02492 -8.99975 0
      vertex 5.15 -8.92006 0
    endloop
  endfacet
  facet normal -0.793308 -0.608821 0
    outer loop
      vertex 7.39256 -9.41722 0
      vertex 7.30227 -9.29957 3.1
      vertex 7.30227 -9.29957 0
    endloop
  endfacet
  facet normal -0.793308 -0.608821 0
    outer loop
      vertex 7.30227 -9.29957 3.1
      vertex 7.39256 -9.41722 0
      vertex 7.39256 -9.41722 3.1
    endloop
  endfacet
  facet normal -0.608831 0.7933 0
    outer loop
      vertex 7.09274 -11.6946 0
      vertex 6.97508 -11.7849 3
      vertex 7.09274 -11.6946 3
    endloop
  endfacet
  facet normal -0.608831 0.7933 0
    outer loop
      vertex 6.97508 -11.7849 3
      vertex 7.09274 -11.6946 0
      vertex 6.97508 -11.7849 0
    endloop
  endfacet
  facet normal 0.976298 0.216431 0
    outer loop
      vertex 4.35793 -10.8323 3.1
      vertex 4.32583 -10.6875 0
      vertex 4.32583 -10.6875 3.1
    endloop
  endfacet
  facet normal 0.976298 0.216431 0
    outer loop
      vertex 4.32583 -10.6875 0
      vertex 4.35793 -10.8323 3.1
      vertex 4.35793 -10.8323 0
    endloop
  endfacet
  facet normal -0.976298 0.216431 0
    outer loop
      vertex 7.64207 -10.8323 0
      vertex 7.67417 -10.6875 3
      vertex 7.67417 -10.6875 0
    endloop
  endfacet
  facet normal -0.976298 0.216431 0
    outer loop
      vertex 7.67417 -10.6875 3
      vertex 7.64207 -10.8323 0
      vertex 7.64207 -10.8323 3
    endloop
  endfacet
  facet normal 0.382939 0.923774 -0
    outer loop
      vertex 5.41857 -11.9898 0
      vertex 5.28155 -11.933 3
      vertex 5.41857 -11.9898 3
    endloop
  endfacet
  facet normal 0.382939 0.923774 0
    outer loop
      vertex 5.28155 -11.933 3
      vertex 5.41857 -11.9898 0
      vertex 5.28155 -11.933 0
    endloop
  endfacet
  facet normal -0.461852 0.886957 0
    outer loop
      vertex 6.85 -11.8645 0
      vertex 6.71845 -11.933 3
      vertex 6.85 -11.8645 3
    endloop
  endfacet
  facet normal -0.461852 0.886957 0
    outer loop
      vertex 6.71845 -11.933 3
      vertex 6.85 -11.8645 0
      vertex 6.71845 -11.933 0
    endloop
  endfacet
  facet normal 0.991439 0.130573 0
    outer loop
      vertex 4.32583 -10.6875 3.1
      vertex 4.30647 -10.5405 0
      vertex 4.30647 -10.5405 3.1
    endloop
  endfacet
  facet normal 0.991439 0.130573 0
    outer loop
      vertex 4.30647 -10.5405 0
      vertex 4.32583 -10.6875 3.1
      vertex 4.32583 -10.6875 0
    endloop
  endfacet
  facet normal -0.953728 -0.30067 0
    outer loop
      vertex 7.64207 -9.95231 0
      vertex 7.59748 -9.81087 3
      vertex 7.59748 -9.81087 0
    endloop
  endfacet
  facet normal -0.953728 -0.30067 0
    outer loop
      vertex 7.59748 -9.81087 3
      vertex 7.64207 -9.95231 0
      vertex 7.64207 -9.95231 3
    endloop
  endfacet
  facet normal 0.953728 -0.30067 0
    outer loop
      vertex 4.35793 -9.95231 3.1
      vertex 4.40252 -9.81087 0
      vertex 4.40252 -9.81087 3.1
    endloop
  endfacet
  facet normal 0.953728 -0.30067 0
    outer loop
      vertex 4.40252 -9.81087 0
      vertex 4.35793 -9.95231 3.1
      vertex 4.35793 -9.95231 0
    endloop
  endfacet
  facet normal 0.976295 -0.216445 0
    outer loop
      vertex 4.32583 -10.0971 3.1
      vertex 4.35793 -9.95231 0
      vertex 4.35793 -9.95231 3.1
    endloop
  endfacet
  facet normal 0.976295 -0.216445 0
    outer loop
      vertex 4.35793 -9.95231 0
      vertex 4.32583 -10.0971 3.1
      vertex 4.32583 -10.0971 0
    endloop
  endfacet
  facet normal -0.953704 0.300747 0
    outer loop
      vertex 7.59748 -10.9737 0
      vertex 7.64207 -10.8323 3
      vertex 7.64207 -10.8323 0
    endloop
  endfacet
  facet normal -0.953704 0.300747 0
    outer loop
      vertex 7.64207 -10.8323 3
      vertex 7.59748 -10.9737 0
      vertex 7.59748 -10.9737 3
    endloop
  endfacet
  facet normal -0.737467 0.675383 0
    outer loop
      vertex 7.20208 -11.5944 0
      vertex 7.30227 -11.485 3
      vertex 7.30227 -11.485 0
    endloop
  endfacet
  facet normal -0.737467 0.675383 0
    outer loop
      vertex 7.30227 -11.485 3
      vertex 7.20208 -11.5944 0
      vertex 7.20208 -11.5944 3
    endloop
  endfacet
  facet normal -0.793183 0.608984 0
    outer loop
      vertex 7.30227 -11.485 0
      vertex 7.39256 -11.3674 3
      vertex 7.39256 -11.3674 0
    endloop
  endfacet
  facet normal -0.793183 0.608984 0
    outer loop
      vertex 7.39256 -11.3674 3
      vertex 7.30227 -11.485 0
      vertex 7.30227 -11.485 3
    endloop
  endfacet
  facet normal 0.0438264 0.999039 -0
    outer loop
      vertex 6 -12.0923 0
      vertex 5.85183 -12.0858 3
      vertex 6 -12.0923 3
    endloop
  endfacet
  facet normal 0.0438264 0.999039 0
    outer loop
      vertex 5.85183 -12.0858 3
      vertex 6 -12.0923 0
      vertex 5.85183 -12.0858 0
    endloop
  endfacet
  facet normal -0.537325 -0.843375 0
    outer loop
      vertex 6.85 -8.92006 0
      vertex 6.97508 -8.99975 3.1
      vertex 6.85 -8.92006 3.1
    endloop
  endfacet
  facet normal -0.537325 -0.843375 -0
    outer loop
      vertex 6.97508 -8.99975 3.1
      vertex 6.85 -8.92006 0
      vertex 6.97508 -8.99975 0
    endloop
  endfacet
  facet normal -0.130141 0.991496 0
    outer loop
      vertex 6.2952 -12.0665 0
      vertex 6.14816 -12.0858 3
      vertex 6.2952 -12.0665 3
    endloop
  endfacet
  facet normal -0.130141 0.991496 0
    outer loop
      vertex 6.14816 -12.0858 3
      vertex 6.2952 -12.0665 0
      vertex 6.14816 -12.0858 0
    endloop
  endfacet
  facet normal -0.991439 -0.130573 0
    outer loop
      vertex 7.69353 -10.2441 0
      vertex 7.67417 -10.0971 3
      vertex 7.67417 -10.0971 0
    endloop
  endfacet
  facet normal -0.991439 -0.130573 0
    outer loop
      vertex 7.67417 -10.0971 3
      vertex 7.69353 -10.2441 0
      vertex 7.69353 -10.2441 3
    endloop
  endfacet
  facet normal -0.382652 -0.923893 0
    outer loop
      vertex 6.58143 -8.79483 0
      vertex 6.71845 -8.85158 3.1
      vertex 6.58143 -8.79483 3.1
    endloop
  endfacet
  facet normal -0.382652 -0.923893 -0
    outer loop
      vertex 6.71845 -8.85158 3.1
      vertex 6.58143 -8.79483 0
      vertex 6.71845 -8.85158 0
    endloop
  endfacet
  facet normal 0.675584 -0.737283 0
    outer loop
      vertex 4.79792 -9.19022 0
      vertex 4.90726 -9.09003 3.1
      vertex 4.79792 -9.19022 3.1
    endloop
  endfacet
  facet normal 0.675584 -0.737283 0
    outer loop
      vertex 4.90726 -9.09003 3.1
      vertex 4.79792 -9.19022 0
      vertex 4.90726 -9.09003 0
    endloop
  endfacet
  facet normal 0.73728 -0.675587 0
    outer loop
      vertex 4.69772 -9.29957 3.1
      vertex 4.79792 -9.19022 0
      vertex 4.79792 -9.19022 3.1
    endloop
  endfacet
  facet normal 0.73728 -0.675587 0
    outer loop
      vertex 4.79792 -9.19022 0
      vertex 4.69772 -9.29957 3.1
      vertex 4.69772 -9.29957 0
    endloop
  endfacet
  facet normal -0.608746 -0.793365 0
    outer loop
      vertex 6.97508 -8.99975 0
      vertex 7.09274 -9.09003 3.1
      vertex 6.97508 -8.99975 3.1
    endloop
  endfacet
  facet normal -0.608746 -0.793365 -0
    outer loop
      vertex 7.09274 -9.09003 3.1
      vertex 6.97508 -8.99975 0
      vertex 7.09274 -9.09003 0
    endloop
  endfacet
  facet normal 0.608831 0.7933 -0
    outer loop
      vertex 5.02492 -11.7849 0
      vertex 4.90726 -11.6946 3
      vertex 5.02492 -11.7849 3
    endloop
  endfacet
  facet normal 0.608831 0.7933 0
    outer loop
      vertex 4.90726 -11.6946 3
      vertex 5.02492 -11.7849 0
      vertex 4.90726 -11.6946 0
    endloop
  endfacet
  facet normal -0.843445 0.537216 0
    outer loop
      vertex 7.39256 -11.3674 0
      vertex 7.47224 -11.2423 3
      vertex 7.47224 -11.2423 0
    endloop
  endfacet
  facet normal -0.843445 0.537216 0
    outer loop
      vertex 7.47224 -11.2423 3
      vertex 7.39256 -11.3674 0
      vertex 7.39256 -11.3674 3
    endloop
  endfacet
  facet normal -0.300731 -0.953709 0
    outer loop
      vertex 6.43999 -8.75023 0
      vertex 6.58143 -8.79483 3.1
      vertex 6.43999 -8.75023 3.1
    endloop
  endfacet
  facet normal -0.300731 -0.953709 -0
    outer loop
      vertex 6.58143 -8.79483 3.1
      vertex 6.43999 -8.75023 0
      vertex 6.58143 -8.79483 0
    endloop
  endfacet
  facet normal -0.675584 -0.737283 0
    outer loop
      vertex 7.09274 -9.09003 0
      vertex 7.20208 -9.19022 3.1
      vertex 7.09274 -9.09003 3.1
    endloop
  endfacet
  facet normal -0.675584 -0.737283 -0
    outer loop
      vertex 7.20208 -9.19022 3.1
      vertex 7.09274 -9.09003 0
      vertex 7.20208 -9.19022 0
    endloop
  endfacet
  facet normal 0.953704 0.300747 0
    outer loop
      vertex 4.40252 -10.9737 3.1
      vertex 4.35793 -10.8323 0
      vertex 4.35793 -10.8323 3.1
    endloop
  endfacet
  facet normal 0.953704 0.300747 0
    outer loop
      vertex 4.35793 -10.8323 0
      vertex 4.40252 -10.9737 3.1
      vertex 4.40252 -10.9737 0
    endloop
  endfacet
  facet normal -0.843613 -0.536951 0
    outer loop
      vertex 7.39256 -9.41722 0
      vertex 7.40177 -9.43169 3
      vertex 7.39256 -9.41722 3.1
    endloop
  endfacet
  facet normal -0.843406 -0.537277 -2.20898e-06
    outer loop
      vertex 7.47224 -9.5423 0
      vertex 7.40177 -9.43169 3
      vertex 7.39256 -9.41722 0
    endloop
  endfacet
  facet normal -0.843379 -0.537319 0
    outer loop
      vertex 7.40177 -9.43169 3
      vertex 7.47224 -9.5423 0
      vertex 7.47224 -9.5423 3
    endloop
  endfacet
  facet normal -0.843613 -0.536951 0
    outer loop
      vertex 7.39256 -9.41722 3.1
      vertex 7.40177 -9.43169 3
      vertex 7.40177 -9.43169 3.1
    endloop
  endfacet
  facet normal -0.216445 -0.976295 0
    outer loop
      vertex 6.2952 -8.71813 0
      vertex 6.43999 -8.75023 3.1
      vertex 6.2952 -8.71813 3.1
    endloop
  endfacet
  facet normal -0.216445 -0.976295 -0
    outer loop
      vertex 6.43999 -8.75023 3.1
      vertex 6.2952 -8.71813 0
      vertex 6.43999 -8.75023 0
    endloop
  endfacet
  facet normal 0.843445 0.537216 0
    outer loop
      vertex 4.60744 -11.3674 3
      vertex 4.52776 -11.2423 0
      vertex 4.52776 -11.2423 3
    endloop
  endfacet
  facet normal 0.843445 0.537216 0
    outer loop
      vertex 4.52776 -11.2423 0
      vertex 4.60744 -11.3674 3
      vertex 4.60744 -11.3674 0
    endloop
  endfacet
  facet normal 0.608746 -0.793365 0
    outer loop
      vertex 4.90726 -9.09003 0
      vertex 5.02492 -8.99975 3.1
      vertex 4.90726 -9.09003 3.1
    endloop
  endfacet
  facet normal 0.608746 -0.793365 0
    outer loop
      vertex 5.02492 -8.99975 3.1
      vertex 4.90726 -9.09003 0
      vertex 5.02492 -8.99975 0
    endloop
  endfacet
  facet normal -0.923869 -0.382709 0
    outer loop
      vertex 7.59748 -9.81087 0
      vertex 7.54072 -9.67385 3
      vertex 7.54072 -9.67385 0
    endloop
  endfacet
  facet normal -0.923869 -0.382709 0
    outer loop
      vertex 7.54072 -9.67385 3
      vertex 7.59748 -9.81087 0
      vertex 7.59748 -9.81087 3
    endloop
  endfacet
  facet normal -0.300731 0.953709 0
    outer loop
      vertex 6.58143 -11.9898 0
      vertex 6.43999 -12.0344 3
      vertex 6.58143 -11.9898 3
    endloop
  endfacet
  facet normal -0.300731 0.953709 0
    outer loop
      vertex 6.43999 -12.0344 3
      vertex 6.58143 -11.9898 0
      vertex 6.43999 -12.0344 0
    endloop
  endfacet
  facet normal -0.991439 0.130573 0
    outer loop
      vertex 7.67417 -10.6875 0
      vertex 7.69353 -10.5405 3
      vertex 7.69353 -10.5405 0
    endloop
  endfacet
  facet normal -0.991439 0.130573 0
    outer loop
      vertex 7.69353 -10.5405 3
      vertex 7.67417 -10.6875 0
      vertex 7.67417 -10.6875 3
    endloop
  endfacet
  facet normal 0.130547 -0.991442 0
    outer loop
      vertex 5.7048 -8.71813 0
      vertex 5.85183 -8.69877 3.1
      vertex 5.7048 -8.71813 3.1
    endloop
  endfacet
  facet normal 0.130547 -0.991442 0
    outer loop
      vertex 5.85183 -8.69877 3.1
      vertex 5.7048 -8.71813 0
      vertex 5.85183 -8.69877 0
    endloop
  endfacet
  facet normal 0.79334 -0.608778 0
    outer loop
      vertex 4.60744 -9.41722 3.1
      vertex 4.69772 -9.29957 0
      vertex 4.69772 -9.29957 3.1
    endloop
  endfacet
  facet normal 0.79334 -0.608778 0
    outer loop
      vertex 4.69772 -9.29957 0
      vertex 4.60744 -9.41722 3.1
      vertex 4.60744 -9.41722 0
    endloop
  endfacet
  facet normal 0.382652 -0.923893 0
    outer loop
      vertex 5.28155 -8.85158 0
      vertex 5.41857 -8.79483 3.1
      vertex 5.28155 -8.85158 3.1
    endloop
  endfacet
  facet normal 0.382652 -0.923893 0
    outer loop
      vertex 5.41857 -8.79483 3.1
      vertex 5.28155 -8.85158 0
      vertex 5.41857 -8.79483 0
    endloop
  endfacet
  facet normal 0.461745 -0.887012 0
    outer loop
      vertex 5.15 -8.92006 0
      vertex 5.28155 -8.85158 3.1
      vertex 5.15 -8.92006 3.1
    endloop
  endfacet
  facet normal 0.461745 -0.887012 0
    outer loop
      vertex 5.28155 -8.85158 3.1
      vertex 5.15 -8.92006 0
      vertex 5.28155 -8.85158 0
    endloop
  endfacet
  facet normal 0 0 -1
    outer loop
      vertex 6.88292 -9.82982 3.1
      vertex 7.39256 -9.41722 3.1
      vertex 7.40177 -9.43169 3.1
    endloop
  endfacet
  facet normal -0 0 -1
    outer loop
      vertex 7.39256 -9.41722 3.1
      vertex 6.88292 -9.82982 3.1
      vertex 7.30227 -9.29957 3.1
    endloop
  endfacet
  facet normal -0 0 -1
    outer loop
      vertex 7.30227 -9.29957 3.1
      vertex 6.88292 -9.82982 3.1
      vertex 7.20208 -9.19022 3.1
    endloop
  endfacet
  facet normal -0 0 -1
    outer loop
      vertex 7.20208 -9.19022 3.1
      vertex 6.88292 -9.82982 3.1
      vertex 7.09274 -9.09003 3.1
    endloop
  endfacet
  facet normal -0 0 -1
    outer loop
      vertex 7.09274 -9.09003 3.1
      vertex 6.88292 -9.82982 3.1
      vertex 6.97508 -8.99975 3.1
    endloop
  endfacet
  facet normal 0 0 -1
    outer loop
      vertex 6.88292 -9.82982 3.1
      vertex 6.85 -8.92006 3.1
      vertex 6.97508 -8.99975 3.1
    endloop
  endfacet
  facet normal 0 0 -1
    outer loop
      vertex 6.88292 -9.82982 3.1
      vertex 6.71845 -8.85158 3.1
      vertex 6.85 -8.92006 3.1
    endloop
  endfacet
  facet normal 0 0 -1
    outer loop
      vertex 6.88292 -9.82982 3.1
      vertex 6.58143 -8.79483 3.1
      vertex 6.71845 -8.85158 3.1
    endloop
  endfacet
  facet normal 0 0 -1
    outer loop
      vertex 6.88292 -9.82982 3.1
      vertex 6.43999 -8.75023 3.1
      vertex 6.58143 -8.79483 3.1
    endloop
  endfacet
  facet normal 0 0 -1
    outer loop
      vertex 6.88292 -9.82982 3.1
      vertex 6.2952 -8.71813 3.1
      vertex 6.43999 -8.75023 3.1
    endloop
  endfacet
  facet normal 0 0 -1
    outer loop
      vertex 6.88292 -9.82982 3.1
      vertex 6.14816 -8.69877 3.1
      vertex 6.2952 -8.71813 3.1
    endloop
  endfacet
  facet normal 0 0 -1
    outer loop
      vertex 6 -10.3923 3.1
      vertex 6.14816 -8.69877 3.1
      vertex 6.88292 -9.82982 3.1
    endloop
  endfacet
  facet normal 0 0 -1
    outer loop
      vertex 6 -10.3923 3.1
      vertex 6 -8.6923 3.1
      vertex 6.14816 -8.69877 3.1
    endloop
  endfacet
  facet normal 0 0 -1
    outer loop
      vertex 6 -10.3923 3.1
      vertex 5.85183 -8.69877 3.1
      vertex 6 -8.6923 3.1
    endloop
  endfacet
  facet normal 0 0 -1
    outer loop
      vertex 6 -10.3923 3.1
      vertex 5.7048 -8.71813 3.1
      vertex 5.85183 -8.69877 3.1
    endloop
  endfacet
  facet normal 0 0 -1
    outer loop
      vertex 6 -10.3923 3.1
      vertex 5.56001 -8.75023 3.1
      vertex 5.7048 -8.71813 3.1
    endloop
  endfacet
  facet normal 0 0 -1
    outer loop
      vertex 6 -10.3923 3.1
      vertex 5.41857 -8.79483 3.1
      vertex 5.56001 -8.75023 3.1
    endloop
  endfacet
  facet normal 0 0 -1
    outer loop
      vertex 6 -10.3923 3.1
      vertex 5.28155 -8.85158 3.1
      vertex 5.41857 -8.79483 3.1
    endloop
  endfacet
  facet normal 0 0 -1
    outer loop
      vertex 6 -10.3923 3.1
      vertex 5.15 -8.92006 3.1
      vertex 5.28155 -8.85158 3.1
    endloop
  endfacet
  facet normal 0 0 -1
    outer loop
      vertex 4.45928 -9.67385 3.1
      vertex 6 -10.3923 3.1
      vertex 5.07142 -10.8757 3.1
    endloop
  endfacet
  facet normal 0 0 -1
    outer loop
      vertex 6 -10.3923 3.1
      vertex 5.02492 -8.99975 3.1
      vertex 5.15 -8.92006 3.1
    endloop
  endfacet
  facet normal 0 0 -1
    outer loop
      vertex 6 -10.3923 3.1
      vertex 4.90726 -9.09003 3.1
      vertex 5.02492 -8.99975 3.1
    endloop
  endfacet
  facet normal 0 0 -1
    outer loop
      vertex 6 -10.3923 3.1
      vertex 4.79792 -9.19022 3.1
      vertex 4.90726 -9.09003 3.1
    endloop
  endfacet
  facet normal 0 0 -1
    outer loop
      vertex 6 -10.3923 3.1
      vertex 4.69772 -9.29957 3.1
      vertex 4.79792 -9.19022 3.1
    endloop
  endfacet
  facet normal 0 0 -1
    outer loop
      vertex 6 -10.3923 3.1
      vertex 4.60744 -9.41722 3.1
      vertex 4.69772 -9.29957 3.1
    endloop
  endfacet
  facet normal 0 0 -1
    outer loop
      vertex 6 -10.3923 3.1
      vertex 4.52776 -9.5423 3.1
      vertex 4.60744 -9.41722 3.1
    endloop
  endfacet
  facet normal 0 0 -1
    outer loop
      vertex 4.45928 -11.1108 3.1
      vertex 5.07142 -10.8757 3.1
      vertex 4.4672 -11.126 3.1
    endloop
  endfacet
  facet normal 0 0 -1
    outer loop
      vertex 5.07142 -10.8757 3.1
      vertex 4.45928 -11.1108 3.1
      vertex 4.40252 -10.9737 3.1
    endloop
  endfacet
  facet normal 0 0 -1
    outer loop
      vertex 6 -10.3923 3.1
      vertex 4.45928 -9.67385 3.1
      vertex 4.52776 -9.5423 3.1
    endloop
  endfacet
  facet normal 0 0 -1
    outer loop
      vertex 4.35793 -10.8323 3.1
      vertex 5.07142 -10.8757 3.1
      vertex 4.40252 -10.9737 3.1
    endloop
  endfacet
  facet normal 0 0 -1
    outer loop
      vertex 5.07142 -10.8757 3.1
      vertex 4.40252 -9.81087 3.1
      vertex 4.45928 -9.67385 3.1
    endloop
  endfacet
  facet normal 0 0 -1
    outer loop
      vertex 4.32583 -10.6875 3.1
      vertex 5.07142 -10.8757 3.1
      vertex 4.35793 -10.8323 3.1
    endloop
  endfacet
  facet normal 0 0 -1
    outer loop
      vertex 5.07142 -10.8757 3.1
      vertex 4.35793 -9.95231 3.1
      vertex 4.40252 -9.81087 3.1
    endloop
  endfacet
  facet normal 0 0 -1
    outer loop
      vertex 4.30647 -10.5405 3.1
      vertex 5.07142 -10.8757 3.1
      vertex 4.32583 -10.6875 3.1
    endloop
  endfacet
  facet normal 0 0 -1
    outer loop
      vertex 5.07142 -10.8757 3.1
      vertex 4.32583 -10.0971 3.1
      vertex 4.35793 -9.95231 3.1
    endloop
  endfacet
  facet normal 0 0 -1
    outer loop
      vertex 4.3 -10.3923 3.1
      vertex 5.07142 -10.8757 3.1
      vertex 4.30647 -10.5405 3.1
    endloop
  endfacet
  facet normal 0 0 -1
    outer loop
      vertex 5.07142 -10.8757 3.1
      vertex 4.30647 -10.2441 3.1
      vertex 4.32583 -10.0971 3.1
    endloop
  endfacet
  facet normal 0 0 -1
    outer loop
      vertex 5.07142 -10.8757 3.1
      vertex 4.3 -10.3923 3.1
      vertex 4.30647 -10.2441 3.1
    endloop
  endfacet
  facet normal 0.843406 -0.537277 0
    outer loop
      vertex 4.52776 -9.5423 3.1
      vertex 4.60744 -9.41722 0
      vertex 4.60744 -9.41722 3.1
    endloop
  endfacet
  facet normal 0.843406 -0.537277 0
    outer loop
      vertex 4.60744 -9.41722 0
      vertex 4.52776 -9.5423 3.1
      vertex 4.52776 -9.5423 0
    endloop
  endfacet
  facet normal 0.887012 -0.461745 0
    outer loop
      vertex 4.45928 -9.67385 3.1
      vertex 4.52776 -9.5423 0
      vertex 4.52776 -9.5423 3.1
    endloop
  endfacet
  facet normal 0.887012 -0.461745 0
    outer loop
      vertex 4.52776 -9.5423 0
      vertex 4.45928 -9.67385 3.1
      vertex 4.45928 -9.67385 0
    endloop
  endfacet
  facet normal 0.216445 0.976295 -0
    outer loop
      vertex 5.7048 -12.0665 0
      vertex 5.56001 -12.0344 3
      vertex 5.7048 -12.0665 3
    endloop
  endfacet
  facet normal 0.216445 0.976295 0
    outer loop
      vertex 5.56001 -12.0344 3
      vertex 5.7048 -12.0665 0
      vertex 5.56001 -12.0344 0
    endloop
  endfacet
  facet normal 0.0436245 -0.999048 0
    outer loop
      vertex 5.85183 -8.69877 0
      vertex 6 -8.6923 3.1
      vertex 5.85183 -8.69877 3.1
    endloop
  endfacet
  facet normal 0.0436245 -0.999048 0
    outer loop
      vertex 6 -8.6923 3.1
      vertex 5.85183 -8.69877 0
      vertex 6 -8.6923 0
    endloop
  endfacet
  facet normal 0.300731 0.953709 -0
    outer loop
      vertex 5.56001 -12.0344 0
      vertex 5.41857 -11.9898 3
      vertex 5.56001 -12.0344 3
    endloop
  endfacet
  facet normal 0.300731 0.953709 0
    outer loop
      vertex 5.41857 -11.9898 3
      vertex 5.56001 -12.0344 0
      vertex 5.41857 -11.9898 0
    endloop
  endfacet
  facet normal 0.999048 0.0436157 0
    outer loop
      vertex 4.30647 -10.5405 3.1
      vertex 4.3 -10.3923 0
      vertex 4.3 -10.3923 3.1
    endloop
  endfacet
  facet normal 0.999048 0.0436157 0
    outer loop
      vertex 4.3 -10.3923 0
      vertex 4.30647 -10.5405 3.1
      vertex 4.30647 -10.5405 0
    endloop
  endfacet
  facet normal 0.461748 -0.887011 0
    outer loop
      vertex -2.0375 3.52905 0
      vertex -1.72217 3.6932 18
      vertex -2.0375 3.52905 18
    endloop
  endfacet
  facet normal 0.461748 -0.887011 0
    outer loop
      vertex -1.72217 3.6932 18
      vertex -2.0375 3.52905 0
      vertex -1.72217 3.6932 0
    endloop
  endfacet
  facet normal -0.99144 -0.130566 0
    outer loop
      vertex 4.01309 0.707616 0
      vertex 4.02397 0.625 10.9175
      vertex 4.01309 0.707616 10.9701
    endloop
  endfacet
  facet normal -0.991451 -0.130483 6.43473e-07
    outer loop
      vertex 4.01309 0.707616 0
      vertex 4.0367 0.528273 10.8671
      vertex 4.02397 0.625 10.9175
    endloop
  endfacet
  facet normal -0.991437 -0.130586 -1.09848e-06
    outer loop
      vertex 4.01309 0.707616 0
      vertex 4.04997 0.427525 10.8254
      vertex 4.0367 0.528273 10.8671
    endloop
  endfacet
  facet normal -0.991446 -0.130521 -0
    outer loop
      vertex 4.05949 0.355159 10.8026
      vertex 4.01309 0.707616 0
      vertex 4.05949 0.355159 0
    endloop
  endfacet
  facet normal -0.991457 -0.130431 3.00253e-06
    outer loop
      vertex 4.01309 0.707616 0
      vertex 4.05949 0.355159 10.8026
      vertex 4.04997 0.427525 10.8254
    endloop
  endfacet
  facet normal -0.99144 -0.130566 0
    outer loop
      vertex 4.02397 0.625 13.0825
      vertex 4.01309 0.707616 18
      vertex 4.01309 0.707616 13.0299
    endloop
  endfacet
  facet normal -0.991451 -0.130483 -1.42178e-06
    outer loop
      vertex 4.0367 0.528273 13.1329
      vertex 4.01309 0.707616 18
      vertex 4.02397 0.625 13.0825
    endloop
  endfacet
  facet normal -0.991437 -0.130586 2.4323e-06
    outer loop
      vertex 4.04997 0.427525 13.1746
      vertex 4.01309 0.707616 18
      vertex 4.0367 0.528273 13.1329
    endloop
  endfacet
  facet normal -0.991457 -0.130432 -6.66888e-06
    outer loop
      vertex 4.05949 0.355159 13.1974
      vertex 4.01309 0.707616 18
      vertex 4.04997 0.427525 13.1746
    endloop
  endfacet
  facet normal -0.991446 -0.130521 0
    outer loop
      vertex 4.01309 0.707616 18
      vertex 4.05949 0.355159 13.1974
      vertex 4.05949 0.355159 18
    endloop
  endfacet
  facet normal -0.99905 -0.0435811 0
    outer loop
      vertex 4.05949 0.355159 0
      vertex 4.06087 0.323524 10.7926
      vertex 4.05949 0.355159 10.8026
    endloop
  endfacet
  facet normal -0.999048 -0.0436351 -1.58515e-07
    outer loop
      vertex 4.05949 0.355159 0
      vertex 4.06552 0.21706 10.769
      vertex 4.06087 0.323524 10.7926
    endloop
  endfacet
  facet normal -0.999048 -0.0436153 9.61132e-08
    outer loop
      vertex 4.05949 0.355159 0
      vertex 4.07024 0.108944 10.7548
      vertex 4.06552 0.21706 10.769
    endloop
  endfacet
  facet normal -0.999048 -0.043629 -0
    outer loop
      vertex 4.075 0 10.75
      vertex 4.05949 0.355159 0
      vertex 4.075 0 0
    endloop
  endfacet
  facet normal -0.999047 -0.0436505 -7.11601e-07
    outer loop
      vertex 4.05949 0.355159 0
      vertex 4.075 0 10.75
      vertex 4.07024 0.108944 10.7548
    endloop
  endfacet
  facet normal -0.99905 -0.0435811 0
    outer loop
      vertex 4.06087 0.323524 13.2074
      vertex 4.05949 0.355159 18
      vertex 4.05949 0.355159 13.1974
    endloop
  endfacet
  facet normal -0.999048 -0.0436351 3.56676e-07
    outer loop
      vertex 4.06552 0.21706 13.231
      vertex 4.05949 0.355159 18
      vertex 4.06087 0.323524 13.2074
    endloop
  endfacet
  facet normal -0.999048 -0.0436153 -2.16578e-07
    outer loop
      vertex 4.07024 0.108944 13.2452
      vertex 4.05949 0.355159 18
      vertex 4.06552 0.21706 13.231
    endloop
  endfacet
  facet normal -0.999047 -0.0436505 1.60752e-06
    outer loop
      vertex 4.075 0 13.25
      vertex 4.05949 0.355159 18
      vertex 4.07024 0.108944 13.2452
    endloop
  endfacet
  facet normal -0.999048 -0.043629 0
    outer loop
      vertex 4.05949 0.355159 18
      vertex 4.075 0 13.25
      vertex 4.075 0 18
    endloop
  endfacet
  facet normal -0.976344 -0.216224 0
    outer loop
      vertex 3.93615 1.05469 0
      vertex 3.94296 1.02394 11.283
      vertex 3.93615 1.05469 11.3313
    endloop
  endfacet
  facet normal -0.976288 -0.216478 -7.24928e-07
    outer loop
      vertex 3.93615 1.05469 0
      vertex 3.95768 0.957555 11.1965
      vertex 3.94296 1.02394 11.283
    endloop
  endfacet
  facet normal -0.976304 -0.216406 -6.61165e-08
    outer loop
      vertex 3.93615 1.05469 0
      vertex 3.97401 0.883883 11.1161
      vertex 3.95768 0.957555 11.1965
    endloop
  endfacet
  facet normal -0.976281 -0.216507 -1.70486e-06
    outer loop
      vertex 3.93615 1.05469 0
      vertex 3.99184 0.803484 11.0424
      vertex 3.97401 0.883883 11.1161
    endloop
  endfacet
  facet normal -0.976295 -0.216443 -1.67159e-07
    outer loop
      vertex 3.93615 1.05469 0
      vertex 4.01102 0.71697 10.9761
      vertex 3.99184 0.803484 11.0424
    endloop
  endfacet
  facet normal -0.976299 -0.216428 -0
    outer loop
      vertex 4.01309 0.707616 10.9701
      vertex 3.93615 1.05469 0
      vertex 4.01309 0.707616 0
    endloop
  endfacet
  facet normal -0.976377 -0.216075 1.16906e-05
    outer loop
      vertex 3.93615 1.05469 0
      vertex 4.01309 0.707616 10.9701
      vertex 4.01102 0.71697 10.9761
    endloop
  endfacet
  facet normal -0.976344 -0.216224 0
    outer loop
      vertex 3.94296 1.02394 12.717
      vertex 3.93615 1.05469 18
      vertex 3.93615 1.05469 12.6687
    endloop
  endfacet
  facet normal -0.976288 -0.216477 1.54204e-06
    outer loop
      vertex 3.95768 0.957555 12.8035
      vertex 3.93615 1.05469 18
      vertex 3.94296 1.02394 12.717
    endloop
  endfacet
  facet normal -0.976304 -0.216405 1.4093e-07
    outer loop
      vertex 3.97401 0.883883 12.8839
      vertex 3.93615 1.05469 18
      vertex 3.95768 0.957555 12.8035
    endloop
  endfacet
  facet normal -0.976281 -0.216506 3.64488e-06
    outer loop
      vertex 3.99184 0.803484 12.9576
      vertex 3.93615 1.05469 18
      vertex 3.97401 0.883883 12.8839
    endloop
  endfacet
  facet normal -0.976295 -0.216443 3.58749e-07
    outer loop
      vertex 4.01102 0.71697 13.0239
      vertex 3.93615 1.05469 18
      vertex 3.99184 0.803484 12.9576
    endloop
  endfacet
  facet normal -0.976375 -0.216084 -2.51986e-05
    outer loop
      vertex 4.01309 0.707616 13.0299
      vertex 3.93615 1.05469 18
      vertex 4.01102 0.71697 13.0239
    endloop
  endfacet
  facet normal -0.976299 -0.216428 0
    outer loop
      vertex 3.93615 1.05469 18
      vertex 4.01309 0.707616 13.0299
      vertex 4.01309 0.707616 18
    endloop
  endfacet
  facet normal 0.67559 0.737278 -0
    outer loop
      vertex -2.61936 -3.12163 0
      vertex -2.88146 -2.88146 18
      vertex -2.61936 -3.12163 18
    endloop
  endfacet
  facet normal 0.67559 0.737278 0
    outer loop
      vertex -2.88146 -2.88146 18
      vertex -2.61936 -3.12163 0
      vertex -2.88146 -2.88146 0
    endloop
  endfacet
  facet normal -0.382697 -0.923874 0
    outer loop
      vertex 1.39373 3.82925 0
      vertex 1.72217 3.6932 18
      vertex 1.39373 3.82925 18
    endloop
  endfacet
  facet normal -0.382697 -0.923874 -0
    outer loop
      vertex 1.72217 3.6932 18
      vertex 1.39373 3.82925 0
      vertex 1.72217 3.6932 0
    endloop
  endfacet
  facet normal 0.843387 -0.537307 0
    outer loop
      vertex -3.52905 2.0375 18
      vertex -3.33804 2.33732 0
      vertex -3.33804 2.33732 18
    endloop
  endfacet
  facet normal 0.843387 -0.537307 0
    outer loop
      vertex -3.33804 2.33732 0
      vertex -3.52905 2.0375 18
      vertex -3.52905 2.0375 0
    endloop
  endfacet
  facet normal 0.923874 0.382697 0
    outer loop
      vertex -3.6932 -1.72217 18
      vertex -3.82925 -1.39373 0
      vertex -3.82925 -1.39373 18
    endloop
  endfacet
  facet normal 0.923874 0.382697 0
    outer loop
      vertex -3.82925 -1.39373 0
      vertex -3.6932 -1.72217 18
      vertex -3.6932 -1.72217 0
    endloop
  endfacet
  facet normal -0.953716 0.300709 0
    outer loop
      vertex 3.82925 -1.39373 0
      vertex 3.93615 -1.05469 11.3313
      vertex 3.93615 -1.05469 0
    endloop
  endfacet
  facet normal -0.953697 0.300768 -1.94967e-06
    outer loop
      vertex 3.93615 -1.05469 11.3313
      vertex 3.82925 -1.39373 0
      vertex 3.92737 -1.08253 11.375
    endloop
  endfacet
  facet normal -0.953693 0.300783 -2.39521e-06
    outer loop
      vertex 3.92737 -1.08253 11.375
      vertex 3.82925 -1.39373 0
      vertex 3.91149 -1.13288 11.4717
    endloop
  endfacet
  facet normal -0.953701 0.300756 -1.72004e-06
    outer loop
      vertex 3.91149 -1.13288 11.4717
      vertex 3.82925 -1.39373 0
      vertex 3.89833 -1.17461 11.5725
    endloop
  endfacet
  facet normal -0.95381 0.300409 5.48629e-06
    outer loop
      vertex 3.89833 -1.17461 11.5725
      vertex 3.82925 -1.39373 0
      vertex 3.888 -1.20741 11.6765
    endloop
  endfacet
  facet normal -0.95362 0.301014 -5.1137e-06
    outer loop
      vertex 3.888 -1.20741 11.6765
      vertex 3.82925 -1.39373 0
      vertex 3.88055 -1.23101 11.7829
    endloop
  endfacet
  facet normal -0.953834 0.300333 5.21714e-06
    outer loop
      vertex 3.88055 -1.23101 11.7829
      vertex 3.82925 -1.39373 0
      vertex 3.87607 -1.24524 11.8911
    endloop
  endfacet
  facet normal -0.953753 0.300591 1.68019e-06
    outer loop
      vertex 3.87607 -1.24524 11.8911
      vertex 3.82925 -1.39373 0
      vertex 3.87457 -1.25 12
    endloop
  endfacet
  facet normal -0.953698 0.300765 3.94474e-06
    outer loop
      vertex 3.82925 -1.39373 18
      vertex 3.93615 -1.05469 12.6687
      vertex 3.92737 -1.08253 12.625
    endloop
  endfacet
  facet normal -0.953694 0.300778 4.80138e-06
    outer loop
      vertex 3.82925 -1.39373 18
      vertex 3.92737 -1.08253 12.625
      vertex 3.91149 -1.13288 12.5283
    endloop
  endfacet
  facet normal -0.953702 0.300752 3.41138e-06
    outer loop
      vertex 3.82925 -1.39373 18
      vertex 3.91149 -1.13288 12.5283
      vertex 3.89833 -1.17461 12.4275
    endloop
  endfacet
  facet normal -0.953806 0.300425 -1.07386e-05
    outer loop
      vertex 3.82925 -1.39373 18
      vertex 3.89833 -1.17461 12.4275
      vertex 3.888 -1.20741 12.3235
    endloop
  endfacet
  facet normal -0.953626 0.300994 9.82213e-06
    outer loop
      vertex 3.82925 -1.39373 18
      vertex 3.888 -1.20741 12.3235
      vertex 3.88055 -1.23101 12.2171
    endloop
  endfacet
  facet normal -0.953825 0.300364 -9.67603e-06
    outer loop
      vertex 3.82925 -1.39373 18
      vertex 3.88055 -1.23101 12.2171
      vertex 3.87607 -1.24524 12.1089
    endloop
  endfacet
  facet normal -0.953746 0.300613 -2.76553e-06
    outer loop
      vertex 3.82925 -1.39373 18
      vertex 3.87607 -1.24524 12.1089
      vertex 3.87457 -1.25 12
    endloop
  endfacet
  facet normal -0.953716 0.300709 0
    outer loop
      vertex 3.93615 -1.05469 12.6687
      vertex 3.82925 -1.39373 18
      vertex 3.93615 -1.05469 18
    endloop
  endfacet
  facet normal -0.953713 0.300719 0
    outer loop
      vertex 3.82925 -1.39373 18
      vertex 3.87457 -1.25 12
      vertex 3.82925 -1.39373 0
    endloop
  endfacet
  facet normal 0.991446 0.130521 0
    outer loop
      vertex -4.01309 -0.707616 18
      vertex -4.05949 -0.355159 0
      vertex -4.05949 -0.355159 18
    endloop
  endfacet
  facet normal 0.991446 0.130521 0
    outer loop
      vertex -4.05949 -0.355159 0
      vertex -4.01309 -0.707616 18
      vertex -4.01309 -0.707616 0
    endloop
  endfacet
  facet normal -0.461748 0.887011 0
    outer loop
      vertex 2.0375 -3.52905 0
      vertex 1.72217 -3.6932 18
      vertex 2.0375 -3.52905 18
    endloop
  endfacet
  facet normal -0.461748 0.887011 0
    outer loop
      vertex 1.72217 -3.6932 18
      vertex 2.0375 -3.52905 0
      vertex 1.72217 -3.6932 0
    endloop
  endfacet
  facet normal 0.887011 -0.461748 0
    outer loop
      vertex -3.6932 1.72217 18
      vertex -3.52905 2.0375 0
      vertex -3.52905 2.0375 18
    endloop
  endfacet
  facet normal 0.887011 -0.461748 0
    outer loop
      vertex -3.52905 2.0375 0
      vertex -3.6932 1.72217 18
      vertex -3.6932 1.72217 0
    endloop
  endfacet
  facet normal -0.130521 -0.991446 0
    outer loop
      vertex 0.355159 4.05949 0
      vertex 0.707616 4.01309 18
      vertex 0.355159 4.05949 18
    endloop
  endfacet
  facet normal -0.130521 -0.991446 -0
    outer loop
      vertex 0.707616 4.01309 18
      vertex 0.355159 4.05949 0
      vertex 0.707616 4.01309 0
    endloop
  endfacet
  facet normal -0.793363 0.608749 0
    outer loop
      vertex 3.12163 -2.61936 0
      vertex 3.33804 -2.33732 18
      vertex 3.33804 -2.33732 0
    endloop
  endfacet
  facet normal -0.793363 0.608749 0
    outer loop
      vertex 3.33804 -2.33732 18
      vertex 3.12163 -2.61936 0
      vertex 3.12163 -2.61936 18
    endloop
  endfacet
  facet normal 0.793363 -0.608749 0
    outer loop
      vertex -3.33804 2.33732 18
      vertex -3.12163 2.61936 0
      vertex -3.12163 2.61936 18
    endloop
  endfacet
  facet normal 0.793363 -0.608749 0
    outer loop
      vertex -3.12163 2.61936 0
      vertex -3.33804 2.33732 18
      vertex -3.33804 2.33732 0
    endloop
  endfacet
  facet normal -0.887011 -0.461748 0
    outer loop
      vertex 3.6932 1.72217 0
      vertex 3.52905 2.0375 18
      vertex 3.52905 2.0375 0
    endloop
  endfacet
  facet normal -0.887011 -0.461748 0
    outer loop
      vertex 3.52905 2.0375 18
      vertex 3.6932 1.72217 0
      vertex 3.6932 1.72217 18
    endloop
  endfacet
  facet normal 0.887011 0.461748 0
    outer loop
      vertex -3.52905 -2.0375 18
      vertex -3.6932 -1.72217 0
      vertex -3.6932 -1.72217 18
    endloop
  endfacet
  facet normal 0.887011 0.461748 0
    outer loop
      vertex -3.6932 -1.72217 0
      vertex -3.52905 -2.0375 18
      vertex -3.52905 -2.0375 0
    endloop
  endfacet
  facet normal -0.991446 0.130521 0
    outer loop
      vertex 4.01309 -0.707616 0
      vertex 4.05949 -0.355159 10.8026
      vertex 4.05949 -0.355159 0
    endloop
  endfacet
  facet normal -0.991457 0.130431 3.00253e-06
    outer loop
      vertex 4.05949 -0.355159 10.8026
      vertex 4.01309 -0.707616 0
      vertex 4.04997 -0.427525 10.8254
    endloop
  endfacet
  facet normal -0.991437 0.130586 -1.09848e-06
    outer loop
      vertex 4.04997 -0.427525 10.8254
      vertex 4.01309 -0.707616 0
      vertex 4.0367 -0.528273 10.8671
    endloop
  endfacet
  facet normal -0.991451 0.130483 6.43473e-07
    outer loop
      vertex 4.0367 -0.528273 10.8671
      vertex 4.01309 -0.707616 0
      vertex 4.02397 -0.625 10.9175
    endloop
  endfacet
  facet normal -0.99144 0.130566 0
    outer loop
      vertex 4.02397 -0.625 10.9175
      vertex 4.01309 -0.707616 0
      vertex 4.01309 -0.707616 10.9701
    endloop
  endfacet
  facet normal -0.991457 0.130432 -6.66888e-06
    outer loop
      vertex 4.01309 -0.707616 18
      vertex 4.05949 -0.355159 13.1974
      vertex 4.04997 -0.427525 13.1746
    endloop
  endfacet
  facet normal -0.991437 0.130586 2.4323e-06
    outer loop
      vertex 4.01309 -0.707616 18
      vertex 4.04997 -0.427525 13.1746
      vertex 4.0367 -0.528273 13.1329
    endloop
  endfacet
  facet normal -0.991451 0.130483 -1.42178e-06
    outer loop
      vertex 4.01309 -0.707616 18
      vertex 4.0367 -0.528273 13.1329
      vertex 4.02397 -0.625 13.0825
    endloop
  endfacet
  facet normal -0.99144 0.130566 0
    outer loop
      vertex 4.01309 -0.707616 18
      vertex 4.02397 -0.625 13.0825
      vertex 4.01309 -0.707616 13.0299
    endloop
  endfacet
  facet normal -0.991446 0.130521 0
    outer loop
      vertex 4.05949 -0.355159 13.1974
      vertex 4.01309 -0.707616 18
      vertex 4.05949 -0.355159 18
    endloop
  endfacet
  facet normal 0.130521 0.991446 -0
    outer loop
      vertex -0.355159 -4.05949 0
      vertex -0.707616 -4.01309 18
      vertex -0.355159 -4.05949 18
    endloop
  endfacet
  facet normal 0.130521 0.991446 0
    outer loop
      vertex -0.707616 -4.01309 18
      vertex -0.355159 -4.05949 0
      vertex -0.707616 -4.01309 0
    endloop
  endfacet
  facet normal -0.461748 -0.887011 0
    outer loop
      vertex 1.72217 3.6932 0
      vertex 2.0375 3.52905 18
      vertex 1.72217 3.6932 18
    endloop
  endfacet
  facet normal -0.461748 -0.887011 -0
    outer loop
      vertex 2.0375 3.52905 18
      vertex 1.72217 3.6932 0
      vertex 2.0375 3.52905 0
    endloop
  endfacet
  facet normal 0.976299 0.216428 0
    outer loop
      vertex -3.93615 -1.05469 18
      vertex -4.01309 -0.707616 0
      vertex -4.01309 -0.707616 18
    endloop
  endfacet
  facet normal 0.976299 0.216428 0
    outer loop
      vertex -4.01309 -0.707616 0
      vertex -3.93615 -1.05469 18
      vertex -3.93615 -1.05469 0
    endloop
  endfacet
  facet normal 0.953716 0.300709 0
    outer loop
      vertex -3.82925 -1.39373 18
      vertex -3.93615 -1.05469 0
      vertex -3.93615 -1.05469 18
    endloop
  endfacet
  facet normal 0.953716 0.300709 0
    outer loop
      vertex -3.93615 -1.05469 0
      vertex -3.82925 -1.39373 18
      vertex -3.82925 -1.39373 0
    endloop
  endfacet
  facet normal 0.130521 -0.991446 0
    outer loop
      vertex -0.707616 4.01309 0
      vertex -0.355159 4.05949 18
      vertex -0.707616 4.01309 18
    endloop
  endfacet
  facet normal 0.130521 -0.991446 0
    outer loop
      vertex -0.355159 4.05949 18
      vertex -0.707616 4.01309 0
      vertex -0.355159 4.05949 0
    endloop
  endfacet
  facet normal -0.976299 0.216428 0
    outer loop
      vertex 3.93615 -1.05469 0
      vertex 4.01309 -0.707616 10.9701
      vertex 4.01309 -0.707616 0
    endloop
  endfacet
  facet normal -0.976377 0.216075 1.16906e-05
    outer loop
      vertex 4.01309 -0.707616 10.9701
      vertex 3.93615 -1.05469 0
      vertex 4.01102 -0.71697 10.9761
    endloop
  endfacet
  facet normal -0.976295 0.216443 -1.67159e-07
    outer loop
      vertex 4.01102 -0.71697 10.9761
      vertex 3.93615 -1.05469 0
      vertex 3.99184 -0.803484 11.0424
    endloop
  endfacet
  facet normal -0.976281 0.216507 -1.70486e-06
    outer loop
      vertex 3.99184 -0.803484 11.0424
      vertex 3.93615 -1.05469 0
      vertex 3.97401 -0.883883 11.1161
    endloop
  endfacet
  facet normal -0.976304 0.216406 -6.61165e-08
    outer loop
      vertex 3.97401 -0.883883 11.1161
      vertex 3.93615 -1.05469 0
      vertex 3.95768 -0.957555 11.1965
    endloop
  endfacet
  facet normal -0.976288 0.216478 -7.24928e-07
    outer loop
      vertex 3.95768 -0.957555 11.1965
      vertex 3.93615 -1.05469 0
      vertex 3.94296 -1.02394 11.283
    endloop
  endfacet
  facet normal -0.976344 0.216224 0
    outer loop
      vertex 3.94296 -1.02394 11.283
      vertex 3.93615 -1.05469 0
      vertex 3.93615 -1.05469 11.3313
    endloop
  endfacet
  facet normal -0.976375 0.216084 -2.51986e-05
    outer loop
      vertex 3.93615 -1.05469 18
      vertex 4.01309 -0.707616 13.0299
      vertex 4.01102 -0.71697 13.0239
    endloop
  endfacet
  facet normal -0.976295 0.216443 3.58749e-07
    outer loop
      vertex 3.93615 -1.05469 18
      vertex 4.01102 -0.71697 13.0239
      vertex 3.99184 -0.803484 12.9576
    endloop
  endfacet
  facet normal -0.976281 0.216506 3.64488e-06
    outer loop
      vertex 3.93615 -1.05469 18
      vertex 3.99184 -0.803484 12.9576
      vertex 3.97401 -0.883883 12.8839
    endloop
  endfacet
  facet normal -0.976304 0.216405 1.4093e-07
    outer loop
      vertex 3.93615 -1.05469 18
      vertex 3.97401 -0.883883 12.8839
      vertex 3.95768 -0.957555 12.8035
    endloop
  endfacet
  facet normal -0.976288 0.216477 1.54204e-06
    outer loop
      vertex 3.93615 -1.05469 18
      vertex 3.95768 -0.957555 12.8035
      vertex 3.94296 -1.02394 12.717
    endloop
  endfacet
  facet normal -0.976344 0.216224 0
    outer loop
      vertex 3.93615 -1.05469 18
      vertex 3.94296 -1.02394 12.717
      vertex 3.93615 -1.05469 12.6687
    endloop
  endfacet
  facet normal -0.976299 0.216428 0
    outer loop
      vertex 4.01309 -0.707616 13.0299
      vertex 3.93615 -1.05469 18
      vertex 4.01309 -0.707616 18
    endloop
  endfacet
  facet normal 0.382697 -0.923874 0
    outer loop
      vertex -1.72217 3.6932 0
      vertex -1.39373 3.82925 18
      vertex -1.72217 3.6932 18
    endloop
  endfacet
  facet normal 0.382697 -0.923874 0
    outer loop
      vertex -1.39373 3.82925 18
      vertex -1.72217 3.6932 0
      vertex -1.39373 3.82925 0
    endloop
  endfacet
  facet normal 0.537307 0.843387 -0
    outer loop
      vertex -2.0375 -3.52905 0
      vertex -2.33732 -3.33804 18
      vertex -2.0375 -3.52905 18
    endloop
  endfacet
  facet normal 0.537307 0.843387 0
    outer loop
      vertex -2.33732 -3.33804 18
      vertex -2.0375 -3.52905 0
      vertex -2.33732 -3.33804 0
    endloop
  endfacet
  facet normal 0.608749 -0.793363 0
    outer loop
      vertex -2.61936 3.12163 0
      vertex -2.33732 3.33804 18
      vertex -2.61936 3.12163 18
    endloop
  endfacet
  facet normal 0.608749 -0.793363 0
    outer loop
      vertex -2.33732 3.33804 18
      vertex -2.61936 3.12163 0
      vertex -2.33732 3.33804 0
    endloop
  endfacet
  facet normal -0.300709 0.953716 0
    outer loop
      vertex 1.39373 -3.82925 0
      vertex 1.05469 -3.93615 18
      vertex 1.39373 -3.82925 18
    endloop
  endfacet
  facet normal -0.300709 0.953716 0
    outer loop
      vertex 1.05469 -3.93615 18
      vertex 1.39373 -3.82925 0
      vertex 1.05469 -3.93615 0
    endloop
  endfacet
  facet normal 0.300709 -0.953716 0
    outer loop
      vertex -1.39373 3.82925 0
      vertex -1.05469 3.93615 18
      vertex -1.39373 3.82925 18
    endloop
  endfacet
  facet normal 0.300709 -0.953716 0
    outer loop
      vertex -1.05469 3.93615 18
      vertex -1.39373 3.82925 0
      vertex -1.05469 3.93615 0
    endloop
  endfacet
  facet normal -0.793363 -0.608749 0
    outer loop
      vertex 3.33804 2.33732 0
      vertex 3.12163 2.61936 18
      vertex 3.12163 2.61936 0
    endloop
  endfacet
  facet normal -0.793363 -0.608749 0
    outer loop
      vertex 3.12163 2.61936 18
      vertex 3.33804 2.33732 0
      vertex 3.33804 2.33732 18
    endloop
  endfacet
  facet normal 0.608749 0.793363 -0
    outer loop
      vertex -2.33732 -3.33804 0
      vertex -2.61936 -3.12163 18
      vertex -2.33732 -3.33804 18
    endloop
  endfacet
  facet normal 0.608749 0.793363 0
    outer loop
      vertex -2.61936 -3.12163 18
      vertex -2.33732 -3.33804 0
      vertex -2.61936 -3.12163 0
    endloop
  endfacet
  facet normal -0.999048 0.043629 0
    outer loop
      vertex 4.05949 -0.355159 0
      vertex 4.075 0 10.75
      vertex 4.075 0 0
    endloop
  endfacet
  facet normal -0.999047 0.0436505 -7.11601e-07
    outer loop
      vertex 4.075 0 10.75
      vertex 4.05949 -0.355159 0
      vertex 4.07024 -0.108944 10.7548
    endloop
  endfacet
  facet normal -0.999048 0.0436153 9.61132e-08
    outer loop
      vertex 4.07024 -0.108944 10.7548
      vertex 4.05949 -0.355159 0
      vertex 4.06552 -0.21706 10.769
    endloop
  endfacet
  facet normal -0.999048 0.0436351 -1.58515e-07
    outer loop
      vertex 4.06552 -0.21706 10.769
      vertex 4.05949 -0.355159 0
      vertex 4.06087 -0.323524 10.7926
    endloop
  endfacet
  facet normal -0.99905 0.0435811 0
    outer loop
      vertex 4.06087 -0.323524 10.7926
      vertex 4.05949 -0.355159 0
      vertex 4.05949 -0.355159 10.8026
    endloop
  endfacet
  facet normal -0.999047 0.0436505 0
    outer loop
      vertex 4.07024 -0.108944 13.2452
      vertex 4.075 0 18
      vertex 4.075 0 13.25
    endloop
  endfacet
  facet normal -0.999048 0.0436153 -2.16578e-07
    outer loop
      vertex 4.05949 -0.355159 18
      vertex 4.07024 -0.108944 13.2452
      vertex 4.06552 -0.21706 13.231
    endloop
  endfacet
  facet normal -0.999048 0.0436351 3.56676e-07
    outer loop
      vertex 4.05949 -0.355159 18
      vertex 4.06552 -0.21706 13.231
      vertex 4.06087 -0.323524 13.2074
    endloop
  endfacet
  facet normal -0.99905 0.0435811 0
    outer loop
      vertex 4.05949 -0.355159 18
      vertex 4.06087 -0.323524 13.2074
      vertex 4.05949 -0.355159 13.1974
    endloop
  endfacet
  facet normal -0.999048 0.043629 4.94226e-07
    outer loop
      vertex 4.07024 -0.108944 13.2452
      vertex 4.05949 -0.355159 18
      vertex 4.075 0 18
    endloop
  endfacet
  facet normal -0.923874 0.382697 0
    outer loop
      vertex 3.6932 -1.72217 0
      vertex 3.82925 -1.39373 18
      vertex 3.82925 -1.39373 0
    endloop
  endfacet
  facet normal -0.923874 0.382697 0
    outer loop
      vertex 3.82925 -1.39373 18
      vertex 3.6932 -1.72217 0
      vertex 3.6932 -1.72217 18
    endloop
  endfacet
  facet normal 0.461748 0.887011 -0
    outer loop
      vertex -1.72217 -3.6932 0
      vertex -2.0375 -3.52905 18
      vertex -1.72217 -3.6932 18
    endloop
  endfacet
  facet normal 0.461748 0.887011 0
    outer loop
      vertex -2.0375 -3.52905 18
      vertex -1.72217 -3.6932 0
      vertex -2.0375 -3.52905 0
    endloop
  endfacet
  facet normal -0.043629 -0.999048 0
    outer loop
      vertex 0 4.075 0
      vertex 0.355159 4.05949 18
      vertex 0 4.075 18
    endloop
  endfacet
  facet normal -0.043629 -0.999048 -0
    outer loop
      vertex 0.355159 4.05949 18
      vertex 0 4.075 0
      vertex 0.355159 4.05949 0
    endloop
  endfacet
  facet normal -0.608749 -0.793363 0
    outer loop
      vertex 2.33732 3.33804 0
      vertex 2.61936 3.12163 18
      vertex 2.33732 3.33804 18
    endloop
  endfacet
  facet normal -0.608749 -0.793363 -0
    outer loop
      vertex 2.61936 3.12163 18
      vertex 2.33732 3.33804 0
      vertex 2.61936 3.12163 0
    endloop
  endfacet
  facet normal -0.537307 -0.843387 0
    outer loop
      vertex 2.0375 3.52905 0
      vertex 2.33732 3.33804 18
      vertex 2.0375 3.52905 18
    endloop
  endfacet
  facet normal -0.537307 -0.843387 -0
    outer loop
      vertex 2.33732 3.33804 18
      vertex 2.0375 3.52905 0
      vertex 2.33732 3.33804 0
    endloop
  endfacet
  facet normal -0.043629 0.999048 0
    outer loop
      vertex 0.355159 -4.05949 0
      vertex 0 -4.075 18
      vertex 0.355159 -4.05949 18
    endloop
  endfacet
  facet normal -0.043629 0.999048 0
    outer loop
      vertex 0 -4.075 18
      vertex 0.355159 -4.05949 0
      vertex 0 -4.075 0
    endloop
  endfacet
  facet normal -0.953713 -0.300719 0
    outer loop
      vertex 3.82925 1.39373 0
      vertex 3.87457 1.25 12
      vertex 3.82925 1.39373 18
    endloop
  endfacet
  facet normal -0.953753 -0.300591 1.68019e-06
    outer loop
      vertex 3.82925 1.39373 0
      vertex 3.87607 1.24524 11.8911
      vertex 3.87457 1.25 12
    endloop
  endfacet
  facet normal -0.953834 -0.300333 5.21714e-06
    outer loop
      vertex 3.82925 1.39373 0
      vertex 3.88055 1.23101 11.7829
      vertex 3.87607 1.24524 11.8911
    endloop
  endfacet
  facet normal -0.95362 -0.301014 -5.1137e-06
    outer loop
      vertex 3.82925 1.39373 0
      vertex 3.888 1.20741 11.6765
      vertex 3.88055 1.23101 11.7829
    endloop
  endfacet
  facet normal -0.95381 -0.300409 5.48629e-06
    outer loop
      vertex 3.82925 1.39373 0
      vertex 3.89833 1.17461 11.5725
      vertex 3.888 1.20741 11.6765
    endloop
  endfacet
  facet normal -0.953701 -0.300756 -1.72004e-06
    outer loop
      vertex 3.82925 1.39373 0
      vertex 3.91149 1.13288 11.4717
      vertex 3.89833 1.17461 11.5725
    endloop
  endfacet
  facet normal -0.953693 -0.300783 -2.39521e-06
    outer loop
      vertex 3.82925 1.39373 0
      vertex 3.92737 1.08253 11.375
      vertex 3.91149 1.13288 11.4717
    endloop
  endfacet
  facet normal -0.953716 -0.300709 -0
    outer loop
      vertex 3.93615 1.05469 11.3313
      vertex 3.82925 1.39373 0
      vertex 3.93615 1.05469 0
    endloop
  endfacet
  facet normal -0.953697 -0.300768 -1.94967e-06
    outer loop
      vertex 3.82925 1.39373 0
      vertex 3.93615 1.05469 11.3313
      vertex 3.92737 1.08253 11.375
    endloop
  endfacet
  facet normal -0.953746 -0.300613 -2.76553e-06
    outer loop
      vertex 3.87607 1.24524 12.1089
      vertex 3.82925 1.39373 18
      vertex 3.87457 1.25 12
    endloop
  endfacet
  facet normal -0.953825 -0.300364 -9.67603e-06
    outer loop
      vertex 3.88055 1.23101 12.2171
      vertex 3.82925 1.39373 18
      vertex 3.87607 1.24524 12.1089
    endloop
  endfacet
  facet normal -0.953626 -0.300994 9.82213e-06
    outer loop
      vertex 3.888 1.20741 12.3235
      vertex 3.82925 1.39373 18
      vertex 3.88055 1.23101 12.2171
    endloop
  endfacet
  facet normal -0.953806 -0.300425 -1.07386e-05
    outer loop
      vertex 3.89833 1.17461 12.4275
      vertex 3.82925 1.39373 18
      vertex 3.888 1.20741 12.3235
    endloop
  endfacet
  facet normal -0.953702 -0.300752 3.41138e-06
    outer loop
      vertex 3.91149 1.13288 12.5283
      vertex 3.82925 1.39373 18
      vertex 3.89833 1.17461 12.4275
    endloop
  endfacet
  facet normal -0.953694 -0.300778 4.80138e-06
    outer loop
      vertex 3.92737 1.08253 12.625
      vertex 3.82925 1.39373 18
      vertex 3.91149 1.13288 12.5283
    endloop
  endfacet
  facet normal -0.953698 -0.300765 3.94474e-06
    outer loop
      vertex 3.93615 1.05469 12.6687
      vertex 3.82925 1.39373 18
      vertex 3.92737 1.08253 12.625
    endloop
  endfacet
  facet normal -0.953716 -0.300709 0
    outer loop
      vertex 3.82925 1.39373 18
      vertex 3.93615 1.05469 12.6687
      vertex 3.93615 1.05469 18
    endloop
  endfacet
  facet normal 0.382697 0.923874 -0
    outer loop
      vertex -1.39373 -3.82925 0
      vertex -1.72217 -3.6932 18
      vertex -1.39373 -3.82925 18
    endloop
  endfacet
  facet normal 0.382697 0.923874 0
    outer loop
      vertex -1.72217 -3.6932 18
      vertex -1.39373 -3.82925 0
      vertex -1.72217 -3.6932 0
    endloop
  endfacet
  facet normal 0.043629 -0.999048 0
    outer loop
      vertex -0.355159 4.05949 0
      vertex 0 4.075 18
      vertex -0.355159 4.05949 18
    endloop
  endfacet
  facet normal 0.043629 -0.999048 0
    outer loop
      vertex 0 4.075 18
      vertex -0.355159 4.05949 0
      vertex 0 4.075 0
    endloop
  endfacet
  facet normal 0.216428 0.976299 -0
    outer loop
      vertex -0.707616 -4.01309 0
      vertex -1.05469 -3.93615 18
      vertex -0.707616 -4.01309 18
    endloop
  endfacet
  facet normal 0.216428 0.976299 0
    outer loop
      vertex -1.05469 -3.93615 18
      vertex -0.707616 -4.01309 0
      vertex -1.05469 -3.93615 0
    endloop
  endfacet
  facet normal -0.843387 0.537307 0
    outer loop
      vertex 3.33804 -2.33732 0
      vertex 3.52905 -2.0375 18
      vertex 3.52905 -2.0375 0
    endloop
  endfacet
  facet normal -0.843387 0.537307 0
    outer loop
      vertex 3.52905 -2.0375 18
      vertex 3.33804 -2.33732 0
      vertex 3.33804 -2.33732 18
    endloop
  endfacet
  facet normal -0.923874 -0.382697 0
    outer loop
      vertex 3.82925 1.39373 0
      vertex 3.6932 1.72217 18
      vertex 3.6932 1.72217 0
    endloop
  endfacet
  facet normal -0.923874 -0.382697 0
    outer loop
      vertex 3.6932 1.72217 18
      vertex 3.82925 1.39373 0
      vertex 3.82925 1.39373 18
    endloop
  endfacet
  facet normal -0.737278 0.67559 0
    outer loop
      vertex 2.88146 -2.88146 0
      vertex 3.12163 -2.61936 18
      vertex 3.12163 -2.61936 0
    endloop
  endfacet
  facet normal -0.737278 0.67559 0
    outer loop
      vertex 3.12163 -2.61936 18
      vertex 2.88146 -2.88146 0
      vertex 2.88146 -2.88146 18
    endloop
  endfacet
  facet normal 0.67559 -0.737278 0
    outer loop
      vertex -2.88146 2.88146 0
      vertex -2.61936 3.12163 18
      vertex -2.88146 2.88146 18
    endloop
  endfacet
  facet normal 0.67559 -0.737278 0
    outer loop
      vertex -2.61936 3.12163 18
      vertex -2.88146 2.88146 0
      vertex -2.61936 3.12163 0
    endloop
  endfacet
  facet normal -0.130521 0.991446 0
    outer loop
      vertex 0.707616 -4.01309 0
      vertex 0.355159 -4.05949 18
      vertex 0.707616 -4.01309 18
    endloop
  endfacet
  facet normal -0.130521 0.991446 0
    outer loop
      vertex 0.355159 -4.05949 18
      vertex 0.707616 -4.01309 0
      vertex 0.355159 -4.05949 0
    endloop
  endfacet
  facet normal 0.923874 -0.382697 0
    outer loop
      vertex -3.82925 1.39373 18
      vertex -3.6932 1.72217 0
      vertex -3.6932 1.72217 18
    endloop
  endfacet
  facet normal 0.923874 -0.382697 0
    outer loop
      vertex -3.6932 1.72217 0
      vertex -3.82925 1.39373 18
      vertex -3.82925 1.39373 0
    endloop
  endfacet
  facet normal 0.843387 0.537307 0
    outer loop
      vertex -3.33804 -2.33732 18
      vertex -3.52905 -2.0375 0
      vertex -3.52905 -2.0375 18
    endloop
  endfacet
  facet normal 0.843387 0.537307 0
    outer loop
      vertex -3.52905 -2.0375 0
      vertex -3.33804 -2.33732 18
      vertex -3.33804 -2.33732 0
    endloop
  endfacet
  facet normal 0.737278 0.67559 0
    outer loop
      vertex -2.88146 -2.88146 18
      vertex -3.12163 -2.61936 0
      vertex -3.12163 -2.61936 18
    endloop
  endfacet
  facet normal 0.737278 0.67559 0
    outer loop
      vertex -3.12163 -2.61936 0
      vertex -2.88146 -2.88146 18
      vertex -2.88146 -2.88146 0
    endloop
  endfacet
  facet normal -0.300709 -0.953716 0
    outer loop
      vertex 1.05469 3.93615 0
      vertex 1.39373 3.82925 18
      vertex 1.05469 3.93615 18
    endloop
  endfacet
  facet normal -0.300709 -0.953716 -0
    outer loop
      vertex 1.39373 3.82925 18
      vertex 1.05469 3.93615 0
      vertex 1.39373 3.82925 0
    endloop
  endfacet
  facet normal -0.537307 0.843387 0
    outer loop
      vertex 2.33732 -3.33804 0
      vertex 2.0375 -3.52905 18
      vertex 2.33732 -3.33804 18
    endloop
  endfacet
  facet normal -0.537307 0.843387 0
    outer loop
      vertex 2.0375 -3.52905 18
      vertex 2.33732 -3.33804 0
      vertex 2.0375 -3.52905 0
    endloop
  endfacet
  facet normal 0.537307 -0.843387 0
    outer loop
      vertex -2.33732 3.33804 0
      vertex -2.0375 3.52905 18
      vertex -2.33732 3.33804 18
    endloop
  endfacet
  facet normal 0.537307 -0.843387 0
    outer loop
      vertex -2.0375 3.52905 18
      vertex -2.33732 3.33804 0
      vertex -2.0375 3.52905 0
    endloop
  endfacet
  facet normal 0.793363 0.608749 0
    outer loop
      vertex -3.12163 -2.61936 18
      vertex -3.33804 -2.33732 0
      vertex -3.33804 -2.33732 18
    endloop
  endfacet
  facet normal 0.793363 0.608749 0
    outer loop
      vertex -3.33804 -2.33732 0
      vertex -3.12163 -2.61936 18
      vertex -3.12163 -2.61936 0
    endloop
  endfacet
  facet normal -0.382697 0.923874 0
    outer loop
      vertex 1.72217 -3.6932 0
      vertex 1.39373 -3.82925 18
      vertex 1.72217 -3.6932 18
    endloop
  endfacet
  facet normal -0.382697 0.923874 0
    outer loop
      vertex 1.39373 -3.82925 18
      vertex 1.72217 -3.6932 0
      vertex 1.39373 -3.82925 0
    endloop
  endfacet
  facet normal 0.300709 0.953716 -0
    outer loop
      vertex -1.05469 -3.93615 0
      vertex -1.39373 -3.82925 18
      vertex -1.05469 -3.93615 18
    endloop
  endfacet
  facet normal 0.300709 0.953716 0
    outer loop
      vertex -1.39373 -3.82925 18
      vertex -1.05469 -3.93615 0
      vertex -1.39373 -3.82925 0
    endloop
  endfacet
  facet normal 0.999048 0.043629 0
    outer loop
      vertex -4.05949 -0.355159 18
      vertex -4.075 0 0
      vertex -4.075 0 18
    endloop
  endfacet
  facet normal 0.999048 0.043629 0
    outer loop
      vertex -4.075 0 0
      vertex -4.05949 -0.355159 18
      vertex -4.05949 -0.355159 0
    endloop
  endfacet
  facet normal -0.608749 0.793363 0
    outer loop
      vertex 2.61936 -3.12163 0
      vertex 2.33732 -3.33804 18
      vertex 2.61936 -3.12163 18
    endloop
  endfacet
  facet normal -0.608749 0.793363 0
    outer loop
      vertex 2.33732 -3.33804 18
      vertex 2.61936 -3.12163 0
      vertex 2.33732 -3.33804 0
    endloop
  endfacet
  facet normal -0.216428 0.976299 0
    outer loop
      vertex 1.05469 -3.93615 0
      vertex 0.707616 -4.01309 18
      vertex 1.05469 -3.93615 18
    endloop
  endfacet
  facet normal -0.216428 0.976299 0
    outer loop
      vertex 0.707616 -4.01309 18
      vertex 1.05469 -3.93615 0
      vertex 0.707616 -4.01309 0
    endloop
  endfacet
  facet normal 0.953716 -0.300709 0
    outer loop
      vertex -3.93615 1.05469 18
      vertex -3.82925 1.39373 0
      vertex -3.82925 1.39373 18
    endloop
  endfacet
  facet normal 0.953716 -0.300709 0
    outer loop
      vertex -3.82925 1.39373 0
      vertex -3.93615 1.05469 18
      vertex -3.93615 1.05469 0
    endloop
  endfacet
  facet normal -0.737278 -0.67559 0
    outer loop
      vertex 3.12163 2.61936 0
      vertex 2.88146 2.88146 18
      vertex 2.88146 2.88146 0
    endloop
  endfacet
  facet normal -0.737278 -0.67559 0
    outer loop
      vertex 2.88146 2.88146 18
      vertex 3.12163 2.61936 0
      vertex 3.12163 2.61936 18
    endloop
  endfacet
  facet normal -0.67559 -0.737278 0
    outer loop
      vertex 2.61936 3.12163 0
      vertex 2.88146 2.88146 18
      vertex 2.61936 3.12163 18
    endloop
  endfacet
  facet normal -0.67559 -0.737278 -0
    outer loop
      vertex 2.88146 2.88146 18
      vertex 2.61936 3.12163 0
      vertex 2.88146 2.88146 0
    endloop
  endfacet
  facet normal 0.216428 -0.976299 0
    outer loop
      vertex -1.05469 3.93615 0
      vertex -0.707616 4.01309 18
      vertex -1.05469 3.93615 18
    endloop
  endfacet
  facet normal 0.216428 -0.976299 0
    outer loop
      vertex -0.707616 4.01309 18
      vertex -1.05469 3.93615 0
      vertex -0.707616 4.01309 0
    endloop
  endfacet
  facet normal -0.216428 -0.976299 0
    outer loop
      vertex 0.707616 4.01309 0
      vertex 1.05469 3.93615 18
      vertex 0.707616 4.01309 18
    endloop
  endfacet
  facet normal -0.216428 -0.976299 -0
    outer loop
      vertex 1.05469 3.93615 18
      vertex 0.707616 4.01309 0
      vertex 1.05469 3.93615 0
    endloop
  endfacet
  facet normal -0.843387 -0.537307 0
    outer loop
      vertex 3.52905 2.0375 0
      vertex 3.33804 2.33732 18
      vertex 3.33804 2.33732 0
    endloop
  endfacet
  facet normal -0.843387 -0.537307 0
    outer loop
      vertex 3.33804 2.33732 18
      vertex 3.52905 2.0375 0
      vertex 3.52905 2.0375 18
    endloop
  endfacet
  facet normal 0.991446 -0.130521 0
    outer loop
      vertex -4.05949 0.355159 18
      vertex -4.01309 0.707616 0
      vertex -4.01309 0.707616 18
    endloop
  endfacet
  facet normal 0.991446 -0.130521 0
    outer loop
      vertex -4.01309 0.707616 0
      vertex -4.05949 0.355159 18
      vertex -4.05949 0.355159 0
    endloop
  endfacet
  facet normal 0.043629 0.999048 -0
    outer loop
      vertex 0 -4.075 0
      vertex -0.355159 -4.05949 18
      vertex 0 -4.075 18
    endloop
  endfacet
  facet normal 0.043629 0.999048 0
    outer loop
      vertex -0.355159 -4.05949 18
      vertex 0 -4.075 0
      vertex -0.355159 -4.05949 0
    endloop
  endfacet
  facet normal 0.999048 -0.043629 0
    outer loop
      vertex -4.075 0 18
      vertex -4.05949 0.355159 0
      vertex -4.05949 0.355159 18
    endloop
  endfacet
  facet normal 0.999048 -0.043629 0
    outer loop
      vertex -4.05949 0.355159 0
      vertex -4.075 0 18
      vertex -4.075 0 0
    endloop
  endfacet
  facet normal 0.976299 -0.216428 0
    outer loop
      vertex -4.01309 0.707616 18
      vertex -3.93615 1.05469 0
      vertex -3.93615 1.05469 18
    endloop
  endfacet
  facet normal 0.976299 -0.216428 0
    outer loop
      vertex -3.93615 1.05469 0
      vertex -4.01309 0.707616 18
      vertex -4.01309 0.707616 0
    endloop
  endfacet
  facet normal -0.887011 0.461748 0
    outer loop
      vertex 3.52905 -2.0375 0
      vertex 3.6932 -1.72217 18
      vertex 3.6932 -1.72217 0
    endloop
  endfacet
  facet normal -0.887011 0.461748 0
    outer loop
      vertex 3.6932 -1.72217 18
      vertex 3.52905 -2.0375 0
      vertex 3.52905 -2.0375 18
    endloop
  endfacet
  facet normal -0.67559 0.737278 0
    outer loop
      vertex 2.88146 -2.88146 0
      vertex 2.61936 -3.12163 18
      vertex 2.88146 -2.88146 18
    endloop
  endfacet
  facet normal -0.67559 0.737278 0
    outer loop
      vertex 2.61936 -3.12163 18
      vertex 2.88146 -2.88146 0
      vertex 2.61936 -3.12163 0
    endloop
  endfacet
  facet normal 0.737278 -0.67559 0
    outer loop
      vertex -3.12163 2.61936 18
      vertex -2.88146 2.88146 0
      vertex -2.88146 2.88146 18
    endloop
  endfacet
  facet normal 0.737278 -0.67559 0
    outer loop
      vertex -2.88146 2.88146 0
      vertex -3.12163 2.61936 18
      vertex -3.12163 2.61936 0
    endloop
  endfacet
  facet normal 0 -0.300778 0.953694
    outer loop
      vertex 6.98133 0.427525 10.8254
      vertex 4.06087 0.323524 10.7926
      vertex 6.98587 0.323524 10.7926
    endloop
  endfacet
  facet normal 2.45453e-05 -0.301404 0.953496
    outer loop
      vertex 6.98133 0.427525 10.8254
      vertex 4.05949 0.355159 10.8026
      vertex 4.06087 0.323524 10.7926
    endloop
  endfacet
  facet normal 0 -0.300503 0.953781
    outer loop
      vertex 4.05949 0.355159 10.8026
      vertex 6.98133 0.427525 10.8254
      vertex 4.04997 0.427525 10.8254
    endloop
  endfacet
  facet normal 0 -0.130222 -0.991485
    outer loop
      vertex 4.07024 0.108944 13.2452
      vertex 6.99052 0.21706 13.231
      vertex 6.99524 0.108944 13.2452
    endloop
  endfacet
  facet normal -0 -0.130222 -0.991485
    outer loop
      vertex 6.99052 0.21706 13.231
      vertex 4.07024 0.108944 13.2452
      vertex 4.06552 0.21706 13.231
    endloop
  endfacet
  facet normal 0.0244809 0.460849 -0.887141
    outer loop
      vertex 6.9714 -0.625 13.0825
      vertex 6.97693 -0.528273 13.1329
      vertex 6.97336 -0.610089 13.0903
    endloop
  endfacet
  facet normal 0 0.462088 -0.886834
    outer loop
      vertex 6.9714 -0.625 13.0825
      vertex 4.0367 -0.528273 13.1329
      vertex 6.97693 -0.528273 13.1329
    endloop
  endfacet
  facet normal 0 0.462088 -0.886834
    outer loop
      vertex 4.0367 -0.528273 13.1329
      vertex 6.9714 -0.625 13.0825
      vertex 4.02397 -0.625 13.0825
    endloop
  endfacet
  facet normal 0 -0.0440166 0.999031
    outer loop
      vertex 6.99524 0.108944 10.7548
      vertex 4.075 0 10.75
      vertex 7 0 10.75
    endloop
  endfacet
  facet normal 0 -0.0440166 0.999031
    outer loop
      vertex 4.075 0 10.75
      vertex 6.99524 0.108944 10.7548
      vertex 4.07024 0.108944 10.7548
    endloop
  endfacet
  facet normal 0 0.843391 0.5373
    outer loop
      vertex 6.91116 -1.08253 11.375
      vertex 3.93615 -1.05469 11.3313
      vertex 3.92737 -1.08253 11.375
    endloop
  endfacet
  facet normal -0 0.843476 0.537166
    outer loop
      vertex 3.94296 -1.02394 11.283
      vertex 6.91116 -1.08253 11.375
      vertex 6.91888 -1.02394 11.283
    endloop
  endfacet
  facet normal 5.25498e-06 0.843553 0.537046
    outer loop
      vertex 6.91116 -1.08253 11.375
      vertex 3.94296 -1.02394 11.283
      vertex 3.93615 -1.05469 11.3313
    endloop
  endfacet
  facet normal -0 0.537356 0.843356
    outer loop
      vertex 4.02397 -0.625 10.9175
      vertex 6.95929 -0.71697 10.9761
      vertex 6.9714 -0.625 10.9175
    endloop
  endfacet
  facet normal -1.27329e-05 0.537067 0.84354
    outer loop
      vertex 4.01309 -0.707616 10.9701
      vertex 6.95929 -0.71697 10.9761
      vertex 4.02397 -0.625 10.9175
    endloop
  endfacet
  facet normal 0 0.539911 0.841722
    outer loop
      vertex 6.95929 -0.71697 10.9761
      vertex 4.01309 -0.707616 10.9701
      vertex 4.01102 -0.71697 10.9761
    endloop
  endfacet
  facet normal 0 -0.300778 -0.953694
    outer loop
      vertex 4.06087 0.323524 13.2074
      vertex 6.98133 0.427525 13.1746
      vertex 6.98587 0.323524 13.2074
    endloop
  endfacet
  facet normal 2.45453e-05 -0.301404 -0.953496
    outer loop
      vertex 4.05949 0.355159 13.1974
      vertex 6.98133 0.427525 13.1746
      vertex 4.06087 0.323524 13.2074
    endloop
  endfacet
  facet normal -0 -0.300503 -0.953781
    outer loop
      vertex 6.98133 0.427525 13.1746
      vertex 4.05949 0.355159 13.1974
      vertex 4.04997 0.427525 13.1746
    endloop
  endfacet
  facet normal 0 -0.130222 0.991485
    outer loop
      vertex 6.99052 0.21706 10.769
      vertex 4.07024 0.108944 10.7548
      vertex 6.99524 0.108944 10.7548
    endloop
  endfacet
  facet normal 0 -0.130222 0.991485
    outer loop
      vertex 4.07024 0.108944 10.7548
      vertex 6.99052 0.21706 10.769
      vertex 4.06552 0.21706 10.769
    endloop
  endfacet
  facet normal 0 -0.923953 0.382506
    outer loop
      vertex 3.91149 1.13288 11.4717
      vertex 6.89904 1.17461 11.5725
      vertex 3.89833 1.17461 11.5725
    endloop
  endfacet
  facet normal 0 -0.923953 0.382506
    outer loop
      vertex 6.89904 1.17461 11.5725
      vertex 3.91149 1.13288 11.4717
      vertex 6.90454 1.13288 11.4717
    endloop
  endfacet
  facet normal -0 0.991462 0.130393
    outer loop
      vertex 3.88055 -1.23101 11.7829
      vertex 6.88707 -1.24524 11.8911
      vertex 6.89022 -1.23101 11.7829
    endloop
  endfacet
  facet normal 0 0.991462 0.130393
    outer loop
      vertex 6.88707 -1.24524 11.8911
      vertex 3.88055 -1.23101 11.7829
      vertex 3.87607 -1.24524 11.8911
    endloop
  endfacet
  facet normal 0 0.382439 -0.923981
    outer loop
      vertex 6.97693 -0.528273 13.1329
      vertex 4.04997 -0.427525 13.1746
      vertex 6.98133 -0.427525 13.1746
    endloop
  endfacet
  facet normal 0 0.382439 -0.923981
    outer loop
      vertex 4.04997 -0.427525 13.1746
      vertex 6.97693 -0.528273 13.1329
      vertex 4.0367 -0.528273 13.1329
    endloop
  endfacet
  facet normal 0 -0.675729 -0.73715
    outer loop
      vertex 3.99184 0.803484 12.9576
      vertex 6.93732 0.883883 12.8839
      vertex 6.9479 0.803484 12.9576
    endloop
  endfacet
  facet normal -0 -0.675729 -0.73715
    outer loop
      vertex 6.93732 0.883883 12.8839
      vertex 3.99184 0.803484 12.9576
      vertex 3.97401 0.883883 12.8839
    endloop
  endfacet
  facet normal -0 -0.737282 -0.675585
    outer loop
      vertex 6.92762 0.957555 12.8035
      vertex 3.97401 0.883883 12.8839
      vertex 3.95768 0.957555 12.8035
    endloop
  endfacet
  facet normal 0 -0.737282 -0.675585
    outer loop
      vertex 3.97401 0.883883 12.8839
      vertex 6.92762 0.957555 12.8035
      vertex 6.93732 0.883883 12.8839
    endloop
  endfacet
  facet normal 0 0.537356 -0.843356
    outer loop
      vertex 6.95929 -0.71697 13.0239
      vertex 4.02397 -0.625 13.0825
      vertex 6.9714 -0.625 13.0825
    endloop
  endfacet
  facet normal -1.27329e-05 0.537067 -0.84354
    outer loop
      vertex 6.95929 -0.71697 13.0239
      vertex 4.01309 -0.707616 13.0299
      vertex 4.02397 -0.625 13.0825
    endloop
  endfacet
  facet normal 0 0.539911 -0.841722
    outer loop
      vertex 4.01309 -0.707616 13.0299
      vertex 6.95929 -0.71697 13.0239
      vertex 4.01102 -0.71697 13.0239
    endloop
  endfacet
  facet normal -0 0.793304 0.608826
    outer loop
      vertex 3.95768 -0.957555 11.1965
      vertex 6.91888 -1.02394 11.283
      vertex 6.92762 -0.957555 11.1965
    endloop
  endfacet
  facet normal 0 0.793304 0.608826
    outer loop
      vertex 6.91888 -1.02394 11.283
      vertex 3.95768 -0.957555 11.1965
      vertex 3.94296 -1.02394 11.283
    endloop
  endfacet
  facet normal -0 -0.953693 -0.30078
    outer loop
      vertex 6.89472 1.20741 12.3235
      vertex 3.89833 1.17461 12.4275
      vertex 3.888 1.20741 12.3235
    endloop
  endfacet
  facet normal 0 -0.953693 -0.30078
    outer loop
      vertex 3.89833 1.17461 12.4275
      vertex 6.89472 1.20741 12.3235
      vertex 6.89904 1.17461 12.4275
    endloop
  endfacet
  facet normal 0 0.923953 -0.382506
    outer loop
      vertex 6.89904 -1.17461 12.4275
      vertex 3.91149 -1.13288 12.5283
      vertex 6.90454 -1.13288 12.5283
    endloop
  endfacet
  facet normal 0 0.923953 -0.382506
    outer loop
      vertex 3.91149 -1.13288 12.5283
      vertex 6.89904 -1.17461 12.4275
      vertex 3.89833 -1.17461 12.4275
    endloop
  endfacet
  facet normal -0 0.216418 0.976301
    outer loop
      vertex 4.06552 -0.21706 10.769
      vertex 6.98587 -0.323524 10.7926
      vertex 6.99052 -0.21706 10.769
    endloop
  endfacet
  facet normal 0 0.216418 0.976301
    outer loop
      vertex 6.98587 -0.323524 10.7926
      vertex 4.06552 -0.21706 10.769
      vertex 4.06087 -0.323524 10.7926
    endloop
  endfacet
  facet normal 0.0244809 0.460849 0.887141
    outer loop
      vertex 6.97693 -0.528273 10.8671
      vertex 6.9714 -0.625 10.9175
      vertex 6.97336 -0.610089 10.9097
    endloop
  endfacet
  facet normal -0 0.462088 0.886834
    outer loop
      vertex 4.0367 -0.528273 10.8671
      vertex 6.9714 -0.625 10.9175
      vertex 6.97693 -0.528273 10.8671
    endloop
  endfacet
  facet normal 0 0.462088 0.886834
    outer loop
      vertex 6.9714 -0.625 10.9175
      vertex 4.0367 -0.528273 10.8671
      vertex 4.02397 -0.625 10.9175
    endloop
  endfacet
  facet normal 0 0.130222 -0.991485
    outer loop
      vertex 6.99052 -0.21706 13.231
      vertex 4.07024 -0.108944 13.2452
      vertex 6.99524 -0.108944 13.2452
    endloop
  endfacet
  facet normal 0 0.130222 -0.991485
    outer loop
      vertex 4.07024 -0.108944 13.2452
      vertex 6.99052 -0.21706 13.231
      vertex 4.06552 -0.21706 13.231
    endloop
  endfacet
  facet normal 0 0.843476 -0.537166
    outer loop
      vertex 6.91116 -1.08253 12.625
      vertex 3.94296 -1.02394 12.717
      vertex 6.91888 -1.02394 12.717
    endloop
  endfacet
  facet normal 5.25498e-06 0.843553 -0.537046
    outer loop
      vertex 3.94296 -1.02394 12.717
      vertex 6.91116 -1.08253 12.625
      vertex 3.93615 -1.05469 12.6687
    endloop
  endfacet
  facet normal 0 0.843391 -0.5373
    outer loop
      vertex 3.93615 -1.05469 12.6687
      vertex 6.91116 -1.08253 12.625
      vertex 3.92737 -1.08253 12.625
    endloop
  endfacet
  facet normal 0 0.608273 -0.793728
    outer loop
      vertex 6.9479 -0.803484 12.9576
      vertex 4.01102 -0.71697 13.0239
      vertex 6.95929 -0.71697 13.0239
    endloop
  endfacet
  facet normal 0 0.608273 -0.793728
    outer loop
      vertex 4.01102 -0.71697 13.0239
      vertex 6.9479 -0.803484 12.9576
      vertex 3.99184 -0.803484 12.9576
    endloop
  endfacet
  facet normal 0 -0.216418 0.976301
    outer loop
      vertex 6.98587 0.323524 10.7926
      vertex 4.06552 0.21706 10.769
      vertex 6.99052 0.21706 10.769
    endloop
  endfacet
  facet normal 0 -0.216418 0.976301
    outer loop
      vertex 4.06552 0.21706 10.769
      vertex 6.98587 0.323524 10.7926
      vertex 4.06087 0.323524 10.7926
    endloop
  endfacet
  facet normal 0.0244809 -0.460849 0.887141
    outer loop
      vertex 6.9714 0.625 10.9175
      vertex 6.97693 0.528273 10.8671
      vertex 6.97336 0.610089 10.9097
    endloop
  endfacet
  facet normal 0 -0.462088 0.886834
    outer loop
      vertex 6.9714 0.625 10.9175
      vertex 4.0367 0.528273 10.8671
      vertex 6.97693 0.528273 10.8671
    endloop
  endfacet
  facet normal 0 -0.462088 0.886834
    outer loop
      vertex 4.0367 0.528273 10.8671
      vertex 6.9714 0.625 10.9175
      vertex 4.02397 0.625 10.9175
    endloop
  endfacet
  facet normal 0 0.737282 -0.675585
    outer loop
      vertex 6.92762 -0.957555 12.8035
      vertex 3.97401 -0.883883 12.8839
      vertex 6.93732 -0.883883 12.8839
    endloop
  endfacet
  facet normal 0 0.737282 -0.675585
    outer loop
      vertex 3.97401 -0.883883 12.8839
      vertex 6.92762 -0.957555 12.8035
      vertex 3.95768 -0.957555 12.8035
    endloop
  endfacet
  facet normal -0 0.608273 0.793728
    outer loop
      vertex 4.01102 -0.71697 10.9761
      vertex 6.9479 -0.803484 11.0424
      vertex 6.95929 -0.71697 10.9761
    endloop
  endfacet
  facet normal 0 0.608273 0.793728
    outer loop
      vertex 6.9479 -0.803484 11.0424
      vertex 4.01102 -0.71697 10.9761
      vertex 3.99184 -0.803484 11.0424
    endloop
  endfacet
  facet normal 0 -0.382439 0.923981
    outer loop
      vertex 6.97693 0.528273 10.8671
      vertex 4.04997 0.427525 10.8254
      vertex 6.98133 0.427525 10.8254
    endloop
  endfacet
  facet normal 0 -0.382439 0.923981
    outer loop
      vertex 4.04997 0.427525 10.8254
      vertex 6.97693 0.528273 10.8671
      vertex 4.0367 0.528273 10.8671
    endloop
  endfacet
  facet normal 0 0.886969 -0.461829
    outer loop
      vertex 6.90454 -1.13288 12.5283
      vertex 3.92737 -1.08253 12.625
      vertex 6.91116 -1.08253 12.625
    endloop
  endfacet
  facet normal 0 0.886969 -0.461829
    outer loop
      vertex 3.92737 -1.08253 12.625
      vertex 6.90454 -1.13288 12.5283
      vertex 3.91149 -1.13288 12.5283
    endloop
  endfacet
  facet normal 0 -0.675729 0.73715
    outer loop
      vertex 6.93732 0.883883 11.1161
      vertex 3.99184 0.803484 11.0424
      vertex 6.9479 0.803484 11.0424
    endloop
  endfacet
  facet normal 0 -0.675729 0.73715
    outer loop
      vertex 3.99184 0.803484 11.0424
      vertex 6.93732 0.883883 11.1161
      vertex 3.97401 0.883883 11.1161
    endloop
  endfacet
  facet normal 0 -0.886969 0.461829
    outer loop
      vertex 3.92737 1.08253 11.375
      vertex 6.90454 1.13288 11.4717
      vertex 3.91149 1.13288 11.4717
    endloop
  endfacet
  facet normal 0 -0.886969 0.461829
    outer loop
      vertex 6.90454 1.13288 11.4717
      vertex 3.92737 1.08253 11.375
      vertex 6.91116 1.08253 11.375
    endloop
  endfacet
  facet normal -0 0.300778 0.953694
    outer loop
      vertex 4.06087 -0.323524 10.7926
      vertex 6.98133 -0.427525 10.8254
      vertex 6.98587 -0.323524 10.7926
    endloop
  endfacet
  facet normal 2.45453e-05 0.301404 0.953496
    outer loop
      vertex 4.05949 -0.355159 10.8026
      vertex 6.98133 -0.427525 10.8254
      vertex 4.06087 -0.323524 10.7926
    endloop
  endfacet
  facet normal 0 0.300503 0.953781
    outer loop
      vertex 6.98133 -0.427525 10.8254
      vertex 4.05949 -0.355159 10.8026
      vertex 4.04997 -0.427525 10.8254
    endloop
  endfacet
  facet normal 0 -0.999046 0.0436681
    outer loop
      vertex 3.87607 1.24524 11.8911
      vertex 6.88601 1.25 12
      vertex 3.87457 1.25 12
    endloop
  endfacet
  facet normal 0 -0.999046 0.0436681
    outer loop
      vertex 6.88601 1.25 12
      vertex 3.87607 1.24524 11.8911
      vertex 6.88707 1.24524 11.8911
    endloop
  endfacet
  facet normal 0 0.0440166 -0.999031
    outer loop
      vertex 6.99524 -0.108944 13.2452
      vertex 4.075 0 13.25
      vertex 7 0 13.25
    endloop
  endfacet
  facet normal 0 0.0440166 -0.999031
    outer loop
      vertex 4.075 0 13.25
      vertex 6.99524 -0.108944 13.2452
      vertex 4.07024 -0.108944 13.2452
    endloop
  endfacet
  facet normal -0 -0.793304 -0.608826
    outer loop
      vertex 6.91888 1.02394 12.717
      vertex 3.95768 0.957555 12.8035
      vertex 3.94296 1.02394 12.717
    endloop
  endfacet
  facet normal 0 -0.793304 -0.608826
    outer loop
      vertex 3.95768 0.957555 12.8035
      vertex 6.91888 1.02394 12.717
      vertex 6.92762 0.957555 12.8035
    endloop
  endfacet
  facet normal 0 -0.608273 0.793728
    outer loop
      vertex 6.9479 0.803484 11.0424
      vertex 4.01102 0.71697 10.9761
      vertex 6.95929 0.71697 10.9761
    endloop
  endfacet
  facet normal 0 -0.608273 0.793728
    outer loop
      vertex 4.01102 0.71697 10.9761
      vertex 6.9479 0.803484 11.0424
      vertex 3.99184 0.803484 11.0424
    endloop
  endfacet
  facet normal -0 0.382439 0.923981
    outer loop
      vertex 4.04997 -0.427525 10.8254
      vertex 6.97693 -0.528273 10.8671
      vertex 6.98133 -0.427525 10.8254
    endloop
  endfacet
  facet normal 0 0.382439 0.923981
    outer loop
      vertex 6.97693 -0.528273 10.8671
      vertex 4.04997 -0.427525 10.8254
      vertex 4.0367 -0.528273 10.8671
    endloop
  endfacet
  facet normal 5.9159e-06 0.976309 0.216383
    outer loop
      vertex 3.888 -1.20741 11.6765
      vertex 6.89022 -1.23101 11.7829
      vertex 6.89365 -1.21554 11.7131
    endloop
  endfacet
  facet normal -0 0.976206 0.216846
    outer loop
      vertex 3.888 -1.20741 11.6765
      vertex 6.89365 -1.21554 11.7131
      vertex 6.89472 -1.20741 11.6765
    endloop
  endfacet
  facet normal 0 0.976273 0.216542
    outer loop
      vertex 6.89022 -1.23101 11.7829
      vertex 3.888 -1.20741 11.6765
      vertex 3.88055 -1.23101 11.7829
    endloop
  endfacet
  facet normal -0 0.675729 0.73715
    outer loop
      vertex 3.99184 -0.803484 11.0424
      vertex 6.93732 -0.883883 11.1161
      vertex 6.9479 -0.803484 11.0424
    endloop
  endfacet
  facet normal 0 0.675729 0.73715
    outer loop
      vertex 6.93732 -0.883883 11.1161
      vertex 3.99184 -0.803484 11.0424
      vertex 3.97401 -0.883883 11.1161
    endloop
  endfacet
  facet normal 0 -0.976206 -0.216846
    outer loop
      vertex 3.888 1.20741 12.3235
      vertex 6.89365 1.21554 12.2869
      vertex 6.89472 1.20741 12.3235
    endloop
  endfacet
  facet normal -0 -0.976273 -0.216542
    outer loop
      vertex 6.89022 1.23101 12.2171
      vertex 3.888 1.20741 12.3235
      vertex 3.88055 1.23101 12.2171
    endloop
  endfacet
  facet normal 5.9159e-06 -0.976309 -0.216383
    outer loop
      vertex 3.888 1.20741 12.3235
      vertex 6.89022 1.23101 12.2171
      vertex 6.89365 1.21554 12.2869
    endloop
  endfacet
  facet normal -0 0.130222 0.991485
    outer loop
      vertex 4.07024 -0.108944 10.7548
      vertex 6.99052 -0.21706 10.769
      vertex 6.99524 -0.108944 10.7548
    endloop
  endfacet
  facet normal 0 0.130222 0.991485
    outer loop
      vertex 6.99052 -0.21706 10.769
      vertex 4.07024 -0.108944 10.7548
      vertex 4.06552 -0.21706 10.769
    endloop
  endfacet
  facet normal 0 -0.737282 0.675585
    outer loop
      vertex 3.97401 0.883883 11.1161
      vertex 6.92762 0.957555 11.1965
      vertex 3.95768 0.957555 11.1965
    endloop
  endfacet
  facet normal 0 -0.737282 0.675585
    outer loop
      vertex 6.92762 0.957555 11.1965
      vertex 3.97401 0.883883 11.1161
      vertex 6.93732 0.883883 11.1161
    endloop
  endfacet
  facet normal 0 -0.793304 0.608826
    outer loop
      vertex 3.95768 0.957555 11.1965
      vertex 6.91888 1.02394 11.283
      vertex 3.94296 1.02394 11.283
    endloop
  endfacet
  facet normal 0 -0.793304 0.608826
    outer loop
      vertex 6.91888 1.02394 11.283
      vertex 3.95768 0.957555 11.1965
      vertex 6.92762 0.957555 11.1965
    endloop
  endfacet
  facet normal 0 0.216418 -0.976301
    outer loop
      vertex 6.98587 -0.323524 13.2074
      vertex 4.06552 -0.21706 13.231
      vertex 6.99052 -0.21706 13.231
    endloop
  endfacet
  facet normal 0 0.216418 -0.976301
    outer loop
      vertex 4.06552 -0.21706 13.231
      vertex 6.98587 -0.323524 13.2074
      vertex 4.06087 -0.323524 13.2074
    endloop
  endfacet
  facet normal 0 0.999046 -0.0436681
    outer loop
      vertex 6.88601 -1.25 12
      vertex 3.87607 -1.24524 12.1089
      vertex 6.88707 -1.24524 12.1089
    endloop
  endfacet
  facet normal 0 0.999046 -0.0436681
    outer loop
      vertex 3.87607 -1.24524 12.1089
      vertex 6.88601 -1.25 12
      vertex 3.87457 -1.25 12
    endloop
  endfacet
  facet normal 0 -0.537356 0.843356
    outer loop
      vertex 6.95929 0.71697 10.9761
      vertex 4.02397 0.625 10.9175
      vertex 6.9714 0.625 10.9175
    endloop
  endfacet
  facet normal -1.27329e-05 -0.537067 0.84354
    outer loop
      vertex 6.95929 0.71697 10.9761
      vertex 4.01309 0.707616 10.9701
      vertex 4.02397 0.625 10.9175
    endloop
  endfacet
  facet normal 0 -0.539911 0.841722
    outer loop
      vertex 4.01309 0.707616 10.9701
      vertex 6.95929 0.71697 10.9761
      vertex 4.01102 0.71697 10.9761
    endloop
  endfacet
  facet normal 0 0.300778 -0.953694
    outer loop
      vertex 6.98133 -0.427525 13.1746
      vertex 4.06087 -0.323524 13.2074
      vertex 6.98587 -0.323524 13.2074
    endloop
  endfacet
  facet normal 2.45453e-05 0.301404 -0.953496
    outer loop
      vertex 6.98133 -0.427525 13.1746
      vertex 4.05949 -0.355159 13.1974
      vertex 4.06087 -0.323524 13.2074
    endloop
  endfacet
  facet normal 0 0.300503 -0.953781
    outer loop
      vertex 4.05949 -0.355159 13.1974
      vertex 6.98133 -0.427525 13.1746
      vertex 4.04997 -0.427525 13.1746
    endloop
  endfacet
  facet normal 0 -0.537356 -0.843356
    outer loop
      vertex 4.02397 0.625 13.0825
      vertex 6.95929 0.71697 13.0239
      vertex 6.9714 0.625 13.0825
    endloop
  endfacet
  facet normal -1.27329e-05 -0.537067 -0.84354
    outer loop
      vertex 4.01309 0.707616 13.0299
      vertex 6.95929 0.71697 13.0239
      vertex 4.02397 0.625 13.0825
    endloop
  endfacet
  facet normal -0 -0.539911 -0.841722
    outer loop
      vertex 6.95929 0.71697 13.0239
      vertex 4.01309 0.707616 13.0299
      vertex 4.01102 0.71697 13.0239
    endloop
  endfacet
  facet normal -0 0.0440166 0.999031
    outer loop
      vertex 4.075 0 10.75
      vertex 6.99524 -0.108944 10.7548
      vertex 7 0 10.75
    endloop
  endfacet
  facet normal 0 0.0440166 0.999031
    outer loop
      vertex 6.99524 -0.108944 10.7548
      vertex 4.075 0 10.75
      vertex 4.07024 -0.108944 10.7548
    endloop
  endfacet
  facet normal -0 0.999046 0.0436681
    outer loop
      vertex 3.87607 -1.24524 11.8911
      vertex 6.88601 -1.25 12
      vertex 6.88707 -1.24524 11.8911
    endloop
  endfacet
  facet normal 0 0.999046 0.0436681
    outer loop
      vertex 6.88601 -1.25 12
      vertex 3.87607 -1.24524 11.8911
      vertex 3.87457 -1.25 12
    endloop
  endfacet
  facet normal 0.0244809 -0.460849 -0.887141
    outer loop
      vertex 6.97693 0.528273 13.1329
      vertex 6.9714 0.625 13.0825
      vertex 6.97336 0.610089 13.0903
    endloop
  endfacet
  facet normal 0 -0.462088 -0.886834
    outer loop
      vertex 4.0367 0.528273 13.1329
      vertex 6.9714 0.625 13.0825
      vertex 6.97693 0.528273 13.1329
    endloop
  endfacet
  facet normal -0 -0.462088 -0.886834
    outer loop
      vertex 6.9714 0.625 13.0825
      vertex 4.0367 0.528273 13.1329
      vertex 4.02397 0.625 13.0825
    endloop
  endfacet
  facet normal 0 -0.0440166 -0.999031
    outer loop
      vertex 4.075 0 13.25
      vertex 6.99524 0.108944 13.2452
      vertex 7 0 13.25
    endloop
  endfacet
  facet normal -0 -0.0440166 -0.999031
    outer loop
      vertex 6.99524 0.108944 13.2452
      vertex 4.075 0 13.25
      vertex 4.07024 0.108944 13.2452
    endloop
  endfacet
  facet normal 0 -0.843391 0.5373
    outer loop
      vertex 3.93615 1.05469 11.3313
      vertex 6.91116 1.08253 11.375
      vertex 3.92737 1.08253 11.375
    endloop
  endfacet
  facet normal 5.25498e-06 -0.843553 0.537046
    outer loop
      vertex 3.94296 1.02394 11.283
      vertex 6.91116 1.08253 11.375
      vertex 3.93615 1.05469 11.3313
    endloop
  endfacet
  facet normal 0 -0.843476 0.537166
    outer loop
      vertex 6.91116 1.08253 11.375
      vertex 3.94296 1.02394 11.283
      vertex 6.91888 1.02394 11.283
    endloop
  endfacet
  facet normal 0 0.675729 -0.73715
    outer loop
      vertex 6.93732 -0.883883 12.8839
      vertex 3.99184 -0.803484 12.9576
      vertex 6.9479 -0.803484 12.9576
    endloop
  endfacet
  facet normal 0 0.675729 -0.73715
    outer loop
      vertex 3.99184 -0.803484 12.9576
      vertex 6.93732 -0.883883 12.8839
      vertex 3.97401 -0.883883 12.8839
    endloop
  endfacet
  facet normal 0 0.953693 -0.30078
    outer loop
      vertex 6.89472 -1.20741 12.3235
      vertex 3.89833 -1.17461 12.4275
      vertex 6.89904 -1.17461 12.4275
    endloop
  endfacet
  facet normal 0 0.953693 -0.30078
    outer loop
      vertex 3.89833 -1.17461 12.4275
      vertex 6.89472 -1.20741 12.3235
      vertex 3.888 -1.20741 12.3235
    endloop
  endfacet
  facet normal -0 -0.923953 -0.382506
    outer loop
      vertex 6.89904 1.17461 12.4275
      vertex 3.91149 1.13288 12.5283
      vertex 3.89833 1.17461 12.4275
    endloop
  endfacet
  facet normal 0 -0.923953 -0.382506
    outer loop
      vertex 3.91149 1.13288 12.5283
      vertex 6.89904 1.17461 12.4275
      vertex 6.90454 1.13288 12.5283
    endloop
  endfacet
  facet normal -0 0.737282 0.675585
    outer loop
      vertex 3.97401 -0.883883 11.1161
      vertex 6.92762 -0.957555 11.1965
      vertex 6.93732 -0.883883 11.1161
    endloop
  endfacet
  facet normal 0 0.737282 0.675585
    outer loop
      vertex 6.92762 -0.957555 11.1965
      vertex 3.97401 -0.883883 11.1161
      vertex 3.95768 -0.957555 11.1965
    endloop
  endfacet
  facet normal 0 -0.216418 -0.976301
    outer loop
      vertex 4.06552 0.21706 13.231
      vertex 6.98587 0.323524 13.2074
      vertex 6.99052 0.21706 13.231
    endloop
  endfacet
  facet normal -0 -0.216418 -0.976301
    outer loop
      vertex 6.98587 0.323524 13.2074
      vertex 4.06552 0.21706 13.231
      vertex 4.06087 0.323524 13.2074
    endloop
  endfacet
  facet normal 0 0.976206 -0.216846
    outer loop
      vertex 6.89365 -1.21554 12.2869
      vertex 3.888 -1.20741 12.3235
      vertex 6.89472 -1.20741 12.3235
    endloop
  endfacet
  facet normal 5.9159e-06 0.976309 -0.216383
    outer loop
      vertex 6.89022 -1.23101 12.2171
      vertex 3.888 -1.20741 12.3235
      vertex 6.89365 -1.21554 12.2869
    endloop
  endfacet
  facet normal 0 0.976273 -0.216542
    outer loop
      vertex 3.888 -1.20741 12.3235
      vertex 6.89022 -1.23101 12.2171
      vertex 3.88055 -1.23101 12.2171
    endloop
  endfacet
  facet normal 0 -0.382439 -0.923981
    outer loop
      vertex 4.04997 0.427525 13.1746
      vertex 6.97693 0.528273 13.1329
      vertex 6.98133 0.427525 13.1746
    endloop
  endfacet
  facet normal -0 -0.382439 -0.923981
    outer loop
      vertex 6.97693 0.528273 13.1329
      vertex 4.04997 0.427525 13.1746
      vertex 4.0367 0.528273 13.1329
    endloop
  endfacet
  facet normal -0 -0.991462 -0.130393
    outer loop
      vertex 6.88707 1.24524 12.1089
      vertex 3.88055 1.23101 12.2171
      vertex 3.87607 1.24524 12.1089
    endloop
  endfacet
  facet normal 0 -0.991462 -0.130393
    outer loop
      vertex 3.88055 1.23101 12.2171
      vertex 6.88707 1.24524 12.1089
      vertex 6.89022 1.23101 12.2171
    endloop
  endfacet
  facet normal -0 -0.999046 -0.0436681
    outer loop
      vertex 6.88601 1.25 12
      vertex 3.87607 1.24524 12.1089
      vertex 3.87457 1.25 12
    endloop
  endfacet
  facet normal 0 -0.999046 -0.0436681
    outer loop
      vertex 3.87607 1.24524 12.1089
      vertex 6.88601 1.25 12
      vertex 6.88707 1.24524 12.1089
    endloop
  endfacet
  facet normal 0 -0.991462 0.130393
    outer loop
      vertex 3.88055 1.23101 11.7829
      vertex 6.88707 1.24524 11.8911
      vertex 3.87607 1.24524 11.8911
    endloop
  endfacet
  facet normal 0 -0.991462 0.130393
    outer loop
      vertex 6.88707 1.24524 11.8911
      vertex 3.88055 1.23101 11.7829
      vertex 6.89022 1.23101 11.7829
    endloop
  endfacet
  facet normal -0 0.886969 0.461829
    outer loop
      vertex 3.92737 -1.08253 11.375
      vertex 6.90454 -1.13288 11.4717
      vertex 6.91116 -1.08253 11.375
    endloop
  endfacet
  facet normal 0 0.886969 0.461829
    outer loop
      vertex 6.90454 -1.13288 11.4717
      vertex 3.92737 -1.08253 11.375
      vertex 3.91149 -1.13288 11.4717
    endloop
  endfacet
  facet normal 5.25498e-06 -0.843553 -0.537046
    outer loop
      vertex 6.91116 1.08253 12.625
      vertex 3.94296 1.02394 12.717
      vertex 3.93615 1.05469 12.6687
    endloop
  endfacet
  facet normal -0 -0.843391 -0.5373
    outer loop
      vertex 6.91116 1.08253 12.625
      vertex 3.93615 1.05469 12.6687
      vertex 3.92737 1.08253 12.625
    endloop
  endfacet
  facet normal 0 -0.843476 -0.537166
    outer loop
      vertex 3.94296 1.02394 12.717
      vertex 6.91116 1.08253 12.625
      vertex 6.91888 1.02394 12.717
    endloop
  endfacet
  facet normal -0 -0.886969 -0.461829
    outer loop
      vertex 6.90454 1.13288 12.5283
      vertex 3.92737 1.08253 12.625
      vertex 3.91149 1.13288 12.5283
    endloop
  endfacet
  facet normal 0 -0.886969 -0.461829
    outer loop
      vertex 3.92737 1.08253 12.625
      vertex 6.90454 1.13288 12.5283
      vertex 6.91116 1.08253 12.625
    endloop
  endfacet
  facet normal 0 0.991462 -0.130393
    outer loop
      vertex 6.88707 -1.24524 12.1089
      vertex 3.88055 -1.23101 12.2171
      vertex 6.89022 -1.23101 12.2171
    endloop
  endfacet
  facet normal 0 0.991462 -0.130393
    outer loop
      vertex 3.88055 -1.23101 12.2171
      vertex 6.88707 -1.24524 12.1089
      vertex 3.87607 -1.24524 12.1089
    endloop
  endfacet
  facet normal -0 0.953693 0.30078
    outer loop
      vertex 3.89833 -1.17461 11.5725
      vertex 6.89472 -1.20741 11.6765
      vertex 6.89904 -1.17461 11.5725
    endloop
  endfacet
  facet normal 0 0.953693 0.30078
    outer loop
      vertex 6.89472 -1.20741 11.6765
      vertex 3.89833 -1.17461 11.5725
      vertex 3.888 -1.20741 11.6765
    endloop
  endfacet
  facet normal 0 -0.976273 0.216542
    outer loop
      vertex 3.888 1.20741 11.6765
      vertex 6.89022 1.23101 11.7829
      vertex 3.88055 1.23101 11.7829
    endloop
  endfacet
  facet normal 5.9159e-06 -0.976309 0.216383
    outer loop
      vertex 6.89022 1.23101 11.7829
      vertex 3.888 1.20741 11.6765
      vertex 6.89365 1.21554 11.7131
    endloop
  endfacet
  facet normal 0 -0.976206 0.216846
    outer loop
      vertex 6.89365 1.21554 11.7131
      vertex 3.888 1.20741 11.6765
      vertex 6.89472 1.20741 11.6765
    endloop
  endfacet
  facet normal 0 -0.608273 -0.793728
    outer loop
      vertex 4.01102 0.71697 13.0239
      vertex 6.9479 0.803484 12.9576
      vertex 6.95929 0.71697 13.0239
    endloop
  endfacet
  facet normal -0 -0.608273 -0.793728
    outer loop
      vertex 6.9479 0.803484 12.9576
      vertex 4.01102 0.71697 13.0239
      vertex 3.99184 0.803484 12.9576
    endloop
  endfacet
  facet normal -0 0.923953 0.382506
    outer loop
      vertex 3.91149 -1.13288 11.4717
      vertex 6.89904 -1.17461 11.5725
      vertex 6.90454 -1.13288 11.4717
    endloop
  endfacet
  facet normal 0 0.923953 0.382506
    outer loop
      vertex 6.89904 -1.17461 11.5725
      vertex 3.91149 -1.13288 11.4717
      vertex 3.89833 -1.17461 11.5725
    endloop
  endfacet
  facet normal 0 -0.953693 0.30078
    outer loop
      vertex 3.89833 1.17461 11.5725
      vertex 6.89472 1.20741 11.6765
      vertex 3.888 1.20741 11.6765
    endloop
  endfacet
  facet normal 0 -0.953693 0.30078
    outer loop
      vertex 6.89472 1.20741 11.6765
      vertex 3.89833 1.17461 11.5725
      vertex 6.89904 1.17461 11.5725
    endloop
  endfacet
  facet normal 0 0.793304 -0.608826
    outer loop
      vertex 6.91888 -1.02394 12.717
      vertex 3.95768 -0.957555 12.8035
      vertex 6.92762 -0.957555 12.8035
    endloop
  endfacet
  facet normal 0 0.793304 -0.608826
    outer loop
      vertex 3.95768 -0.957555 12.8035
      vertex 6.91888 -1.02394 12.717
      vertex 3.94296 -1.02394 12.717
    endloop
  endfacet
endsolid OpenSCAD_Model
