solid OpenSCAD_Model
  facet normal 0.989176 0.146736 0
    outer loop
      vertex 61.9663 0.686119 36
      vertex 61.8655 1.36563 11
      vertex 61.8655 1.36563 36
    endloop
  endfacet
  facet normal 0.989176 0.146736 0
    outer loop
      vertex 61.8655 1.36563 11
      vertex 61.9663 0.686119 36
      vertex 61.9663 0.686119 11
    endloop
  endfacet
  facet normal 0.998796 0.0490577 0
    outer loop
      vertex 62 0 36
      vertex 61.9663 0.686119 11
      vertex 61.9663 0.686119 36
    endloop
  endfacet
  facet normal 0.998796 0.0490577 0
    outer loop
      vertex 61.9663 0.686119 11
      vertex 62 0 36
      vertex 62 0 11
    endloop
  endfacet
  facet normal 0.970036 0.24296 0
    outer loop
      vertex 61.8655 1.36563 36
      vertex 61.6986 2.03199 11
      vertex 61.6986 2.03199 36
    endloop
  endfacet
  facet normal 0.970036 0.24296 0
    outer loop
      vertex 61.6986 2.03199 11
      vertex 61.8655 1.36563 36
      vertex 61.8655 1.36563 11
    endloop
  endfacet
  facet normal -0.146724 0.989177 0
    outer loop
      vertex 54.3139 6.96629 11
      vertex 53.6344 6.8655 36
      vertex 54.3139 6.96629 36
    endloop
  endfacet
  facet normal -0.146724 0.989177 0
    outer loop
      vertex 53.6344 6.8655 36
      vertex 54.3139 6.96629 11
      vertex 53.6344 6.8655 11
    endloop
  endfacet
  facet normal 0.803217 0.595687 0
    outer loop
      vertex 60.8203 3.88899 36
      vertex 60.4111 4.44075 11
      vertex 60.4111 4.44075 36
    endloop
  endfacet
  facet normal 0.803217 0.595687 0
    outer loop
      vertex 60.4111 4.44075 11
      vertex 60.8203 3.88899 36
      vertex 60.8203 3.88899 11
    endloop
  endfacet
  facet normal 0.51411 -0.857724 0
    outer loop
      vertex 58.2998 -6.17345 11
      vertex 58.889 -5.82029 36
      vertex 58.2998 -6.17345 36
    endloop
  endfacet
  facet normal 0.51411 -0.857724 0
    outer loop
      vertex 58.889 -5.82029 36
      vertex 58.2998 -6.17345 11
      vertex 58.889 -5.82029 11
    endloop
  endfacet
  facet normal 0.595678 0.803223 -0
    outer loop
      vertex 59.4408 5.41107 11
      vertex 58.889 5.82029 36
      vertex 59.4408 5.41107 36
    endloop
  endfacet
  facet normal 0.595678 0.803223 0
    outer loop
      vertex 58.889 5.82029 36
      vertex 59.4408 5.41107 11
      vertex 58.889 5.82029 11
    endloop
  endfacet
  facet normal -0.989176 0.146736 0
    outer loop
      vertex 48.0337 0.686119 11
      vertex 48.1345 1.36563 36
      vertex 48.1345 1.36563 11
    endloop
  endfacet
  facet normal -0.989176 0.146736 0
    outer loop
      vertex 48.1345 1.36563 36
      vertex 48.0337 0.686119 11
      vertex 48.0337 0.686119 36
    endloop
  endfacet
  facet normal -0.970036 0.24296 0
    outer loop
      vertex 48.1345 1.36563 11
      vertex 48.3014 2.03199 36
      vertex 48.3014 2.03199 11
    endloop
  endfacet
  facet normal -0.970036 0.24296 0
    outer loop
      vertex 48.3014 2.03199 36
      vertex 48.1345 1.36563 11
      vertex 48.1345 1.36563 36
    endloop
  endfacet
  facet normal 0.998796 -0.0490577 0
    outer loop
      vertex 61.9663 -0.686119 36
      vertex 62 0 11
      vertex 62 0 36
    endloop
  endfacet
  facet normal 0.998796 -0.0490577 0
    outer loop
      vertex 62 0 11
      vertex 61.9663 -0.686119 36
      vertex 61.9663 -0.686119 11
    endloop
  endfacet
  facet normal -0.242974 0.970033 0
    outer loop
      vertex 53.6344 6.8655 11
      vertex 52.968 6.69858 36
      vertex 53.6344 6.8655 36
    endloop
  endfacet
  facet normal -0.242974 0.970033 0
    outer loop
      vertex 52.968 6.69858 36
      vertex 53.6344 6.8655 11
      vertex 52.968 6.69858 11
    endloop
  endfacet
  facet normal 0.427554 0.90399 -0
    outer loop
      vertex 58.2998 6.17345 11
      vertex 57.6788 6.46716 36
      vertex 58.2998 6.17345 36
    endloop
  endfacet
  facet normal 0.427554 0.90399 0
    outer loop
      vertex 57.6788 6.46716 36
      vertex 58.2998 6.17345 11
      vertex 57.6788 6.46716 11
    endloop
  endfacet
  facet normal -0.989176 -0.146736 0
    outer loop
      vertex 48.1345 -1.36563 11
      vertex 48.0337 -0.686119 36
      vertex 48.0337 -0.686119 11
    endloop
  endfacet
  facet normal -0.989176 -0.146736 0
    outer loop
      vertex 48.0337 -0.686119 36
      vertex 48.1345 -1.36563 11
      vertex 48.1345 -1.36563 36
    endloop
  endfacet
  facet normal 0.671623 -0.740893 0
    outer loop
      vertex 59.4408 -5.41107 11
      vertex 59.9497 -4.94975 36
      vertex 59.4408 -5.41107 36
    endloop
  endfacet
  facet normal 0.671623 -0.740893 0
    outer loop
      vertex 59.9497 -4.94975 36
      vertex 59.4408 -5.41107 11
      vertex 59.9497 -4.94975 11
    endloop
  endfacet
  facet normal -0.427554 0.90399 0
    outer loop
      vertex 52.3212 6.46716 11
      vertex 51.7002 6.17345 36
      vertex 52.3212 6.46716 36
    endloop
  endfacet
  facet normal -0.427554 0.90399 0
    outer loop
      vertex 51.7002 6.17345 36
      vertex 52.3212 6.46716 11
      vertex 51.7002 6.17345 11
    endloop
  endfacet
  facet normal 0.970036 -0.24296 0
    outer loop
      vertex 61.6986 -2.03199 36
      vertex 61.8655 -1.36563 11
      vertex 61.8655 -1.36563 36
    endloop
  endfacet
  facet normal 0.970036 -0.24296 0
    outer loop
      vertex 61.8655 -1.36563 11
      vertex 61.6986 -2.03199 36
      vertex 61.6986 -2.03199 11
    endloop
  endfacet
  facet normal -0.595678 -0.803223 0
    outer loop
      vertex 50.5592 -5.41107 11
      vertex 51.111 -5.82029 36
      vertex 50.5592 -5.41107 36
    endloop
  endfacet
  facet normal -0.595678 -0.803223 -0
    outer loop
      vertex 51.111 -5.82029 36
      vertex 50.5592 -5.41107 11
      vertex 51.111 -5.82029 11
    endloop
  endfacet
  facet normal 0.0490736 0.998795 -0
    outer loop
      vertex 55.6861 6.96629 11
      vertex 55 7 36
      vertex 55.6861 6.96629 36
    endloop
  endfacet
  facet normal 0.0490736 0.998795 0
    outer loop
      vertex 55 7 36
      vertex 55.6861 6.96629 11
      vertex 55 7 11
    endloop
  endfacet
  facet normal 0.941556 -0.336857 0
    outer loop
      vertex 61.4672 -2.67878 36
      vertex 61.6986 -2.03199 11
      vertex 61.6986 -2.03199 36
    endloop
  endfacet
  facet normal 0.941556 -0.336857 0
    outer loop
      vertex 61.6986 -2.03199 11
      vertex 61.4672 -2.67878 36
      vertex 61.4672 -2.67878 11
    endloop
  endfacet
  facet normal -0.803217 -0.595687 0
    outer loop
      vertex 49.5889 -4.44075 11
      vertex 49.1797 -3.88899 36
      vertex 49.1797 -3.88899 11
    endloop
  endfacet
  facet normal -0.803217 -0.595687 0
    outer loop
      vertex 49.1797 -3.88899 36
      vertex 49.5889 -4.44075 11
      vertex 49.5889 -4.44075 36
    endloop
  endfacet
  facet normal 0.803217 -0.595687 0
    outer loop
      vertex 60.4111 -4.44075 36
      vertex 60.8203 -3.88899 11
      vertex 60.8203 -3.88899 36
    endloop
  endfacet
  facet normal 0.803217 -0.595687 0
    outer loop
      vertex 60.8203 -3.88899 11
      vertex 60.4111 -4.44075 36
      vertex 60.4111 -4.44075 11
    endloop
  endfacet
  facet normal -0.51411 0.857724 0
    outer loop
      vertex 51.7002 6.17345 11
      vertex 51.111 5.82029 36
      vertex 51.7002 6.17345 36
    endloop
  endfacet
  facet normal -0.51411 0.857724 0
    outer loop
      vertex 51.111 5.82029 36
      vertex 51.7002 6.17345 11
      vertex 51.111 5.82029 11
    endloop
  endfacet
  facet normal 0.336879 0.941548 -0
    outer loop
      vertex 57.6788 6.46716 11
      vertex 57.032 6.69858 36
      vertex 57.6788 6.46716 36
    endloop
  endfacet
  facet normal 0.336879 0.941548 0
    outer loop
      vertex 57.032 6.69858 36
      vertex 57.6788 6.46716 11
      vertex 57.032 6.69858 11
    endloop
  endfacet
  facet normal -0.740901 -0.671614 0
    outer loop
      vertex 50.0503 -4.94975 11
      vertex 49.5889 -4.44075 36
      vertex 49.5889 -4.44075 11
    endloop
  endfacet
  facet normal -0.740901 -0.671614 0
    outer loop
      vertex 49.5889 -4.44075 36
      vertex 50.0503 -4.94975 11
      vertex 50.0503 -4.94975 36
    endloop
  endfacet
  facet normal 0.51411 0.857724 -0
    outer loop
      vertex 58.889 5.82029 11
      vertex 58.2998 6.17345 36
      vertex 58.889 5.82029 36
    endloop
  endfacet
  facet normal 0.51411 0.857724 0
    outer loop
      vertex 58.2998 6.17345 36
      vertex 58.889 5.82029 11
      vertex 58.2998 6.17345 11
    endloop
  endfacet
  facet normal -0.941556 0.336857 0
    outer loop
      vertex 48.3014 2.03199 11
      vertex 48.5328 2.67878 36
      vertex 48.5328 2.67878 11
    endloop
  endfacet
  facet normal -0.941556 0.336857 0
    outer loop
      vertex 48.5328 2.67878 36
      vertex 48.3014 2.03199 11
      vertex 48.3014 2.03199 36
    endloop
  endfacet
  facet normal -0.941556 -0.336857 0
    outer loop
      vertex 48.5328 -2.67878 11
      vertex 48.3014 -2.03199 36
      vertex 48.3014 -2.03199 11
    endloop
  endfacet
  facet normal -0.941556 -0.336857 0
    outer loop
      vertex 48.3014 -2.03199 36
      vertex 48.5328 -2.67878 11
      vertex 48.5328 -2.67878 36
    endloop
  endfacet
  facet normal 0 0 1
    outer loop
      vertex 57.1 0 36
      vertex 62 0 36
      vertex 61.9663 0.686119 36
    endloop
  endfacet
  facet normal 0 0 1
    outer loop
      vertex 57.0899 0.205835 36
      vertex 61.9663 0.686119 36
      vertex 61.8655 1.36563 36
    endloop
  endfacet
  facet normal 0 0 1
    outer loop
      vertex 62 0 36
      vertex 57.1 0 36
      vertex 61.9663 -0.686119 36
    endloop
  endfacet
  facet normal 0 0 1
    outer loop
      vertex 57.0596 0.409689 36
      vertex 61.8655 1.36563 36
      vertex 61.6986 2.03199 36
    endloop
  endfacet
  facet normal -0 0 1
    outer loop
      vertex 57.0899 -0.205835 36
      vertex 61.9663 -0.686119 36
      vertex 57.1 0 36
    endloop
  endfacet
  facet normal 0 0 1
    outer loop
      vertex 57.0096 0.609597 36
      vertex 61.6986 2.03199 36
      vertex 61.4672 2.67878 36
    endloop
  endfacet
  facet normal 0 0 1
    outer loop
      vertex 61.9663 -0.686119 36
      vertex 57.0899 -0.205835 36
      vertex 61.8655 -1.36563 36
    endloop
  endfacet
  facet normal 0 0 1
    outer loop
      vertex 56.9401 0.803635 36
      vertex 61.4672 2.67878 36
      vertex 61.1734 3.29978 36
    endloop
  endfacet
  facet normal -0 0 1
    outer loop
      vertex 57.0596 -0.409689 36
      vertex 61.8655 -1.36563 36
      vertex 57.0899 -0.205835 36
    endloop
  endfacet
  facet normal 0 0 1
    outer loop
      vertex 56.852 0.989933 36
      vertex 61.1734 3.29978 36
      vertex 60.8203 3.88899 36
    endloop
  endfacet
  facet normal 0 0 1
    outer loop
      vertex 61.8655 -1.36563 36
      vertex 57.0596 -0.409689 36
      vertex 61.6986 -2.03199 36
    endloop
  endfacet
  facet normal 0 0 1
    outer loop
      vertex 56.7461 1.1667 36
      vertex 60.8203 3.88899 36
      vertex 60.4111 4.44075 36
    endloop
  endfacet
  facet normal -0 0 1
    outer loop
      vertex 57.0096 -0.609597 36
      vertex 61.6986 -2.03199 36
      vertex 57.0596 -0.409689 36
    endloop
  endfacet
  facet normal 0 0 1
    outer loop
      vertex 56.6233 1.33223 36
      vertex 60.4111 4.44075 36
      vertex 59.9497 4.94975 36
    endloop
  endfacet
  facet normal 0 0 1
    outer loop
      vertex 61.6986 -2.03199 36
      vertex 57.0096 -0.609597 36
      vertex 61.4672 -2.67878 36
    endloop
  endfacet
  facet normal 0 0 1
    outer loop
      vertex 56.4849 1.48492 36
      vertex 59.9497 4.94975 36
      vertex 59.4408 5.41107 36
    endloop
  endfacet
  facet normal -0 0 1
    outer loop
      vertex 56.9401 -0.803635 36
      vertex 61.4672 -2.67878 36
      vertex 57.0096 -0.609597 36
    endloop
  endfacet
  facet normal 0 0 1
    outer loop
      vertex 56.3322 1.62332 36
      vertex 59.4408 5.41107 36
      vertex 58.889 5.82029 36
    endloop
  endfacet
  facet normal 0 0 1
    outer loop
      vertex 61.4672 -2.67878 36
      vertex 56.9401 -0.803635 36
      vertex 61.1734 -3.29978 36
    endloop
  endfacet
  facet normal 0 0 1
    outer loop
      vertex 56.1667 1.74609 36
      vertex 58.889 5.82029 36
      vertex 58.2998 6.17345 36
    endloop
  endfacet
  facet normal -0 0 1
    outer loop
      vertex 56.852 -0.989933 36
      vertex 61.1734 -3.29978 36
      vertex 56.9401 -0.803635 36
    endloop
  endfacet
  facet normal 0 0 1
    outer loop
      vertex 55.9899 1.85203 36
      vertex 58.2998 6.17345 36
      vertex 57.6788 6.46716 36
    endloop
  endfacet
  facet normal 0 0 1
    outer loop
      vertex 61.1734 -3.29978 36
      vertex 56.852 -0.989933 36
      vertex 60.8203 -3.88899 36
    endloop
  endfacet
  facet normal -0 0 1
    outer loop
      vertex 56.7461 -1.1667 36
      vertex 60.8203 -3.88899 36
      vertex 56.852 -0.989933 36
    endloop
  endfacet
  facet normal 0 0 1
    outer loop
      vertex 61.9663 0.686119 36
      vertex 57.0899 0.205835 36
      vertex 57.1 0 36
    endloop
  endfacet
  facet normal 0 0 1
    outer loop
      vertex 61.8655 1.36563 36
      vertex 57.0596 0.409689 36
      vertex 57.0899 0.205835 36
    endloop
  endfacet
  facet normal 0 0 1
    outer loop
      vertex 55.8036 1.94015 36
      vertex 57.6788 6.46716 36
      vertex 57.032 6.69858 36
    endloop
  endfacet
  facet normal 0 0 1
    outer loop
      vertex 61.6986 2.03199 36
      vertex 57.0096 0.609597 36
      vertex 57.0596 0.409689 36
    endloop
  endfacet
  facet normal 0 0 1
    outer loop
      vertex 61.4672 2.67878 36
      vertex 56.9401 0.803635 36
      vertex 57.0096 0.609597 36
    endloop
  endfacet
  facet normal 0 0 1
    outer loop
      vertex 61.1734 3.29978 36
      vertex 56.852 0.989933 36
      vertex 56.9401 0.803635 36
    endloop
  endfacet
  facet normal 0 0 1
    outer loop
      vertex 60.8203 3.88899 36
      vertex 56.7461 1.1667 36
      vertex 56.852 0.989933 36
    endloop
  endfacet
  facet normal 0 0 1
    outer loop
      vertex 60.4111 4.44075 36
      vertex 56.6233 1.33223 36
      vertex 56.7461 1.1667 36
    endloop
  endfacet
  facet normal 0 0 1
    outer loop
      vertex 59.9497 4.94975 36
      vertex 56.4849 1.48492 36
      vertex 56.6233 1.33223 36
    endloop
  endfacet
  facet normal 0 0 1
    outer loop
      vertex 55.6096 2.00957 36
      vertex 57.032 6.69858 36
      vertex 56.3656 6.8655 36
    endloop
  endfacet
  facet normal 0 0 1
    outer loop
      vertex 59.4408 5.41107 36
      vertex 56.3322 1.62332 36
      vertex 56.4849 1.48492 36
    endloop
  endfacet
  facet normal 0 0 1
    outer loop
      vertex 58.889 5.82029 36
      vertex 56.1667 1.74609 36
      vertex 56.3322 1.62332 36
    endloop
  endfacet
  facet normal 0 0 1
    outer loop
      vertex 58.2998 6.17345 36
      vertex 55.9899 1.85203 36
      vertex 56.1667 1.74609 36
    endloop
  endfacet
  facet normal 0 0 1
    outer loop
      vertex 57.6788 6.46716 36
      vertex 55.8036 1.94015 36
      vertex 55.9899 1.85203 36
    endloop
  endfacet
  facet normal 0 0 1
    outer loop
      vertex 55.4097 2.05965 36
      vertex 56.3656 6.8655 36
      vertex 55.6861 6.96629 36
    endloop
  endfacet
  facet normal 0 0 1
    outer loop
      vertex 57.032 6.69858 36
      vertex 55.6096 2.00957 36
      vertex 55.8036 1.94015 36
    endloop
  endfacet
  facet normal 0 0 1
    outer loop
      vertex 56.3656 6.8655 36
      vertex 55.4097 2.05965 36
      vertex 55.6096 2.00957 36
    endloop
  endfacet
  facet normal 0 0 1
    outer loop
      vertex 55.6861 6.96629 36
      vertex 55.2058 2.08989 36
      vertex 55.4097 2.05965 36
    endloop
  endfacet
  facet normal 0 0 1
    outer loop
      vertex 55 7 36
      vertex 55.2058 2.08989 36
      vertex 55.6861 6.96629 36
    endloop
  endfacet
  facet normal 0 0 1
    outer loop
      vertex 55 7 36
      vertex 55 2.1 36
      vertex 55.2058 2.08989 36
    endloop
  endfacet
  facet normal 0 0 1
    outer loop
      vertex 55 7 36
      vertex 54.7942 2.08989 36
      vertex 55 2.1 36
    endloop
  endfacet
  facet normal -0 0 1
    outer loop
      vertex 54.3139 6.96629 36
      vertex 54.7942 2.08989 36
      vertex 55 7 36
    endloop
  endfacet
  facet normal 0 0 1
    outer loop
      vertex 54.7942 2.08989 36
      vertex 54.3139 6.96629 36
      vertex 54.5903 2.05965 36
    endloop
  endfacet
  facet normal -0 0 1
    outer loop
      vertex 53.6344 6.8655 36
      vertex 54.5903 2.05965 36
      vertex 54.3139 6.96629 36
    endloop
  endfacet
  facet normal 0 0 1
    outer loop
      vertex 54.5903 2.05965 36
      vertex 53.6344 6.8655 36
      vertex 54.3904 2.00957 36
    endloop
  endfacet
  facet normal -0 0 1
    outer loop
      vertex 52.968 6.69858 36
      vertex 54.3904 2.00957 36
      vertex 53.6344 6.8655 36
    endloop
  endfacet
  facet normal 0 0 1
    outer loop
      vertex 54.3904 2.00957 36
      vertex 52.968 6.69858 36
      vertex 54.1964 1.94015 36
    endloop
  endfacet
  facet normal -0 0 1
    outer loop
      vertex 52.3212 6.46716 36
      vertex 54.1964 1.94015 36
      vertex 52.968 6.69858 36
    endloop
  endfacet
  facet normal 0 0 1
    outer loop
      vertex 54.1964 1.94015 36
      vertex 52.3212 6.46716 36
      vertex 54.0101 1.85203 36
    endloop
  endfacet
  facet normal -0 0 1
    outer loop
      vertex 51.7002 6.17345 36
      vertex 54.0101 1.85203 36
      vertex 52.3212 6.46716 36
    endloop
  endfacet
  facet normal 0 0 1
    outer loop
      vertex 54.0101 1.85203 36
      vertex 51.7002 6.17345 36
      vertex 53.8333 1.74609 36
    endloop
  endfacet
  facet normal -0 0 1
    outer loop
      vertex 51.111 5.82029 36
      vertex 53.8333 1.74609 36
      vertex 51.7002 6.17345 36
    endloop
  endfacet
  facet normal 0 0 1
    outer loop
      vertex 53.8333 1.74609 36
      vertex 51.111 5.82029 36
      vertex 53.6678 1.62332 36
    endloop
  endfacet
  facet normal -0 0 1
    outer loop
      vertex 50.5592 5.41107 36
      vertex 53.6678 1.62332 36
      vertex 51.111 5.82029 36
    endloop
  endfacet
  facet normal 0 0 1
    outer loop
      vertex 53.6678 1.62332 36
      vertex 50.5592 5.41107 36
      vertex 53.5151 1.48492 36
    endloop
  endfacet
  facet normal -0 0 1
    outer loop
      vertex 50.0503 4.94975 36
      vertex 53.5151 1.48492 36
      vertex 50.5592 5.41107 36
    endloop
  endfacet
  facet normal 0 0 1
    outer loop
      vertex 53.5151 1.48492 36
      vertex 50.0503 4.94975 36
      vertex 53.3767 1.33223 36
    endloop
  endfacet
  facet normal -0 0 1
    outer loop
      vertex 49.5889 4.44075 36
      vertex 53.3767 1.33223 36
      vertex 50.0503 4.94975 36
    endloop
  endfacet
  facet normal 0 0 1
    outer loop
      vertex 53.3767 1.33223 36
      vertex 49.5889 4.44075 36
      vertex 53.2539 1.1667 36
    endloop
  endfacet
  facet normal -0 0 1
    outer loop
      vertex 49.1797 3.88899 36
      vertex 53.2539 1.1667 36
      vertex 49.5889 4.44075 36
    endloop
  endfacet
  facet normal 0 0 1
    outer loop
      vertex 60.8203 -3.88899 36
      vertex 56.7461 -1.1667 36
      vertex 60.4111 -4.44075 36
    endloop
  endfacet
  facet normal -0 0 1
    outer loop
      vertex 56.6233 -1.33223 36
      vertex 60.4111 -4.44075 36
      vertex 56.7461 -1.1667 36
    endloop
  endfacet
  facet normal 0 0 1
    outer loop
      vertex 60.4111 -4.44075 36
      vertex 56.6233 -1.33223 36
      vertex 59.9497 -4.94975 36
    endloop
  endfacet
  facet normal -0 0 1
    outer loop
      vertex 56.4849 -1.48492 36
      vertex 59.9497 -4.94975 36
      vertex 56.6233 -1.33223 36
    endloop
  endfacet
  facet normal 0 0 1
    outer loop
      vertex 59.9497 -4.94975 36
      vertex 56.4849 -1.48492 36
      vertex 59.4408 -5.41107 36
    endloop
  endfacet
  facet normal -0 0 1
    outer loop
      vertex 56.3322 -1.62332 36
      vertex 59.4408 -5.41107 36
      vertex 56.4849 -1.48492 36
    endloop
  endfacet
  facet normal 0 0 1
    outer loop
      vertex 59.4408 -5.41107 36
      vertex 56.3322 -1.62332 36
      vertex 58.889 -5.82029 36
    endloop
  endfacet
  facet normal -0 0 1
    outer loop
      vertex 56.1667 -1.74609 36
      vertex 58.889 -5.82029 36
      vertex 56.3322 -1.62332 36
    endloop
  endfacet
  facet normal 0 0 1
    outer loop
      vertex 58.889 -5.82029 36
      vertex 56.1667 -1.74609 36
      vertex 58.2998 -6.17345 36
    endloop
  endfacet
  facet normal -0 0 1
    outer loop
      vertex 55.9899 -1.85203 36
      vertex 58.2998 -6.17345 36
      vertex 56.1667 -1.74609 36
    endloop
  endfacet
  facet normal 0 0 1
    outer loop
      vertex 58.2998 -6.17345 36
      vertex 55.9899 -1.85203 36
      vertex 57.6788 -6.46716 36
    endloop
  endfacet
  facet normal -0 0 1
    outer loop
      vertex 55.8036 -1.94015 36
      vertex 57.6788 -6.46716 36
      vertex 55.9899 -1.85203 36
    endloop
  endfacet
  facet normal 0 0 1
    outer loop
      vertex 57.6788 -6.46716 36
      vertex 55.8036 -1.94015 36
      vertex 57.032 -6.69858 36
    endloop
  endfacet
  facet normal -0 0 1
    outer loop
      vertex 55.6096 -2.00957 36
      vertex 57.032 -6.69858 36
      vertex 55.8036 -1.94015 36
    endloop
  endfacet
  facet normal 0 0 1
    outer loop
      vertex 57.032 -6.69858 36
      vertex 55.6096 -2.00957 36
      vertex 56.3656 -6.8655 36
    endloop
  endfacet
  facet normal -0 0 1
    outer loop
      vertex 55.4097 -2.05965 36
      vertex 56.3656 -6.8655 36
      vertex 55.6096 -2.00957 36
    endloop
  endfacet
  facet normal 0 0 1
    outer loop
      vertex 56.3656 -6.8655 36
      vertex 55.4097 -2.05965 36
      vertex 55.6861 -6.96629 36
    endloop
  endfacet
  facet normal -0 0 1
    outer loop
      vertex 55.2058 -2.08989 36
      vertex 55.6861 -6.96629 36
      vertex 55.4097 -2.05965 36
    endloop
  endfacet
  facet normal -0 0 1
    outer loop
      vertex 55 -2.1 36
      vertex 55.6861 -6.96629 36
      vertex 55.2058 -2.08989 36
    endloop
  endfacet
  facet normal 0 0 1
    outer loop
      vertex 55 -2.1 36
      vertex 55 -7 36
      vertex 55.6861 -6.96629 36
    endloop
  endfacet
  facet normal 0 0 1
    outer loop
      vertex 54.7942 -2.08989 36
      vertex 55 -7 36
      vertex 55 -2.1 36
    endloop
  endfacet
  facet normal 0 0 1
    outer loop
      vertex 54.3139 -6.96629 36
      vertex 54.7942 -2.08989 36
      vertex 54.5903 -2.05965 36
    endloop
  endfacet
  facet normal 0 0 1
    outer loop
      vertex 53.6344 -6.8655 36
      vertex 54.5903 -2.05965 36
      vertex 54.3904 -2.00957 36
    endloop
  endfacet
  facet normal 0 0 1
    outer loop
      vertex 54.7942 -2.08989 36
      vertex 54.3139 -6.96629 36
      vertex 55 -7 36
    endloop
  endfacet
  facet normal 0 0 1
    outer loop
      vertex 52.968 -6.69858 36
      vertex 54.3904 -2.00957 36
      vertex 54.1964 -1.94015 36
    endloop
  endfacet
  facet normal 0 0 1
    outer loop
      vertex 52.3212 -6.46716 36
      vertex 54.1964 -1.94015 36
      vertex 54.0101 -1.85203 36
    endloop
  endfacet
  facet normal 0 0 1
    outer loop
      vertex 51.7002 -6.17345 36
      vertex 54.0101 -1.85203 36
      vertex 53.8333 -1.74609 36
    endloop
  endfacet
  facet normal 0 0 1
    outer loop
      vertex 51.111 -5.82029 36
      vertex 53.8333 -1.74609 36
      vertex 53.6678 -1.62332 36
    endloop
  endfacet
  facet normal 0 0 1
    outer loop
      vertex 54.5903 -2.05965 36
      vertex 53.6344 -6.8655 36
      vertex 54.3139 -6.96629 36
    endloop
  endfacet
  facet normal 0 0 1
    outer loop
      vertex 50.5592 -5.41107 36
      vertex 53.6678 -1.62332 36
      vertex 53.5151 -1.48492 36
    endloop
  endfacet
  facet normal 0 0 1
    outer loop
      vertex 50.0503 -4.94975 36
      vertex 53.5151 -1.48492 36
      vertex 53.3767 -1.33223 36
    endloop
  endfacet
  facet normal 0 0 1
    outer loop
      vertex 49.5889 -4.44075 36
      vertex 53.3767 -1.33223 36
      vertex 53.2539 -1.1667 36
    endloop
  endfacet
  facet normal 0 0 1
    outer loop
      vertex 49.1797 -3.88899 36
      vertex 53.2539 -1.1667 36
      vertex 53.148 -0.989933 36
    endloop
  endfacet
  facet normal 0 0 1
    outer loop
      vertex 48.8265 -3.29978 36
      vertex 53.148 -0.989933 36
      vertex 53.0599 -0.803635 36
    endloop
  endfacet
  facet normal 0 0 1
    outer loop
      vertex 48.5328 -2.67878 36
      vertex 53.0599 -0.803635 36
      vertex 52.9904 -0.609597 36
    endloop
  endfacet
  facet normal 0 0 1
    outer loop
      vertex 54.3904 -2.00957 36
      vertex 52.968 -6.69858 36
      vertex 53.6344 -6.8655 36
    endloop
  endfacet
  facet normal 0 0 1
    outer loop
      vertex 48.3014 -2.03199 36
      vertex 52.9904 -0.609597 36
      vertex 52.9403 -0.409689 36
    endloop
  endfacet
  facet normal 0 0 1
    outer loop
      vertex 48.1345 -1.36563 36
      vertex 52.9403 -0.409689 36
      vertex 52.9101 -0.205835 36
    endloop
  endfacet
  facet normal 0 0 1
    outer loop
      vertex 48.0337 -0.686119 36
      vertex 52.9101 -0.205835 36
      vertex 52.9 0 36
    endloop
  endfacet
  facet normal 0 0 1
    outer loop
      vertex 53.2539 1.1667 36
      vertex 49.1797 3.88899 36
      vertex 53.148 0.989933 36
    endloop
  endfacet
  facet normal 0 0 1
    outer loop
      vertex 54.1964 -1.94015 36
      vertex 52.3212 -6.46716 36
      vertex 52.968 -6.69858 36
    endloop
  endfacet
  facet normal -0 0 1
    outer loop
      vertex 48.8265 3.29978 36
      vertex 53.148 0.989933 36
      vertex 49.1797 3.88899 36
    endloop
  endfacet
  facet normal 0 0 1
    outer loop
      vertex 54.0101 -1.85203 36
      vertex 51.7002 -6.17345 36
      vertex 52.3212 -6.46716 36
    endloop
  endfacet
  facet normal 0 0 1
    outer loop
      vertex 53.148 0.989933 36
      vertex 48.8265 3.29978 36
      vertex 53.0599 0.803635 36
    endloop
  endfacet
  facet normal 0 0 1
    outer loop
      vertex 53.8333 -1.74609 36
      vertex 51.111 -5.82029 36
      vertex 51.7002 -6.17345 36
    endloop
  endfacet
  facet normal -0 0 1
    outer loop
      vertex 48.5328 2.67878 36
      vertex 53.0599 0.803635 36
      vertex 48.8265 3.29978 36
    endloop
  endfacet
  facet normal 0 0 1
    outer loop
      vertex 53.6678 -1.62332 36
      vertex 50.5592 -5.41107 36
      vertex 51.111 -5.82029 36
    endloop
  endfacet
  facet normal 0 0 1
    outer loop
      vertex 53.0599 0.803635 36
      vertex 48.5328 2.67878 36
      vertex 52.9904 0.609597 36
    endloop
  endfacet
  facet normal 0 0 1
    outer loop
      vertex 53.5151 -1.48492 36
      vertex 50.0503 -4.94975 36
      vertex 50.5592 -5.41107 36
    endloop
  endfacet
  facet normal -0 0 1
    outer loop
      vertex 48.3014 2.03199 36
      vertex 52.9904 0.609597 36
      vertex 48.5328 2.67878 36
    endloop
  endfacet
  facet normal 0 0 1
    outer loop
      vertex 53.3767 -1.33223 36
      vertex 49.5889 -4.44075 36
      vertex 50.0503 -4.94975 36
    endloop
  endfacet
  facet normal 0 0 1
    outer loop
      vertex 52.9904 0.609597 36
      vertex 48.3014 2.03199 36
      vertex 52.9403 0.409689 36
    endloop
  endfacet
  facet normal 0 0 1
    outer loop
      vertex 53.2539 -1.1667 36
      vertex 49.1797 -3.88899 36
      vertex 49.5889 -4.44075 36
    endloop
  endfacet
  facet normal -0 0 1
    outer loop
      vertex 48.1345 1.36563 36
      vertex 52.9403 0.409689 36
      vertex 48.3014 2.03199 36
    endloop
  endfacet
  facet normal 0 0 1
    outer loop
      vertex 53.148 -0.989933 36
      vertex 48.8265 -3.29978 36
      vertex 49.1797 -3.88899 36
    endloop
  endfacet
  facet normal 0 0 1
    outer loop
      vertex 52.9403 0.409689 36
      vertex 48.1345 1.36563 36
      vertex 52.9101 0.205835 36
    endloop
  endfacet
  facet normal 0 0 1
    outer loop
      vertex 53.0599 -0.803635 36
      vertex 48.5328 -2.67878 36
      vertex 48.8265 -3.29978 36
    endloop
  endfacet
  facet normal -0 0 1
    outer loop
      vertex 48.0337 0.686119 36
      vertex 52.9101 0.205835 36
      vertex 48.1345 1.36563 36
    endloop
  endfacet
  facet normal 0 0 1
    outer loop
      vertex 52.9904 -0.609597 36
      vertex 48.3014 -2.03199 36
      vertex 48.5328 -2.67878 36
    endloop
  endfacet
  facet normal 0 0 1
    outer loop
      vertex 52.9101 0.205835 36
      vertex 48.0337 0.686119 36
      vertex 52.9 0 36
    endloop
  endfacet
  facet normal 0 0 1
    outer loop
      vertex 52.9403 -0.409689 36
      vertex 48.1345 -1.36563 36
      vertex 48.3014 -2.03199 36
    endloop
  endfacet
  facet normal 0 0 1
    outer loop
      vertex 48 0 36
      vertex 52.9 0 36
      vertex 48.0337 0.686119 36
    endloop
  endfacet
  facet normal 0 0 1
    outer loop
      vertex 52.9101 -0.205835 36
      vertex 48.0337 -0.686119 36
      vertex 48.1345 -1.36563 36
    endloop
  endfacet
  facet normal 0 0 1
    outer loop
      vertex 52.9 0 36
      vertex 48 0 36
      vertex 48.0337 -0.686119 36
    endloop
  endfacet
  facet normal 0.903939 0.427661 0
    outer loop
      vertex 61.4672 2.67878 36
      vertex 61.1734 3.29978 11
      vertex 61.1734 3.29978 36
    endloop
  endfacet
  facet normal 0.903939 0.427661 0
    outer loop
      vertex 61.1734 3.29978 11
      vertex 61.4672 2.67878 36
      vertex 61.4672 2.67878 11
    endloop
  endfacet
  facet normal -0.970036 -0.24296 0
    outer loop
      vertex 48.3014 -2.03199 11
      vertex 48.1345 -1.36563 36
      vertex 48.1345 -1.36563 11
    endloop
  endfacet
  facet normal -0.970036 -0.24296 0
    outer loop
      vertex 48.1345 -1.36563 36
      vertex 48.3014 -2.03199 11
      vertex 48.3014 -2.03199 36
    endloop
  endfacet
  facet normal 0.740901 -0.671614 0
    outer loop
      vertex 59.9497 -4.94975 36
      vertex 60.4111 -4.44075 11
      vertex 60.4111 -4.44075 36
    endloop
  endfacet
  facet normal 0.740901 -0.671614 0
    outer loop
      vertex 60.4111 -4.44075 11
      vertex 59.9497 -4.94975 36
      vertex 59.9497 -4.94975 11
    endloop
  endfacet
  facet normal 0.146724 -0.989177 0
    outer loop
      vertex 55.6861 -6.96629 11
      vertex 56.3656 -6.8655 36
      vertex 55.6861 -6.96629 36
    endloop
  endfacet
  facet normal 0.146724 -0.989177 0
    outer loop
      vertex 56.3656 -6.8655 36
      vertex 55.6861 -6.96629 11
      vertex 56.3656 -6.8655 11
    endloop
  endfacet
  facet normal -0.0490736 0.998795 0
    outer loop
      vertex 55 7 11
      vertex 54.3139 6.96629 36
      vertex 55 7 36
    endloop
  endfacet
  facet normal -0.0490736 0.998795 0
    outer loop
      vertex 54.3139 6.96629 36
      vertex 55 7 11
      vertex 54.3139 6.96629 11
    endloop
  endfacet
  facet normal 0.671623 0.740893 -0
    outer loop
      vertex 59.9497 4.94975 11
      vertex 59.4408 5.41107 36
      vertex 59.9497 4.94975 36
    endloop
  endfacet
  facet normal 0.671623 0.740893 0
    outer loop
      vertex 59.4408 5.41107 36
      vertex 59.9497 4.94975 11
      vertex 59.4408 5.41107 11
    endloop
  endfacet
  facet normal 0.941556 0.336857 0
    outer loop
      vertex 61.6986 2.03199 36
      vertex 61.4672 2.67878 11
      vertex 61.4672 2.67878 36
    endloop
  endfacet
  facet normal 0.941556 0.336857 0
    outer loop
      vertex 61.4672 2.67878 11
      vertex 61.6986 2.03199 36
      vertex 61.6986 2.03199 11
    endloop
  endfacet
  facet normal -0.903996 -0.427542 0
    outer loop
      vertex 48.8265 -3.29978 11
      vertex 48.5328 -2.67878 36
      vertex 48.5328 -2.67878 11
    endloop
  endfacet
  facet normal -0.903996 -0.427542 0
    outer loop
      vertex 48.5328 -2.67878 36
      vertex 48.8265 -3.29978 11
      vertex 48.8265 -3.29978 36
    endloop
  endfacet
  facet normal -0.595678 0.803223 0
    outer loop
      vertex 51.111 5.82029 11
      vertex 50.5592 5.41107 36
      vertex 51.111 5.82029 36
    endloop
  endfacet
  facet normal -0.595678 0.803223 0
    outer loop
      vertex 50.5592 5.41107 36
      vertex 51.111 5.82029 11
      vertex 50.5592 5.41107 11
    endloop
  endfacet
  facet normal 0.242974 -0.970033 0
    outer loop
      vertex 56.3656 -6.8655 11
      vertex 57.032 -6.69858 36
      vertex 56.3656 -6.8655 36
    endloop
  endfacet
  facet normal 0.242974 -0.970033 0
    outer loop
      vertex 57.032 -6.69858 36
      vertex 56.3656 -6.8655 11
      vertex 57.032 -6.69858 11
    endloop
  endfacet
  facet normal 0.427554 -0.90399 0
    outer loop
      vertex 57.6788 -6.46716 11
      vertex 58.2998 -6.17345 36
      vertex 57.6788 -6.46716 36
    endloop
  endfacet
  facet normal 0.427554 -0.90399 0
    outer loop
      vertex 58.2998 -6.17345 36
      vertex 57.6788 -6.46716 11
      vertex 58.2998 -6.17345 11
    endloop
  endfacet
  facet normal 0.989176 -0.146736 0
    outer loop
      vertex 61.8655 -1.36563 36
      vertex 61.9663 -0.686119 11
      vertex 61.9663 -0.686119 36
    endloop
  endfacet
  facet normal 0.989176 -0.146736 0
    outer loop
      vertex 61.9663 -0.686119 11
      vertex 61.8655 -1.36563 36
      vertex 61.8655 -1.36563 11
    endloop
  endfacet
  facet normal -0.336879 0.941548 0
    outer loop
      vertex 52.968 6.69858 11
      vertex 52.3212 6.46716 36
      vertex 52.968 6.69858 36
    endloop
  endfacet
  facet normal -0.336879 0.941548 0
    outer loop
      vertex 52.3212 6.46716 36
      vertex 52.968 6.69858 11
      vertex 52.3212 6.46716 11
    endloop
  endfacet
  facet normal -0.427554 -0.90399 0
    outer loop
      vertex 51.7002 -6.17345 11
      vertex 52.3212 -6.46716 36
      vertex 51.7002 -6.17345 36
    endloop
  endfacet
  facet normal -0.427554 -0.90399 -0
    outer loop
      vertex 52.3212 -6.46716 36
      vertex 51.7002 -6.17345 11
      vertex 52.3212 -6.46716 11
    endloop
  endfacet
  facet normal 0.857766 0.51404 0
    outer loop
      vertex 61.1734 3.29978 36
      vertex 60.8203 3.88899 11
      vertex 60.8203 3.88899 36
    endloop
  endfacet
  facet normal 0.857766 0.51404 0
    outer loop
      vertex 60.8203 3.88899 11
      vertex 61.1734 3.29978 36
      vertex 61.1734 3.29978 11
    endloop
  endfacet
  facet normal -0.242974 -0.970033 0
    outer loop
      vertex 52.968 -6.69858 11
      vertex 53.6344 -6.8655 36
      vertex 52.968 -6.69858 36
    endloop
  endfacet
  facet normal -0.242974 -0.970033 -0
    outer loop
      vertex 53.6344 -6.8655 36
      vertex 52.968 -6.69858 11
      vertex 53.6344 -6.8655 11
    endloop
  endfacet
  facet normal -0.671623 0.740893 0
    outer loop
      vertex 50.5592 5.41107 11
      vertex 50.0503 4.94975 36
      vertex 50.5592 5.41107 36
    endloop
  endfacet
  facet normal -0.671623 0.740893 0
    outer loop
      vertex 50.0503 4.94975 36
      vertex 50.5592 5.41107 11
      vertex 50.0503 4.94975 11
    endloop
  endfacet
  facet normal 0.740901 0.671614 0
    outer loop
      vertex 60.4111 4.44075 36
      vertex 59.9497 4.94975 11
      vertex 59.9497 4.94975 36
    endloop
  endfacet
  facet normal 0.740901 0.671614 0
    outer loop
      vertex 59.9497 4.94975 11
      vertex 60.4111 4.44075 36
      vertex 60.4111 4.44075 11
    endloop
  endfacet
  facet normal -0.740901 0.671614 0
    outer loop
      vertex 49.5889 4.44075 11
      vertex 50.0503 4.94975 36
      vertex 50.0503 4.94975 11
    endloop
  endfacet
  facet normal -0.740901 0.671614 0
    outer loop
      vertex 50.0503 4.94975 36
      vertex 49.5889 4.44075 11
      vertex 49.5889 4.44075 36
    endloop
  endfacet
  facet normal 0.903939 -0.427661 0
    outer loop
      vertex 61.1734 -3.29978 36
      vertex 61.4672 -2.67878 11
      vertex 61.4672 -2.67878 36
    endloop
  endfacet
  facet normal 0.903939 -0.427661 0
    outer loop
      vertex 61.4672 -2.67878 11
      vertex 61.1734 -3.29978 36
      vertex 61.1734 -3.29978 11
    endloop
  endfacet
  facet normal 0.0490736 -0.998795 0
    outer loop
      vertex 55 -7 11
      vertex 55.6861 -6.96629 36
      vertex 55 -7 36
    endloop
  endfacet
  facet normal 0.0490736 -0.998795 0
    outer loop
      vertex 55.6861 -6.96629 36
      vertex 55 -7 11
      vertex 55.6861 -6.96629 11
    endloop
  endfacet
  facet normal -0.671623 -0.740893 0
    outer loop
      vertex 50.0503 -4.94975 11
      vertex 50.5592 -5.41107 36
      vertex 50.0503 -4.94975 36
    endloop
  endfacet
  facet normal -0.671623 -0.740893 -0
    outer loop
      vertex 50.5592 -5.41107 36
      vertex 50.0503 -4.94975 11
      vertex 50.5592 -5.41107 11
    endloop
  endfacet
  facet normal -0.803217 0.595687 0
    outer loop
      vertex 49.1797 3.88899 11
      vertex 49.5889 4.44075 36
      vertex 49.5889 4.44075 11
    endloop
  endfacet
  facet normal -0.803217 0.595687 0
    outer loop
      vertex 49.5889 4.44075 36
      vertex 49.1797 3.88899 11
      vertex 49.1797 3.88899 36
    endloop
  endfacet
  facet normal -0.0490736 -0.998795 0
    outer loop
      vertex 54.3139 -6.96629 11
      vertex 55 -7 36
      vertex 54.3139 -6.96629 36
    endloop
  endfacet
  facet normal -0.0490736 -0.998795 -0
    outer loop
      vertex 55 -7 36
      vertex 54.3139 -6.96629 11
      vertex 55 -7 11
    endloop
  endfacet
  facet normal 0.595678 -0.803223 0
    outer loop
      vertex 58.889 -5.82029 11
      vertex 59.4408 -5.41107 36
      vertex 58.889 -5.82029 36
    endloop
  endfacet
  facet normal 0.595678 -0.803223 0
    outer loop
      vertex 59.4408 -5.41107 36
      vertex 58.889 -5.82029 11
      vertex 59.4408 -5.41107 11
    endloop
  endfacet
  facet normal 0.857766 -0.51404 0
    outer loop
      vertex 60.8203 -3.88899 36
      vertex 61.1734 -3.29978 11
      vertex 61.1734 -3.29978 36
    endloop
  endfacet
  facet normal 0.857766 -0.51404 0
    outer loop
      vertex 61.1734 -3.29978 11
      vertex 60.8203 -3.88899 36
      vertex 60.8203 -3.88899 11
    endloop
  endfacet
  facet normal -0.146724 -0.989177 0
    outer loop
      vertex 53.6344 -6.8655 11
      vertex 54.3139 -6.96629 36
      vertex 53.6344 -6.8655 36
    endloop
  endfacet
  facet normal -0.146724 -0.989177 -0
    outer loop
      vertex 54.3139 -6.96629 36
      vertex 53.6344 -6.8655 11
      vertex 54.3139 -6.96629 11
    endloop
  endfacet
  facet normal -0.903996 0.427542 0
    outer loop
      vertex 48.5328 2.67878 11
      vertex 48.8265 3.29978 36
      vertex 48.8265 3.29978 11
    endloop
  endfacet
  facet normal -0.903996 0.427542 0
    outer loop
      vertex 48.8265 3.29978 36
      vertex 48.5328 2.67878 11
      vertex 48.5328 2.67878 36
    endloop
  endfacet
  facet normal 0.146724 0.989177 -0
    outer loop
      vertex 56.3656 6.8655 11
      vertex 55.6861 6.96629 36
      vertex 56.3656 6.8655 36
    endloop
  endfacet
  facet normal 0.146724 0.989177 0
    outer loop
      vertex 55.6861 6.96629 36
      vertex 56.3656 6.8655 11
      vertex 55.6861 6.96629 11
    endloop
  endfacet
  facet normal -0.998796 0.0490577 0
    outer loop
      vertex 48 0 11
      vertex 48.0337 0.686119 36
      vertex 48.0337 0.686119 11
    endloop
  endfacet
  facet normal -0.998796 0.0490577 0
    outer loop
      vertex 48.0337 0.686119 36
      vertex 48 0 11
      vertex 48 0 36
    endloop
  endfacet
  facet normal -0.998796 -0.0490577 0
    outer loop
      vertex 48.0337 -0.686119 11
      vertex 48 0 36
      vertex 48 0 11
    endloop
  endfacet
  facet normal -0.998796 -0.0490577 0
    outer loop
      vertex 48 0 36
      vertex 48.0337 -0.686119 11
      vertex 48.0337 -0.686119 36
    endloop
  endfacet
  facet normal 0.336879 -0.941548 0
    outer loop
      vertex 57.032 -6.69858 11
      vertex 57.6788 -6.46716 36
      vertex 57.032 -6.69858 36
    endloop
  endfacet
  facet normal 0.336879 -0.941548 0
    outer loop
      vertex 57.6788 -6.46716 36
      vertex 57.032 -6.69858 11
      vertex 57.6788 -6.46716 11
    endloop
  endfacet
  facet normal -0.857702 -0.514147 0
    outer loop
      vertex 49.1797 -3.88899 11
      vertex 48.8265 -3.29978 36
      vertex 48.8265 -3.29978 11
    endloop
  endfacet
  facet normal -0.857702 -0.514147 0
    outer loop
      vertex 48.8265 -3.29978 36
      vertex 49.1797 -3.88899 11
      vertex 49.1797 -3.88899 36
    endloop
  endfacet
  facet normal 0.242974 0.970033 -0
    outer loop
      vertex 57.032 6.69858 11
      vertex 56.3656 6.8655 36
      vertex 57.032 6.69858 36
    endloop
  endfacet
  facet normal 0.242974 0.970033 0
    outer loop
      vertex 56.3656 6.8655 36
      vertex 57.032 6.69858 11
      vertex 56.3656 6.8655 11
    endloop
  endfacet
  facet normal -0.857702 0.514147 0
    outer loop
      vertex 48.8265 3.29978 11
      vertex 49.1797 3.88899 36
      vertex 49.1797 3.88899 11
    endloop
  endfacet
  facet normal -0.857702 0.514147 0
    outer loop
      vertex 49.1797 3.88899 36
      vertex 48.8265 3.29978 11
      vertex 48.8265 3.29978 36
    endloop
  endfacet
  facet normal -0.336879 -0.941548 0
    outer loop
      vertex 52.3212 -6.46716 11
      vertex 52.968 -6.69858 36
      vertex 52.3212 -6.46716 36
    endloop
  endfacet
  facet normal -0.336879 -0.941548 -0
    outer loop
      vertex 52.968 -6.69858 36
      vertex 52.3212 -6.46716 11
      vertex 52.968 -6.69858 11
    endloop
  endfacet
  facet normal -0.51411 -0.857724 0
    outer loop
      vertex 51.111 -5.82029 11
      vertex 51.7002 -6.17345 36
      vertex 51.111 -5.82029 36
    endloop
  endfacet
  facet normal -0.51411 -0.857724 -0
    outer loop
      vertex 51.7002 -6.17345 36
      vertex 51.111 -5.82029 11
      vertex 51.7002 -6.17345 11
    endloop
  endfacet
  facet normal -0.917518 0.397693 0
    outer loop
      vertex -34.0513 50.0971 8
      vertex -33.7781 50.7274 36
      vertex -33.7781 50.7274 8
    endloop
  endfacet
  facet normal -0.917518 0.397693 0
    outer loop
      vertex -33.7781 50.7274 36
      vertex -34.0513 50.0971 8
      vertex -34.0513 50.0971 36
    endloop
  endfacet
  facet normal -0.621601 0.783334 0
    outer loop
      vertex -31.5773 53.3213 8
      vertex -32.1154 52.8943 36
      vertex -31.5773 53.3213 36
    endloop
  endfacet
  facet normal -0.621601 0.783334 0
    outer loop
      vertex -32.1154 52.8943 36
      vertex -31.5773 53.3213 8
      vertex -32.1154 52.8943 8
    endloop
  endfacet
  facet normal -0.541971 0.840397 0
    outer loop
      vertex -31 53.6936 8
      vertex -31.5773 53.3213 36
      vertex -31 53.6936 36
    endloop
  endfacet
  facet normal -0.541971 0.840397 0
    outer loop
      vertex -31.5773 53.3213 36
      vertex -31 53.6936 8
      vertex -31.5773 53.3213 8
    endloop
  endfacet
  facet normal -0.695514 0.718513 0
    outer loop
      vertex -32.1154 52.8943 8
      vertex -32.609 52.4165 36
      vertex -32.1154 52.8943 36
    endloop
  endfacet
  facet normal -0.695514 0.718513 0
    outer loop
      vertex -32.609 52.4165 36
      vertex -32.1154 52.8943 8
      vertex -32.609 52.4165 8
    endloop
  endfacet
  facet normal -0.0816601 0.99666 0
    outer loop
      vertex -27.729 54.6276 8
      vertex -28.4137 54.5715 36
      vertex -27.729 54.6276 36
    endloop
  endfacet
  facet normal -0.0816601 0.99666 0
    outer loop
      vertex -28.4137 54.5715 36
      vertex -27.729 54.6276 8
      vertex -28.4137 54.5715 8
    endloop
  endfacet
  facet normal -0.718583 -0.695441 0
    outer loop
      vertex -32.2851 42.5223 8
      vertex -32.7629 43.016 36
      vertex -32.7629 43.016 8
    endloop
  endfacet
  facet normal -0.718583 -0.695441 0
    outer loop
      vertex -32.7629 43.016 36
      vertex -32.2851 42.5223 8
      vertex -32.2851 42.5223 36
    endloop
  endfacet
  facet normal 0.822271 -0.569096 0
    outer loop
      vertex -21.9465 43.3701 36
      vertex -21.5556 43.9349 8
      vertex -21.5556 43.9349 36
    endloop
  endfacet
  facet normal 0.822271 -0.569096 0
    outer loop
      vertex -21.5556 43.9349 8
      vertex -21.9465 43.3701 36
      vertex -21.9465 43.3701 8
    endloop
  endfacet
  facet normal -0.996648 -0.0818046 0
    outer loop
      vertex -34.4401 46.7177 8
      vertex -34.4963 47.4024 36
      vertex -34.4963 47.4024 8
    endloop
  endfacet
  facet normal -0.996648 -0.0818046 0
    outer loop
      vertex -34.4963 47.4024 36
      vertex -34.4401 46.7177 8
      vertex -34.4401 46.7177 36
    endloop
  endfacet
  facet normal 0.45697 -0.889482 0
    outer loop
      vertex -24.611 41.2553 8
      vertex -24 41.5692 36
      vertex -24.611 41.2553 36
    endloop
  endfacet
  facet normal 0.45697 -0.889482 0
    outer loop
      vertex -24 41.5692 36
      vertex -24.611 41.2553 8
      vertex -24 41.5692 8
    endloop
  endfacet
  facet normal -0.456795 0.889572 0
    outer loop
      vertex -30.3889 54.0074 8
      vertex -31 53.6936 36
      vertex -30.3889 54.0074 36
    endloop
  endfacet
  facet normal -0.456795 0.889572 0
    outer loop
      vertex -31 53.6936 36
      vertex -30.3889 54.0074 8
      vertex -31 53.6936 8
    endloop
  endfacet
  facet normal 0.485742 0.874102 -0
    outer loop
      vertex -23.8035 53.5758 8
      vertex -24.404 53.9095 36
      vertex -23.8035 53.5758 36
    endloop
  endfacet
  facet normal 0.485742 0.874102 0
    outer loop
      vertex -24.404 53.9095 36
      vertex -23.8035 53.5758 8
      vertex -24.404 53.9095 8
    endloop
  endfacet
  facet normal 0.114265 0.99345 -0
    outer loop
      vertex -26.3597 54.5379 8
      vertex -27.0422 54.6164 36
      vertex -26.3597 54.5379 36
    endloop
  endfacet
  facet normal 0.114265 0.99345 0
    outer loop
      vertex -27.0422 54.6164 36
      vertex -26.3597 54.5379 8
      vertex -27.0422 54.6164 8
    endloop
  endfacet
  facet normal -0.822271 0.569096 0
    outer loop
      vertex -33.4444 51.3279 8
      vertex -33.0535 51.8927 36
      vertex -33.0535 51.8927 8
    endloop
  endfacet
  facet normal -0.822271 0.569096 0
    outer loop
      vertex -33.0535 51.8927 36
      vertex -33.4444 51.3279 8
      vertex -33.4444 51.3279 36
    endloop
  endfacet
  facet normal -0.99345 0.114265 0
    outer loop
      vertex -34.485 48.0892 8
      vertex -34.4065 48.7717 36
      vertex -34.4065 48.7717 8
    endloop
  endfacet
  facet normal -0.99345 0.114265 0
    outer loop
      vertex -34.4065 48.7717 36
      vertex -34.485 48.0892 8
      vertex -34.485 48.0892 36
    endloop
  endfacet
  facet normal -0.2111 -0.977465 0
    outer loop
      vertex -29.3117 40.8699 8
      vertex -28.6403 40.7249 36
      vertex -29.3117 40.8699 36
    endloop
  endfacet
  facet normal -0.2111 -0.977465 -0
    outer loop
      vertex -28.6403 40.7249 36
      vertex -29.3117 40.8699 8
      vertex -28.6403 40.7249 8
    endloop
  endfacet
  facet normal -0.840397 -0.541971 0
    outer loop
      vertex -33.1899 43.5541 8
      vertex -33.5622 44.1314 36
      vertex -33.5622 44.1314 8
    endloop
  endfacet
  facet normal -0.840397 -0.541971 0
    outer loop
      vertex -33.5622 44.1314 36
      vertex -33.1899 43.5541 8
      vertex -33.1899 43.5541 36
    endloop
  endfacet
  facet normal 0.99345 -0.114265 0
    outer loop
      vertex -20.5935 46.4911 36
      vertex -20.515 47.1736 8
      vertex -20.515 47.1736 36
    endloop
  endfacet
  facet normal 0.99345 -0.114265 0
    outer loop
      vertex -20.515 47.1736 8
      vertex -20.5935 46.4911 36
      vertex -20.5935 46.4911 8
    endloop
  endfacet
  facet normal 0.952048 -0.305948 0
    outer loop
      vertex -20.9487 45.1656 36
      vertex -20.7385 45.8197 8
      vertex -20.7385 45.8197 36
    endloop
  endfacet
  facet normal 0.952048 -0.305948 0
    outer loop
      vertex -20.7385 45.8197 8
      vertex -20.9487 45.1656 36
      vertex -20.9487 45.1656 8
    endloop
  endfacet
  facet normal -0.30599 -0.952035 0
    outer loop
      vertex -29.9657 41.0801 8
      vertex -29.3117 40.8699 36
      vertex -29.9657 41.0801 36
    endloop
  endfacet
  facet normal -0.30599 -0.952035 -0
    outer loop
      vertex -29.3117 40.8699 36
      vertex -29.9657 41.0801 8
      vertex -29.3117 40.8699 8
    endloop
  endfacet
  facet normal 0.0818046 -0.996648 0
    outer loop
      vertex -27.271 40.6351 8
      vertex -26.5863 40.6913 36
      vertex -27.271 40.6351 36
    endloop
  endfacet
  facet normal 0.0818046 -0.996648 0
    outer loop
      vertex -26.5863 40.6913 36
      vertex -27.271 40.6351 8
      vertex -26.5863 40.6913 8
    endloop
  endfacet
  facet normal -0.983837 -0.179065 0
    outer loop
      vertex -34.3171 46.0419 8
      vertex -34.4401 46.7177 36
      vertex -34.4401 46.7177 8
    endloop
  endfacet
  facet normal -0.983837 -0.179065 0
    outer loop
      vertex -34.4401 46.7177 36
      vertex -34.3171 46.0419 8
      vertex -34.3171 46.0419 36
    endloop
  endfacet
  facet normal 0.874102 -0.485742 0
    outer loop
      vertex -21.5556 43.9349 36
      vertex -21.2219 44.5354 8
      vertex -21.2219 44.5354 36
    endloop
  endfacet
  facet normal 0.874102 -0.485742 0
    outer loop
      vertex -21.2219 44.5354 8
      vertex -21.5556 43.9349 36
      vertex -21.5556 43.9349 8
    endloop
  endfacet
  facet normal 0.569096 0.822271 -0
    outer loop
      vertex -23.2387 53.1849 8
      vertex -23.8035 53.5758 36
      vertex -23.2387 53.1849 36
    endloop
  endfacet
  facet normal 0.569096 0.822271 0
    outer loop
      vertex -23.8035 53.5758 36
      vertex -23.2387 53.1849 8
      vertex -23.8035 53.5758 8
    endloop
  endfacet
  facet normal -0.397693 -0.917518 0
    outer loop
      vertex -30.596 41.3533 8
      vertex -29.9657 41.0801 36
      vertex -30.596 41.3533 36
    endloop
  endfacet
  facet normal -0.397693 -0.917518 -0
    outer loop
      vertex -29.9657 41.0801 36
      vertex -30.596 41.3533 8
      vertex -29.9657 41.0801 8
    endloop
  endfacet
  facet normal -0.114265 -0.99345 0
    outer loop
      vertex -28.6403 40.7249 8
      vertex -27.9578 40.6464 36
      vertex -28.6403 40.7249 36
    endloop
  endfacet
  facet normal -0.114265 -0.99345 -0
    outer loop
      vertex -27.9578 40.6464 36
      vertex -28.6403 40.7249 8
      vertex -27.9578 40.6464 8
    endloop
  endfacet
  facet normal -0.762463 0.647031 0
    outer loop
      vertex -33.0535 51.8927 8
      vertex -32.609 52.4165 36
      vertex -32.609 52.4165 8
    endloop
  endfacet
  facet normal -0.762463 0.647031 0
    outer loop
      vertex -32.609 52.4165 36
      vertex -33.0535 51.8927 8
      vertex -33.0535 51.8927 36
    endloop
  endfacet
  facet normal 0.762463 -0.647031 0
    outer loop
      vertex -22.391 42.8463 36
      vertex -21.9465 43.3701 8
      vertex -21.9465 43.3701 36
    endloop
  endfacet
  facet normal 0.762463 -0.647031 0
    outer loop
      vertex -21.9465 43.3701 8
      vertex -22.391 42.8463 36
      vertex -22.391 42.8463 8
    endloop
  endfacet
  facet normal 0.647031 0.762463 -0
    outer loop
      vertex -22.7149 52.7404 8
      vertex -23.2387 53.1849 36
      vertex -22.7149 52.7404 36
    endloop
  endfacet
  facet normal 0.647031 0.762463 0
    outer loop
      vertex -23.2387 53.1849 36
      vertex -22.7149 52.7404 8
      vertex -23.2387 53.1849 8
    endloop
  endfacet
  facet normal -0.485742 -0.874102 0
    outer loop
      vertex -31.1965 41.687 8
      vertex -30.596 41.3533 36
      vertex -31.1965 41.687 36
    endloop
  endfacet
  facet normal -0.485742 -0.874102 -0
    outer loop
      vertex -30.596 41.3533 36
      vertex -31.1965 41.687 8
      vertex -30.596 41.3533 8
    endloop
  endfacet
  facet normal 0.695514 -0.718513 0
    outer loop
      vertex -22.8846 42.3685 8
      vertex -22.391 42.8463 36
      vertex -22.8846 42.3685 36
    endloop
  endfacet
  facet normal 0.695514 -0.718513 0
    outer loop
      vertex -22.391 42.8463 36
      vertex -22.8846 42.3685 8
      vertex -22.391 42.8463 8
    endloop
  endfacet
  facet normal 0.999865 -0.0164509 0
    outer loop
      vertex -20.515 47.1736 36
      vertex -20.5037 47.8604 8
      vertex -20.5037 47.8604 36
    endloop
  endfacet
  facet normal 0.999865 -0.0164509 0
    outer loop
      vertex -20.5037 47.8604 8
      vertex -20.515 47.1736 36
      vertex -20.515 47.1736 8
    endloop
  endfacet
  facet normal 0.783334 0.621601 0
    outer loop
      vertex -21.8101 51.7087 36
      vertex -22.2371 52.2468 8
      vertex -22.2371 52.2468 36
    endloop
  endfacet
  facet normal 0.783334 0.621601 0
    outer loop
      vertex -22.2371 52.2468 8
      vertex -21.8101 51.7087 36
      vertex -21.8101 51.7087 8
    endloop
  endfacet
  facet normal -0.569096 -0.822271 0
    outer loop
      vertex -31.7613 42.0779 8
      vertex -31.1965 41.687 36
      vertex -31.7613 42.0779 36
    endloop
  endfacet
  facet normal -0.569096 -0.822271 -0
    outer loop
      vertex -31.1965 41.687 36
      vertex -31.7613 42.0779 8
      vertex -31.1965 41.687 8
    endloop
  endfacet
  facet normal 0.305948 0.952048 -0
    outer loop
      vertex -25.0342 54.1827 8
      vertex -25.6883 54.3929 36
      vertex -25.0342 54.1827 36
    endloop
  endfacet
  facet normal 0.305948 0.952048 0
    outer loop
      vertex -25.6883 54.3929 36
      vertex -25.0342 54.1827 8
      vertex -25.6883 54.3929 8
    endloop
  endfacet
  facet normal -0.977465 0.2111 0
    outer loop
      vertex -34.4065 48.7717 8
      vertex -34.2615 49.4431 36
      vertex -34.2615 49.4431 8
    endloop
  endfacet
  facet normal -0.977465 0.2111 0
    outer loop
      vertex -34.2615 49.4431 36
      vertex -34.4065 48.7717 8
      vertex -34.4065 48.7717 36
    endloop
  endfacet
  facet normal -0.999865 0.0164509 0
    outer loop
      vertex -34.4963 47.4024 8
      vertex -34.485 48.0892 36
      vertex -34.485 48.0892 8
    endloop
  endfacet
  facet normal -0.999865 0.0164509 0
    outer loop
      vertex -34.485 48.0892 36
      vertex -34.4963 47.4024 8
      vertex -34.4963 47.4024 36
    endloop
  endfacet
  facet normal -0.274529 0.961579 0
    outer loop
      vertex -29.0895 54.4485 8
      vertex -29.7501 54.2599 36
      vertex -29.0895 54.4485 36
    endloop
  endfacet
  facet normal -0.274529 0.961579 0
    outer loop
      vertex -29.7501 54.2599 36
      vertex -29.0895 54.4485 8
      vertex -29.7501 54.2599 8
    endloop
  endfacet
  facet normal -0.367597 0.929985 0
    outer loop
      vertex -29.7501 54.2599 8
      vertex -30.3889 54.0074 36
      vertex -29.7501 54.2599 36
    endloop
  endfacet
  facet normal -0.367597 0.929985 0
    outer loop
      vertex -30.3889 54.0074 36
      vertex -29.7501 54.2599 8
      vertex -30.3889 54.0074 8
    endloop
  endfacet
  facet normal 0.0163053 0.999867 -0
    outer loop
      vertex -27.0422 54.6164 8
      vertex -27.729 54.6276 36
      vertex -27.0422 54.6164 36
    endloop
  endfacet
  facet normal 0.0163053 0.999867 0
    outer loop
      vertex -27.729 54.6276 36
      vertex -27.0422 54.6164 8
      vertex -27.729 54.6276 8
    endloop
  endfacet
  facet normal 0.718513 0.695514 0
    outer loop
      vertex -22.2371 52.2468 36
      vertex -22.7149 52.7404 8
      vertex -22.7149 52.7404 36
    endloop
  endfacet
  facet normal 0.718513 0.695514 0
    outer loop
      vertex -22.7149 52.7404 8
      vertex -22.2371 52.2468 36
      vertex -22.2371 52.2468 8
    endloop
  endfacet
  facet normal -0.874102 0.485742 0
    outer loop
      vertex -33.7781 50.7274 8
      vertex -33.4444 51.3279 36
      vertex -33.4444 51.3279 8
    endloop
  endfacet
  facet normal -0.874102 0.485742 0
    outer loop
      vertex -33.4444 51.3279 36
      vertex -33.7781 50.7274 8
      vertex -33.7781 50.7274 36
    endloop
  endfacet
  facet normal 0.840397 0.541971 0
    outer loop
      vertex -21.4378 51.1314 36
      vertex -21.8101 51.7087 8
      vertex -21.8101 51.7087 36
    endloop
  endfacet
  facet normal 0.840397 0.541971 0
    outer loop
      vertex -21.8101 51.7087 8
      vertex -21.4378 51.1314 36
      vertex -21.4378 51.1314 8
    endloop
  endfacet
  facet normal 0 0 1
    outer loop
      vertex -25.4011 47.7001 36
      vertex -20.5037 47.8604 36
      vertex -20.5599 48.5451 36
    endloop
  endfacet
  facet normal 0 0 1
    outer loop
      vertex -20.5037 47.8604 36
      vertex -25.4011 47.7001 36
      vertex -20.515 47.1736 36
    endloop
  endfacet
  facet normal 0 0 1
    outer loop
      vertex -25.418 47.9055 36
      vertex -20.5599 48.5451 36
      vertex -20.6829 49.2209 36
    endloop
  endfacet
  facet normal -0 0 1
    outer loop
      vertex -25.4045 47.494 36
      vertex -20.515 47.1736 36
      vertex -25.4011 47.7001 36
    endloop
  endfacet
  facet normal 0 0 1
    outer loop
      vertex -25.4549 48.1083 36
      vertex -20.6829 49.2209 36
      vertex -20.8715 49.8815 36
    endloop
  endfacet
  facet normal 0 0 1
    outer loop
      vertex -20.515 47.1736 36
      vertex -25.4045 47.494 36
      vertex -20.5935 46.4911 36
    endloop
  endfacet
  facet normal 0 0 1
    outer loop
      vertex -25.5114 48.3064 36
      vertex -20.8715 49.8815 36
      vertex -21.124 50.5203 36
    endloop
  endfacet
  facet normal -0 0 1
    outer loop
      vertex -25.428 47.2893 36
      vertex -20.5935 46.4911 36
      vertex -25.4045 47.494 36
    endloop
  endfacet
  facet normal 0 0 1
    outer loop
      vertex -25.5872 48.4981 36
      vertex -21.124 50.5203 36
      vertex -21.4378 51.1314 36
    endloop
  endfacet
  facet normal 0 0 1
    outer loop
      vertex -20.5935 46.4911 36
      vertex -25.428 47.2893 36
      vertex -20.7385 45.8197 36
    endloop
  endfacet
  facet normal 0 0 1
    outer loop
      vertex -25.6813 48.6814 36
      vertex -21.4378 51.1314 36
      vertex -21.8101 51.7087 36
    endloop
  endfacet
  facet normal -0 0 1
    outer loop
      vertex -25.4716 47.0879 36
      vertex -20.7385 45.8197 36
      vertex -25.428 47.2893 36
    endloop
  endfacet
  facet normal 0 0 1
    outer loop
      vertex -25.793 48.8546 36
      vertex -21.8101 51.7087 36
      vertex -22.2371 52.2468 36
    endloop
  endfacet
  facet normal 0 0 1
    outer loop
      vertex -20.7385 45.8197 36
      vertex -25.4716 47.0879 36
      vertex -20.9487 45.1656 36
    endloop
  endfacet
  facet normal 0 0 1
    outer loop
      vertex -25.9211 49.016 36
      vertex -22.2371 52.2468 36
      vertex -22.7149 52.7404 36
    endloop
  endfacet
  facet normal -0 0 1
    outer loop
      vertex -25.5346 46.8917 36
      vertex -20.9487 45.1656 36
      vertex -25.4716 47.0879 36
    endloop
  endfacet
  facet normal 0 0 1
    outer loop
      vertex -26.0645 49.1641 36
      vertex -22.7149 52.7404 36
      vertex -23.2387 53.1849 36
    endloop
  endfacet
  facet normal 0 0 1
    outer loop
      vertex -20.9487 45.1656 36
      vertex -25.5346 46.8917 36
      vertex -21.2219 44.5354 36
    endloop
  endfacet
  facet normal 0 0 1
    outer loop
      vertex -26.2216 49.2974 36
      vertex -23.2387 53.1849 36
      vertex -23.8035 53.5758 36
    endloop
  endfacet
  facet normal -0 0 1
    outer loop
      vertex -25.6166 46.7026 36
      vertex -21.2219 44.5354 36
      vertex -25.5346 46.8917 36
    endloop
  endfacet
  facet normal 0 0 1
    outer loop
      vertex -26.3911 49.4147 36
      vertex -23.8035 53.5758 36
      vertex -24.404 53.9095 36
    endloop
  endfacet
  facet normal 0 0 1
    outer loop
      vertex -21.2219 44.5354 36
      vertex -25.6166 46.7026 36
      vertex -21.5556 43.9349 36
    endloop
  endfacet
  facet normal 0 0 1
    outer loop
      vertex -26.5712 49.5148 36
      vertex -24.404 53.9095 36
      vertex -25.0342 54.1827 36
    endloop
  endfacet
  facet normal -0 0 1
    outer loop
      vertex -25.7167 46.5225 36
      vertex -21.5556 43.9349 36
      vertex -25.6166 46.7026 36
    endloop
  endfacet
  facet normal 0 0 1
    outer loop
      vertex -21.5556 43.9349 36
      vertex -25.7167 46.5225 36
      vertex -21.9465 43.3701 36
    endloop
  endfacet
  facet normal 0 0 1
    outer loop
      vertex -20.5599 48.5451 36
      vertex -25.418 47.9055 36
      vertex -25.4011 47.7001 36
    endloop
  endfacet
  facet normal 0 0 1
    outer loop
      vertex -20.6829 49.2209 36
      vertex -25.4549 48.1083 36
      vertex -25.418 47.9055 36
    endloop
  endfacet
  facet normal 0 0 1
    outer loop
      vertex -20.8715 49.8815 36
      vertex -25.5114 48.3064 36
      vertex -25.4549 48.1083 36
    endloop
  endfacet
  facet normal 0 0 1
    outer loop
      vertex -21.124 50.5203 36
      vertex -25.5872 48.4981 36
      vertex -25.5114 48.3064 36
    endloop
  endfacet
  facet normal 0 0 1
    outer loop
      vertex -21.4378 51.1314 36
      vertex -25.6813 48.6814 36
      vertex -25.5872 48.4981 36
    endloop
  endfacet
  facet normal 0 0 1
    outer loop
      vertex -26.7603 49.5968 36
      vertex -25.0342 54.1827 36
      vertex -25.6883 54.3929 36
    endloop
  endfacet
  facet normal 0 0 1
    outer loop
      vertex -21.8101 51.7087 36
      vertex -25.793 48.8546 36
      vertex -25.6813 48.6814 36
    endloop
  endfacet
  facet normal 0 0 1
    outer loop
      vertex -22.2371 52.2468 36
      vertex -25.9211 49.016 36
      vertex -25.793 48.8546 36
    endloop
  endfacet
  facet normal 0 0 1
    outer loop
      vertex -22.7149 52.7404 36
      vertex -26.0645 49.1641 36
      vertex -25.9211 49.016 36
    endloop
  endfacet
  facet normal 0 0 1
    outer loop
      vertex -23.2387 53.1849 36
      vertex -26.2216 49.2974 36
      vertex -26.0645 49.1641 36
    endloop
  endfacet
  facet normal 0 0 1
    outer loop
      vertex -26.9565 49.6598 36
      vertex -25.6883 54.3929 36
      vertex -26.3597 54.5379 36
    endloop
  endfacet
  facet normal 0 0 1
    outer loop
      vertex -23.8035 53.5758 36
      vertex -26.3911 49.4147 36
      vertex -26.2216 49.2974 36
    endloop
  endfacet
  facet normal 0 0 1
    outer loop
      vertex -24.404 53.9095 36
      vertex -26.5712 49.5148 36
      vertex -26.3911 49.4147 36
    endloop
  endfacet
  facet normal 0 0 1
    outer loop
      vertex -25.0342 54.1827 36
      vertex -26.7603 49.5968 36
      vertex -26.5712 49.5148 36
    endloop
  endfacet
  facet normal 0 0 1
    outer loop
      vertex -25.6883 54.3929 36
      vertex -26.9565 49.6598 36
      vertex -26.7603 49.5968 36
    endloop
  endfacet
  facet normal 0 0 1
    outer loop
      vertex -27.1579 49.7033 36
      vertex -26.3597 54.5379 36
      vertex -27.0422 54.6164 36
    endloop
  endfacet
  facet normal 0 0 1
    outer loop
      vertex -26.3597 54.5379 36
      vertex -27.1579 49.7033 36
      vertex -26.9565 49.6598 36
    endloop
  endfacet
  facet normal 0 0 1
    outer loop
      vertex -27.0422 54.6164 36
      vertex -27.3627 49.7269 36
      vertex -27.1579 49.7033 36
    endloop
  endfacet
  facet normal 0 0 1
    outer loop
      vertex -27.0422 54.6164 36
      vertex -27.5687 49.7303 36
      vertex -27.3627 49.7269 36
    endloop
  endfacet
  facet normal 0 0 1
    outer loop
      vertex -27.729 54.6276 36
      vertex -27.5687 49.7303 36
      vertex -27.0422 54.6164 36
    endloop
  endfacet
  facet normal 0 0 1
    outer loop
      vertex -27.729 54.6276 36
      vertex -27.7741 49.7134 36
      vertex -27.5687 49.7303 36
    endloop
  endfacet
  facet normal -0 0 1
    outer loop
      vertex -28.4137 54.5715 36
      vertex -27.7741 49.7134 36
      vertex -27.729 54.6276 36
    endloop
  endfacet
  facet normal 0 0 1
    outer loop
      vertex -27.7741 49.7134 36
      vertex -28.4137 54.5715 36
      vertex -27.9769 49.6765 36
    endloop
  endfacet
  facet normal -0 0 1
    outer loop
      vertex -29.0895 54.4485 36
      vertex -27.9769 49.6765 36
      vertex -28.4137 54.5715 36
    endloop
  endfacet
  facet normal 0 0 1
    outer loop
      vertex -27.9769 49.6765 36
      vertex -29.0895 54.4485 36
      vertex -28.175 49.6199 36
    endloop
  endfacet
  facet normal -0 0 1
    outer loop
      vertex -29.7501 54.2599 36
      vertex -28.175 49.6199 36
      vertex -29.0895 54.4485 36
    endloop
  endfacet
  facet normal 0 0 1
    outer loop
      vertex -28.175 49.6199 36
      vertex -29.7501 54.2599 36
      vertex -28.3667 49.5442 36
    endloop
  endfacet
  facet normal -0 0 1
    outer loop
      vertex -30.3889 54.0074 36
      vertex -28.3667 49.5442 36
      vertex -29.7501 54.2599 36
    endloop
  endfacet
  facet normal 0 0 1
    outer loop
      vertex -28.3667 49.5442 36
      vertex -30.3889 54.0074 36
      vertex -28.55 49.4501 36
    endloop
  endfacet
  facet normal -0 0 1
    outer loop
      vertex -31 53.6936 36
      vertex -28.55 49.4501 36
      vertex -30.3889 54.0074 36
    endloop
  endfacet
  facet normal 0 0 1
    outer loop
      vertex -28.55 49.4501 36
      vertex -31 53.6936 36
      vertex -28.7232 49.3384 36
    endloop
  endfacet
  facet normal -0 0 1
    outer loop
      vertex -31.5773 53.3213 36
      vertex -28.7232 49.3384 36
      vertex -31 53.6936 36
    endloop
  endfacet
  facet normal 0 0 1
    outer loop
      vertex -28.7232 49.3384 36
      vertex -31.5773 53.3213 36
      vertex -28.8846 49.2103 36
    endloop
  endfacet
  facet normal -0 0 1
    outer loop
      vertex -32.1154 52.8943 36
      vertex -28.8846 49.2103 36
      vertex -31.5773 53.3213 36
    endloop
  endfacet
  facet normal 0 0 1
    outer loop
      vertex -28.8846 49.2103 36
      vertex -32.1154 52.8943 36
      vertex -29.0327 49.0669 36
    endloop
  endfacet
  facet normal -0 0 1
    outer loop
      vertex -32.609 52.4165 36
      vertex -29.0327 49.0669 36
      vertex -32.1154 52.8943 36
    endloop
  endfacet
  facet normal 0 0 1
    outer loop
      vertex -29.0327 49.0669 36
      vertex -32.609 52.4165 36
      vertex -29.166 48.9098 36
    endloop
  endfacet
  facet normal 0 0 1
    outer loop
      vertex -29.166 48.9098 36
      vertex -33.0535 51.8927 36
      vertex -29.2833 48.7403 36
    endloop
  endfacet
  facet normal -0 0 1
    outer loop
      vertex -33.0535 51.8927 36
      vertex -29.166 48.9098 36
      vertex -32.609 52.4165 36
    endloop
  endfacet
  facet normal -0 0 1
    outer loop
      vertex -25.834 46.353 36
      vertex -21.9465 43.3701 36
      vertex -25.7167 46.5225 36
    endloop
  endfacet
  facet normal 0 0 1
    outer loop
      vertex -21.9465 43.3701 36
      vertex -25.834 46.353 36
      vertex -22.391 42.8463 36
    endloop
  endfacet
  facet normal -0 0 1
    outer loop
      vertex -25.9673 46.1959 36
      vertex -22.391 42.8463 36
      vertex -25.834 46.353 36
    endloop
  endfacet
  facet normal 0 0 1
    outer loop
      vertex -22.391 42.8463 36
      vertex -25.9673 46.1959 36
      vertex -22.8846 42.3685 36
    endloop
  endfacet
  facet normal -0 0 1
    outer loop
      vertex -26.1154 46.0525 36
      vertex -22.8846 42.3685 36
      vertex -25.9673 46.1959 36
    endloop
  endfacet
  facet normal 0 0 1
    outer loop
      vertex -22.8846 42.3685 36
      vertex -26.1154 46.0525 36
      vertex -23.4227 41.9415 36
    endloop
  endfacet
  facet normal -0 0 1
    outer loop
      vertex -26.2768 45.9244 36
      vertex -23.4227 41.9415 36
      vertex -26.1154 46.0525 36
    endloop
  endfacet
  facet normal 0 0 1
    outer loop
      vertex -23.4227 41.9415 36
      vertex -26.2768 45.9244 36
      vertex -24 41.5692 36
    endloop
  endfacet
  facet normal -0 0 1
    outer loop
      vertex -26.45 45.8127 36
      vertex -24 41.5692 36
      vertex -26.2768 45.9244 36
    endloop
  endfacet
  facet normal 0 0 1
    outer loop
      vertex -24 41.5692 36
      vertex -26.45 45.8127 36
      vertex -24.611 41.2553 36
    endloop
  endfacet
  facet normal -0 0 1
    outer loop
      vertex -26.6333 45.7186 36
      vertex -24.611 41.2553 36
      vertex -26.45 45.8127 36
    endloop
  endfacet
  facet normal 0 0 1
    outer loop
      vertex -24.611 41.2553 36
      vertex -26.6333 45.7186 36
      vertex -25.2499 41.0029 36
    endloop
  endfacet
  facet normal -0 0 1
    outer loop
      vertex -26.825 45.6428 36
      vertex -25.2499 41.0029 36
      vertex -26.6333 45.7186 36
    endloop
  endfacet
  facet normal 0 0 1
    outer loop
      vertex -25.2499 41.0029 36
      vertex -26.825 45.6428 36
      vertex -25.9105 40.8143 36
    endloop
  endfacet
  facet normal -0 0 1
    outer loop
      vertex -27.0231 45.5863 36
      vertex -25.9105 40.8143 36
      vertex -26.825 45.6428 36
    endloop
  endfacet
  facet normal 0 0 1
    outer loop
      vertex -25.9105 40.8143 36
      vertex -27.0231 45.5863 36
      vertex -26.5863 40.6913 36
    endloop
  endfacet
  facet normal -0 0 1
    outer loop
      vertex -27.2259 45.5494 36
      vertex -26.5863 40.6913 36
      vertex -27.0231 45.5863 36
    endloop
  endfacet
  facet normal 0 0 1
    outer loop
      vertex -27.2259 45.5494 36
      vertex -27.271 40.6351 36
      vertex -26.5863 40.6913 36
    endloop
  endfacet
  facet normal -0 0 1
    outer loop
      vertex -27.4313 45.5325 36
      vertex -27.271 40.6351 36
      vertex -27.2259 45.5494 36
    endloop
  endfacet
  facet normal 0 0 1
    outer loop
      vertex -27.6373 45.5359 36
      vertex -27.271 40.6351 36
      vertex -27.4313 45.5325 36
    endloop
  endfacet
  facet normal 0 0 1
    outer loop
      vertex -27.9578 40.6464 36
      vertex -27.6373 45.5359 36
      vertex -27.8421 45.5594 36
    endloop
  endfacet
  facet normal 0 0 1
    outer loop
      vertex -27.6373 45.5359 36
      vertex -27.9578 40.6464 36
      vertex -27.271 40.6351 36
    endloop
  endfacet
  facet normal 0 0 1
    outer loop
      vertex -28.6403 40.7249 36
      vertex -27.8421 45.5594 36
      vertex -28.0435 45.603 36
    endloop
  endfacet
  facet normal 0 0 1
    outer loop
      vertex -29.3117 40.8699 36
      vertex -28.0435 45.603 36
      vertex -28.2397 45.666 36
    endloop
  endfacet
  facet normal 0 0 1
    outer loop
      vertex -29.9657 41.0801 36
      vertex -28.2397 45.666 36
      vertex -28.4288 45.748 36
    endloop
  endfacet
  facet normal 0 0 1
    outer loop
      vertex -30.596 41.3533 36
      vertex -28.4288 45.748 36
      vertex -28.6089 45.8481 36
    endloop
  endfacet
  facet normal 0 0 1
    outer loop
      vertex -27.8421 45.5594 36
      vertex -28.6403 40.7249 36
      vertex -27.9578 40.6464 36
    endloop
  endfacet
  facet normal 0 0 1
    outer loop
      vertex -31.1965 41.687 36
      vertex -28.6089 45.8481 36
      vertex -28.7784 45.9654 36
    endloop
  endfacet
  facet normal 0 0 1
    outer loop
      vertex -31.7613 42.0779 36
      vertex -28.7784 45.9654 36
      vertex -28.9355 46.0987 36
    endloop
  endfacet
  facet normal 0 0 1
    outer loop
      vertex -32.2851 42.5223 36
      vertex -28.9355 46.0987 36
      vertex -29.0789 46.2468 36
    endloop
  endfacet
  facet normal 0 0 1
    outer loop
      vertex -32.7629 43.016 36
      vertex -29.0789 46.2468 36
      vertex -29.207 46.4082 36
    endloop
  endfacet
  facet normal 0 0 1
    outer loop
      vertex -28.0435 45.603 36
      vertex -29.3117 40.8699 36
      vertex -28.6403 40.7249 36
    endloop
  endfacet
  facet normal 0 0 1
    outer loop
      vertex -33.1899 43.5541 36
      vertex -29.207 46.4082 36
      vertex -29.3187 46.5814 36
    endloop
  endfacet
  facet normal 0 0 1
    outer loop
      vertex -33.5622 44.1314 36
      vertex -29.3187 46.5814 36
      vertex -29.4128 46.7647 36
    endloop
  endfacet
  facet normal 0 0 1
    outer loop
      vertex -33.876 44.7424 36
      vertex -29.4128 46.7647 36
      vertex -29.4886 46.9564 36
    endloop
  endfacet
  facet normal 0 0 1
    outer loop
      vertex -34.1285 45.3813 36
      vertex -29.4886 46.9564 36
      vertex -29.5451 47.1545 36
    endloop
  endfacet
  facet normal 0 0 1
    outer loop
      vertex -34.3171 46.0419 36
      vertex -29.5451 47.1545 36
      vertex -29.582 47.3573 36
    endloop
  endfacet
  facet normal 0 0 1
    outer loop
      vertex -34.4401 46.7177 36
      vertex -29.582 47.3573 36
      vertex -29.5989 47.5627 36
    endloop
  endfacet
  facet normal 0 0 1
    outer loop
      vertex -28.2397 45.666 36
      vertex -29.9657 41.0801 36
      vertex -29.3117 40.8699 36
    endloop
  endfacet
  facet normal -0 0 1
    outer loop
      vertex -33.4444 51.3279 36
      vertex -29.2833 48.7403 36
      vertex -33.0535 51.8927 36
    endloop
  endfacet
  facet normal 0 0 1
    outer loop
      vertex -29.2833 48.7403 36
      vertex -33.4444 51.3279 36
      vertex -29.3834 48.5602 36
    endloop
  endfacet
  facet normal 0 0 1
    outer loop
      vertex -28.4288 45.748 36
      vertex -30.596 41.3533 36
      vertex -29.9657 41.0801 36
    endloop
  endfacet
  facet normal -0 0 1
    outer loop
      vertex -33.7781 50.7274 36
      vertex -29.3834 48.5602 36
      vertex -33.4444 51.3279 36
    endloop
  endfacet
  facet normal 0 0 1
    outer loop
      vertex -28.6089 45.8481 36
      vertex -31.1965 41.687 36
      vertex -30.596 41.3533 36
    endloop
  endfacet
  facet normal 0 0 1
    outer loop
      vertex -29.3834 48.5602 36
      vertex -33.7781 50.7274 36
      vertex -29.4654 48.3711 36
    endloop
  endfacet
  facet normal 0 0 1
    outer loop
      vertex -28.7784 45.9654 36
      vertex -31.7613 42.0779 36
      vertex -31.1965 41.687 36
    endloop
  endfacet
  facet normal -0 0 1
    outer loop
      vertex -34.0513 50.0971 36
      vertex -29.4654 48.3711 36
      vertex -33.7781 50.7274 36
    endloop
  endfacet
  facet normal 0 0 1
    outer loop
      vertex -28.9355 46.0987 36
      vertex -32.2851 42.5223 36
      vertex -31.7613 42.0779 36
    endloop
  endfacet
  facet normal 0 0 1
    outer loop
      vertex -29.4654 48.3711 36
      vertex -34.0513 50.0971 36
      vertex -29.5284 48.1749 36
    endloop
  endfacet
  facet normal 0 0 1
    outer loop
      vertex -29.0789 46.2468 36
      vertex -32.7629 43.016 36
      vertex -32.2851 42.5223 36
    endloop
  endfacet
  facet normal -0 0 1
    outer loop
      vertex -34.2615 49.4431 36
      vertex -29.5284 48.1749 36
      vertex -34.0513 50.0971 36
    endloop
  endfacet
  facet normal 0 0 1
    outer loop
      vertex -29.207 46.4082 36
      vertex -33.1899 43.5541 36
      vertex -32.7629 43.016 36
    endloop
  endfacet
  facet normal 0 0 1
    outer loop
      vertex -29.5284 48.1749 36
      vertex -34.2615 49.4431 36
      vertex -29.572 47.9735 36
    endloop
  endfacet
  facet normal 0 0 1
    outer loop
      vertex -29.3187 46.5814 36
      vertex -33.5622 44.1314 36
      vertex -33.1899 43.5541 36
    endloop
  endfacet
  facet normal -0 0 1
    outer loop
      vertex -34.4065 48.7717 36
      vertex -29.572 47.9735 36
      vertex -34.2615 49.4431 36
    endloop
  endfacet
  facet normal 0 0 1
    outer loop
      vertex -29.4128 46.7647 36
      vertex -33.876 44.7424 36
      vertex -33.5622 44.1314 36
    endloop
  endfacet
  facet normal 0 0 1
    outer loop
      vertex -29.572 47.9735 36
      vertex -34.4065 48.7717 36
      vertex -29.5955 47.7687 36
    endloop
  endfacet
  facet normal 0 0 1
    outer loop
      vertex -29.4886 46.9564 36
      vertex -34.1285 45.3813 36
      vertex -33.876 44.7424 36
    endloop
  endfacet
  facet normal -0 0 1
    outer loop
      vertex -34.485 48.0892 36
      vertex -29.5955 47.7687 36
      vertex -34.4065 48.7717 36
    endloop
  endfacet
  facet normal 0 0 1
    outer loop
      vertex -29.5451 47.1545 36
      vertex -34.3171 46.0419 36
      vertex -34.1285 45.3813 36
    endloop
  endfacet
  facet normal 0 0 1
    outer loop
      vertex -29.5955 47.7687 36
      vertex -34.485 48.0892 36
      vertex -29.5989 47.5627 36
    endloop
  endfacet
  facet normal 0 0 1
    outer loop
      vertex -29.582 47.3573 36
      vertex -34.4401 46.7177 36
      vertex -34.3171 46.0419 36
    endloop
  endfacet
  facet normal 0 0 1
    outer loop
      vertex -34.4963 47.4024 36
      vertex -29.5989 47.5627 36
      vertex -34.485 48.0892 36
    endloop
  endfacet
  facet normal 0 0 1
    outer loop
      vertex -29.5989 47.5627 36
      vertex -34.4963 47.4024 36
      vertex -34.4401 46.7177 36
    endloop
  endfacet
  facet normal -0.783334 -0.621601 0
    outer loop
      vertex -32.7629 43.016 8
      vertex -33.1899 43.5541 36
      vertex -33.1899 43.5541 8
    endloop
  endfacet
  facet normal -0.783334 -0.621601 0
    outer loop
      vertex -33.1899 43.5541 36
      vertex -32.7629 43.016 8
      vertex -32.7629 43.016 36
    endloop
  endfacet
  facet normal 0.621601 -0.783334 0
    outer loop
      vertex -23.4227 41.9415 8
      vertex -22.8846 42.3685 36
      vertex -23.4227 41.9415 36
    endloop
  endfacet
  facet normal 0.621601 -0.783334 0
    outer loop
      vertex -22.8846 42.3685 36
      vertex -23.4227 41.9415 8
      vertex -22.8846 42.3685 8
    endloop
  endfacet
  facet normal -0.646947 -0.762535 0
    outer loop
      vertex -32.2851 42.5223 8
      vertex -31.7613 42.0779 36
      vertex -32.2851 42.5223 36
    endloop
  endfacet
  facet normal -0.646947 -0.762535 -0
    outer loop
      vertex -31.7613 42.0779 36
      vertex -32.2851 42.5223 8
      vertex -31.7613 42.0779 8
    endloop
  endfacet
  facet normal 0.274529 -0.961579 0
    outer loop
      vertex -25.9105 40.8143 8
      vertex -25.2499 41.0029 36
      vertex -25.9105 40.8143 36
    endloop
  endfacet
  facet normal 0.274529 -0.961579 0
    outer loop
      vertex -25.2499 41.0029 36
      vertex -25.9105 40.8143 8
      vertex -25.2499 41.0029 8
    endloop
  endfacet
  facet normal 0.2111 0.977465 -0
    outer loop
      vertex -25.6883 54.3929 8
      vertex -26.3597 54.5379 36
      vertex -25.6883 54.3929 36
    endloop
  endfacet
  facet normal 0.2111 0.977465 0
    outer loop
      vertex -26.3597 54.5379 36
      vertex -25.6883 54.3929 8
      vertex -26.3597 54.5379 8
    endloop
  endfacet
  facet normal -0.930005 -0.367548 0
    outer loop
      vertex -33.876 44.7424 8
      vertex -34.1285 45.3813 36
      vertex -34.1285 45.3813 8
    endloop
  endfacet
  facet normal -0.930005 -0.367548 0
    outer loop
      vertex -34.1285 45.3813 36
      vertex -33.876 44.7424 8
      vertex -33.876 44.7424 36
    endloop
  endfacet
  facet normal 0.889572 0.456795 0
    outer loop
      vertex -21.124 50.5203 36
      vertex -21.4378 51.1314 8
      vertex -21.4378 51.1314 36
    endloop
  endfacet
  facet normal 0.889572 0.456795 0
    outer loop
      vertex -21.4378 51.1314 8
      vertex -21.124 50.5203 36
      vertex -21.124 50.5203 8
    endloop
  endfacet
  facet normal -0.961579 -0.274529 0
    outer loop
      vertex -34.1285 45.3813 8
      vertex -34.3171 46.0419 36
      vertex -34.3171 46.0419 8
    endloop
  endfacet
  facet normal -0.961579 -0.274529 0
    outer loop
      vertex -34.3171 46.0419 36
      vertex -34.1285 45.3813 8
      vertex -34.1285 45.3813 36
    endloop
  endfacet
  facet normal -0.952035 0.30599 0
    outer loop
      vertex -34.2615 49.4431 8
      vertex -34.0513 50.0971 36
      vertex -34.0513 50.0971 8
    endloop
  endfacet
  facet normal -0.952035 0.30599 0
    outer loop
      vertex -34.0513 50.0971 36
      vertex -34.2615 49.4431 8
      vertex -34.2615 49.4431 36
    endloop
  endfacet
  facet normal 0.367422 -0.930054 0
    outer loop
      vertex -25.2499 41.0029 8
      vertex -24.611 41.2553 36
      vertex -25.2499 41.0029 36
    endloop
  endfacet
  facet normal 0.367422 -0.930054 0
    outer loop
      vertex -24.611 41.2553 36
      vertex -25.2499 41.0029 8
      vertex -24.611 41.2553 8
    endloop
  endfacet
  facet normal -0.889541 -0.456855 0
    outer loop
      vertex -33.5622 44.1314 8
      vertex -33.876 44.7424 36
      vertex -33.876 44.7424 8
    endloop
  endfacet
  facet normal -0.889541 -0.456855 0
    outer loop
      vertex -33.876 44.7424 36
      vertex -33.5622 44.1314 8
      vertex -33.5622 44.1314 36
    endloop
  endfacet
  facet normal -0.179065 0.983837 0
    outer loop
      vertex -28.4137 54.5715 8
      vertex -29.0895 54.4485 36
      vertex -28.4137 54.5715 36
    endloop
  endfacet
  facet normal -0.179065 0.983837 0
    outer loop
      vertex -29.0895 54.4485 36
      vertex -28.4137 54.5715 8
      vertex -29.0895 54.4485 8
    endloop
  endfacet
  facet normal 0.977465 -0.2111 0
    outer loop
      vertex -20.7385 45.8197 36
      vertex -20.5935 46.4911 8
      vertex -20.5935 46.4911 36
    endloop
  endfacet
  facet normal 0.977465 -0.2111 0
    outer loop
      vertex -20.5935 46.4911 8
      vertex -20.7385 45.8197 36
      vertex -20.7385 45.8197 8
    endloop
  endfacet
  facet normal 0.541971 -0.840397 0
    outer loop
      vertex -24 41.5692 8
      vertex -23.4227 41.9415 36
      vertex -24 41.5692 36
    endloop
  endfacet
  facet normal 0.541971 -0.840397 0
    outer loop
      vertex -23.4227 41.9415 36
      vertex -24 41.5692 8
      vertex -23.4227 41.9415 8
    endloop
  endfacet
  facet normal 0.983837 0.179065 0
    outer loop
      vertex -20.5599 48.5451 36
      vertex -20.6829 49.2209 8
      vertex -20.6829 49.2209 36
    endloop
  endfacet
  facet normal 0.983837 0.179065 0
    outer loop
      vertex -20.6829 49.2209 8
      vertex -20.5599 48.5451 36
      vertex -20.5599 48.5451 8
    endloop
  endfacet
  facet normal 0.397746 0.917495 -0
    outer loop
      vertex -24.404 53.9095 8
      vertex -25.0342 54.1827 36
      vertex -24.404 53.9095 36
    endloop
  endfacet
  facet normal 0.397746 0.917495 0
    outer loop
      vertex -25.0342 54.1827 36
      vertex -24.404 53.9095 8
      vertex -25.0342 54.1827 8
    endloop
  endfacet
  facet normal 0.917495 -0.397746 0
    outer loop
      vertex -21.2219 44.5354 36
      vertex -20.9487 45.1656 8
      vertex -20.9487 45.1656 36
    endloop
  endfacet
  facet normal 0.917495 -0.397746 0
    outer loop
      vertex -20.9487 45.1656 8
      vertex -21.2219 44.5354 36
      vertex -21.2219 44.5354 8
    endloop
  endfacet
  facet normal 0.179065 -0.983837 0
    outer loop
      vertex -26.5863 40.6913 8
      vertex -25.9105 40.8143 36
      vertex -26.5863 40.6913 36
    endloop
  endfacet
  facet normal 0.179065 -0.983837 0
    outer loop
      vertex -25.9105 40.8143 36
      vertex -26.5863 40.6913 8
      vertex -25.9105 40.8143 8
    endloop
  endfacet
  facet normal 0.996648 0.0818046 0
    outer loop
      vertex -20.5037 47.8604 36
      vertex -20.5599 48.5451 8
      vertex -20.5599 48.5451 36
    endloop
  endfacet
  facet normal 0.996648 0.0818046 0
    outer loop
      vertex -20.5599 48.5451 8
      vertex -20.5037 47.8604 36
      vertex -20.5037 47.8604 8
    endloop
  endfacet
  facet normal -0.0164509 -0.999865 0
    outer loop
      vertex -27.9578 40.6464 8
      vertex -27.271 40.6351 36
      vertex -27.9578 40.6464 36
    endloop
  endfacet
  facet normal -0.0164509 -0.999865 -0
    outer loop
      vertex -27.271 40.6351 36
      vertex -27.9578 40.6464 8
      vertex -27.271 40.6351 8
    endloop
  endfacet
  facet normal 0 0 1
    outer loop
      vertex -65 -52 8
      vertex -31.7613 -42.0779 8
      vertex -65 52 8
    endloop
  endfacet
  facet normal 0 0 1
    outer loop
      vertex -31.7613 -42.0779 8
      vertex -65 -52 8
      vertex -53 -52 8
    endloop
  endfacet
  facet normal -0 0 1
    outer loop
      vertex -22.391 42.8463 8
      vertex -15.6926 41.8786 8
      vertex -21.9465 43.3701 8
    endloop
  endfacet
  facet normal 0 0 1
    outer loop
      vertex -14.1107 -37.4577 8
      vertex -20.515 -47.1736 8
      vertex -20.5037 -47.8604 8
    endloop
  endfacet
  facet normal 0 0 1
    outer loop
      vertex -15.6926 41.8786 8
      vertex -22.391 42.8463 8
      vertex -15.311 40.3554 8
    endloop
  endfacet
  facet normal 0 0 1
    outer loop
      vertex -14.1107 -37.4577 8
      vertex -20.5935 -46.4911 8
      vertex -20.515 -47.1736 8
    endloop
  endfacet
  facet normal -0 0 1
    outer loop
      vertex -22.8846 42.3685 8
      vertex -15.311 40.3554 8
      vertex -22.391 42.8463 8
    endloop
  endfacet
  facet normal 0 0 1
    outer loop
      vertex -14.1107 -37.4577 8
      vertex -20.7385 -45.8197 8
      vertex -20.5935 -46.4911 8
    endloop
  endfacet
  facet normal -0 0 1
    outer loop
      vertex -23.4227 41.9415 8
      vertex -15.311 40.3554 8
      vertex -22.8846 42.3685 8
    endloop
  endfacet
  facet normal 0 0 1
    outer loop
      vertex -14.1107 -37.4577 8
      vertex -20.9487 -45.1656 8
      vertex -20.7385 -45.8197 8
    endloop
  endfacet
  facet normal 0 0 1
    outer loop
      vertex -15.311 40.3554 8
      vertex -23.4227 41.9415 8
      vertex -14.7821 38.8771 8
    endloop
  endfacet
  facet normal 0 0 1
    outer loop
      vertex -14.1107 -37.4577 8
      vertex -21.2219 -44.5354 8
      vertex -20.9487 -45.1656 8
    endloop
  endfacet
  facet normal -0 0 1
    outer loop
      vertex -24 41.5692 8
      vertex -14.7821 38.8771 8
      vertex -23.4227 41.9415 8
    endloop
  endfacet
  facet normal 0 0 1
    outer loop
      vertex -14.1107 -37.4577 8
      vertex -21.5556 -43.9349 8
      vertex -21.2219 -44.5354 8
    endloop
  endfacet
  facet normal 0 0 1
    outer loop
      vertex -14.7821 38.8771 8
      vertex -24 41.5692 8
      vertex -14.1107 37.4577 8
    endloop
  endfacet
  facet normal 0 0 1
    outer loop
      vertex -14.1107 -37.4577 8
      vertex -21.9465 -43.3701 8
      vertex -21.5556 -43.9349 8
    endloop
  endfacet
  facet normal -0 0 1
    outer loop
      vertex -24.611 41.2553 8
      vertex -14.1107 37.4577 8
      vertex -24 41.5692 8
    endloop
  endfacet
  facet normal 0 0 1
    outer loop
      vertex -14.1107 -37.4577 8
      vertex -22.391 -42.8463 8
      vertex -21.9465 -43.3701 8
    endloop
  endfacet
  facet normal -0 0 1
    outer loop
      vertex -25.2499 41.0029 8
      vertex -14.1107 37.4577 8
      vertex -24.611 41.2553 8
    endloop
  endfacet
  facet normal 0 0 1
    outer loop
      vertex -14.1107 -37.4577 8
      vertex -22.8846 -42.3685 8
      vertex -22.391 -42.8463 8
    endloop
  endfacet
  facet normal 0 0 1
    outer loop
      vertex -14.1107 37.4577 8
      vertex -25.2499 41.0029 8
      vertex -13.3035 36.1109 8
    endloop
  endfacet
  facet normal 0 0 1
    outer loop
      vertex -14.1107 -37.4577 8
      vertex -23.4227 -41.9415 8
      vertex -22.8846 -42.3685 8
    endloop
  endfacet
  facet normal -0 0 1
    outer loop
      vertex -25.9105 40.8143 8
      vertex -13.3035 36.1109 8
      vertex -25.2499 41.0029 8
    endloop
  endfacet
  facet normal 0 0 1
    outer loop
      vertex -14.1107 -37.4577 8
      vertex -24 -41.5692 8
      vertex -23.4227 -41.9415 8
    endloop
  endfacet
  facet normal -0 0 1
    outer loop
      vertex -26.5863 40.6913 8
      vertex -13.3035 36.1109 8
      vertex -25.9105 40.8143 8
    endloop
  endfacet
  facet normal 0 0 1
    outer loop
      vertex -14.1107 -37.4577 8
      vertex -24.611 -41.2553 8
      vertex -24 -41.5692 8
    endloop
  endfacet
  facet normal -0 0 1
    outer loop
      vertex -27.271 40.6351 8
      vertex -13.3035 36.1109 8
      vertex -26.5863 40.6913 8
    endloop
  endfacet
  facet normal 0 0 1
    outer loop
      vertex -14.1107 -37.4577 8
      vertex -25.2499 -41.0029 8
      vertex -24.611 -41.2553 8
    endloop
  endfacet
  facet normal 0 0 1
    outer loop
      vertex -27.9578 40.6464 8
      vertex -13.3035 36.1109 8
      vertex -27.271 40.6351 8
    endloop
  endfacet
  facet normal 0 0 1
    outer loop
      vertex -14.1107 -37.4577 8
      vertex -25.9105 -40.8143 8
      vertex -25.2499 -41.0029 8
    endloop
  endfacet
  facet normal 0 0 1
    outer loop
      vertex -13.3035 36.1109 8
      vertex -27.9578 40.6464 8
      vertex -4 0 8
    endloop
  endfacet
  facet normal 0 0 1
    outer loop
      vertex -14.1107 -37.4577 8
      vertex -26.5863 -40.6913 8
      vertex -25.9105 -40.8143 8
    endloop
  endfacet
  facet normal 0 0 1
    outer loop
      vertex -28.6403 40.7249 8
      vertex -4 0 8
      vertex -27.9578 40.6464 8
    endloop
  endfacet
  facet normal 0 0 1
    outer loop
      vertex -14.1107 -37.4577 8
      vertex -27.271 -40.6351 8
      vertex -26.5863 -40.6913 8
    endloop
  endfacet
  facet normal 0 -0 1
    outer loop
      vertex -27.271 -40.6351 8
      vertex -4 0 8
      vertex -27.9578 -40.6464 8
    endloop
  endfacet
  facet normal 0 0 1
    outer loop
      vertex -4 0 8
      vertex -27.271 -40.6351 8
      vertex -14.1107 -37.4577 8
    endloop
  endfacet
  facet normal 0 0 1
    outer loop
      vertex -29.3117 40.8699 8
      vertex -4 0 8
      vertex -28.6403 40.7249 8
    endloop
  endfacet
  facet normal 0 0 1
    outer loop
      vertex -4 0 8
      vertex -28.6403 -40.7249 8
      vertex -27.9578 -40.6464 8
    endloop
  endfacet
  facet normal 0 0 1
    outer loop
      vertex -29.9657 41.0801 8
      vertex -4 0 8
      vertex -29.3117 40.8699 8
    endloop
  endfacet
  facet normal 0 0 1
    outer loop
      vertex -4 0 8
      vertex -29.3117 -40.8699 8
      vertex -28.6403 -40.7249 8
    endloop
  endfacet
  facet normal 0 0 1
    outer loop
      vertex -30.596 41.3533 8
      vertex -4 0 8
      vertex -29.9657 41.0801 8
    endloop
  endfacet
  facet normal 0 0 1
    outer loop
      vertex -4 0 8
      vertex -29.9657 -41.0801 8
      vertex -29.3117 -40.8699 8
    endloop
  endfacet
  facet normal 0 0 1
    outer loop
      vertex -30.596 -41.3533 8
      vertex -4 0 8
      vertex -30.596 41.3533 8
    endloop
  endfacet
  facet normal 0 0 1
    outer loop
      vertex -4 0 8
      vertex -30.596 -41.3533 8
      vertex -29.9657 -41.0801 8
    endloop
  endfacet
  facet normal 0 0 1
    outer loop
      vertex -31.1965 41.687 8
      vertex -30.596 -41.3533 8
      vertex -30.596 41.3533 8
    endloop
  endfacet
  facet normal 0 0 1
    outer loop
      vertex -31.1965 41.687 8
      vertex -31.1965 -41.687 8
      vertex -30.596 -41.3533 8
    endloop
  endfacet
  facet normal 0 0 1
    outer loop
      vertex -31.7613 42.0779 8
      vertex -31.1965 -41.687 8
      vertex -31.1965 41.687 8
    endloop
  endfacet
  facet normal 0 0 1
    outer loop
      vertex -31.7613 42.0779 8
      vertex -31.7613 -42.0779 8
      vertex -31.1965 -41.687 8
    endloop
  endfacet
  facet normal -0 0 1
    outer loop
      vertex -65 52 8
      vertex -32.2851 42.5223 8
      vertex -53 52 8
    endloop
  endfacet
  facet normal 0 0 1
    outer loop
      vertex -32.2851 42.5223 8
      vertex -65 52 8
      vertex -31.7613 42.0779 8
    endloop
  endfacet
  facet normal 0 0 1
    outer loop
      vertex -53 52 8
      vertex -32.2851 42.5223 8
      vertex -32.7629 43.016 8
    endloop
  endfacet
  facet normal 0 0 1
    outer loop
      vertex -31.7613 42.0779 8
      vertex -65 52 8
      vertex -31.7613 -42.0779 8
    endloop
  endfacet
  facet normal 0 0 1
    outer loop
      vertex -53 52 8
      vertex -32.7629 43.016 8
      vertex -33.1899 43.5541 8
    endloop
  endfacet
  facet normal 0 0 1
    outer loop
      vertex -31.7613 -42.0779 8
      vertex -53 -52 8
      vertex -32.2851 -42.5223 8
    endloop
  endfacet
  facet normal 0 0 1
    outer loop
      vertex -53 52 8
      vertex -33.1899 43.5541 8
      vertex -33.5622 44.1314 8
    endloop
  endfacet
  facet normal 0 0 1
    outer loop
      vertex -32.2851 -42.5223 8
      vertex -53 -52 8
      vertex -32.7629 -43.016 8
    endloop
  endfacet
  facet normal 0 0 1
    outer loop
      vertex -53 52 8
      vertex -33.5622 44.1314 8
      vertex -33.876 44.7424 8
    endloop
  endfacet
  facet normal 0 0 1
    outer loop
      vertex -32.7629 -43.016 8
      vertex -53 -52 8
      vertex -33.1899 -43.5541 8
    endloop
  endfacet
  facet normal 0 0 1
    outer loop
      vertex -53 52 8
      vertex -33.876 44.7424 8
      vertex -34.1285 45.3813 8
    endloop
  endfacet
  facet normal 0 0 1
    outer loop
      vertex -33.1899 -43.5541 8
      vertex -53 -52 8
      vertex -33.5622 -44.1314 8
    endloop
  endfacet
  facet normal 0 0 1
    outer loop
      vertex -53 52 8
      vertex -34.1285 45.3813 8
      vertex -34.3171 46.0419 8
    endloop
  endfacet
  facet normal 0 0 1
    outer loop
      vertex -33.5622 -44.1314 8
      vertex -53 -52 8
      vertex -33.876 -44.7424 8
    endloop
  endfacet
  facet normal 0 0 1
    outer loop
      vertex -53 52 8
      vertex -34.3171 46.0419 8
      vertex -34.4401 46.7177 8
    endloop
  endfacet
  facet normal 0 0 1
    outer loop
      vertex -33.876 -44.7424 8
      vertex -53 -52 8
      vertex -34.1285 -45.3813 8
    endloop
  endfacet
  facet normal 0 0 1
    outer loop
      vertex -53 52 8
      vertex -34.4401 46.7177 8
      vertex -34.4963 47.4024 8
    endloop
  endfacet
  facet normal 0 0 1
    outer loop
      vertex -34.1285 -45.3813 8
      vertex -53 -52 8
      vertex -34.3171 -46.0419 8
    endloop
  endfacet
  facet normal -0 0 1
    outer loop
      vertex 3.92314 -0.780361 8
      vertex 5 -25 8
      vertex 3.98074 -0.392068 8
    endloop
  endfacet
  facet normal -0 0 1
    outer loop
      vertex 3.82776 -1.16114 8
      vertex 5 -25 8
      vertex 3.92314 -0.780361 8
    endloop
  endfacet
  facet normal -0 0 1
    outer loop
      vertex 3.69552 -1.53073 8
      vertex 5 -25 8
      vertex 3.82776 -1.16114 8
    endloop
  endfacet
  facet normal -0 0 1
    outer loop
      vertex 3.52768 -1.88559 8
      vertex 5 -25 8
      vertex 3.69552 -1.53073 8
    endloop
  endfacet
  facet normal -0 0 1
    outer loop
      vertex 3.32588 -2.22228 8
      vertex 5 -25 8
      vertex 3.52768 -1.88559 8
    endloop
  endfacet
  facet normal -0 0 1
    outer loop
      vertex 3.09204 -2.53757 8
      vertex 5 -25 8
      vertex 3.32588 -2.22228 8
    endloop
  endfacet
  facet normal -0 0 1
    outer loop
      vertex 2.82843 -2.82843 8
      vertex 5 -25 8
      vertex 3.09204 -2.53757 8
    endloop
  endfacet
  facet normal -0 0 1
    outer loop
      vertex 2.53757 -3.09204 8
      vertex 5 -25 8
      vertex 2.82843 -2.82843 8
    endloop
  endfacet
  facet normal -0 0 1
    outer loop
      vertex 2.22228 -3.32588 8
      vertex 5 -25 8
      vertex 2.53757 -3.09204 8
    endloop
  endfacet
  facet normal -0 0 1
    outer loop
      vertex 1.88559 -3.52768 8
      vertex 5 -25 8
      vertex 2.22228 -3.32588 8
    endloop
  endfacet
  facet normal -0 0 1
    outer loop
      vertex 1.53073 -3.69552 8
      vertex 5 -25 8
      vertex 1.88559 -3.52768 8
    endloop
  endfacet
  facet normal -0 0 1
    outer loop
      vertex 1.16114 -3.82776 8
      vertex 5 -25 8
      vertex 1.53073 -3.69552 8
    endloop
  endfacet
  facet normal 0 0 1
    outer loop
      vertex 5 -25 8
      vertex 3.12144 -29.3074 8
      vertex 4.64455 -29.689 8
    endloop
  endfacet
  facet normal -0 0 1
    outer loop
      vertex 0.780361 -3.92314 8
      vertex 5 -25 8
      vertex 1.16114 -3.82776 8
    endloop
  endfacet
  facet normal 0 0 1
    outer loop
      vertex 5 -25 8
      vertex 1.56827 -29.077 8
      vertex 3.12144 -29.3074 8
    endloop
  endfacet
  facet normal -0 0 1
    outer loop
      vertex 0.392068 -3.98074 8
      vertex 5 -25 8
      vertex 0.780361 -3.92314 8
    endloop
  endfacet
  facet normal -0 0 1
    outer loop
      vertex 0 -4 8
      vertex 5 -25 8
      vertex 0.392068 -3.98074 8
    endloop
  endfacet
  facet normal 0 0 1
    outer loop
      vertex -0.392068 -3.98074 8
      vertex 5 -25 8
      vertex 0 -4 8
    endloop
  endfacet
  facet normal 0 0 1
    outer loop
      vertex 5 -25 8
      vertex 0 -29 8
      vertex 1.56827 -29.077 8
    endloop
  endfacet
  facet normal 0 0 1
    outer loop
      vertex -0.780361 -3.92314 8
      vertex 5 -25 8
      vertex -0.392068 -3.98074 8
    endloop
  endfacet
  facet normal 0 0 1
    outer loop
      vertex -1.16114 -3.82776 8
      vertex 5 -25 8
      vertex -0.780361 -3.92314 8
    endloop
  endfacet
  facet normal 0 0 1
    outer loop
      vertex -3.12144 -29.3074 8
      vertex 5 -25 8
      vertex -1.16114 -3.82776 8
    endloop
  endfacet
  facet normal 0 0 1
    outer loop
      vertex -3.12144 -29.3074 8
      vertex -1.16114 -3.82776 8
      vertex -1.53073 -3.69552 8
    endloop
  endfacet
  facet normal 0 0 1
    outer loop
      vertex 5 -25 8
      vertex -1.56827 -29.077 8
      vertex 0 -29 8
    endloop
  endfacet
  facet normal 0 0 1
    outer loop
      vertex -4.64455 -29.689 8
      vertex -1.53073 -3.69552 8
      vertex -1.88559 -3.52768 8
    endloop
  endfacet
  facet normal 0 0 1
    outer loop
      vertex -4.64455 -29.689 8
      vertex -1.88559 -3.52768 8
      vertex -2.22228 -3.32588 8
    endloop
  endfacet
  facet normal 0 0 1
    outer loop
      vertex -6.12293 -30.2179 8
      vertex -2.22228 -3.32588 8
      vertex -2.53757 -3.09204 8
    endloop
  endfacet
  facet normal 0 0 1
    outer loop
      vertex -6.12293 -30.2179 8
      vertex -2.53757 -3.09204 8
      vertex -2.82843 -2.82843 8
    endloop
  endfacet
  facet normal 0 0 1
    outer loop
      vertex -7.54235 -30.8893 8
      vertex -2.82843 -2.82843 8
      vertex -3.09204 -2.53757 8
    endloop
  endfacet
  facet normal 0 0 1
    outer loop
      vertex 5 -25 8
      vertex -3.12144 -29.3074 8
      vertex -1.56827 -29.077 8
    endloop
  endfacet
  facet normal 0 0 1
    outer loop
      vertex -8.88912 -31.6965 8
      vertex -3.09204 -2.53757 8
      vertex -3.32588 -2.22228 8
    endloop
  endfacet
  facet normal 0 0 1
    outer loop
      vertex -8.88912 -31.6965 8
      vertex -3.32588 -2.22228 8
      vertex -3.52768 -1.88559 8
    endloop
  endfacet
  facet normal 0 0 1
    outer loop
      vertex -10.1503 -32.6318 8
      vertex -3.52768 -1.88559 8
      vertex -3.69552 -1.53073 8
    endloop
  endfacet
  facet normal 0 0 1
    outer loop
      vertex -11.3137 -33.6863 8
      vertex -3.69552 -1.53073 8
      vertex -3.82776 -1.16114 8
    endloop
  endfacet
  facet normal 0 0 1
    outer loop
      vertex -12.3682 -34.8497 8
      vertex -3.82776 -1.16114 8
      vertex -3.92314 -0.780361 8
    endloop
  endfacet
  facet normal 0 0 1
    outer loop
      vertex -12.3682 -34.8497 8
      vertex -3.92314 -0.780361 8
      vertex -3.98074 -0.392068 8
    endloop
  endfacet
  facet normal 0 0 1
    outer loop
      vertex -13.3035 -36.1109 8
      vertex -3.98074 -0.392068 8
      vertex -4 0 8
    endloop
  endfacet
  facet normal 0 0 1
    outer loop
      vertex -1.53073 -3.69552 8
      vertex -4.64455 -29.689 8
      vertex -3.12144 -29.3074 8
    endloop
  endfacet
  facet normal 0 0 1
    outer loop
      vertex -11.3137 33.6863 8
      vertex -3.69552 1.53073 8
      vertex -10.1503 32.6318 8
    endloop
  endfacet
  facet normal 0 0 1
    outer loop
      vertex -3.69552 1.53073 8
      vertex -11.3137 33.6863 8
      vertex -3.82776 1.16114 8
    endloop
  endfacet
  facet normal 0 0 1
    outer loop
      vertex -2.22228 -3.32588 8
      vertex -6.12293 -30.2179 8
      vertex -4.64455 -29.689 8
    endloop
  endfacet
  facet normal 0 0 1
    outer loop
      vertex -12.3682 34.8497 8
      vertex -3.82776 1.16114 8
      vertex -11.3137 33.6863 8
    endloop
  endfacet
  facet normal 0 0 1
    outer loop
      vertex -2.82843 -2.82843 8
      vertex -7.54235 -30.8893 8
      vertex -6.12293 -30.2179 8
    endloop
  endfacet
  facet normal 0 0 1
    outer loop
      vertex -3.82776 1.16114 8
      vertex -12.3682 34.8497 8
      vertex -3.92314 0.780361 8
    endloop
  endfacet
  facet normal 0 0 1
    outer loop
      vertex -3.09204 -2.53757 8
      vertex -8.88912 -31.6965 8
      vertex -7.54235 -30.8893 8
    endloop
  endfacet
  facet normal 0 0 1
    outer loop
      vertex -3.92314 0.780361 8
      vertex -12.3682 34.8497 8
      vertex -3.98074 0.392068 8
    endloop
  endfacet
  facet normal 0 0 1
    outer loop
      vertex -3.52768 -1.88559 8
      vertex -10.1503 -32.6318 8
      vertex -8.88912 -31.6965 8
    endloop
  endfacet
  facet normal 0 0 1
    outer loop
      vertex -13.3035 36.1109 8
      vertex -3.98074 0.392068 8
      vertex -12.3682 34.8497 8
    endloop
  endfacet
  facet normal 0 0 1
    outer loop
      vertex -3.69552 -1.53073 8
      vertex -11.3137 -33.6863 8
      vertex -10.1503 -32.6318 8
    endloop
  endfacet
  facet normal 0 0 1
    outer loop
      vertex -3.98074 0.392068 8
      vertex -13.3035 36.1109 8
      vertex -4 0 8
    endloop
  endfacet
  facet normal 0 0 1
    outer loop
      vertex -3.82776 -1.16114 8
      vertex -12.3682 -34.8497 8
      vertex -11.3137 -33.6863 8
    endloop
  endfacet
  facet normal -0 0 1
    outer loop
      vertex -21.9465 43.3701 8
      vertex -15.6926 41.8786 8
      vertex -21.5556 43.9349 8
    endloop
  endfacet
  facet normal 0 0 1
    outer loop
      vertex -3.98074 -0.392068 8
      vertex -13.3035 -36.1109 8
      vertex -12.3682 -34.8497 8
    endloop
  endfacet
  facet normal 0 0 1
    outer loop
      vertex -15.923 43.4317 8
      vertex -21.5556 43.9349 8
      vertex -15.6926 41.8786 8
    endloop
  endfacet
  facet normal 0 0 1
    outer loop
      vertex -4 0 8
      vertex -14.1107 -37.4577 8
      vertex -13.3035 -36.1109 8
    endloop
  endfacet
  facet normal 0 0 1
    outer loop
      vertex -16 45 8
      vertex -20.9487 45.1656 8
      vertex -15.923 43.4317 8
    endloop
  endfacet
  facet normal -0 0 1
    outer loop
      vertex -21.2219 44.5354 8
      vertex -15.923 43.4317 8
      vertex -20.9487 45.1656 8
    endloop
  endfacet
  facet normal -0 0 1
    outer loop
      vertex -20.9487 45.1656 8
      vertex -16 45 8
      vertex -20.7385 45.8197 8
    endloop
  endfacet
  facet normal -0 0 1
    outer loop
      vertex -21.5556 43.9349 8
      vertex -15.923 43.4317 8
      vertex -21.2219 44.5354 8
    endloop
  endfacet
  facet normal -0 0 1
    outer loop
      vertex -20.7385 45.8197 8
      vertex -16 45 8
      vertex -20.5935 46.4911 8
    endloop
  endfacet
  facet normal 0 0 1
    outer loop
      vertex -14.1107 -37.4577 8
      vertex -20.5037 -47.8604 8
      vertex -14.7821 -38.8771 8
    endloop
  endfacet
  facet normal 0 0 1
    outer loop
      vertex -15.923 46.5683 8
      vertex -20.5935 46.4911 8
      vertex -16 45 8
    endloop
  endfacet
  facet normal 0 0 1
    outer loop
      vertex -14.7821 -38.8771 8
      vertex -20.5037 -47.8604 8
      vertex -15.311 -40.3554 8
    endloop
  endfacet
  facet normal 0 0 1
    outer loop
      vertex -20.5935 46.4911 8
      vertex -15.923 46.5683 8
      vertex -20.515 47.1736 8
    endloop
  endfacet
  facet normal 0 0 1
    outer loop
      vertex -15.311 -40.3554 8
      vertex -20.5037 -47.8604 8
      vertex -15.6926 -41.8786 8
    endloop
  endfacet
  facet normal 0 0 1
    outer loop
      vertex 75 -25 8
      vertex 53 -52 8
      vertex 65 -52 8
    endloop
  endfacet
  facet normal -0 0 1
    outer loop
      vertex 15.923 -46.5683 8
      vertex 53 -52 8
      vertex 16 -45 8
    endloop
  endfacet
  facet normal -0 0 1
    outer loop
      vertex 14.1107 -37.4577 8
      vertex 53 -52 8
      vertex 75 -25 8
    endloop
  endfacet
  facet normal 0 0 1
    outer loop
      vertex 53 -52 8
      vertex 15.923 -43.4317 8
      vertex 16 -45 8
    endloop
  endfacet
  facet normal 0 0 1
    outer loop
      vertex 53 -52 8
      vertex 15.6926 -41.8786 8
      vertex 15.923 -43.4317 8
    endloop
  endfacet
  facet normal 0 0 1
    outer loop
      vertex 53 -52 8
      vertex 15.311 -40.3554 8
      vertex 15.6926 -41.8786 8
    endloop
  endfacet
  facet normal 0 0 1
    outer loop
      vertex 53 -52 8
      vertex 14.7821 -38.8771 8
      vertex 15.311 -40.3554 8
    endloop
  endfacet
  facet normal 0 0 1
    outer loop
      vertex 53 -52 8
      vertex 14.1107 -37.4577 8
      vertex 14.7821 -38.8771 8
    endloop
  endfacet
  facet normal 0 0 1
    outer loop
      vertex 75 -25 8
      vertex 13.3035 -36.1109 8
      vertex 14.1107 -37.4577 8
    endloop
  endfacet
  facet normal 0 0 1
    outer loop
      vertex 75 -25 8
      vertex 12.3682 -34.8497 8
      vertex 13.3035 -36.1109 8
    endloop
  endfacet
  facet normal 0 0 1
    outer loop
      vertex 75 -25 8
      vertex 11.3137 -33.6863 8
      vertex 12.3682 -34.8497 8
    endloop
  endfacet
  facet normal -0 0 1
    outer loop
      vertex 5 -25 8
      vertex 11.3137 -33.6863 8
      vertex 75 -25 8
    endloop
  endfacet
  facet normal 0 0 1
    outer loop
      vertex 11.3137 -33.6863 8
      vertex 5 -25 8
      vertex 10.1503 -32.6318 8
    endloop
  endfacet
  facet normal 0 0 1
    outer loop
      vertex 10.1503 -32.6318 8
      vertex 5 -25 8
      vertex 8.88912 -31.6965 8
    endloop
  endfacet
  facet normal 0 0 1
    outer loop
      vertex 8.88912 -31.6965 8
      vertex 5 -25 8
      vertex 7.54235 -30.8893 8
    endloop
  endfacet
  facet normal 0 0 1
    outer loop
      vertex 7.54235 -30.8893 8
      vertex 5 -25 8
      vertex 6.12293 -30.2179 8
    endloop
  endfacet
  facet normal 0 0 1
    outer loop
      vertex 5 -25 8
      vertex 4.64455 -29.689 8
      vertex 6.12293 -30.2179 8
    endloop
  endfacet
  facet normal 0 0 1
    outer loop
      vertex 5 25 8
      vertex 4 0 8
      vertex 5 -25 8
    endloop
  endfacet
  facet normal -0 0 1
    outer loop
      vertex 3.98074 -0.392068 8
      vertex 5 -25 8
      vertex 4 0 8
    endloop
  endfacet
  facet normal 0 0 1
    outer loop
      vertex 4.64455 29.689 8
      vertex 3.98074 0.392068 8
      vertex 4 0 8
    endloop
  endfacet
  facet normal 0 0 1
    outer loop
      vertex 4.64455 29.689 8
      vertex 3.92314 0.780361 8
      vertex 3.98074 0.392068 8
    endloop
  endfacet
  facet normal 0 0 1
    outer loop
      vertex 4.64455 29.689 8
      vertex 3.82776 1.16114 8
      vertex 3.92314 0.780361 8
    endloop
  endfacet
  facet normal 0 0 1
    outer loop
      vertex 4.64455 29.689 8
      vertex 3.69552 1.53073 8
      vertex 3.82776 1.16114 8
    endloop
  endfacet
  facet normal 0 0 1
    outer loop
      vertex 4.64455 29.689 8
      vertex 3.52768 1.88559 8
      vertex 3.69552 1.53073 8
    endloop
  endfacet
  facet normal 0 0 1
    outer loop
      vertex 4.64455 29.689 8
      vertex 3.32588 2.22228 8
      vertex 3.52768 1.88559 8
    endloop
  endfacet
  facet normal 0 0 1
    outer loop
      vertex 1.53073 3.69552 8
      vertex 4.64455 29.689 8
      vertex 3.12144 29.3074 8
    endloop
  endfacet
  facet normal 0 0 1
    outer loop
      vertex 4.64455 29.689 8
      vertex 3.09204 2.53757 8
      vertex 3.32588 2.22228 8
    endloop
  endfacet
  facet normal 0 0 1
    outer loop
      vertex 4.64455 29.689 8
      vertex 2.82843 2.82843 8
      vertex 3.09204 2.53757 8
    endloop
  endfacet
  facet normal 0 0 1
    outer loop
      vertex 4.64455 29.689 8
      vertex 2.53757 3.09204 8
      vertex 2.82843 2.82843 8
    endloop
  endfacet
  facet normal 0 0 1
    outer loop
      vertex 4.64455 29.689 8
      vertex 2.22228 3.32588 8
      vertex 2.53757 3.09204 8
    endloop
  endfacet
  facet normal 0 0 1
    outer loop
      vertex 4.64455 29.689 8
      vertex 1.88559 3.52768 8
      vertex 2.22228 3.32588 8
    endloop
  endfacet
  facet normal 0 0 1
    outer loop
      vertex 1.16114 3.82776 8
      vertex 3.12144 29.3074 8
      vertex 1.56827 29.077 8
    endloop
  endfacet
  facet normal 0 0 1
    outer loop
      vertex 4.64455 29.689 8
      vertex 1.53073 3.69552 8
      vertex 1.88559 3.52768 8
    endloop
  endfacet
  facet normal 0 0 1
    outer loop
      vertex 3.12144 29.3074 8
      vertex 1.16114 3.82776 8
      vertex 1.53073 3.69552 8
    endloop
  endfacet
  facet normal 0 0 1
    outer loop
      vertex 1.56827 29.077 8
      vertex 0.780361 3.92314 8
      vertex 1.16114 3.82776 8
    endloop
  endfacet
  facet normal 0 0 1
    outer loop
      vertex 1.56827 29.077 8
      vertex 0.392068 3.98074 8
      vertex 0.780361 3.92314 8
    endloop
  endfacet
  facet normal -0 0 1
    outer loop
      vertex 0 29 8
      vertex 0.392068 3.98074 8
      vertex 1.56827 29.077 8
    endloop
  endfacet
  facet normal 0 0 1
    outer loop
      vertex 0 29 8
      vertex 0 4 8
      vertex 0.392068 3.98074 8
    endloop
  endfacet
  facet normal 0 0 1
    outer loop
      vertex 0 29 8
      vertex -0.392068 3.98074 8
      vertex 0 4 8
    endloop
  endfacet
  facet normal 0 0 1
    outer loop
      vertex -1.56827 29.077 8
      vertex -0.392068 3.98074 8
      vertex 0 29 8
    endloop
  endfacet
  facet normal 0 0 1
    outer loop
      vertex -0.392068 3.98074 8
      vertex -1.56827 29.077 8
      vertex -0.780361 3.92314 8
    endloop
  endfacet
  facet normal 0 0 1
    outer loop
      vertex -0.780361 3.92314 8
      vertex -1.56827 29.077 8
      vertex -1.16114 3.82776 8
    endloop
  endfacet
  facet normal 0 0 1
    outer loop
      vertex -3.12144 29.3074 8
      vertex -1.16114 3.82776 8
      vertex -1.56827 29.077 8
    endloop
  endfacet
  facet normal 0 0 1
    outer loop
      vertex -1.16114 3.82776 8
      vertex -3.12144 29.3074 8
      vertex -1.53073 3.69552 8
    endloop
  endfacet
  facet normal 0 0 1
    outer loop
      vertex -4.64455 29.689 8
      vertex -1.53073 3.69552 8
      vertex -3.12144 29.3074 8
    endloop
  endfacet
  facet normal 0 0 1
    outer loop
      vertex -1.53073 3.69552 8
      vertex -4.64455 29.689 8
      vertex -1.88559 3.52768 8
    endloop
  endfacet
  facet normal 0 0 1
    outer loop
      vertex -1.88559 3.52768 8
      vertex -4.64455 29.689 8
      vertex -2.22228 3.32588 8
    endloop
  endfacet
  facet normal 0 0 1
    outer loop
      vertex -6.12293 30.2179 8
      vertex -2.22228 3.32588 8
      vertex -4.64455 29.689 8
    endloop
  endfacet
  facet normal 0 0 1
    outer loop
      vertex -2.22228 3.32588 8
      vertex -6.12293 30.2179 8
      vertex -2.53757 3.09204 8
    endloop
  endfacet
  facet normal 0 0 1
    outer loop
      vertex -2.53757 3.09204 8
      vertex -6.12293 30.2179 8
      vertex -2.82843 2.82843 8
    endloop
  endfacet
  facet normal 0 0 1
    outer loop
      vertex -7.54235 30.8893 8
      vertex -2.82843 2.82843 8
      vertex -6.12293 30.2179 8
    endloop
  endfacet
  facet normal 0 0 1
    outer loop
      vertex -2.82843 2.82843 8
      vertex -7.54235 30.8893 8
      vertex -3.09204 2.53757 8
    endloop
  endfacet
  facet normal 0 0 1
    outer loop
      vertex -8.88912 31.6965 8
      vertex -3.09204 2.53757 8
      vertex -7.54235 30.8893 8
    endloop
  endfacet
  facet normal 0 0 1
    outer loop
      vertex -3.09204 2.53757 8
      vertex -8.88912 31.6965 8
      vertex -3.32588 2.22228 8
    endloop
  endfacet
  facet normal 0 0 1
    outer loop
      vertex -3.32588 2.22228 8
      vertex -8.88912 31.6965 8
      vertex -3.52768 1.88559 8
    endloop
  endfacet
  facet normal 0 0 1
    outer loop
      vertex -10.1503 32.6318 8
      vertex -3.52768 1.88559 8
      vertex -8.88912 31.6965 8
    endloop
  endfacet
  facet normal 0 0 1
    outer loop
      vertex -3.52768 1.88559 8
      vertex -10.1503 32.6318 8
      vertex -3.69552 1.53073 8
    endloop
  endfacet
  facet normal 0 0 1
    outer loop
      vertex 80 70 8
      vertex 75 25 8
      vertex 80 -70 8
    endloop
  endfacet
  facet normal 0 0 1
    outer loop
      vertex 65 52 8
      vertex 80 70 8
      vertex 65 60 8
    endloop
  endfacet
  facet normal 0 0 1
    outer loop
      vertex 80 70 8
      vertex 53 60 8
      vertex 65 60 8
    endloop
  endfacet
  facet normal 0 0 1
    outer loop
      vertex 15.311 49.6446 8
      vertex 53 52 8
      vertex 53 60 8
    endloop
  endfacet
  facet normal 0 0 1
    outer loop
      vertex 53 52 8
      vertex 15.923 46.5683 8
      vertex 16 45 8
    endloop
  endfacet
  facet normal -0 0 1
    outer loop
      vertex 4.64455 60.311 8
      vertex 53 60 8
      vertex 80 70 8
    endloop
  endfacet
  facet normal 0 0 1
    outer loop
      vertex 53 52 8
      vertex 15.6926 48.1214 8
      vertex 15.923 46.5683 8
    endloop
  endfacet
  facet normal 0 0 1
    outer loop
      vertex 53 52 8
      vertex 15.311 49.6446 8
      vertex 15.6926 48.1214 8
    endloop
  endfacet
  facet normal 0 0 1
    outer loop
      vertex 53 60 8
      vertex 14.7821 51.1229 8
      vertex 15.311 49.6446 8
    endloop
  endfacet
  facet normal 0 0 1
    outer loop
      vertex 53 60 8
      vertex 14.1107 52.5423 8
      vertex 14.7821 51.1229 8
    endloop
  endfacet
  facet normal 0 0 1
    outer loop
      vertex 53 60 8
      vertex 13.3035 53.8891 8
      vertex 14.1107 52.5423 8
    endloop
  endfacet
  facet normal 0 0 1
    outer loop
      vertex 53 60 8
      vertex 12.3682 55.1503 8
      vertex 13.3035 53.8891 8
    endloop
  endfacet
  facet normal 0 0 1
    outer loop
      vertex 53 60 8
      vertex 11.3137 56.3137 8
      vertex 12.3682 55.1503 8
    endloop
  endfacet
  facet normal 0 0 1
    outer loop
      vertex 53 60 8
      vertex 10.1503 57.3682 8
      vertex 11.3137 56.3137 8
    endloop
  endfacet
  facet normal 0 0 1
    outer loop
      vertex 53 60 8
      vertex 8.88912 58.3035 8
      vertex 10.1503 57.3682 8
    endloop
  endfacet
  facet normal 0 0 1
    outer loop
      vertex 53 60 8
      vertex 7.54235 59.1107 8
      vertex 8.88912 58.3035 8
    endloop
  endfacet
  facet normal 0 0 1
    outer loop
      vertex 53 60 8
      vertex 6.12293 59.7821 8
      vertex 7.54235 59.1107 8
    endloop
  endfacet
  facet normal 0 0 1
    outer loop
      vertex 53 60 8
      vertex 4.64455 60.311 8
      vertex 6.12293 59.7821 8
    endloop
  endfacet
  facet normal 0 0 1
    outer loop
      vertex 80 70 8
      vertex 3.12144 60.6926 8
      vertex 4.64455 60.311 8
    endloop
  endfacet
  facet normal 0 0 1
    outer loop
      vertex 80 70 8
      vertex 1.56827 60.923 8
      vertex 3.12144 60.6926 8
    endloop
  endfacet
  facet normal 0 0 1
    outer loop
      vertex 80 70 8
      vertex 0 61 8
      vertex 1.56827 60.923 8
    endloop
  endfacet
  facet normal -0 0 1
    outer loop
      vertex -80 70 8
      vertex 0 61 8
      vertex 80 70 8
    endloop
  endfacet
  facet normal 0 0 1
    outer loop
      vertex -15.6926 -41.8786 8
      vertex -20.5037 -47.8604 8
      vertex -15.923 -43.4317 8
    endloop
  endfacet
  facet normal -0 0 1
    outer loop
      vertex -20.515 47.1736 8
      vertex -15.923 46.5683 8
      vertex -20.5037 47.8604 8
    endloop
  endfacet
  facet normal 0 0 1
    outer loop
      vertex -15.6926 48.1214 8
      vertex -20.5037 47.8604 8
      vertex -15.923 46.5683 8
    endloop
  endfacet
  facet normal -0 0 1
    outer loop
      vertex -20.6829 49.2209 8
      vertex -15.6926 48.1214 8
      vertex -15.311 49.6446 8
    endloop
  endfacet
  facet normal -0 0 1
    outer loop
      vertex -21.124 50.5203 8
      vertex -15.311 49.6446 8
      vertex -14.7821 51.1229 8
    endloop
  endfacet
  facet normal -0 0 1
    outer loop
      vertex -21.4378 51.1314 8
      vertex -14.7821 51.1229 8
      vertex -14.1107 52.5423 8
    endloop
  endfacet
  facet normal 0 0 1
    outer loop
      vertex -22.2371 52.2468 8
      vertex -14.1107 52.5423 8
      vertex -13.3035 53.8891 8
    endloop
  endfacet
  facet normal 0 0 1
    outer loop
      vertex -23.2387 53.1849 8
      vertex -13.3035 53.8891 8
      vertex -12.3682 55.1503 8
    endloop
  endfacet
  facet normal 0 0 1
    outer loop
      vertex -23.8035 53.5758 8
      vertex -12.3682 55.1503 8
      vertex -11.3137 56.3137 8
    endloop
  endfacet
  facet normal 0 0 1
    outer loop
      vertex -15.6926 48.1214 8
      vertex -20.5599 48.5451 8
      vertex -20.5037 47.8604 8
    endloop
  endfacet
  facet normal 0 0 1
    outer loop
      vertex -25.0342 54.1827 8
      vertex -11.3137 56.3137 8
      vertex -10.1503 57.3682 8
    endloop
  endfacet
  facet normal 0 0 1
    outer loop
      vertex -15.6926 48.1214 8
      vertex -20.6829 49.2209 8
      vertex -20.5599 48.5451 8
    endloop
  endfacet
  facet normal 0 0 1
    outer loop
      vertex -15.311 49.6446 8
      vertex -20.8715 49.8815 8
      vertex -20.6829 49.2209 8
    endloop
  endfacet
  facet normal 0 0 1
    outer loop
      vertex -25.6883 54.3929 8
      vertex -10.1503 57.3682 8
      vertex -8.88912 58.3035 8
    endloop
  endfacet
  facet normal 0 0 1
    outer loop
      vertex -15.311 49.6446 8
      vertex -21.124 50.5203 8
      vertex -20.8715 49.8815 8
    endloop
  endfacet
  facet normal 0 0 1
    outer loop
      vertex -14.7821 51.1229 8
      vertex -21.4378 51.1314 8
      vertex -21.124 50.5203 8
    endloop
  endfacet
  facet normal 0 0 1
    outer loop
      vertex -27.0422 54.6164 8
      vertex -8.88912 58.3035 8
      vertex -7.54235 59.1107 8
    endloop
  endfacet
  facet normal 0 0 1
    outer loop
      vertex -14.1107 52.5423 8
      vertex -21.8101 51.7087 8
      vertex -21.4378 51.1314 8
    endloop
  endfacet
  facet normal 0 0 1
    outer loop
      vertex -14.1107 52.5423 8
      vertex -22.2371 52.2468 8
      vertex -21.8101 51.7087 8
    endloop
  endfacet
  facet normal 0 0 1
    outer loop
      vertex -27.729 54.6276 8
      vertex -7.54235 59.1107 8
      vertex -6.12293 59.7821 8
    endloop
  endfacet
  facet normal 0 0 1
    outer loop
      vertex -13.3035 53.8891 8
      vertex -22.7149 52.7404 8
      vertex -22.2371 52.2468 8
    endloop
  endfacet
  facet normal 0 0 1
    outer loop
      vertex -13.3035 53.8891 8
      vertex -23.2387 53.1849 8
      vertex -22.7149 52.7404 8
    endloop
  endfacet
  facet normal 0 0 1
    outer loop
      vertex -12.3682 55.1503 8
      vertex -23.8035 53.5758 8
      vertex -23.2387 53.1849 8
    endloop
  endfacet
  facet normal -0 0 1
    outer loop
      vertex -53 60 8
      vertex -6.12293 59.7821 8
      vertex -4.64455 60.311 8
    endloop
  endfacet
  facet normal 0 0 1
    outer loop
      vertex -11.3137 56.3137 8
      vertex -24.404 53.9095 8
      vertex -23.8035 53.5758 8
    endloop
  endfacet
  facet normal 0 0 1
    outer loop
      vertex -11.3137 56.3137 8
      vertex -25.0342 54.1827 8
      vertex -24.404 53.9095 8
    endloop
  endfacet
  facet normal 0 0 1
    outer loop
      vertex -10.1503 57.3682 8
      vertex -25.6883 54.3929 8
      vertex -25.0342 54.1827 8
    endloop
  endfacet
  facet normal 0 0 1
    outer loop
      vertex -8.88912 58.3035 8
      vertex -26.3597 54.5379 8
      vertex -25.6883 54.3929 8
    endloop
  endfacet
  facet normal 0 0 1
    outer loop
      vertex -8.88912 58.3035 8
      vertex -27.0422 54.6164 8
      vertex -26.3597 54.5379 8
    endloop
  endfacet
  facet normal 0 0 1
    outer loop
      vertex -7.54235 59.1107 8
      vertex -27.729 54.6276 8
      vertex -27.0422 54.6164 8
    endloop
  endfacet
  facet normal 0 0 1
    outer loop
      vertex -53 60 8
      vertex -4.64455 60.311 8
      vertex -3.12144 60.6926 8
    endloop
  endfacet
  facet normal 0 0 1
    outer loop
      vertex -6.12293 59.7821 8
      vertex -53 60 8
      vertex -27.729 54.6276 8
    endloop
  endfacet
  facet normal 0 0 1
    outer loop
      vertex -27.729 54.6276 8
      vertex -53 60 8
      vertex -28.4137 54.5715 8
    endloop
  endfacet
  facet normal 0 0 1
    outer loop
      vertex -34.485 48.0892 8
      vertex -53 52 8
      vertex -34.4963 47.4024 8
    endloop
  endfacet
  facet normal 0 0 1
    outer loop
      vertex -34.4065 48.7717 8
      vertex -53 52 8
      vertex -34.485 48.0892 8
    endloop
  endfacet
  facet normal 0 0 1
    outer loop
      vertex -34.2615 49.4431 8
      vertex -53 52 8
      vertex -34.4065 48.7717 8
    endloop
  endfacet
  facet normal 0 0 1
    outer loop
      vertex -34.0513 50.0971 8
      vertex -53 52 8
      vertex -34.2615 49.4431 8
    endloop
  endfacet
  facet normal 0 0 1
    outer loop
      vertex -33.7781 50.7274 8
      vertex -53 52 8
      vertex -34.0513 50.0971 8
    endloop
  endfacet
  facet normal -0 0 1
    outer loop
      vertex -53 52 8
      vertex -33.7781 50.7274 8
      vertex -53 60 8
    endloop
  endfacet
  facet normal 0 0 1
    outer loop
      vertex -33.4444 51.3279 8
      vertex -53 60 8
      vertex -33.7781 50.7274 8
    endloop
  endfacet
  facet normal 0 0 1
    outer loop
      vertex -33.0535 51.8927 8
      vertex -53 60 8
      vertex -33.4444 51.3279 8
    endloop
  endfacet
  facet normal 0 0 1
    outer loop
      vertex -32.609 52.4165 8
      vertex -53 60 8
      vertex -33.0535 51.8927 8
    endloop
  endfacet
  facet normal 0 0 1
    outer loop
      vertex -32.1154 52.8943 8
      vertex -53 60 8
      vertex -32.609 52.4165 8
    endloop
  endfacet
  facet normal 0 0 1
    outer loop
      vertex -31.5773 53.3213 8
      vertex -53 60 8
      vertex -32.1154 52.8943 8
    endloop
  endfacet
  facet normal 0 0 1
    outer loop
      vertex -31 53.6936 8
      vertex -53 60 8
      vertex -31.5773 53.3213 8
    endloop
  endfacet
  facet normal 0 0 1
    outer loop
      vertex -30.3889 54.0074 8
      vertex -53 60 8
      vertex -31 53.6936 8
    endloop
  endfacet
  facet normal 0 0 1
    outer loop
      vertex -29.7501 54.2599 8
      vertex -53 60 8
      vertex -30.3889 54.0074 8
    endloop
  endfacet
  facet normal 0 0 1
    outer loop
      vertex -29.0895 54.4485 8
      vertex -53 60 8
      vertex -29.7501 54.2599 8
    endloop
  endfacet
  facet normal 0 0 1
    outer loop
      vertex -28.4137 54.5715 8
      vertex -53 60 8
      vertex -29.0895 54.4485 8
    endloop
  endfacet
  facet normal 0 0 1
    outer loop
      vertex -80 70 8
      vertex -3.12144 60.6926 8
      vertex -1.56827 60.923 8
    endloop
  endfacet
  facet normal 0 0 1
    outer loop
      vertex 0 61 8
      vertex -80 70 8
      vertex -1.56827 60.923 8
    endloop
  endfacet
  facet normal 0 0 1
    outer loop
      vertex -3.12144 60.6926 8
      vertex -80 70 8
      vertex -53 60 8
    endloop
  endfacet
  facet normal 0 0 1
    outer loop
      vertex -80 70 8
      vertex -65 52 8
      vertex -65 60 8
    endloop
  endfacet
  facet normal 0 0 1
    outer loop
      vertex -65 52 8
      vertex -80 70 8
      vertex -65 -52 8
    endloop
  endfacet
  facet normal 0 0 1
    outer loop
      vertex -80 -70 8
      vertex -65 -52 8
      vertex -80 70 8
    endloop
  endfacet
  facet normal 0 0 1
    outer loop
      vertex -53 60 8
      vertex -80 70 8
      vertex -65 60 8
    endloop
  endfacet
  facet normal -0 0 1
    outer loop
      vertex 75 -25 8
      vertex 80 -70 8
      vertex 75 25 8
    endloop
  endfacet
  facet normal -0 0 1
    outer loop
      vertex 65 -52 8
      vertex 80 -70 8
      vertex 75 -25 8
    endloop
  endfacet
  facet normal -0 0 1
    outer loop
      vertex 65 -60 8
      vertex 80 -70 8
      vertex 65 -52 8
    endloop
  endfacet
  facet normal -0 0 1
    outer loop
      vertex 53 -60 8
      vertex 80 -70 8
      vertex 65 -60 8
    endloop
  endfacet
  facet normal -0 0 1
    outer loop
      vertex 15.6926 -48.1214 8
      vertex 53 -52 8
      vertex 15.923 -46.5683 8
    endloop
  endfacet
  facet normal -0 0 1
    outer loop
      vertex 15.311 -49.6446 8
      vertex 53 -52 8
      vertex 15.6926 -48.1214 8
    endloop
  endfacet
  facet normal 0 0 1
    outer loop
      vertex 53 -52 8
      vertex 15.311 -49.6446 8
      vertex 53 -60 8
    endloop
  endfacet
  facet normal -0 0 1
    outer loop
      vertex 14.7821 -51.1229 8
      vertex 53 -60 8
      vertex 15.311 -49.6446 8
    endloop
  endfacet
  facet normal -0 0 1
    outer loop
      vertex 14.1107 -52.5423 8
      vertex 53 -60 8
      vertex 14.7821 -51.1229 8
    endloop
  endfacet
  facet normal -0 0 1
    outer loop
      vertex 13.3035 -53.8891 8
      vertex 53 -60 8
      vertex 14.1107 -52.5423 8
    endloop
  endfacet
  facet normal -0 0 1
    outer loop
      vertex 12.3682 -55.1503 8
      vertex 53 -60 8
      vertex 13.3035 -53.8891 8
    endloop
  endfacet
  facet normal -0 0 1
    outer loop
      vertex 11.3137 -56.3137 8
      vertex 53 -60 8
      vertex 12.3682 -55.1503 8
    endloop
  endfacet
  facet normal -0 0 1
    outer loop
      vertex 10.1503 -57.3682 8
      vertex 53 -60 8
      vertex 11.3137 -56.3137 8
    endloop
  endfacet
  facet normal -0 0 1
    outer loop
      vertex 8.88912 -58.3035 8
      vertex 53 -60 8
      vertex 10.1503 -57.3682 8
    endloop
  endfacet
  facet normal -0 0 1
    outer loop
      vertex 7.54235 -59.1107 8
      vertex 53 -60 8
      vertex 8.88912 -58.3035 8
    endloop
  endfacet
  facet normal -0 0 1
    outer loop
      vertex 6.12293 -59.7821 8
      vertex 53 -60 8
      vertex 7.54235 -59.1107 8
    endloop
  endfacet
  facet normal 0 0 1
    outer loop
      vertex 4.64455 -60.311 8
      vertex 53 -60 8
      vertex 6.12293 -59.7821 8
    endloop
  endfacet
  facet normal 0 0 1
    outer loop
      vertex 53 -60 8
      vertex 4.64455 -60.311 8
      vertex 80 -70 8
    endloop
  endfacet
  facet normal -0 0 1
    outer loop
      vertex 3.12144 -60.6926 8
      vertex 80 -70 8
      vertex 4.64455 -60.311 8
    endloop
  endfacet
  facet normal -0 0 1
    outer loop
      vertex 1.56827 -60.923 8
      vertex 80 -70 8
      vertex 3.12144 -60.6926 8
    endloop
  endfacet
  facet normal -0 0 1
    outer loop
      vertex 0 -61 8
      vertex 80 -70 8
      vertex 1.56827 -60.923 8
    endloop
  endfacet
  facet normal 0 0 1
    outer loop
      vertex -80 -70 8
      vertex 0 -61 8
      vertex -1.56827 -60.923 8
    endloop
  endfacet
  facet normal 0 0 1
    outer loop
      vertex -15.923 -43.4317 8
      vertex -20.5037 -47.8604 8
      vertex -16 -45 8
    endloop
  endfacet
  facet normal 0 0 1
    outer loop
      vertex -20.5037 -47.8604 8
      vertex -15.923 -46.5683 8
      vertex -16 -45 8
    endloop
  endfacet
  facet normal -0 0 1
    outer loop
      vertex -20.5037 -47.8604 8
      vertex -15.6926 -48.1214 8
      vertex -15.923 -46.5683 8
    endloop
  endfacet
  facet normal 0 0 1
    outer loop
      vertex -20.5599 -48.5451 8
      vertex -15.6926 -48.1214 8
      vertex -20.5037 -47.8604 8
    endloop
  endfacet
  facet normal 0 0 1
    outer loop
      vertex -20.6829 -49.2209 8
      vertex -15.6926 -48.1214 8
      vertex -20.5599 -48.5451 8
    endloop
  endfacet
  facet normal 0 0 1
    outer loop
      vertex -15.6926 -48.1214 8
      vertex -20.6829 -49.2209 8
      vertex -15.311 -49.6446 8
    endloop
  endfacet
  facet normal 0 0 1
    outer loop
      vertex -20.8715 -49.8815 8
      vertex -15.311 -49.6446 8
      vertex -20.6829 -49.2209 8
    endloop
  endfacet
  facet normal 0 0 1
    outer loop
      vertex -21.124 -50.5203 8
      vertex -15.311 -49.6446 8
      vertex -20.8715 -49.8815 8
    endloop
  endfacet
  facet normal 0 0 1
    outer loop
      vertex -15.311 -49.6446 8
      vertex -21.124 -50.5203 8
      vertex -14.7821 -51.1229 8
    endloop
  endfacet
  facet normal 0 0 1
    outer loop
      vertex -21.4378 -51.1314 8
      vertex -14.7821 -51.1229 8
      vertex -21.124 -50.5203 8
    endloop
  endfacet
  facet normal 0 0 1
    outer loop
      vertex -14.7821 -51.1229 8
      vertex -21.4378 -51.1314 8
      vertex -14.1107 -52.5423 8
    endloop
  endfacet
  facet normal -0 0 1
    outer loop
      vertex -21.8101 -51.7087 8
      vertex -14.1107 -52.5423 8
      vertex -21.4378 -51.1314 8
    endloop
  endfacet
  facet normal -0 0 1
    outer loop
      vertex -22.2371 -52.2468 8
      vertex -14.1107 -52.5423 8
      vertex -21.8101 -51.7087 8
    endloop
  endfacet
  facet normal 0 0 1
    outer loop
      vertex -14.1107 -52.5423 8
      vertex -22.2371 -52.2468 8
      vertex -13.3035 -53.8891 8
    endloop
  endfacet
  facet normal -0 0 1
    outer loop
      vertex -22.7149 -52.7404 8
      vertex -13.3035 -53.8891 8
      vertex -22.2371 -52.2468 8
    endloop
  endfacet
  facet normal -0 0 1
    outer loop
      vertex -23.2387 -53.1849 8
      vertex -13.3035 -53.8891 8
      vertex -22.7149 -52.7404 8
    endloop
  endfacet
  facet normal 0 0 1
    outer loop
      vertex -13.3035 -53.8891 8
      vertex -23.2387 -53.1849 8
      vertex -12.3682 -55.1503 8
    endloop
  endfacet
  facet normal -0 0 1
    outer loop
      vertex -23.8035 -53.5758 8
      vertex -12.3682 -55.1503 8
      vertex -23.2387 -53.1849 8
    endloop
  endfacet
  facet normal 0 0 1
    outer loop
      vertex -12.3682 -55.1503 8
      vertex -23.8035 -53.5758 8
      vertex -11.3137 -56.3137 8
    endloop
  endfacet
  facet normal -0 0 1
    outer loop
      vertex -24.404 -53.9095 8
      vertex -11.3137 -56.3137 8
      vertex -23.8035 -53.5758 8
    endloop
  endfacet
  facet normal -0 0 1
    outer loop
      vertex -25.0342 -54.1827 8
      vertex -11.3137 -56.3137 8
      vertex -24.404 -53.9095 8
    endloop
  endfacet
  facet normal 0 0 1
    outer loop
      vertex -11.3137 -56.3137 8
      vertex -25.0342 -54.1827 8
      vertex -10.1503 -57.3682 8
    endloop
  endfacet
  facet normal -0 0 1
    outer loop
      vertex -25.6883 -54.3929 8
      vertex -10.1503 -57.3682 8
      vertex -25.0342 -54.1827 8
    endloop
  endfacet
  facet normal 0 0 1
    outer loop
      vertex -10.1503 -57.3682 8
      vertex -25.6883 -54.3929 8
      vertex -8.88912 -58.3035 8
    endloop
  endfacet
  facet normal -0 0 1
    outer loop
      vertex -26.3597 -54.5379 8
      vertex -8.88912 -58.3035 8
      vertex -25.6883 -54.3929 8
    endloop
  endfacet
  facet normal -0 0 1
    outer loop
      vertex -27.0422 -54.6164 8
      vertex -8.88912 -58.3035 8
      vertex -26.3597 -54.5379 8
    endloop
  endfacet
  facet normal 0 0 1
    outer loop
      vertex -8.88912 -58.3035 8
      vertex -27.0422 -54.6164 8
      vertex -7.54235 -59.1107 8
    endloop
  endfacet
  facet normal -0 0 1
    outer loop
      vertex -27.729 -54.6276 8
      vertex -7.54235 -59.1107 8
      vertex -27.0422 -54.6164 8
    endloop
  endfacet
  facet normal 0 0 1
    outer loop
      vertex -7.54235 -59.1107 8
      vertex -27.729 -54.6276 8
      vertex -6.12293 -59.7821 8
    endloop
  endfacet
  facet normal 0 0 1
    outer loop
      vertex -53 -60 8
      vertex -6.12293 -59.7821 8
      vertex -27.729 -54.6276 8
    endloop
  endfacet
  facet normal 0 0 1
    outer loop
      vertex -6.12293 -59.7821 8
      vertex -53 -60 8
      vertex -4.64455 -60.311 8
    endloop
  endfacet
  facet normal 0 0 1
    outer loop
      vertex -53 -60 8
      vertex -27.729 -54.6276 8
      vertex -28.4137 -54.5715 8
    endloop
  endfacet
  facet normal 0 0 1
    outer loop
      vertex -53 -60 8
      vertex -28.4137 -54.5715 8
      vertex -29.0895 -54.4485 8
    endloop
  endfacet
  facet normal 0 0 1
    outer loop
      vertex -34.3171 -46.0419 8
      vertex -53 -52 8
      vertex -34.4401 -46.7177 8
    endloop
  endfacet
  facet normal 0 0 1
    outer loop
      vertex -34.4401 -46.7177 8
      vertex -53 -52 8
      vertex -34.4963 -47.4024 8
    endloop
  endfacet
  facet normal 0 0 1
    outer loop
      vertex -34.4963 -47.4024 8
      vertex -53 -52 8
      vertex -34.485 -48.0892 8
    endloop
  endfacet
  facet normal 0 0 1
    outer loop
      vertex -34.485 -48.0892 8
      vertex -53 -52 8
      vertex -34.4065 -48.7717 8
    endloop
  endfacet
  facet normal 0 0 1
    outer loop
      vertex -53 -52 8
      vertex -34.2615 -49.4431 8
      vertex -34.4065 -48.7717 8
    endloop
  endfacet
  facet normal 0 0 1
    outer loop
      vertex -53 -52 8
      vertex -34.0513 -50.0971 8
      vertex -34.2615 -49.4431 8
    endloop
  endfacet
  facet normal 0 0 1
    outer loop
      vertex -53 -52 8
      vertex -33.7781 -50.7274 8
      vertex -34.0513 -50.0971 8
    endloop
  endfacet
  facet normal 0 0 1
    outer loop
      vertex -53 -60 8
      vertex -33.7781 -50.7274 8
      vertex -53 -52 8
    endloop
  endfacet
  facet normal 0 0 1
    outer loop
      vertex -33.7781 -50.7274 8
      vertex -53 -60 8
      vertex -33.4444 -51.3279 8
    endloop
  endfacet
  facet normal 0 0 1
    outer loop
      vertex -33.4444 -51.3279 8
      vertex -53 -60 8
      vertex -33.0535 -51.8927 8
    endloop
  endfacet
  facet normal 0 0 1
    outer loop
      vertex -33.0535 -51.8927 8
      vertex -53 -60 8
      vertex -32.609 -52.4165 8
    endloop
  endfacet
  facet normal 0 0 1
    outer loop
      vertex -32.609 -52.4165 8
      vertex -53 -60 8
      vertex -32.1154 -52.8943 8
    endloop
  endfacet
  facet normal 0 0 1
    outer loop
      vertex -32.1154 -52.8943 8
      vertex -53 -60 8
      vertex -31.5773 -53.3213 8
    endloop
  endfacet
  facet normal 0 0 1
    outer loop
      vertex -31.5773 -53.3213 8
      vertex -53 -60 8
      vertex -31 -53.6936 8
    endloop
  endfacet
  facet normal 0 0 1
    outer loop
      vertex -31 -53.6936 8
      vertex -53 -60 8
      vertex -30.3889 -54.0074 8
    endloop
  endfacet
  facet normal 0 0 1
    outer loop
      vertex -30.3889 -54.0074 8
      vertex -53 -60 8
      vertex -29.7501 -54.2599 8
    endloop
  endfacet
  facet normal 0 0 1
    outer loop
      vertex -29.7501 -54.2599 8
      vertex -53 -60 8
      vertex -29.0895 -54.4485 8
    endloop
  endfacet
  facet normal 0 0 1
    outer loop
      vertex -4.64455 -60.311 8
      vertex -53 -60 8
      vertex -3.12144 -60.6926 8
    endloop
  endfacet
  facet normal 0 0 1
    outer loop
      vertex -80 -70 8
      vertex -3.12144 -60.6926 8
      vertex -53 -60 8
    endloop
  endfacet
  facet normal 0 0 1
    outer loop
      vertex -3.12144 -60.6926 8
      vertex -80 -70 8
      vertex -1.56827 -60.923 8
    endloop
  endfacet
  facet normal 0 0 1
    outer loop
      vertex -80 -70 8
      vertex -53 -60 8
      vertex -65 -60 8
    endloop
  endfacet
  facet normal 0 0 1
    outer loop
      vertex 0 -61 8
      vertex -80 -70 8
      vertex 80 -70 8
    endloop
  endfacet
  facet normal 0 0 1
    outer loop
      vertex -65 -52 8
      vertex -80 -70 8
      vertex -65 -60 8
    endloop
  endfacet
  facet normal 0 0 1
    outer loop
      vertex 80 70 8
      vertex 65 52 8
      vertex 75 25 8
    endloop
  endfacet
  facet normal -0 0 1
    outer loop
      vertex 53 52 8
      vertex 75 25 8
      vertex 65 52 8
    endloop
  endfacet
  facet normal 0 0 1
    outer loop
      vertex 15.923 43.4317 8
      vertex 53 52 8
      vertex 16 45 8
    endloop
  endfacet
  facet normal 0 0 1
    outer loop
      vertex 15.6926 41.8786 8
      vertex 53 52 8
      vertex 15.923 43.4317 8
    endloop
  endfacet
  facet normal 0 0 1
    outer loop
      vertex 15.311 40.3554 8
      vertex 53 52 8
      vertex 15.6926 41.8786 8
    endloop
  endfacet
  facet normal 0 0 1
    outer loop
      vertex 14.7821 38.8771 8
      vertex 53 52 8
      vertex 15.311 40.3554 8
    endloop
  endfacet
  facet normal 0 0 1
    outer loop
      vertex 14.1107 37.4577 8
      vertex 53 52 8
      vertex 14.7821 38.8771 8
    endloop
  endfacet
  facet normal 0 0 1
    outer loop
      vertex 53 52 8
      vertex 14.1107 37.4577 8
      vertex 75 25 8
    endloop
  endfacet
  facet normal -0 0 1
    outer loop
      vertex 13.3035 36.1109 8
      vertex 75 25 8
      vertex 14.1107 37.4577 8
    endloop
  endfacet
  facet normal -0 0 1
    outer loop
      vertex 12.3682 34.8497 8
      vertex 75 25 8
      vertex 13.3035 36.1109 8
    endloop
  endfacet
  facet normal -0 0 1
    outer loop
      vertex 11.3137 33.6863 8
      vertex 75 25 8
      vertex 12.3682 34.8497 8
    endloop
  endfacet
  facet normal 0 0 1
    outer loop
      vertex 5 25 8
      vertex 11.3137 33.6863 8
      vertex 10.1503 32.6318 8
    endloop
  endfacet
  facet normal 0 0 1
    outer loop
      vertex 5 25 8
      vertex 10.1503 32.6318 8
      vertex 8.88912 31.6965 8
    endloop
  endfacet
  facet normal 0 0 1
    outer loop
      vertex 5 25 8
      vertex 8.88912 31.6965 8
      vertex 7.54235 30.8893 8
    endloop
  endfacet
  facet normal 0 0 1
    outer loop
      vertex 5 25 8
      vertex 7.54235 30.8893 8
      vertex 6.12293 30.2179 8
    endloop
  endfacet
  facet normal 0 0 1
    outer loop
      vertex 11.3137 33.6863 8
      vertex 5 25 8
      vertex 75 25 8
    endloop
  endfacet
  facet normal 0 0 1
    outer loop
      vertex 4 0 8
      vertex 5 25 8
      vertex 4.64455 29.689 8
    endloop
  endfacet
  facet normal -0 0 1
    outer loop
      vertex 4.64455 29.689 8
      vertex 5 25 8
      vertex 6.12293 30.2179 8
    endloop
  endfacet
  facet normal 0.929985 0.367597 0
    outer loop
      vertex -20.8715 49.8815 36
      vertex -21.124 50.5203 8
      vertex -21.124 50.5203 36
    endloop
  endfacet
  facet normal 0.929985 0.367597 0
    outer loop
      vertex -21.124 50.5203 8
      vertex -20.8715 49.8815 36
      vertex -20.8715 49.8815 8
    endloop
  endfacet
  facet normal 0.961579 0.274529 0
    outer loop
      vertex -20.6829 49.2209 36
      vertex -20.8715 49.8815 8
      vertex -20.8715 49.8815 36
    endloop
  endfacet
  facet normal 0.961579 0.274529 0
    outer loop
      vertex -20.8715 49.8815 8
      vertex -20.6829 49.2209 36
      vertex -20.6829 49.2209 8
    endloop
  endfacet
  facet normal -0.274529 -0.961579 0
    outer loop
      vertex -29.7501 -54.2599 8
      vertex -29.0895 -54.4485 36
      vertex -29.7501 -54.2599 36
    endloop
  endfacet
  facet normal -0.274529 -0.961579 -0
    outer loop
      vertex -29.0895 -54.4485 36
      vertex -29.7501 -54.2599 8
      vertex -29.0895 -54.4485 8
    endloop
  endfacet
  facet normal 0.99345 0.114265 0
    outer loop
      vertex -20.515 -47.1736 36
      vertex -20.5935 -46.4911 8
      vertex -20.5935 -46.4911 36
    endloop
  endfacet
  facet normal 0.99345 0.114265 0
    outer loop
      vertex -20.5935 -46.4911 8
      vertex -20.515 -47.1736 36
      vertex -20.515 -47.1736 8
    endloop
  endfacet
  facet normal 0.762463 0.647031 0
    outer loop
      vertex -21.9465 -43.3701 36
      vertex -22.391 -42.8463 8
      vertex -22.391 -42.8463 36
    endloop
  endfacet
  facet normal 0.762463 0.647031 0
    outer loop
      vertex -22.391 -42.8463 8
      vertex -21.9465 -43.3701 36
      vertex -21.9465 -43.3701 8
    endloop
  endfacet
  facet normal 0 0 1
    outer loop
      vertex -20.515 -47.1736 36
      vertex -25.4045 -47.494 36
      vertex -25.4011 -47.7001 36
    endloop
  endfacet
  facet normal 0 0 1
    outer loop
      vertex -24.611 -41.2553 36
      vertex -25.428 -47.2893 36
      vertex -25.4045 -47.494 36
    endloop
  endfacet
  facet normal 0 0 1
    outer loop
      vertex -24.611 -41.2553 36
      vertex -25.4716 -47.0879 36
      vertex -25.428 -47.2893 36
    endloop
  endfacet
  facet normal 0 0 1
    outer loop
      vertex -24.611 -41.2553 36
      vertex -25.5346 -46.8917 36
      vertex -25.4716 -47.0879 36
    endloop
  endfacet
  facet normal 0 0 1
    outer loop
      vertex -24.611 -41.2553 36
      vertex -25.6166 -46.7026 36
      vertex -25.5346 -46.8917 36
    endloop
  endfacet
  facet normal 0 0 1
    outer loop
      vertex -24.611 -41.2553 36
      vertex -25.7167 -46.5225 36
      vertex -25.6166 -46.7026 36
    endloop
  endfacet
  facet normal 0 0 1
    outer loop
      vertex -24.611 -41.2553 36
      vertex -25.834 -46.353 36
      vertex -25.7167 -46.5225 36
    endloop
  endfacet
  facet normal 0 0 1
    outer loop
      vertex -26.825 -45.6428 36
      vertex -25.2499 -41.0029 36
      vertex -25.9105 -40.8143 36
    endloop
  endfacet
  facet normal 0 0 1
    outer loop
      vertex -24.611 -41.2553 36
      vertex -25.9673 -46.1959 36
      vertex -25.834 -46.353 36
    endloop
  endfacet
  facet normal 0 0 1
    outer loop
      vertex -24.611 -41.2553 36
      vertex -26.1154 -46.0525 36
      vertex -25.9673 -46.1959 36
    endloop
  endfacet
  facet normal 0 0 1
    outer loop
      vertex -24.611 -41.2553 36
      vertex -26.2768 -45.9244 36
      vertex -26.1154 -46.0525 36
    endloop
  endfacet
  facet normal 0 0 1
    outer loop
      vertex -24.611 -41.2553 36
      vertex -26.45 -45.8127 36
      vertex -26.2768 -45.9244 36
    endloop
  endfacet
  facet normal 0 0 1
    outer loop
      vertex -27.0231 -45.5863 36
      vertex -25.9105 -40.8143 36
      vertex -26.5863 -40.6913 36
    endloop
  endfacet
  facet normal 0 0 1
    outer loop
      vertex -24.611 -41.2553 36
      vertex -26.6333 -45.7186 36
      vertex -26.45 -45.8127 36
    endloop
  endfacet
  facet normal 0 0 1
    outer loop
      vertex -25.2499 -41.0029 36
      vertex -26.825 -45.6428 36
      vertex -26.6333 -45.7186 36
    endloop
  endfacet
  facet normal 0 0 1
    outer loop
      vertex -25.9105 -40.8143 36
      vertex -27.0231 -45.5863 36
      vertex -26.825 -45.6428 36
    endloop
  endfacet
  facet normal 0 0 1
    outer loop
      vertex -26.5863 -40.6913 36
      vertex -27.2259 -45.5494 36
      vertex -27.0231 -45.5863 36
    endloop
  endfacet
  facet normal 0 0 1
    outer loop
      vertex -27.271 -40.6351 36
      vertex -27.2259 -45.5494 36
      vertex -26.5863 -40.6913 36
    endloop
  endfacet
  facet normal 0 0 1
    outer loop
      vertex -27.271 -40.6351 36
      vertex -27.4313 -45.5325 36
      vertex -27.2259 -45.5494 36
    endloop
  endfacet
  facet normal 0 0 1
    outer loop
      vertex -27.271 -40.6351 36
      vertex -27.6373 -45.5359 36
      vertex -27.4313 -45.5325 36
    endloop
  endfacet
  facet normal -0 0 1
    outer loop
      vertex -27.9578 -40.6464 36
      vertex -27.6373 -45.5359 36
      vertex -27.271 -40.6351 36
    endloop
  endfacet
  facet normal 0 0 1
    outer loop
      vertex -27.6373 -45.5359 36
      vertex -27.9578 -40.6464 36
      vertex -27.8421 -45.5594 36
    endloop
  endfacet
  facet normal -0 0 1
    outer loop
      vertex -28.6403 -40.7249 36
      vertex -27.8421 -45.5594 36
      vertex -27.9578 -40.6464 36
    endloop
  endfacet
  facet normal 0 0 1
    outer loop
      vertex -27.8421 -45.5594 36
      vertex -28.6403 -40.7249 36
      vertex -28.0435 -45.603 36
    endloop
  endfacet
  facet normal -0 0 1
    outer loop
      vertex -29.3117 -40.8699 36
      vertex -28.0435 -45.603 36
      vertex -28.6403 -40.7249 36
    endloop
  endfacet
  facet normal 0 0 1
    outer loop
      vertex -28.0435 -45.603 36
      vertex -29.3117 -40.8699 36
      vertex -28.2397 -45.666 36
    endloop
  endfacet
  facet normal -0 0 1
    outer loop
      vertex -29.9657 -41.0801 36
      vertex -28.2397 -45.666 36
      vertex -29.3117 -40.8699 36
    endloop
  endfacet
  facet normal 0 0 1
    outer loop
      vertex -28.2397 -45.666 36
      vertex -29.9657 -41.0801 36
      vertex -28.4288 -45.748 36
    endloop
  endfacet
  facet normal -0 0 1
    outer loop
      vertex -30.596 -41.3533 36
      vertex -28.4288 -45.748 36
      vertex -29.9657 -41.0801 36
    endloop
  endfacet
  facet normal 0 0 1
    outer loop
      vertex -28.4288 -45.748 36
      vertex -30.596 -41.3533 36
      vertex -28.6089 -45.8481 36
    endloop
  endfacet
  facet normal -0 0 1
    outer loop
      vertex -31.1965 -41.687 36
      vertex -28.6089 -45.8481 36
      vertex -30.596 -41.3533 36
    endloop
  endfacet
  facet normal 0 0 1
    outer loop
      vertex -28.6089 -45.8481 36
      vertex -31.1965 -41.687 36
      vertex -28.7784 -45.9654 36
    endloop
  endfacet
  facet normal -0 0 1
    outer loop
      vertex -31.7613 -42.0779 36
      vertex -28.7784 -45.9654 36
      vertex -31.1965 -41.687 36
    endloop
  endfacet
  facet normal 0 0 1
    outer loop
      vertex -28.7784 -45.9654 36
      vertex -31.7613 -42.0779 36
      vertex -28.9355 -46.0987 36
    endloop
  endfacet
  facet normal -0 0 1
    outer loop
      vertex -32.2851 -42.5223 36
      vertex -28.9355 -46.0987 36
      vertex -31.7613 -42.0779 36
    endloop
  endfacet
  facet normal 0 0 1
    outer loop
      vertex -28.9355 -46.0987 36
      vertex -32.2851 -42.5223 36
      vertex -29.0789 -46.2468 36
    endloop
  endfacet
  facet normal -0 0 1
    outer loop
      vertex -32.7629 -43.016 36
      vertex -29.0789 -46.2468 36
      vertex -32.2851 -42.5223 36
    endloop
  endfacet
  facet normal 0 0 1
    outer loop
      vertex -29.0789 -46.2468 36
      vertex -32.7629 -43.016 36
      vertex -29.207 -46.4082 36
    endloop
  endfacet
  facet normal -0 0 1
    outer loop
      vertex -33.1899 -43.5541 36
      vertex -29.207 -46.4082 36
      vertex -32.7629 -43.016 36
    endloop
  endfacet
  facet normal 0 0 1
    outer loop
      vertex -29.207 -46.4082 36
      vertex -33.1899 -43.5541 36
      vertex -29.3187 -46.5814 36
    endloop
  endfacet
  facet normal 0 0 1
    outer loop
      vertex -29.5989 -47.5627 36
      vertex -30.3889 -54.0074 36
      vertex -29.7501 -54.2599 36
    endloop
  endfacet
  facet normal -0 0 1
    outer loop
      vertex -33.5622 -44.1314 36
      vertex -29.3187 -46.5814 36
      vertex -33.1899 -43.5541 36
    endloop
  endfacet
  facet normal 0 0 1
    outer loop
      vertex -29.5989 -47.5627 36
      vertex -31 -53.6936 36
      vertex -30.3889 -54.0074 36
    endloop
  endfacet
  facet normal 0 0 1
    outer loop
      vertex -29.3187 -46.5814 36
      vertex -33.5622 -44.1314 36
      vertex -29.4128 -46.7647 36
    endloop
  endfacet
  facet normal 0 0 1
    outer loop
      vertex -29.5989 -47.5627 36
      vertex -31.5773 -53.3213 36
      vertex -31 -53.6936 36
    endloop
  endfacet
  facet normal -0 0 1
    outer loop
      vertex -33.876 -44.7424 36
      vertex -29.4128 -46.7647 36
      vertex -33.5622 -44.1314 36
    endloop
  endfacet
  facet normal 0 0 1
    outer loop
      vertex -29.5989 -47.5627 36
      vertex -32.1154 -52.8943 36
      vertex -31.5773 -53.3213 36
    endloop
  endfacet
  facet normal 0 0 1
    outer loop
      vertex -29.4128 -46.7647 36
      vertex -33.876 -44.7424 36
      vertex -29.4886 -46.9564 36
    endloop
  endfacet
  facet normal 0 0 1
    outer loop
      vertex -29.5989 -47.5627 36
      vertex -32.609 -52.4165 36
      vertex -32.1154 -52.8943 36
    endloop
  endfacet
  facet normal -0 0 1
    outer loop
      vertex -34.1285 -45.3813 36
      vertex -29.4886 -46.9564 36
      vertex -33.876 -44.7424 36
    endloop
  endfacet
  facet normal 0 0 1
    outer loop
      vertex -29.5989 -47.5627 36
      vertex -33.0535 -51.8927 36
      vertex -32.609 -52.4165 36
    endloop
  endfacet
  facet normal 0 0 1
    outer loop
      vertex -29.4886 -46.9564 36
      vertex -34.1285 -45.3813 36
      vertex -29.5451 -47.1545 36
    endloop
  endfacet
  facet normal 0 0 1
    outer loop
      vertex -29.5989 -47.5627 36
      vertex -33.4444 -51.3279 36
      vertex -33.0535 -51.8927 36
    endloop
  endfacet
  facet normal -0 0 1
    outer loop
      vertex -34.3171 -46.0419 36
      vertex -29.5451 -47.1545 36
      vertex -34.1285 -45.3813 36
    endloop
  endfacet
  facet normal 0 0 1
    outer loop
      vertex -29.5989 -47.5627 36
      vertex -33.7781 -50.7274 36
      vertex -33.4444 -51.3279 36
    endloop
  endfacet
  facet normal 0 0 1
    outer loop
      vertex -29.5451 -47.1545 36
      vertex -34.3171 -46.0419 36
      vertex -29.582 -47.3573 36
    endloop
  endfacet
  facet normal 0 0 1
    outer loop
      vertex -29.5989 -47.5627 36
      vertex -34.0513 -50.0971 36
      vertex -33.7781 -50.7274 36
    endloop
  endfacet
  facet normal -0 0 1
    outer loop
      vertex -34.4401 -46.7177 36
      vertex -29.582 -47.3573 36
      vertex -34.3171 -46.0419 36
    endloop
  endfacet
  facet normal 0 0 1
    outer loop
      vertex -29.5989 -47.5627 36
      vertex -34.2615 -49.4431 36
      vertex -34.0513 -50.0971 36
    endloop
  endfacet
  facet normal 0 0 1
    outer loop
      vertex -29.582 -47.3573 36
      vertex -34.4401 -46.7177 36
      vertex -29.5989 -47.5627 36
    endloop
  endfacet
  facet normal 0 0 1
    outer loop
      vertex -29.5989 -47.5627 36
      vertex -34.4065 -48.7717 36
      vertex -34.2615 -49.4431 36
    endloop
  endfacet
  facet normal -0 0 1
    outer loop
      vertex -34.4963 -47.4024 36
      vertex -29.5989 -47.5627 36
      vertex -34.4401 -46.7177 36
    endloop
  endfacet
  facet normal 0 0 1
    outer loop
      vertex -29.5989 -47.5627 36
      vertex -34.485 -48.0892 36
      vertex -34.4065 -48.7717 36
    endloop
  endfacet
  facet normal 0 0 1
    outer loop
      vertex -29.5989 -47.5627 36
      vertex -34.4963 -47.4024 36
      vertex -34.485 -48.0892 36
    endloop
  endfacet
  facet normal -0 0 1
    outer loop
      vertex -25.4011 -47.7001 36
      vertex -20.5037 -47.8604 36
      vertex -20.515 -47.1736 36
    endloop
  endfacet
  facet normal 0 0 1
    outer loop
      vertex -25.4045 -47.494 36
      vertex -20.515 -47.1736 36
      vertex -20.5935 -46.4911 36
    endloop
  endfacet
  facet normal 0 0 1
    outer loop
      vertex -20.5037 -47.8604 36
      vertex -25.4011 -47.7001 36
      vertex -20.5599 -48.5451 36
    endloop
  endfacet
  facet normal 0 0 1
    outer loop
      vertex -25.4045 -47.494 36
      vertex -20.5935 -46.4911 36
      vertex -20.7385 -45.8197 36
    endloop
  endfacet
  facet normal -0 0 1
    outer loop
      vertex -25.418 -47.9055 36
      vertex -20.5599 -48.5451 36
      vertex -25.4011 -47.7001 36
    endloop
  endfacet
  facet normal 0 0 1
    outer loop
      vertex -25.4045 -47.494 36
      vertex -20.7385 -45.8197 36
      vertex -20.9487 -45.1656 36
    endloop
  endfacet
  facet normal 0 0 1
    outer loop
      vertex -20.5599 -48.5451 36
      vertex -25.418 -47.9055 36
      vertex -20.6829 -49.2209 36
    endloop
  endfacet
  facet normal 0 0 1
    outer loop
      vertex -25.4045 -47.494 36
      vertex -20.9487 -45.1656 36
      vertex -21.2219 -44.5354 36
    endloop
  endfacet
  facet normal -0 0 1
    outer loop
      vertex -25.4549 -48.1083 36
      vertex -20.6829 -49.2209 36
      vertex -25.418 -47.9055 36
    endloop
  endfacet
  facet normal 0 0 1
    outer loop
      vertex -25.4045 -47.494 36
      vertex -21.2219 -44.5354 36
      vertex -21.5556 -43.9349 36
    endloop
  endfacet
  facet normal 0 0 1
    outer loop
      vertex -20.6829 -49.2209 36
      vertex -25.4549 -48.1083 36
      vertex -20.8715 -49.8815 36
    endloop
  endfacet
  facet normal 0 0 1
    outer loop
      vertex -25.4045 -47.494 36
      vertex -21.5556 -43.9349 36
      vertex -21.9465 -43.3701 36
    endloop
  endfacet
  facet normal -0 0 1
    outer loop
      vertex -25.5114 -48.3064 36
      vertex -20.8715 -49.8815 36
      vertex -25.4549 -48.1083 36
    endloop
  endfacet
  facet normal 0 0 1
    outer loop
      vertex -25.4045 -47.494 36
      vertex -21.9465 -43.3701 36
      vertex -22.391 -42.8463 36
    endloop
  endfacet
  facet normal 0 0 1
    outer loop
      vertex -20.8715 -49.8815 36
      vertex -25.5114 -48.3064 36
      vertex -21.124 -50.5203 36
    endloop
  endfacet
  facet normal 0 0 1
    outer loop
      vertex -25.4045 -47.494 36
      vertex -22.391 -42.8463 36
      vertex -22.8846 -42.3685 36
    endloop
  endfacet
  facet normal -0 0 1
    outer loop
      vertex -25.5872 -48.4981 36
      vertex -21.124 -50.5203 36
      vertex -25.5114 -48.3064 36
    endloop
  endfacet
  facet normal 0 0 1
    outer loop
      vertex -25.4045 -47.494 36
      vertex -22.8846 -42.3685 36
      vertex -23.4227 -41.9415 36
    endloop
  endfacet
  facet normal 0 0 1
    outer loop
      vertex -21.124 -50.5203 36
      vertex -25.5872 -48.4981 36
      vertex -21.4378 -51.1314 36
    endloop
  endfacet
  facet normal 0 0 1
    outer loop
      vertex -25.4045 -47.494 36
      vertex -23.4227 -41.9415 36
      vertex -24 -41.5692 36
    endloop
  endfacet
  facet normal -0 0 1
    outer loop
      vertex -25.6813 -48.6814 36
      vertex -21.4378 -51.1314 36
      vertex -25.5872 -48.4981 36
    endloop
  endfacet
  facet normal 0 0 1
    outer loop
      vertex -25.4045 -47.494 36
      vertex -24 -41.5692 36
      vertex -24.611 -41.2553 36
    endloop
  endfacet
  facet normal 0 0 1
    outer loop
      vertex -21.4378 -51.1314 36
      vertex -25.6813 -48.6814 36
      vertex -21.8101 -51.7087 36
    endloop
  endfacet
  facet normal 0 0 1
    outer loop
      vertex -26.6333 -45.7186 36
      vertex -24.611 -41.2553 36
      vertex -25.2499 -41.0029 36
    endloop
  endfacet
  facet normal -0 0 1
    outer loop
      vertex -25.793 -48.8546 36
      vertex -21.8101 -51.7087 36
      vertex -25.6813 -48.6814 36
    endloop
  endfacet
  facet normal 0 0 1
    outer loop
      vertex -21.8101 -51.7087 36
      vertex -25.793 -48.8546 36
      vertex -22.2371 -52.2468 36
    endloop
  endfacet
  facet normal -0 0 1
    outer loop
      vertex -25.9211 -49.016 36
      vertex -22.2371 -52.2468 36
      vertex -25.793 -48.8546 36
    endloop
  endfacet
  facet normal 0 0 1
    outer loop
      vertex -22.2371 -52.2468 36
      vertex -25.9211 -49.016 36
      vertex -22.7149 -52.7404 36
    endloop
  endfacet
  facet normal -0 0 1
    outer loop
      vertex -26.0645 -49.1641 36
      vertex -22.7149 -52.7404 36
      vertex -25.9211 -49.016 36
    endloop
  endfacet
  facet normal 0 0 1
    outer loop
      vertex -22.7149 -52.7404 36
      vertex -26.0645 -49.1641 36
      vertex -23.2387 -53.1849 36
    endloop
  endfacet
  facet normal -0 0 1
    outer loop
      vertex -26.2216 -49.2974 36
      vertex -23.2387 -53.1849 36
      vertex -26.0645 -49.1641 36
    endloop
  endfacet
  facet normal 0 0 1
    outer loop
      vertex -23.2387 -53.1849 36
      vertex -26.2216 -49.2974 36
      vertex -23.8035 -53.5758 36
    endloop
  endfacet
  facet normal -0 0 1
    outer loop
      vertex -26.3911 -49.4147 36
      vertex -23.8035 -53.5758 36
      vertex -26.2216 -49.2974 36
    endloop
  endfacet
  facet normal 0 0 1
    outer loop
      vertex -23.8035 -53.5758 36
      vertex -26.3911 -49.4147 36
      vertex -24.404 -53.9095 36
    endloop
  endfacet
  facet normal -0 0 1
    outer loop
      vertex -26.5712 -49.5148 36
      vertex -24.404 -53.9095 36
      vertex -26.3911 -49.4147 36
    endloop
  endfacet
  facet normal 0 0 1
    outer loop
      vertex -24.404 -53.9095 36
      vertex -26.5712 -49.5148 36
      vertex -25.0342 -54.1827 36
    endloop
  endfacet
  facet normal -0 0 1
    outer loop
      vertex -26.7603 -49.5968 36
      vertex -25.0342 -54.1827 36
      vertex -26.5712 -49.5148 36
    endloop
  endfacet
  facet normal 0 0 1
    outer loop
      vertex -25.0342 -54.1827 36
      vertex -26.7603 -49.5968 36
      vertex -25.6883 -54.3929 36
    endloop
  endfacet
  facet normal -0 0 1
    outer loop
      vertex -26.9565 -49.6598 36
      vertex -25.6883 -54.3929 36
      vertex -26.7603 -49.5968 36
    endloop
  endfacet
  facet normal 0 0 1
    outer loop
      vertex -25.6883 -54.3929 36
      vertex -26.9565 -49.6598 36
      vertex -26.3597 -54.5379 36
    endloop
  endfacet
  facet normal -0 0 1
    outer loop
      vertex -27.1579 -49.7033 36
      vertex -26.3597 -54.5379 36
      vertex -26.9565 -49.6598 36
    endloop
  endfacet
  facet normal 0 0 1
    outer loop
      vertex -26.3597 -54.5379 36
      vertex -27.1579 -49.7033 36
      vertex -27.0422 -54.6164 36
    endloop
  endfacet
  facet normal -0 0 1
    outer loop
      vertex -27.3627 -49.7269 36
      vertex -27.0422 -54.6164 36
      vertex -27.1579 -49.7033 36
    endloop
  endfacet
  facet normal -0 0 1
    outer loop
      vertex -27.5687 -49.7303 36
      vertex -27.0422 -54.6164 36
      vertex -27.3627 -49.7269 36
    endloop
  endfacet
  facet normal 0 0 1
    outer loop
      vertex -27.5687 -49.7303 36
      vertex -27.729 -54.6276 36
      vertex -27.0422 -54.6164 36
    endloop
  endfacet
  facet normal 0 0 1
    outer loop
      vertex -27.7741 -49.7134 36
      vertex -27.729 -54.6276 36
      vertex -27.5687 -49.7303 36
    endloop
  endfacet
  facet normal 0 0 1
    outer loop
      vertex -28.4137 -54.5715 36
      vertex -27.7741 -49.7134 36
      vertex -27.9769 -49.6765 36
    endloop
  endfacet
  facet normal 0 0 1
    outer loop
      vertex -29.0895 -54.4485 36
      vertex -27.9769 -49.6765 36
      vertex -28.175 -49.6199 36
    endloop
  endfacet
  facet normal 0 0 1
    outer loop
      vertex -29.7501 -54.2599 36
      vertex -28.175 -49.6199 36
      vertex -28.3667 -49.5442 36
    endloop
  endfacet
  facet normal 0 0 1
    outer loop
      vertex -27.7741 -49.7134 36
      vertex -28.4137 -54.5715 36
      vertex -27.729 -54.6276 36
    endloop
  endfacet
  facet normal 0 0 1
    outer loop
      vertex -29.7501 -54.2599 36
      vertex -28.3667 -49.5442 36
      vertex -28.55 -49.4501 36
    endloop
  endfacet
  facet normal 0 0 1
    outer loop
      vertex -29.7501 -54.2599 36
      vertex -28.55 -49.4501 36
      vertex -28.7232 -49.3384 36
    endloop
  endfacet
  facet normal 0 0 1
    outer loop
      vertex -29.7501 -54.2599 36
      vertex -28.7232 -49.3384 36
      vertex -28.8846 -49.2103 36
    endloop
  endfacet
  facet normal 0 0 1
    outer loop
      vertex -29.7501 -54.2599 36
      vertex -28.8846 -49.2103 36
      vertex -29.0327 -49.0669 36
    endloop
  endfacet
  facet normal 0 0 1
    outer loop
      vertex -27.9769 -49.6765 36
      vertex -29.0895 -54.4485 36
      vertex -28.4137 -54.5715 36
    endloop
  endfacet
  facet normal 0 0 1
    outer loop
      vertex -29.7501 -54.2599 36
      vertex -29.0327 -49.0669 36
      vertex -29.166 -48.9098 36
    endloop
  endfacet
  facet normal 0 0 1
    outer loop
      vertex -29.7501 -54.2599 36
      vertex -29.166 -48.9098 36
      vertex -29.2833 -48.7403 36
    endloop
  endfacet
  facet normal 0 0 1
    outer loop
      vertex -29.7501 -54.2599 36
      vertex -29.2833 -48.7403 36
      vertex -29.3834 -48.5602 36
    endloop
  endfacet
  facet normal 0 0 1
    outer loop
      vertex -29.7501 -54.2599 36
      vertex -29.3834 -48.5602 36
      vertex -29.4654 -48.3711 36
    endloop
  endfacet
  facet normal 0 0 1
    outer loop
      vertex -29.7501 -54.2599 36
      vertex -29.4654 -48.3711 36
      vertex -29.5284 -48.1749 36
    endloop
  endfacet
  facet normal 0 0 1
    outer loop
      vertex -29.7501 -54.2599 36
      vertex -29.5284 -48.1749 36
      vertex -29.572 -47.9735 36
    endloop
  endfacet
  facet normal 0 0 1
    outer loop
      vertex -29.7501 -54.2599 36
      vertex -29.572 -47.9735 36
      vertex -29.5955 -47.7687 36
    endloop
  endfacet
  facet normal 0 0 1
    outer loop
      vertex -28.175 -49.6199 36
      vertex -29.7501 -54.2599 36
      vertex -29.0895 -54.4485 36
    endloop
  endfacet
  facet normal 0 0 1
    outer loop
      vertex -29.7501 -54.2599 36
      vertex -29.5955 -47.7687 36
      vertex -29.5989 -47.5627 36
    endloop
  endfacet
  facet normal -0.541971 -0.840397 0
    outer loop
      vertex -31.5773 -53.3213 8
      vertex -31 -53.6936 36
      vertex -31.5773 -53.3213 36
    endloop
  endfacet
  facet normal -0.541971 -0.840397 -0
    outer loop
      vertex -31 -53.6936 36
      vertex -31.5773 -53.3213 8
      vertex -31 -53.6936 8
    endloop
  endfacet
  facet normal -0.961579 0.274529 0
    outer loop
      vertex -34.3171 -46.0419 8
      vertex -34.1285 -45.3813 36
      vertex -34.1285 -45.3813 8
    endloop
  endfacet
  facet normal -0.961579 0.274529 0
    outer loop
      vertex -34.1285 -45.3813 36
      vertex -34.3171 -46.0419 8
      vertex -34.3171 -46.0419 36
    endloop
  endfacet
  facet normal -0.762463 -0.647031 0
    outer loop
      vertex -32.609 -52.4165 8
      vertex -33.0535 -51.8927 36
      vertex -33.0535 -51.8927 8
    endloop
  endfacet
  facet normal -0.762463 -0.647031 0
    outer loop
      vertex -33.0535 -51.8927 36
      vertex -32.609 -52.4165 8
      vertex -32.609 -52.4165 36
    endloop
  endfacet
  facet normal -0.999865 -0.0164509 0
    outer loop
      vertex -34.485 -48.0892 8
      vertex -34.4963 -47.4024 36
      vertex -34.4963 -47.4024 8
    endloop
  endfacet
  facet normal -0.999865 -0.0164509 0
    outer loop
      vertex -34.4963 -47.4024 36
      vertex -34.485 -48.0892 8
      vertex -34.485 -48.0892 36
    endloop
  endfacet
  facet normal -0.456795 -0.889572 0
    outer loop
      vertex -31 -53.6936 8
      vertex -30.3889 -54.0074 36
      vertex -31 -53.6936 36
    endloop
  endfacet
  facet normal -0.456795 -0.889572 -0
    outer loop
      vertex -30.3889 -54.0074 36
      vertex -31 -53.6936 8
      vertex -30.3889 -54.0074 8
    endloop
  endfacet
  facet normal 0.929985 -0.367597 0
    outer loop
      vertex -21.124 -50.5203 36
      vertex -20.8715 -49.8815 8
      vertex -20.8715 -49.8815 36
    endloop
  endfacet
  facet normal 0.929985 -0.367597 0
    outer loop
      vertex -20.8715 -49.8815 8
      vertex -21.124 -50.5203 36
      vertex -21.124 -50.5203 8
    endloop
  endfacet
  facet normal 0.367422 0.930054 -0
    outer loop
      vertex -24.611 -41.2553 8
      vertex -25.2499 -41.0029 36
      vertex -24.611 -41.2553 36
    endloop
  endfacet
  facet normal 0.367422 0.930054 0
    outer loop
      vertex -25.2499 -41.0029 36
      vertex -24.611 -41.2553 8
      vertex -25.2499 -41.0029 8
    endloop
  endfacet
  facet normal 0.397746 -0.917495 0
    outer loop
      vertex -25.0342 -54.1827 8
      vertex -24.404 -53.9095 36
      vertex -25.0342 -54.1827 36
    endloop
  endfacet
  facet normal 0.397746 -0.917495 0
    outer loop
      vertex -24.404 -53.9095 36
      vertex -25.0342 -54.1827 8
      vertex -24.404 -53.9095 8
    endloop
  endfacet
  facet normal -0.695514 -0.718513 0
    outer loop
      vertex -32.609 -52.4165 8
      vertex -32.1154 -52.8943 36
      vertex -32.609 -52.4165 36
    endloop
  endfacet
  facet normal -0.695514 -0.718513 -0
    outer loop
      vertex -32.1154 -52.8943 36
      vertex -32.609 -52.4165 8
      vertex -32.1154 -52.8943 8
    endloop
  endfacet
  facet normal 0.305948 -0.952048 0
    outer loop
      vertex -25.6883 -54.3929 8
      vertex -25.0342 -54.1827 36
      vertex -25.6883 -54.3929 36
    endloop
  endfacet
  facet normal 0.305948 -0.952048 0
    outer loop
      vertex -25.0342 -54.1827 36
      vertex -25.6883 -54.3929 8
      vertex -25.0342 -54.1827 8
    endloop
  endfacet
  facet normal 0.114265 -0.99345 0
    outer loop
      vertex -27.0422 -54.6164 8
      vertex -26.3597 -54.5379 36
      vertex -27.0422 -54.6164 36
    endloop
  endfacet
  facet normal 0.114265 -0.99345 0
    outer loop
      vertex -26.3597 -54.5379 36
      vertex -27.0422 -54.6164 8
      vertex -26.3597 -54.5379 8
    endloop
  endfacet
  facet normal -0.917518 -0.397693 0
    outer loop
      vertex -33.7781 -50.7274 8
      vertex -34.0513 -50.0971 36
      vertex -34.0513 -50.0971 8
    endloop
  endfacet
  facet normal -0.917518 -0.397693 0
    outer loop
      vertex -34.0513 -50.0971 36
      vertex -33.7781 -50.7274 8
      vertex -33.7781 -50.7274 36
    endloop
  endfacet
  facet normal -0.0816601 -0.99666 0
    outer loop
      vertex -28.4137 -54.5715 8
      vertex -27.729 -54.6276 36
      vertex -28.4137 -54.5715 36
    endloop
  endfacet
  facet normal -0.0816601 -0.99666 -0
    outer loop
      vertex -27.729 -54.6276 36
      vertex -28.4137 -54.5715 8
      vertex -27.729 -54.6276 8
    endloop
  endfacet
  facet normal 0.999865 0.0164509 0
    outer loop
      vertex -20.5037 -47.8604 36
      vertex -20.515 -47.1736 8
      vertex -20.515 -47.1736 36
    endloop
  endfacet
  facet normal 0.999865 0.0164509 0
    outer loop
      vertex -20.515 -47.1736 8
      vertex -20.5037 -47.8604 36
      vertex -20.5037 -47.8604 8
    endloop
  endfacet
  facet normal 0.996648 -0.0818046 0
    outer loop
      vertex -20.5599 -48.5451 36
      vertex -20.5037 -47.8604 8
      vertex -20.5037 -47.8604 36
    endloop
  endfacet
  facet normal 0.996648 -0.0818046 0
    outer loop
      vertex -20.5037 -47.8604 8
      vertex -20.5599 -48.5451 36
      vertex -20.5599 -48.5451 8
    endloop
  endfacet
  facet normal -0.367597 -0.929985 0
    outer loop
      vertex -30.3889 -54.0074 8
      vertex -29.7501 -54.2599 36
      vertex -30.3889 -54.0074 36
    endloop
  endfacet
  facet normal -0.367597 -0.929985 -0
    outer loop
      vertex -29.7501 -54.2599 36
      vertex -30.3889 -54.0074 8
      vertex -29.7501 -54.2599 8
    endloop
  endfacet
  facet normal 0.874102 0.485742 0
    outer loop
      vertex -21.2219 -44.5354 36
      vertex -21.5556 -43.9349 8
      vertex -21.5556 -43.9349 36
    endloop
  endfacet
  facet normal 0.874102 0.485742 0
    outer loop
      vertex -21.5556 -43.9349 8
      vertex -21.2219 -44.5354 36
      vertex -21.2219 -44.5354 8
    endloop
  endfacet
  facet normal 0.569096 -0.822271 0
    outer loop
      vertex -23.8035 -53.5758 8
      vertex -23.2387 -53.1849 36
      vertex -23.8035 -53.5758 36
    endloop
  endfacet
  facet normal 0.569096 -0.822271 0
    outer loop
      vertex -23.2387 -53.1849 36
      vertex -23.8035 -53.5758 8
      vertex -23.2387 -53.1849 8
    endloop
  endfacet
  facet normal -0.889541 0.456855 0
    outer loop
      vertex -33.876 -44.7424 8
      vertex -33.5622 -44.1314 36
      vertex -33.5622 -44.1314 8
    endloop
  endfacet
  facet normal -0.889541 0.456855 0
    outer loop
      vertex -33.5622 -44.1314 36
      vertex -33.876 -44.7424 8
      vertex -33.876 -44.7424 36
    endloop
  endfacet
  facet normal 0.2111 -0.977465 0
    outer loop
      vertex -26.3597 -54.5379 8
      vertex -25.6883 -54.3929 36
      vertex -26.3597 -54.5379 36
    endloop
  endfacet
  facet normal 0.2111 -0.977465 0
    outer loop
      vertex -25.6883 -54.3929 36
      vertex -26.3597 -54.5379 8
      vertex -25.6883 -54.3929 8
    endloop
  endfacet
  facet normal -0.996648 0.0818046 0
    outer loop
      vertex -34.4963 -47.4024 8
      vertex -34.4401 -46.7177 36
      vertex -34.4401 -46.7177 8
    endloop
  endfacet
  facet normal -0.996648 0.0818046 0
    outer loop
      vertex -34.4401 -46.7177 36
      vertex -34.4963 -47.4024 8
      vertex -34.4963 -47.4024 36
    endloop
  endfacet
  facet normal -0.114265 0.99345 0
    outer loop
      vertex -27.9578 -40.6464 8
      vertex -28.6403 -40.7249 36
      vertex -27.9578 -40.6464 36
    endloop
  endfacet
  facet normal -0.114265 0.99345 0
    outer loop
      vertex -28.6403 -40.7249 36
      vertex -27.9578 -40.6464 8
      vertex -28.6403 -40.7249 8
    endloop
  endfacet
  facet normal 0.718513 -0.695514 0
    outer loop
      vertex -22.7149 -52.7404 36
      vertex -22.2371 -52.2468 8
      vertex -22.2371 -52.2468 36
    endloop
  endfacet
  facet normal 0.718513 -0.695514 0
    outer loop
      vertex -22.2371 -52.2468 8
      vertex -22.7149 -52.7404 36
      vertex -22.7149 -52.7404 8
    endloop
  endfacet
  facet normal -0.874102 -0.485742 0
    outer loop
      vertex -33.4444 -51.3279 8
      vertex -33.7781 -50.7274 36
      vertex -33.7781 -50.7274 8
    endloop
  endfacet
  facet normal -0.874102 -0.485742 0
    outer loop
      vertex -33.7781 -50.7274 36
      vertex -33.4444 -51.3279 8
      vertex -33.4444 -51.3279 36
    endloop
  endfacet
  facet normal -0.977465 -0.2111 0
    outer loop
      vertex -34.2615 -49.4431 8
      vertex -34.4065 -48.7717 36
      vertex -34.4065 -48.7717 8
    endloop
  endfacet
  facet normal -0.977465 -0.2111 0
    outer loop
      vertex -34.4065 -48.7717 36
      vertex -34.2615 -49.4431 8
      vertex -34.2615 -49.4431 36
    endloop
  endfacet
  facet normal -0.930005 0.367548 0
    outer loop
      vertex -34.1285 -45.3813 8
      vertex -33.876 -44.7424 36
      vertex -33.876 -44.7424 8
    endloop
  endfacet
  facet normal -0.930005 0.367548 0
    outer loop
      vertex -33.876 -44.7424 36
      vertex -34.1285 -45.3813 8
      vertex -34.1285 -45.3813 36
    endloop
  endfacet
  facet normal 0.983837 -0.179065 0
    outer loop
      vertex -20.6829 -49.2209 36
      vertex -20.5599 -48.5451 8
      vertex -20.5599 -48.5451 36
    endloop
  endfacet
  facet normal 0.983837 -0.179065 0
    outer loop
      vertex -20.5599 -48.5451 8
      vertex -20.6829 -49.2209 36
      vertex -20.6829 -49.2209 8
    endloop
  endfacet
  facet normal 0.621601 0.783334 -0
    outer loop
      vertex -22.8846 -42.3685 8
      vertex -23.4227 -41.9415 36
      vertex -22.8846 -42.3685 36
    endloop
  endfacet
  facet normal 0.621601 0.783334 0
    outer loop
      vertex -23.4227 -41.9415 36
      vertex -22.8846 -42.3685 8
      vertex -23.4227 -41.9415 8
    endloop
  endfacet
  facet normal -0.718583 0.695441 0
    outer loop
      vertex -32.7629 -43.016 8
      vertex -32.2851 -42.5223 36
      vertex -32.2851 -42.5223 8
    endloop
  endfacet
  facet normal -0.718583 0.695441 0
    outer loop
      vertex -32.2851 -42.5223 36
      vertex -32.7629 -43.016 8
      vertex -32.7629 -43.016 36
    endloop
  endfacet
  facet normal 0.647031 -0.762463 0
    outer loop
      vertex -23.2387 -53.1849 8
      vertex -22.7149 -52.7404 36
      vertex -23.2387 -53.1849 36
    endloop
  endfacet
  facet normal 0.647031 -0.762463 0
    outer loop
      vertex -22.7149 -52.7404 36
      vertex -23.2387 -53.1849 8
      vertex -22.7149 -52.7404 8
    endloop
  endfacet
  facet normal -0.621601 -0.783334 0
    outer loop
      vertex -32.1154 -52.8943 8
      vertex -31.5773 -53.3213 36
      vertex -32.1154 -52.8943 36
    endloop
  endfacet
  facet normal -0.621601 -0.783334 -0
    outer loop
      vertex -31.5773 -53.3213 36
      vertex -32.1154 -52.8943 8
      vertex -31.5773 -53.3213 8
    endloop
  endfacet
  facet normal -0.822271 -0.569096 0
    outer loop
      vertex -33.0535 -51.8927 8
      vertex -33.4444 -51.3279 36
      vertex -33.4444 -51.3279 8
    endloop
  endfacet
  facet normal -0.822271 -0.569096 0
    outer loop
      vertex -33.4444 -51.3279 36
      vertex -33.0535 -51.8927 8
      vertex -33.0535 -51.8927 36
    endloop
  endfacet
  facet normal -0.983837 0.179065 0
    outer loop
      vertex -34.4401 -46.7177 8
      vertex -34.3171 -46.0419 36
      vertex -34.3171 -46.0419 8
    endloop
  endfacet
  facet normal -0.983837 0.179065 0
    outer loop
      vertex -34.3171 -46.0419 36
      vertex -34.4401 -46.7177 8
      vertex -34.4401 -46.7177 36
    endloop
  endfacet
  facet normal -0.179065 -0.983837 0
    outer loop
      vertex -29.0895 -54.4485 8
      vertex -28.4137 -54.5715 36
      vertex -29.0895 -54.4485 36
    endloop
  endfacet
  facet normal -0.179065 -0.983837 -0
    outer loop
      vertex -28.4137 -54.5715 36
      vertex -29.0895 -54.4485 8
      vertex -28.4137 -54.5715 8
    endloop
  endfacet
  facet normal 0.485742 -0.874102 0
    outer loop
      vertex -24.404 -53.9095 8
      vertex -23.8035 -53.5758 36
      vertex -24.404 -53.9095 36
    endloop
  endfacet
  facet normal 0.485742 -0.874102 0
    outer loop
      vertex -23.8035 -53.5758 36
      vertex -24.404 -53.9095 8
      vertex -23.8035 -53.5758 8
    endloop
  endfacet
  facet normal 0.977465 0.2111 0
    outer loop
      vertex -20.5935 -46.4911 36
      vertex -20.7385 -45.8197 8
      vertex -20.7385 -45.8197 36
    endloop
  endfacet
  facet normal 0.977465 0.2111 0
    outer loop
      vertex -20.7385 -45.8197 8
      vertex -20.5935 -46.4911 36
      vertex -20.5935 -46.4911 8
    endloop
  endfacet
  facet normal 0.840397 -0.541971 0
    outer loop
      vertex -21.8101 -51.7087 36
      vertex -21.4378 -51.1314 8
      vertex -21.4378 -51.1314 36
    endloop
  endfacet
  facet normal 0.840397 -0.541971 0
    outer loop
      vertex -21.4378 -51.1314 8
      vertex -21.8101 -51.7087 36
      vertex -21.8101 -51.7087 8
    endloop
  endfacet
  facet normal -0.952035 -0.30599 0
    outer loop
      vertex -34.0513 -50.0971 8
      vertex -34.2615 -49.4431 36
      vertex -34.2615 -49.4431 8
    endloop
  endfacet
  facet normal -0.952035 -0.30599 0
    outer loop
      vertex -34.2615 -49.4431 36
      vertex -34.0513 -50.0971 8
      vertex -34.0513 -50.0971 36
    endloop
  endfacet
  facet normal 0.961579 -0.274529 0
    outer loop
      vertex -20.8715 -49.8815 36
      vertex -20.6829 -49.2209 8
      vertex -20.6829 -49.2209 36
    endloop
  endfacet
  facet normal 0.961579 -0.274529 0
    outer loop
      vertex -20.6829 -49.2209 8
      vertex -20.8715 -49.8815 36
      vertex -20.8715 -49.8815 8
    endloop
  endfacet
  facet normal 0.0163053 -0.999867 0
    outer loop
      vertex -27.729 -54.6276 8
      vertex -27.0422 -54.6164 36
      vertex -27.729 -54.6276 36
    endloop
  endfacet
  facet normal 0.0163053 -0.999867 0
    outer loop
      vertex -27.0422 -54.6164 36
      vertex -27.729 -54.6276 8
      vertex -27.0422 -54.6164 8
    endloop
  endfacet
  facet normal 0.179065 0.983837 -0
    outer loop
      vertex -25.9105 -40.8143 8
      vertex -26.5863 -40.6913 36
      vertex -25.9105 -40.8143 36
    endloop
  endfacet
  facet normal 0.179065 0.983837 0
    outer loop
      vertex -26.5863 -40.6913 36
      vertex -25.9105 -40.8143 8
      vertex -26.5863 -40.6913 8
    endloop
  endfacet
  facet normal -0.99345 -0.114265 0
    outer loop
      vertex -34.4065 -48.7717 8
      vertex -34.485 -48.0892 36
      vertex -34.485 -48.0892 8
    endloop
  endfacet
  facet normal -0.99345 -0.114265 0
    outer loop
      vertex -34.485 -48.0892 36
      vertex -34.4065 -48.7717 8
      vertex -34.4065 -48.7717 36
    endloop
  endfacet
  facet normal 0.695514 0.718513 -0
    outer loop
      vertex -22.391 -42.8463 8
      vertex -22.8846 -42.3685 36
      vertex -22.391 -42.8463 36
    endloop
  endfacet
  facet normal 0.695514 0.718513 0
    outer loop
      vertex -22.8846 -42.3685 36
      vertex -22.391 -42.8463 8
      vertex -22.8846 -42.3685 8
    endloop
  endfacet
  facet normal 0.889572 -0.456795 0
    outer loop
      vertex -21.4378 -51.1314 36
      vertex -21.124 -50.5203 8
      vertex -21.124 -50.5203 36
    endloop
  endfacet
  facet normal 0.889572 -0.456795 0
    outer loop
      vertex -21.124 -50.5203 8
      vertex -21.4378 -51.1314 36
      vertex -21.4378 -51.1314 8
    endloop
  endfacet
  facet normal -0.646947 0.762535 0
    outer loop
      vertex -31.7613 -42.0779 8
      vertex -32.2851 -42.5223 36
      vertex -31.7613 -42.0779 36
    endloop
  endfacet
  facet normal -0.646947 0.762535 0
    outer loop
      vertex -32.2851 -42.5223 36
      vertex -31.7613 -42.0779 8
      vertex -32.2851 -42.5223 8
    endloop
  endfacet
  facet normal 0.45697 0.889482 -0
    outer loop
      vertex -24 -41.5692 8
      vertex -24.611 -41.2553 36
      vertex -24 -41.5692 36
    endloop
  endfacet
  facet normal 0.45697 0.889482 0
    outer loop
      vertex -24.611 -41.2553 36
      vertex -24 -41.5692 8
      vertex -24.611 -41.2553 8
    endloop
  endfacet
  facet normal -0.0164509 0.999865 0
    outer loop
      vertex -27.271 -40.6351 8
      vertex -27.9578 -40.6464 36
      vertex -27.271 -40.6351 36
    endloop
  endfacet
  facet normal -0.0164509 0.999865 0
    outer loop
      vertex -27.9578 -40.6464 36
      vertex -27.271 -40.6351 8
      vertex -27.9578 -40.6464 8
    endloop
  endfacet
  facet normal 0.952048 0.305948 0
    outer loop
      vertex -20.7385 -45.8197 36
      vertex -20.9487 -45.1656 8
      vertex -20.9487 -45.1656 36
    endloop
  endfacet
  facet normal 0.952048 0.305948 0
    outer loop
      vertex -20.9487 -45.1656 8
      vertex -20.7385 -45.8197 36
      vertex -20.7385 -45.8197 8
    endloop
  endfacet
  facet normal 0.274529 0.961579 -0
    outer loop
      vertex -25.2499 -41.0029 8
      vertex -25.9105 -40.8143 36
      vertex -25.2499 -41.0029 36
    endloop
  endfacet
  facet normal 0.274529 0.961579 0
    outer loop
      vertex -25.9105 -40.8143 36
      vertex -25.2499 -41.0029 8
      vertex -25.9105 -40.8143 8
    endloop
  endfacet
  facet normal -0.840397 0.541971 0
    outer loop
      vertex -33.5622 -44.1314 8
      vertex -33.1899 -43.5541 36
      vertex -33.1899 -43.5541 8
    endloop
  endfacet
  facet normal -0.840397 0.541971 0
    outer loop
      vertex -33.1899 -43.5541 36
      vertex -33.5622 -44.1314 8
      vertex -33.5622 -44.1314 36
    endloop
  endfacet
  facet normal 0.0818046 0.996648 -0
    outer loop
      vertex -26.5863 -40.6913 8
      vertex -27.271 -40.6351 36
      vertex -26.5863 -40.6913 36
    endloop
  endfacet
  facet normal 0.0818046 0.996648 0
    outer loop
      vertex -27.271 -40.6351 36
      vertex -26.5863 -40.6913 8
      vertex -27.271 -40.6351 8
    endloop
  endfacet
  facet normal 0.917495 0.397746 0
    outer loop
      vertex -20.9487 -45.1656 36
      vertex -21.2219 -44.5354 8
      vertex -21.2219 -44.5354 36
    endloop
  endfacet
  facet normal 0.917495 0.397746 0
    outer loop
      vertex -21.2219 -44.5354 8
      vertex -20.9487 -45.1656 36
      vertex -20.9487 -45.1656 8
    endloop
  endfacet
  facet normal 0.783334 -0.621601 0
    outer loop
      vertex -22.2371 -52.2468 36
      vertex -21.8101 -51.7087 8
      vertex -21.8101 -51.7087 36
    endloop
  endfacet
  facet normal 0.783334 -0.621601 0
    outer loop
      vertex -21.8101 -51.7087 8
      vertex -22.2371 -52.2468 36
      vertex -22.2371 -52.2468 8
    endloop
  endfacet
  facet normal -0.397693 0.917518 0
    outer loop
      vertex -29.9657 -41.0801 8
      vertex -30.596 -41.3533 36
      vertex -29.9657 -41.0801 36
    endloop
  endfacet
  facet normal -0.397693 0.917518 0
    outer loop
      vertex -30.596 -41.3533 36
      vertex -29.9657 -41.0801 8
      vertex -30.596 -41.3533 8
    endloop
  endfacet
  facet normal -0.30599 0.952035 0
    outer loop
      vertex -29.3117 -40.8699 8
      vertex -29.9657 -41.0801 36
      vertex -29.3117 -40.8699 36
    endloop
  endfacet
  facet normal -0.30599 0.952035 0
    outer loop
      vertex -29.9657 -41.0801 36
      vertex -29.3117 -40.8699 8
      vertex -29.9657 -41.0801 8
    endloop
  endfacet
  facet normal 0.541971 0.840397 -0
    outer loop
      vertex -23.4227 -41.9415 8
      vertex -24 -41.5692 36
      vertex -23.4227 -41.9415 36
    endloop
  endfacet
  facet normal 0.541971 0.840397 0
    outer loop
      vertex -24 -41.5692 36
      vertex -23.4227 -41.9415 8
      vertex -24 -41.5692 8
    endloop
  endfacet
  facet normal 0.822271 0.569096 0
    outer loop
      vertex -21.5556 -43.9349 36
      vertex -21.9465 -43.3701 8
      vertex -21.9465 -43.3701 36
    endloop
  endfacet
  facet normal 0.822271 0.569096 0
    outer loop
      vertex -21.9465 -43.3701 8
      vertex -21.5556 -43.9349 36
      vertex -21.5556 -43.9349 8
    endloop
  endfacet
  facet normal -0.2111 0.977465 0
    outer loop
      vertex -28.6403 -40.7249 8
      vertex -29.3117 -40.8699 36
      vertex -28.6403 -40.7249 36
    endloop
  endfacet
  facet normal -0.2111 0.977465 0
    outer loop
      vertex -29.3117 -40.8699 36
      vertex -28.6403 -40.7249 8
      vertex -29.3117 -40.8699 8
    endloop
  endfacet
  facet normal -0.569096 0.822271 0
    outer loop
      vertex -31.1965 -41.687 8
      vertex -31.7613 -42.0779 36
      vertex -31.1965 -41.687 36
    endloop
  endfacet
  facet normal -0.569096 0.822271 0
    outer loop
      vertex -31.7613 -42.0779 36
      vertex -31.1965 -41.687 8
      vertex -31.7613 -42.0779 8
    endloop
  endfacet
  facet normal -0.783334 0.621601 0
    outer loop
      vertex -33.1899 -43.5541 8
      vertex -32.7629 -43.016 36
      vertex -32.7629 -43.016 8
    endloop
  endfacet
  facet normal -0.783334 0.621601 0
    outer loop
      vertex -32.7629 -43.016 36
      vertex -33.1899 -43.5541 8
      vertex -33.1899 -43.5541 36
    endloop
  endfacet
  facet normal -0.485742 0.874102 0
    outer loop
      vertex -30.596 -41.3533 8
      vertex -31.1965 -41.687 36
      vertex -30.596 -41.3533 36
    endloop
  endfacet
  facet normal -0.485742 0.874102 0
    outer loop
      vertex -31.1965 -41.687 36
      vertex -30.596 -41.3533 8
      vertex -31.1965 -41.687 8
    endloop
  endfacet
  facet normal 1 -0 0
    outer loop
      vertex 80 -70 8
      vertex 80 70 0
      vertex 80 70 8
    endloop
  endfacet
  facet normal 1 0 0
    outer loop
      vertex 80 70 0
      vertex 80 -70 8
      vertex 80 -70 0
    endloop
  endfacet
  facet normal 0 0 -1
    outer loop
      vertex -65 -52 0
      vertex -53 52 0
      vertex -53 -52 0
    endloop
  endfacet
  facet normal -0 0 -1
    outer loop
      vertex -53 52 0
      vertex -65 -52 0
      vertex -65 52 0
    endloop
  endfacet
  facet normal 0 0 -1
    outer loop
      vertex 53 -52 0
      vertex 65 52 0
      vertex 65 -52 0
    endloop
  endfacet
  facet normal -0 0 -1
    outer loop
      vertex 65 52 0
      vertex 53 -52 0
      vertex 53 52 0
    endloop
  endfacet
  facet normal 0 0 -1
    outer loop
      vertex 65 -52 0
      vertex 80 -70 0
      vertex 65 -60 0
    endloop
  endfacet
  facet normal 0 0 -1
    outer loop
      vertex 80 -70 0
      vertex 53 -60 0
      vertex 65 -60 0
    endloop
  endfacet
  facet normal 0 0 -1
    outer loop
      vertex -53 -52 0
      vertex 53 -52 0
      vertex 53 -60 0
    endloop
  endfacet
  facet normal 0 0 -1
    outer loop
      vertex 53 -52 0
      vertex -53 -52 0
      vertex 53 52 0
    endloop
  endfacet
  facet normal 0 0 -1
    outer loop
      vertex -53 -52 0
      vertex 53 -60 0
      vertex -53 -60 0
    endloop
  endfacet
  facet normal 0 0 -1
    outer loop
      vertex 80 -70 0
      vertex -53 -60 0
      vertex 53 -60 0
    endloop
  endfacet
  facet normal 0 0 -1
    outer loop
      vertex -80 -70 0
      vertex -53 -60 0
      vertex 80 -70 0
    endloop
  endfacet
  facet normal 0 0 -1
    outer loop
      vertex -80 -70 0
      vertex -65 -52 0
      vertex -65 -60 0
    endloop
  endfacet
  facet normal -0 0 -1
    outer loop
      vertex -65 -52 0
      vertex -80 -70 0
      vertex -65 52 0
    endloop
  endfacet
  facet normal 0 0 -1
    outer loop
      vertex -80 70 0
      vertex -65 52 0
      vertex -80 -70 0
    endloop
  endfacet
  facet normal -0 0 -1
    outer loop
      vertex -53 -60 0
      vertex -80 -70 0
      vertex -65 -60 0
    endloop
  endfacet
  facet normal 0 0 -1
    outer loop
      vertex 80 -70 0
      vertex 65 -52 0
      vertex 80 70 0
    endloop
  endfacet
  facet normal 0 0 -1
    outer loop
      vertex 65 52 0
      vertex 80 70 0
      vertex 65 -52 0
    endloop
  endfacet
  facet normal 0 0 -1
    outer loop
      vertex 65 60 0
      vertex 80 70 0
      vertex 65 52 0
    endloop
  endfacet
  facet normal 0 0 -1
    outer loop
      vertex 53 60 0
      vertex 80 70 0
      vertex 65 60 0
    endloop
  endfacet
  facet normal 0 0 -1
    outer loop
      vertex -53 52 0
      vertex 53 52 0
      vertex -53 -52 0
    endloop
  endfacet
  facet normal 0 0 -1
    outer loop
      vertex 53 52 0
      vertex -53 52 0
      vertex 53 60 0
    endloop
  endfacet
  facet normal 0 0 -1
    outer loop
      vertex -53 60 0
      vertex 53 60 0
      vertex -53 52 0
    endloop
  endfacet
  facet normal 0 0 -1
    outer loop
      vertex 53 60 0
      vertex -53 60 0
      vertex 80 70 0
    endloop
  endfacet
  facet normal 0 0 -1
    outer loop
      vertex -80 70 0
      vertex -53 60 0
      vertex -65 60 0
    endloop
  endfacet
  facet normal 0 0 -1
    outer loop
      vertex -53 60 0
      vertex -80 70 0
      vertex 80 70 0
    endloop
  endfacet
  facet normal 0 0 -1
    outer loop
      vertex -65 52 0
      vertex -80 70 0
      vertex -65 60 0
    endloop
  endfacet
  facet normal -1 0 0
    outer loop
      vertex -80 -70 0
      vertex -80 70 8
      vertex -80 70 0
    endloop
  endfacet
  facet normal -1 -0 0
    outer loop
      vertex -80 70 8
      vertex -80 -70 0
      vertex -80 -70 8
    endloop
  endfacet
  facet normal 0 1 -0
    outer loop
      vertex 80 70 0
      vertex -80 70 8
      vertex 80 70 8
    endloop
  endfacet
  facet normal 0 1 0
    outer loop
      vertex -80 70 8
      vertex 80 70 0
      vertex -80 70 0
    endloop
  endfacet
  facet normal 0 -1 0
    outer loop
      vertex -80 -70 0
      vertex 80 -70 8
      vertex -80 -70 8
    endloop
  endfacet
  facet normal 0 -1 -0
    outer loop
      vertex 80 -70 8
      vertex -80 -70 0
      vertex 80 -70 0
    endloop
  endfacet
  facet normal 0.989175 0.146743 0
    outer loop
      vertex 15.923 -43.4317 63
      vertex 15.6926 -41.8786 8
      vertex 15.6926 -41.8786 63
    endloop
  endfacet
  facet normal 0.989175 0.146743 0
    outer loop
      vertex 15.6926 -41.8786 8
      vertex 15.923 -43.4317 63
      vertex 15.923 -43.4317 8
    endloop
  endfacet
  facet normal 0.998797 0.0490387 0
    outer loop
      vertex 16 -45 63
      vertex 15.923 -43.4317 8
      vertex 15.923 -43.4317 63
    endloop
  endfacet
  facet normal 0.998797 0.0490387 0
    outer loop
      vertex 15.923 -43.4317 8
      vertex 16 -45 63
      vertex 16 -45 8
    endloop
  endfacet
  facet normal 0.970023 0.243015 0
    outer loop
      vertex 15.6926 -41.8786 63
      vertex 15.311 -40.3554 8
      vertex 15.311 -40.3554 63
    endloop
  endfacet
  facet normal 0.970023 0.243015 0
    outer loop
      vertex 15.311 -40.3554 8
      vertex 15.6926 -41.8786 63
      vertex 15.6926 -41.8786 8
    endloop
  endfacet
  facet normal -0.514092 -0.857735 0
    outer loop
      vertex -8.88912 -58.3035 8
      vertex -7.54235 -59.1107 63
      vertex -8.88912 -58.3035 63
    endloop
  endfacet
  facet normal -0.514092 -0.857735 -0
    outer loop
      vertex -7.54235 -59.1107 63
      vertex -8.88912 -58.3035 8
      vertex -7.54235 -59.1107 8
    endloop
  endfacet
  facet normal 0.146736 0.989176 -0
    outer loop
      vertex 3.12144 -29.3074 8
      vertex 1.56827 -29.077 63
      vertex 3.12144 -29.3074 63
    endloop
  endfacet
  facet normal 0.146736 0.989176 0
    outer loop
      vertex 1.56827 -29.077 63
      vertex 3.12144 -29.3074 8
      vertex 1.56827 -29.077 8
    endloop
  endfacet
  facet normal -0.427589 -0.903973 0
    outer loop
      vertex -7.54235 -59.1107 8
      vertex -6.12293 -59.7821 63
      vertex -7.54235 -59.1107 63
    endloop
  endfacet
  facet normal -0.427589 -0.903973 -0
    outer loop
      vertex -6.12293 -59.7821 63
      vertex -7.54235 -59.1107 8
      vertex -6.12293 -59.7821 8
    endloop
  endfacet
  facet normal 0.427589 -0.903973 0
    outer loop
      vertex 6.12293 -59.7821 8
      vertex 7.54235 -59.1107 63
      vertex 6.12293 -59.7821 63
    endloop
  endfacet
  facet normal 0.427589 -0.903973 0
    outer loop
      vertex 7.54235 -59.1107 63
      vertex 6.12293 -59.7821 8
      vertex 7.54235 -59.1107 8
    endloop
  endfacet
  facet normal 0.0490396 0.998797 -0
    outer loop
      vertex 1.56827 -29.077 8
      vertex 0 -29 63
      vertex 1.56827 -29.077 63
    endloop
  endfacet
  facet normal 0.0490396 0.998797 0
    outer loop
      vertex 0 -29 63
      vertex 1.56827 -29.077 8
      vertex 0 -29 8
    endloop
  endfacet
  facet normal 0.989175 -0.146743 0
    outer loop
      vertex 15.6926 -48.1214 63
      vertex 15.923 -46.5683 8
      vertex 15.923 -46.5683 63
    endloop
  endfacet
  facet normal 0.989175 -0.146743 0
    outer loop
      vertex 15.923 -46.5683 8
      vertex 15.6926 -48.1214 63
      vertex 15.6926 -48.1214 8
    endloop
  endfacet
  facet normal -0.941553 -0.336865 0
    outer loop
      vertex -14.7821 -51.1229 8
      vertex -15.311 -49.6446 63
      vertex -15.311 -49.6446 8
    endloop
  endfacet
  facet normal -0.941553 -0.336865 0
    outer loop
      vertex -15.311 -49.6446 63
      vertex -14.7821 -51.1229 8
      vertex -14.7821 -51.1229 63
    endloop
  endfacet
  facet normal -0.903971 -0.427594 0
    outer loop
      vertex -14.1107 -52.5423 8
      vertex -14.7821 -51.1229 63
      vertex -14.7821 -51.1229 8
    endloop
  endfacet
  facet normal -0.903971 -0.427594 0
    outer loop
      vertex -14.7821 -51.1229 63
      vertex -14.1107 -52.5423 8
      vertex -14.1107 -52.5423 63
    endloop
  endfacet
  facet normal -0.941553 0.336865 0
    outer loop
      vertex -15.311 -40.3554 8
      vertex -14.7821 -38.8771 63
      vertex -14.7821 -38.8771 8
    endloop
  endfacet
  facet normal -0.941553 0.336865 0
    outer loop
      vertex -14.7821 -38.8771 63
      vertex -15.311 -40.3554 8
      vertex -15.311 -40.3554 63
    endloop
  endfacet
  facet normal -0.595677 0.803224 0
    outer loop
      vertex -8.88912 -31.6965 8
      vertex -10.1503 -32.6318 63
      vertex -8.88912 -31.6965 63
    endloop
  endfacet
  facet normal -0.595677 0.803224 0
    outer loop
      vertex -10.1503 -32.6318 63
      vertex -8.88912 -31.6965 8
      vertex -10.1503 -32.6318 8
    endloop
  endfacet
  facet normal -0.427589 0.903973 0
    outer loop
      vertex -6.12293 -30.2179 8
      vertex -7.54235 -30.8893 63
      vertex -6.12293 -30.2179 63
    endloop
  endfacet
  facet normal -0.427589 0.903973 0
    outer loop
      vertex -7.54235 -30.8893 63
      vertex -6.12293 -30.2179 8
      vertex -7.54235 -30.8893 8
    endloop
  endfacet
  facet normal 0.514092 -0.857735 0
    outer loop
      vertex 7.54235 -59.1107 8
      vertex 8.88912 -58.3035 63
      vertex 7.54235 -59.1107 63
    endloop
  endfacet
  facet normal 0.514092 -0.857735 0
    outer loop
      vertex 8.88912 -58.3035 63
      vertex 7.54235 -59.1107 8
      vertex 8.88912 -58.3035 8
    endloop
  endfacet
  facet normal -0.740933 -0.671578 0
    outer loop
      vertex -11.3137 -56.3137 8
      vertex -12.3682 -55.1503 63
      vertex -12.3682 -55.1503 8
    endloop
  endfacet
  facet normal -0.740933 -0.671578 0
    outer loop
      vertex -12.3682 -55.1503 63
      vertex -11.3137 -56.3137 8
      vertex -11.3137 -56.3137 63
    endloop
  endfacet
  facet normal 0.903971 0.427594 0
    outer loop
      vertex 14.7821 -38.8771 63
      vertex 14.1107 -37.4577 8
      vertex 14.1107 -37.4577 63
    endloop
  endfacet
  facet normal 0.903971 0.427594 0
    outer loop
      vertex 14.1107 -37.4577 8
      vertex 14.7821 -38.8771 63
      vertex 14.7821 -38.8771 8
    endloop
  endfacet
  facet normal 0.998797 -0.0490387 0
    outer loop
      vertex 15.923 -46.5683 63
      vertex 16 -45 8
      vertex 16 -45 63
    endloop
  endfacet
  facet normal 0.998797 -0.0490387 0
    outer loop
      vertex 16 -45 8
      vertex 15.923 -46.5683 63
      vertex 15.923 -46.5683 8
    endloop
  endfacet
  facet normal 0.595677 -0.803224 0
    outer loop
      vertex 8.88912 -58.3035 8
      vertex 10.1503 -57.3682 63
      vertex 8.88912 -58.3035 63
    endloop
  endfacet
  facet normal 0.595677 -0.803224 0
    outer loop
      vertex 10.1503 -57.3682 63
      vertex 8.88912 -58.3035 8
      vertex 10.1503 -57.3682 8
    endloop
  endfacet
  facet normal 0.146736 -0.989176 0
    outer loop
      vertex 1.56827 -60.923 8
      vertex 3.12144 -60.6926 63
      vertex 1.56827 -60.923 63
    endloop
  endfacet
  facet normal 0.146736 -0.989176 0
    outer loop
      vertex 3.12144 -60.6926 63
      vertex 1.56827 -60.923 8
      vertex 3.12144 -60.6926 8
    endloop
  endfacet
  facet normal 0.336849 -0.941559 0
    outer loop
      vertex 4.64455 -60.311 8
      vertex 6.12293 -59.7821 63
      vertex 4.64455 -60.311 63
    endloop
  endfacet
  facet normal 0.336849 -0.941559 0
    outer loop
      vertex 6.12293 -59.7821 63
      vertex 4.64455 -60.311 8
      vertex 6.12293 -59.7821 8
    endloop
  endfacet
  facet normal -0.85774 0.514084 0
    outer loop
      vertex -14.1107 -37.4577 8
      vertex -13.3035 -36.1109 63
      vertex -13.3035 -36.1109 8
    endloop
  endfacet
  facet normal -0.85774 0.514084 0
    outer loop
      vertex -13.3035 -36.1109 63
      vertex -14.1107 -37.4577 8
      vertex -14.1107 -37.4577 63
    endloop
  endfacet
  facet normal 0.514092 0.857735 -0
    outer loop
      vertex 8.88912 -31.6965 8
      vertex 7.54235 -30.8893 63
      vertex 8.88912 -31.6965 63
    endloop
  endfacet
  facet normal 0.514092 0.857735 0
    outer loop
      vertex 7.54235 -30.8893 63
      vertex 8.88912 -31.6965 8
      vertex 7.54235 -30.8893 8
    endloop
  endfacet
  facet normal 0.803229 0.595671 0
    outer loop
      vertex 13.3035 -36.1109 63
      vertex 12.3682 -34.8497 8
      vertex 12.3682 -34.8497 63
    endloop
  endfacet
  facet normal 0.803229 0.595671 0
    outer loop
      vertex 12.3682 -34.8497 8
      vertex 13.3035 -36.1109 63
      vertex 13.3035 -36.1109 8
    endloop
  endfacet
  facet normal -0.514092 0.857735 0
    outer loop
      vertex -7.54235 -30.8893 8
      vertex -8.88912 -31.6965 63
      vertex -7.54235 -30.8893 63
    endloop
  endfacet
  facet normal -0.514092 0.857735 0
    outer loop
      vertex -8.88912 -31.6965 63
      vertex -7.54235 -30.8893 8
      vertex -8.88912 -31.6965 8
    endloop
  endfacet
  facet normal -0.146736 0.989176 0
    outer loop
      vertex -1.56827 -29.077 8
      vertex -3.12144 -29.3074 63
      vertex -1.56827 -29.077 63
    endloop
  endfacet
  facet normal -0.146736 0.989176 0
    outer loop
      vertex -3.12144 -29.3074 63
      vertex -1.56827 -29.077 8
      vertex -3.12144 -29.3074 8
    endloop
  endfacet
  facet normal 0.970023 -0.243015 0
    outer loop
      vertex 15.311 -49.6446 63
      vertex 15.6926 -48.1214 8
      vertex 15.6926 -48.1214 63
    endloop
  endfacet
  facet normal 0.970023 -0.243015 0
    outer loop
      vertex 15.6926 -48.1214 8
      vertex 15.311 -49.6446 63
      vertex 15.311 -49.6446 8
    endloop
  endfacet
  facet normal -0.998797 -0.0490387 0
    outer loop
      vertex -15.923 -46.5683 8
      vertex -16 -45 63
      vertex -16 -45 8
    endloop
  endfacet
  facet normal -0.998797 -0.0490387 0
    outer loop
      vertex -16 -45 63
      vertex -15.923 -46.5683 8
      vertex -15.923 -46.5683 63
    endloop
  endfacet
  facet normal -0.336849 0.941559 0
    outer loop
      vertex -4.64455 -29.689 8
      vertex -6.12293 -30.2179 63
      vertex -4.64455 -29.689 63
    endloop
  endfacet
  facet normal -0.336849 0.941559 0
    outer loop
      vertex -6.12293 -30.2179 63
      vertex -4.64455 -29.689 8
      vertex -6.12293 -30.2179 8
    endloop
  endfacet
  facet normal 0.85774 -0.514084 0
    outer loop
      vertex 13.3035 -53.8891 63
      vertex 14.1107 -52.5423 8
      vertex 14.1107 -52.5423 63
    endloop
  endfacet
  facet normal 0.85774 -0.514084 0
    outer loop
      vertex 14.1107 -52.5423 8
      vertex 13.3035 -53.8891 63
      vertex 13.3035 -53.8891 8
    endloop
  endfacet
  facet normal -0.595677 -0.803224 0
    outer loop
      vertex -10.1503 -57.3682 8
      vertex -8.88912 -58.3035 63
      vertex -10.1503 -57.3682 63
    endloop
  endfacet
  facet normal -0.595677 -0.803224 -0
    outer loop
      vertex -8.88912 -58.3035 63
      vertex -10.1503 -57.3682 8
      vertex -8.88912 -58.3035 8
    endloop
  endfacet
  facet normal 0.243029 0.970019 -0
    outer loop
      vertex 4.64455 -29.689 8
      vertex 3.12144 -29.3074 63
      vertex 4.64455 -29.689 63
    endloop
  endfacet
  facet normal 0.243029 0.970019 0
    outer loop
      vertex 3.12144 -29.3074 63
      vertex 4.64455 -29.689 8
      vertex 3.12144 -29.3074 8
    endloop
  endfacet
  facet normal 0.941553 0.336865 0
    outer loop
      vertex 15.311 -40.3554 63
      vertex 14.7821 -38.8771 8
      vertex 14.7821 -38.8771 63
    endloop
  endfacet
  facet normal 0.941553 0.336865 0
    outer loop
      vertex 14.7821 -38.8771 8
      vertex 15.311 -40.3554 63
      vertex 15.311 -40.3554 8
    endloop
  endfacet
  facet normal 0.85774 0.514084 0
    outer loop
      vertex 14.1107 -37.4577 63
      vertex 13.3035 -36.1109 8
      vertex 13.3035 -36.1109 63
    endloop
  endfacet
  facet normal 0.85774 0.514084 0
    outer loop
      vertex 13.3035 -36.1109 8
      vertex 14.1107 -37.4577 63
      vertex 14.1107 -37.4577 8
    endloop
  endfacet
  facet normal -0.336849 -0.941559 0
    outer loop
      vertex -6.12293 -59.7821 8
      vertex -4.64455 -60.311 63
      vertex -6.12293 -59.7821 63
    endloop
  endfacet
  facet normal -0.336849 -0.941559 -0
    outer loop
      vertex -4.64455 -60.311 63
      vertex -6.12293 -59.7821 8
      vertex -4.64455 -60.311 8
    endloop
  endfacet
  facet normal -0.740933 0.671578 0
    outer loop
      vertex -12.3682 -34.8497 8
      vertex -11.3137 -33.6863 63
      vertex -11.3137 -33.6863 8
    endloop
  endfacet
  facet normal -0.740933 0.671578 0
    outer loop
      vertex -11.3137 -33.6863 63
      vertex -12.3682 -34.8497 8
      vertex -12.3682 -34.8497 63
    endloop
  endfacet
  facet normal 0.671578 0.740933 -0
    outer loop
      vertex 11.3137 -33.6863 8
      vertex 10.1503 -32.6318 63
      vertex 11.3137 -33.6863 63
    endloop
  endfacet
  facet normal 0.671578 0.740933 0
    outer loop
      vertex 10.1503 -32.6318 63
      vertex 11.3137 -33.6863 8
      vertex 10.1503 -32.6318 8
    endloop
  endfacet
  facet normal -0.989175 0.146743 0
    outer loop
      vertex -15.923 -43.4317 8
      vertex -15.6926 -41.8786 63
      vertex -15.6926 -41.8786 8
    endloop
  endfacet
  facet normal -0.989175 0.146743 0
    outer loop
      vertex -15.6926 -41.8786 63
      vertex -15.923 -43.4317 8
      vertex -15.923 -43.4317 63
    endloop
  endfacet
  facet normal 0.336849 0.941559 -0
    outer loop
      vertex 6.12293 -30.2179 8
      vertex 4.64455 -29.689 63
      vertex 6.12293 -30.2179 63
    endloop
  endfacet
  facet normal 0.336849 0.941559 0
    outer loop
      vertex 4.64455 -29.689 63
      vertex 6.12293 -30.2179 8
      vertex 4.64455 -29.689 8
    endloop
  endfacet
  facet normal -0.243029 0.970019 0
    outer loop
      vertex -3.12144 -29.3074 8
      vertex -4.64455 -29.689 63
      vertex -3.12144 -29.3074 63
    endloop
  endfacet
  facet normal -0.243029 0.970019 0
    outer loop
      vertex -4.64455 -29.689 63
      vertex -3.12144 -29.3074 8
      vertex -4.64455 -29.689 8
    endloop
  endfacet
  facet normal 0.0490396 -0.998797 0
    outer loop
      vertex 0 -61 8
      vertex 1.56827 -60.923 63
      vertex 0 -61 63
    endloop
  endfacet
  facet normal 0.0490396 -0.998797 0
    outer loop
      vertex 1.56827 -60.923 63
      vertex 0 -61 8
      vertex 1.56827 -60.923 8
    endloop
  endfacet
  facet normal 0.595677 0.803224 -0
    outer loop
      vertex 10.1503 -32.6318 8
      vertex 8.88912 -31.6965 63
      vertex 10.1503 -32.6318 63
    endloop
  endfacet
  facet normal 0.595677 0.803224 0
    outer loop
      vertex 8.88912 -31.6965 63
      vertex 10.1503 -32.6318 8
      vertex 8.88912 -31.6965 8
    endloop
  endfacet
  facet normal 0.740933 -0.671578 0
    outer loop
      vertex 11.3137 -56.3137 63
      vertex 12.3682 -55.1503 8
      vertex 12.3682 -55.1503 63
    endloop
  endfacet
  facet normal 0.740933 -0.671578 0
    outer loop
      vertex 12.3682 -55.1503 8
      vertex 11.3137 -56.3137 63
      vertex 11.3137 -56.3137 8
    endloop
  endfacet
  facet normal -0.671578 -0.740933 0
    outer loop
      vertex -11.3137 -56.3137 8
      vertex -10.1503 -57.3682 63
      vertex -11.3137 -56.3137 63
    endloop
  endfacet
  facet normal -0.671578 -0.740933 -0
    outer loop
      vertex -10.1503 -57.3682 63
      vertex -11.3137 -56.3137 8
      vertex -10.1503 -57.3682 8
    endloop
  endfacet
  facet normal 0.941553 -0.336865 0
    outer loop
      vertex 14.7821 -51.1229 63
      vertex 15.311 -49.6446 8
      vertex 15.311 -49.6446 63
    endloop
  endfacet
  facet normal 0.941553 -0.336865 0
    outer loop
      vertex 15.311 -49.6446 8
      vertex 14.7821 -51.1229 63
      vertex 14.7821 -51.1229 8
    endloop
  endfacet
  facet normal 0.803229 -0.595671 0
    outer loop
      vertex 12.3682 -55.1503 63
      vertex 13.3035 -53.8891 8
      vertex 13.3035 -53.8891 63
    endloop
  endfacet
  facet normal 0.803229 -0.595671 0
    outer loop
      vertex 13.3035 -53.8891 8
      vertex 12.3682 -55.1503 63
      vertex 12.3682 -55.1503 8
    endloop
  endfacet
  facet normal 0.427589 0.903973 -0
    outer loop
      vertex 7.54235 -30.8893 8
      vertex 6.12293 -30.2179 63
      vertex 7.54235 -30.8893 63
    endloop
  endfacet
  facet normal 0.427589 0.903973 0
    outer loop
      vertex 6.12293 -30.2179 63
      vertex 7.54235 -30.8893 8
      vertex 6.12293 -30.2179 8
    endloop
  endfacet
  facet normal -0.146736 -0.989176 0
    outer loop
      vertex -3.12144 -60.6926 8
      vertex -1.56827 -60.923 63
      vertex -3.12144 -60.6926 63
    endloop
  endfacet
  facet normal -0.146736 -0.989176 -0
    outer loop
      vertex -1.56827 -60.923 63
      vertex -3.12144 -60.6926 8
      vertex -1.56827 -60.923 8
    endloop
  endfacet
  facet normal -0.970023 0.243015 0
    outer loop
      vertex -15.6926 -41.8786 8
      vertex -15.311 -40.3554 63
      vertex -15.311 -40.3554 8
    endloop
  endfacet
  facet normal -0.970023 0.243015 0
    outer loop
      vertex -15.311 -40.3554 63
      vertex -15.6926 -41.8786 8
      vertex -15.6926 -41.8786 63
    endloop
  endfacet
  facet normal -0.0490396 0.998797 0
    outer loop
      vertex 0 -29 8
      vertex -1.56827 -29.077 63
      vertex 0 -29 63
    endloop
  endfacet
  facet normal -0.0490396 0.998797 0
    outer loop
      vertex -1.56827 -29.077 63
      vertex 0 -29 8
      vertex -1.56827 -29.077 8
    endloop
  endfacet
  facet normal -0.671578 0.740933 0
    outer loop
      vertex -10.1503 -32.6318 8
      vertex -11.3137 -33.6863 63
      vertex -10.1503 -32.6318 63
    endloop
  endfacet
  facet normal -0.671578 0.740933 0
    outer loop
      vertex -11.3137 -33.6863 63
      vertex -10.1503 -32.6318 8
      vertex -11.3137 -33.6863 8
    endloop
  endfacet
  facet normal -0.85774 -0.514084 0
    outer loop
      vertex -13.3035 -53.8891 8
      vertex -14.1107 -52.5423 63
      vertex -14.1107 -52.5423 8
    endloop
  endfacet
  facet normal -0.85774 -0.514084 0
    outer loop
      vertex -14.1107 -52.5423 63
      vertex -13.3035 -53.8891 8
      vertex -13.3035 -53.8891 63
    endloop
  endfacet
  facet normal 0.243029 -0.970019 0
    outer loop
      vertex 3.12144 -60.6926 8
      vertex 4.64455 -60.311 63
      vertex 3.12144 -60.6926 63
    endloop
  endfacet
  facet normal 0.243029 -0.970019 0
    outer loop
      vertex 4.64455 -60.311 63
      vertex 3.12144 -60.6926 8
      vertex 4.64455 -60.311 8
    endloop
  endfacet
  facet normal -0.903971 0.427594 0
    outer loop
      vertex -14.7821 -38.8771 8
      vertex -14.1107 -37.4577 63
      vertex -14.1107 -37.4577 8
    endloop
  endfacet
  facet normal -0.903971 0.427594 0
    outer loop
      vertex -14.1107 -37.4577 63
      vertex -14.7821 -38.8771 8
      vertex -14.7821 -38.8771 63
    endloop
  endfacet
  facet normal -0.970023 -0.243015 0
    outer loop
      vertex -15.311 -49.6446 8
      vertex -15.6926 -48.1214 63
      vertex -15.6926 -48.1214 8
    endloop
  endfacet
  facet normal -0.970023 -0.243015 0
    outer loop
      vertex -15.6926 -48.1214 63
      vertex -15.311 -49.6446 8
      vertex -15.311 -49.6446 63
    endloop
  endfacet
  facet normal -0.803229 0.595671 0
    outer loop
      vertex -13.3035 -36.1109 8
      vertex -12.3682 -34.8497 63
      vertex -12.3682 -34.8497 8
    endloop
  endfacet
  facet normal -0.803229 0.595671 0
    outer loop
      vertex -12.3682 -34.8497 63
      vertex -13.3035 -36.1109 8
      vertex -13.3035 -36.1109 63
    endloop
  endfacet
  facet normal -0.803229 -0.595671 0
    outer loop
      vertex -12.3682 -55.1503 8
      vertex -13.3035 -53.8891 63
      vertex -13.3035 -53.8891 8
    endloop
  endfacet
  facet normal -0.803229 -0.595671 0
    outer loop
      vertex -13.3035 -53.8891 63
      vertex -12.3682 -55.1503 8
      vertex -12.3682 -55.1503 63
    endloop
  endfacet
  facet normal -0.989175 -0.146743 0
    outer loop
      vertex -15.6926 -48.1214 8
      vertex -15.923 -46.5683 63
      vertex -15.923 -46.5683 8
    endloop
  endfacet
  facet normal -0.989175 -0.146743 0
    outer loop
      vertex -15.923 -46.5683 63
      vertex -15.6926 -48.1214 8
      vertex -15.6926 -48.1214 63
    endloop
  endfacet
  facet normal 0.903971 -0.427594 0
    outer loop
      vertex 14.1107 -52.5423 63
      vertex 14.7821 -51.1229 8
      vertex 14.7821 -51.1229 63
    endloop
  endfacet
  facet normal 0.903971 -0.427594 0
    outer loop
      vertex 14.7821 -51.1229 8
      vertex 14.1107 -52.5423 63
      vertex 14.1107 -52.5423 8
    endloop
  endfacet
  facet normal -0.243029 -0.970019 0
    outer loop
      vertex -4.64455 -60.311 8
      vertex -3.12144 -60.6926 63
      vertex -4.64455 -60.311 63
    endloop
  endfacet
  facet normal -0.243029 -0.970019 -0
    outer loop
      vertex -3.12144 -60.6926 63
      vertex -4.64455 -60.311 8
      vertex -3.12144 -60.6926 8
    endloop
  endfacet
  facet normal 0.740933 0.671578 0
    outer loop
      vertex 12.3682 -34.8497 63
      vertex 11.3137 -33.6863 8
      vertex 11.3137 -33.6863 63
    endloop
  endfacet
  facet normal 0.740933 0.671578 0
    outer loop
      vertex 11.3137 -33.6863 8
      vertex 12.3682 -34.8497 63
      vertex 12.3682 -34.8497 8
    endloop
  endfacet
  facet normal -0.0490396 -0.998797 0
    outer loop
      vertex -1.56827 -60.923 8
      vertex 0 -61 63
      vertex -1.56827 -60.923 63
    endloop
  endfacet
  facet normal -0.0490396 -0.998797 -0
    outer loop
      vertex 0 -61 63
      vertex -1.56827 -60.923 8
      vertex 0 -61 8
    endloop
  endfacet
  facet normal 0 0 1
    outer loop
      vertex 11.1 -45 63
      vertex 16 -45 63
      vertex 15.923 -43.4317 63
    endloop
  endfacet
  facet normal 0 0 1
    outer loop
      vertex 11.0465 -43.912 63
      vertex 15.923 -43.4317 63
      vertex 15.6926 -41.8786 63
    endloop
  endfacet
  facet normal 0 0 1
    outer loop
      vertex 16 -45 63
      vertex 11.1 -45 63
      vertex 15.923 -46.5683 63
    endloop
  endfacet
  facet normal 0 0 1
    outer loop
      vertex 10.8867 -42.8345 63
      vertex 15.6926 -41.8786 63
      vertex 15.311 -40.3554 63
    endloop
  endfacet
  facet normal -0 0 1
    outer loop
      vertex 11.0465 -46.088 63
      vertex 15.923 -46.5683 63
      vertex 11.1 -45 63
    endloop
  endfacet
  facet normal 0 0 1
    outer loop
      vertex 10.622 -41.7778 63
      vertex 15.311 -40.3554 63
      vertex 14.7821 -38.8771 63
    endloop
  endfacet
  facet normal 0 0 1
    outer loop
      vertex 15.923 -46.5683 63
      vertex 11.0465 -46.088 63
      vertex 15.6926 -48.1214 63
    endloop
  endfacet
  facet normal 0 0 1
    outer loop
      vertex 10.2551 -40.7522 63
      vertex 14.7821 -38.8771 63
      vertex 14.1107 -37.4577 63
    endloop
  endfacet
  facet normal -0 0 1
    outer loop
      vertex 10.8867 -47.1655 63
      vertex 15.6926 -48.1214 63
      vertex 11.0465 -46.088 63
    endloop
  endfacet
  facet normal 0 0 1
    outer loop
      vertex 9.78933 -39.7675 63
      vertex 14.1107 -37.4577 63
      vertex 13.3035 -36.1109 63
    endloop
  endfacet
  facet normal 0 0 1
    outer loop
      vertex 15.6926 -48.1214 63
      vertex 10.8867 -47.1655 63
      vertex 15.311 -49.6446 63
    endloop
  endfacet
  facet normal 0 0 1
    outer loop
      vertex 9.22931 -38.8332 63
      vertex 13.3035 -36.1109 63
      vertex 12.3682 -34.8497 63
    endloop
  endfacet
  facet normal -0 0 1
    outer loop
      vertex 10.622 -48.2222 63
      vertex 15.311 -49.6446 63
      vertex 10.8867 -47.1655 63
    endloop
  endfacet
  facet normal 0 0 1
    outer loop
      vertex 8.58042 -37.9582 63
      vertex 12.3682 -34.8497 63
      vertex 11.3137 -33.6863 63
    endloop
  endfacet
  facet normal 0 0 1
    outer loop
      vertex 15.311 -49.6446 63
      vertex 10.622 -48.2222 63
      vertex 14.7821 -51.1229 63
    endloop
  endfacet
  facet normal -0 0 1
    outer loop
      vertex 10.2551 -49.2478 63
      vertex 14.7821 -51.1229 63
      vertex 10.622 -48.2222 63
    endloop
  endfacet
  facet normal 0 0 1
    outer loop
      vertex 15.923 -43.4317 63
      vertex 11.0465 -43.912 63
      vertex 11.1 -45 63
    endloop
  endfacet
  facet normal 0 0 1
    outer loop
      vertex 15.6926 -41.8786 63
      vertex 10.8867 -42.8345 63
      vertex 11.0465 -43.912 63
    endloop
  endfacet
  facet normal 0 0 1
    outer loop
      vertex 15.311 -40.3554 63
      vertex 10.622 -41.7778 63
      vertex 10.8867 -42.8345 63
    endloop
  endfacet
  facet normal 0 0 1
    outer loop
      vertex 14.7821 -38.8771 63
      vertex 10.2551 -40.7522 63
      vertex 10.622 -41.7778 63
    endloop
  endfacet
  facet normal 0 0 1
    outer loop
      vertex 7.84888 -37.1511 63
      vertex 11.3137 -33.6863 63
      vertex 10.1503 -32.6318 63
    endloop
  endfacet
  facet normal 0 0 1
    outer loop
      vertex 14.1107 -37.4577 63
      vertex 9.78933 -39.7675 63
      vertex 10.2551 -40.7522 63
    endloop
  endfacet
  facet normal 0 0 1
    outer loop
      vertex 13.3035 -36.1109 63
      vertex 9.22931 -38.8332 63
      vertex 9.78933 -39.7675 63
    endloop
  endfacet
  facet normal 0 0 1
    outer loop
      vertex 7.04177 -36.4196 63
      vertex 10.1503 -32.6318 63
      vertex 8.88912 -31.6965 63
    endloop
  endfacet
  facet normal 0 0 1
    outer loop
      vertex 12.3682 -34.8497 63
      vertex 8.58042 -37.9582 63
      vertex 9.22931 -38.8332 63
    endloop
  endfacet
  facet normal 0 0 1
    outer loop
      vertex 11.3137 -33.6863 63
      vertex 7.84888 -37.1511 63
      vertex 8.58042 -37.9582 63
    endloop
  endfacet
  facet normal 0 0 1
    outer loop
      vertex 6.16683 -35.7707 63
      vertex 8.88912 -31.6965 63
      vertex 7.54235 -30.8893 63
    endloop
  endfacet
  facet normal 0 0 1
    outer loop
      vertex 10.1503 -32.6318 63
      vertex 7.04177 -36.4196 63
      vertex 7.84888 -37.1511 63
    endloop
  endfacet
  facet normal 0 0 1
    outer loop
      vertex 8.88912 -31.6965 63
      vertex 6.16683 -35.7707 63
      vertex 7.04177 -36.4196 63
    endloop
  endfacet
  facet normal 0 0 1
    outer loop
      vertex 5.2325 -35.2107 63
      vertex 7.54235 -30.8893 63
      vertex 6.12293 -30.2179 63
    endloop
  endfacet
  facet normal 0 0 1
    outer loop
      vertex 7.54235 -30.8893 63
      vertex 5.2325 -35.2107 63
      vertex 6.16683 -35.7707 63
    endloop
  endfacet
  facet normal 0 0 1
    outer loop
      vertex 4.24779 -34.7449 63
      vertex 6.12293 -30.2179 63
      vertex 4.64455 -29.689 63
    endloop
  endfacet
  facet normal 0 0 1
    outer loop
      vertex 6.12293 -30.2179 63
      vertex 4.24779 -34.7449 63
      vertex 5.2325 -35.2107 63
    endloop
  endfacet
  facet normal 0 0 1
    outer loop
      vertex 4.64455 -29.689 63
      vertex 3.22216 -34.378 63
      vertex 4.24779 -34.7449 63
    endloop
  endfacet
  facet normal 0 0 1
    outer loop
      vertex 3.12144 -29.3074 63
      vertex 3.22216 -34.378 63
      vertex 4.64455 -29.689 63
    endloop
  endfacet
  facet normal 0 0 1
    outer loop
      vertex 3.12144 -29.3074 63
      vertex 2.1655 -34.1133 63
      vertex 3.22216 -34.378 63
    endloop
  endfacet
  facet normal 0 0 1
    outer loop
      vertex 1.56827 -29.077 63
      vertex 2.1655 -34.1133 63
      vertex 3.12144 -29.3074 63
    endloop
  endfacet
  facet normal 0 0 1
    outer loop
      vertex 1.56827 -29.077 63
      vertex 1.08799 -33.9534 63
      vertex 2.1655 -34.1133 63
    endloop
  endfacet
  facet normal 0 0 1
    outer loop
      vertex 0 -29 63
      vertex 1.08799 -33.9534 63
      vertex 1.56827 -29.077 63
    endloop
  endfacet
  facet normal 0 0 1
    outer loop
      vertex 0 -29 63
      vertex 0 -33.9 63
      vertex 1.08799 -33.9534 63
    endloop
  endfacet
  facet normal 0 0 1
    outer loop
      vertex 0 -29 63
      vertex -1.08799 -33.9534 63
      vertex 0 -33.9 63
    endloop
  endfacet
  facet normal -0 0 1
    outer loop
      vertex -1.56827 -29.077 63
      vertex -1.08799 -33.9534 63
      vertex 0 -29 63
    endloop
  endfacet
  facet normal 0 0 1
    outer loop
      vertex -1.56827 -29.077 63
      vertex -2.1655 -34.1133 63
      vertex -1.08799 -33.9534 63
    endloop
  endfacet
  facet normal -0 0 1
    outer loop
      vertex -3.12144 -29.3074 63
      vertex -2.1655 -34.1133 63
      vertex -1.56827 -29.077 63
    endloop
  endfacet
  facet normal 0 0 1
    outer loop
      vertex -3.12144 -29.3074 63
      vertex -3.22216 -34.378 63
      vertex -2.1655 -34.1133 63
    endloop
  endfacet
  facet normal -0 0 1
    outer loop
      vertex -4.64455 -29.689 63
      vertex -3.22216 -34.378 63
      vertex -3.12144 -29.3074 63
    endloop
  endfacet
  facet normal 0 0 1
    outer loop
      vertex -3.22216 -34.378 63
      vertex -4.64455 -29.689 63
      vertex -4.24779 -34.7449 63
    endloop
  endfacet
  facet normal -0 0 1
    outer loop
      vertex -6.12293 -30.2179 63
      vertex -4.24779 -34.7449 63
      vertex -4.64455 -29.689 63
    endloop
  endfacet
  facet normal 0 0 1
    outer loop
      vertex -4.24779 -34.7449 63
      vertex -6.12293 -30.2179 63
      vertex -5.2325 -35.2107 63
    endloop
  endfacet
  facet normal -0 0 1
    outer loop
      vertex -7.54235 -30.8893 63
      vertex -5.2325 -35.2107 63
      vertex -6.12293 -30.2179 63
    endloop
  endfacet
  facet normal 0 0 1
    outer loop
      vertex -5.2325 -35.2107 63
      vertex -7.54235 -30.8893 63
      vertex -6.16683 -35.7707 63
    endloop
  endfacet
  facet normal -0 0 1
    outer loop
      vertex -8.88912 -31.6965 63
      vertex -6.16683 -35.7707 63
      vertex -7.54235 -30.8893 63
    endloop
  endfacet
  facet normal 0 0 1
    outer loop
      vertex -6.16683 -35.7707 63
      vertex -8.88912 -31.6965 63
      vertex -7.04177 -36.4196 63
    endloop
  endfacet
  facet normal -0 0 1
    outer loop
      vertex -10.1503 -32.6318 63
      vertex -7.04177 -36.4196 63
      vertex -8.88912 -31.6965 63
    endloop
  endfacet
  facet normal 0 0 1
    outer loop
      vertex -7.04177 -36.4196 63
      vertex -10.1503 -32.6318 63
      vertex -7.84888 -37.1511 63
    endloop
  endfacet
  facet normal -0 0 1
    outer loop
      vertex -11.3137 -33.6863 63
      vertex -7.84888 -37.1511 63
      vertex -10.1503 -32.6318 63
    endloop
  endfacet
  facet normal 0 0 1
    outer loop
      vertex -7.84888 -37.1511 63
      vertex -11.3137 -33.6863 63
      vertex -8.58042 -37.9582 63
    endloop
  endfacet
  facet normal -0 0 1
    outer loop
      vertex -12.3682 -34.8497 63
      vertex -8.58042 -37.9582 63
      vertex -11.3137 -33.6863 63
    endloop
  endfacet
  facet normal 0 0 1
    outer loop
      vertex -8.58042 -37.9582 63
      vertex -12.3682 -34.8497 63
      vertex -9.22931 -38.8332 63
    endloop
  endfacet
  facet normal -0 0 1
    outer loop
      vertex -13.3035 -36.1109 63
      vertex -9.22931 -38.8332 63
      vertex -12.3682 -34.8497 63
    endloop
  endfacet
  facet normal 0 0 1
    outer loop
      vertex -9.22931 -38.8332 63
      vertex -13.3035 -36.1109 63
      vertex -9.78933 -39.7675 63
    endloop
  endfacet
  facet normal -0 0 1
    outer loop
      vertex -14.1107 -37.4577 63
      vertex -9.78933 -39.7675 63
      vertex -13.3035 -36.1109 63
    endloop
  endfacet
  facet normal -0 0 1
    outer loop
      vertex -14.7821 -38.8771 63
      vertex -10.2551 -40.7522 63
      vertex -14.1107 -37.4577 63
    endloop
  endfacet
  facet normal 0 0 1
    outer loop
      vertex -9.78933 -39.7675 63
      vertex -14.1107 -37.4577 63
      vertex -10.2551 -40.7522 63
    endloop
  endfacet
  facet normal 0 0 1
    outer loop
      vertex 14.7821 -51.1229 63
      vertex 10.2551 -49.2478 63
      vertex 14.1107 -52.5423 63
    endloop
  endfacet
  facet normal -0 0 1
    outer loop
      vertex 9.78933 -50.2325 63
      vertex 14.1107 -52.5423 63
      vertex 10.2551 -49.2478 63
    endloop
  endfacet
  facet normal 0 0 1
    outer loop
      vertex 14.1107 -52.5423 63
      vertex 9.78933 -50.2325 63
      vertex 13.3035 -53.8891 63
    endloop
  endfacet
  facet normal -0 0 1
    outer loop
      vertex 9.22931 -51.1668 63
      vertex 13.3035 -53.8891 63
      vertex 9.78933 -50.2325 63
    endloop
  endfacet
  facet normal 0 0 1
    outer loop
      vertex 13.3035 -53.8891 63
      vertex 9.22931 -51.1668 63
      vertex 12.3682 -55.1503 63
    endloop
  endfacet
  facet normal -0 0 1
    outer loop
      vertex 8.58042 -52.0418 63
      vertex 12.3682 -55.1503 63
      vertex 9.22931 -51.1668 63
    endloop
  endfacet
  facet normal 0 0 1
    outer loop
      vertex 12.3682 -55.1503 63
      vertex 8.58042 -52.0418 63
      vertex 11.3137 -56.3137 63
    endloop
  endfacet
  facet normal -0 0 1
    outer loop
      vertex 7.84888 -52.8489 63
      vertex 11.3137 -56.3137 63
      vertex 8.58042 -52.0418 63
    endloop
  endfacet
  facet normal 0 0 1
    outer loop
      vertex 11.3137 -56.3137 63
      vertex 7.84888 -52.8489 63
      vertex 10.1503 -57.3682 63
    endloop
  endfacet
  facet normal -0 0 1
    outer loop
      vertex 7.04177 -53.5804 63
      vertex 10.1503 -57.3682 63
      vertex 7.84888 -52.8489 63
    endloop
  endfacet
  facet normal 0 0 1
    outer loop
      vertex 10.1503 -57.3682 63
      vertex 7.04177 -53.5804 63
      vertex 8.88912 -58.3035 63
    endloop
  endfacet
  facet normal -0 0 1
    outer loop
      vertex 6.16683 -54.2293 63
      vertex 8.88912 -58.3035 63
      vertex 7.04177 -53.5804 63
    endloop
  endfacet
  facet normal 0 0 1
    outer loop
      vertex 8.88912 -58.3035 63
      vertex 6.16683 -54.2293 63
      vertex 7.54235 -59.1107 63
    endloop
  endfacet
  facet normal -0 0 1
    outer loop
      vertex 5.2325 -54.7893 63
      vertex 7.54235 -59.1107 63
      vertex 6.16683 -54.2293 63
    endloop
  endfacet
  facet normal 0 0 1
    outer loop
      vertex 7.54235 -59.1107 63
      vertex 5.2325 -54.7893 63
      vertex 6.12293 -59.7821 63
    endloop
  endfacet
  facet normal -0 0 1
    outer loop
      vertex 4.24779 -55.2551 63
      vertex 6.12293 -59.7821 63
      vertex 5.2325 -54.7893 63
    endloop
  endfacet
  facet normal 0 0 1
    outer loop
      vertex 6.12293 -59.7821 63
      vertex 4.24779 -55.2551 63
      vertex 4.64455 -60.311 63
    endloop
  endfacet
  facet normal -0 0 1
    outer loop
      vertex 3.22216 -55.622 63
      vertex 4.64455 -60.311 63
      vertex 4.24779 -55.2551 63
    endloop
  endfacet
  facet normal 0 0 1
    outer loop
      vertex 3.22216 -55.622 63
      vertex 3.12144 -60.6926 63
      vertex 4.64455 -60.311 63
    endloop
  endfacet
  facet normal -0 0 1
    outer loop
      vertex 2.1655 -55.8867 63
      vertex 3.12144 -60.6926 63
      vertex 3.22216 -55.622 63
    endloop
  endfacet
  facet normal 0 0 1
    outer loop
      vertex 2.1655 -55.8867 63
      vertex 1.56827 -60.923 63
      vertex 3.12144 -60.6926 63
    endloop
  endfacet
  facet normal -0 0 1
    outer loop
      vertex 1.08799 -56.0466 63
      vertex 1.56827 -60.923 63
      vertex 2.1655 -55.8867 63
    endloop
  endfacet
  facet normal -0 0 1
    outer loop
      vertex 0 -56.1 63
      vertex 1.56827 -60.923 63
      vertex 1.08799 -56.0466 63
    endloop
  endfacet
  facet normal 0 0 1
    outer loop
      vertex 0 -56.1 63
      vertex 0 -61 63
      vertex 1.56827 -60.923 63
    endloop
  endfacet
  facet normal 0 0 1
    outer loop
      vertex -1.08799 -56.0466 63
      vertex 0 -61 63
      vertex 0 -56.1 63
    endloop
  endfacet
  facet normal 0 0 1
    outer loop
      vertex -1.08799 -56.0466 63
      vertex -1.56827 -60.923 63
      vertex 0 -61 63
    endloop
  endfacet
  facet normal 0 0 1
    outer loop
      vertex -2.1655 -55.8867 63
      vertex -1.56827 -60.923 63
      vertex -1.08799 -56.0466 63
    endloop
  endfacet
  facet normal 0 0 1
    outer loop
      vertex -2.1655 -55.8867 63
      vertex -3.12144 -60.6926 63
      vertex -1.56827 -60.923 63
    endloop
  endfacet
  facet normal 0 0 1
    outer loop
      vertex -3.22216 -55.622 63
      vertex -3.12144 -60.6926 63
      vertex -2.1655 -55.8867 63
    endloop
  endfacet
  facet normal 0 0 1
    outer loop
      vertex -4.64455 -60.311 63
      vertex -3.22216 -55.622 63
      vertex -4.24779 -55.2551 63
    endloop
  endfacet
  facet normal 0 0 1
    outer loop
      vertex -3.22216 -55.622 63
      vertex -4.64455 -60.311 63
      vertex -3.12144 -60.6926 63
    endloop
  endfacet
  facet normal 0 0 1
    outer loop
      vertex -6.12293 -59.7821 63
      vertex -4.24779 -55.2551 63
      vertex -5.2325 -54.7893 63
    endloop
  endfacet
  facet normal 0 0 1
    outer loop
      vertex -4.24779 -55.2551 63
      vertex -6.12293 -59.7821 63
      vertex -4.64455 -60.311 63
    endloop
  endfacet
  facet normal 0 0 1
    outer loop
      vertex -7.54235 -59.1107 63
      vertex -5.2325 -54.7893 63
      vertex -6.16683 -54.2293 63
    endloop
  endfacet
  facet normal 0 0 1
    outer loop
      vertex -8.88912 -58.3035 63
      vertex -6.16683 -54.2293 63
      vertex -7.04177 -53.5804 63
    endloop
  endfacet
  facet normal 0 0 1
    outer loop
      vertex -5.2325 -54.7893 63
      vertex -7.54235 -59.1107 63
      vertex -6.12293 -59.7821 63
    endloop
  endfacet
  facet normal 0 0 1
    outer loop
      vertex -10.1503 -57.3682 63
      vertex -7.04177 -53.5804 63
      vertex -7.84888 -52.8489 63
    endloop
  endfacet
  facet normal 0 0 1
    outer loop
      vertex -11.3137 -56.3137 63
      vertex -7.84888 -52.8489 63
      vertex -8.58042 -52.0418 63
    endloop
  endfacet
  facet normal 0 0 1
    outer loop
      vertex -6.16683 -54.2293 63
      vertex -8.88912 -58.3035 63
      vertex -7.54235 -59.1107 63
    endloop
  endfacet
  facet normal 0 0 1
    outer loop
      vertex -12.3682 -55.1503 63
      vertex -8.58042 -52.0418 63
      vertex -9.22931 -51.1668 63
    endloop
  endfacet
  facet normal 0 0 1
    outer loop
      vertex -13.3035 -53.8891 63
      vertex -9.22931 -51.1668 63
      vertex -9.78933 -50.2325 63
    endloop
  endfacet
  facet normal 0 0 1
    outer loop
      vertex -7.04177 -53.5804 63
      vertex -10.1503 -57.3682 63
      vertex -8.88912 -58.3035 63
    endloop
  endfacet
  facet normal 0 0 1
    outer loop
      vertex -14.1107 -52.5423 63
      vertex -9.78933 -50.2325 63
      vertex -10.2551 -49.2478 63
    endloop
  endfacet
  facet normal 0 0 1
    outer loop
      vertex -14.7821 -51.1229 63
      vertex -10.2551 -49.2478 63
      vertex -10.622 -48.2222 63
    endloop
  endfacet
  facet normal 0 0 1
    outer loop
      vertex -15.311 -49.6446 63
      vertex -10.622 -48.2222 63
      vertex -10.8867 -47.1655 63
    endloop
  endfacet
  facet normal 0 0 1
    outer loop
      vertex -15.6926 -48.1214 63
      vertex -10.8867 -47.1655 63
      vertex -11.0465 -46.088 63
    endloop
  endfacet
  facet normal 0 0 1
    outer loop
      vertex -7.84888 -52.8489 63
      vertex -11.3137 -56.3137 63
      vertex -10.1503 -57.3682 63
    endloop
  endfacet
  facet normal 0 0 1
    outer loop
      vertex -15.923 -46.5683 63
      vertex -11.0465 -46.088 63
      vertex -11.1 -45 63
    endloop
  endfacet
  facet normal 0 0 1
    outer loop
      vertex -10.2551 -40.7522 63
      vertex -14.7821 -38.8771 63
      vertex -10.622 -41.7778 63
    endloop
  endfacet
  facet normal -0 0 1
    outer loop
      vertex -15.311 -40.3554 63
      vertex -10.622 -41.7778 63
      vertex -14.7821 -38.8771 63
    endloop
  endfacet
  facet normal 0 0 1
    outer loop
      vertex -8.58042 -52.0418 63
      vertex -12.3682 -55.1503 63
      vertex -11.3137 -56.3137 63
    endloop
  endfacet
  facet normal 0 0 1
    outer loop
      vertex -10.622 -41.7778 63
      vertex -15.311 -40.3554 63
      vertex -10.8867 -42.8345 63
    endloop
  endfacet
  facet normal 0 0 1
    outer loop
      vertex -9.22931 -51.1668 63
      vertex -13.3035 -53.8891 63
      vertex -12.3682 -55.1503 63
    endloop
  endfacet
  facet normal -0 0 1
    outer loop
      vertex -15.6926 -41.8786 63
      vertex -10.8867 -42.8345 63
      vertex -15.311 -40.3554 63
    endloop
  endfacet
  facet normal 0 0 1
    outer loop
      vertex -9.78933 -50.2325 63
      vertex -14.1107 -52.5423 63
      vertex -13.3035 -53.8891 63
    endloop
  endfacet
  facet normal 0 0 1
    outer loop
      vertex -10.8867 -42.8345 63
      vertex -15.6926 -41.8786 63
      vertex -11.0465 -43.912 63
    endloop
  endfacet
  facet normal 0 0 1
    outer loop
      vertex -10.2551 -49.2478 63
      vertex -14.7821 -51.1229 63
      vertex -14.1107 -52.5423 63
    endloop
  endfacet
  facet normal -0 0 1
    outer loop
      vertex -15.923 -43.4317 63
      vertex -11.0465 -43.912 63
      vertex -15.6926 -41.8786 63
    endloop
  endfacet
  facet normal 0 0 1
    outer loop
      vertex -10.622 -48.2222 63
      vertex -15.311 -49.6446 63
      vertex -14.7821 -51.1229 63
    endloop
  endfacet
  facet normal 0 0 1
    outer loop
      vertex -11.0465 -43.912 63
      vertex -15.923 -43.4317 63
      vertex -11.1 -45 63
    endloop
  endfacet
  facet normal 0 0 1
    outer loop
      vertex -10.8867 -47.1655 63
      vertex -15.6926 -48.1214 63
      vertex -15.311 -49.6446 63
    endloop
  endfacet
  facet normal 0 0 1
    outer loop
      vertex -16 -45 63
      vertex -11.1 -45 63
      vertex -15.923 -43.4317 63
    endloop
  endfacet
  facet normal 0 0 1
    outer loop
      vertex -11.0465 -46.088 63
      vertex -15.923 -46.5683 63
      vertex -15.6926 -48.1214 63
    endloop
  endfacet
  facet normal 0 0 1
    outer loop
      vertex -11.1 -45 63
      vertex -16 -45 63
      vertex -15.923 -46.5683 63
    endloop
  endfacet
  facet normal -0.998797 0.0490387 0
    outer loop
      vertex -16 -45 8
      vertex -15.923 -43.4317 63
      vertex -15.923 -43.4317 8
    endloop
  endfacet
  facet normal -0.998797 0.0490387 0
    outer loop
      vertex -15.923 -43.4317 63
      vertex -16 -45 8
      vertex -16 -45 63
    endloop
  endfacet
  facet normal 0.671578 -0.740933 0
    outer loop
      vertex 10.1503 -57.3682 8
      vertex 11.3137 -56.3137 63
      vertex 10.1503 -57.3682 63
    endloop
  endfacet
  facet normal 0.671578 -0.740933 0
    outer loop
      vertex 11.3137 -56.3137 63
      vertex 10.1503 -57.3682 8
      vertex 11.3137 -56.3137 8
    endloop
  endfacet
  facet normal -0.336849 -0.941559 0
    outer loop
      vertex -6.12293 30.2179 8
      vertex -4.64455 29.689 63
      vertex -6.12293 30.2179 63
    endloop
  endfacet
  facet normal -0.336849 -0.941559 -0
    outer loop
      vertex -4.64455 29.689 63
      vertex -6.12293 30.2179 8
      vertex -4.64455 29.689 8
    endloop
  endfacet
  facet normal 0.989175 0.146743 0
    outer loop
      vertex 15.923 46.5683 63
      vertex 15.6926 48.1214 8
      vertex 15.6926 48.1214 63
    endloop
  endfacet
  facet normal 0.989175 0.146743 0
    outer loop
      vertex 15.6926 48.1214 8
      vertex 15.923 46.5683 63
      vertex 15.923 46.5683 8
    endloop
  endfacet
  facet normal 0.998797 0.0490387 0
    outer loop
      vertex 16 45 63
      vertex 15.923 46.5683 8
      vertex 15.923 46.5683 63
    endloop
  endfacet
  facet normal 0.998797 0.0490387 0
    outer loop
      vertex 15.923 46.5683 8
      vertex 16 45 63
      vertex 16 45 8
    endloop
  endfacet
  facet normal 0.970023 0.243015 0
    outer loop
      vertex 15.6926 48.1214 63
      vertex 15.311 49.6446 8
      vertex 15.311 49.6446 63
    endloop
  endfacet
  facet normal 0.970023 0.243015 0
    outer loop
      vertex 15.311 49.6446 8
      vertex 15.6926 48.1214 63
      vertex 15.6926 48.1214 8
    endloop
  endfacet
  facet normal -0.989175 0.146743 0
    outer loop
      vertex -15.923 46.5683 8
      vertex -15.6926 48.1214 63
      vertex -15.6926 48.1214 8
    endloop
  endfacet
  facet normal -0.989175 0.146743 0
    outer loop
      vertex -15.6926 48.1214 63
      vertex -15.923 46.5683 8
      vertex -15.923 46.5683 63
    endloop
  endfacet
  facet normal -0.243029 -0.970019 0
    outer loop
      vertex -4.64455 29.689 8
      vertex -3.12144 29.3074 63
      vertex -4.64455 29.689 63
    endloop
  endfacet
  facet normal -0.243029 -0.970019 -0
    outer loop
      vertex -3.12144 29.3074 63
      vertex -4.64455 29.689 8
      vertex -3.12144 29.3074 8
    endloop
  endfacet
  facet normal 0.336849 0.941559 -0
    outer loop
      vertex 6.12293 59.7821 8
      vertex 4.64455 60.311 63
      vertex 6.12293 59.7821 63
    endloop
  endfacet
  facet normal 0.336849 0.941559 0
    outer loop
      vertex 4.64455 60.311 63
      vertex 6.12293 59.7821 8
      vertex 4.64455 60.311 8
    endloop
  endfacet
  facet normal -0.514092 0.857735 0
    outer loop
      vertex -7.54235 59.1107 8
      vertex -8.88912 58.3035 63
      vertex -7.54235 59.1107 63
    endloop
  endfacet
  facet normal -0.514092 0.857735 0
    outer loop
      vertex -8.88912 58.3035 63
      vertex -7.54235 59.1107 8
      vertex -8.88912 58.3035 8
    endloop
  endfacet
  facet normal -0.903971 -0.427594 0
    outer loop
      vertex -14.1107 37.4577 8
      vertex -14.7821 38.8771 63
      vertex -14.7821 38.8771 8
    endloop
  endfacet
  facet normal -0.903971 -0.427594 0
    outer loop
      vertex -14.7821 38.8771 63
      vertex -14.1107 37.4577 8
      vertex -14.1107 37.4577 63
    endloop
  endfacet
  facet normal -0.243029 0.970019 0
    outer loop
      vertex -3.12144 60.6926 8
      vertex -4.64455 60.311 63
      vertex -3.12144 60.6926 63
    endloop
  endfacet
  facet normal -0.243029 0.970019 0
    outer loop
      vertex -4.64455 60.311 63
      vertex -3.12144 60.6926 8
      vertex -4.64455 60.311 8
    endloop
  endfacet
  facet normal -0.85774 -0.514084 0
    outer loop
      vertex -13.3035 36.1109 8
      vertex -14.1107 37.4577 63
      vertex -14.1107 37.4577 8
    endloop
  endfacet
  facet normal -0.85774 -0.514084 0
    outer loop
      vertex -14.1107 37.4577 63
      vertex -13.3035 36.1109 8
      vertex -13.3035 36.1109 63
    endloop
  endfacet
  facet normal 0.243029 -0.970019 0
    outer loop
      vertex 3.12144 29.3074 8
      vertex 4.64455 29.689 63
      vertex 3.12144 29.3074 63
    endloop
  endfacet
  facet normal 0.243029 -0.970019 0
    outer loop
      vertex 4.64455 29.689 63
      vertex 3.12144 29.3074 8
      vertex 4.64455 29.689 8
    endloop
  endfacet
  facet normal -0.595677 -0.803224 0
    outer loop
      vertex -10.1503 32.6318 8
      vertex -8.88912 31.6965 63
      vertex -10.1503 32.6318 63
    endloop
  endfacet
  facet normal -0.595677 -0.803224 -0
    outer loop
      vertex -8.88912 31.6965 63
      vertex -10.1503 32.6318 8
      vertex -8.88912 31.6965 8
    endloop
  endfacet
  facet normal 0.514092 -0.857735 0
    outer loop
      vertex 7.54235 30.8893 8
      vertex 8.88912 31.6965 63
      vertex 7.54235 30.8893 63
    endloop
  endfacet
  facet normal 0.514092 -0.857735 0
    outer loop
      vertex 8.88912 31.6965 63
      vertex 7.54235 30.8893 8
      vertex 8.88912 31.6965 8
    endloop
  endfacet
  facet normal 0.803229 -0.595671 0
    outer loop
      vertex 12.3682 34.8497 63
      vertex 13.3035 36.1109 8
      vertex 13.3035 36.1109 63
    endloop
  endfacet
  facet normal 0.803229 -0.595671 0
    outer loop
      vertex 13.3035 36.1109 8
      vertex 12.3682 34.8497 63
      vertex 12.3682 34.8497 8
    endloop
  endfacet
  facet normal 0.146736 0.989176 -0
    outer loop
      vertex 3.12144 60.6926 8
      vertex 1.56827 60.923 63
      vertex 3.12144 60.6926 63
    endloop
  endfacet
  facet normal 0.146736 0.989176 0
    outer loop
      vertex 1.56827 60.923 63
      vertex 3.12144 60.6926 8
      vertex 1.56827 60.923 8
    endloop
  endfacet
  facet normal -0.595677 0.803224 0
    outer loop
      vertex -8.88912 58.3035 8
      vertex -10.1503 57.3682 63
      vertex -8.88912 58.3035 63
    endloop
  endfacet
  facet normal -0.595677 0.803224 0
    outer loop
      vertex -10.1503 57.3682 63
      vertex -8.88912 58.3035 8
      vertex -10.1503 57.3682 8
    endloop
  endfacet
  facet normal -0.803229 0.595671 0
    outer loop
      vertex -13.3035 53.8891 8
      vertex -12.3682 55.1503 63
      vertex -12.3682 55.1503 8
    endloop
  endfacet
  facet normal -0.803229 0.595671 0
    outer loop
      vertex -12.3682 55.1503 63
      vertex -13.3035 53.8891 8
      vertex -13.3035 53.8891 63
    endloop
  endfacet
  facet normal 0.989175 -0.146743 0
    outer loop
      vertex 15.6926 41.8786 63
      vertex 15.923 43.4317 8
      vertex 15.923 43.4317 63
    endloop
  endfacet
  facet normal 0.989175 -0.146743 0
    outer loop
      vertex 15.923 43.4317 8
      vertex 15.6926 41.8786 63
      vertex 15.6926 41.8786 8
    endloop
  endfacet
  facet normal -0.941553 0.336865 0
    outer loop
      vertex -15.311 49.6446 8
      vertex -14.7821 51.1229 63
      vertex -14.7821 51.1229 8
    endloop
  endfacet
  facet normal -0.941553 0.336865 0
    outer loop
      vertex -14.7821 51.1229 63
      vertex -15.311 49.6446 8
      vertex -15.311 49.6446 63
    endloop
  endfacet
  facet normal 0.427589 0.903973 -0
    outer loop
      vertex 7.54235 59.1107 8
      vertex 6.12293 59.7821 63
      vertex 7.54235 59.1107 63
    endloop
  endfacet
  facet normal 0.427589 0.903973 0
    outer loop
      vertex 6.12293 59.7821 63
      vertex 7.54235 59.1107 8
      vertex 6.12293 59.7821 8
    endloop
  endfacet
  facet normal -0.941553 -0.336865 0
    outer loop
      vertex -14.7821 38.8771 8
      vertex -15.311 40.3554 63
      vertex -15.311 40.3554 8
    endloop
  endfacet
  facet normal -0.941553 -0.336865 0
    outer loop
      vertex -15.311 40.3554 63
      vertex -14.7821 38.8771 8
      vertex -14.7821 38.8771 63
    endloop
  endfacet
  facet normal 0.970023 -0.243015 0
    outer loop
      vertex 15.311 40.3554 63
      vertex 15.6926 41.8786 8
      vertex 15.6926 41.8786 63
    endloop
  endfacet
  facet normal 0.970023 -0.243015 0
    outer loop
      vertex 15.6926 41.8786 8
      vertex 15.311 40.3554 63
      vertex 15.311 40.3554 8
    endloop
  endfacet
  facet normal -0.0490396 0.998797 0
    outer loop
      vertex 0 61 8
      vertex -1.56827 60.923 63
      vertex 0 61 63
    endloop
  endfacet
  facet normal -0.0490396 0.998797 0
    outer loop
      vertex -1.56827 60.923 63
      vertex 0 61 8
      vertex -1.56827 60.923 8
    endloop
  endfacet
  facet normal 0.671578 0.740933 -0
    outer loop
      vertex 11.3137 56.3137 8
      vertex 10.1503 57.3682 63
      vertex 11.3137 56.3137 63
    endloop
  endfacet
  facet normal 0.671578 0.740933 0
    outer loop
      vertex 10.1503 57.3682 63
      vertex 11.3137 56.3137 8
      vertex 10.1503 57.3682 8
    endloop
  endfacet
  facet normal -0.427589 0.903973 0
    outer loop
      vertex -6.12293 59.7821 8
      vertex -7.54235 59.1107 63
      vertex -6.12293 59.7821 63
    endloop
  endfacet
  facet normal -0.427589 0.903973 0
    outer loop
      vertex -7.54235 59.1107 63
      vertex -6.12293 59.7821 8
      vertex -7.54235 59.1107 8
    endloop
  endfacet
  facet normal -0.671578 0.740933 0
    outer loop
      vertex -10.1503 57.3682 8
      vertex -11.3137 56.3137 63
      vertex -10.1503 57.3682 63
    endloop
  endfacet
  facet normal -0.671578 0.740933 0
    outer loop
      vertex -11.3137 56.3137 63
      vertex -10.1503 57.3682 8
      vertex -11.3137 56.3137 8
    endloop
  endfacet
  facet normal 0.336849 -0.941559 0
    outer loop
      vertex 4.64455 29.689 8
      vertex 6.12293 30.2179 63
      vertex 4.64455 29.689 63
    endloop
  endfacet
  facet normal 0.336849 -0.941559 0
    outer loop
      vertex 6.12293 30.2179 63
      vertex 4.64455 29.689 8
      vertex 6.12293 30.2179 8
    endloop
  endfacet
  facet normal -0.336849 0.941559 0
    outer loop
      vertex -4.64455 60.311 8
      vertex -6.12293 59.7821 63
      vertex -4.64455 60.311 63
    endloop
  endfacet
  facet normal -0.336849 0.941559 0
    outer loop
      vertex -6.12293 59.7821 63
      vertex -4.64455 60.311 8
      vertex -6.12293 59.7821 8
    endloop
  endfacet
  facet normal 0.803229 0.595671 0
    outer loop
      vertex 13.3035 53.8891 63
      vertex 12.3682 55.1503 8
      vertex 12.3682 55.1503 63
    endloop
  endfacet
  facet normal 0.803229 0.595671 0
    outer loop
      vertex 12.3682 55.1503 8
      vertex 13.3035 53.8891 63
      vertex 13.3035 53.8891 8
    endloop
  endfacet
  facet normal -0.85774 0.514084 0
    outer loop
      vertex -14.1107 52.5423 8
      vertex -13.3035 53.8891 63
      vertex -13.3035 53.8891 8
    endloop
  endfacet
  facet normal -0.85774 0.514084 0
    outer loop
      vertex -13.3035 53.8891 63
      vertex -14.1107 52.5423 8
      vertex -14.1107 52.5423 63
    endloop
  endfacet
  facet normal 0.998797 -0.0490387 0
    outer loop
      vertex 15.923 43.4317 63
      vertex 16 45 8
      vertex 16 45 63
    endloop
  endfacet
  facet normal 0.998797 -0.0490387 0
    outer loop
      vertex 16 45 8
      vertex 15.923 43.4317 63
      vertex 15.923 43.4317 8
    endloop
  endfacet
  facet normal 0.903971 -0.427594 0
    outer loop
      vertex 14.1107 37.4577 63
      vertex 14.7821 38.8771 8
      vertex 14.7821 38.8771 63
    endloop
  endfacet
  facet normal 0.903971 -0.427594 0
    outer loop
      vertex 14.7821 38.8771 8
      vertex 14.1107 37.4577 63
      vertex 14.1107 37.4577 8
    endloop
  endfacet
  facet normal 0 0 1
    outer loop
      vertex 11.1 45 63
      vertex 16 45 63
      vertex 15.923 46.5683 63
    endloop
  endfacet
  facet normal 0 0 1
    outer loop
      vertex 11.0465 46.088 63
      vertex 15.923 46.5683 63
      vertex 15.6926 48.1214 63
    endloop
  endfacet
  facet normal 0 0 1
    outer loop
      vertex 16 45 63
      vertex 11.1 45 63
      vertex 15.923 43.4317 63
    endloop
  endfacet
  facet normal 0 0 1
    outer loop
      vertex 10.8867 47.1655 63
      vertex 15.6926 48.1214 63
      vertex 15.311 49.6446 63
    endloop
  endfacet
  facet normal -0 0 1
    outer loop
      vertex 11.0465 43.912 63
      vertex 15.923 43.4317 63
      vertex 11.1 45 63
    endloop
  endfacet
  facet normal 0 0 1
    outer loop
      vertex 10.622 48.2222 63
      vertex 15.311 49.6446 63
      vertex 14.7821 51.1229 63
    endloop
  endfacet
  facet normal 0 0 1
    outer loop
      vertex 15.923 43.4317 63
      vertex 11.0465 43.912 63
      vertex 15.6926 41.8786 63
    endloop
  endfacet
  facet normal 0 0 1
    outer loop
      vertex 10.2551 49.2478 63
      vertex 14.7821 51.1229 63
      vertex 14.1107 52.5423 63
    endloop
  endfacet
  facet normal -0 0 1
    outer loop
      vertex 10.8867 42.8345 63
      vertex 15.6926 41.8786 63
      vertex 11.0465 43.912 63
    endloop
  endfacet
  facet normal 0 0 1
    outer loop
      vertex 9.78933 50.2325 63
      vertex 14.1107 52.5423 63
      vertex 13.3035 53.8891 63
    endloop
  endfacet
  facet normal 0 0 1
    outer loop
      vertex 15.6926 41.8786 63
      vertex 10.8867 42.8345 63
      vertex 15.311 40.3554 63
    endloop
  endfacet
  facet normal 0 0 1
    outer loop
      vertex 9.22931 51.1668 63
      vertex 13.3035 53.8891 63
      vertex 12.3682 55.1503 63
    endloop
  endfacet
  facet normal -0 0 1
    outer loop
      vertex 10.622 41.7778 63
      vertex 15.311 40.3554 63
      vertex 10.8867 42.8345 63
    endloop
  endfacet
  facet normal 0 0 1
    outer loop
      vertex 8.58042 52.0418 63
      vertex 12.3682 55.1503 63
      vertex 11.3137 56.3137 63
    endloop
  endfacet
  facet normal 0 0 1
    outer loop
      vertex 15.311 40.3554 63
      vertex 10.622 41.7778 63
      vertex 14.7821 38.8771 63
    endloop
  endfacet
  facet normal -0 0 1
    outer loop
      vertex 10.2551 40.7522 63
      vertex 14.7821 38.8771 63
      vertex 10.622 41.7778 63
    endloop
  endfacet
  facet normal 0 0 1
    outer loop
      vertex 15.923 46.5683 63
      vertex 11.0465 46.088 63
      vertex 11.1 45 63
    endloop
  endfacet
  facet normal 0 0 1
    outer loop
      vertex 15.6926 48.1214 63
      vertex 10.8867 47.1655 63
      vertex 11.0465 46.088 63
    endloop
  endfacet
  facet normal 0 0 1
    outer loop
      vertex 15.311 49.6446 63
      vertex 10.622 48.2222 63
      vertex 10.8867 47.1655 63
    endloop
  endfacet
  facet normal 0 0 1
    outer loop
      vertex 14.7821 51.1229 63
      vertex 10.2551 49.2478 63
      vertex 10.622 48.2222 63
    endloop
  endfacet
  facet normal 0 0 1
    outer loop
      vertex 7.84888 52.8489 63
      vertex 11.3137 56.3137 63
      vertex 10.1503 57.3682 63
    endloop
  endfacet
  facet normal 0 0 1
    outer loop
      vertex 14.1107 52.5423 63
      vertex 9.78933 50.2325 63
      vertex 10.2551 49.2478 63
    endloop
  endfacet
  facet normal 0 0 1
    outer loop
      vertex 13.3035 53.8891 63
      vertex 9.22931 51.1668 63
      vertex 9.78933 50.2325 63
    endloop
  endfacet
  facet normal 0 0 1
    outer loop
      vertex 7.04177 53.5804 63
      vertex 10.1503 57.3682 63
      vertex 8.88912 58.3035 63
    endloop
  endfacet
  facet normal 0 0 1
    outer loop
      vertex 12.3682 55.1503 63
      vertex 8.58042 52.0418 63
      vertex 9.22931 51.1668 63
    endloop
  endfacet
  facet normal 0 0 1
    outer loop
      vertex 11.3137 56.3137 63
      vertex 7.84888 52.8489 63
      vertex 8.58042 52.0418 63
    endloop
  endfacet
  facet normal 0 0 1
    outer loop
      vertex 6.16683 54.2293 63
      vertex 8.88912 58.3035 63
      vertex 7.54235 59.1107 63
    endloop
  endfacet
  facet normal 0 0 1
    outer loop
      vertex 10.1503 57.3682 63
      vertex 7.04177 53.5804 63
      vertex 7.84888 52.8489 63
    endloop
  endfacet
  facet normal 0 0 1
    outer loop
      vertex 8.88912 58.3035 63
      vertex 6.16683 54.2293 63
      vertex 7.04177 53.5804 63
    endloop
  endfacet
  facet normal 0 0 1
    outer loop
      vertex 5.2325 54.7893 63
      vertex 7.54235 59.1107 63
      vertex 6.12293 59.7821 63
    endloop
  endfacet
  facet normal 0 0 1
    outer loop
      vertex 7.54235 59.1107 63
      vertex 5.2325 54.7893 63
      vertex 6.16683 54.2293 63
    endloop
  endfacet
  facet normal 0 0 1
    outer loop
      vertex 4.24779 55.2551 63
      vertex 6.12293 59.7821 63
      vertex 4.64455 60.311 63
    endloop
  endfacet
  facet normal 0 0 1
    outer loop
      vertex 6.12293 59.7821 63
      vertex 4.24779 55.2551 63
      vertex 5.2325 54.7893 63
    endloop
  endfacet
  facet normal 0 0 1
    outer loop
      vertex 4.64455 60.311 63
      vertex 3.22216 55.622 63
      vertex 4.24779 55.2551 63
    endloop
  endfacet
  facet normal 0 0 1
    outer loop
      vertex 3.12144 60.6926 63
      vertex 3.22216 55.622 63
      vertex 4.64455 60.311 63
    endloop
  endfacet
  facet normal 0 0 1
    outer loop
      vertex 3.12144 60.6926 63
      vertex 2.1655 55.8867 63
      vertex 3.22216 55.622 63
    endloop
  endfacet
  facet normal 0 0 1
    outer loop
      vertex 1.56827 60.923 63
      vertex 2.1655 55.8867 63
      vertex 3.12144 60.6926 63
    endloop
  endfacet
  facet normal 0 0 1
    outer loop
      vertex 1.56827 60.923 63
      vertex 1.08799 56.0466 63
      vertex 2.1655 55.8867 63
    endloop
  endfacet
  facet normal 0 0 1
    outer loop
      vertex 0 61 63
      vertex 1.08799 56.0466 63
      vertex 1.56827 60.923 63
    endloop
  endfacet
  facet normal 0 0 1
    outer loop
      vertex 0 61 63
      vertex 0 56.1 63
      vertex 1.08799 56.0466 63
    endloop
  endfacet
  facet normal 0 0 1
    outer loop
      vertex 0 61 63
      vertex -1.08799 56.0466 63
      vertex 0 56.1 63
    endloop
  endfacet
  facet normal -0 0 1
    outer loop
      vertex -1.56827 60.923 63
      vertex -1.08799 56.0466 63
      vertex 0 61 63
    endloop
  endfacet
  facet normal 0 0 1
    outer loop
      vertex -1.56827 60.923 63
      vertex -2.1655 55.8867 63
      vertex -1.08799 56.0466 63
    endloop
  endfacet
  facet normal -0 0 1
    outer loop
      vertex -3.12144 60.6926 63
      vertex -2.1655 55.8867 63
      vertex -1.56827 60.923 63
    endloop
  endfacet
  facet normal 0 0 1
    outer loop
      vertex -3.12144 60.6926 63
      vertex -3.22216 55.622 63
      vertex -2.1655 55.8867 63
    endloop
  endfacet
  facet normal -0 0 1
    outer loop
      vertex -4.64455 60.311 63
      vertex -3.22216 55.622 63
      vertex -3.12144 60.6926 63
    endloop
  endfacet
  facet normal 0 0 1
    outer loop
      vertex -3.22216 55.622 63
      vertex -4.64455 60.311 63
      vertex -4.24779 55.2551 63
    endloop
  endfacet
  facet normal -0 0 1
    outer loop
      vertex -6.12293 59.7821 63
      vertex -4.24779 55.2551 63
      vertex -4.64455 60.311 63
    endloop
  endfacet
  facet normal 0 0 1
    outer loop
      vertex -4.24779 55.2551 63
      vertex -6.12293 59.7821 63
      vertex -5.2325 54.7893 63
    endloop
  endfacet
  facet normal -0 0 1
    outer loop
      vertex -7.54235 59.1107 63
      vertex -5.2325 54.7893 63
      vertex -6.12293 59.7821 63
    endloop
  endfacet
  facet normal 0 0 1
    outer loop
      vertex -5.2325 54.7893 63
      vertex -7.54235 59.1107 63
      vertex -6.16683 54.2293 63
    endloop
  endfacet
  facet normal -0 0 1
    outer loop
      vertex -8.88912 58.3035 63
      vertex -6.16683 54.2293 63
      vertex -7.54235 59.1107 63
    endloop
  endfacet
  facet normal 0 0 1
    outer loop
      vertex -6.16683 54.2293 63
      vertex -8.88912 58.3035 63
      vertex -7.04177 53.5804 63
    endloop
  endfacet
  facet normal -0 0 1
    outer loop
      vertex -10.1503 57.3682 63
      vertex -7.04177 53.5804 63
      vertex -8.88912 58.3035 63
    endloop
  endfacet
  facet normal 0 0 1
    outer loop
      vertex -7.04177 53.5804 63
      vertex -10.1503 57.3682 63
      vertex -7.84888 52.8489 63
    endloop
  endfacet
  facet normal -0 0 1
    outer loop
      vertex -11.3137 56.3137 63
      vertex -7.84888 52.8489 63
      vertex -10.1503 57.3682 63
    endloop
  endfacet
  facet normal 0 0 1
    outer loop
      vertex -7.84888 52.8489 63
      vertex -11.3137 56.3137 63
      vertex -8.58042 52.0418 63
    endloop
  endfacet
  facet normal -0 0 1
    outer loop
      vertex -12.3682 55.1503 63
      vertex -8.58042 52.0418 63
      vertex -11.3137 56.3137 63
    endloop
  endfacet
  facet normal 0 0 1
    outer loop
      vertex -8.58042 52.0418 63
      vertex -12.3682 55.1503 63
      vertex -9.22931 51.1668 63
    endloop
  endfacet
  facet normal -0 0 1
    outer loop
      vertex -13.3035 53.8891 63
      vertex -9.22931 51.1668 63
      vertex -12.3682 55.1503 63
    endloop
  endfacet
  facet normal 0 0 1
    outer loop
      vertex -9.22931 51.1668 63
      vertex -13.3035 53.8891 63
      vertex -9.78933 50.2325 63
    endloop
  endfacet
  facet normal -0 0 1
    outer loop
      vertex -14.1107 52.5423 63
      vertex -9.78933 50.2325 63
      vertex -13.3035 53.8891 63
    endloop
  endfacet
  facet normal -0 0 1
    outer loop
      vertex -14.7821 51.1229 63
      vertex -10.2551 49.2478 63
      vertex -14.1107 52.5423 63
    endloop
  endfacet
  facet normal 0 0 1
    outer loop
      vertex -9.78933 50.2325 63
      vertex -14.1107 52.5423 63
      vertex -10.2551 49.2478 63
    endloop
  endfacet
  facet normal 0 0 1
    outer loop
      vertex 14.7821 38.8771 63
      vertex 10.2551 40.7522 63
      vertex 14.1107 37.4577 63
    endloop
  endfacet
  facet normal -0 0 1
    outer loop
      vertex 9.78933 39.7675 63
      vertex 14.1107 37.4577 63
      vertex 10.2551 40.7522 63
    endloop
  endfacet
  facet normal 0 0 1
    outer loop
      vertex 14.1107 37.4577 63
      vertex 9.78933 39.7675 63
      vertex 13.3035 36.1109 63
    endloop
  endfacet
  facet normal -0 0 1
    outer loop
      vertex 9.22931 38.8332 63
      vertex 13.3035 36.1109 63
      vertex 9.78933 39.7675 63
    endloop
  endfacet
  facet normal 0 0 1
    outer loop
      vertex 13.3035 36.1109 63
      vertex 9.22931 38.8332 63
      vertex 12.3682 34.8497 63
    endloop
  endfacet
  facet normal -0 0 1
    outer loop
      vertex 8.58042 37.9582 63
      vertex 12.3682 34.8497 63
      vertex 9.22931 38.8332 63
    endloop
  endfacet
  facet normal 0 0 1
    outer loop
      vertex 12.3682 34.8497 63
      vertex 8.58042 37.9582 63
      vertex 11.3137 33.6863 63
    endloop
  endfacet
  facet normal -0 0 1
    outer loop
      vertex 7.84888 37.1511 63
      vertex 11.3137 33.6863 63
      vertex 8.58042 37.9582 63
    endloop
  endfacet
  facet normal 0 0 1
    outer loop
      vertex 11.3137 33.6863 63
      vertex 7.84888 37.1511 63
      vertex 10.1503 32.6318 63
    endloop
  endfacet
  facet normal -0 0 1
    outer loop
      vertex 7.04177 36.4196 63
      vertex 10.1503 32.6318 63
      vertex 7.84888 37.1511 63
    endloop
  endfacet
  facet normal 0 0 1
    outer loop
      vertex 10.1503 32.6318 63
      vertex 7.04177 36.4196 63
      vertex 8.88912 31.6965 63
    endloop
  endfacet
  facet normal -0 0 1
    outer loop
      vertex 6.16683 35.7707 63
      vertex 8.88912 31.6965 63
      vertex 7.04177 36.4196 63
    endloop
  endfacet
  facet normal 0 0 1
    outer loop
      vertex 8.88912 31.6965 63
      vertex 6.16683 35.7707 63
      vertex 7.54235 30.8893 63
    endloop
  endfacet
  facet normal -0 0 1
    outer loop
      vertex 5.2325 35.2107 63
      vertex 7.54235 30.8893 63
      vertex 6.16683 35.7707 63
    endloop
  endfacet
  facet normal 0 0 1
    outer loop
      vertex 7.54235 30.8893 63
      vertex 5.2325 35.2107 63
      vertex 6.12293 30.2179 63
    endloop
  endfacet
  facet normal -0 0 1
    outer loop
      vertex 4.24779 34.7449 63
      vertex 6.12293 30.2179 63
      vertex 5.2325 35.2107 63
    endloop
  endfacet
  facet normal 0 0 1
    outer loop
      vertex 6.12293 30.2179 63
      vertex 4.24779 34.7449 63
      vertex 4.64455 29.689 63
    endloop
  endfacet
  facet normal -0 0 1
    outer loop
      vertex 3.22216 34.378 63
      vertex 4.64455 29.689 63
      vertex 4.24779 34.7449 63
    endloop
  endfacet
  facet normal 0 0 1
    outer loop
      vertex 3.22216 34.378 63
      vertex 3.12144 29.3074 63
      vertex 4.64455 29.689 63
    endloop
  endfacet
  facet normal -0 0 1
    outer loop
      vertex 2.1655 34.1133 63
      vertex 3.12144 29.3074 63
      vertex 3.22216 34.378 63
    endloop
  endfacet
  facet normal 0 0 1
    outer loop
      vertex 2.1655 34.1133 63
      vertex 1.56827 29.077 63
      vertex 3.12144 29.3074 63
    endloop
  endfacet
  facet normal -0 0 1
    outer loop
      vertex 1.08799 33.9534 63
      vertex 1.56827 29.077 63
      vertex 2.1655 34.1133 63
    endloop
  endfacet
  facet normal -0 0 1
    outer loop
      vertex 0 33.9 63
      vertex 1.56827 29.077 63
      vertex 1.08799 33.9534 63
    endloop
  endfacet
  facet normal 0 0 1
    outer loop
      vertex 0 33.9 63
      vertex 0 29 63
      vertex 1.56827 29.077 63
    endloop
  endfacet
  facet normal 0 0 1
    outer loop
      vertex -1.08799 33.9534 63
      vertex 0 29 63
      vertex 0 33.9 63
    endloop
  endfacet
  facet normal 0 0 1
    outer loop
      vertex -1.08799 33.9534 63
      vertex -1.56827 29.077 63
      vertex 0 29 63
    endloop
  endfacet
  facet normal 0 0 1
    outer loop
      vertex -2.1655 34.1133 63
      vertex -1.56827 29.077 63
      vertex -1.08799 33.9534 63
    endloop
  endfacet
  facet normal 0 0 1
    outer loop
      vertex -2.1655 34.1133 63
      vertex -3.12144 29.3074 63
      vertex -1.56827 29.077 63
    endloop
  endfacet
  facet normal 0 0 1
    outer loop
      vertex -3.22216 34.378 63
      vertex -3.12144 29.3074 63
      vertex -2.1655 34.1133 63
    endloop
  endfacet
  facet normal 0 0 1
    outer loop
      vertex -4.64455 29.689 63
      vertex -3.22216 34.378 63
      vertex -4.24779 34.7449 63
    endloop
  endfacet
  facet normal 0 0 1
    outer loop
      vertex -3.22216 34.378 63
      vertex -4.64455 29.689 63
      vertex -3.12144 29.3074 63
    endloop
  endfacet
  facet normal 0 0 1
    outer loop
      vertex -6.12293 30.2179 63
      vertex -4.24779 34.7449 63
      vertex -5.2325 35.2107 63
    endloop
  endfacet
  facet normal 0 0 1
    outer loop
      vertex -4.24779 34.7449 63
      vertex -6.12293 30.2179 63
      vertex -4.64455 29.689 63
    endloop
  endfacet
  facet normal 0 0 1
    outer loop
      vertex -7.54235 30.8893 63
      vertex -5.2325 35.2107 63
      vertex -6.16683 35.7707 63
    endloop
  endfacet
  facet normal 0 0 1
    outer loop
      vertex -8.88912 31.6965 63
      vertex -6.16683 35.7707 63
      vertex -7.04177 36.4196 63
    endloop
  endfacet
  facet normal 0 0 1
    outer loop
      vertex -5.2325 35.2107 63
      vertex -7.54235 30.8893 63
      vertex -6.12293 30.2179 63
    endloop
  endfacet
  facet normal 0 0 1
    outer loop
      vertex -10.1503 32.6318 63
      vertex -7.04177 36.4196 63
      vertex -7.84888 37.1511 63
    endloop
  endfacet
  facet normal 0 0 1
    outer loop
      vertex -11.3137 33.6863 63
      vertex -7.84888 37.1511 63
      vertex -8.58042 37.9582 63
    endloop
  endfacet
  facet normal 0 0 1
    outer loop
      vertex -6.16683 35.7707 63
      vertex -8.88912 31.6965 63
      vertex -7.54235 30.8893 63
    endloop
  endfacet
  facet normal 0 0 1
    outer loop
      vertex -12.3682 34.8497 63
      vertex -8.58042 37.9582 63
      vertex -9.22931 38.8332 63
    endloop
  endfacet
  facet normal 0 0 1
    outer loop
      vertex -13.3035 36.1109 63
      vertex -9.22931 38.8332 63
      vertex -9.78933 39.7675 63
    endloop
  endfacet
  facet normal 0 0 1
    outer loop
      vertex -7.04177 36.4196 63
      vertex -10.1503 32.6318 63
      vertex -8.88912 31.6965 63
    endloop
  endfacet
  facet normal 0 0 1
    outer loop
      vertex -14.1107 37.4577 63
      vertex -9.78933 39.7675 63
      vertex -10.2551 40.7522 63
    endloop
  endfacet
  facet normal 0 0 1
    outer loop
      vertex -14.7821 38.8771 63
      vertex -10.2551 40.7522 63
      vertex -10.622 41.7778 63
    endloop
  endfacet
  facet normal 0 0 1
    outer loop
      vertex -15.311 40.3554 63
      vertex -10.622 41.7778 63
      vertex -10.8867 42.8345 63
    endloop
  endfacet
  facet normal 0 0 1
    outer loop
      vertex -15.6926 41.8786 63
      vertex -10.8867 42.8345 63
      vertex -11.0465 43.912 63
    endloop
  endfacet
  facet normal 0 0 1
    outer loop
      vertex -7.84888 37.1511 63
      vertex -11.3137 33.6863 63
      vertex -10.1503 32.6318 63
    endloop
  endfacet
  facet normal 0 0 1
    outer loop
      vertex -15.923 43.4317 63
      vertex -11.0465 43.912 63
      vertex -11.1 45 63
    endloop
  endfacet
  facet normal 0 0 1
    outer loop
      vertex -10.2551 49.2478 63
      vertex -14.7821 51.1229 63
      vertex -10.622 48.2222 63
    endloop
  endfacet
  facet normal -0 0 1
    outer loop
      vertex -15.311 49.6446 63
      vertex -10.622 48.2222 63
      vertex -14.7821 51.1229 63
    endloop
  endfacet
  facet normal 0 0 1
    outer loop
      vertex -8.58042 37.9582 63
      vertex -12.3682 34.8497 63
      vertex -11.3137 33.6863 63
    endloop
  endfacet
  facet normal 0 0 1
    outer loop
      vertex -10.622 48.2222 63
      vertex -15.311 49.6446 63
      vertex -10.8867 47.1655 63
    endloop
  endfacet
  facet normal 0 0 1
    outer loop
      vertex -9.22931 38.8332 63
      vertex -13.3035 36.1109 63
      vertex -12.3682 34.8497 63
    endloop
  endfacet
  facet normal -0 0 1
    outer loop
      vertex -15.6926 48.1214 63
      vertex -10.8867 47.1655 63
      vertex -15.311 49.6446 63
    endloop
  endfacet
  facet normal 0 0 1
    outer loop
      vertex -9.78933 39.7675 63
      vertex -14.1107 37.4577 63
      vertex -13.3035 36.1109 63
    endloop
  endfacet
  facet normal 0 0 1
    outer loop
      vertex -10.8867 47.1655 63
      vertex -15.6926 48.1214 63
      vertex -11.0465 46.088 63
    endloop
  endfacet
  facet normal 0 0 1
    outer loop
      vertex -10.2551 40.7522 63
      vertex -14.7821 38.8771 63
      vertex -14.1107 37.4577 63
    endloop
  endfacet
  facet normal -0 0 1
    outer loop
      vertex -15.923 46.5683 63
      vertex -11.0465 46.088 63
      vertex -15.6926 48.1214 63
    endloop
  endfacet
  facet normal 0 0 1
    outer loop
      vertex -10.622 41.7778 63
      vertex -15.311 40.3554 63
      vertex -14.7821 38.8771 63
    endloop
  endfacet
  facet normal 0 0 1
    outer loop
      vertex -11.0465 46.088 63
      vertex -15.923 46.5683 63
      vertex -11.1 45 63
    endloop
  endfacet
  facet normal 0 0 1
    outer loop
      vertex -10.8867 42.8345 63
      vertex -15.6926 41.8786 63
      vertex -15.311 40.3554 63
    endloop
  endfacet
  facet normal 0 0 1
    outer loop
      vertex -16 45 63
      vertex -11.1 45 63
      vertex -15.923 46.5683 63
    endloop
  endfacet
  facet normal 0 0 1
    outer loop
      vertex -11.0465 43.912 63
      vertex -15.923 43.4317 63
      vertex -15.6926 41.8786 63
    endloop
  endfacet
  facet normal 0 0 1
    outer loop
      vertex -11.1 45 63
      vertex -16 45 63
      vertex -15.923 43.4317 63
    endloop
  endfacet
  facet normal -0.671578 -0.740933 0
    outer loop
      vertex -11.3137 33.6863 8
      vertex -10.1503 32.6318 63
      vertex -11.3137 33.6863 63
    endloop
  endfacet
  facet normal -0.671578 -0.740933 -0
    outer loop
      vertex -10.1503 32.6318 63
      vertex -11.3137 33.6863 8
      vertex -10.1503 32.6318 8
    endloop
  endfacet
  facet normal 0.595677 0.803224 -0
    outer loop
      vertex 10.1503 57.3682 8
      vertex 8.88912 58.3035 63
      vertex 10.1503 57.3682 63
    endloop
  endfacet
  facet normal 0.595677 0.803224 0
    outer loop
      vertex 8.88912 58.3035 63
      vertex 10.1503 57.3682 8
      vertex 8.88912 58.3035 8
    endloop
  endfacet
  facet normal -0.514092 -0.857735 0
    outer loop
      vertex -8.88912 31.6965 8
      vertex -7.54235 30.8893 63
      vertex -8.88912 31.6965 63
    endloop
  endfacet
  facet normal -0.514092 -0.857735 -0
    outer loop
      vertex -7.54235 30.8893 63
      vertex -8.88912 31.6965 8
      vertex -7.54235 30.8893 8
    endloop
  endfacet
  facet normal 0.514092 0.857735 -0
    outer loop
      vertex 8.88912 58.3035 8
      vertex 7.54235 59.1107 63
      vertex 8.88912 58.3035 63
    endloop
  endfacet
  facet normal 0.514092 0.857735 0
    outer loop
      vertex 7.54235 59.1107 63
      vertex 8.88912 58.3035 8
      vertex 7.54235 59.1107 8
    endloop
  endfacet
  facet normal 0.146736 -0.989176 0
    outer loop
      vertex 1.56827 29.077 8
      vertex 3.12144 29.3074 63
      vertex 1.56827 29.077 63
    endloop
  endfacet
  facet normal 0.146736 -0.989176 0
    outer loop
      vertex 3.12144 29.3074 63
      vertex 1.56827 29.077 8
      vertex 3.12144 29.3074 8
    endloop
  endfacet
  facet normal 0.941553 0.336865 0
    outer loop
      vertex 15.311 49.6446 63
      vertex 14.7821 51.1229 8
      vertex 14.7821 51.1229 63
    endloop
  endfacet
  facet normal 0.941553 0.336865 0
    outer loop
      vertex 14.7821 51.1229 8
      vertex 15.311 49.6446 63
      vertex 15.311 49.6446 8
    endloop
  endfacet
  facet normal 0.85774 -0.514084 0
    outer loop
      vertex 13.3035 36.1109 63
      vertex 14.1107 37.4577 8
      vertex 14.1107 37.4577 63
    endloop
  endfacet
  facet normal 0.85774 -0.514084 0
    outer loop
      vertex 14.1107 37.4577 8
      vertex 13.3035 36.1109 63
      vertex 13.3035 36.1109 8
    endloop
  endfacet
  facet normal -0.998797 -0.0490387 0
    outer loop
      vertex -15.923 43.4317 8
      vertex -16 45 63
      vertex -16 45 8
    endloop
  endfacet
  facet normal -0.998797 -0.0490387 0
    outer loop
      vertex -16 45 63
      vertex -15.923 43.4317 8
      vertex -15.923 43.4317 63
    endloop
  endfacet
  facet normal 0.941553 -0.336865 0
    outer loop
      vertex 14.7821 38.8771 63
      vertex 15.311 40.3554 8
      vertex 15.311 40.3554 63
    endloop
  endfacet
  facet normal 0.941553 -0.336865 0
    outer loop
      vertex 15.311 40.3554 8
      vertex 14.7821 38.8771 63
      vertex 14.7821 38.8771 8
    endloop
  endfacet
  facet normal -0.146736 0.989176 0
    outer loop
      vertex -1.56827 60.923 8
      vertex -3.12144 60.6926 63
      vertex -1.56827 60.923 63
    endloop
  endfacet
  facet normal -0.146736 0.989176 0
    outer loop
      vertex -3.12144 60.6926 63
      vertex -1.56827 60.923 8
      vertex -3.12144 60.6926 8
    endloop
  endfacet
  facet normal 0.740933 0.671578 0
    outer loop
      vertex 12.3682 55.1503 63
      vertex 11.3137 56.3137 8
      vertex 11.3137 56.3137 63
    endloop
  endfacet
  facet normal 0.740933 0.671578 0
    outer loop
      vertex 11.3137 56.3137 8
      vertex 12.3682 55.1503 63
      vertex 12.3682 55.1503 8
    endloop
  endfacet
  facet normal 0.0490396 0.998797 -0
    outer loop
      vertex 1.56827 60.923 8
      vertex 0 61 63
      vertex 1.56827 60.923 63
    endloop
  endfacet
  facet normal 0.0490396 0.998797 0
    outer loop
      vertex 0 61 63
      vertex 1.56827 60.923 8
      vertex 0 61 8
    endloop
  endfacet
  facet normal 0.903971 0.427594 0
    outer loop
      vertex 14.7821 51.1229 63
      vertex 14.1107 52.5423 8
      vertex 14.1107 52.5423 63
    endloop
  endfacet
  facet normal 0.903971 0.427594 0
    outer loop
      vertex 14.1107 52.5423 8
      vertex 14.7821 51.1229 63
      vertex 14.7821 51.1229 8
    endloop
  endfacet
  facet normal -0.146736 -0.989176 0
    outer loop
      vertex -3.12144 29.3074 8
      vertex -1.56827 29.077 63
      vertex -3.12144 29.3074 63
    endloop
  endfacet
  facet normal -0.146736 -0.989176 -0
    outer loop
      vertex -1.56827 29.077 63
      vertex -3.12144 29.3074 8
      vertex -1.56827 29.077 8
    endloop
  endfacet
  facet normal 0.671578 -0.740933 0
    outer loop
      vertex 10.1503 32.6318 8
      vertex 11.3137 33.6863 63
      vertex 10.1503 32.6318 63
    endloop
  endfacet
  facet normal 0.671578 -0.740933 0
    outer loop
      vertex 11.3137 33.6863 63
      vertex 10.1503 32.6318 8
      vertex 11.3137 33.6863 8
    endloop
  endfacet
  facet normal 0.85774 0.514084 0
    outer loop
      vertex 14.1107 52.5423 63
      vertex 13.3035 53.8891 8
      vertex 13.3035 53.8891 63
    endloop
  endfacet
  facet normal 0.85774 0.514084 0
    outer loop
      vertex 13.3035 53.8891 8
      vertex 14.1107 52.5423 63
      vertex 14.1107 52.5423 8
    endloop
  endfacet
  facet normal -0.0490396 -0.998797 0
    outer loop
      vertex -1.56827 29.077 8
      vertex 0 29 63
      vertex -1.56827 29.077 63
    endloop
  endfacet
  facet normal -0.0490396 -0.998797 -0
    outer loop
      vertex 0 29 63
      vertex -1.56827 29.077 8
      vertex 0 29 8
    endloop
  endfacet
  facet normal -0.740933 0.671578 0
    outer loop
      vertex -12.3682 55.1503 8
      vertex -11.3137 56.3137 63
      vertex -11.3137 56.3137 8
    endloop
  endfacet
  facet normal -0.740933 0.671578 0
    outer loop
      vertex -11.3137 56.3137 63
      vertex -12.3682 55.1503 8
      vertex -12.3682 55.1503 63
    endloop
  endfacet
  facet normal -0.903971 0.427594 0
    outer loop
      vertex -14.7821 51.1229 8
      vertex -14.1107 52.5423 63
      vertex -14.1107 52.5423 8
    endloop
  endfacet
  facet normal -0.903971 0.427594 0
    outer loop
      vertex -14.1107 52.5423 63
      vertex -14.7821 51.1229 8
      vertex -14.7821 51.1229 63
    endloop
  endfacet
  facet normal -0.970023 0.243015 0
    outer loop
      vertex -15.6926 48.1214 8
      vertex -15.311 49.6446 63
      vertex -15.311 49.6446 8
    endloop
  endfacet
  facet normal -0.970023 0.243015 0
    outer loop
      vertex -15.311 49.6446 63
      vertex -15.6926 48.1214 8
      vertex -15.6926 48.1214 63
    endloop
  endfacet
  facet normal 0.243029 0.970019 -0
    outer loop
      vertex 4.64455 60.311 8
      vertex 3.12144 60.6926 63
      vertex 4.64455 60.311 63
    endloop
  endfacet
  facet normal 0.243029 0.970019 0
    outer loop
      vertex 3.12144 60.6926 63
      vertex 4.64455 60.311 8
      vertex 3.12144 60.6926 8
    endloop
  endfacet
  facet normal -0.970023 -0.243015 0
    outer loop
      vertex -15.311 40.3554 8
      vertex -15.6926 41.8786 63
      vertex -15.6926 41.8786 8
    endloop
  endfacet
  facet normal -0.970023 -0.243015 0
    outer loop
      vertex -15.6926 41.8786 63
      vertex -15.311 40.3554 8
      vertex -15.311 40.3554 63
    endloop
  endfacet
  facet normal -0.427589 -0.903973 0
    outer loop
      vertex -7.54235 30.8893 8
      vertex -6.12293 30.2179 63
      vertex -7.54235 30.8893 63
    endloop
  endfacet
  facet normal -0.427589 -0.903973 -0
    outer loop
      vertex -6.12293 30.2179 63
      vertex -7.54235 30.8893 8
      vertex -6.12293 30.2179 8
    endloop
  endfacet
  facet normal -0.740933 -0.671578 0
    outer loop
      vertex -11.3137 33.6863 8
      vertex -12.3682 34.8497 63
      vertex -12.3682 34.8497 8
    endloop
  endfacet
  facet normal -0.740933 -0.671578 0
    outer loop
      vertex -12.3682 34.8497 63
      vertex -11.3137 33.6863 8
      vertex -11.3137 33.6863 63
    endloop
  endfacet
  facet normal 0.427589 -0.903973 0
    outer loop
      vertex 6.12293 30.2179 8
      vertex 7.54235 30.8893 63
      vertex 6.12293 30.2179 63
    endloop
  endfacet
  facet normal 0.427589 -0.903973 0
    outer loop
      vertex 7.54235 30.8893 63
      vertex 6.12293 30.2179 8
      vertex 7.54235 30.8893 8
    endloop
  endfacet
  facet normal 0.0490396 -0.998797 0
    outer loop
      vertex 0 29 8
      vertex 1.56827 29.077 63
      vertex 0 29 63
    endloop
  endfacet
  facet normal 0.0490396 -0.998797 0
    outer loop
      vertex 1.56827 29.077 63
      vertex 0 29 8
      vertex 1.56827 29.077 8
    endloop
  endfacet
  facet normal -0.989175 -0.146743 0
    outer loop
      vertex -15.6926 41.8786 8
      vertex -15.923 43.4317 63
      vertex -15.923 43.4317 8
    endloop
  endfacet
  facet normal -0.989175 -0.146743 0
    outer loop
      vertex -15.923 43.4317 63
      vertex -15.6926 41.8786 8
      vertex -15.6926 41.8786 63
    endloop
  endfacet
  facet normal 0.595677 -0.803224 0
    outer loop
      vertex 8.88912 31.6965 8
      vertex 10.1503 32.6318 63
      vertex 8.88912 31.6965 63
    endloop
  endfacet
  facet normal 0.595677 -0.803224 0
    outer loop
      vertex 10.1503 32.6318 63
      vertex 8.88912 31.6965 8
      vertex 10.1503 32.6318 8
    endloop
  endfacet
  facet normal -0.803229 -0.595671 0
    outer loop
      vertex -12.3682 34.8497 8
      vertex -13.3035 36.1109 63
      vertex -13.3035 36.1109 8
    endloop
  endfacet
  facet normal -0.803229 -0.595671 0
    outer loop
      vertex -13.3035 36.1109 63
      vertex -12.3682 34.8497 8
      vertex -12.3682 34.8497 63
    endloop
  endfacet
  facet normal -0.998797 0.0490387 0
    outer loop
      vertex -16 45 8
      vertex -15.923 46.5683 63
      vertex -15.923 46.5683 8
    endloop
  endfacet
  facet normal -0.998797 0.0490387 0
    outer loop
      vertex -15.923 46.5683 63
      vertex -16 45 8
      vertex -16 45 63
    endloop
  endfacet
  facet normal 0.740933 -0.671578 0
    outer loop
      vertex 11.3137 33.6863 63
      vertex 12.3682 34.8497 8
      vertex 12.3682 34.8497 63
    endloop
  endfacet
  facet normal 0.740933 -0.671578 0
    outer loop
      vertex 12.3682 34.8497 8
      vertex 11.3137 33.6863 63
      vertex 11.3137 33.6863 8
    endloop
  endfacet
  facet normal 1 -0 0
    outer loop
      vertex 75 -25 11
      vertex 75 25 8
      vertex 75 25 11
    endloop
  endfacet
  facet normal 1 0 0
    outer loop
      vertex 75 25 8
      vertex 75 -25 11
      vertex 75 -25 8
    endloop
  endfacet
  facet normal 0 0 1
    outer loop
      vertex 75 25 11
      vertex 62 0 11
      vertex 75 -25 11
    endloop
  endfacet
  facet normal 0 0 1
    outer loop
      vertex 75 25 11
      vertex 61.9663 0.686119 11
      vertex 62 0 11
    endloop
  endfacet
  facet normal 0 0 1
    outer loop
      vertex 75 25 11
      vertex 61.8655 1.36563 11
      vertex 61.9663 0.686119 11
    endloop
  endfacet
  facet normal 0 0 1
    outer loop
      vertex 75 25 11
      vertex 61.6986 2.03199 11
      vertex 61.8655 1.36563 11
    endloop
  endfacet
  facet normal 0 0 1
    outer loop
      vertex 75 25 11
      vertex 61.4672 2.67878 11
      vertex 61.6986 2.03199 11
    endloop
  endfacet
  facet normal 0 0 1
    outer loop
      vertex 75 25 11
      vertex 61.1734 3.29978 11
      vertex 61.4672 2.67878 11
    endloop
  endfacet
  facet normal 0 0 1
    outer loop
      vertex 75 25 11
      vertex 60.8203 3.88899 11
      vertex 61.1734 3.29978 11
    endloop
  endfacet
  facet normal 0 0 1
    outer loop
      vertex 75 25 11
      vertex 60.4111 4.44075 11
      vertex 60.8203 3.88899 11
    endloop
  endfacet
  facet normal 0 0 1
    outer loop
      vertex 75 25 11
      vertex 59.9497 4.94975 11
      vertex 60.4111 4.44075 11
    endloop
  endfacet
  facet normal 0 0 1
    outer loop
      vertex 75 25 11
      vertex 59.4408 5.41107 11
      vertex 59.9497 4.94975 11
    endloop
  endfacet
  facet normal 0 0 1
    outer loop
      vertex 75 25 11
      vertex 58.889 5.82029 11
      vertex 59.4408 5.41107 11
    endloop
  endfacet
  facet normal 0 0 1
    outer loop
      vertex 75 25 11
      vertex 58.2998 6.17345 11
      vertex 58.889 5.82029 11
    endloop
  endfacet
  facet normal 0 0 1
    outer loop
      vertex 75 25 11
      vertex 57.6788 6.46716 11
      vertex 58.2998 6.17345 11
    endloop
  endfacet
  facet normal 0 0 1
    outer loop
      vertex 75 25 11
      vertex 57.032 6.69858 11
      vertex 57.6788 6.46716 11
    endloop
  endfacet
  facet normal 0 0 1
    outer loop
      vertex 75 25 11
      vertex 56.3656 6.8655 11
      vertex 57.032 6.69858 11
    endloop
  endfacet
  facet normal 0 0 1
    outer loop
      vertex 75 25 11
      vertex 55.6861 6.96629 11
      vertex 56.3656 6.8655 11
    endloop
  endfacet
  facet normal 0 0 1
    outer loop
      vertex 75 25 11
      vertex 55 7 11
      vertex 55.6861 6.96629 11
    endloop
  endfacet
  facet normal 0 0 1
    outer loop
      vertex 75 25 11
      vertex 54.3139 6.96629 11
      vertex 55 7 11
    endloop
  endfacet
  facet normal 0 0 1
    outer loop
      vertex 75 25 11
      vertex 53.6344 6.8655 11
      vertex 54.3139 6.96629 11
    endloop
  endfacet
  facet normal 0 0 1
    outer loop
      vertex 75 25 11
      vertex 52.968 6.69858 11
      vertex 53.6344 6.8655 11
    endloop
  endfacet
  facet normal -0 0 1
    outer loop
      vertex 5 25 11
      vertex 52.968 6.69858 11
      vertex 75 25 11
    endloop
  endfacet
  facet normal 0 0 1
    outer loop
      vertex 52.968 6.69858 11
      vertex 5 25 11
      vertex 52.3212 6.46716 11
    endloop
  endfacet
  facet normal 0 0 1
    outer loop
      vertex 52.3212 6.46716 11
      vertex 5 25 11
      vertex 51.7002 6.17345 11
    endloop
  endfacet
  facet normal 0 0 1
    outer loop
      vertex 51.7002 6.17345 11
      vertex 5 25 11
      vertex 51.111 5.82029 11
    endloop
  endfacet
  facet normal 0 0 1
    outer loop
      vertex 48.0337 0.686119 11
      vertex 5 25 11
      vertex 48 0 11
    endloop
  endfacet
  facet normal 0 0 1
    outer loop
      vertex 48.1345 1.36563 11
      vertex 5 25 11
      vertex 48.0337 0.686119 11
    endloop
  endfacet
  facet normal 0 0 1
    outer loop
      vertex 48.3014 2.03199 11
      vertex 5 25 11
      vertex 48.1345 1.36563 11
    endloop
  endfacet
  facet normal 0 0 1
    outer loop
      vertex 48.5328 2.67878 11
      vertex 5 25 11
      vertex 48.3014 2.03199 11
    endloop
  endfacet
  facet normal 0 0 1
    outer loop
      vertex 48.8265 3.29978 11
      vertex 5 25 11
      vertex 48.5328 2.67878 11
    endloop
  endfacet
  facet normal 0 0 1
    outer loop
      vertex 49.1797 3.88899 11
      vertex 5 25 11
      vertex 48.8265 3.29978 11
    endloop
  endfacet
  facet normal 0 0 1
    outer loop
      vertex 49.5889 4.44075 11
      vertex 5 25 11
      vertex 49.1797 3.88899 11
    endloop
  endfacet
  facet normal 0 0 1
    outer loop
      vertex 50.0503 4.94975 11
      vertex 5 25 11
      vertex 49.5889 4.44075 11
    endloop
  endfacet
  facet normal 0 0 1
    outer loop
      vertex 50.5592 5.41107 11
      vertex 5 25 11
      vertex 50.0503 4.94975 11
    endloop
  endfacet
  facet normal 0 0 1
    outer loop
      vertex 51.111 5.82029 11
      vertex 5 25 11
      vertex 50.5592 5.41107 11
    endloop
  endfacet
  facet normal -0 0 1
    outer loop
      vertex 61.9663 -0.686119 11
      vertex 75 -25 11
      vertex 62 0 11
    endloop
  endfacet
  facet normal -0 0 1
    outer loop
      vertex 61.8655 -1.36563 11
      vertex 75 -25 11
      vertex 61.9663 -0.686119 11
    endloop
  endfacet
  facet normal -0 0 1
    outer loop
      vertex 61.6986 -2.03199 11
      vertex 75 -25 11
      vertex 61.8655 -1.36563 11
    endloop
  endfacet
  facet normal -0 0 1
    outer loop
      vertex 61.4672 -2.67878 11
      vertex 75 -25 11
      vertex 61.6986 -2.03199 11
    endloop
  endfacet
  facet normal -0 0 1
    outer loop
      vertex 61.1734 -3.29978 11
      vertex 75 -25 11
      vertex 61.4672 -2.67878 11
    endloop
  endfacet
  facet normal -0 0 1
    outer loop
      vertex 60.8203 -3.88899 11
      vertex 75 -25 11
      vertex 61.1734 -3.29978 11
    endloop
  endfacet
  facet normal -0 0 1
    outer loop
      vertex 60.4111 -4.44075 11
      vertex 75 -25 11
      vertex 60.8203 -3.88899 11
    endloop
  endfacet
  facet normal -0 0 1
    outer loop
      vertex 59.9497 -4.94975 11
      vertex 75 -25 11
      vertex 60.4111 -4.44075 11
    endloop
  endfacet
  facet normal -0 0 1
    outer loop
      vertex 59.4408 -5.41107 11
      vertex 75 -25 11
      vertex 59.9497 -4.94975 11
    endloop
  endfacet
  facet normal -0 0 1
    outer loop
      vertex 58.889 -5.82029 11
      vertex 75 -25 11
      vertex 59.4408 -5.41107 11
    endloop
  endfacet
  facet normal -0 0 1
    outer loop
      vertex 58.2998 -6.17345 11
      vertex 75 -25 11
      vertex 58.889 -5.82029 11
    endloop
  endfacet
  facet normal -0 0 1
    outer loop
      vertex 57.6788 -6.46716 11
      vertex 75 -25 11
      vertex 58.2998 -6.17345 11
    endloop
  endfacet
  facet normal -0 0 1
    outer loop
      vertex 57.032 -6.69858 11
      vertex 75 -25 11
      vertex 57.6788 -6.46716 11
    endloop
  endfacet
  facet normal -0 0 1
    outer loop
      vertex 56.3656 -6.8655 11
      vertex 75 -25 11
      vertex 57.032 -6.69858 11
    endloop
  endfacet
  facet normal -0 0 1
    outer loop
      vertex 55.6861 -6.96629 11
      vertex 75 -25 11
      vertex 56.3656 -6.8655 11
    endloop
  endfacet
  facet normal -0 0 1
    outer loop
      vertex 55 -7 11
      vertex 75 -25 11
      vertex 55.6861 -6.96629 11
    endloop
  endfacet
  facet normal 0 0 1
    outer loop
      vertex 54.3139 -6.96629 11
      vertex 75 -25 11
      vertex 55 -7 11
    endloop
  endfacet
  facet normal 0 0 1
    outer loop
      vertex 53.6344 -6.8655 11
      vertex 75 -25 11
      vertex 54.3139 -6.96629 11
    endloop
  endfacet
  facet normal 0 0 1
    outer loop
      vertex 52.968 -6.69858 11
      vertex 75 -25 11
      vertex 53.6344 -6.8655 11
    endloop
  endfacet
  facet normal 0 0 1
    outer loop
      vertex 5 -25 11
      vertex 52.968 -6.69858 11
      vertex 52.3212 -6.46716 11
    endloop
  endfacet
  facet normal 0 0 1
    outer loop
      vertex 5 -25 11
      vertex 52.3212 -6.46716 11
      vertex 51.7002 -6.17345 11
    endloop
  endfacet
  facet normal 0 0 1
    outer loop
      vertex 5 -25 11
      vertex 51.7002 -6.17345 11
      vertex 51.111 -5.82029 11
    endloop
  endfacet
  facet normal 0 0 1
    outer loop
      vertex 5 -25 11
      vertex 51.111 -5.82029 11
      vertex 50.5592 -5.41107 11
    endloop
  endfacet
  facet normal 0 0 1
    outer loop
      vertex 5 -25 11
      vertex 48 0 11
      vertex 5 25 11
    endloop
  endfacet
  facet normal 0 0 1
    outer loop
      vertex 48 0 11
      vertex 5 -25 11
      vertex 48.0337 -0.686119 11
    endloop
  endfacet
  facet normal 0 0 1
    outer loop
      vertex 48.0337 -0.686119 11
      vertex 5 -25 11
      vertex 48.1345 -1.36563 11
    endloop
  endfacet
  facet normal 0 0 1
    outer loop
      vertex 48.1345 -1.36563 11
      vertex 5 -25 11
      vertex 48.3014 -2.03199 11
    endloop
  endfacet
  facet normal 0 0 1
    outer loop
      vertex 48.3014 -2.03199 11
      vertex 5 -25 11
      vertex 48.5328 -2.67878 11
    endloop
  endfacet
  facet normal 0 0 1
    outer loop
      vertex 48.5328 -2.67878 11
      vertex 5 -25 11
      vertex 48.8265 -3.29978 11
    endloop
  endfacet
  facet normal 0 0 1
    outer loop
      vertex 48.8265 -3.29978 11
      vertex 5 -25 11
      vertex 49.1797 -3.88899 11
    endloop
  endfacet
  facet normal 0 0 1
    outer loop
      vertex 49.1797 -3.88899 11
      vertex 5 -25 11
      vertex 49.5889 -4.44075 11
    endloop
  endfacet
  facet normal 0 0 1
    outer loop
      vertex 49.5889 -4.44075 11
      vertex 5 -25 11
      vertex 50.0503 -4.94975 11
    endloop
  endfacet
  facet normal 0 0 1
    outer loop
      vertex 50.0503 -4.94975 11
      vertex 5 -25 11
      vertex 50.5592 -5.41107 11
    endloop
  endfacet
  facet normal 0 0 1
    outer loop
      vertex 52.968 -6.69858 11
      vertex 5 -25 11
      vertex 75 -25 11
    endloop
  endfacet
  facet normal -1 0 0
    outer loop
      vertex 5 -25 8
      vertex 5 25 11
      vertex 5 25 8
    endloop
  endfacet
  facet normal -1 -0 0
    outer loop
      vertex 5 25 11
      vertex 5 -25 8
      vertex 5 -25 11
    endloop
  endfacet
  facet normal 0 1 -0
    outer loop
      vertex 75 25 8
      vertex 5 25 11
      vertex 75 25 11
    endloop
  endfacet
  facet normal 0 1 0
    outer loop
      vertex 5 25 11
      vertex 75 25 8
      vertex 5 25 8
    endloop
  endfacet
  facet normal 0 -1 0
    outer loop
      vertex 5 -25 8
      vertex 75 -25 11
      vertex 5 -25 11
    endloop
  endfacet
  facet normal 0 -1 -0
    outer loop
      vertex 75 -25 11
      vertex 5 -25 8
      vertex 75 -25 8
    endloop
  endfacet
  facet normal -0.989133 -0.147021 0
    outer loop
      vertex 57.0899 0.205835 7.9
      vertex 57.0596 0.409689 36
      vertex 57.0596 0.409689 7.9
    endloop
  endfacet
  facet normal -0.989133 -0.147021 0
    outer loop
      vertex 57.0596 0.409689 36
      vertex 57.0899 0.205835 7.9
      vertex 57.0899 0.205835 36
    endloop
  endfacet
  facet normal -0.998798 -0.0490095 0
    outer loop
      vertex 57.1 0 7.9
      vertex 57.0899 0.205835 36
      vertex 57.0899 0.205835 7.9
    endloop
  endfacet
  facet normal -0.998798 -0.0490095 0
    outer loop
      vertex 57.0899 0.205835 36
      vertex 57.1 0 7.9
      vertex 57.1 0 36
    endloop
  endfacet
  facet normal -0.970116 -0.242641 0
    outer loop
      vertex 57.0596 0.409689 7.9
      vertex 57.0096 0.609597 36
      vertex 57.0096 0.609597 7.9
    endloop
  endfacet
  facet normal -0.970116 -0.242641 0
    outer loop
      vertex 57.0096 0.609597 36
      vertex 57.0596 0.409689 7.9
      vertex 57.0596 0.409689 36
    endloop
  endfacet
  facet normal -0.998798 0.0490095 0
    outer loop
      vertex 57.0899 -0.205835 7.9
      vertex 57.1 0 36
      vertex 57.1 0 7.9
    endloop
  endfacet
  facet normal -0.998798 0.0490095 0
    outer loop
      vertex 57.1 0 36
      vertex 57.0899 -0.205835 7.9
      vertex 57.0899 -0.205835 36
    endloop
  endfacet
  facet normal -0.336914 0.941535 0
    outer loop
      vertex 55.8036 -1.94015 7.9
      vertex 55.6096 -2.00957 36
      vertex 55.8036 -1.94015 36
    endloop
  endfacet
  facet normal -0.336914 0.941535 0
    outer loop
      vertex 55.6096 -2.00957 36
      vertex 55.8036 -1.94015 7.9
      vertex 55.6096 -2.00957 7.9
    endloop
  endfacet
  facet normal 0.427582 0.903977 -0
    outer loop
      vertex 54.1964 -1.94015 7.9
      vertex 54.0101 -1.85203 36
      vertex 54.1964 -1.94015 36
    endloop
  endfacet
  facet normal 0.427582 0.903977 0
    outer loop
      vertex 54.0101 -1.85203 36
      vertex 54.1964 -1.94015 7.9
      vertex 54.0101 -1.85203 7.9
    endloop
  endfacet
  facet normal 0.989204 0.146546 0
    outer loop
      vertex 52.9403 -0.409689 36
      vertex 52.9101 -0.205835 7.9
      vertex 52.9101 -0.205835 36
    endloop
  endfacet
  facet normal 0.989204 0.146546 0
    outer loop
      vertex 52.9101 -0.205835 7.9
      vertex 52.9403 -0.409689 36
      vertex 52.9403 -0.409689 7.9
    endloop
  endfacet
  facet normal 0.671561 -0.740949 0
    outer loop
      vertex 53.5151 1.48492 7.9
      vertex 53.6678 1.62332 36
      vertex 53.5151 1.48492 36
    endloop
  endfacet
  facet normal 0.671561 -0.740949 0
    outer loop
      vertex 53.6678 1.62332 36
      vertex 53.5151 1.48492 7.9
      vertex 53.6678 1.62332 7.9
    endloop
  endfacet
  facet normal 0.243015 0.970022 -0
    outer loop
      vertex 54.5903 -2.05965 7.9
      vertex 54.3904 -2.00957 36
      vertex 54.5903 -2.05965 36
    endloop
  endfacet
  facet normal 0.243015 0.970022 0
    outer loop
      vertex 54.3904 -2.00957 36
      vertex 54.5903 -2.05965 7.9
      vertex 54.3904 -2.00957 7.9
    endloop
  endfacet
  facet normal 0.970002 -0.243097 0
    outer loop
      vertex 52.9403 0.409689 36
      vertex 52.9904 0.609597 7.9
      vertex 52.9904 0.609597 36
    endloop
  endfacet
  facet normal 0.970002 -0.243097 0
    outer loop
      vertex 52.9904 0.609597 7.9
      vertex 52.9403 0.409689 36
      vertex 52.9403 0.409689 7.9
    endloop
  endfacet
  facet normal -0.803127 -0.595808 0
    outer loop
      vertex 56.7461 1.1667 7.9
      vertex 56.6233 1.33223 36
      vertex 56.6233 1.33223 7.9
    endloop
  endfacet
  facet normal -0.803127 -0.595808 0
    outer loop
      vertex 56.6233 1.33223 36
      vertex 56.7461 1.1667 7.9
      vertex 56.7461 1.1667 36
    endloop
  endfacet
  facet normal 0.0490662 -0.998796 0
    outer loop
      vertex 54.7942 2.08989 7.9
      vertex 55 2.1 36
      vertex 54.7942 2.08989 36
    endloop
  endfacet
  facet normal 0.0490662 -0.998796 0
    outer loop
      vertex 55 2.1 36
      vertex 54.7942 2.08989 7.9
      vertex 55 2.1 7.9
    endloop
  endfacet
  facet normal 0.740927 0.671585 0
    outer loop
      vertex 53.5151 -1.48492 36
      vertex 53.3767 -1.33223 7.9
      vertex 53.3767 -1.33223 36
    endloop
  endfacet
  facet normal 0.740927 0.671585 0
    outer loop
      vertex 53.3767 -1.33223 7.9
      vertex 53.5151 -1.48492 36
      vertex 53.5151 -1.48492 7.9
    endloop
  endfacet
  facet normal 0.595783 0.803145 -0
    outer loop
      vertex 53.8333 -1.74609 7.9
      vertex 53.6678 -1.62332 36
      vertex 53.8333 -1.74609 36
    endloop
  endfacet
  facet normal 0.595783 0.803145 0
    outer loop
      vertex 53.6678 -1.62332 36
      vertex 53.8333 -1.74609 7.9
      vertex 53.6678 -1.62332 7.9
    endloop
  endfacet
  facet normal 0.513996 0.857792 -0
    outer loop
      vertex 54.0101 -1.85203 7.9
      vertex 53.8333 -1.74609 36
      vertex 54.0101 -1.85203 36
    endloop
  endfacet
  facet normal 0.513996 0.857792 0
    outer loop
      vertex 53.8333 -1.74609 36
      vertex 54.0101 -1.85203 7.9
      vertex 53.8333 -1.74609 7.9
    endloop
  endfacet
  facet normal -0.0490662 -0.998796 0
    outer loop
      vertex 55 2.1 7.9
      vertex 55.2058 2.08989 36
      vertex 55 2.1 36
    endloop
  endfacet
  facet normal -0.0490662 -0.998796 -0
    outer loop
      vertex 55.2058 2.08989 36
      vertex 55 2.1 7.9
      vertex 55.2058 2.08989 7.9
    endloop
  endfacet
  facet normal 0.803127 0.595808 0
    outer loop
      vertex 53.3767 -1.33223 36
      vertex 53.2539 -1.1667 7.9
      vertex 53.2539 -1.1667 36
    endloop
  endfacet
  facet normal 0.803127 0.595808 0
    outer loop
      vertex 53.2539 -1.1667 7.9
      vertex 53.3767 -1.33223 36
      vertex 53.3767 -1.33223 7.9
    endloop
  endfacet
  facet normal -0.989133 0.147021 0
    outer loop
      vertex 57.0596 -0.409689 7.9
      vertex 57.0899 -0.205835 36
      vertex 57.0899 -0.205835 7.9
    endloop
  endfacet
  facet normal -0.989133 0.147021 0
    outer loop
      vertex 57.0899 -0.205835 36
      vertex 57.0596 -0.409689 7.9
      vertex 57.0596 -0.409689 36
    endloop
  endfacet
  facet normal 0.740927 -0.671585 0
    outer loop
      vertex 53.3767 1.33223 36
      vertex 53.5151 1.48492 7.9
      vertex 53.5151 1.48492 36
    endloop
  endfacet
  facet normal 0.740927 -0.671585 0
    outer loop
      vertex 53.5151 1.48492 7.9
      vertex 53.3767 1.33223 36
      vertex 53.3767 1.33223 7.9
    endloop
  endfacet
  facet normal -0.941433 0.3372 0
    outer loop
      vertex 56.9401 -0.803635 7.9
      vertex 57.0096 -0.609597 36
      vertex 57.0096 -0.609597 7.9
    endloop
  endfacet
  facet normal -0.941433 0.3372 0
    outer loop
      vertex 57.0096 -0.609597 36
      vertex 56.9401 -0.803635 7.9
      vertex 56.9401 -0.803635 36
    endloop
  endfacet
  facet normal -0.941433 -0.3372 0
    outer loop
      vertex 57.0096 0.609597 7.9
      vertex 56.9401 0.803635 36
      vertex 56.9401 0.803635 7.9
    endloop
  endfacet
  facet normal -0.941433 -0.3372 0
    outer loop
      vertex 56.9401 0.803635 36
      vertex 57.0096 0.609597 7.9
      vertex 57.0096 0.609597 36
    endloop
  endfacet
  facet normal 0.904013 -0.427506 0
    outer loop
      vertex 53.0599 0.803635 36
      vertex 53.148 0.989933 7.9
      vertex 53.148 0.989933 36
    endloop
  endfacet
  facet normal 0.904013 -0.427506 0
    outer loop
      vertex 53.148 0.989933 7.9
      vertex 53.0599 0.803635 36
      vertex 53.0599 0.803635 7.9
    endloop
  endfacet
  facet normal -0.970116 0.242641 0
    outer loop
      vertex 57.0096 -0.609597 7.9
      vertex 57.0596 -0.409689 36
      vertex 57.0596 -0.409689 7.9
    endloop
  endfacet
  facet normal -0.970116 0.242641 0
    outer loop
      vertex 57.0596 -0.409689 36
      vertex 57.0096 -0.609597 7.9
      vertex 57.0096 -0.609597 36
    endloop
  endfacet
  facet normal -0.0490662 0.998796 0
    outer loop
      vertex 55.2058 -2.08989 7.9
      vertex 55 -2.1 36
      vertex 55.2058 -2.08989 36
    endloop
  endfacet
  facet normal -0.0490662 0.998796 0
    outer loop
      vertex 55 -2.1 36
      vertex 55.2058 -2.08989 7.9
      vertex 55 -2.1 7.9
    endloop
  endfacet
  facet normal -0.904013 -0.427506 0
    outer loop
      vertex 56.9401 0.803635 7.9
      vertex 56.852 0.989933 36
      vertex 56.852 0.989933 7.9
    endloop
  endfacet
  facet normal -0.904013 -0.427506 0
    outer loop
      vertex 56.852 0.989933 36
      vertex 56.9401 0.803635 7.9
      vertex 56.9401 0.803635 36
    endloop
  endfacet
  facet normal 0.941433 0.3372 0
    outer loop
      vertex 53.0599 -0.803635 36
      vertex 52.9904 -0.609597 7.9
      vertex 52.9904 -0.609597 36
    endloop
  endfacet
  facet normal 0.941433 0.3372 0
    outer loop
      vertex 52.9904 -0.609597 7.9
      vertex 53.0599 -0.803635 36
      vertex 53.0599 -0.803635 7.9
    endloop
  endfacet
  facet normal -0.427582 0.903977 0
    outer loop
      vertex 55.9899 -1.85203 7.9
      vertex 55.8036 -1.94015 36
      vertex 55.9899 -1.85203 36
    endloop
  endfacet
  facet normal -0.427582 0.903977 0
    outer loop
      vertex 55.8036 -1.94015 36
      vertex 55.9899 -1.85203 7.9
      vertex 55.8036 -1.94015 7.9
    endloop
  endfacet
  facet normal -0.427582 -0.903977 0
    outer loop
      vertex 55.8036 1.94015 7.9
      vertex 55.9899 1.85203 36
      vertex 55.8036 1.94015 36
    endloop
  endfacet
  facet normal -0.427582 -0.903977 -0
    outer loop
      vertex 55.9899 1.85203 36
      vertex 55.8036 1.94015 7.9
      vertex 55.9899 1.85203 7.9
    endloop
  endfacet
  facet normal 0.427582 -0.903977 0
    outer loop
      vertex 54.0101 1.85203 7.9
      vertex 54.1964 1.94015 36
      vertex 54.0101 1.85203 36
    endloop
  endfacet
  facet normal 0.427582 -0.903977 0
    outer loop
      vertex 54.1964 1.94015 36
      vertex 54.0101 1.85203 7.9
      vertex 54.1964 1.94015 7.9
    endloop
  endfacet
  facet normal -0.595783 0.803145 0
    outer loop
      vertex 56.3322 -1.62332 7.9
      vertex 56.1667 -1.74609 36
      vertex 56.3322 -1.62332 36
    endloop
  endfacet
  facet normal -0.595783 0.803145 0
    outer loop
      vertex 56.1667 -1.74609 36
      vertex 56.3322 -1.62332 7.9
      vertex 56.1667 -1.74609 7.9
    endloop
  endfacet
  facet normal -0.740927 0.671585 0
    outer loop
      vertex 56.4849 -1.48492 7.9
      vertex 56.6233 -1.33223 36
      vertex 56.6233 -1.33223 7.9
    endloop
  endfacet
  facet normal -0.740927 0.671585 0
    outer loop
      vertex 56.6233 -1.33223 36
      vertex 56.4849 -1.48492 7.9
      vertex 56.4849 -1.48492 36
    endloop
  endfacet
  facet normal 0.904013 0.427506 0
    outer loop
      vertex 53.148 -0.989933 36
      vertex 53.0599 -0.803635 7.9
      vertex 53.0599 -0.803635 36
    endloop
  endfacet
  facet normal 0.904013 0.427506 0
    outer loop
      vertex 53.0599 -0.803635 7.9
      vertex 53.148 -0.989933 36
      vertex 53.148 -0.989933 7.9
    endloop
  endfacet
  facet normal -0.146703 0.989181 0
    outer loop
      vertex 55.4097 -2.05965 7.9
      vertex 55.2058 -2.08989 36
      vertex 55.4097 -2.05965 36
    endloop
  endfacet
  facet normal -0.146703 0.989181 0
    outer loop
      vertex 55.2058 -2.08989 36
      vertex 55.4097 -2.05965 7.9
      vertex 55.2058 -2.08989 7.9
    endloop
  endfacet
  facet normal -0.243015 -0.970022 0
    outer loop
      vertex 55.4097 2.05965 7.9
      vertex 55.6096 2.00957 36
      vertex 55.4097 2.05965 36
    endloop
  endfacet
  facet normal -0.243015 -0.970022 -0
    outer loop
      vertex 55.6096 2.00957 36
      vertex 55.4097 2.05965 7.9
      vertex 55.6096 2.00957 7.9
    endloop
  endfacet
  facet normal -0.857836 0.513924 0
    outer loop
      vertex 56.7461 -1.1667 7.9
      vertex 56.852 -0.989933 36
      vertex 56.852 -0.989933 7.9
    endloop
  endfacet
  facet normal -0.857836 0.513924 0
    outer loop
      vertex 56.852 -0.989933 36
      vertex 56.7461 -1.1667 7.9
      vertex 56.7461 -1.1667 36
    endloop
  endfacet
  facet normal -0.671561 -0.740949 0
    outer loop
      vertex 56.3322 1.62332 7.9
      vertex 56.4849 1.48492 36
      vertex 56.3322 1.62332 36
    endloop
  endfacet
  facet normal -0.671561 -0.740949 -0
    outer loop
      vertex 56.4849 1.48492 36
      vertex 56.3322 1.62332 7.9
      vertex 56.4849 1.48492 7.9
    endloop
  endfacet
  facet normal 0.989204 -0.146546 0
    outer loop
      vertex 52.9101 0.205835 36
      vertex 52.9403 0.409689 7.9
      vertex 52.9403 0.409689 36
    endloop
  endfacet
  facet normal 0.989204 -0.146546 0
    outer loop
      vertex 52.9403 0.409689 7.9
      vertex 52.9101 0.205835 36
      vertex 52.9101 0.205835 7.9
    endloop
  endfacet
  facet normal -0.595783 -0.803145 0
    outer loop
      vertex 56.1667 1.74609 7.9
      vertex 56.3322 1.62332 36
      vertex 56.1667 1.74609 36
    endloop
  endfacet
  facet normal -0.595783 -0.803145 -0
    outer loop
      vertex 56.3322 1.62332 36
      vertex 56.1667 1.74609 7.9
      vertex 56.3322 1.62332 7.9
    endloop
  endfacet
  facet normal -0.513996 -0.857792 0
    outer loop
      vertex 55.9899 1.85203 7.9
      vertex 56.1667 1.74609 36
      vertex 55.9899 1.85203 36
    endloop
  endfacet
  facet normal -0.513996 -0.857792 -0
    outer loop
      vertex 56.1667 1.74609 36
      vertex 55.9899 1.85203 7.9
      vertex 56.1667 1.74609 7.9
    endloop
  endfacet
  facet normal -0.803127 0.595808 0
    outer loop
      vertex 56.6233 -1.33223 7.9
      vertex 56.7461 -1.1667 36
      vertex 56.7461 -1.1667 7.9
    endloop
  endfacet
  facet normal -0.803127 0.595808 0
    outer loop
      vertex 56.7461 -1.1667 36
      vertex 56.6233 -1.33223 7.9
      vertex 56.6233 -1.33223 36
    endloop
  endfacet
  facet normal -0.336914 -0.941535 0
    outer loop
      vertex 55.6096 2.00957 7.9
      vertex 55.8036 1.94015 36
      vertex 55.6096 2.00957 36
    endloop
  endfacet
  facet normal -0.336914 -0.941535 -0
    outer loop
      vertex 55.8036 1.94015 36
      vertex 55.6096 2.00957 7.9
      vertex 55.8036 1.94015 7.9
    endloop
  endfacet
  facet normal -0.243015 0.970022 0
    outer loop
      vertex 55.6096 -2.00957 7.9
      vertex 55.4097 -2.05965 36
      vertex 55.6096 -2.00957 36
    endloop
  endfacet
  facet normal -0.243015 0.970022 0
    outer loop
      vertex 55.4097 -2.05965 36
      vertex 55.6096 -2.00957 7.9
      vertex 55.4097 -2.05965 7.9
    endloop
  endfacet
  facet normal -0.740927 -0.671585 0
    outer loop
      vertex 56.6233 1.33223 7.9
      vertex 56.4849 1.48492 36
      vertex 56.4849 1.48492 7.9
    endloop
  endfacet
  facet normal -0.740927 -0.671585 0
    outer loop
      vertex 56.4849 1.48492 36
      vertex 56.6233 1.33223 7.9
      vertex 56.6233 1.33223 36
    endloop
  endfacet
  facet normal -0.857836 -0.513924 0
    outer loop
      vertex 56.852 0.989933 7.9
      vertex 56.7461 1.1667 36
      vertex 56.7461 1.1667 7.9
    endloop
  endfacet
  facet normal -0.857836 -0.513924 0
    outer loop
      vertex 56.7461 1.1667 36
      vertex 56.852 0.989933 7.9
      vertex 56.852 0.989933 36
    endloop
  endfacet
  facet normal 0.671561 0.740949 -0
    outer loop
      vertex 53.6678 -1.62332 7.9
      vertex 53.5151 -1.48492 36
      vertex 53.6678 -1.62332 36
    endloop
  endfacet
  facet normal 0.671561 0.740949 0
    outer loop
      vertex 53.5151 -1.48492 36
      vertex 53.6678 -1.62332 7.9
      vertex 53.5151 -1.48492 7.9
    endloop
  endfacet
  facet normal 0.513996 -0.857792 0
    outer loop
      vertex 53.8333 1.74609 7.9
      vertex 54.0101 1.85203 36
      vertex 53.8333 1.74609 36
    endloop
  endfacet
  facet normal 0.513996 -0.857792 0
    outer loop
      vertex 54.0101 1.85203 36
      vertex 53.8333 1.74609 7.9
      vertex 54.0101 1.85203 7.9
    endloop
  endfacet
  facet normal 0.243015 -0.970022 0
    outer loop
      vertex 54.3904 2.00957 7.9
      vertex 54.5903 2.05965 36
      vertex 54.3904 2.00957 36
    endloop
  endfacet
  facet normal 0.243015 -0.970022 0
    outer loop
      vertex 54.5903 2.05965 36
      vertex 54.3904 2.00957 7.9
      vertex 54.5903 2.05965 7.9
    endloop
  endfacet
  facet normal 0 0 1
    outer loop
      vertex 57.0899 0.205835 7.9
      vertex 57.0899 -0.205835 7.9
      vertex 57.1 0 7.9
    endloop
  endfacet
  facet normal 0 0 1
    outer loop
      vertex 57.0596 0.409689 7.9
      vertex 57.0899 -0.205835 7.9
      vertex 57.0899 0.205835 7.9
    endloop
  endfacet
  facet normal 0 0 1
    outer loop
      vertex 57.0596 0.409689 7.9
      vertex 57.0596 -0.409689 7.9
      vertex 57.0899 -0.205835 7.9
    endloop
  endfacet
  facet normal 0 0 1
    outer loop
      vertex 57.0096 0.609597 7.9
      vertex 57.0596 -0.409689 7.9
      vertex 57.0596 0.409689 7.9
    endloop
  endfacet
  facet normal 0 0 1
    outer loop
      vertex 57.0096 0.609597 7.9
      vertex 57.0096 -0.609597 7.9
      vertex 57.0596 -0.409689 7.9
    endloop
  endfacet
  facet normal 0 0 1
    outer loop
      vertex 56.9401 0.803635 7.9
      vertex 57.0096 -0.609597 7.9
      vertex 57.0096 0.609597 7.9
    endloop
  endfacet
  facet normal 0 0 1
    outer loop
      vertex 56.9401 0.803635 7.9
      vertex 56.9401 -0.803635 7.9
      vertex 57.0096 -0.609597 7.9
    endloop
  endfacet
  facet normal 0 0 1
    outer loop
      vertex 56.852 0.989933 7.9
      vertex 56.9401 -0.803635 7.9
      vertex 56.9401 0.803635 7.9
    endloop
  endfacet
  facet normal 0 0 1
    outer loop
      vertex 56.852 0.989933 7.9
      vertex 56.852 -0.989933 7.9
      vertex 56.9401 -0.803635 7.9
    endloop
  endfacet
  facet normal 0 0 1
    outer loop
      vertex 56.7461 1.1667 7.9
      vertex 56.852 -0.989933 7.9
      vertex 56.852 0.989933 7.9
    endloop
  endfacet
  facet normal 0 0 1
    outer loop
      vertex 56.7461 1.1667 7.9
      vertex 56.7461 -1.1667 7.9
      vertex 56.852 -0.989933 7.9
    endloop
  endfacet
  facet normal 0 0 1
    outer loop
      vertex 56.6233 1.33223 7.9
      vertex 56.7461 -1.1667 7.9
      vertex 56.7461 1.1667 7.9
    endloop
  endfacet
  facet normal 0 0 1
    outer loop
      vertex 56.6233 1.33223 7.9
      vertex 56.6233 -1.33223 7.9
      vertex 56.7461 -1.1667 7.9
    endloop
  endfacet
  facet normal 0 0 1
    outer loop
      vertex 56.4849 1.48492 7.9
      vertex 56.6233 -1.33223 7.9
      vertex 56.6233 1.33223 7.9
    endloop
  endfacet
  facet normal 0 0 1
    outer loop
      vertex 56.4849 1.48492 7.9
      vertex 56.4849 -1.48492 7.9
      vertex 56.6233 -1.33223 7.9
    endloop
  endfacet
  facet normal 0 0 1
    outer loop
      vertex 56.3322 1.62332 7.9
      vertex 56.4849 -1.48492 7.9
      vertex 56.4849 1.48492 7.9
    endloop
  endfacet
  facet normal 0 0 1
    outer loop
      vertex 56.3322 1.62332 7.9
      vertex 56.3322 -1.62332 7.9
      vertex 56.4849 -1.48492 7.9
    endloop
  endfacet
  facet normal 0 0 1
    outer loop
      vertex 56.1667 1.74609 7.9
      vertex 56.3322 -1.62332 7.9
      vertex 56.3322 1.62332 7.9
    endloop
  endfacet
  facet normal 0 0 1
    outer loop
      vertex 56.1667 1.74609 7.9
      vertex 56.1667 -1.74609 7.9
      vertex 56.3322 -1.62332 7.9
    endloop
  endfacet
  facet normal 0 0 1
    outer loop
      vertex 55.9899 1.85203 7.9
      vertex 56.1667 -1.74609 7.9
      vertex 56.1667 1.74609 7.9
    endloop
  endfacet
  facet normal 0 0 1
    outer loop
      vertex 55.9899 1.85203 7.9
      vertex 55.9899 -1.85203 7.9
      vertex 56.1667 -1.74609 7.9
    endloop
  endfacet
  facet normal 0 0 1
    outer loop
      vertex 55.8036 1.94015 7.9
      vertex 55.9899 -1.85203 7.9
      vertex 55.9899 1.85203 7.9
    endloop
  endfacet
  facet normal 0 0 1
    outer loop
      vertex 55.8036 1.94015 7.9
      vertex 55.8036 -1.94015 7.9
      vertex 55.9899 -1.85203 7.9
    endloop
  endfacet
  facet normal 0 0 1
    outer loop
      vertex 55.6096 2.00957 7.9
      vertex 55.8036 -1.94015 7.9
      vertex 55.8036 1.94015 7.9
    endloop
  endfacet
  facet normal 0 0 1
    outer loop
      vertex 55.6096 2.00957 7.9
      vertex 55.6096 -2.00957 7.9
      vertex 55.8036 -1.94015 7.9
    endloop
  endfacet
  facet normal 0 0 1
    outer loop
      vertex 55.4097 2.05965 7.9
      vertex 55.6096 -2.00957 7.9
      vertex 55.6096 2.00957 7.9
    endloop
  endfacet
  facet normal 0 0 1
    outer loop
      vertex 55.4097 2.05965 7.9
      vertex 55.4097 -2.05965 7.9
      vertex 55.6096 -2.00957 7.9
    endloop
  endfacet
  facet normal 0 0 1
    outer loop
      vertex 55.2058 2.08989 7.9
      vertex 55.4097 -2.05965 7.9
      vertex 55.4097 2.05965 7.9
    endloop
  endfacet
  facet normal 0 0 1
    outer loop
      vertex 55.2058 2.08989 7.9
      vertex 55.2058 -2.08989 7.9
      vertex 55.4097 -2.05965 7.9
    endloop
  endfacet
  facet normal 0 0 1
    outer loop
      vertex 55 2.1 7.9
      vertex 55.2058 -2.08989 7.9
      vertex 55.2058 2.08989 7.9
    endloop
  endfacet
  facet normal 0 0 1
    outer loop
      vertex 55 2.1 7.9
      vertex 55 -2.1 7.9
      vertex 55.2058 -2.08989 7.9
    endloop
  endfacet
  facet normal -0 0 1
    outer loop
      vertex 54.7942 2.08989 7.9
      vertex 55 -2.1 7.9
      vertex 55 2.1 7.9
    endloop
  endfacet
  facet normal 0 0 1
    outer loop
      vertex 54.7942 2.08989 7.9
      vertex 54.7942 -2.08989 7.9
      vertex 55 -2.1 7.9
    endloop
  endfacet
  facet normal -0 0 1
    outer loop
      vertex 54.5903 2.05965 7.9
      vertex 54.7942 -2.08989 7.9
      vertex 54.7942 2.08989 7.9
    endloop
  endfacet
  facet normal 0 0 1
    outer loop
      vertex 54.5903 2.05965 7.9
      vertex 54.5903 -2.05965 7.9
      vertex 54.7942 -2.08989 7.9
    endloop
  endfacet
  facet normal -0 0 1
    outer loop
      vertex 54.3904 2.00957 7.9
      vertex 54.5903 -2.05965 7.9
      vertex 54.5903 2.05965 7.9
    endloop
  endfacet
  facet normal 0 0 1
    outer loop
      vertex 54.3904 2.00957 7.9
      vertex 54.3904 -2.00957 7.9
      vertex 54.5903 -2.05965 7.9
    endloop
  endfacet
  facet normal -0 0 1
    outer loop
      vertex 54.1964 1.94015 7.9
      vertex 54.3904 -2.00957 7.9
      vertex 54.3904 2.00957 7.9
    endloop
  endfacet
  facet normal 0 0 1
    outer loop
      vertex 54.1964 1.94015 7.9
      vertex 54.1964 -1.94015 7.9
      vertex 54.3904 -2.00957 7.9
    endloop
  endfacet
  facet normal -0 0 1
    outer loop
      vertex 54.0101 1.85203 7.9
      vertex 54.1964 -1.94015 7.9
      vertex 54.1964 1.94015 7.9
    endloop
  endfacet
  facet normal 0 0 1
    outer loop
      vertex 54.0101 1.85203 7.9
      vertex 54.0101 -1.85203 7.9
      vertex 54.1964 -1.94015 7.9
    endloop
  endfacet
  facet normal -0 0 1
    outer loop
      vertex 53.8333 1.74609 7.9
      vertex 54.0101 -1.85203 7.9
      vertex 54.0101 1.85203 7.9
    endloop
  endfacet
  facet normal 0 0 1
    outer loop
      vertex 53.8333 1.74609 7.9
      vertex 53.8333 -1.74609 7.9
      vertex 54.0101 -1.85203 7.9
    endloop
  endfacet
  facet normal -0 0 1
    outer loop
      vertex 53.6678 1.62332 7.9
      vertex 53.8333 -1.74609 7.9
      vertex 53.8333 1.74609 7.9
    endloop
  endfacet
  facet normal 0 0 1
    outer loop
      vertex 53.6678 1.62332 7.9
      vertex 53.6678 -1.62332 7.9
      vertex 53.8333 -1.74609 7.9
    endloop
  endfacet
  facet normal -0 0 1
    outer loop
      vertex 53.5151 1.48492 7.9
      vertex 53.6678 -1.62332 7.9
      vertex 53.6678 1.62332 7.9
    endloop
  endfacet
  facet normal 0 0 1
    outer loop
      vertex 53.5151 1.48492 7.9
      vertex 53.5151 -1.48492 7.9
      vertex 53.6678 -1.62332 7.9
    endloop
  endfacet
  facet normal -0 0 1
    outer loop
      vertex 53.3767 1.33223 7.9
      vertex 53.5151 -1.48492 7.9
      vertex 53.5151 1.48492 7.9
    endloop
  endfacet
  facet normal 0 0 1
    outer loop
      vertex 53.3767 1.33223 7.9
      vertex 53.3767 -1.33223 7.9
      vertex 53.5151 -1.48492 7.9
    endloop
  endfacet
  facet normal -0 0 1
    outer loop
      vertex 53.2539 1.1667 7.9
      vertex 53.3767 -1.33223 7.9
      vertex 53.3767 1.33223 7.9
    endloop
  endfacet
  facet normal 0 0 1
    outer loop
      vertex 53.2539 1.1667 7.9
      vertex 53.2539 -1.1667 7.9
      vertex 53.3767 -1.33223 7.9
    endloop
  endfacet
  facet normal -0 0 1
    outer loop
      vertex 53.148 0.989933 7.9
      vertex 53.2539 -1.1667 7.9
      vertex 53.2539 1.1667 7.9
    endloop
  endfacet
  facet normal 0 0 1
    outer loop
      vertex 53.148 0.989933 7.9
      vertex 53.148 -0.989933 7.9
      vertex 53.2539 -1.1667 7.9
    endloop
  endfacet
  facet normal -0 0 1
    outer loop
      vertex 53.0599 0.803635 7.9
      vertex 53.148 -0.989933 7.9
      vertex 53.148 0.989933 7.9
    endloop
  endfacet
  facet normal 0 0 1
    outer loop
      vertex 53.0599 0.803635 7.9
      vertex 53.0599 -0.803635 7.9
      vertex 53.148 -0.989933 7.9
    endloop
  endfacet
  facet normal -0 0 1
    outer loop
      vertex 52.9904 0.609597 7.9
      vertex 53.0599 -0.803635 7.9
      vertex 53.0599 0.803635 7.9
    endloop
  endfacet
  facet normal 0 0 1
    outer loop
      vertex 52.9904 0.609597 7.9
      vertex 52.9904 -0.609597 7.9
      vertex 53.0599 -0.803635 7.9
    endloop
  endfacet
  facet normal -0 0 1
    outer loop
      vertex 52.9403 0.409689 7.9
      vertex 52.9904 -0.609597 7.9
      vertex 52.9904 0.609597 7.9
    endloop
  endfacet
  facet normal 0 0 1
    outer loop
      vertex 52.9403 0.409689 7.9
      vertex 52.9403 -0.409689 7.9
      vertex 52.9904 -0.609597 7.9
    endloop
  endfacet
  facet normal -0 0 1
    outer loop
      vertex 52.9101 0.205835 7.9
      vertex 52.9403 -0.409689 7.9
      vertex 52.9403 0.409689 7.9
    endloop
  endfacet
  facet normal 0 0 1
    outer loop
      vertex 52.9101 0.205835 7.9
      vertex 52.9101 -0.205835 7.9
      vertex 52.9403 -0.409689 7.9
    endloop
  endfacet
  facet normal 0 -0 1
    outer loop
      vertex 52.9101 -0.205835 7.9
      vertex 52.9101 0.205835 7.9
      vertex 52.9 0 7.9
    endloop
  endfacet
  facet normal 0.146703 -0.989181 0
    outer loop
      vertex 54.5903 2.05965 7.9
      vertex 54.7942 2.08989 36
      vertex 54.5903 2.05965 36
    endloop
  endfacet
  facet normal 0.146703 -0.989181 0
    outer loop
      vertex 54.7942 2.08989 36
      vertex 54.5903 2.05965 7.9
      vertex 54.7942 2.08989 7.9
    endloop
  endfacet
  facet normal 0.336914 -0.941535 0
    outer loop
      vertex 54.1964 1.94015 7.9
      vertex 54.3904 2.00957 36
      vertex 54.1964 1.94015 36
    endloop
  endfacet
  facet normal 0.336914 -0.941535 0
    outer loop
      vertex 54.3904 2.00957 36
      vertex 54.1964 1.94015 7.9
      vertex 54.3904 2.00957 7.9
    endloop
  endfacet
  facet normal 0.998798 -0.0490095 0
    outer loop
      vertex 52.9 0 36
      vertex 52.9101 0.205835 7.9
      vertex 52.9101 0.205835 36
    endloop
  endfacet
  facet normal 0.998798 -0.0490095 0
    outer loop
      vertex 52.9101 0.205835 7.9
      vertex 52.9 0 36
      vertex 52.9 0 7.9
    endloop
  endfacet
  facet normal 0.803127 -0.595808 0
    outer loop
      vertex 53.2539 1.1667 36
      vertex 53.3767 1.33223 7.9
      vertex 53.3767 1.33223 36
    endloop
  endfacet
  facet normal 0.803127 -0.595808 0
    outer loop
      vertex 53.3767 1.33223 7.9
      vertex 53.2539 1.1667 36
      vertex 53.2539 1.1667 7.9
    endloop
  endfacet
  facet normal 0.970002 0.243097 0
    outer loop
      vertex 52.9904 -0.609597 36
      vertex 52.9403 -0.409689 7.9
      vertex 52.9403 -0.409689 36
    endloop
  endfacet
  facet normal 0.970002 0.243097 0
    outer loop
      vertex 52.9403 -0.409689 7.9
      vertex 52.9904 -0.609597 36
      vertex 52.9904 -0.609597 7.9
    endloop
  endfacet
  facet normal -0.904013 0.427506 0
    outer loop
      vertex 56.852 -0.989933 7.9
      vertex 56.9401 -0.803635 36
      vertex 56.9401 -0.803635 7.9
    endloop
  endfacet
  facet normal -0.904013 0.427506 0
    outer loop
      vertex 56.9401 -0.803635 36
      vertex 56.852 -0.989933 7.9
      vertex 56.852 -0.989933 36
    endloop
  endfacet
  facet normal -0.513996 0.857792 0
    outer loop
      vertex 56.1667 -1.74609 7.9
      vertex 55.9899 -1.85203 36
      vertex 56.1667 -1.74609 36
    endloop
  endfacet
  facet normal -0.513996 0.857792 0
    outer loop
      vertex 55.9899 -1.85203 36
      vertex 56.1667 -1.74609 7.9
      vertex 55.9899 -1.85203 7.9
    endloop
  endfacet
  facet normal 0.941433 -0.3372 0
    outer loop
      vertex 52.9904 0.609597 36
      vertex 53.0599 0.803635 7.9
      vertex 53.0599 0.803635 36
    endloop
  endfacet
  facet normal 0.941433 -0.3372 0
    outer loop
      vertex 53.0599 0.803635 7.9
      vertex 52.9904 0.609597 36
      vertex 52.9904 0.609597 7.9
    endloop
  endfacet
  facet normal 0.0490662 0.998796 -0
    outer loop
      vertex 55 -2.1 7.9
      vertex 54.7942 -2.08989 36
      vertex 55 -2.1 36
    endloop
  endfacet
  facet normal 0.0490662 0.998796 0
    outer loop
      vertex 54.7942 -2.08989 36
      vertex 55 -2.1 7.9
      vertex 54.7942 -2.08989 7.9
    endloop
  endfacet
  facet normal 0.146703 0.989181 -0
    outer loop
      vertex 54.7942 -2.08989 7.9
      vertex 54.5903 -2.05965 36
      vertex 54.7942 -2.08989 36
    endloop
  endfacet
  facet normal 0.146703 0.989181 0
    outer loop
      vertex 54.5903 -2.05965 36
      vertex 54.7942 -2.08989 7.9
      vertex 54.5903 -2.05965 7.9
    endloop
  endfacet
  facet normal 0.595783 -0.803145 0
    outer loop
      vertex 53.6678 1.62332 7.9
      vertex 53.8333 1.74609 36
      vertex 53.6678 1.62332 36
    endloop
  endfacet
  facet normal 0.595783 -0.803145 0
    outer loop
      vertex 53.8333 1.74609 36
      vertex 53.6678 1.62332 7.9
      vertex 53.8333 1.74609 7.9
    endloop
  endfacet
  facet normal -0.671561 0.740949 0
    outer loop
      vertex 56.4849 -1.48492 7.9
      vertex 56.3322 -1.62332 36
      vertex 56.4849 -1.48492 36
    endloop
  endfacet
  facet normal -0.671561 0.740949 0
    outer loop
      vertex 56.3322 -1.62332 36
      vertex 56.4849 -1.48492 7.9
      vertex 56.3322 -1.62332 7.9
    endloop
  endfacet
  facet normal 0.336914 0.941535 -0
    outer loop
      vertex 54.3904 -2.00957 7.9
      vertex 54.1964 -1.94015 36
      vertex 54.3904 -2.00957 36
    endloop
  endfacet
  facet normal 0.336914 0.941535 0
    outer loop
      vertex 54.1964 -1.94015 36
      vertex 54.3904 -2.00957 7.9
      vertex 54.1964 -1.94015 7.9
    endloop
  endfacet
  facet normal -0.146703 -0.989181 0
    outer loop
      vertex 55.2058 2.08989 7.9
      vertex 55.4097 2.05965 36
      vertex 55.2058 2.08989 36
    endloop
  endfacet
  facet normal -0.146703 -0.989181 -0
    outer loop
      vertex 55.4097 2.05965 36
      vertex 55.2058 2.08989 7.9
      vertex 55.4097 2.05965 7.9
    endloop
  endfacet
  facet normal 0.857836 -0.513924 0
    outer loop
      vertex 53.148 0.989933 36
      vertex 53.2539 1.1667 7.9
      vertex 53.2539 1.1667 36
    endloop
  endfacet
  facet normal 0.857836 -0.513924 0
    outer loop
      vertex 53.2539 1.1667 7.9
      vertex 53.148 0.989933 36
      vertex 53.148 0.989933 7.9
    endloop
  endfacet
  facet normal 0.998798 0.0490095 0
    outer loop
      vertex 52.9101 -0.205835 36
      vertex 52.9 0 7.9
      vertex 52.9 0 36
    endloop
  endfacet
  facet normal 0.998798 0.0490095 0
    outer loop
      vertex 52.9 0 7.9
      vertex 52.9101 -0.205835 36
      vertex 52.9101 -0.205835 7.9
    endloop
  endfacet
  facet normal 0.857836 0.513924 0
    outer loop
      vertex 53.2539 -1.1667 36
      vertex 53.148 -0.989933 7.9
      vertex 53.148 -0.989933 36
    endloop
  endfacet
  facet normal 0.857836 0.513924 0
    outer loop
      vertex 53.148 -0.989933 7.9
      vertex 53.2539 -1.1667 36
      vertex 53.2539 -1.1667 7.9
    endloop
  endfacet
  facet normal 0.783278 0.621672 0
    outer loop
      vertex -29.0789 46.2468 36
      vertex -29.207 46.4082 7.9
      vertex -29.207 46.4082 36
    endloop
  endfacet
  facet normal 0.783278 0.621672 0
    outer loop
      vertex -29.207 46.4082 7.9
      vertex -29.0789 46.2468 36
      vertex -29.0789 46.2468 7.9
    endloop
  endfacet
  facet normal 0.621672 -0.783278 0
    outer loop
      vertex -28.8846 49.2103 7.9
      vertex -28.7232 49.3384 36
      vertex -28.8846 49.2103 36
    endloop
  endfacet
  facet normal 0.621672 -0.783278 0
    outer loop
      vertex -28.7232 49.3384 36
      vertex -28.8846 49.2103 7.9
      vertex -28.7232 49.3384 7.9
    endloop
  endfacet
  facet normal 0.541983 -0.840389 0
    outer loop
      vertex -28.7232 49.3384 7.9
      vertex -28.55 49.4501 36
      vertex -28.7232 49.3384 36
    endloop
  endfacet
  facet normal 0.541983 -0.840389 0
    outer loop
      vertex -28.55 49.4501 36
      vertex -28.7232 49.3384 7.9
      vertex -28.55 49.4501 7.9
    endloop
  endfacet
  facet normal 0.695615 -0.718414 0
    outer loop
      vertex -29.0327 49.0669 7.9
      vertex -28.8846 49.2103 36
      vertex -29.0327 49.0669 36
    endloop
  endfacet
  facet normal 0.695615 -0.718414 0
    outer loop
      vertex -28.8846 49.2103 36
      vertex -29.0327 49.0669 7.9
      vertex -28.8846 49.2103 7.9
    endloop
  endfacet
  facet normal 0.456701 -0.88962 0
    outer loop
      vertex -28.55 49.4501 7.9
      vertex -28.3667 49.5442 36
      vertex -28.55 49.4501 36
    endloop
  endfacet
  facet normal 0.456701 -0.88962 0
    outer loop
      vertex -28.3667 49.5442 36
      vertex -28.55 49.4501 7.9
      vertex -28.3667 49.5442 7.9
    endloop
  endfacet
  facet normal 0.996632 0.0820014 0
    outer loop
      vertex -29.582 47.3573 36
      vertex -29.5989 47.5627 7.9
      vertex -29.5989 47.5627 36
    endloop
  endfacet
  facet normal 0.996632 0.0820014 0
    outer loop
      vertex -29.5989 47.5627 7.9
      vertex -29.582 47.3573 36
      vertex -29.582 47.3573 7.9
    endloop
  endfacet
  facet normal 0.485808 0.874066 -0
    outer loop
      vertex -28.4288 45.748 7.9
      vertex -28.6089 45.8481 36
      vertex -28.4288 45.748 36
    endloop
  endfacet
  facet normal 0.485808 0.874066 0
    outer loop
      vertex -28.6089 45.8481 36
      vertex -28.4288 45.748 7.9
      vertex -28.6089 45.8481 7.9
    endloop
  endfacet
  facet normal 0.762502 -0.646986 0
    outer loop
      vertex -29.166 48.9098 36
      vertex -29.0327 49.0669 7.9
      vertex -29.0327 49.0669 36
    endloop
  endfacet
  facet normal 0.762502 -0.646986 0
    outer loop
      vertex -29.0327 49.0669 7.9
      vertex -29.166 48.9098 36
      vertex -29.166 48.9098 7.9
    endloop
  endfacet
  facet normal 0.917455 -0.397839 0
    outer loop
      vertex -29.4654 48.3711 36
      vertex -29.3834 48.5602 7.9
      vertex -29.3834 48.5602 36
    endloop
  endfacet
  facet normal 0.917455 -0.397839 0
    outer loop
      vertex -29.3834 48.5602 7.9
      vertex -29.4654 48.3711 36
      vertex -29.4654 48.3711 7.9
    endloop
  endfacet
  facet normal 0.999864 -0.0165026 0
    outer loop
      vertex -29.5989 47.5627 36
      vertex -29.5955 47.7687 7.9
      vertex -29.5955 47.7687 36
    endloop
  endfacet
  facet normal 0.999864 -0.0165026 0
    outer loop
      vertex -29.5955 47.7687 7.9
      vertex -29.5989 47.5627 36
      vertex -29.5989 47.5627 7.9
    endloop
  endfacet
  facet normal 0.88962 0.456701 0
    outer loop
      vertex -29.3187 46.5814 36
      vertex -29.4128 46.7647 7.9
      vertex -29.4128 46.7647 36
    endloop
  endfacet
  facet normal 0.88962 0.456701 0
    outer loop
      vertex -29.4128 46.7647 7.9
      vertex -29.3187 46.5814 36
      vertex -29.3187 46.5814 7.9
    endloop
  endfacet
  facet normal -0.996632 -0.0820014 0
    outer loop
      vertex -25.4011 47.7001 7.9
      vertex -25.418 47.9055 36
      vertex -25.418 47.9055 7.9
    endloop
  endfacet
  facet normal -0.996632 -0.0820014 0
    outer loop
      vertex -25.418 47.9055 36
      vertex -25.4011 47.7001 7.9
      vertex -25.4011 47.7001 36
    endloop
  endfacet
  facet normal -0.541983 0.840389 0
    outer loop
      vertex -26.2768 45.9244 7.9
      vertex -26.45 45.8127 36
      vertex -26.2768 45.9244 36
    endloop
  endfacet
  facet normal -0.541983 0.840389 0
    outer loop
      vertex -26.45 45.8127 36
      vertex -26.2768 45.9244 7.9
      vertex -26.45 45.8127 7.9
    endloop
  endfacet
  facet normal 0.179014 -0.983847 0
    outer loop
      vertex -27.9769 49.6765 7.9
      vertex -27.7741 49.7134 36
      vertex -27.9769 49.6765 36
    endloop
  endfacet
  facet normal 0.179014 -0.983847 0
    outer loop
      vertex -27.7741 49.7134 36
      vertex -27.9769 49.6765 7.9
      vertex -27.7741 49.7134 7.9
    endloop
  endfacet
  facet normal 0.646986 0.762502 -0
    outer loop
      vertex -28.7784 45.9654 7.9
      vertex -28.9355 46.0987 36
      vertex -28.7784 45.9654 36
    endloop
  endfacet
  facet normal 0.646986 0.762502 0
    outer loop
      vertex -28.9355 46.0987 36
      vertex -28.7784 45.9654 7.9
      vertex -28.9355 46.0987 7.9
    endloop
  endfacet
  facet normal 0.0820014 -0.996632 0
    outer loop
      vertex -27.7741 49.7134 7.9
      vertex -27.5687 49.7303 36
      vertex -27.7741 49.7134 36
    endloop
  endfacet
  facet normal 0.0820014 -0.996632 0
    outer loop
      vertex -27.5687 49.7303 36
      vertex -27.7741 49.7134 7.9
      vertex -27.5687 49.7303 7.9
    endloop
  endfacet
  facet normal 0.97736 -0.211583 0
    outer loop
      vertex -29.572 47.9735 36
      vertex -29.5284 48.1749 7.9
      vertex -29.5284 48.1749 36
    endloop
  endfacet
  facet normal 0.97736 -0.211583 0
    outer loop
      vertex -29.5284 48.1749 7.9
      vertex -29.572 47.9735 36
      vertex -29.572 47.9735 7.9
    endloop
  endfacet
  facet normal 0.961652 0.274272 0
    outer loop
      vertex -29.4886 46.9564 36
      vertex -29.5451 47.1545 7.9
      vertex -29.5451 47.1545 36
    endloop
  endfacet
  facet normal 0.961652 0.274272 0
    outer loop
      vertex -29.5451 47.1545 7.9
      vertex -29.4886 46.9564 36
      vertex -29.4886 46.9564 7.9
    endloop
  endfacet
  facet normal 0.211583 0.97736 -0
    outer loop
      vertex -27.8421 45.5594 7.9
      vertex -28.0435 45.603 36
      vertex -27.8421 45.5594 36
    endloop
  endfacet
  facet normal 0.211583 0.97736 0
    outer loop
      vertex -28.0435 45.603 36
      vertex -27.8421 45.5594 7.9
      vertex -28.0435 45.603 7.9
    endloop
  endfacet
  facet normal -0.718414 -0.695615 0
    outer loop
      vertex -25.9211 49.016 7.9
      vertex -26.0645 49.1641 36
      vertex -26.0645 49.1641 7.9
    endloop
  endfacet
  facet normal -0.718414 -0.695615 0
    outer loop
      vertex -26.0645 49.1641 36
      vertex -25.9211 49.016 7.9
      vertex -25.9211 49.016 36
    endloop
  endfacet
  facet normal -0.305726 -0.952119 0
    outer loop
      vertex -26.9565 49.6598 7.9
      vertex -26.7603 49.5968 36
      vertex -26.9565 49.6598 36
    endloop
  endfacet
  facet normal -0.305726 -0.952119 -0
    outer loop
      vertex -26.7603 49.5968 36
      vertex -26.9565 49.6598 7.9
      vertex -26.7603 49.5968 7.9
    endloop
  endfacet
  facet normal 0.569059 0.822297 -0
    outer loop
      vertex -28.6089 45.8481 7.9
      vertex -28.7784 45.9654 36
      vertex -28.6089 45.8481 36
    endloop
  endfacet
  facet normal 0.569059 0.822297 0
    outer loop
      vertex -28.7784 45.9654 36
      vertex -28.6089 45.8481 7.9
      vertex -28.7784 45.9654 7.9
    endloop
  endfacet
  facet normal -0.21112 -0.97746 0
    outer loop
      vertex -27.1579 49.7033 7.9
      vertex -26.9565 49.6598 36
      vertex -27.1579 49.7033 36
    endloop
  endfacet
  facet normal -0.21112 -0.97746 -0
    outer loop
      vertex -26.9565 49.6598 36
      vertex -27.1579 49.7033 7.9
      vertex -26.9565 49.6598 7.9
    endloop
  endfacet
  facet normal 0.983847 0.179014 0
    outer loop
      vertex -29.5451 47.1545 36
      vertex -29.582 47.3573 7.9
      vertex -29.582 47.3573 36
    endloop
  endfacet
  facet normal 0.983847 0.179014 0
    outer loop
      vertex -29.582 47.3573 7.9
      vertex -29.5451 47.1545 36
      vertex -29.5451 47.1545 7.9
    endloop
  endfacet
  facet normal 0.113998 0.993481 -0
    outer loop
      vertex -27.6373 45.5359 7.9
      vertex -27.8421 45.5594 36
      vertex -27.6373 45.5359 36
    endloop
  endfacet
  facet normal 0.113998 0.993481 0
    outer loop
      vertex -27.8421 45.5594 36
      vertex -27.6373 45.5359 7.9
      vertex -27.8421 45.5594 7.9
    endloop
  endfacet
  facet normal -0.840389 -0.541983 0
    outer loop
      vertex -25.6813 48.6814 7.9
      vertex -25.793 48.8546 36
      vertex -25.793 48.8546 7.9
    endloop
  endfacet
  facet normal -0.840389 -0.541983 0
    outer loop
      vertex -25.793 48.8546 36
      vertex -25.6813 48.6814 7.9
      vertex -25.6813 48.6814 36
    endloop
  endfacet
  facet normal -0.929941 -0.367708 0
    outer loop
      vertex -25.5114 48.3064 7.9
      vertex -25.5872 48.4981 36
      vertex -25.5872 48.4981 7.9
    endloop
  endfacet
  facet normal -0.929941 -0.367708 0
    outer loop
      vertex -25.5872 48.4981 36
      vertex -25.5114 48.3064 7.9
      vertex -25.5114 48.3064 36
    endloop
  endfacet
  facet normal 0.840389 0.541983 0
    outer loop
      vertex -29.207 46.4082 36
      vertex -29.3187 46.5814 7.9
      vertex -29.3187 46.5814 36
    endloop
  endfacet
  facet normal 0.840389 0.541983 0
    outer loop
      vertex -29.3187 46.5814 7.9
      vertex -29.207 46.4082 36
      vertex -29.207 46.4082 7.9
    endloop
  endfacet
  facet normal -0.952119 0.305726 0
    outer loop
      vertex -25.5346 46.8917 7.9
      vertex -25.4716 47.0879 36
      vertex -25.4716 47.0879 7.9
    endloop
  endfacet
  facet normal -0.952119 0.305726 0
    outer loop
      vertex -25.4716 47.0879 36
      vertex -25.5346 46.8917 7.9
      vertex -25.5346 46.8917 36
    endloop
  endfacet
  facet normal 0.929941 0.367708 0
    outer loop
      vertex -29.4128 46.7647 36
      vertex -29.4886 46.9564 7.9
      vertex -29.4886 46.9564 36
    endloop
  endfacet
  facet normal 0.929941 0.367708 0
    outer loop
      vertex -29.4886 46.9564 7.9
      vertex -29.4128 46.7647 36
      vertex -29.4128 46.7647 7.9
    endloop
  endfacet
  facet normal 0.952119 -0.305726 0
    outer loop
      vertex -29.5284 48.1749 36
      vertex -29.4654 48.3711 7.9
      vertex -29.4654 48.3711 36
    endloop
  endfacet
  facet normal 0.952119 -0.305726 0
    outer loop
      vertex -29.4654 48.3711 7.9
      vertex -29.5284 48.1749 36
      vertex -29.5284 48.1749 7.9
    endloop
  endfacet
  facet normal -0.999864 0.0164946 0
    outer loop
      vertex -25.4045 47.494 7.9
      vertex -25.4011 47.7001 36
      vertex -25.4011 47.7001 7.9
    endloop
  endfacet
  facet normal -0.999864 0.0164946 0
    outer loop
      vertex -25.4011 47.7001 36
      vertex -25.4045 47.494 7.9
      vertex -25.4045 47.494 36
    endloop
  endfacet
  facet normal 0.993481 -0.113998 0
    outer loop
      vertex -29.5955 47.7687 36
      vertex -29.572 47.9735 7.9
      vertex -29.572 47.9735 36
    endloop
  endfacet
  facet normal 0.993481 -0.113998 0
    outer loop
      vertex -29.572 47.9735 7.9
      vertex -29.5955 47.7687 36
      vertex -29.5955 47.7687 7.9
    endloop
  endfacet
  facet normal 0.367288 -0.930107 0
    outer loop
      vertex -28.3667 49.5442 7.9
      vertex -28.175 49.6199 36
      vertex -28.3667 49.5442 36
    endloop
  endfacet
  facet normal 0.367288 -0.930107 0
    outer loop
      vertex -28.175 49.6199 36
      vertex -28.3667 49.5442 7.9
      vertex -28.175 49.6199 7.9
    endloop
  endfacet
  facet normal -0.993475 0.114053 0
    outer loop
      vertex -25.428 47.2893 7.9
      vertex -25.4045 47.494 36
      vertex -25.4045 47.494 7.9
    endloop
  endfacet
  facet normal -0.993475 0.114053 0
    outer loop
      vertex -25.4045 47.494 36
      vertex -25.428 47.2893 7.9
      vertex -25.428 47.2893 36
    endloop
  endfacet
  facet normal -0.917455 0.397839 0
    outer loop
      vertex -25.6166 46.7026 7.9
      vertex -25.5346 46.8917 36
      vertex -25.5346 46.8917 7.9
    endloop
  endfacet
  facet normal -0.917455 0.397839 0
    outer loop
      vertex -25.5346 46.8917 36
      vertex -25.6166 46.7026 7.9
      vertex -25.6166 46.7026 36
    endloop
  endfacet
  facet normal -0.569059 -0.822297 0
    outer loop
      vertex -26.3911 49.4147 7.9
      vertex -26.2216 49.2974 36
      vertex -26.3911 49.4147 36
    endloop
  endfacet
  facet normal -0.569059 -0.822297 -0
    outer loop
      vertex -26.2216 49.2974 36
      vertex -26.3911 49.4147 7.9
      vertex -26.2216 49.2974 7.9
    endloop
  endfacet
  facet normal -0.397839 -0.917455 0
    outer loop
      vertex -26.7603 49.5968 7.9
      vertex -26.5712 49.5148 36
      vertex -26.7603 49.5968 36
    endloop
  endfacet
  facet normal -0.397839 -0.917455 -0
    outer loop
      vertex -26.5712 49.5148 36
      vertex -26.7603 49.5968 7.9
      vertex -26.5712 49.5148 7.9
    endloop
  endfacet
  facet normal -0.783278 -0.621672 0
    outer loop
      vertex -25.793 48.8546 7.9
      vertex -25.9211 49.016 36
      vertex -25.9211 49.016 7.9
    endloop
  endfacet
  facet normal -0.783278 -0.621672 0
    outer loop
      vertex -25.9211 49.016 36
      vertex -25.793 48.8546 7.9
      vertex -25.793 48.8546 36
    endloop
  endfacet
  facet normal 0.305726 0.952119 -0
    outer loop
      vertex -28.0435 45.603 7.9
      vertex -28.2397 45.666 36
      vertex -28.0435 45.603 36
    endloop
  endfacet
  facet normal 0.305726 0.952119 0
    outer loop
      vertex -28.2397 45.666 36
      vertex -28.0435 45.603 7.9
      vertex -28.2397 45.666 7.9
    endloop
  endfacet
  facet normal -0.621672 0.783278 0
    outer loop
      vertex -26.1154 46.0525 7.9
      vertex -26.2768 45.9244 36
      vertex -26.1154 46.0525 36
    endloop
  endfacet
  facet normal -0.621672 0.783278 0
    outer loop
      vertex -26.2768 45.9244 36
      vertex -26.1154 46.0525 7.9
      vertex -26.2768 45.9244 7.9
    endloop
  endfacet
  facet normal 0.822297 -0.569059 0
    outer loop
      vertex -29.2833 48.7403 36
      vertex -29.166 48.9098 7.9
      vertex -29.166 48.9098 36
    endloop
  endfacet
  facet normal 0.822297 -0.569059 0
    outer loop
      vertex -29.166 48.9098 7.9
      vertex -29.2833 48.7403 36
      vertex -29.2833 48.7403 7.9
    endloop
  endfacet
  facet normal 0.274721 -0.961524 0
    outer loop
      vertex -28.175 49.6199 7.9
      vertex -27.9769 49.6765 36
      vertex -28.175 49.6199 36
    endloop
  endfacet
  facet normal 0.274721 -0.961524 0
    outer loop
      vertex -27.9769 49.6765 36
      vertex -28.175 49.6199 7.9
      vertex -27.9769 49.6765 7.9
    endloop
  endfacet
  facet normal 0.397839 0.917455 -0
    outer loop
      vertex -28.2397 45.666 7.9
      vertex -28.4288 45.748 36
      vertex -28.2397 45.666 36
    endloop
  endfacet
  facet normal 0.397839 0.917455 0
    outer loop
      vertex -28.4288 45.748 36
      vertex -28.2397 45.666 7.9
      vertex -28.4288 45.748 7.9
    endloop
  endfacet
  facet normal 0.718414 0.695615 0
    outer loop
      vertex -28.9355 46.0987 36
      vertex -29.0789 46.2468 7.9
      vertex -29.0789 46.2468 36
    endloop
  endfacet
  facet normal 0.718414 0.695615 0
    outer loop
      vertex -29.0789 46.2468 7.9
      vertex -28.9355 46.0987 36
      vertex -28.9355 46.0987 7.9
    endloop
  endfacet
  facet normal 0.874066 -0.485808 0
    outer loop
      vertex -29.3834 48.5602 36
      vertex -29.2833 48.7403 7.9
      vertex -29.2833 48.7403 36
    endloop
  endfacet
  facet normal 0.874066 -0.485808 0
    outer loop
      vertex -29.2833 48.7403 7.9
      vertex -29.3834 48.5602 36
      vertex -29.3834 48.5602 7.9
    endloop
  endfacet
  facet normal -0.97736 0.211583 0
    outer loop
      vertex -25.4716 47.0879 7.9
      vertex -25.428 47.2893 36
      vertex -25.428 47.2893 7.9
    endloop
  endfacet
  facet normal -0.97736 0.211583 0
    outer loop
      vertex -25.428 47.2893 36
      vertex -25.4716 47.0879 7.9
      vertex -25.4716 47.0879 36
    endloop
  endfacet
  facet normal -0.0820014 0.996632 0
    outer loop
      vertex -27.2259 45.5494 7.9
      vertex -27.4313 45.5325 36
      vertex -27.2259 45.5494 36
    endloop
  endfacet
  facet normal -0.0820014 0.996632 0
    outer loop
      vertex -27.4313 45.5325 36
      vertex -27.2259 45.5494 7.9
      vertex -27.4313 45.5325 7.9
    endloop
  endfacet
  facet normal 0.0165026 0.999864 -0
    outer loop
      vertex -27.4313 45.5325 7.9
      vertex -27.6373 45.5359 36
      vertex -27.4313 45.5325 36
    endloop
  endfacet
  facet normal 0.0165026 0.999864 0
    outer loop
      vertex -27.6373 45.5359 36
      vertex -27.4313 45.5325 7.9
      vertex -27.6373 45.5359 7.9
    endloop
  endfacet
  facet normal -0.695615 0.718414 0
    outer loop
      vertex -25.9673 46.1959 7.9
      vertex -26.1154 46.0525 36
      vertex -25.9673 46.1959 36
    endloop
  endfacet
  facet normal -0.695615 0.718414 0
    outer loop
      vertex -26.1154 46.0525 36
      vertex -25.9673 46.1959 7.9
      vertex -26.1154 46.0525 7.9
    endloop
  endfacet
  facet normal -0.456701 0.88962 0
    outer loop
      vertex -26.45 45.8127 7.9
      vertex -26.6333 45.7186 36
      vertex -26.45 45.8127 36
    endloop
  endfacet
  facet normal -0.456701 0.88962 0
    outer loop
      vertex -26.6333 45.7186 36
      vertex -26.45 45.8127 7.9
      vertex -26.6333 45.7186 7.9
    endloop
  endfacet
  facet normal -0.88962 -0.456701 0
    outer loop
      vertex -25.5872 48.4981 7.9
      vertex -25.6813 48.6814 36
      vertex -25.6813 48.6814 7.9
    endloop
  endfacet
  facet normal -0.88962 -0.456701 0
    outer loop
      vertex -25.6813 48.6814 36
      vertex -25.5872 48.4981 7.9
      vertex -25.5872 48.4981 36
    endloop
  endfacet
  facet normal -0.961652 -0.274272 0
    outer loop
      vertex -25.4549 48.1083 7.9
      vertex -25.5114 48.3064 36
      vertex -25.5114 48.3064 7.9
    endloop
  endfacet
  facet normal -0.961652 -0.274272 0
    outer loop
      vertex -25.5114 48.3064 36
      vertex -25.4549 48.1083 7.9
      vertex -25.4549 48.1083 36
    endloop
  endfacet
  facet normal -0.983847 -0.179014 0
    outer loop
      vertex -25.418 47.9055 7.9
      vertex -25.4549 48.1083 36
      vertex -25.4549 48.1083 7.9
    endloop
  endfacet
  facet normal -0.983847 -0.179014 0
    outer loop
      vertex -25.4549 48.1083 36
      vertex -25.418 47.9055 7.9
      vertex -25.418 47.9055 36
    endloop
  endfacet
  facet normal -0.762502 0.646986 0
    outer loop
      vertex -25.9673 46.1959 7.9
      vertex -25.834 46.353 36
      vertex -25.834 46.353 7.9
    endloop
  endfacet
  facet normal -0.762502 0.646986 0
    outer loop
      vertex -25.834 46.353 36
      vertex -25.9673 46.1959 7.9
      vertex -25.9673 46.1959 36
    endloop
  endfacet
  facet normal -0.179014 0.983847 0
    outer loop
      vertex -27.0231 45.5863 7.9
      vertex -27.2259 45.5494 36
      vertex -27.0231 45.5863 36
    endloop
  endfacet
  facet normal -0.179014 0.983847 0
    outer loop
      vertex -27.2259 45.5494 36
      vertex -27.0231 45.5863 7.9
      vertex -27.2259 45.5494 7.9
    endloop
  endfacet
  facet normal -0.274272 0.961652 0
    outer loop
      vertex -26.825 45.6428 7.9
      vertex -27.0231 45.5863 36
      vertex -26.825 45.6428 36
    endloop
  endfacet
  facet normal -0.274272 0.961652 0
    outer loop
      vertex -27.0231 45.5863 36
      vertex -26.825 45.6428 7.9
      vertex -27.0231 45.5863 7.9
    endloop
  endfacet
  facet normal -0.114477 -0.993426 0
    outer loop
      vertex -27.3627 49.7269 7.9
      vertex -27.1579 49.7033 36
      vertex -27.3627 49.7269 36
    endloop
  endfacet
  facet normal -0.114477 -0.993426 -0
    outer loop
      vertex -27.1579 49.7033 36
      vertex -27.3627 49.7269 7.9
      vertex -27.1579 49.7033 7.9
    endloop
  endfacet
  facet normal -0.0165026 -0.999864 0
    outer loop
      vertex -27.5687 49.7303 7.9
      vertex -27.3627 49.7269 36
      vertex -27.5687 49.7303 36
    endloop
  endfacet
  facet normal -0.0165026 -0.999864 -0
    outer loop
      vertex -27.3627 49.7269 36
      vertex -27.5687 49.7303 7.9
      vertex -27.3627 49.7269 7.9
    endloop
  endfacet
  facet normal -0.822297 0.569059 0
    outer loop
      vertex -25.834 46.353 7.9
      vertex -25.7167 46.5225 36
      vertex -25.7167 46.5225 7.9
    endloop
  endfacet
  facet normal -0.822297 0.569059 0
    outer loop
      vertex -25.7167 46.5225 36
      vertex -25.834 46.353 7.9
      vertex -25.834 46.353 36
    endloop
  endfacet
  facet normal -0.874066 0.485808 0
    outer loop
      vertex -25.7167 46.5225 7.9
      vertex -25.6166 46.7026 36
      vertex -25.6166 46.7026 7.9
    endloop
  endfacet
  facet normal -0.874066 0.485808 0
    outer loop
      vertex -25.6166 46.7026 36
      vertex -25.7167 46.5225 7.9
      vertex -25.7167 46.5225 36
    endloop
  endfacet
  facet normal -0.485808 -0.874066 0
    outer loop
      vertex -26.5712 49.5148 7.9
      vertex -26.3911 49.4147 36
      vertex -26.5712 49.5148 36
    endloop
  endfacet
  facet normal -0.485808 -0.874066 -0
    outer loop
      vertex -26.3911 49.4147 36
      vertex -26.5712 49.5148 7.9
      vertex -26.3911 49.4147 7.9
    endloop
  endfacet
  facet normal -0.367708 0.929941 0
    outer loop
      vertex -26.6333 45.7186 7.9
      vertex -26.825 45.6428 36
      vertex -26.6333 45.7186 36
    endloop
  endfacet
  facet normal -0.367708 0.929941 0
    outer loop
      vertex -26.825 45.6428 36
      vertex -26.6333 45.7186 7.9
      vertex -26.825 45.6428 7.9
    endloop
  endfacet
  facet normal -0.646986 -0.762502 0
    outer loop
      vertex -26.2216 49.2974 7.9
      vertex -26.0645 49.1641 36
      vertex -26.2216 49.2974 36
    endloop
  endfacet
  facet normal -0.646986 -0.762502 -0
    outer loop
      vertex -26.0645 49.1641 36
      vertex -26.2216 49.2974 7.9
      vertex -26.0645 49.1641 7.9
    endloop
  endfacet
  facet normal 0 0 1
    outer loop
      vertex -25.418 47.9055 7.9
      vertex -25.4045 47.494 7.9
      vertex -25.4011 47.7001 7.9
    endloop
  endfacet
  facet normal 0 0 1
    outer loop
      vertex -25.418 47.9055 7.9
      vertex -25.428 47.2893 7.9
      vertex -25.4045 47.494 7.9
    endloop
  endfacet
  facet normal 0 0 1
    outer loop
      vertex -25.4549 48.1083 7.9
      vertex -25.428 47.2893 7.9
      vertex -25.418 47.9055 7.9
    endloop
  endfacet
  facet normal 0 0 1
    outer loop
      vertex -25.4549 48.1083 7.9
      vertex -25.4716 47.0879 7.9
      vertex -25.428 47.2893 7.9
    endloop
  endfacet
  facet normal 0 0 1
    outer loop
      vertex -25.5114 48.3064 7.9
      vertex -25.4716 47.0879 7.9
      vertex -25.4549 48.1083 7.9
    endloop
  endfacet
  facet normal 0 0 1
    outer loop
      vertex -25.5114 48.3064 7.9
      vertex -25.5346 46.8917 7.9
      vertex -25.4716 47.0879 7.9
    endloop
  endfacet
  facet normal 0 0 1
    outer loop
      vertex -25.5872 48.4981 7.9
      vertex -25.5346 46.8917 7.9
      vertex -25.5114 48.3064 7.9
    endloop
  endfacet
  facet normal 0 0 1
    outer loop
      vertex -25.5872 48.4981 7.9
      vertex -25.6166 46.7026 7.9
      vertex -25.5346 46.8917 7.9
    endloop
  endfacet
  facet normal 0 0 1
    outer loop
      vertex -25.6813 48.6814 7.9
      vertex -25.6166 46.7026 7.9
      vertex -25.5872 48.4981 7.9
    endloop
  endfacet
  facet normal 0 0 1
    outer loop
      vertex -25.6813 48.6814 7.9
      vertex -25.7167 46.5225 7.9
      vertex -25.6166 46.7026 7.9
    endloop
  endfacet
  facet normal 0 0 1
    outer loop
      vertex -25.793 48.8546 7.9
      vertex -25.7167 46.5225 7.9
      vertex -25.6813 48.6814 7.9
    endloop
  endfacet
  facet normal 0 0 1
    outer loop
      vertex -25.793 48.8546 7.9
      vertex -25.834 46.353 7.9
      vertex -25.7167 46.5225 7.9
    endloop
  endfacet
  facet normal 0 0 1
    outer loop
      vertex -25.9211 49.016 7.9
      vertex -25.834 46.353 7.9
      vertex -25.793 48.8546 7.9
    endloop
  endfacet
  facet normal 0 0 1
    outer loop
      vertex -25.9211 49.016 7.9
      vertex -25.9673 46.1959 7.9
      vertex -25.834 46.353 7.9
    endloop
  endfacet
  facet normal 0 0 1
    outer loop
      vertex -26.0645 49.1641 7.9
      vertex -25.9673 46.1959 7.9
      vertex -25.9211 49.016 7.9
    endloop
  endfacet
  facet normal 0 0 1
    outer loop
      vertex -26.0645 49.1641 7.9
      vertex -26.1154 46.0525 7.9
      vertex -25.9673 46.1959 7.9
    endloop
  endfacet
  facet normal 0 0 1
    outer loop
      vertex -26.2216 49.2974 7.9
      vertex -26.1154 46.0525 7.9
      vertex -26.0645 49.1641 7.9
    endloop
  endfacet
  facet normal 0 0 1
    outer loop
      vertex -26.2216 49.2974 7.9
      vertex -26.2768 45.9244 7.9
      vertex -26.1154 46.0525 7.9
    endloop
  endfacet
  facet normal 0 0 1
    outer loop
      vertex -26.3911 49.4147 7.9
      vertex -26.2768 45.9244 7.9
      vertex -26.2216 49.2974 7.9
    endloop
  endfacet
  facet normal 0 0 1
    outer loop
      vertex -26.3911 49.4147 7.9
      vertex -26.45 45.8127 7.9
      vertex -26.2768 45.9244 7.9
    endloop
  endfacet
  facet normal 0 0 1
    outer loop
      vertex -26.5712 49.5148 7.9
      vertex -26.45 45.8127 7.9
      vertex -26.3911 49.4147 7.9
    endloop
  endfacet
  facet normal 0 0 1
    outer loop
      vertex -26.5712 49.5148 7.9
      vertex -26.6333 45.7186 7.9
      vertex -26.45 45.8127 7.9
    endloop
  endfacet
  facet normal 0 0 1
    outer loop
      vertex -26.7603 49.5968 7.9
      vertex -26.6333 45.7186 7.9
      vertex -26.5712 49.5148 7.9
    endloop
  endfacet
  facet normal 0 0 1
    outer loop
      vertex -26.7603 49.5968 7.9
      vertex -26.825 45.6428 7.9
      vertex -26.6333 45.7186 7.9
    endloop
  endfacet
  facet normal 0 0 1
    outer loop
      vertex -26.9565 49.6598 7.9
      vertex -26.825 45.6428 7.9
      vertex -26.7603 49.5968 7.9
    endloop
  endfacet
  facet normal 0 0 1
    outer loop
      vertex -26.9565 49.6598 7.9
      vertex -27.0231 45.5863 7.9
      vertex -26.825 45.6428 7.9
    endloop
  endfacet
  facet normal 0 0 1
    outer loop
      vertex -27.1579 49.7033 7.9
      vertex -27.0231 45.5863 7.9
      vertex -26.9565 49.6598 7.9
    endloop
  endfacet
  facet normal 0 0 1
    outer loop
      vertex -27.1579 49.7033 7.9
      vertex -27.2259 45.5494 7.9
      vertex -27.0231 45.5863 7.9
    endloop
  endfacet
  facet normal 0 0 1
    outer loop
      vertex -27.3627 49.7269 7.9
      vertex -27.2259 45.5494 7.9
      vertex -27.1579 49.7033 7.9
    endloop
  endfacet
  facet normal 0 0 1
    outer loop
      vertex -27.3627 49.7269 7.9
      vertex -27.4313 45.5325 7.9
      vertex -27.2259 45.5494 7.9
    endloop
  endfacet
  facet normal 0 0 1
    outer loop
      vertex -27.5687 49.7303 7.9
      vertex -27.4313 45.5325 7.9
      vertex -27.3627 49.7269 7.9
    endloop
  endfacet
  facet normal 0 0 1
    outer loop
      vertex -27.5687 49.7303 7.9
      vertex -27.6373 45.5359 7.9
      vertex -27.4313 45.5325 7.9
    endloop
  endfacet
  facet normal -0 0 1
    outer loop
      vertex -27.7741 49.7134 7.9
      vertex -27.6373 45.5359 7.9
      vertex -27.5687 49.7303 7.9
    endloop
  endfacet
  facet normal 0 0 1
    outer loop
      vertex -27.7741 49.7134 7.9
      vertex -27.8421 45.5594 7.9
      vertex -27.6373 45.5359 7.9
    endloop
  endfacet
  facet normal -0 0 1
    outer loop
      vertex -27.9769 49.6765 7.9
      vertex -27.8421 45.5594 7.9
      vertex -27.7741 49.7134 7.9
    endloop
  endfacet
  facet normal 0 0 1
    outer loop
      vertex -27.9769 49.6765 7.9
      vertex -28.0435 45.603 7.9
      vertex -27.8421 45.5594 7.9
    endloop
  endfacet
  facet normal -0 0 1
    outer loop
      vertex -28.175 49.6199 7.9
      vertex -28.0435 45.603 7.9
      vertex -27.9769 49.6765 7.9
    endloop
  endfacet
  facet normal 0 0 1
    outer loop
      vertex -28.175 49.6199 7.9
      vertex -28.2397 45.666 7.9
      vertex -28.0435 45.603 7.9
    endloop
  endfacet
  facet normal -0 0 1
    outer loop
      vertex -28.3667 49.5442 7.9
      vertex -28.2397 45.666 7.9
      vertex -28.175 49.6199 7.9
    endloop
  endfacet
  facet normal 0 0 1
    outer loop
      vertex -28.3667 49.5442 7.9
      vertex -28.4288 45.748 7.9
      vertex -28.2397 45.666 7.9
    endloop
  endfacet
  facet normal -0 0 1
    outer loop
      vertex -28.55 49.4501 7.9
      vertex -28.4288 45.748 7.9
      vertex -28.3667 49.5442 7.9
    endloop
  endfacet
  facet normal 0 0 1
    outer loop
      vertex -28.55 49.4501 7.9
      vertex -28.6089 45.8481 7.9
      vertex -28.4288 45.748 7.9
    endloop
  endfacet
  facet normal -0 0 1
    outer loop
      vertex -28.7232 49.3384 7.9
      vertex -28.6089 45.8481 7.9
      vertex -28.55 49.4501 7.9
    endloop
  endfacet
  facet normal 0 0 1
    outer loop
      vertex -28.7232 49.3384 7.9
      vertex -28.7784 45.9654 7.9
      vertex -28.6089 45.8481 7.9
    endloop
  endfacet
  facet normal -0 0 1
    outer loop
      vertex -28.8846 49.2103 7.9
      vertex -28.7784 45.9654 7.9
      vertex -28.7232 49.3384 7.9
    endloop
  endfacet
  facet normal 0 0 1
    outer loop
      vertex -28.8846 49.2103 7.9
      vertex -28.9355 46.0987 7.9
      vertex -28.7784 45.9654 7.9
    endloop
  endfacet
  facet normal -0 0 1
    outer loop
      vertex -29.0327 49.0669 7.9
      vertex -28.9355 46.0987 7.9
      vertex -28.8846 49.2103 7.9
    endloop
  endfacet
  facet normal 0 0 1
    outer loop
      vertex -29.0327 49.0669 7.9
      vertex -29.0789 46.2468 7.9
      vertex -28.9355 46.0987 7.9
    endloop
  endfacet
  facet normal -0 0 1
    outer loop
      vertex -29.166 48.9098 7.9
      vertex -29.0789 46.2468 7.9
      vertex -29.0327 49.0669 7.9
    endloop
  endfacet
  facet normal 0 0 1
    outer loop
      vertex -29.166 48.9098 7.9
      vertex -29.207 46.4082 7.9
      vertex -29.0789 46.2468 7.9
    endloop
  endfacet
  facet normal -0 0 1
    outer loop
      vertex -29.2833 48.7403 7.9
      vertex -29.207 46.4082 7.9
      vertex -29.166 48.9098 7.9
    endloop
  endfacet
  facet normal 0 0 1
    outer loop
      vertex -29.2833 48.7403 7.9
      vertex -29.3187 46.5814 7.9
      vertex -29.207 46.4082 7.9
    endloop
  endfacet
  facet normal -0 0 1
    outer loop
      vertex -29.3834 48.5602 7.9
      vertex -29.3187 46.5814 7.9
      vertex -29.2833 48.7403 7.9
    endloop
  endfacet
  facet normal 0 0 1
    outer loop
      vertex -29.3834 48.5602 7.9
      vertex -29.4128 46.7647 7.9
      vertex -29.3187 46.5814 7.9
    endloop
  endfacet
  facet normal -0 0 1
    outer loop
      vertex -29.4654 48.3711 7.9
      vertex -29.4128 46.7647 7.9
      vertex -29.3834 48.5602 7.9
    endloop
  endfacet
  facet normal 0 0 1
    outer loop
      vertex -29.4654 48.3711 7.9
      vertex -29.4886 46.9564 7.9
      vertex -29.4128 46.7647 7.9
    endloop
  endfacet
  facet normal -0 0 1
    outer loop
      vertex -29.5284 48.1749 7.9
      vertex -29.4886 46.9564 7.9
      vertex -29.4654 48.3711 7.9
    endloop
  endfacet
  facet normal 0 0 1
    outer loop
      vertex -29.5284 48.1749 7.9
      vertex -29.5451 47.1545 7.9
      vertex -29.4886 46.9564 7.9
    endloop
  endfacet
  facet normal -0 0 1
    outer loop
      vertex -29.572 47.9735 7.9
      vertex -29.5451 47.1545 7.9
      vertex -29.5284 48.1749 7.9
    endloop
  endfacet
  facet normal 0 0 1
    outer loop
      vertex -29.572 47.9735 7.9
      vertex -29.582 47.3573 7.9
      vertex -29.5451 47.1545 7.9
    endloop
  endfacet
  facet normal -0 0 1
    outer loop
      vertex -29.5955 47.7687 7.9
      vertex -29.582 47.3573 7.9
      vertex -29.572 47.9735 7.9
    endloop
  endfacet
  facet normal 0 0 1
    outer loop
      vertex -29.582 47.3573 7.9
      vertex -29.5955 47.7687 7.9
      vertex -29.5989 47.5627 7.9
    endloop
  endfacet
  facet normal -0.952119 -0.305726 0
    outer loop
      vertex -25.4716 -47.0879 7.9
      vertex -25.5346 -46.8917 36
      vertex -25.5346 -46.8917 7.9
    endloop
  endfacet
  facet normal -0.952119 -0.305726 0
    outer loop
      vertex -25.5346 -46.8917 36
      vertex -25.4716 -47.0879 7.9
      vertex -25.4716 -47.0879 36
    endloop
  endfacet
  facet normal 0.456701 0.88962 -0
    outer loop
      vertex -28.3667 -49.5442 7.9
      vertex -28.55 -49.4501 36
      vertex -28.3667 -49.5442 36
    endloop
  endfacet
  facet normal 0.456701 0.88962 0
    outer loop
      vertex -28.55 -49.4501 36
      vertex -28.3667 -49.5442 7.9
      vertex -28.55 -49.4501 7.9
    endloop
  endfacet
  facet normal -0.695615 -0.718414 0
    outer loop
      vertex -26.1154 -46.0525 7.9
      vertex -25.9673 -46.1959 36
      vertex -26.1154 -46.0525 36
    endloop
  endfacet
  facet normal -0.695615 -0.718414 -0
    outer loop
      vertex -25.9673 -46.1959 36
      vertex -26.1154 -46.0525 7.9
      vertex -25.9673 -46.1959 7.9
    endloop
  endfacet
  facet normal -0.97736 -0.211583 0
    outer loop
      vertex -25.428 -47.2893 7.9
      vertex -25.4716 -47.0879 36
      vertex -25.4716 -47.0879 7.9
    endloop
  endfacet
  facet normal -0.97736 -0.211583 0
    outer loop
      vertex -25.4716 -47.0879 36
      vertex -25.428 -47.2893 7.9
      vertex -25.428 -47.2893 36
    endloop
  endfacet
  facet normal 0.485808 -0.874066 0
    outer loop
      vertex -28.6089 -45.8481 7.9
      vertex -28.4288 -45.748 36
      vertex -28.6089 -45.8481 36
    endloop
  endfacet
  facet normal 0.485808 -0.874066 0
    outer loop
      vertex -28.4288 -45.748 36
      vertex -28.6089 -45.8481 7.9
      vertex -28.4288 -45.748 7.9
    endloop
  endfacet
  facet normal -0.305726 0.952119 0
    outer loop
      vertex -26.7603 -49.5968 7.9
      vertex -26.9565 -49.6598 36
      vertex -26.7603 -49.5968 36
    endloop
  endfacet
  facet normal -0.305726 0.952119 0
    outer loop
      vertex -26.9565 -49.6598 36
      vertex -26.7603 -49.5968 7.9
      vertex -26.9565 -49.6598 7.9
    endloop
  endfacet
  facet normal 0.993481 0.113998 0
    outer loop
      vertex -29.572 -47.9735 36
      vertex -29.5955 -47.7687 7.9
      vertex -29.5955 -47.7687 36
    endloop
  endfacet
  facet normal 0.993481 0.113998 0
    outer loop
      vertex -29.5955 -47.7687 7.9
      vertex -29.572 -47.9735 36
      vertex -29.572 -47.9735 7.9
    endloop
  endfacet
  facet normal 0.983847 -0.179014 0
    outer loop
      vertex -29.582 -47.3573 36
      vertex -29.5451 -47.1545 7.9
      vertex -29.5451 -47.1545 36
    endloop
  endfacet
  facet normal 0.983847 -0.179014 0
    outer loop
      vertex -29.5451 -47.1545 7.9
      vertex -29.582 -47.3573 36
      vertex -29.582 -47.3573 7.9
    endloop
  endfacet
  facet normal 0.179014 0.983847 -0
    outer loop
      vertex -27.7741 -49.7134 7.9
      vertex -27.9769 -49.6765 36
      vertex -27.7741 -49.7134 36
    endloop
  endfacet
  facet normal 0.179014 0.983847 0
    outer loop
      vertex -27.9769 -49.6765 36
      vertex -27.7741 -49.7134 7.9
      vertex -27.9769 -49.6765 7.9
    endloop
  endfacet
  facet normal -0.485808 0.874066 0
    outer loop
      vertex -26.3911 -49.4147 7.9
      vertex -26.5712 -49.5148 36
      vertex -26.3911 -49.4147 36
    endloop
  endfacet
  facet normal -0.485808 0.874066 0
    outer loop
      vertex -26.5712 -49.5148 36
      vertex -26.3911 -49.4147 7.9
      vertex -26.5712 -49.5148 7.9
    endloop
  endfacet
  facet normal -0.996632 0.0820014 0
    outer loop
      vertex -25.418 -47.9055 7.9
      vertex -25.4011 -47.7001 36
      vertex -25.4011 -47.7001 7.9
    endloop
  endfacet
  facet normal -0.996632 0.0820014 0
    outer loop
      vertex -25.4011 -47.7001 36
      vertex -25.418 -47.9055 7.9
      vertex -25.418 -47.9055 36
    endloop
  endfacet
  facet normal 0.367288 0.930107 -0
    outer loop
      vertex -28.175 -49.6199 7.9
      vertex -28.3667 -49.5442 36
      vertex -28.175 -49.6199 36
    endloop
  endfacet
  facet normal 0.367288 0.930107 0
    outer loop
      vertex -28.3667 -49.5442 36
      vertex -28.175 -49.6199 7.9
      vertex -28.3667 -49.5442 7.9
    endloop
  endfacet
  facet normal -0.21112 0.97746 0
    outer loop
      vertex -26.9565 -49.6598 7.9
      vertex -27.1579 -49.7033 36
      vertex -26.9565 -49.6598 36
    endloop
  endfacet
  facet normal -0.21112 0.97746 0
    outer loop
      vertex -27.1579 -49.7033 36
      vertex -26.9565 -49.6598 7.9
      vertex -27.1579 -49.7033 7.9
    endloop
  endfacet
  facet normal -0.456701 -0.88962 0
    outer loop
      vertex -26.6333 -45.7186 7.9
      vertex -26.45 -45.8127 36
      vertex -26.6333 -45.7186 36
    endloop
  endfacet
  facet normal -0.456701 -0.88962 -0
    outer loop
      vertex -26.45 -45.8127 36
      vertex -26.6333 -45.7186 7.9
      vertex -26.45 -45.8127 7.9
    endloop
  endfacet
  facet normal -0.762502 -0.646986 0
    outer loop
      vertex -25.834 -46.353 7.9
      vertex -25.9673 -46.1959 36
      vertex -25.9673 -46.1959 7.9
    endloop
  endfacet
  facet normal -0.762502 -0.646986 0
    outer loop
      vertex -25.9673 -46.1959 36
      vertex -25.834 -46.353 7.9
      vertex -25.834 -46.353 36
    endloop
  endfacet
  facet normal -0.88962 0.456701 0
    outer loop
      vertex -25.6813 -48.6814 7.9
      vertex -25.5872 -48.4981 36
      vertex -25.5872 -48.4981 7.9
    endloop
  endfacet
  facet normal -0.88962 0.456701 0
    outer loop
      vertex -25.5872 -48.4981 36
      vertex -25.6813 -48.6814 7.9
      vertex -25.6813 -48.6814 36
    endloop
  endfacet
  facet normal 0.996632 -0.0820014 0
    outer loop
      vertex -29.5989 -47.5627 36
      vertex -29.582 -47.3573 7.9
      vertex -29.582 -47.3573 36
    endloop
  endfacet
  facet normal 0.996632 -0.0820014 0
    outer loop
      vertex -29.582 -47.3573 7.9
      vertex -29.5989 -47.5627 36
      vertex -29.5989 -47.5627 7.9
    endloop
  endfacet
  facet normal 0.695615 0.718414 -0
    outer loop
      vertex -28.8846 -49.2103 7.9
      vertex -29.0327 -49.0669 36
      vertex -28.8846 -49.2103 36
    endloop
  endfacet
  facet normal 0.695615 0.718414 0
    outer loop
      vertex -29.0327 -49.0669 36
      vertex -28.8846 -49.2103 7.9
      vertex -29.0327 -49.0669 7.9
    endloop
  endfacet
  facet normal -0.179014 -0.983847 0
    outer loop
      vertex -27.2259 -45.5494 7.9
      vertex -27.0231 -45.5863 36
      vertex -27.2259 -45.5494 36
    endloop
  endfacet
  facet normal -0.179014 -0.983847 -0
    outer loop
      vertex -27.0231 -45.5863 36
      vertex -27.2259 -45.5494 7.9
      vertex -27.0231 -45.5863 7.9
    endloop
  endfacet
  facet normal -0.274272 -0.961652 0
    outer loop
      vertex -27.0231 -45.5863 7.9
      vertex -26.825 -45.6428 36
      vertex -27.0231 -45.5863 36
    endloop
  endfacet
  facet normal -0.274272 -0.961652 -0
    outer loop
      vertex -26.825 -45.6428 36
      vertex -27.0231 -45.5863 7.9
      vertex -26.825 -45.6428 7.9
    endloop
  endfacet
  facet normal -0.961652 0.274272 0
    outer loop
      vertex -25.5114 -48.3064 7.9
      vertex -25.4549 -48.1083 36
      vertex -25.4549 -48.1083 7.9
    endloop
  endfacet
  facet normal -0.961652 0.274272 0
    outer loop
      vertex -25.4549 -48.1083 36
      vertex -25.5114 -48.3064 7.9
      vertex -25.5114 -48.3064 36
    endloop
  endfacet
  facet normal 0.621672 0.783278 -0
    outer loop
      vertex -28.7232 -49.3384 7.9
      vertex -28.8846 -49.2103 36
      vertex -28.7232 -49.3384 36
    endloop
  endfacet
  facet normal 0.621672 0.783278 0
    outer loop
      vertex -28.8846 -49.2103 36
      vertex -28.7232 -49.3384 7.9
      vertex -28.8846 -49.2103 7.9
    endloop
  endfacet
  facet normal -0.874066 -0.485808 0
    outer loop
      vertex -25.6166 -46.7026 7.9
      vertex -25.7167 -46.5225 36
      vertex -25.7167 -46.5225 7.9
    endloop
  endfacet
  facet normal -0.874066 -0.485808 0
    outer loop
      vertex -25.7167 -46.5225 36
      vertex -25.6166 -46.7026 7.9
      vertex -25.6166 -46.7026 36
    endloop
  endfacet
  facet normal -0.840389 0.541983 0
    outer loop
      vertex -25.793 -48.8546 7.9
      vertex -25.6813 -48.6814 36
      vertex -25.6813 -48.6814 7.9
    endloop
  endfacet
  facet normal -0.840389 0.541983 0
    outer loop
      vertex -25.6813 -48.6814 36
      vertex -25.793 -48.8546 7.9
      vertex -25.793 -48.8546 36
    endloop
  endfacet
  facet normal -0.822297 -0.569059 0
    outer loop
      vertex -25.7167 -46.5225 7.9
      vertex -25.834 -46.353 36
      vertex -25.834 -46.353 7.9
    endloop
  endfacet
  facet normal -0.822297 -0.569059 0
    outer loop
      vertex -25.834 -46.353 36
      vertex -25.7167 -46.5225 7.9
      vertex -25.7167 -46.5225 36
    endloop
  endfacet
  facet normal -0.569059 0.822297 0
    outer loop
      vertex -26.2216 -49.2974 7.9
      vertex -26.3911 -49.4147 36
      vertex -26.2216 -49.2974 36
    endloop
  endfacet
  facet normal -0.569059 0.822297 0
    outer loop
      vertex -26.3911 -49.4147 36
      vertex -26.2216 -49.2974 7.9
      vertex -26.3911 -49.4147 7.9
    endloop
  endfacet
  facet normal -0.983847 0.179014 0
    outer loop
      vertex -25.4549 -48.1083 7.9
      vertex -25.418 -47.9055 36
      vertex -25.418 -47.9055 7.9
    endloop
  endfacet
  facet normal -0.983847 0.179014 0
    outer loop
      vertex -25.418 -47.9055 36
      vertex -25.4549 -48.1083 7.9
      vertex -25.4549 -48.1083 36
    endloop
  endfacet
  facet normal 0.0820014 0.996632 -0
    outer loop
      vertex -27.5687 -49.7303 7.9
      vertex -27.7741 -49.7134 36
      vertex -27.5687 -49.7303 36
    endloop
  endfacet
  facet normal 0.0820014 0.996632 0
    outer loop
      vertex -27.7741 -49.7134 36
      vertex -27.5687 -49.7303 7.9
      vertex -27.7741 -49.7134 7.9
    endloop
  endfacet
  facet normal -0.718414 0.695615 0
    outer loop
      vertex -26.0645 -49.1641 7.9
      vertex -25.9211 -49.016 36
      vertex -25.9211 -49.016 7.9
    endloop
  endfacet
  facet normal -0.718414 0.695615 0
    outer loop
      vertex -25.9211 -49.016 36
      vertex -26.0645 -49.1641 7.9
      vertex -26.0645 -49.1641 36
    endloop
  endfacet
  facet normal -0.397839 0.917455 0
    outer loop
      vertex -26.5712 -49.5148 7.9
      vertex -26.7603 -49.5968 36
      vertex -26.5712 -49.5148 36
    endloop
  endfacet
  facet normal -0.397839 0.917455 0
    outer loop
      vertex -26.7603 -49.5968 36
      vertex -26.5712 -49.5148 7.9
      vertex -26.7603 -49.5968 7.9
    endloop
  endfacet
  facet normal 0.541983 0.840389 -0
    outer loop
      vertex -28.55 -49.4501 7.9
      vertex -28.7232 -49.3384 36
      vertex -28.55 -49.4501 36
    endloop
  endfacet
  facet normal 0.541983 0.840389 0
    outer loop
      vertex -28.7232 -49.3384 36
      vertex -28.55 -49.4501 7.9
      vertex -28.7232 -49.3384 7.9
    endloop
  endfacet
  facet normal -0.0165026 0.999864 0
    outer loop
      vertex -27.3627 -49.7269 7.9
      vertex -27.5687 -49.7303 36
      vertex -27.3627 -49.7269 36
    endloop
  endfacet
  facet normal -0.0165026 0.999864 0
    outer loop
      vertex -27.5687 -49.7303 36
      vertex -27.3627 -49.7269 7.9
      vertex -27.5687 -49.7303 7.9
    endloop
  endfacet
  facet normal 0.718414 -0.695615 0
    outer loop
      vertex -29.0789 -46.2468 36
      vertex -28.9355 -46.0987 7.9
      vertex -28.9355 -46.0987 36
    endloop
  endfacet
  facet normal 0.718414 -0.695615 0
    outer loop
      vertex -28.9355 -46.0987 7.9
      vertex -29.0789 -46.2468 36
      vertex -29.0789 -46.2468 7.9
    endloop
  endfacet
  facet normal 0.88962 -0.456701 0
    outer loop
      vertex -29.4128 -46.7647 36
      vertex -29.3187 -46.5814 7.9
      vertex -29.3187 -46.5814 36
    endloop
  endfacet
  facet normal 0.88962 -0.456701 0
    outer loop
      vertex -29.3187 -46.5814 7.9
      vertex -29.4128 -46.7647 36
      vertex -29.4128 -46.7647 7.9
    endloop
  endfacet
  facet normal 0.929941 -0.367708 0
    outer loop
      vertex -29.4886 -46.9564 36
      vertex -29.4128 -46.7647 7.9
      vertex -29.4128 -46.7647 36
    endloop
  endfacet
  facet normal 0.929941 -0.367708 0
    outer loop
      vertex -29.4128 -46.7647 7.9
      vertex -29.4886 -46.9564 36
      vertex -29.4886 -46.9564 7.9
    endloop
  endfacet
  facet normal 0.917455 0.397839 0
    outer loop
      vertex -29.3834 -48.5602 36
      vertex -29.4654 -48.3711 7.9
      vertex -29.4654 -48.3711 36
    endloop
  endfacet
  facet normal 0.917455 0.397839 0
    outer loop
      vertex -29.4654 -48.3711 7.9
      vertex -29.3834 -48.5602 36
      vertex -29.3834 -48.5602 7.9
    endloop
  endfacet
  facet normal 0.874066 0.485808 0
    outer loop
      vertex -29.2833 -48.7403 36
      vertex -29.3834 -48.5602 7.9
      vertex -29.3834 -48.5602 36
    endloop
  endfacet
  facet normal 0.874066 0.485808 0
    outer loop
      vertex -29.3834 -48.5602 7.9
      vertex -29.2833 -48.7403 36
      vertex -29.2833 -48.7403 7.9
    endloop
  endfacet
  facet normal 0.999864 0.0165026 0
    outer loop
      vertex -29.5955 -47.7687 36
      vertex -29.5989 -47.5627 7.9
      vertex -29.5989 -47.5627 36
    endloop
  endfacet
  facet normal 0.999864 0.0165026 0
    outer loop
      vertex -29.5989 -47.5627 7.9
      vertex -29.5955 -47.7687 36
      vertex -29.5955 -47.7687 7.9
    endloop
  endfacet
  facet normal 0.762502 0.646986 0
    outer loop
      vertex -29.0327 -49.0669 36
      vertex -29.166 -48.9098 7.9
      vertex -29.166 -48.9098 36
    endloop
  endfacet
  facet normal 0.762502 0.646986 0
    outer loop
      vertex -29.166 -48.9098 7.9
      vertex -29.0327 -49.0669 36
      vertex -29.0327 -49.0669 7.9
    endloop
  endfacet
  facet normal -0.999864 -0.0164946 0
    outer loop
      vertex -25.4011 -47.7001 7.9
      vertex -25.4045 -47.494 36
      vertex -25.4045 -47.494 7.9
    endloop
  endfacet
  facet normal -0.999864 -0.0164946 0
    outer loop
      vertex -25.4045 -47.494 36
      vertex -25.4011 -47.7001 7.9
      vertex -25.4011 -47.7001 36
    endloop
  endfacet
  facet normal 0 0 1
    outer loop
      vertex -25.4045 -47.494 7.9
      vertex -25.418 -47.9055 7.9
      vertex -25.4011 -47.7001 7.9
    endloop
  endfacet
  facet normal 0 0 1
    outer loop
      vertex -25.428 -47.2893 7.9
      vertex -25.418 -47.9055 7.9
      vertex -25.4045 -47.494 7.9
    endloop
  endfacet
  facet normal 0 0 1
    outer loop
      vertex -25.428 -47.2893 7.9
      vertex -25.4549 -48.1083 7.9
      vertex -25.418 -47.9055 7.9
    endloop
  endfacet
  facet normal 0 0 1
    outer loop
      vertex -25.4716 -47.0879 7.9
      vertex -25.4549 -48.1083 7.9
      vertex -25.428 -47.2893 7.9
    endloop
  endfacet
  facet normal 0 0 1
    outer loop
      vertex -25.4716 -47.0879 7.9
      vertex -25.5114 -48.3064 7.9
      vertex -25.4549 -48.1083 7.9
    endloop
  endfacet
  facet normal 0 0 1
    outer loop
      vertex -25.5346 -46.8917 7.9
      vertex -25.5114 -48.3064 7.9
      vertex -25.4716 -47.0879 7.9
    endloop
  endfacet
  facet normal 0 0 1
    outer loop
      vertex -25.5346 -46.8917 7.9
      vertex -25.5872 -48.4981 7.9
      vertex -25.5114 -48.3064 7.9
    endloop
  endfacet
  facet normal 0 0 1
    outer loop
      vertex -25.6166 -46.7026 7.9
      vertex -25.5872 -48.4981 7.9
      vertex -25.5346 -46.8917 7.9
    endloop
  endfacet
  facet normal 0 0 1
    outer loop
      vertex -25.6166 -46.7026 7.9
      vertex -25.6813 -48.6814 7.9
      vertex -25.5872 -48.4981 7.9
    endloop
  endfacet
  facet normal 0 0 1
    outer loop
      vertex -25.7167 -46.5225 7.9
      vertex -25.6813 -48.6814 7.9
      vertex -25.6166 -46.7026 7.9
    endloop
  endfacet
  facet normal 0 0 1
    outer loop
      vertex -25.7167 -46.5225 7.9
      vertex -25.793 -48.8546 7.9
      vertex -25.6813 -48.6814 7.9
    endloop
  endfacet
  facet normal 0 0 1
    outer loop
      vertex -25.834 -46.353 7.9
      vertex -25.793 -48.8546 7.9
      vertex -25.7167 -46.5225 7.9
    endloop
  endfacet
  facet normal 0 0 1
    outer loop
      vertex -25.834 -46.353 7.9
      vertex -25.9211 -49.016 7.9
      vertex -25.793 -48.8546 7.9
    endloop
  endfacet
  facet normal 0 0 1
    outer loop
      vertex -25.9673 -46.1959 7.9
      vertex -25.9211 -49.016 7.9
      vertex -25.834 -46.353 7.9
    endloop
  endfacet
  facet normal 0 0 1
    outer loop
      vertex -25.9673 -46.1959 7.9
      vertex -26.0645 -49.1641 7.9
      vertex -25.9211 -49.016 7.9
    endloop
  endfacet
  facet normal 0 0 1
    outer loop
      vertex -26.1154 -46.0525 7.9
      vertex -26.0645 -49.1641 7.9
      vertex -25.9673 -46.1959 7.9
    endloop
  endfacet
  facet normal 0 0 1
    outer loop
      vertex -26.1154 -46.0525 7.9
      vertex -26.2216 -49.2974 7.9
      vertex -26.0645 -49.1641 7.9
    endloop
  endfacet
  facet normal 0 0 1
    outer loop
      vertex -26.2768 -45.9244 7.9
      vertex -26.2216 -49.2974 7.9
      vertex -26.1154 -46.0525 7.9
    endloop
  endfacet
  facet normal 0 0 1
    outer loop
      vertex -26.2768 -45.9244 7.9
      vertex -26.3911 -49.4147 7.9
      vertex -26.2216 -49.2974 7.9
    endloop
  endfacet
  facet normal 0 0 1
    outer loop
      vertex -26.45 -45.8127 7.9
      vertex -26.3911 -49.4147 7.9
      vertex -26.2768 -45.9244 7.9
    endloop
  endfacet
  facet normal 0 0 1
    outer loop
      vertex -26.45 -45.8127 7.9
      vertex -26.5712 -49.5148 7.9
      vertex -26.3911 -49.4147 7.9
    endloop
  endfacet
  facet normal 0 0 1
    outer loop
      vertex -26.6333 -45.7186 7.9
      vertex -26.5712 -49.5148 7.9
      vertex -26.45 -45.8127 7.9
    endloop
  endfacet
  facet normal 0 0 1
    outer loop
      vertex -26.6333 -45.7186 7.9
      vertex -26.7603 -49.5968 7.9
      vertex -26.5712 -49.5148 7.9
    endloop
  endfacet
  facet normal 0 0 1
    outer loop
      vertex -26.825 -45.6428 7.9
      vertex -26.7603 -49.5968 7.9
      vertex -26.6333 -45.7186 7.9
    endloop
  endfacet
  facet normal 0 0 1
    outer loop
      vertex -26.825 -45.6428 7.9
      vertex -26.9565 -49.6598 7.9
      vertex -26.7603 -49.5968 7.9
    endloop
  endfacet
  facet normal 0 0 1
    outer loop
      vertex -27.0231 -45.5863 7.9
      vertex -26.9565 -49.6598 7.9
      vertex -26.825 -45.6428 7.9
    endloop
  endfacet
  facet normal 0 0 1
    outer loop
      vertex -27.0231 -45.5863 7.9
      vertex -27.1579 -49.7033 7.9
      vertex -26.9565 -49.6598 7.9
    endloop
  endfacet
  facet normal 0 0 1
    outer loop
      vertex -27.2259 -45.5494 7.9
      vertex -27.1579 -49.7033 7.9
      vertex -27.0231 -45.5863 7.9
    endloop
  endfacet
  facet normal 0 0 1
    outer loop
      vertex -27.2259 -45.5494 7.9
      vertex -27.3627 -49.7269 7.9
      vertex -27.1579 -49.7033 7.9
    endloop
  endfacet
  facet normal 0 0 1
    outer loop
      vertex -27.4313 -45.5325 7.9
      vertex -27.3627 -49.7269 7.9
      vertex -27.2259 -45.5494 7.9
    endloop
  endfacet
  facet normal 0 0 1
    outer loop
      vertex -27.4313 -45.5325 7.9
      vertex -27.5687 -49.7303 7.9
      vertex -27.3627 -49.7269 7.9
    endloop
  endfacet
  facet normal -0 0 1
    outer loop
      vertex -27.6373 -45.5359 7.9
      vertex -27.5687 -49.7303 7.9
      vertex -27.4313 -45.5325 7.9
    endloop
  endfacet
  facet normal 0 0 1
    outer loop
      vertex -27.6373 -45.5359 7.9
      vertex -27.7741 -49.7134 7.9
      vertex -27.5687 -49.7303 7.9
    endloop
  endfacet
  facet normal -0 0 1
    outer loop
      vertex -27.8421 -45.5594 7.9
      vertex -27.7741 -49.7134 7.9
      vertex -27.6373 -45.5359 7.9
    endloop
  endfacet
  facet normal 0 0 1
    outer loop
      vertex -27.8421 -45.5594 7.9
      vertex -27.9769 -49.6765 7.9
      vertex -27.7741 -49.7134 7.9
    endloop
  endfacet
  facet normal -0 0 1
    outer loop
      vertex -28.0435 -45.603 7.9
      vertex -27.9769 -49.6765 7.9
      vertex -27.8421 -45.5594 7.9
    endloop
  endfacet
  facet normal 0 0 1
    outer loop
      vertex -28.0435 -45.603 7.9
      vertex -28.175 -49.6199 7.9
      vertex -27.9769 -49.6765 7.9
    endloop
  endfacet
  facet normal -0 0 1
    outer loop
      vertex -28.2397 -45.666 7.9
      vertex -28.175 -49.6199 7.9
      vertex -28.0435 -45.603 7.9
    endloop
  endfacet
  facet normal 0 0 1
    outer loop
      vertex -28.2397 -45.666 7.9
      vertex -28.3667 -49.5442 7.9
      vertex -28.175 -49.6199 7.9
    endloop
  endfacet
  facet normal -0 0 1
    outer loop
      vertex -28.4288 -45.748 7.9
      vertex -28.3667 -49.5442 7.9
      vertex -28.2397 -45.666 7.9
    endloop
  endfacet
  facet normal 0 0 1
    outer loop
      vertex -28.4288 -45.748 7.9
      vertex -28.55 -49.4501 7.9
      vertex -28.3667 -49.5442 7.9
    endloop
  endfacet
  facet normal -0 0 1
    outer loop
      vertex -28.6089 -45.8481 7.9
      vertex -28.55 -49.4501 7.9
      vertex -28.4288 -45.748 7.9
    endloop
  endfacet
  facet normal 0 0 1
    outer loop
      vertex -28.6089 -45.8481 7.9
      vertex -28.7232 -49.3384 7.9
      vertex -28.55 -49.4501 7.9
    endloop
  endfacet
  facet normal -0 0 1
    outer loop
      vertex -28.7784 -45.9654 7.9
      vertex -28.7232 -49.3384 7.9
      vertex -28.6089 -45.8481 7.9
    endloop
  endfacet
  facet normal 0 0 1
    outer loop
      vertex -28.7784 -45.9654 7.9
      vertex -28.8846 -49.2103 7.9
      vertex -28.7232 -49.3384 7.9
    endloop
  endfacet
  facet normal -0 0 1
    outer loop
      vertex -28.9355 -46.0987 7.9
      vertex -28.8846 -49.2103 7.9
      vertex -28.7784 -45.9654 7.9
    endloop
  endfacet
  facet normal 0 0 1
    outer loop
      vertex -28.9355 -46.0987 7.9
      vertex -29.0327 -49.0669 7.9
      vertex -28.8846 -49.2103 7.9
    endloop
  endfacet
  facet normal -0 0 1
    outer loop
      vertex -29.0789 -46.2468 7.9
      vertex -29.0327 -49.0669 7.9
      vertex -28.9355 -46.0987 7.9
    endloop
  endfacet
  facet normal 0 0 1
    outer loop
      vertex -29.0789 -46.2468 7.9
      vertex -29.166 -48.9098 7.9
      vertex -29.0327 -49.0669 7.9
    endloop
  endfacet
  facet normal -0 0 1
    outer loop
      vertex -29.207 -46.4082 7.9
      vertex -29.166 -48.9098 7.9
      vertex -29.0789 -46.2468 7.9
    endloop
  endfacet
  facet normal 0 0 1
    outer loop
      vertex -29.207 -46.4082 7.9
      vertex -29.2833 -48.7403 7.9
      vertex -29.166 -48.9098 7.9
    endloop
  endfacet
  facet normal -0 0 1
    outer loop
      vertex -29.3187 -46.5814 7.9
      vertex -29.2833 -48.7403 7.9
      vertex -29.207 -46.4082 7.9
    endloop
  endfacet
  facet normal 0 0 1
    outer loop
      vertex -29.3187 -46.5814 7.9
      vertex -29.3834 -48.5602 7.9
      vertex -29.2833 -48.7403 7.9
    endloop
  endfacet
  facet normal -0 0 1
    outer loop
      vertex -29.4128 -46.7647 7.9
      vertex -29.3834 -48.5602 7.9
      vertex -29.3187 -46.5814 7.9
    endloop
  endfacet
  facet normal 0 0 1
    outer loop
      vertex -29.4128 -46.7647 7.9
      vertex -29.4654 -48.3711 7.9
      vertex -29.3834 -48.5602 7.9
    endloop
  endfacet
  facet normal -0 0 1
    outer loop
      vertex -29.4886 -46.9564 7.9
      vertex -29.4654 -48.3711 7.9
      vertex -29.4128 -46.7647 7.9
    endloop
  endfacet
  facet normal 0 0 1
    outer loop
      vertex -29.4886 -46.9564 7.9
      vertex -29.5284 -48.1749 7.9
      vertex -29.4654 -48.3711 7.9
    endloop
  endfacet
  facet normal -0 0 1
    outer loop
      vertex -29.5451 -47.1545 7.9
      vertex -29.5284 -48.1749 7.9
      vertex -29.4886 -46.9564 7.9
    endloop
  endfacet
  facet normal 0 0 1
    outer loop
      vertex -29.5451 -47.1545 7.9
      vertex -29.572 -47.9735 7.9
      vertex -29.5284 -48.1749 7.9
    endloop
  endfacet
  facet normal -0 0 1
    outer loop
      vertex -29.582 -47.3573 7.9
      vertex -29.572 -47.9735 7.9
      vertex -29.5451 -47.1545 7.9
    endloop
  endfacet
  facet normal 0 0 1
    outer loop
      vertex -29.582 -47.3573 7.9
      vertex -29.5955 -47.7687 7.9
      vertex -29.572 -47.9735 7.9
    endloop
  endfacet
  facet normal 0 -0 1
    outer loop
      vertex -29.5955 -47.7687 7.9
      vertex -29.582 -47.3573 7.9
      vertex -29.5989 -47.5627 7.9
    endloop
  endfacet
  facet normal 0.822297 0.569059 0
    outer loop
      vertex -29.166 -48.9098 36
      vertex -29.2833 -48.7403 7.9
      vertex -29.2833 -48.7403 36
    endloop
  endfacet
  facet normal 0.822297 0.569059 0
    outer loop
      vertex -29.2833 -48.7403 7.9
      vertex -29.166 -48.9098 36
      vertex -29.166 -48.9098 7.9
    endloop
  endfacet
  facet normal -0.993475 -0.114053 0
    outer loop
      vertex -25.4045 -47.494 7.9
      vertex -25.428 -47.2893 36
      vertex -25.428 -47.2893 7.9
    endloop
  endfacet
  facet normal -0.993475 -0.114053 0
    outer loop
      vertex -25.428 -47.2893 36
      vertex -25.4045 -47.494 7.9
      vertex -25.4045 -47.494 36
    endloop
  endfacet
  facet normal -0.783278 0.621672 0
    outer loop
      vertex -25.9211 -49.016 7.9
      vertex -25.793 -48.8546 36
      vertex -25.793 -48.8546 7.9
    endloop
  endfacet
  facet normal -0.783278 0.621672 0
    outer loop
      vertex -25.793 -48.8546 36
      vertex -25.9211 -49.016 7.9
      vertex -25.9211 -49.016 36
    endloop
  endfacet
  facet normal -0.114477 0.993426 0
    outer loop
      vertex -27.1579 -49.7033 7.9
      vertex -27.3627 -49.7269 36
      vertex -27.1579 -49.7033 36
    endloop
  endfacet
  facet normal -0.114477 0.993426 0
    outer loop
      vertex -27.3627 -49.7269 36
      vertex -27.1579 -49.7033 7.9
      vertex -27.3627 -49.7269 7.9
    endloop
  endfacet
  facet normal -0.621672 -0.783278 0
    outer loop
      vertex -26.2768 -45.9244 7.9
      vertex -26.1154 -46.0525 36
      vertex -26.2768 -45.9244 36
    endloop
  endfacet
  facet normal -0.621672 -0.783278 -0
    outer loop
      vertex -26.1154 -46.0525 36
      vertex -26.2768 -45.9244 7.9
      vertex -26.1154 -46.0525 7.9
    endloop
  endfacet
  facet normal 0.961652 -0.274272 0
    outer loop
      vertex -29.5451 -47.1545 36
      vertex -29.4886 -46.9564 7.9
      vertex -29.4886 -46.9564 36
    endloop
  endfacet
  facet normal 0.961652 -0.274272 0
    outer loop
      vertex -29.4886 -46.9564 7.9
      vertex -29.5451 -47.1545 36
      vertex -29.5451 -47.1545 7.9
    endloop
  endfacet
  facet normal 0.274721 0.961524 -0
    outer loop
      vertex -27.9769 -49.6765 7.9
      vertex -28.175 -49.6199 36
      vertex -27.9769 -49.6765 36
    endloop
  endfacet
  facet normal 0.274721 0.961524 0
    outer loop
      vertex -28.175 -49.6199 36
      vertex -27.9769 -49.6765 7.9
      vertex -28.175 -49.6199 7.9
    endloop
  endfacet
  facet normal -0.0820014 -0.996632 0
    outer loop
      vertex -27.4313 -45.5325 7.9
      vertex -27.2259 -45.5494 36
      vertex -27.4313 -45.5325 36
    endloop
  endfacet
  facet normal -0.0820014 -0.996632 -0
    outer loop
      vertex -27.2259 -45.5494 36
      vertex -27.4313 -45.5325 7.9
      vertex -27.2259 -45.5494 7.9
    endloop
  endfacet
  facet normal 0.569059 -0.822297 0
    outer loop
      vertex -28.7784 -45.9654 7.9
      vertex -28.6089 -45.8481 36
      vertex -28.7784 -45.9654 36
    endloop
  endfacet
  facet normal 0.569059 -0.822297 0
    outer loop
      vertex -28.6089 -45.8481 36
      vertex -28.7784 -45.9654 7.9
      vertex -28.6089 -45.8481 7.9
    endloop
  endfacet
  facet normal 0.0165026 -0.999864 0
    outer loop
      vertex -27.6373 -45.5359 7.9
      vertex -27.4313 -45.5325 36
      vertex -27.6373 -45.5359 36
    endloop
  endfacet
  facet normal 0.0165026 -0.999864 0
    outer loop
      vertex -27.4313 -45.5325 36
      vertex -27.6373 -45.5359 7.9
      vertex -27.4313 -45.5325 7.9
    endloop
  endfacet
  facet normal -0.929941 0.367708 0
    outer loop
      vertex -25.5872 -48.4981 7.9
      vertex -25.5114 -48.3064 36
      vertex -25.5114 -48.3064 7.9
    endloop
  endfacet
  facet normal -0.929941 0.367708 0
    outer loop
      vertex -25.5114 -48.3064 36
      vertex -25.5872 -48.4981 7.9
      vertex -25.5872 -48.4981 36
    endloop
  endfacet
  facet normal -0.367708 -0.929941 0
    outer loop
      vertex -26.825 -45.6428 7.9
      vertex -26.6333 -45.7186 36
      vertex -26.825 -45.6428 36
    endloop
  endfacet
  facet normal -0.367708 -0.929941 -0
    outer loop
      vertex -26.6333 -45.7186 36
      vertex -26.825 -45.6428 7.9
      vertex -26.6333 -45.7186 7.9
    endloop
  endfacet
  facet normal 0.211583 -0.97736 0
    outer loop
      vertex -28.0435 -45.603 7.9
      vertex -27.8421 -45.5594 36
      vertex -28.0435 -45.603 36
    endloop
  endfacet
  facet normal 0.211583 -0.97736 0
    outer loop
      vertex -27.8421 -45.5594 36
      vertex -28.0435 -45.603 7.9
      vertex -27.8421 -45.5594 7.9
    endloop
  endfacet
  facet normal 0.113998 -0.993481 0
    outer loop
      vertex -27.8421 -45.5594 7.9
      vertex -27.6373 -45.5359 36
      vertex -27.8421 -45.5594 36
    endloop
  endfacet
  facet normal 0.113998 -0.993481 0
    outer loop
      vertex -27.6373 -45.5359 36
      vertex -27.8421 -45.5594 7.9
      vertex -27.6373 -45.5359 7.9
    endloop
  endfacet
  facet normal 0.397839 -0.917455 0
    outer loop
      vertex -28.4288 -45.748 7.9
      vertex -28.2397 -45.666 36
      vertex -28.4288 -45.748 36
    endloop
  endfacet
  facet normal 0.397839 -0.917455 0
    outer loop
      vertex -28.2397 -45.666 36
      vertex -28.4288 -45.748 7.9
      vertex -28.2397 -45.666 7.9
    endloop
  endfacet
  facet normal 0.305726 -0.952119 0
    outer loop
      vertex -28.2397 -45.666 7.9
      vertex -28.0435 -45.603 36
      vertex -28.2397 -45.666 36
    endloop
  endfacet
  facet normal 0.305726 -0.952119 0
    outer loop
      vertex -28.0435 -45.603 36
      vertex -28.2397 -45.666 7.9
      vertex -28.0435 -45.603 7.9
    endloop
  endfacet
  facet normal -0.917455 -0.397839 0
    outer loop
      vertex -25.5346 -46.8917 7.9
      vertex -25.6166 -46.7026 36
      vertex -25.6166 -46.7026 7.9
    endloop
  endfacet
  facet normal -0.917455 -0.397839 0
    outer loop
      vertex -25.6166 -46.7026 36
      vertex -25.5346 -46.8917 7.9
      vertex -25.5346 -46.8917 36
    endloop
  endfacet
  facet normal 0.840389 -0.541983 0
    outer loop
      vertex -29.3187 -46.5814 36
      vertex -29.207 -46.4082 7.9
      vertex -29.207 -46.4082 36
    endloop
  endfacet
  facet normal 0.840389 -0.541983 0
    outer loop
      vertex -29.207 -46.4082 7.9
      vertex -29.3187 -46.5814 36
      vertex -29.3187 -46.5814 7.9
    endloop
  endfacet
  facet normal 0.783278 -0.621672 0
    outer loop
      vertex -29.207 -46.4082 36
      vertex -29.0789 -46.2468 7.9
      vertex -29.0789 -46.2468 36
    endloop
  endfacet
  facet normal 0.783278 -0.621672 0
    outer loop
      vertex -29.0789 -46.2468 7.9
      vertex -29.207 -46.4082 36
      vertex -29.207 -46.4082 7.9
    endloop
  endfacet
  facet normal -0.541983 -0.840389 0
    outer loop
      vertex -26.45 -45.8127 7.9
      vertex -26.2768 -45.9244 36
      vertex -26.45 -45.8127 36
    endloop
  endfacet
  facet normal -0.541983 -0.840389 -0
    outer loop
      vertex -26.2768 -45.9244 36
      vertex -26.45 -45.8127 7.9
      vertex -26.2768 -45.9244 7.9
    endloop
  endfacet
  facet normal 0.646986 -0.762502 0
    outer loop
      vertex -28.9355 -46.0987 7.9
      vertex -28.7784 -45.9654 36
      vertex -28.9355 -46.0987 36
    endloop
  endfacet
  facet normal 0.646986 -0.762502 0
    outer loop
      vertex -28.7784 -45.9654 36
      vertex -28.9355 -46.0987 7.9
      vertex -28.7784 -45.9654 7.9
    endloop
  endfacet
  facet normal -0.646986 0.762502 0
    outer loop
      vertex -26.0645 -49.1641 7.9
      vertex -26.2216 -49.2974 36
      vertex -26.0645 -49.1641 36
    endloop
  endfacet
  facet normal -0.646986 0.762502 0
    outer loop
      vertex -26.2216 -49.2974 36
      vertex -26.0645 -49.1641 7.9
      vertex -26.2216 -49.2974 7.9
    endloop
  endfacet
  facet normal 0.952119 0.305726 0
    outer loop
      vertex -29.4654 -48.3711 36
      vertex -29.5284 -48.1749 7.9
      vertex -29.5284 -48.1749 36
    endloop
  endfacet
  facet normal 0.952119 0.305726 0
    outer loop
      vertex -29.5284 -48.1749 7.9
      vertex -29.4654 -48.3711 36
      vertex -29.4654 -48.3711 7.9
    endloop
  endfacet
  facet normal 0.97736 0.211583 0
    outer loop
      vertex -29.5284 -48.1749 36
      vertex -29.572 -47.9735 7.9
      vertex -29.572 -47.9735 36
    endloop
  endfacet
  facet normal 0.97736 0.211583 0
    outer loop
      vertex -29.572 -47.9735 7.9
      vertex -29.5284 -48.1749 36
      vertex -29.5284 -48.1749 7.9
    endloop
  endfacet
  facet normal -0.671548 0.740961 0
    outer loop
      vertex 7.84888 -52.8489 56
      vertex 7.04177 -53.5804 63
      vertex 7.84888 -52.8489 63
    endloop
  endfacet
  facet normal -0.671548 0.740961 0
    outer loop
      vertex 7.04177 -53.5804 63
      vertex 7.84888 -52.8489 56
      vertex 7.04177 -53.5804 56
    endloop
  endfacet
  facet normal -0.989181 -0.146702 0
    outer loop
      vertex 11.0465 -43.912 56
      vertex 10.8867 -42.8345 63
      vertex 10.8867 -42.8345 56
    endloop
  endfacet
  facet normal -0.989181 -0.146702 0
    outer loop
      vertex 10.8867 -42.8345 63
      vertex 11.0465 -43.912 56
      vertex 11.0465 -43.912 63
    endloop
  endfacet
  facet normal -0.998793 -0.0491135 0
    outer loop
      vertex 11.1 -45 56
      vertex 11.0465 -43.912 63
      vertex 11.0465 -43.912 56
    endloop
  endfacet
  facet normal -0.998793 -0.0491135 0
    outer loop
      vertex 11.0465 -43.912 63
      vertex 11.1 -45 56
      vertex 11.1 -45 63
    endloop
  endfacet
  facet normal -0.970029 -0.242989 0
    outer loop
      vertex 10.8867 -42.8345 56
      vertex 10.622 -41.7778 63
      vertex 10.622 -41.7778 56
    endloop
  endfacet
  facet normal -0.970029 -0.242989 0
    outer loop
      vertex 10.622 -41.7778 63
      vertex 10.8867 -42.8345 56
      vertex 10.8867 -42.8345 63
    endloop
  endfacet
  facet normal -0.427605 0.903966 0
    outer loop
      vertex 5.2325 -54.7893 56
      vertex 4.24779 -55.2551 63
      vertex 5.2325 -54.7893 63
    endloop
  endfacet
  facet normal -0.427605 0.903966 0
    outer loop
      vertex 4.24779 -55.2551 63
      vertex 5.2325 -54.7893 56
      vertex 4.24779 -55.2551 56
    endloop
  endfacet
  facet normal 0.0490223 -0.998798 0
    outer loop
      vertex -1.08799 -33.9534 56
      vertex 0 -33.9 63
      vertex -1.08799 -33.9534 63
    endloop
  endfacet
  facet normal 0.0490223 -0.998798 0
    outer loop
      vertex 0 -33.9 63
      vertex -1.08799 -33.9534 56
      vertex 0 -33.9 56
    endloop
  endfacet
  facet normal 0.427605 -0.903966 0
    outer loop
      vertex -5.2325 -35.2107 56
      vertex -4.24779 -34.7449 63
      vertex -5.2325 -35.2107 63
    endloop
  endfacet
  facet normal 0.427605 -0.903966 0
    outer loop
      vertex -4.24779 -34.7449 63
      vertex -5.2325 -35.2107 56
      vertex -4.24779 -34.7449 56
    endloop
  endfacet
  facet normal -0.740939 -0.671573 0
    outer loop
      vertex 8.58042 -37.9582 56
      vertex 7.84888 -37.1511 63
      vertex 7.84888 -37.1511 56
    endloop
  endfacet
  facet normal -0.740939 -0.671573 0
    outer loop
      vertex 7.84888 -37.1511 63
      vertex 8.58042 -37.9582 56
      vertex 8.58042 -37.9582 63
    endloop
  endfacet
  facet normal 0.14679 0.989168 -0
    outer loop
      vertex -1.08799 -56.0466 56
      vertex -2.1655 -55.8867 63
      vertex -1.08799 -56.0466 63
    endloop
  endfacet
  facet normal 0.14679 0.989168 0
    outer loop
      vertex -2.1655 -55.8867 63
      vertex -1.08799 -56.0466 56
      vertex -2.1655 -55.8867 56
    endloop
  endfacet
  facet normal -0.427605 -0.903966 0
    outer loop
      vertex 4.24779 -34.7449 56
      vertex 5.2325 -35.2107 63
      vertex 4.24779 -34.7449 63
    endloop
  endfacet
  facet normal -0.427605 -0.903966 -0
    outer loop
      vertex 5.2325 -35.2107 63
      vertex 4.24779 -34.7449 56
      vertex 5.2325 -35.2107 56
    endloop
  endfacet
  facet normal 0.14679 -0.989168 0
    outer loop
      vertex -2.1655 -34.1133 56
      vertex -1.08799 -33.9534 63
      vertex -2.1655 -34.1133 63
    endloop
  endfacet
  facet normal 0.14679 -0.989168 0
    outer loop
      vertex -1.08799 -33.9534 63
      vertex -2.1655 -34.1133 56
      vertex -1.08799 -33.9534 56
    endloop
  endfacet
  facet normal -0.242998 0.970027 0
    outer loop
      vertex 3.22216 -55.622 56
      vertex 2.1655 -55.8867 63
      vertex 3.22216 -55.622 63
    endloop
  endfacet
  facet normal -0.242998 0.970027 0
    outer loop
      vertex 2.1655 -55.8867 63
      vertex 3.22216 -55.622 56
      vertex 2.1655 -55.8867 56
    endloop
  endfacet
  facet normal 0.595699 -0.803207 0
    outer loop
      vertex -7.04177 -36.4196 56
      vertex -6.16683 -35.7707 63
      vertex -7.04177 -36.4196 63
    endloop
  endfacet
  facet normal 0.595699 -0.803207 0
    outer loop
      vertex -6.16683 -35.7707 63
      vertex -7.04177 -36.4196 56
      vertex -6.16683 -35.7707 56
    endloop
  endfacet
  facet normal 0.903975 -0.427586 0
    outer loop
      vertex -10.2551 -40.7522 63
      vertex -9.78933 -39.7675 56
      vertex -9.78933 -39.7675 63
    endloop
  endfacet
  facet normal 0.903975 -0.427586 0
    outer loop
      vertex -9.78933 -39.7675 56
      vertex -10.2551 -40.7522 63
      vertex -10.2551 -40.7522 56
    endloop
  endfacet
  facet normal 0.427605 0.903966 -0
    outer loop
      vertex -4.24779 -55.2551 56
      vertex -5.2325 -54.7893 63
      vertex -4.24779 -55.2551 63
    endloop
  endfacet
  facet normal 0.427605 0.903966 0
    outer loop
      vertex -5.2325 -54.7893 63
      vertex -4.24779 -55.2551 56
      vertex -5.2325 -54.7893 56
    endloop
  endfacet
  facet normal 0.595699 0.803207 -0
    outer loop
      vertex -6.16683 -54.2293 56
      vertex -7.04177 -53.5804 63
      vertex -6.16683 -54.2293 63
    endloop
  endfacet
  facet normal 0.595699 0.803207 0
    outer loop
      vertex -7.04177 -53.5804 63
      vertex -6.16683 -54.2293 56
      vertex -7.04177 -53.5804 56
    endloop
  endfacet
  facet normal 0.903975 0.427586 0
    outer loop
      vertex -9.78933 -50.2325 63
      vertex -10.2551 -49.2478 56
      vertex -10.2551 -49.2478 63
    endloop
  endfacet
  facet normal 0.903975 0.427586 0
    outer loop
      vertex -10.2551 -49.2478 56
      vertex -9.78933 -50.2325 63
      vertex -9.78933 -50.2325 56
    endloop
  endfacet
  facet normal -0.514092 -0.857735 0
    outer loop
      vertex 5.2325 -35.2107 56
      vertex 6.16683 -35.7707 63
      vertex 5.2325 -35.2107 63
    endloop
  endfacet
  facet normal -0.514092 -0.857735 -0
    outer loop
      vertex 6.16683 -35.7707 63
      vertex 5.2325 -35.2107 56
      vertex 6.16683 -35.7707 56
    endloop
  endfacet
  facet normal -0.595699 0.803207 0
    outer loop
      vertex 7.04177 -53.5804 56
      vertex 6.16683 -54.2293 63
      vertex 7.04177 -53.5804 63
    endloop
  endfacet
  facet normal -0.595699 0.803207 0
    outer loop
      vertex 6.16683 -54.2293 63
      vertex 7.04177 -53.5804 56
      vertex 6.16683 -54.2293 56
    endloop
  endfacet
  facet normal 0.998793 0.0491135 0
    outer loop
      vertex -11.0465 -46.088 63
      vertex -11.1 -45 56
      vertex -11.1 -45 63
    endloop
  endfacet
  facet normal 0.998793 0.0491135 0
    outer loop
      vertex -11.1 -45 56
      vertex -11.0465 -46.088 63
      vertex -11.0465 -46.088 56
    endloop
  endfacet
  facet normal 0.336828 0.941566 -0
    outer loop
      vertex -3.22216 -55.622 56
      vertex -4.24779 -55.2551 63
      vertex -3.22216 -55.622 63
    endloop
  endfacet
  facet normal 0.336828 0.941566 0
    outer loop
      vertex -4.24779 -55.2551 63
      vertex -3.22216 -55.622 56
      vertex -4.24779 -55.2551 56
    endloop
  endfacet
  facet normal -0.595699 -0.803207 0
    outer loop
      vertex 6.16683 -35.7707 56
      vertex 7.04177 -36.4196 63
      vertex 6.16683 -35.7707 63
    endloop
  endfacet
  facet normal -0.595699 -0.803207 -0
    outer loop
      vertex 7.04177 -36.4196 63
      vertex 6.16683 -35.7707 56
      vertex 7.04177 -36.4196 56
    endloop
  endfacet
  facet normal -0.970029 0.242989 0
    outer loop
      vertex 10.622 -48.2222 56
      vertex 10.8867 -47.1655 63
      vertex 10.8867 -47.1655 56
    endloop
  endfacet
  facet normal -0.970029 0.242989 0
    outer loop
      vertex 10.8867 -47.1655 63
      vertex 10.622 -48.2222 56
      vertex 10.622 -48.2222 63
    endloop
  endfacet
  facet normal 0.941563 0.336837 0
    outer loop
      vertex -10.2551 -49.2478 63
      vertex -10.622 -48.2222 56
      vertex -10.622 -48.2222 63
    endloop
  endfacet
  facet normal 0.941563 0.336837 0
    outer loop
      vertex -10.622 -48.2222 56
      vertex -10.2551 -49.2478 63
      vertex -10.2551 -49.2478 56
    endloop
  endfacet
  facet normal -0.242998 -0.970027 0
    outer loop
      vertex 2.1655 -34.1133 56
      vertex 3.22216 -34.378 63
      vertex 2.1655 -34.1133 63
    endloop
  endfacet
  facet normal -0.242998 -0.970027 -0
    outer loop
      vertex 3.22216 -34.378 63
      vertex 2.1655 -34.1133 56
      vertex 3.22216 -34.378 56
    endloop
  endfacet
  facet normal 0.740939 -0.671573 0
    outer loop
      vertex -8.58042 -37.9582 63
      vertex -7.84888 -37.1511 56
      vertex -7.84888 -37.1511 63
    endloop
  endfacet
  facet normal 0.740939 -0.671573 0
    outer loop
      vertex -7.84888 -37.1511 56
      vertex -8.58042 -37.9582 63
      vertex -8.58042 -37.9582 56
    endloop
  endfacet
  facet normal -0.0490223 0.998798 0
    outer loop
      vertex 1.08799 -56.0466 56
      vertex 0 -56.1 63
      vertex 1.08799 -56.0466 63
    endloop
  endfacet
  facet normal -0.0490223 0.998798 0
    outer loop
      vertex 0 -56.1 63
      vertex 1.08799 -56.0466 56
      vertex 0 -56.1 56
    endloop
  endfacet
  facet normal -0.803231 -0.595667 0
    outer loop
      vertex 9.22931 -38.8332 56
      vertex 8.58042 -37.9582 63
      vertex 8.58042 -37.9582 56
    endloop
  endfacet
  facet normal -0.803231 -0.595667 0
    outer loop
      vertex 8.58042 -37.9582 63
      vertex 9.22931 -38.8332 56
      vertex 9.22931 -38.8332 63
    endloop
  endfacet
  facet normal 0.970029 0.242989 0
    outer loop
      vertex -10.622 -48.2222 63
      vertex -10.8867 -47.1655 56
      vertex -10.8867 -47.1655 63
    endloop
  endfacet
  facet normal 0.970029 0.242989 0
    outer loop
      vertex -10.8867 -47.1655 56
      vertex -10.622 -48.2222 63
      vertex -10.622 -48.2222 56
    endloop
  endfacet
  facet normal -0.989181 0.146702 0
    outer loop
      vertex 10.8867 -47.1655 56
      vertex 11.0465 -46.088 63
      vertex 11.0465 -46.088 56
    endloop
  endfacet
  facet normal -0.989181 0.146702 0
    outer loop
      vertex 11.0465 -46.088 63
      vertex 10.8867 -47.1655 56
      vertex 10.8867 -47.1655 63
    endloop
  endfacet
  facet normal -0.514092 0.857735 0
    outer loop
      vertex 6.16683 -54.2293 56
      vertex 5.2325 -54.7893 63
      vertex 6.16683 -54.2293 63
    endloop
  endfacet
  facet normal -0.514092 0.857735 0
    outer loop
      vertex 5.2325 -54.7893 63
      vertex 6.16683 -54.2293 56
      vertex 5.2325 -54.7893 56
    endloop
  endfacet
  facet normal 0.941563 -0.336837 0
    outer loop
      vertex -10.622 -41.7778 63
      vertex -10.2551 -40.7522 56
      vertex -10.2551 -40.7522 63
    endloop
  endfacet
  facet normal 0.941563 -0.336837 0
    outer loop
      vertex -10.2551 -40.7522 56
      vertex -10.622 -41.7778 63
      vertex -10.622 -41.7778 56
    endloop
  endfacet
  facet normal -0.671548 -0.740961 0
    outer loop
      vertex 7.04177 -36.4196 56
      vertex 7.84888 -37.1511 63
      vertex 7.04177 -36.4196 63
    endloop
  endfacet
  facet normal -0.671548 -0.740961 -0
    outer loop
      vertex 7.84888 -37.1511 63
      vertex 7.04177 -36.4196 56
      vertex 7.84888 -37.1511 56
    endloop
  endfacet
  facet normal 0.989181 -0.146702 0
    outer loop
      vertex -11.0465 -43.912 63
      vertex -10.8867 -42.8345 56
      vertex -10.8867 -42.8345 63
    endloop
  endfacet
  facet normal 0.989181 -0.146702 0
    outer loop
      vertex -10.8867 -42.8345 56
      vertex -11.0465 -43.912 63
      vertex -11.0465 -43.912 56
    endloop
  endfacet
  facet normal -0.903975 0.427586 0
    outer loop
      vertex 9.78933 -50.2325 56
      vertex 10.2551 -49.2478 63
      vertex 10.2551 -49.2478 56
    endloop
  endfacet
  facet normal -0.903975 0.427586 0
    outer loop
      vertex 10.2551 -49.2478 63
      vertex 9.78933 -50.2325 56
      vertex 9.78933 -50.2325 63
    endloop
  endfacet
  facet normal -0.336828 -0.941566 0
    outer loop
      vertex 3.22216 -34.378 56
      vertex 4.24779 -34.7449 63
      vertex 3.22216 -34.378 63
    endloop
  endfacet
  facet normal -0.336828 -0.941566 -0
    outer loop
      vertex 4.24779 -34.7449 63
      vertex 3.22216 -34.378 56
      vertex 4.24779 -34.7449 56
    endloop
  endfacet
  facet normal -0.998793 0.0491135 0
    outer loop
      vertex 11.0465 -46.088 56
      vertex 11.1 -45 63
      vertex 11.1 -45 56
    endloop
  endfacet
  facet normal -0.998793 0.0491135 0
    outer loop
      vertex 11.1 -45 63
      vertex 11.0465 -46.088 56
      vertex 11.0465 -46.088 63
    endloop
  endfacet
  facet normal 0 0 1
    outer loop
      vertex 4.5 -45 56
      vertex 11.1 -45 56
      vertex 11.0465 -43.912 56
    endloop
  endfacet
  facet normal 0 0 1
    outer loop
      vertex 4.47833 -44.5589 56
      vertex 11.0465 -43.912 56
      vertex 10.8867 -42.8345 56
    endloop
  endfacet
  facet normal 0 0 1
    outer loop
      vertex 11.1 -45 56
      vertex 4.5 -45 56
      vertex 11.0465 -46.088 56
    endloop
  endfacet
  facet normal 0 0 1
    outer loop
      vertex 4.41353 -44.1221 56
      vertex 10.8867 -42.8345 56
      vertex 10.622 -41.7778 56
    endloop
  endfacet
  facet normal -0 0 1
    outer loop
      vertex 4.47833 -45.4411 56
      vertex 11.0465 -46.088 56
      vertex 4.5 -45 56
    endloop
  endfacet
  facet normal 0 0 1
    outer loop
      vertex 4.30623 -43.6937 56
      vertex 10.622 -41.7778 56
      vertex 10.2551 -40.7522 56
    endloop
  endfacet
  facet normal 0 0 1
    outer loop
      vertex 11.0465 -46.088 56
      vertex 4.47833 -45.4411 56
      vertex 10.8867 -47.1655 56
    endloop
  endfacet
  facet normal 0 0 1
    outer loop
      vertex 4.15746 -43.2779 56
      vertex 10.2551 -40.7522 56
      vertex 9.78933 -39.7675 56
    endloop
  endfacet
  facet normal -0 0 1
    outer loop
      vertex 4.41353 -45.8779 56
      vertex 10.8867 -47.1655 56
      vertex 4.47833 -45.4411 56
    endloop
  endfacet
  facet normal 0 0 1
    outer loop
      vertex 3.96865 -42.8787 56
      vertex 9.78933 -39.7675 56
      vertex 9.22931 -38.8332 56
    endloop
  endfacet
  facet normal 0 0 1
    outer loop
      vertex 10.8867 -47.1655 56
      vertex 4.41353 -45.8779 56
      vertex 10.622 -48.2222 56
    endloop
  endfacet
  facet normal 0 0 1
    outer loop
      vertex 3.74161 -42.4999 56
      vertex 9.22931 -38.8332 56
      vertex 8.58042 -37.9582 56
    endloop
  endfacet
  facet normal -0 0 1
    outer loop
      vertex 4.30623 -46.3063 56
      vertex 10.622 -48.2222 56
      vertex 4.41353 -45.8779 56
    endloop
  endfacet
  facet normal 0 0 1
    outer loop
      vertex 3.47855 -42.1452 56
      vertex 8.58042 -37.9582 56
      vertex 7.84888 -37.1511 56
    endloop
  endfacet
  facet normal 0 0 1
    outer loop
      vertex 10.622 -48.2222 56
      vertex 4.30623 -46.3063 56
      vertex 10.2551 -49.2478 56
    endloop
  endfacet
  facet normal 0 0 1
    outer loop
      vertex 3.18198 -41.818 56
      vertex 7.84888 -37.1511 56
      vertex 7.04177 -36.4196 56
    endloop
  endfacet
  facet normal -0 0 1
    outer loop
      vertex 4.15746 -46.7221 56
      vertex 10.2551 -49.2478 56
      vertex 4.30623 -46.3063 56
    endloop
  endfacet
  facet normal 0 0 1
    outer loop
      vertex 2.85477 -41.5215 56
      vertex 7.04177 -36.4196 56
      vertex 6.16683 -35.7707 56
    endloop
  endfacet
  facet normal 0 0 1
    outer loop
      vertex 10.2551 -49.2478 56
      vertex 4.15746 -46.7221 56
      vertex 9.78933 -50.2325 56
    endloop
  endfacet
  facet normal 0 0 1
    outer loop
      vertex 2.50007 -41.2584 56
      vertex 6.16683 -35.7707 56
      vertex 5.2325 -35.2107 56
    endloop
  endfacet
  facet normal -0 0 1
    outer loop
      vertex 3.96865 -47.1213 56
      vertex 9.78933 -50.2325 56
      vertex 4.15746 -46.7221 56
    endloop
  endfacet
  facet normal 0 0 1
    outer loop
      vertex 9.78933 -50.2325 56
      vertex 3.96865 -47.1213 56
      vertex 9.22931 -51.1668 56
    endloop
  endfacet
  facet normal 0 0 1
    outer loop
      vertex 11.0465 -43.912 56
      vertex 4.47833 -44.5589 56
      vertex 4.5 -45 56
    endloop
  endfacet
  facet normal 0 0 1
    outer loop
      vertex 10.8867 -42.8345 56
      vertex 4.41353 -44.1221 56
      vertex 4.47833 -44.5589 56
    endloop
  endfacet
  facet normal 0 0 1
    outer loop
      vertex 10.622 -41.7778 56
      vertex 4.30623 -43.6937 56
      vertex 4.41353 -44.1221 56
    endloop
  endfacet
  facet normal 0 0 1
    outer loop
      vertex 2.12128 -41.0314 56
      vertex 5.2325 -35.2107 56
      vertex 4.24779 -34.7449 56
    endloop
  endfacet
  facet normal 0 0 1
    outer loop
      vertex 10.2551 -40.7522 56
      vertex 4.15746 -43.2779 56
      vertex 4.30623 -43.6937 56
    endloop
  endfacet
  facet normal 0 0 1
    outer loop
      vertex 9.78933 -39.7675 56
      vertex 3.96865 -42.8787 56
      vertex 4.15746 -43.2779 56
    endloop
  endfacet
  facet normal 0 0 1
    outer loop
      vertex 9.22931 -38.8332 56
      vertex 3.74161 -42.4999 56
      vertex 3.96865 -42.8787 56
    endloop
  endfacet
  facet normal 0 0 1
    outer loop
      vertex 8.58042 -37.9582 56
      vertex 3.47855 -42.1452 56
      vertex 3.74161 -42.4999 56
    endloop
  endfacet
  facet normal 0 0 1
    outer loop
      vertex 1.72207 -40.8425 56
      vertex 4.24779 -34.7449 56
      vertex 3.22216 -34.378 56
    endloop
  endfacet
  facet normal 0 0 1
    outer loop
      vertex 7.84888 -37.1511 56
      vertex 3.18198 -41.818 56
      vertex 3.47855 -42.1452 56
    endloop
  endfacet
  facet normal 0 0 1
    outer loop
      vertex 7.04177 -36.4196 56
      vertex 2.85477 -41.5215 56
      vertex 3.18198 -41.818 56
    endloop
  endfacet
  facet normal 0 0 1
    outer loop
      vertex 6.16683 -35.7707 56
      vertex 2.50007 -41.2584 56
      vertex 2.85477 -41.5215 56
    endloop
  endfacet
  facet normal 0 0 1
    outer loop
      vertex 1.30628 -40.6938 56
      vertex 3.22216 -34.378 56
      vertex 2.1655 -34.1133 56
    endloop
  endfacet
  facet normal 0 0 1
    outer loop
      vertex 5.2325 -35.2107 56
      vertex 2.12128 -41.0314 56
      vertex 2.50007 -41.2584 56
    endloop
  endfacet
  facet normal 0 0 1
    outer loop
      vertex 4.24779 -34.7449 56
      vertex 1.72207 -40.8425 56
      vertex 2.12128 -41.0314 56
    endloop
  endfacet
  facet normal 0 0 1
    outer loop
      vertex 3.22216 -34.378 56
      vertex 1.30628 -40.6938 56
      vertex 1.72207 -40.8425 56
    endloop
  endfacet
  facet normal 0 0 1
    outer loop
      vertex 0.877906 -40.5865 56
      vertex 2.1655 -34.1133 56
      vertex 1.08799 -33.9534 56
    endloop
  endfacet
  facet normal 0 0 1
    outer loop
      vertex 2.1655 -34.1133 56
      vertex 0.877906 -40.5865 56
      vertex 1.30628 -40.6938 56
    endloop
  endfacet
  facet normal 0 0 1
    outer loop
      vertex 1.08799 -33.9534 56
      vertex 0.441076 -40.5217 56
      vertex 0.877906 -40.5865 56
    endloop
  endfacet
  facet normal 0 0 1
    outer loop
      vertex 0 -33.9 56
      vertex 0.441076 -40.5217 56
      vertex 1.08799 -33.9534 56
    endloop
  endfacet
  facet normal 0 0 1
    outer loop
      vertex 0 -33.9 56
      vertex 0 -40.5 56
      vertex 0.441076 -40.5217 56
    endloop
  endfacet
  facet normal 0 0 1
    outer loop
      vertex 0 -33.9 56
      vertex -0.441076 -40.5217 56
      vertex 0 -40.5 56
    endloop
  endfacet
  facet normal -0 0 1
    outer loop
      vertex -1.08799 -33.9534 56
      vertex -0.441076 -40.5217 56
      vertex 0 -33.9 56
    endloop
  endfacet
  facet normal 0 0 1
    outer loop
      vertex -0.441076 -40.5217 56
      vertex -1.08799 -33.9534 56
      vertex -0.877906 -40.5865 56
    endloop
  endfacet
  facet normal -0 0 1
    outer loop
      vertex -2.1655 -34.1133 56
      vertex -0.877906 -40.5865 56
      vertex -1.08799 -33.9534 56
    endloop
  endfacet
  facet normal 0 0 1
    outer loop
      vertex -0.877906 -40.5865 56
      vertex -2.1655 -34.1133 56
      vertex -1.30628 -40.6938 56
    endloop
  endfacet
  facet normal -0 0 1
    outer loop
      vertex -3.22216 -34.378 56
      vertex -1.30628 -40.6938 56
      vertex -2.1655 -34.1133 56
    endloop
  endfacet
  facet normal 0 0 1
    outer loop
      vertex -1.30628 -40.6938 56
      vertex -3.22216 -34.378 56
      vertex -1.72207 -40.8425 56
    endloop
  endfacet
  facet normal -0 0 1
    outer loop
      vertex -4.24779 -34.7449 56
      vertex -1.72207 -40.8425 56
      vertex -3.22216 -34.378 56
    endloop
  endfacet
  facet normal 0 0 1
    outer loop
      vertex -1.72207 -40.8425 56
      vertex -4.24779 -34.7449 56
      vertex -2.12128 -41.0314 56
    endloop
  endfacet
  facet normal -0 0 1
    outer loop
      vertex -5.2325 -35.2107 56
      vertex -2.12128 -41.0314 56
      vertex -4.24779 -34.7449 56
    endloop
  endfacet
  facet normal 0 0 1
    outer loop
      vertex -2.12128 -41.0314 56
      vertex -5.2325 -35.2107 56
      vertex -2.50007 -41.2584 56
    endloop
  endfacet
  facet normal -0 0 1
    outer loop
      vertex -6.16683 -35.7707 56
      vertex -2.50007 -41.2584 56
      vertex -5.2325 -35.2107 56
    endloop
  endfacet
  facet normal 0 0 1
    outer loop
      vertex -2.50007 -41.2584 56
      vertex -6.16683 -35.7707 56
      vertex -2.85477 -41.5215 56
    endloop
  endfacet
  facet normal -0 0 1
    outer loop
      vertex -7.04177 -36.4196 56
      vertex -2.85477 -41.5215 56
      vertex -6.16683 -35.7707 56
    endloop
  endfacet
  facet normal 0 0 1
    outer loop
      vertex -2.85477 -41.5215 56
      vertex -7.04177 -36.4196 56
      vertex -3.18198 -41.818 56
    endloop
  endfacet
  facet normal -0 0 1
    outer loop
      vertex -7.84888 -37.1511 56
      vertex -3.18198 -41.818 56
      vertex -7.04177 -36.4196 56
    endloop
  endfacet
  facet normal 0 0 1
    outer loop
      vertex -3.18198 -41.818 56
      vertex -7.84888 -37.1511 56
      vertex -3.47855 -42.1452 56
    endloop
  endfacet
  facet normal -0 0 1
    outer loop
      vertex -8.58042 -37.9582 56
      vertex -3.47855 -42.1452 56
      vertex -7.84888 -37.1511 56
    endloop
  endfacet
  facet normal 0 0 1
    outer loop
      vertex -3.47855 -42.1452 56
      vertex -8.58042 -37.9582 56
      vertex -3.74161 -42.4999 56
    endloop
  endfacet
  facet normal -0 0 1
    outer loop
      vertex -9.22931 -38.8332 56
      vertex -3.74161 -42.4999 56
      vertex -8.58042 -37.9582 56
    endloop
  endfacet
  facet normal 0 0 1
    outer loop
      vertex -3.74161 -42.4999 56
      vertex -9.22931 -38.8332 56
      vertex -3.96865 -42.8787 56
    endloop
  endfacet
  facet normal -0 0 1
    outer loop
      vertex 3.74161 -47.5001 56
      vertex 9.22931 -51.1668 56
      vertex 3.96865 -47.1213 56
    endloop
  endfacet
  facet normal 0 0 1
    outer loop
      vertex 9.22931 -51.1668 56
      vertex 3.74161 -47.5001 56
      vertex 8.58042 -52.0418 56
    endloop
  endfacet
  facet normal -0 0 1
    outer loop
      vertex 3.47855 -47.8548 56
      vertex 8.58042 -52.0418 56
      vertex 3.74161 -47.5001 56
    endloop
  endfacet
  facet normal 0 0 1
    outer loop
      vertex 8.58042 -52.0418 56
      vertex 3.47855 -47.8548 56
      vertex 7.84888 -52.8489 56
    endloop
  endfacet
  facet normal -0 0 1
    outer loop
      vertex 3.18198 -48.182 56
      vertex 7.84888 -52.8489 56
      vertex 3.47855 -47.8548 56
    endloop
  endfacet
  facet normal 0 0 1
    outer loop
      vertex 7.84888 -52.8489 56
      vertex 3.18198 -48.182 56
      vertex 7.04177 -53.5804 56
    endloop
  endfacet
  facet normal -0 0 1
    outer loop
      vertex 2.85477 -48.4785 56
      vertex 7.04177 -53.5804 56
      vertex 3.18198 -48.182 56
    endloop
  endfacet
  facet normal 0 0 1
    outer loop
      vertex 7.04177 -53.5804 56
      vertex 2.85477 -48.4785 56
      vertex 6.16683 -54.2293 56
    endloop
  endfacet
  facet normal -0 0 1
    outer loop
      vertex 2.50007 -48.7416 56
      vertex 6.16683 -54.2293 56
      vertex 2.85477 -48.4785 56
    endloop
  endfacet
  facet normal 0 0 1
    outer loop
      vertex 6.16683 -54.2293 56
      vertex 2.50007 -48.7416 56
      vertex 5.2325 -54.7893 56
    endloop
  endfacet
  facet normal -0 0 1
    outer loop
      vertex 2.12128 -48.9686 56
      vertex 5.2325 -54.7893 56
      vertex 2.50007 -48.7416 56
    endloop
  endfacet
  facet normal 0 0 1
    outer loop
      vertex 5.2325 -54.7893 56
      vertex 2.12128 -48.9686 56
      vertex 4.24779 -55.2551 56
    endloop
  endfacet
  facet normal -0 0 1
    outer loop
      vertex 1.72207 -49.1575 56
      vertex 4.24779 -55.2551 56
      vertex 2.12128 -48.9686 56
    endloop
  endfacet
  facet normal 0 0 1
    outer loop
      vertex 4.24779 -55.2551 56
      vertex 1.72207 -49.1575 56
      vertex 3.22216 -55.622 56
    endloop
  endfacet
  facet normal -0 0 1
    outer loop
      vertex 1.30628 -49.3062 56
      vertex 3.22216 -55.622 56
      vertex 1.72207 -49.1575 56
    endloop
  endfacet
  facet normal 0 0 1
    outer loop
      vertex 3.22216 -55.622 56
      vertex 1.30628 -49.3062 56
      vertex 2.1655 -55.8867 56
    endloop
  endfacet
  facet normal -0 0 1
    outer loop
      vertex 0.877906 -49.4135 56
      vertex 2.1655 -55.8867 56
      vertex 1.30628 -49.3062 56
    endloop
  endfacet
  facet normal 0 0 1
    outer loop
      vertex 2.1655 -55.8867 56
      vertex 0.877906 -49.4135 56
      vertex 1.08799 -56.0466 56
    endloop
  endfacet
  facet normal -0 0 1
    outer loop
      vertex 0.441076 -49.4783 56
      vertex 1.08799 -56.0466 56
      vertex 0.877906 -49.4135 56
    endloop
  endfacet
  facet normal -0 0 1
    outer loop
      vertex 0 -49.5 56
      vertex 1.08799 -56.0466 56
      vertex 0.441076 -49.4783 56
    endloop
  endfacet
  facet normal 0 0 1
    outer loop
      vertex 0 -49.5 56
      vertex 0 -56.1 56
      vertex 1.08799 -56.0466 56
    endloop
  endfacet
  facet normal 0 0 1
    outer loop
      vertex -0.441076 -49.4783 56
      vertex 0 -56.1 56
      vertex 0 -49.5 56
    endloop
  endfacet
  facet normal 0 0 1
    outer loop
      vertex -1.08799 -56.0466 56
      vertex -0.441076 -49.4783 56
      vertex -0.877906 -49.4135 56
    endloop
  endfacet
  facet normal 0 0 1
    outer loop
      vertex -0.441076 -49.4783 56
      vertex -1.08799 -56.0466 56
      vertex 0 -56.1 56
    endloop
  endfacet
  facet normal 0 0 1
    outer loop
      vertex -2.1655 -55.8867 56
      vertex -0.877906 -49.4135 56
      vertex -1.30628 -49.3062 56
    endloop
  endfacet
  facet normal 0 0 1
    outer loop
      vertex -3.22216 -55.622 56
      vertex -1.30628 -49.3062 56
      vertex -1.72207 -49.1575 56
    endloop
  endfacet
  facet normal 0 0 1
    outer loop
      vertex -4.24779 -55.2551 56
      vertex -1.72207 -49.1575 56
      vertex -2.12128 -48.9686 56
    endloop
  endfacet
  facet normal 0 0 1
    outer loop
      vertex -0.877906 -49.4135 56
      vertex -2.1655 -55.8867 56
      vertex -1.08799 -56.0466 56
    endloop
  endfacet
  facet normal 0 0 1
    outer loop
      vertex -5.2325 -54.7893 56
      vertex -2.12128 -48.9686 56
      vertex -2.50007 -48.7416 56
    endloop
  endfacet
  facet normal 0 0 1
    outer loop
      vertex -6.16683 -54.2293 56
      vertex -2.50007 -48.7416 56
      vertex -2.85477 -48.4785 56
    endloop
  endfacet
  facet normal 0 0 1
    outer loop
      vertex -7.04177 -53.5804 56
      vertex -2.85477 -48.4785 56
      vertex -3.18198 -48.182 56
    endloop
  endfacet
  facet normal 0 0 1
    outer loop
      vertex -1.30628 -49.3062 56
      vertex -3.22216 -55.622 56
      vertex -2.1655 -55.8867 56
    endloop
  endfacet
  facet normal 0 0 1
    outer loop
      vertex -7.84888 -52.8489 56
      vertex -3.18198 -48.182 56
      vertex -3.47855 -47.8548 56
    endloop
  endfacet
  facet normal 0 0 1
    outer loop
      vertex -8.58042 -52.0418 56
      vertex -3.47855 -47.8548 56
      vertex -3.74161 -47.5001 56
    endloop
  endfacet
  facet normal 0 0 1
    outer loop
      vertex -9.22931 -51.1668 56
      vertex -3.74161 -47.5001 56
      vertex -3.96865 -47.1213 56
    endloop
  endfacet
  facet normal 0 0 1
    outer loop
      vertex -9.78933 -50.2325 56
      vertex -3.96865 -47.1213 56
      vertex -4.15746 -46.7221 56
    endloop
  endfacet
  facet normal 0 0 1
    outer loop
      vertex -1.72207 -49.1575 56
      vertex -4.24779 -55.2551 56
      vertex -3.22216 -55.622 56
    endloop
  endfacet
  facet normal 0 0 1
    outer loop
      vertex -10.2551 -49.2478 56
      vertex -4.15746 -46.7221 56
      vertex -4.30623 -46.3063 56
    endloop
  endfacet
  facet normal 0 0 1
    outer loop
      vertex -10.622 -48.2222 56
      vertex -4.30623 -46.3063 56
      vertex -4.41353 -45.8779 56
    endloop
  endfacet
  facet normal 0 0 1
    outer loop
      vertex -10.8867 -47.1655 56
      vertex -4.41353 -45.8779 56
      vertex -4.47833 -45.4411 56
    endloop
  endfacet
  facet normal 0 0 1
    outer loop
      vertex -11.0465 -46.088 56
      vertex -4.47833 -45.4411 56
      vertex -4.5 -45 56
    endloop
  endfacet
  facet normal -0 0 1
    outer loop
      vertex -9.78933 -39.7675 56
      vertex -3.96865 -42.8787 56
      vertex -9.22931 -38.8332 56
    endloop
  endfacet
  facet normal 0 0 1
    outer loop
      vertex -2.12128 -48.9686 56
      vertex -5.2325 -54.7893 56
      vertex -4.24779 -55.2551 56
    endloop
  endfacet
  facet normal 0 0 1
    outer loop
      vertex -3.96865 -42.8787 56
      vertex -9.78933 -39.7675 56
      vertex -4.15746 -43.2779 56
    endloop
  endfacet
  facet normal 0 0 1
    outer loop
      vertex -2.50007 -48.7416 56
      vertex -6.16683 -54.2293 56
      vertex -5.2325 -54.7893 56
    endloop
  endfacet
  facet normal -0 0 1
    outer loop
      vertex -10.2551 -40.7522 56
      vertex -4.15746 -43.2779 56
      vertex -9.78933 -39.7675 56
    endloop
  endfacet
  facet normal 0 0 1
    outer loop
      vertex -2.85477 -48.4785 56
      vertex -7.04177 -53.5804 56
      vertex -6.16683 -54.2293 56
    endloop
  endfacet
  facet normal 0 0 1
    outer loop
      vertex -4.15746 -43.2779 56
      vertex -10.2551 -40.7522 56
      vertex -4.30623 -43.6937 56
    endloop
  endfacet
  facet normal 0 0 1
    outer loop
      vertex -3.18198 -48.182 56
      vertex -7.84888 -52.8489 56
      vertex -7.04177 -53.5804 56
    endloop
  endfacet
  facet normal -0 0 1
    outer loop
      vertex -10.622 -41.7778 56
      vertex -4.30623 -43.6937 56
      vertex -10.2551 -40.7522 56
    endloop
  endfacet
  facet normal 0 0 1
    outer loop
      vertex -3.47855 -47.8548 56
      vertex -8.58042 -52.0418 56
      vertex -7.84888 -52.8489 56
    endloop
  endfacet
  facet normal 0 0 1
    outer loop
      vertex -4.30623 -43.6937 56
      vertex -10.622 -41.7778 56
      vertex -4.41353 -44.1221 56
    endloop
  endfacet
  facet normal 0 0 1
    outer loop
      vertex -3.74161 -47.5001 56
      vertex -9.22931 -51.1668 56
      vertex -8.58042 -52.0418 56
    endloop
  endfacet
  facet normal -0 0 1
    outer loop
      vertex -10.8867 -42.8345 56
      vertex -4.41353 -44.1221 56
      vertex -10.622 -41.7778 56
    endloop
  endfacet
  facet normal 0 0 1
    outer loop
      vertex -3.96865 -47.1213 56
      vertex -9.78933 -50.2325 56
      vertex -9.22931 -51.1668 56
    endloop
  endfacet
  facet normal 0 0 1
    outer loop
      vertex -4.41353 -44.1221 56
      vertex -10.8867 -42.8345 56
      vertex -4.47833 -44.5589 56
    endloop
  endfacet
  facet normal 0 0 1
    outer loop
      vertex -4.15746 -46.7221 56
      vertex -10.2551 -49.2478 56
      vertex -9.78933 -50.2325 56
    endloop
  endfacet
  facet normal -0 0 1
    outer loop
      vertex -11.0465 -43.912 56
      vertex -4.47833 -44.5589 56
      vertex -10.8867 -42.8345 56
    endloop
  endfacet
  facet normal 0 0 1
    outer loop
      vertex -4.30623 -46.3063 56
      vertex -10.622 -48.2222 56
      vertex -10.2551 -49.2478 56
    endloop
  endfacet
  facet normal 0 0 1
    outer loop
      vertex -4.47833 -44.5589 56
      vertex -11.0465 -43.912 56
      vertex -4.5 -45 56
    endloop
  endfacet
  facet normal 0 0 1
    outer loop
      vertex -4.41353 -45.8779 56
      vertex -10.8867 -47.1655 56
      vertex -10.622 -48.2222 56
    endloop
  endfacet
  facet normal 0 0 1
    outer loop
      vertex -11.1 -45 56
      vertex -4.5 -45 56
      vertex -11.0465 -43.912 56
    endloop
  endfacet
  facet normal 0 0 1
    outer loop
      vertex -4.47833 -45.4411 56
      vertex -11.0465 -46.088 56
      vertex -10.8867 -47.1655 56
    endloop
  endfacet
  facet normal 0 0 1
    outer loop
      vertex -4.5 -45 56
      vertex -11.1 -45 56
      vertex -11.0465 -46.088 56
    endloop
  endfacet
  facet normal -0.14679 0.989168 0
    outer loop
      vertex 2.1655 -55.8867 56
      vertex 1.08799 -56.0466 63
      vertex 2.1655 -55.8867 63
    endloop
  endfacet
  facet normal -0.14679 0.989168 0
    outer loop
      vertex 1.08799 -56.0466 63
      vertex 2.1655 -55.8867 56
      vertex 1.08799 -56.0466 56
    endloop
  endfacet
  facet normal -0.941563 -0.336837 0
    outer loop
      vertex 10.622 -41.7778 56
      vertex 10.2551 -40.7522 63
      vertex 10.2551 -40.7522 56
    endloop
  endfacet
  facet normal -0.941563 -0.336837 0
    outer loop
      vertex 10.2551 -40.7522 63
      vertex 10.622 -41.7778 56
      vertex 10.622 -41.7778 63
    endloop
  endfacet
  facet normal -0.803231 0.595667 0
    outer loop
      vertex 8.58042 -52.0418 56
      vertex 9.22931 -51.1668 63
      vertex 9.22931 -51.1668 56
    endloop
  endfacet
  facet normal -0.803231 0.595667 0
    outer loop
      vertex 9.22931 -51.1668 63
      vertex 8.58042 -52.0418 56
      vertex 8.58042 -52.0418 63
    endloop
  endfacet
  facet normal -0.85772 0.514118 0
    outer loop
      vertex 9.22931 -51.1668 56
      vertex 9.78933 -50.2325 63
      vertex 9.78933 -50.2325 56
    endloop
  endfacet
  facet normal -0.85772 0.514118 0
    outer loop
      vertex 9.78933 -50.2325 63
      vertex 9.22931 -51.1668 56
      vertex 9.22931 -51.1668 63
    endloop
  endfacet
  facet normal 0.242998 -0.970027 0
    outer loop
      vertex -3.22216 -34.378 56
      vertex -2.1655 -34.1133 63
      vertex -3.22216 -34.378 63
    endloop
  endfacet
  facet normal 0.242998 -0.970027 0
    outer loop
      vertex -2.1655 -34.1133 63
      vertex -3.22216 -34.378 56
      vertex -2.1655 -34.1133 56
    endloop
  endfacet
  facet normal -0.941563 0.336837 0
    outer loop
      vertex 10.2551 -49.2478 56
      vertex 10.622 -48.2222 63
      vertex 10.622 -48.2222 56
    endloop
  endfacet
  facet normal -0.941563 0.336837 0
    outer loop
      vertex 10.622 -48.2222 63
      vertex 10.2551 -49.2478 56
      vertex 10.2551 -49.2478 63
    endloop
  endfacet
  facet normal -0.0490223 -0.998798 0
    outer loop
      vertex 0 -33.9 56
      vertex 1.08799 -33.9534 63
      vertex 0 -33.9 63
    endloop
  endfacet
  facet normal -0.0490223 -0.998798 -0
    outer loop
      vertex 1.08799 -33.9534 63
      vertex 0 -33.9 56
      vertex 1.08799 -33.9534 56
    endloop
  endfacet
  facet normal 0.514092 -0.857735 0
    outer loop
      vertex -6.16683 -35.7707 56
      vertex -5.2325 -35.2107 63
      vertex -6.16683 -35.7707 63
    endloop
  endfacet
  facet normal 0.514092 -0.857735 0
    outer loop
      vertex -5.2325 -35.2107 63
      vertex -6.16683 -35.7707 56
      vertex -5.2325 -35.2107 56
    endloop
  endfacet
  facet normal -0.903975 -0.427586 0
    outer loop
      vertex 10.2551 -40.7522 56
      vertex 9.78933 -39.7675 63
      vertex 9.78933 -39.7675 56
    endloop
  endfacet
  facet normal -0.903975 -0.427586 0
    outer loop
      vertex 9.78933 -39.7675 63
      vertex 10.2551 -40.7522 56
      vertex 10.2551 -40.7522 63
    endloop
  endfacet
  facet normal -0.14679 -0.989168 0
    outer loop
      vertex 1.08799 -33.9534 56
      vertex 2.1655 -34.1133 63
      vertex 1.08799 -33.9534 63
    endloop
  endfacet
  facet normal -0.14679 -0.989168 -0
    outer loop
      vertex 2.1655 -34.1133 63
      vertex 1.08799 -33.9534 56
      vertex 2.1655 -34.1133 56
    endloop
  endfacet
  facet normal 0.242998 0.970027 -0
    outer loop
      vertex -2.1655 -55.8867 56
      vertex -3.22216 -55.622 63
      vertex -2.1655 -55.8867 63
    endloop
  endfacet
  facet normal 0.242998 0.970027 0
    outer loop
      vertex -3.22216 -55.622 63
      vertex -2.1655 -55.8867 56
      vertex -3.22216 -55.622 56
    endloop
  endfacet
  facet normal 0.85772 0.514118 0
    outer loop
      vertex -9.22931 -51.1668 63
      vertex -9.78933 -50.2325 56
      vertex -9.78933 -50.2325 63
    endloop
  endfacet
  facet normal 0.85772 0.514118 0
    outer loop
      vertex -9.78933 -50.2325 56
      vertex -9.22931 -51.1668 63
      vertex -9.22931 -51.1668 56
    endloop
  endfacet
  facet normal -0.85772 -0.514118 0
    outer loop
      vertex 9.78933 -39.7675 56
      vertex 9.22931 -38.8332 63
      vertex 9.22931 -38.8332 56
    endloop
  endfacet
  facet normal -0.85772 -0.514118 0
    outer loop
      vertex 9.22931 -38.8332 63
      vertex 9.78933 -39.7675 56
      vertex 9.78933 -39.7675 63
    endloop
  endfacet
  facet normal 0.336828 -0.941566 0
    outer loop
      vertex -4.24779 -34.7449 56
      vertex -3.22216 -34.378 63
      vertex -4.24779 -34.7449 63
    endloop
  endfacet
  facet normal 0.336828 -0.941566 0
    outer loop
      vertex -3.22216 -34.378 63
      vertex -4.24779 -34.7449 56
      vertex -3.22216 -34.378 56
    endloop
  endfacet
  facet normal 0.740939 0.671573 0
    outer loop
      vertex -7.84888 -52.8489 63
      vertex -8.58042 -52.0418 56
      vertex -8.58042 -52.0418 63
    endloop
  endfacet
  facet normal 0.740939 0.671573 0
    outer loop
      vertex -8.58042 -52.0418 56
      vertex -7.84888 -52.8489 63
      vertex -7.84888 -52.8489 56
    endloop
  endfacet
  facet normal 0.671548 -0.740961 0
    outer loop
      vertex -7.84888 -37.1511 56
      vertex -7.04177 -36.4196 63
      vertex -7.84888 -37.1511 63
    endloop
  endfacet
  facet normal 0.671548 -0.740961 0
    outer loop
      vertex -7.04177 -36.4196 63
      vertex -7.84888 -37.1511 56
      vertex -7.04177 -36.4196 56
    endloop
  endfacet
  facet normal 0.514092 0.857735 -0
    outer loop
      vertex -5.2325 -54.7893 56
      vertex -6.16683 -54.2293 63
      vertex -5.2325 -54.7893 63
    endloop
  endfacet
  facet normal 0.514092 0.857735 0
    outer loop
      vertex -6.16683 -54.2293 63
      vertex -5.2325 -54.7893 56
      vertex -6.16683 -54.2293 56
    endloop
  endfacet
  facet normal 0.970029 -0.242989 0
    outer loop
      vertex -10.8867 -42.8345 63
      vertex -10.622 -41.7778 56
      vertex -10.622 -41.7778 63
    endloop
  endfacet
  facet normal 0.970029 -0.242989 0
    outer loop
      vertex -10.622 -41.7778 56
      vertex -10.8867 -42.8345 63
      vertex -10.8867 -42.8345 56
    endloop
  endfacet
  facet normal -0.336828 0.941566 0
    outer loop
      vertex 4.24779 -55.2551 56
      vertex 3.22216 -55.622 63
      vertex 4.24779 -55.2551 63
    endloop
  endfacet
  facet normal -0.336828 0.941566 0
    outer loop
      vertex 3.22216 -55.622 63
      vertex 4.24779 -55.2551 56
      vertex 3.22216 -55.622 56
    endloop
  endfacet
  facet normal 0.803231 0.595667 0
    outer loop
      vertex -8.58042 -52.0418 63
      vertex -9.22931 -51.1668 56
      vertex -9.22931 -51.1668 63
    endloop
  endfacet
  facet normal 0.803231 0.595667 0
    outer loop
      vertex -9.22931 -51.1668 56
      vertex -8.58042 -52.0418 63
      vertex -8.58042 -52.0418 56
    endloop
  endfacet
  facet normal 0.989181 0.146702 0
    outer loop
      vertex -10.8867 -47.1655 63
      vertex -11.0465 -46.088 56
      vertex -11.0465 -46.088 63
    endloop
  endfacet
  facet normal 0.989181 0.146702 0
    outer loop
      vertex -11.0465 -46.088 56
      vertex -10.8867 -47.1655 63
      vertex -10.8867 -47.1655 56
    endloop
  endfacet
  facet normal 0.671548 0.740961 -0
    outer loop
      vertex -7.04177 -53.5804 56
      vertex -7.84888 -52.8489 63
      vertex -7.04177 -53.5804 63
    endloop
  endfacet
  facet normal 0.671548 0.740961 0
    outer loop
      vertex -7.84888 -52.8489 63
      vertex -7.04177 -53.5804 56
      vertex -7.84888 -52.8489 56
    endloop
  endfacet
  facet normal 0.803231 -0.595667 0
    outer loop
      vertex -9.22931 -38.8332 63
      vertex -8.58042 -37.9582 56
      vertex -8.58042 -37.9582 63
    endloop
  endfacet
  facet normal 0.803231 -0.595667 0
    outer loop
      vertex -8.58042 -37.9582 56
      vertex -9.22931 -38.8332 63
      vertex -9.22931 -38.8332 56
    endloop
  endfacet
  facet normal 0.85772 -0.514118 0
    outer loop
      vertex -9.78933 -39.7675 63
      vertex -9.22931 -38.8332 56
      vertex -9.22931 -38.8332 63
    endloop
  endfacet
  facet normal 0.85772 -0.514118 0
    outer loop
      vertex -9.22931 -38.8332 56
      vertex -9.78933 -39.7675 63
      vertex -9.78933 -39.7675 56
    endloop
  endfacet
  facet normal 0.0490223 0.998798 -0
    outer loop
      vertex 0 -56.1 56
      vertex -1.08799 -56.0466 63
      vertex 0 -56.1 63
    endloop
  endfacet
  facet normal 0.0490223 0.998798 0
    outer loop
      vertex -1.08799 -56.0466 63
      vertex 0 -56.1 56
      vertex -1.08799 -56.0466 56
    endloop
  endfacet
  facet normal 0.998793 -0.0491135 0
    outer loop
      vertex -11.1 -45 63
      vertex -11.0465 -43.912 56
      vertex -11.0465 -43.912 63
    endloop
  endfacet
  facet normal 0.998793 -0.0491135 0
    outer loop
      vertex -11.0465 -43.912 56
      vertex -11.1 -45 63
      vertex -11.1 -45 56
    endloop
  endfacet
  facet normal -0.740939 0.671573 0
    outer loop
      vertex 7.84888 -52.8489 56
      vertex 8.58042 -52.0418 63
      vertex 8.58042 -52.0418 56
    endloop
  endfacet
  facet normal -0.740939 0.671573 0
    outer loop
      vertex 8.58042 -52.0418 63
      vertex 7.84888 -52.8489 56
      vertex 7.84888 -52.8489 63
    endloop
  endfacet
  facet normal 0 0 1
    outer loop
      vertex 4.5 45 56
      vertex 11.1 45 56
      vertex 11.0465 46.088 56
    endloop
  endfacet
  facet normal 0 0 1
    outer loop
      vertex 4.47833 45.4411 56
      vertex 11.0465 46.088 56
      vertex 10.8867 47.1655 56
    endloop
  endfacet
  facet normal 0 0 1
    outer loop
      vertex 11.1 45 56
      vertex 4.5 45 56
      vertex 11.0465 43.912 56
    endloop
  endfacet
  facet normal 0 0 1
    outer loop
      vertex 4.41353 45.8779 56
      vertex 10.8867 47.1655 56
      vertex 10.622 48.2222 56
    endloop
  endfacet
  facet normal -0 0 1
    outer loop
      vertex 4.47833 44.5589 56
      vertex 11.0465 43.912 56
      vertex 4.5 45 56
    endloop
  endfacet
  facet normal 0 0 1
    outer loop
      vertex 4.30623 46.3063 56
      vertex 10.622 48.2222 56
      vertex 10.2551 49.2478 56
    endloop
  endfacet
  facet normal 0 0 1
    outer loop
      vertex 11.0465 43.912 56
      vertex 4.47833 44.5589 56
      vertex 10.8867 42.8345 56
    endloop
  endfacet
  facet normal 0 0 1
    outer loop
      vertex 4.15746 46.7221 56
      vertex 10.2551 49.2478 56
      vertex 9.78933 50.2325 56
    endloop
  endfacet
  facet normal -0 0 1
    outer loop
      vertex 4.41353 44.1221 56
      vertex 10.8867 42.8345 56
      vertex 4.47833 44.5589 56
    endloop
  endfacet
  facet normal 0 0 1
    outer loop
      vertex 3.96865 47.1213 56
      vertex 9.78933 50.2325 56
      vertex 9.22931 51.1668 56
    endloop
  endfacet
  facet normal 0 0 1
    outer loop
      vertex 10.8867 42.8345 56
      vertex 4.41353 44.1221 56
      vertex 10.622 41.7778 56
    endloop
  endfacet
  facet normal 0 0 1
    outer loop
      vertex 3.74161 47.5001 56
      vertex 9.22931 51.1668 56
      vertex 8.58042 52.0418 56
    endloop
  endfacet
  facet normal -0 0 1
    outer loop
      vertex 4.30623 43.6937 56
      vertex 10.622 41.7778 56
      vertex 4.41353 44.1221 56
    endloop
  endfacet
  facet normal 0 0 1
    outer loop
      vertex 3.47855 47.8548 56
      vertex 8.58042 52.0418 56
      vertex 7.84888 52.8489 56
    endloop
  endfacet
  facet normal 0 0 1
    outer loop
      vertex 10.622 41.7778 56
      vertex 4.30623 43.6937 56
      vertex 10.2551 40.7522 56
    endloop
  endfacet
  facet normal 0 0 1
    outer loop
      vertex 3.18198 48.182 56
      vertex 7.84888 52.8489 56
      vertex 7.04177 53.5804 56
    endloop
  endfacet
  facet normal -0 0 1
    outer loop
      vertex 4.15746 43.2779 56
      vertex 10.2551 40.7522 56
      vertex 4.30623 43.6937 56
    endloop
  endfacet
  facet normal 0 0 1
    outer loop
      vertex 2.85477 48.4785 56
      vertex 7.04177 53.5804 56
      vertex 6.16683 54.2293 56
    endloop
  endfacet
  facet normal 0 0 1
    outer loop
      vertex 10.2551 40.7522 56
      vertex 4.15746 43.2779 56
      vertex 9.78933 39.7675 56
    endloop
  endfacet
  facet normal 0 0 1
    outer loop
      vertex 2.50007 48.7416 56
      vertex 6.16683 54.2293 56
      vertex 5.2325 54.7893 56
    endloop
  endfacet
  facet normal -0 0 1
    outer loop
      vertex 3.96865 42.8787 56
      vertex 9.78933 39.7675 56
      vertex 4.15746 43.2779 56
    endloop
  endfacet
  facet normal 0 0 1
    outer loop
      vertex 9.78933 39.7675 56
      vertex 3.96865 42.8787 56
      vertex 9.22931 38.8332 56
    endloop
  endfacet
  facet normal 0 0 1
    outer loop
      vertex 11.0465 46.088 56
      vertex 4.47833 45.4411 56
      vertex 4.5 45 56
    endloop
  endfacet
  facet normal 0 0 1
    outer loop
      vertex 10.8867 47.1655 56
      vertex 4.41353 45.8779 56
      vertex 4.47833 45.4411 56
    endloop
  endfacet
  facet normal 0 0 1
    outer loop
      vertex 10.622 48.2222 56
      vertex 4.30623 46.3063 56
      vertex 4.41353 45.8779 56
    endloop
  endfacet
  facet normal 0 0 1
    outer loop
      vertex 2.12128 48.9686 56
      vertex 5.2325 54.7893 56
      vertex 4.24779 55.2551 56
    endloop
  endfacet
  facet normal 0 0 1
    outer loop
      vertex 10.2551 49.2478 56
      vertex 4.15746 46.7221 56
      vertex 4.30623 46.3063 56
    endloop
  endfacet
  facet normal 0 0 1
    outer loop
      vertex 9.78933 50.2325 56
      vertex 3.96865 47.1213 56
      vertex 4.15746 46.7221 56
    endloop
  endfacet
  facet normal 0 0 1
    outer loop
      vertex 9.22931 51.1668 56
      vertex 3.74161 47.5001 56
      vertex 3.96865 47.1213 56
    endloop
  endfacet
  facet normal 0 0 1
    outer loop
      vertex 8.58042 52.0418 56
      vertex 3.47855 47.8548 56
      vertex 3.74161 47.5001 56
    endloop
  endfacet
  facet normal 0 0 1
    outer loop
      vertex 1.72207 49.1575 56
      vertex 4.24779 55.2551 56
      vertex 3.22216 55.622 56
    endloop
  endfacet
  facet normal 0 0 1
    outer loop
      vertex 7.84888 52.8489 56
      vertex 3.18198 48.182 56
      vertex 3.47855 47.8548 56
    endloop
  endfacet
  facet normal 0 0 1
    outer loop
      vertex 7.04177 53.5804 56
      vertex 2.85477 48.4785 56
      vertex 3.18198 48.182 56
    endloop
  endfacet
  facet normal 0 0 1
    outer loop
      vertex 6.16683 54.2293 56
      vertex 2.50007 48.7416 56
      vertex 2.85477 48.4785 56
    endloop
  endfacet
  facet normal 0 0 1
    outer loop
      vertex 1.30628 49.3062 56
      vertex 3.22216 55.622 56
      vertex 2.1655 55.8867 56
    endloop
  endfacet
  facet normal 0 0 1
    outer loop
      vertex 5.2325 54.7893 56
      vertex 2.12128 48.9686 56
      vertex 2.50007 48.7416 56
    endloop
  endfacet
  facet normal 0 0 1
    outer loop
      vertex 4.24779 55.2551 56
      vertex 1.72207 49.1575 56
      vertex 2.12128 48.9686 56
    endloop
  endfacet
  facet normal 0 0 1
    outer loop
      vertex 3.22216 55.622 56
      vertex 1.30628 49.3062 56
      vertex 1.72207 49.1575 56
    endloop
  endfacet
  facet normal 0 0 1
    outer loop
      vertex 0.877906 49.4135 56
      vertex 2.1655 55.8867 56
      vertex 1.08799 56.0466 56
    endloop
  endfacet
  facet normal 0 0 1
    outer loop
      vertex 2.1655 55.8867 56
      vertex 0.877906 49.4135 56
      vertex 1.30628 49.3062 56
    endloop
  endfacet
  facet normal 0 0 1
    outer loop
      vertex 1.08799 56.0466 56
      vertex 0.441076 49.4783 56
      vertex 0.877906 49.4135 56
    endloop
  endfacet
  facet normal 0 0 1
    outer loop
      vertex 0 56.1 56
      vertex 0.441076 49.4783 56
      vertex 1.08799 56.0466 56
    endloop
  endfacet
  facet normal 0 0 1
    outer loop
      vertex 0 56.1 56
      vertex 0 49.5 56
      vertex 0.441076 49.4783 56
    endloop
  endfacet
  facet normal 0 0 1
    outer loop
      vertex 0 56.1 56
      vertex -0.441076 49.4783 56
      vertex 0 49.5 56
    endloop
  endfacet
  facet normal -0 0 1
    outer loop
      vertex -1.08799 56.0466 56
      vertex -0.441076 49.4783 56
      vertex 0 56.1 56
    endloop
  endfacet
  facet normal 0 0 1
    outer loop
      vertex -0.441076 49.4783 56
      vertex -1.08799 56.0466 56
      vertex -0.877906 49.4135 56
    endloop
  endfacet
  facet normal -0 0 1
    outer loop
      vertex -2.1655 55.8867 56
      vertex -0.877906 49.4135 56
      vertex -1.08799 56.0466 56
    endloop
  endfacet
  facet normal 0 0 1
    outer loop
      vertex -0.877906 49.4135 56
      vertex -2.1655 55.8867 56
      vertex -1.30628 49.3062 56
    endloop
  endfacet
  facet normal -0 0 1
    outer loop
      vertex -3.22216 55.622 56
      vertex -1.30628 49.3062 56
      vertex -2.1655 55.8867 56
    endloop
  endfacet
  facet normal 0 0 1
    outer loop
      vertex -1.30628 49.3062 56
      vertex -3.22216 55.622 56
      vertex -1.72207 49.1575 56
    endloop
  endfacet
  facet normal -0 0 1
    outer loop
      vertex -4.24779 55.2551 56
      vertex -1.72207 49.1575 56
      vertex -3.22216 55.622 56
    endloop
  endfacet
  facet normal 0 0 1
    outer loop
      vertex -1.72207 49.1575 56
      vertex -4.24779 55.2551 56
      vertex -2.12128 48.9686 56
    endloop
  endfacet
  facet normal -0 0 1
    outer loop
      vertex -5.2325 54.7893 56
      vertex -2.12128 48.9686 56
      vertex -4.24779 55.2551 56
    endloop
  endfacet
  facet normal 0 0 1
    outer loop
      vertex -2.12128 48.9686 56
      vertex -5.2325 54.7893 56
      vertex -2.50007 48.7416 56
    endloop
  endfacet
  facet normal -0 0 1
    outer loop
      vertex -6.16683 54.2293 56
      vertex -2.50007 48.7416 56
      vertex -5.2325 54.7893 56
    endloop
  endfacet
  facet normal 0 0 1
    outer loop
      vertex -2.50007 48.7416 56
      vertex -6.16683 54.2293 56
      vertex -2.85477 48.4785 56
    endloop
  endfacet
  facet normal -0 0 1
    outer loop
      vertex -7.04177 53.5804 56
      vertex -2.85477 48.4785 56
      vertex -6.16683 54.2293 56
    endloop
  endfacet
  facet normal 0 0 1
    outer loop
      vertex -2.85477 48.4785 56
      vertex -7.04177 53.5804 56
      vertex -3.18198 48.182 56
    endloop
  endfacet
  facet normal -0 0 1
    outer loop
      vertex -7.84888 52.8489 56
      vertex -3.18198 48.182 56
      vertex -7.04177 53.5804 56
    endloop
  endfacet
  facet normal 0 0 1
    outer loop
      vertex -3.18198 48.182 56
      vertex -7.84888 52.8489 56
      vertex -3.47855 47.8548 56
    endloop
  endfacet
  facet normal -0 0 1
    outer loop
      vertex -8.58042 52.0418 56
      vertex -3.47855 47.8548 56
      vertex -7.84888 52.8489 56
    endloop
  endfacet
  facet normal 0 0 1
    outer loop
      vertex -3.47855 47.8548 56
      vertex -8.58042 52.0418 56
      vertex -3.74161 47.5001 56
    endloop
  endfacet
  facet normal -0 0 1
    outer loop
      vertex -9.22931 51.1668 56
      vertex -3.74161 47.5001 56
      vertex -8.58042 52.0418 56
    endloop
  endfacet
  facet normal 0 0 1
    outer loop
      vertex -3.74161 47.5001 56
      vertex -9.22931 51.1668 56
      vertex -3.96865 47.1213 56
    endloop
  endfacet
  facet normal -0 0 1
    outer loop
      vertex 3.74161 42.4999 56
      vertex 9.22931 38.8332 56
      vertex 3.96865 42.8787 56
    endloop
  endfacet
  facet normal 0 0 1
    outer loop
      vertex 9.22931 38.8332 56
      vertex 3.74161 42.4999 56
      vertex 8.58042 37.9582 56
    endloop
  endfacet
  facet normal -0 0 1
    outer loop
      vertex 3.47855 42.1452 56
      vertex 8.58042 37.9582 56
      vertex 3.74161 42.4999 56
    endloop
  endfacet
  facet normal 0 0 1
    outer loop
      vertex 8.58042 37.9582 56
      vertex 3.47855 42.1452 56
      vertex 7.84888 37.1511 56
    endloop
  endfacet
  facet normal -0 0 1
    outer loop
      vertex 3.18198 41.818 56
      vertex 7.84888 37.1511 56
      vertex 3.47855 42.1452 56
    endloop
  endfacet
  facet normal 0 0 1
    outer loop
      vertex 7.84888 37.1511 56
      vertex 3.18198 41.818 56
      vertex 7.04177 36.4196 56
    endloop
  endfacet
  facet normal -0 0 1
    outer loop
      vertex 2.85477 41.5215 56
      vertex 7.04177 36.4196 56
      vertex 3.18198 41.818 56
    endloop
  endfacet
  facet normal 0 0 1
    outer loop
      vertex 7.04177 36.4196 56
      vertex 2.85477 41.5215 56
      vertex 6.16683 35.7707 56
    endloop
  endfacet
  facet normal -0 0 1
    outer loop
      vertex 2.50007 41.2584 56
      vertex 6.16683 35.7707 56
      vertex 2.85477 41.5215 56
    endloop
  endfacet
  facet normal 0 0 1
    outer loop
      vertex 6.16683 35.7707 56
      vertex 2.50007 41.2584 56
      vertex 5.2325 35.2107 56
    endloop
  endfacet
  facet normal -0 0 1
    outer loop
      vertex 2.12128 41.0314 56
      vertex 5.2325 35.2107 56
      vertex 2.50007 41.2584 56
    endloop
  endfacet
  facet normal 0 0 1
    outer loop
      vertex 5.2325 35.2107 56
      vertex 2.12128 41.0314 56
      vertex 4.24779 34.7449 56
    endloop
  endfacet
  facet normal -0 0 1
    outer loop
      vertex 1.72207 40.8425 56
      vertex 4.24779 34.7449 56
      vertex 2.12128 41.0314 56
    endloop
  endfacet
  facet normal 0 0 1
    outer loop
      vertex 4.24779 34.7449 56
      vertex 1.72207 40.8425 56
      vertex 3.22216 34.378 56
    endloop
  endfacet
  facet normal -0 0 1
    outer loop
      vertex 1.30628 40.6938 56
      vertex 3.22216 34.378 56
      vertex 1.72207 40.8425 56
    endloop
  endfacet
  facet normal 0 0 1
    outer loop
      vertex 3.22216 34.378 56
      vertex 1.30628 40.6938 56
      vertex 2.1655 34.1133 56
    endloop
  endfacet
  facet normal -0 0 1
    outer loop
      vertex 0.877906 40.5865 56
      vertex 2.1655 34.1133 56
      vertex 1.30628 40.6938 56
    endloop
  endfacet
  facet normal 0 0 1
    outer loop
      vertex 2.1655 34.1133 56
      vertex 0.877906 40.5865 56
      vertex 1.08799 33.9534 56
    endloop
  endfacet
  facet normal -0 0 1
    outer loop
      vertex 0.441076 40.5217 56
      vertex 1.08799 33.9534 56
      vertex 0.877906 40.5865 56
    endloop
  endfacet
  facet normal -0 0 1
    outer loop
      vertex 0 40.5 56
      vertex 1.08799 33.9534 56
      vertex 0.441076 40.5217 56
    endloop
  endfacet
  facet normal 0 0 1
    outer loop
      vertex 0 40.5 56
      vertex 0 33.9 56
      vertex 1.08799 33.9534 56
    endloop
  endfacet
  facet normal 0 0 1
    outer loop
      vertex -0.441076 40.5217 56
      vertex 0 33.9 56
      vertex 0 40.5 56
    endloop
  endfacet
  facet normal 0 0 1
    outer loop
      vertex -1.08799 33.9534 56
      vertex -0.441076 40.5217 56
      vertex -0.877906 40.5865 56
    endloop
  endfacet
  facet normal 0 0 1
    outer loop
      vertex -0.441076 40.5217 56
      vertex -1.08799 33.9534 56
      vertex 0 33.9 56
    endloop
  endfacet
  facet normal 0 0 1
    outer loop
      vertex -2.1655 34.1133 56
      vertex -0.877906 40.5865 56
      vertex -1.30628 40.6938 56
    endloop
  endfacet
  facet normal 0 0 1
    outer loop
      vertex -3.22216 34.378 56
      vertex -1.30628 40.6938 56
      vertex -1.72207 40.8425 56
    endloop
  endfacet
  facet normal 0 0 1
    outer loop
      vertex -4.24779 34.7449 56
      vertex -1.72207 40.8425 56
      vertex -2.12128 41.0314 56
    endloop
  endfacet
  facet normal 0 0 1
    outer loop
      vertex -0.877906 40.5865 56
      vertex -2.1655 34.1133 56
      vertex -1.08799 33.9534 56
    endloop
  endfacet
  facet normal 0 0 1
    outer loop
      vertex -5.2325 35.2107 56
      vertex -2.12128 41.0314 56
      vertex -2.50007 41.2584 56
    endloop
  endfacet
  facet normal 0 0 1
    outer loop
      vertex -6.16683 35.7707 56
      vertex -2.50007 41.2584 56
      vertex -2.85477 41.5215 56
    endloop
  endfacet
  facet normal 0 0 1
    outer loop
      vertex -7.04177 36.4196 56
      vertex -2.85477 41.5215 56
      vertex -3.18198 41.818 56
    endloop
  endfacet
  facet normal 0 0 1
    outer loop
      vertex -1.30628 40.6938 56
      vertex -3.22216 34.378 56
      vertex -2.1655 34.1133 56
    endloop
  endfacet
  facet normal 0 0 1
    outer loop
      vertex -7.84888 37.1511 56
      vertex -3.18198 41.818 56
      vertex -3.47855 42.1452 56
    endloop
  endfacet
  facet normal 0 0 1
    outer loop
      vertex -8.58042 37.9582 56
      vertex -3.47855 42.1452 56
      vertex -3.74161 42.4999 56
    endloop
  endfacet
  facet normal 0 0 1
    outer loop
      vertex -9.22931 38.8332 56
      vertex -3.74161 42.4999 56
      vertex -3.96865 42.8787 56
    endloop
  endfacet
  facet normal 0 0 1
    outer loop
      vertex -9.78933 39.7675 56
      vertex -3.96865 42.8787 56
      vertex -4.15746 43.2779 56
    endloop
  endfacet
  facet normal 0 0 1
    outer loop
      vertex -1.72207 40.8425 56
      vertex -4.24779 34.7449 56
      vertex -3.22216 34.378 56
    endloop
  endfacet
  facet normal 0 0 1
    outer loop
      vertex -10.2551 40.7522 56
      vertex -4.15746 43.2779 56
      vertex -4.30623 43.6937 56
    endloop
  endfacet
  facet normal 0 0 1
    outer loop
      vertex -10.622 41.7778 56
      vertex -4.30623 43.6937 56
      vertex -4.41353 44.1221 56
    endloop
  endfacet
  facet normal 0 0 1
    outer loop
      vertex -10.8867 42.8345 56
      vertex -4.41353 44.1221 56
      vertex -4.47833 44.5589 56
    endloop
  endfacet
  facet normal 0 0 1
    outer loop
      vertex -11.0465 43.912 56
      vertex -4.47833 44.5589 56
      vertex -4.5 45 56
    endloop
  endfacet
  facet normal -0 0 1
    outer loop
      vertex -9.78933 50.2325 56
      vertex -3.96865 47.1213 56
      vertex -9.22931 51.1668 56
    endloop
  endfacet
  facet normal 0 0 1
    outer loop
      vertex -2.12128 41.0314 56
      vertex -5.2325 35.2107 56
      vertex -4.24779 34.7449 56
    endloop
  endfacet
  facet normal 0 0 1
    outer loop
      vertex -3.96865 47.1213 56
      vertex -9.78933 50.2325 56
      vertex -4.15746 46.7221 56
    endloop
  endfacet
  facet normal 0 0 1
    outer loop
      vertex -2.50007 41.2584 56
      vertex -6.16683 35.7707 56
      vertex -5.2325 35.2107 56
    endloop
  endfacet
  facet normal -0 0 1
    outer loop
      vertex -10.2551 49.2478 56
      vertex -4.15746 46.7221 56
      vertex -9.78933 50.2325 56
    endloop
  endfacet
  facet normal 0 0 1
    outer loop
      vertex -2.85477 41.5215 56
      vertex -7.04177 36.4196 56
      vertex -6.16683 35.7707 56
    endloop
  endfacet
  facet normal 0 0 1
    outer loop
      vertex -4.15746 46.7221 56
      vertex -10.2551 49.2478 56
      vertex -4.30623 46.3063 56
    endloop
  endfacet
  facet normal 0 0 1
    outer loop
      vertex -3.18198 41.818 56
      vertex -7.84888 37.1511 56
      vertex -7.04177 36.4196 56
    endloop
  endfacet
  facet normal -0 0 1
    outer loop
      vertex -10.622 48.2222 56
      vertex -4.30623 46.3063 56
      vertex -10.2551 49.2478 56
    endloop
  endfacet
  facet normal 0 0 1
    outer loop
      vertex -3.47855 42.1452 56
      vertex -8.58042 37.9582 56
      vertex -7.84888 37.1511 56
    endloop
  endfacet
  facet normal 0 0 1
    outer loop
      vertex -4.30623 46.3063 56
      vertex -10.622 48.2222 56
      vertex -4.41353 45.8779 56
    endloop
  endfacet
  facet normal 0 0 1
    outer loop
      vertex -3.74161 42.4999 56
      vertex -9.22931 38.8332 56
      vertex -8.58042 37.9582 56
    endloop
  endfacet
  facet normal -0 0 1
    outer loop
      vertex -10.8867 47.1655 56
      vertex -4.41353 45.8779 56
      vertex -10.622 48.2222 56
    endloop
  endfacet
  facet normal 0 0 1
    outer loop
      vertex -3.96865 42.8787 56
      vertex -9.78933 39.7675 56
      vertex -9.22931 38.8332 56
    endloop
  endfacet
  facet normal 0 0 1
    outer loop
      vertex -4.41353 45.8779 56
      vertex -10.8867 47.1655 56
      vertex -4.47833 45.4411 56
    endloop
  endfacet
  facet normal 0 0 1
    outer loop
      vertex -4.15746 43.2779 56
      vertex -10.2551 40.7522 56
      vertex -9.78933 39.7675 56
    endloop
  endfacet
  facet normal -0 0 1
    outer loop
      vertex -11.0465 46.088 56
      vertex -4.47833 45.4411 56
      vertex -10.8867 47.1655 56
    endloop
  endfacet
  facet normal 0 0 1
    outer loop
      vertex -4.30623 43.6937 56
      vertex -10.622 41.7778 56
      vertex -10.2551 40.7522 56
    endloop
  endfacet
  facet normal 0 0 1
    outer loop
      vertex -4.47833 45.4411 56
      vertex -11.0465 46.088 56
      vertex -4.5 45 56
    endloop
  endfacet
  facet normal 0 0 1
    outer loop
      vertex -4.41353 44.1221 56
      vertex -10.8867 42.8345 56
      vertex -10.622 41.7778 56
    endloop
  endfacet
  facet normal 0 0 1
    outer loop
      vertex -11.1 45 56
      vertex -4.5 45 56
      vertex -11.0465 46.088 56
    endloop
  endfacet
  facet normal 0 0 1
    outer loop
      vertex -4.47833 44.5589 56
      vertex -11.0465 43.912 56
      vertex -10.8867 42.8345 56
    endloop
  endfacet
  facet normal 0 0 1
    outer loop
      vertex -4.5 45 56
      vertex -11.1 45 56
      vertex -11.0465 43.912 56
    endloop
  endfacet
  facet normal -0.941563 -0.336837 0
    outer loop
      vertex 10.622 48.2222 56
      vertex 10.2551 49.2478 63
      vertex 10.2551 49.2478 56
    endloop
  endfacet
  facet normal -0.941563 -0.336837 0
    outer loop
      vertex 10.2551 49.2478 63
      vertex 10.622 48.2222 56
      vertex 10.622 48.2222 63
    endloop
  endfacet
  facet normal -0.671548 -0.740961 0
    outer loop
      vertex 7.04177 53.5804 56
      vertex 7.84888 52.8489 63
      vertex 7.04177 53.5804 63
    endloop
  endfacet
  facet normal -0.671548 -0.740961 -0
    outer loop
      vertex 7.84888 52.8489 63
      vertex 7.04177 53.5804 56
      vertex 7.84888 52.8489 56
    endloop
  endfacet
  facet normal -0.336828 0.941566 0
    outer loop
      vertex 4.24779 34.7449 56
      vertex 3.22216 34.378 63
      vertex 4.24779 34.7449 63
    endloop
  endfacet
  facet normal -0.336828 0.941566 0
    outer loop
      vertex 3.22216 34.378 63
      vertex 4.24779 34.7449 56
      vertex 3.22216 34.378 56
    endloop
  endfacet
  facet normal 0.740939 0.671573 0
    outer loop
      vertex -7.84888 37.1511 63
      vertex -8.58042 37.9582 56
      vertex -8.58042 37.9582 63
    endloop
  endfacet
  facet normal 0.740939 0.671573 0
    outer loop
      vertex -8.58042 37.9582 56
      vertex -7.84888 37.1511 63
      vertex -7.84888 37.1511 56
    endloop
  endfacet
  facet normal -0.427605 -0.903966 0
    outer loop
      vertex 4.24779 55.2551 56
      vertex 5.2325 54.7893 63
      vertex 4.24779 55.2551 63
    endloop
  endfacet
  facet normal -0.427605 -0.903966 -0
    outer loop
      vertex 5.2325 54.7893 63
      vertex 4.24779 55.2551 56
      vertex 5.2325 54.7893 56
    endloop
  endfacet
  facet normal -0.989181 -0.146702 0
    outer loop
      vertex 11.0465 46.088 56
      vertex 10.8867 47.1655 63
      vertex 10.8867 47.1655 56
    endloop
  endfacet
  facet normal -0.989181 -0.146702 0
    outer loop
      vertex 10.8867 47.1655 63
      vertex 11.0465 46.088 56
      vertex 11.0465 46.088 63
    endloop
  endfacet
  facet normal -0.671548 0.740961 0
    outer loop
      vertex 7.84888 37.1511 56
      vertex 7.04177 36.4196 63
      vertex 7.84888 37.1511 63
    endloop
  endfacet
  facet normal -0.671548 0.740961 0
    outer loop
      vertex 7.04177 36.4196 63
      vertex 7.84888 37.1511 56
      vertex 7.04177 36.4196 56
    endloop
  endfacet
  facet normal -0.989181 0.146702 0
    outer loop
      vertex 10.8867 42.8345 56
      vertex 11.0465 43.912 63
      vertex 11.0465 43.912 56
    endloop
  endfacet
  facet normal -0.989181 0.146702 0
    outer loop
      vertex 11.0465 43.912 63
      vertex 10.8867 42.8345 56
      vertex 10.8867 42.8345 63
    endloop
  endfacet
  facet normal -0.14679 -0.989168 0
    outer loop
      vertex 1.08799 56.0466 56
      vertex 2.1655 55.8867 63
      vertex 1.08799 56.0466 63
    endloop
  endfacet
  facet normal -0.14679 -0.989168 -0
    outer loop
      vertex 2.1655 55.8867 63
      vertex 1.08799 56.0466 56
      vertex 2.1655 55.8867 56
    endloop
  endfacet
  facet normal 0.14679 0.989168 -0
    outer loop
      vertex -1.08799 33.9534 56
      vertex -2.1655 34.1133 63
      vertex -1.08799 33.9534 63
    endloop
  endfacet
  facet normal 0.14679 0.989168 0
    outer loop
      vertex -2.1655 34.1133 63
      vertex -1.08799 33.9534 56
      vertex -2.1655 34.1133 56
    endloop
  endfacet
  facet normal -0.903975 -0.427586 0
    outer loop
      vertex 10.2551 49.2478 56
      vertex 9.78933 50.2325 63
      vertex 9.78933 50.2325 56
    endloop
  endfacet
  facet normal -0.903975 -0.427586 0
    outer loop
      vertex 9.78933 50.2325 63
      vertex 10.2551 49.2478 56
      vertex 10.2551 49.2478 63
    endloop
  endfacet
  facet normal 0.336828 -0.941566 0
    outer loop
      vertex -4.24779 55.2551 56
      vertex -3.22216 55.622 63
      vertex -4.24779 55.2551 63
    endloop
  endfacet
  facet normal 0.336828 -0.941566 0
    outer loop
      vertex -3.22216 55.622 63
      vertex -4.24779 55.2551 56
      vertex -3.22216 55.622 56
    endloop
  endfacet
  facet normal -0.85772 -0.514118 0
    outer loop
      vertex 9.78933 50.2325 56
      vertex 9.22931 51.1668 63
      vertex 9.22931 51.1668 56
    endloop
  endfacet
  facet normal -0.85772 -0.514118 0
    outer loop
      vertex 9.22931 51.1668 63
      vertex 9.78933 50.2325 56
      vertex 9.78933 50.2325 63
    endloop
  endfacet
  facet normal 0.970029 0.242989 0
    outer loop
      vertex -10.622 41.7778 63
      vertex -10.8867 42.8345 56
      vertex -10.8867 42.8345 63
    endloop
  endfacet
  facet normal 0.970029 0.242989 0
    outer loop
      vertex -10.8867 42.8345 56
      vertex -10.622 41.7778 63
      vertex -10.622 41.7778 56
    endloop
  endfacet
  facet normal -0.998793 -0.0491135 0
    outer loop
      vertex 11.1 45 56
      vertex 11.0465 46.088 63
      vertex 11.0465 46.088 56
    endloop
  endfacet
  facet normal -0.998793 -0.0491135 0
    outer loop
      vertex 11.0465 46.088 63
      vertex 11.1 45 56
      vertex 11.1 45 63
    endloop
  endfacet
  facet normal -0.740939 -0.671573 0
    outer loop
      vertex 8.58042 52.0418 56
      vertex 7.84888 52.8489 63
      vertex 7.84888 52.8489 56
    endloop
  endfacet
  facet normal -0.740939 -0.671573 0
    outer loop
      vertex 7.84888 52.8489 63
      vertex 8.58042 52.0418 56
      vertex 8.58042 52.0418 63
    endloop
  endfacet
  facet normal 0.14679 -0.989168 0
    outer loop
      vertex -2.1655 55.8867 56
      vertex -1.08799 56.0466 63
      vertex -2.1655 55.8867 63
    endloop
  endfacet
  facet normal 0.14679 -0.989168 0
    outer loop
      vertex -1.08799 56.0466 63
      vertex -2.1655 55.8867 56
      vertex -1.08799 56.0466 56
    endloop
  endfacet
  facet normal 0.671548 0.740961 -0
    outer loop
      vertex -7.04177 36.4196 56
      vertex -7.84888 37.1511 63
      vertex -7.04177 36.4196 63
    endloop
  endfacet
  facet normal 0.671548 0.740961 0
    outer loop
      vertex -7.84888 37.1511 63
      vertex -7.04177 36.4196 56
      vertex -7.84888 37.1511 56
    endloop
  endfacet
  facet normal 0.242998 0.970027 -0
    outer loop
      vertex -2.1655 34.1133 56
      vertex -3.22216 34.378 63
      vertex -2.1655 34.1133 63
    endloop
  endfacet
  facet normal 0.242998 0.970027 0
    outer loop
      vertex -3.22216 34.378 63
      vertex -2.1655 34.1133 56
      vertex -3.22216 34.378 56
    endloop
  endfacet
  facet normal -0.970029 0.242989 0
    outer loop
      vertex 10.622 41.7778 56
      vertex 10.8867 42.8345 63
      vertex 10.8867 42.8345 56
    endloop
  endfacet
  facet normal -0.970029 0.242989 0
    outer loop
      vertex 10.8867 42.8345 63
      vertex 10.622 41.7778 56
      vertex 10.622 41.7778 63
    endloop
  endfacet
  facet normal -0.998793 0.0491135 0
    outer loop
      vertex 11.0465 43.912 56
      vertex 11.1 45 63
      vertex 11.1 45 56
    endloop
  endfacet
  facet normal -0.998793 0.0491135 0
    outer loop
      vertex 11.1 45 63
      vertex 11.0465 43.912 56
      vertex 11.0465 43.912 63
    endloop
  endfacet
  facet normal -0.970029 -0.242989 0
    outer loop
      vertex 10.8867 47.1655 56
      vertex 10.622 48.2222 63
      vertex 10.622 48.2222 56
    endloop
  endfacet
  facet normal -0.970029 -0.242989 0
    outer loop
      vertex 10.622 48.2222 63
      vertex 10.8867 47.1655 56
      vertex 10.8867 47.1655 63
    endloop
  endfacet
  facet normal 0.941563 0.336837 0
    outer loop
      vertex -10.2551 40.7522 63
      vertex -10.622 41.7778 56
      vertex -10.622 41.7778 63
    endloop
  endfacet
  facet normal 0.941563 0.336837 0
    outer loop
      vertex -10.622 41.7778 56
      vertex -10.2551 40.7522 63
      vertex -10.2551 40.7522 56
    endloop
  endfacet
  facet normal 0.989181 -0.146702 0
    outer loop
      vertex -11.0465 46.088 63
      vertex -10.8867 47.1655 56
      vertex -10.8867 47.1655 63
    endloop
  endfacet
  facet normal 0.989181 -0.146702 0
    outer loop
      vertex -10.8867 47.1655 56
      vertex -11.0465 46.088 63
      vertex -11.0465 46.088 56
    endloop
  endfacet
  facet normal 0.740939 -0.671573 0
    outer loop
      vertex -8.58042 52.0418 63
      vertex -7.84888 52.8489 56
      vertex -7.84888 52.8489 63
    endloop
  endfacet
  facet normal 0.740939 -0.671573 0
    outer loop
      vertex -7.84888 52.8489 56
      vertex -8.58042 52.0418 63
      vertex -8.58042 52.0418 56
    endloop
  endfacet
  facet normal -0.740939 0.671573 0
    outer loop
      vertex 7.84888 37.1511 56
      vertex 8.58042 37.9582 63
      vertex 8.58042 37.9582 56
    endloop
  endfacet
  facet normal -0.740939 0.671573 0
    outer loop
      vertex 8.58042 37.9582 63
      vertex 7.84888 37.1511 56
      vertex 7.84888 37.1511 63
    endloop
  endfacet
  facet normal 0.989181 0.146702 0
    outer loop
      vertex -10.8867 42.8345 63
      vertex -11.0465 43.912 56
      vertex -11.0465 43.912 63
    endloop
  endfacet
  facet normal 0.989181 0.146702 0
    outer loop
      vertex -11.0465 43.912 56
      vertex -10.8867 42.8345 63
      vertex -10.8867 42.8345 56
    endloop
  endfacet
  facet normal -0.0490223 -0.998798 0
    outer loop
      vertex 0 56.1 56
      vertex 1.08799 56.0466 63
      vertex 0 56.1 63
    endloop
  endfacet
  facet normal -0.0490223 -0.998798 -0
    outer loop
      vertex 1.08799 56.0466 63
      vertex 0 56.1 56
      vertex 1.08799 56.0466 56
    endloop
  endfacet
  facet normal 0.595699 0.803207 -0
    outer loop
      vertex -6.16683 35.7707 56
      vertex -7.04177 36.4196 63
      vertex -6.16683 35.7707 63
    endloop
  endfacet
  facet normal 0.595699 0.803207 0
    outer loop
      vertex -7.04177 36.4196 63
      vertex -6.16683 35.7707 56
      vertex -7.04177 36.4196 56
    endloop
  endfacet
  facet normal -0.0490223 0.998798 0
    outer loop
      vertex 1.08799 33.9534 56
      vertex 0 33.9 63
      vertex 1.08799 33.9534 63
    endloop
  endfacet
  facet normal -0.0490223 0.998798 0
    outer loop
      vertex 0 33.9 63
      vertex 1.08799 33.9534 56
      vertex 0 33.9 56
    endloop
  endfacet
  facet normal -0.427605 0.903966 0
    outer loop
      vertex 5.2325 35.2107 56
      vertex 4.24779 34.7449 63
      vertex 5.2325 35.2107 63
    endloop
  endfacet
  facet normal -0.427605 0.903966 0
    outer loop
      vertex 4.24779 34.7449 63
      vertex 5.2325 35.2107 56
      vertex 4.24779 34.7449 56
    endloop
  endfacet
  facet normal 0.242998 -0.970027 0
    outer loop
      vertex -3.22216 55.622 56
      vertex -2.1655 55.8867 63
      vertex -3.22216 55.622 63
    endloop
  endfacet
  facet normal 0.242998 -0.970027 0
    outer loop
      vertex -2.1655 55.8867 63
      vertex -3.22216 55.622 56
      vertex -2.1655 55.8867 56
    endloop
  endfacet
  facet normal 0.336828 0.941566 -0
    outer loop
      vertex -3.22216 34.378 56
      vertex -4.24779 34.7449 63
      vertex -3.22216 34.378 63
    endloop
  endfacet
  facet normal 0.336828 0.941566 0
    outer loop
      vertex -4.24779 34.7449 63
      vertex -3.22216 34.378 56
      vertex -4.24779 34.7449 56
    endloop
  endfacet
  facet normal -0.242998 0.970027 0
    outer loop
      vertex 3.22216 34.378 56
      vertex 2.1655 34.1133 63
      vertex 3.22216 34.378 63
    endloop
  endfacet
  facet normal -0.242998 0.970027 0
    outer loop
      vertex 2.1655 34.1133 63
      vertex 3.22216 34.378 56
      vertex 2.1655 34.1133 56
    endloop
  endfacet
  facet normal 0.427605 0.903966 -0
    outer loop
      vertex -4.24779 34.7449 56
      vertex -5.2325 35.2107 63
      vertex -4.24779 34.7449 63
    endloop
  endfacet
  facet normal 0.427605 0.903966 0
    outer loop
      vertex -5.2325 35.2107 63
      vertex -4.24779 34.7449 56
      vertex -5.2325 35.2107 56
    endloop
  endfacet
  facet normal 0.0490223 -0.998798 0
    outer loop
      vertex -1.08799 56.0466 56
      vertex 0 56.1 63
      vertex -1.08799 56.0466 63
    endloop
  endfacet
  facet normal 0.0490223 -0.998798 0
    outer loop
      vertex 0 56.1 63
      vertex -1.08799 56.0466 56
      vertex 0 56.1 56
    endloop
  endfacet
  facet normal 0.514092 0.857735 -0
    outer loop
      vertex -5.2325 35.2107 56
      vertex -6.16683 35.7707 63
      vertex -5.2325 35.2107 63
    endloop
  endfacet
  facet normal 0.514092 0.857735 0
    outer loop
      vertex -6.16683 35.7707 63
      vertex -5.2325 35.2107 56
      vertex -6.16683 35.7707 56
    endloop
  endfacet
  facet normal -0.595699 -0.803207 0
    outer loop
      vertex 6.16683 54.2293 56
      vertex 7.04177 53.5804 63
      vertex 6.16683 54.2293 63
    endloop
  endfacet
  facet normal -0.595699 -0.803207 -0
    outer loop
      vertex 7.04177 53.5804 63
      vertex 6.16683 54.2293 56
      vertex 7.04177 53.5804 56
    endloop
  endfacet
  facet normal -0.14679 0.989168 0
    outer loop
      vertex 2.1655 34.1133 56
      vertex 1.08799 33.9534 63
      vertex 2.1655 34.1133 63
    endloop
  endfacet
  facet normal -0.14679 0.989168 0
    outer loop
      vertex 1.08799 33.9534 63
      vertex 2.1655 34.1133 56
      vertex 1.08799 33.9534 56
    endloop
  endfacet
  facet normal -0.336828 -0.941566 0
    outer loop
      vertex 3.22216 55.622 56
      vertex 4.24779 55.2551 63
      vertex 3.22216 55.622 63
    endloop
  endfacet
  facet normal -0.336828 -0.941566 -0
    outer loop
      vertex 4.24779 55.2551 63
      vertex 3.22216 55.622 56
      vertex 4.24779 55.2551 56
    endloop
  endfacet
  facet normal 0.903975 0.427586 0
    outer loop
      vertex -9.78933 39.7675 63
      vertex -10.2551 40.7522 56
      vertex -10.2551 40.7522 63
    endloop
  endfacet
  facet normal 0.903975 0.427586 0
    outer loop
      vertex -10.2551 40.7522 56
      vertex -9.78933 39.7675 63
      vertex -9.78933 39.7675 56
    endloop
  endfacet
  facet normal -0.803231 -0.595667 0
    outer loop
      vertex 9.22931 51.1668 56
      vertex 8.58042 52.0418 63
      vertex 8.58042 52.0418 56
    endloop
  endfacet
  facet normal -0.803231 -0.595667 0
    outer loop
      vertex 8.58042 52.0418 63
      vertex 9.22931 51.1668 56
      vertex 9.22931 51.1668 63
    endloop
  endfacet
  facet normal 0.803231 0.595667 0
    outer loop
      vertex -8.58042 37.9582 63
      vertex -9.22931 38.8332 56
      vertex -9.22931 38.8332 63
    endloop
  endfacet
  facet normal 0.803231 0.595667 0
    outer loop
      vertex -9.22931 38.8332 56
      vertex -8.58042 37.9582 63
      vertex -8.58042 37.9582 56
    endloop
  endfacet
  facet normal 0.671548 -0.740961 0
    outer loop
      vertex -7.84888 52.8489 56
      vertex -7.04177 53.5804 63
      vertex -7.84888 52.8489 63
    endloop
  endfacet
  facet normal 0.671548 -0.740961 0
    outer loop
      vertex -7.04177 53.5804 63
      vertex -7.84888 52.8489 56
      vertex -7.04177 53.5804 56
    endloop
  endfacet
  facet normal -0.514092 -0.857735 0
    outer loop
      vertex 5.2325 54.7893 56
      vertex 6.16683 54.2293 63
      vertex 5.2325 54.7893 63
    endloop
  endfacet
  facet normal -0.514092 -0.857735 -0
    outer loop
      vertex 6.16683 54.2293 63
      vertex 5.2325 54.7893 56
      vertex 6.16683 54.2293 56
    endloop
  endfacet
  facet normal -0.514092 0.857735 0
    outer loop
      vertex 6.16683 35.7707 56
      vertex 5.2325 35.2107 63
      vertex 6.16683 35.7707 63
    endloop
  endfacet
  facet normal -0.514092 0.857735 0
    outer loop
      vertex 5.2325 35.2107 63
      vertex 6.16683 35.7707 56
      vertex 5.2325 35.2107 56
    endloop
  endfacet
  facet normal -0.903975 0.427586 0
    outer loop
      vertex 9.78933 39.7675 56
      vertex 10.2551 40.7522 63
      vertex 10.2551 40.7522 56
    endloop
  endfacet
  facet normal -0.903975 0.427586 0
    outer loop
      vertex 10.2551 40.7522 63
      vertex 9.78933 39.7675 56
      vertex 9.78933 39.7675 63
    endloop
  endfacet
  facet normal -0.941563 0.336837 0
    outer loop
      vertex 10.2551 40.7522 56
      vertex 10.622 41.7778 63
      vertex 10.622 41.7778 56
    endloop
  endfacet
  facet normal -0.941563 0.336837 0
    outer loop
      vertex 10.622 41.7778 63
      vertex 10.2551 40.7522 56
      vertex 10.2551 40.7522 63
    endloop
  endfacet
  facet normal 0.85772 0.514118 0
    outer loop
      vertex -9.22931 38.8332 63
      vertex -9.78933 39.7675 56
      vertex -9.78933 39.7675 63
    endloop
  endfacet
  facet normal 0.85772 0.514118 0
    outer loop
      vertex -9.78933 39.7675 56
      vertex -9.22931 38.8332 63
      vertex -9.22931 38.8332 56
    endloop
  endfacet
  facet normal 0.427605 -0.903966 0
    outer loop
      vertex -5.2325 54.7893 56
      vertex -4.24779 55.2551 63
      vertex -5.2325 54.7893 63
    endloop
  endfacet
  facet normal 0.427605 -0.903966 0
    outer loop
      vertex -4.24779 55.2551 63
      vertex -5.2325 54.7893 56
      vertex -4.24779 55.2551 56
    endloop
  endfacet
  facet normal 0.85772 -0.514118 0
    outer loop
      vertex -9.78933 50.2325 63
      vertex -9.22931 51.1668 56
      vertex -9.22931 51.1668 63
    endloop
  endfacet
  facet normal 0.85772 -0.514118 0
    outer loop
      vertex -9.22931 51.1668 56
      vertex -9.78933 50.2325 63
      vertex -9.78933 50.2325 56
    endloop
  endfacet
  facet normal -0.803231 0.595667 0
    outer loop
      vertex 8.58042 37.9582 56
      vertex 9.22931 38.8332 63
      vertex 9.22931 38.8332 56
    endloop
  endfacet
  facet normal -0.803231 0.595667 0
    outer loop
      vertex 9.22931 38.8332 63
      vertex 8.58042 37.9582 56
      vertex 8.58042 37.9582 63
    endloop
  endfacet
  facet normal -0.85772 0.514118 0
    outer loop
      vertex 9.22931 38.8332 56
      vertex 9.78933 39.7675 63
      vertex 9.78933 39.7675 56
    endloop
  endfacet
  facet normal -0.85772 0.514118 0
    outer loop
      vertex 9.78933 39.7675 63
      vertex 9.22931 38.8332 56
      vertex 9.22931 38.8332 63
    endloop
  endfacet
  facet normal 0.970029 -0.242989 0
    outer loop
      vertex -10.8867 47.1655 63
      vertex -10.622 48.2222 56
      vertex -10.622 48.2222 63
    endloop
  endfacet
  facet normal 0.970029 -0.242989 0
    outer loop
      vertex -10.622 48.2222 56
      vertex -10.8867 47.1655 63
      vertex -10.8867 47.1655 56
    endloop
  endfacet
  facet normal 0.998793 -0.0491135 0
    outer loop
      vertex -11.1 45 63
      vertex -11.0465 46.088 56
      vertex -11.0465 46.088 63
    endloop
  endfacet
  facet normal 0.998793 -0.0491135 0
    outer loop
      vertex -11.0465 46.088 56
      vertex -11.1 45 63
      vertex -11.1 45 56
    endloop
  endfacet
  facet normal -0.595699 0.803207 0
    outer loop
      vertex 7.04177 36.4196 56
      vertex 6.16683 35.7707 63
      vertex 7.04177 36.4196 63
    endloop
  endfacet
  facet normal -0.595699 0.803207 0
    outer loop
      vertex 6.16683 35.7707 63
      vertex 7.04177 36.4196 56
      vertex 6.16683 35.7707 56
    endloop
  endfacet
  facet normal 0.514092 -0.857735 0
    outer loop
      vertex -6.16683 54.2293 56
      vertex -5.2325 54.7893 63
      vertex -6.16683 54.2293 63
    endloop
  endfacet
  facet normal 0.514092 -0.857735 0
    outer loop
      vertex -5.2325 54.7893 63
      vertex -6.16683 54.2293 56
      vertex -5.2325 54.7893 56
    endloop
  endfacet
  facet normal 0.595699 -0.803207 0
    outer loop
      vertex -7.04177 53.5804 56
      vertex -6.16683 54.2293 63
      vertex -7.04177 53.5804 63
    endloop
  endfacet
  facet normal 0.595699 -0.803207 0
    outer loop
      vertex -6.16683 54.2293 63
      vertex -7.04177 53.5804 56
      vertex -6.16683 54.2293 56
    endloop
  endfacet
  facet normal 0.941563 -0.336837 0
    outer loop
      vertex -10.622 48.2222 63
      vertex -10.2551 49.2478 56
      vertex -10.2551 49.2478 63
    endloop
  endfacet
  facet normal 0.941563 -0.336837 0
    outer loop
      vertex -10.2551 49.2478 56
      vertex -10.622 48.2222 63
      vertex -10.622 48.2222 56
    endloop
  endfacet
  facet normal 0.998793 0.0491135 0
    outer loop
      vertex -11.0465 43.912 63
      vertex -11.1 45 56
      vertex -11.1 45 63
    endloop
  endfacet
  facet normal 0.998793 0.0491135 0
    outer loop
      vertex -11.1 45 56
      vertex -11.0465 43.912 63
      vertex -11.0465 43.912 56
    endloop
  endfacet
  facet normal 0.803231 -0.595667 0
    outer loop
      vertex -9.22931 51.1668 63
      vertex -8.58042 52.0418 56
      vertex -8.58042 52.0418 63
    endloop
  endfacet
  facet normal 0.803231 -0.595667 0
    outer loop
      vertex -8.58042 52.0418 56
      vertex -9.22931 51.1668 63
      vertex -9.22931 51.1668 56
    endloop
  endfacet
  facet normal 0.0490223 0.998798 -0
    outer loop
      vertex 0 33.9 56
      vertex -1.08799 33.9534 63
      vertex 0 33.9 63
    endloop
  endfacet
  facet normal 0.0490223 0.998798 0
    outer loop
      vertex -1.08799 33.9534 63
      vertex 0 33.9 56
      vertex -1.08799 33.9534 56
    endloop
  endfacet
  facet normal 0.903975 -0.427586 0
    outer loop
      vertex -10.2551 49.2478 63
      vertex -9.78933 50.2325 56
      vertex -9.78933 50.2325 63
    endloop
  endfacet
  facet normal 0.903975 -0.427586 0
    outer loop
      vertex -9.78933 50.2325 56
      vertex -10.2551 49.2478 63
      vertex -10.2551 49.2478 56
    endloop
  endfacet
  facet normal -0.242998 -0.970027 0
    outer loop
      vertex 2.1655 55.8867 56
      vertex 3.22216 55.622 63
      vertex 2.1655 55.8867 63
    endloop
  endfacet
  facet normal -0.242998 -0.970027 -0
    outer loop
      vertex 3.22216 55.622 63
      vertex 2.1655 55.8867 56
      vertex 3.22216 55.622 56
    endloop
  endfacet
  facet normal -0.671477 -0.741025 0
    outer loop
      vertex 2.85477 -41.5215 7.9
      vertex 3.18198 -41.818 56
      vertex 2.85477 -41.5215 56
    endloop
  endfacet
  facet normal -0.671477 -0.741025 -0
    outer loop
      vertex 3.18198 -41.818 56
      vertex 2.85477 -41.5215 7.9
      vertex 3.18198 -41.818 7.9
    endloop
  endfacet
  facet normal -0.989174 -0.146746 0
    outer loop
      vertex 4.47833 -44.5589 7.9
      vertex 4.41353 -44.1221 56
      vertex 4.41353 -44.1221 7.9
    endloop
  endfacet
  facet normal -0.989174 -0.146746 0
    outer loop
      vertex 4.41353 -44.1221 56
      vertex 4.47833 -44.5589 7.9
      vertex 4.47833 -44.5589 56
    endloop
  endfacet
  facet normal 0.146736 0.989176 -0
    outer loop
      vertex -0.441076 -49.4783 7.9
      vertex -0.877906 -49.4135 56
      vertex -0.441076 -49.4783 56
    endloop
  endfacet
  facet normal 0.146736 0.989176 0
    outer loop
      vertex -0.877906 -49.4135 56
      vertex -0.441076 -49.4783 7.9
      vertex -0.877906 -49.4135 7.9
    endloop
  endfacet
  facet normal -0.336745 0.941596 0
    outer loop
      vertex 1.72207 -49.1575 7.9
      vertex 1.30628 -49.3062 56
      vertex 1.72207 -49.1575 56
    endloop
  endfacet
  facet normal -0.336745 0.941596 0
    outer loop
      vertex 1.30628 -49.3062 56
      vertex 1.72207 -49.1575 7.9
      vertex 1.30628 -49.3062 7.9
    endloop
  endfacet
  facet normal -0.595753 0.803168 0
    outer loop
      vertex 2.85477 -48.4785 7.9
      vertex 2.50007 -48.7416 56
      vertex 2.85477 -48.4785 56
    endloop
  endfacet
  facet normal -0.595753 0.803168 0
    outer loop
      vertex 2.50007 -48.7416 56
      vertex 2.85477 -48.4785 7.9
      vertex 2.50007 -48.7416 7.9
    endloop
  endfacet
  facet normal -0.0491384 0.998792 0
    outer loop
      vertex 0.441076 -49.4783 7.9
      vertex 0 -49.5 56
      vertex 0.441076 -49.4783 56
    endloop
  endfacet
  facet normal -0.0491384 0.998792 0
    outer loop
      vertex 0 -49.5 56
      vertex 0.441076 -49.4783 7.9
      vertex 0 -49.5 7.9
    endloop
  endfacet
  facet normal -0.803211 -0.595694 0
    outer loop
      vertex 3.74161 -42.4999 7.9
      vertex 3.47855 -42.1452 56
      vertex 3.47855 -42.1452 7.9
    endloop
  endfacet
  facet normal -0.803211 -0.595694 0
    outer loop
      vertex 3.47855 -42.1452 56
      vertex 3.74161 -42.4999 7.9
      vertex 3.74161 -42.4999 56
    endloop
  endfacet
  facet normal 0.242976 -0.970032 0
    outer loop
      vertex -1.30628 -40.6938 7.9
      vertex -0.877906 -40.5865 56
      vertex -1.30628 -40.6938 56
    endloop
  endfacet
  facet normal 0.242976 -0.970032 0
    outer loop
      vertex -0.877906 -40.5865 56
      vertex -1.30628 -40.6938 7.9
      vertex -0.877906 -40.5865 7.9
    endloop
  endfacet
  facet normal 0.989174 -0.146746 0
    outer loop
      vertex -4.47833 -44.5589 56
      vertex -4.41353 -44.1221 7.9
      vertex -4.41353 -44.1221 56
    endloop
  endfacet
  facet normal 0.989174 -0.146746 0
    outer loop
      vertex -4.41353 -44.1221 7.9
      vertex -4.47833 -44.5589 56
      vertex -4.47833 -44.5589 7.9
    endloop
  endfacet
  facet normal -0.514039 0.857767 0
    outer loop
      vertex 2.50007 -48.7416 7.9
      vertex 2.12128 -48.9686 56
      vertex 2.50007 -48.7416 56
    endloop
  endfacet
  facet normal -0.514039 0.857767 0
    outer loop
      vertex 2.12128 -48.9686 56
      vertex 2.50007 -48.7416 7.9
      vertex 2.12128 -48.9686 7.9
    endloop
  endfacet
  facet normal 0.146736 -0.989176 0
    outer loop
      vertex -0.877906 -40.5865 7.9
      vertex -0.441076 -40.5217 56
      vertex -0.877906 -40.5865 56
    endloop
  endfacet
  facet normal 0.146736 -0.989176 0
    outer loop
      vertex -0.441076 -40.5217 56
      vertex -0.877906 -40.5865 7.9
      vertex -0.441076 -40.5217 7.9
    endloop
  endfacet
  facet normal -0.989174 0.146746 0
    outer loop
      vertex 4.41353 -45.8779 7.9
      vertex 4.47833 -45.4411 56
      vertex 4.47833 -45.4411 7.9
    endloop
  endfacet
  facet normal -0.989174 0.146746 0
    outer loop
      vertex 4.47833 -45.4411 56
      vertex 4.41353 -45.8779 7.9
      vertex 4.41353 -45.8779 56
    endloop
  endfacet
  facet normal 0.803211 -0.595694 0
    outer loop
      vertex -3.74161 -42.4999 56
      vertex -3.47855 -42.1452 7.9
      vertex -3.47855 -42.1452 56
    endloop
  endfacet
  facet normal 0.803211 -0.595694 0
    outer loop
      vertex -3.47855 -42.1452 7.9
      vertex -3.74161 -42.4999 56
      vertex -3.74161 -42.4999 7.9
    endloop
  endfacet
  facet normal -0.146736 -0.989176 0
    outer loop
      vertex 0.441076 -40.5217 7.9
      vertex 0.877906 -40.5865 56
      vertex 0.441076 -40.5217 56
    endloop
  endfacet
  facet normal -0.146736 -0.989176 -0
    outer loop
      vertex 0.877906 -40.5865 56
      vertex 0.441076 -40.5217 7.9
      vertex 0.877906 -40.5865 7.9
    endloop
  endfacet
  facet normal 0.857733 -0.514096 0
    outer loop
      vertex -3.96865 -42.8787 56
      vertex -3.74161 -42.4999 7.9
      vertex -3.74161 -42.4999 56
    endloop
  endfacet
  facet normal 0.857733 -0.514096 0
    outer loop
      vertex -3.74161 -42.4999 7.9
      vertex -3.96865 -42.8787 56
      vertex -3.96865 -42.8787 7.9
    endloop
  endfacet
  facet normal -0.336745 -0.941596 0
    outer loop
      vertex 1.30628 -40.6938 7.9
      vertex 1.72207 -40.8425 56
      vertex 1.30628 -40.6938 56
    endloop
  endfacet
  facet normal -0.336745 -0.941596 -0
    outer loop
      vertex 1.72207 -40.8425 56
      vertex 1.30628 -40.6938 7.9
      vertex 1.72207 -40.8425 7.9
    endloop
  endfacet
  facet normal -0.998795 -0.049068 0
    outer loop
      vertex 4.5 -45 7.9
      vertex 4.47833 -44.5589 56
      vertex 4.47833 -44.5589 7.9
    endloop
  endfacet
  facet normal -0.998795 -0.049068 0
    outer loop
      vertex 4.47833 -44.5589 56
      vertex 4.5 -45 7.9
      vertex 4.5 -45 56
    endloop
  endfacet
  facet normal -0.903987 0.42756 0
    outer loop
      vertex 3.96865 -47.1213 7.9
      vertex 4.15746 -46.7221 56
      vertex 4.15746 -46.7221 7.9
    endloop
  endfacet
  facet normal -0.903987 0.42756 0
    outer loop
      vertex 4.15746 -46.7221 56
      vertex 3.96865 -47.1213 7.9
      vertex 3.96865 -47.1213 56
    endloop
  endfacet
  facet normal 0.998795 0.049068 0
    outer loop
      vertex -4.47833 -45.4411 56
      vertex -4.5 -45 7.9
      vertex -4.5 -45 56
    endloop
  endfacet
  facet normal 0.998795 0.049068 0
    outer loop
      vertex -4.5 -45 7.9
      vertex -4.47833 -45.4411 56
      vertex -4.47833 -45.4411 7.9
    endloop
  endfacet
  facet normal 0.0491384 0.998792 -0
    outer loop
      vertex 0 -49.5 7.9
      vertex -0.441076 -49.4783 56
      vertex 0 -49.5 56
    endloop
  endfacet
  facet normal 0.0491384 0.998792 0
    outer loop
      vertex -0.441076 -49.4783 56
      vertex 0 -49.5 7.9
      vertex -0.441076 -49.4783 7.9
    endloop
  endfacet
  facet normal -0.146736 0.989176 0
    outer loop
      vertex 0.877906 -49.4135 7.9
      vertex 0.441076 -49.4783 56
      vertex 0.877906 -49.4135 56
    endloop
  endfacet
  facet normal -0.146736 0.989176 0
    outer loop
      vertex 0.441076 -49.4783 56
      vertex 0.877906 -49.4135 7.9
      vertex 0.441076 -49.4783 7.9
    endloop
  endfacet
  facet normal -0.903987 -0.42756 0
    outer loop
      vertex 4.15746 -43.2779 7.9
      vertex 3.96865 -42.8787 56
      vertex 3.96865 -42.8787 7.9
    endloop
  endfacet
  facet normal -0.903987 -0.42756 0
    outer loop
      vertex 3.96865 -42.8787 56
      vertex 4.15746 -43.2779 7.9
      vertex 4.15746 -43.2779 56
    endloop
  endfacet
  facet normal -0.998795 0.049068 0
    outer loop
      vertex 4.47833 -45.4411 7.9
      vertex 4.5 -45 56
      vertex 4.5 -45 7.9
    endloop
  endfacet
  facet normal -0.998795 0.049068 0
    outer loop
      vertex 4.5 -45 56
      vertex 4.47833 -45.4411 7.9
      vertex 4.47833 -45.4411 56
    endloop
  endfacet
  facet normal -0.970036 -0.242962 0
    outer loop
      vertex 4.41353 -44.1221 7.9
      vertex 4.30623 -43.6937 56
      vertex 4.30623 -43.6937 7.9
    endloop
  endfacet
  facet normal -0.970036 -0.242962 0
    outer loop
      vertex 4.30623 -43.6937 56
      vertex 4.41353 -44.1221 7.9
      vertex 4.41353 -44.1221 56
    endloop
  endfacet
  facet normal -0.595753 -0.803168 0
    outer loop
      vertex 2.50007 -41.2584 7.9
      vertex 2.85477 -41.5215 56
      vertex 2.50007 -41.2584 56
    endloop
  endfacet
  facet normal -0.595753 -0.803168 -0
    outer loop
      vertex 2.85477 -41.5215 56
      vertex 2.50007 -41.2584 7.9
      vertex 2.85477 -41.5215 7.9
    endloop
  endfacet
  facet normal 0.941548 0.336879 0
    outer loop
      vertex -4.15746 -46.7221 56
      vertex -4.30623 -46.3063 7.9
      vertex -4.30623 -46.3063 56
    endloop
  endfacet
  facet normal 0.941548 0.336879 0
    outer loop
      vertex -4.30623 -46.3063 7.9
      vertex -4.15746 -46.7221 56
      vertex -4.15746 -46.7221 7.9
    endloop
  endfacet
  facet normal 0.427717 -0.903913 0
    outer loop
      vertex -2.12128 -41.0314 7.9
      vertex -1.72207 -40.8425 56
      vertex -2.12128 -41.0314 56
    endloop
  endfacet
  facet normal 0.427717 -0.903913 0
    outer loop
      vertex -1.72207 -40.8425 56
      vertex -2.12128 -41.0314 7.9
      vertex -1.72207 -40.8425 7.9
    endloop
  endfacet
  facet normal -0.242976 -0.970032 0
    outer loop
      vertex 0.877906 -40.5865 7.9
      vertex 1.30628 -40.6938 56
      vertex 0.877906 -40.5865 56
    endloop
  endfacet
  facet normal -0.242976 -0.970032 -0
    outer loop
      vertex 1.30628 -40.6938 56
      vertex 0.877906 -40.5865 7.9
      vertex 1.30628 -40.6938 7.9
    endloop
  endfacet
  facet normal 0.671477 -0.741025 0
    outer loop
      vertex -3.18198 -41.818 7.9
      vertex -2.85477 -41.5215 56
      vertex -3.18198 -41.818 56
    endloop
  endfacet
  facet normal 0.671477 -0.741025 0
    outer loop
      vertex -2.85477 -41.5215 56
      vertex -3.18198 -41.818 7.9
      vertex -2.85477 -41.5215 7.9
    endloop
  endfacet
  facet normal -0.857733 0.514096 0
    outer loop
      vertex 3.74161 -47.5001 7.9
      vertex 3.96865 -47.1213 56
      vertex 3.96865 -47.1213 7.9
    endloop
  endfacet
  facet normal -0.857733 0.514096 0
    outer loop
      vertex 3.96865 -47.1213 56
      vertex 3.74161 -47.5001 7.9
      vertex 3.74161 -47.5001 56
    endloop
  endfacet
  facet normal -0.740936 -0.671575 0
    outer loop
      vertex 3.47855 -42.1452 7.9
      vertex 3.18198 -41.818 56
      vertex 3.18198 -41.818 7.9
    endloop
  endfacet
  facet normal -0.740936 -0.671575 0
    outer loop
      vertex 3.18198 -41.818 56
      vertex 3.47855 -42.1452 7.9
      vertex 3.47855 -42.1452 56
    endloop
  endfacet
  facet normal 0.242976 0.970032 -0
    outer loop
      vertex -0.877906 -49.4135 7.9
      vertex -1.30628 -49.3062 56
      vertex -0.877906 -49.4135 56
    endloop
  endfacet
  facet normal 0.242976 0.970032 0
    outer loop
      vertex -1.30628 -49.3062 56
      vertex -0.877906 -49.4135 7.9
      vertex -1.30628 -49.3062 7.9
    endloop
  endfacet
  facet normal -0.941548 -0.336879 0
    outer loop
      vertex 4.30623 -43.6937 7.9
      vertex 4.15746 -43.2779 56
      vertex 4.15746 -43.2779 7.9
    endloop
  endfacet
  facet normal -0.941548 -0.336879 0
    outer loop
      vertex 4.15746 -43.2779 56
      vertex 4.30623 -43.6937 7.9
      vertex 4.30623 -43.6937 56
    endloop
  endfacet
  facet normal 0.0491384 -0.998792 0
    outer loop
      vertex -0.441076 -40.5217 7.9
      vertex 0 -40.5 56
      vertex -0.441076 -40.5217 56
    endloop
  endfacet
  facet normal 0.0491384 -0.998792 0
    outer loop
      vertex 0 -40.5 56
      vertex -0.441076 -40.5217 7.9
      vertex 0 -40.5 7.9
    endloop
  endfacet
  facet normal 0.514039 -0.857767 0
    outer loop
      vertex -2.50007 -41.2584 7.9
      vertex -2.12128 -41.0314 56
      vertex -2.50007 -41.2584 56
    endloop
  endfacet
  facet normal 0.514039 -0.857767 0
    outer loop
      vertex -2.12128 -41.0314 56
      vertex -2.50007 -41.2584 7.9
      vertex -2.12128 -41.0314 7.9
    endloop
  endfacet
  facet normal 0.336745 -0.941596 0
    outer loop
      vertex -1.72207 -40.8425 7.9
      vertex -1.30628 -40.6938 56
      vertex -1.72207 -40.8425 56
    endloop
  endfacet
  facet normal 0.336745 -0.941596 0
    outer loop
      vertex -1.30628 -40.6938 56
      vertex -1.72207 -40.8425 7.9
      vertex -1.30628 -40.6938 7.9
    endloop
  endfacet
  facet normal 0 0 1
    outer loop
      vertex 4.47833 -44.5589 7.9
      vertex 4.47833 -45.4411 7.9
      vertex 4.5 -45 7.9
    endloop
  endfacet
  facet normal 0 0 1
    outer loop
      vertex 4.41353 -44.1221 7.9
      vertex 4.47833 -45.4411 7.9
      vertex 4.47833 -44.5589 7.9
    endloop
  endfacet
  facet normal 0 0 1
    outer loop
      vertex 4.41353 -44.1221 7.9
      vertex 4.41353 -45.8779 7.9
      vertex 4.47833 -45.4411 7.9
    endloop
  endfacet
  facet normal 0 0 1
    outer loop
      vertex 4.30623 -43.6937 7.9
      vertex 4.41353 -45.8779 7.9
      vertex 4.41353 -44.1221 7.9
    endloop
  endfacet
  facet normal 0 0 1
    outer loop
      vertex 4.30623 -43.6937 7.9
      vertex 4.30623 -46.3063 7.9
      vertex 4.41353 -45.8779 7.9
    endloop
  endfacet
  facet normal 0 0 1
    outer loop
      vertex 4.15746 -43.2779 7.9
      vertex 4.30623 -46.3063 7.9
      vertex 4.30623 -43.6937 7.9
    endloop
  endfacet
  facet normal 0 0 1
    outer loop
      vertex 4.15746 -43.2779 7.9
      vertex 4.15746 -46.7221 7.9
      vertex 4.30623 -46.3063 7.9
    endloop
  endfacet
  facet normal 0 0 1
    outer loop
      vertex 3.96865 -42.8787 7.9
      vertex 4.15746 -46.7221 7.9
      vertex 4.15746 -43.2779 7.9
    endloop
  endfacet
  facet normal 0 0 1
    outer loop
      vertex 3.96865 -42.8787 7.9
      vertex 3.96865 -47.1213 7.9
      vertex 4.15746 -46.7221 7.9
    endloop
  endfacet
  facet normal 0 0 1
    outer loop
      vertex 3.74161 -42.4999 7.9
      vertex 3.96865 -47.1213 7.9
      vertex 3.96865 -42.8787 7.9
    endloop
  endfacet
  facet normal 0 0 1
    outer loop
      vertex 3.74161 -42.4999 7.9
      vertex 3.74161 -47.5001 7.9
      vertex 3.96865 -47.1213 7.9
    endloop
  endfacet
  facet normal 0 0 1
    outer loop
      vertex 3.47855 -42.1452 7.9
      vertex 3.74161 -47.5001 7.9
      vertex 3.74161 -42.4999 7.9
    endloop
  endfacet
  facet normal 0 0 1
    outer loop
      vertex 3.47855 -42.1452 7.9
      vertex 3.47855 -47.8548 7.9
      vertex 3.74161 -47.5001 7.9
    endloop
  endfacet
  facet normal 0 0 1
    outer loop
      vertex 3.18198 -41.818 7.9
      vertex 3.47855 -47.8548 7.9
      vertex 3.47855 -42.1452 7.9
    endloop
  endfacet
  facet normal 0 0 1
    outer loop
      vertex 3.18198 -41.818 7.9
      vertex 3.18198 -48.182 7.9
      vertex 3.47855 -47.8548 7.9
    endloop
  endfacet
  facet normal 0 0 1
    outer loop
      vertex 2.85477 -41.5215 7.9
      vertex 3.18198 -48.182 7.9
      vertex 3.18198 -41.818 7.9
    endloop
  endfacet
  facet normal 0 0 1
    outer loop
      vertex 2.85477 -41.5215 7.9
      vertex 2.85477 -48.4785 7.9
      vertex 3.18198 -48.182 7.9
    endloop
  endfacet
  facet normal 0 0 1
    outer loop
      vertex 2.50007 -41.2584 7.9
      vertex 2.85477 -48.4785 7.9
      vertex 2.85477 -41.5215 7.9
    endloop
  endfacet
  facet normal 0 0 1
    outer loop
      vertex 2.50007 -41.2584 7.9
      vertex 2.50007 -48.7416 7.9
      vertex 2.85477 -48.4785 7.9
    endloop
  endfacet
  facet normal 0 0 1
    outer loop
      vertex 2.12128 -41.0314 7.9
      vertex 2.50007 -48.7416 7.9
      vertex 2.50007 -41.2584 7.9
    endloop
  endfacet
  facet normal 0 0 1
    outer loop
      vertex 2.12128 -41.0314 7.9
      vertex 2.12128 -48.9686 7.9
      vertex 2.50007 -48.7416 7.9
    endloop
  endfacet
  facet normal 0 0 1
    outer loop
      vertex 1.72207 -40.8425 7.9
      vertex 2.12128 -48.9686 7.9
      vertex 2.12128 -41.0314 7.9
    endloop
  endfacet
  facet normal 0 0 1
    outer loop
      vertex 1.72207 -40.8425 7.9
      vertex 1.72207 -49.1575 7.9
      vertex 2.12128 -48.9686 7.9
    endloop
  endfacet
  facet normal 0 0 1
    outer loop
      vertex 1.30628 -40.6938 7.9
      vertex 1.72207 -49.1575 7.9
      vertex 1.72207 -40.8425 7.9
    endloop
  endfacet
  facet normal 0 0 1
    outer loop
      vertex 1.30628 -40.6938 7.9
      vertex 1.30628 -49.3062 7.9
      vertex 1.72207 -49.1575 7.9
    endloop
  endfacet
  facet normal 0 0 1
    outer loop
      vertex 0.877906 -40.5865 7.9
      vertex 1.30628 -49.3062 7.9
      vertex 1.30628 -40.6938 7.9
    endloop
  endfacet
  facet normal 0 0 1
    outer loop
      vertex 0.877906 -40.5865 7.9
      vertex 0.877906 -49.4135 7.9
      vertex 1.30628 -49.3062 7.9
    endloop
  endfacet
  facet normal 0 0 1
    outer loop
      vertex 0.441076 -40.5217 7.9
      vertex 0.877906 -49.4135 7.9
      vertex 0.877906 -40.5865 7.9
    endloop
  endfacet
  facet normal 0 0 1
    outer loop
      vertex 0.441076 -40.5217 7.9
      vertex 0.441076 -49.4783 7.9
      vertex 0.877906 -49.4135 7.9
    endloop
  endfacet
  facet normal 0 0 1
    outer loop
      vertex 0 -40.5 7.9
      vertex 0.441076 -49.4783 7.9
      vertex 0.441076 -40.5217 7.9
    endloop
  endfacet
  facet normal 0 0 1
    outer loop
      vertex 0 -40.5 7.9
      vertex 0 -49.5 7.9
      vertex 0.441076 -49.4783 7.9
    endloop
  endfacet
  facet normal -0 0 1
    outer loop
      vertex -0.441076 -40.5217 7.9
      vertex 0 -49.5 7.9
      vertex 0 -40.5 7.9
    endloop
  endfacet
  facet normal 0 0 1
    outer loop
      vertex -0.441076 -40.5217 7.9
      vertex -0.441076 -49.4783 7.9
      vertex 0 -49.5 7.9
    endloop
  endfacet
  facet normal -0 0 1
    outer loop
      vertex -0.877906 -40.5865 7.9
      vertex -0.441076 -49.4783 7.9
      vertex -0.441076 -40.5217 7.9
    endloop
  endfacet
  facet normal 0 0 1
    outer loop
      vertex -0.877906 -40.5865 7.9
      vertex -0.877906 -49.4135 7.9
      vertex -0.441076 -49.4783 7.9
    endloop
  endfacet
  facet normal -0 0 1
    outer loop
      vertex -1.30628 -40.6938 7.9
      vertex -0.877906 -49.4135 7.9
      vertex -0.877906 -40.5865 7.9
    endloop
  endfacet
  facet normal 0 0 1
    outer loop
      vertex -1.30628 -40.6938 7.9
      vertex -1.30628 -49.3062 7.9
      vertex -0.877906 -49.4135 7.9
    endloop
  endfacet
  facet normal -0 0 1
    outer loop
      vertex -1.72207 -40.8425 7.9
      vertex -1.30628 -49.3062 7.9
      vertex -1.30628 -40.6938 7.9
    endloop
  endfacet
  facet normal 0 0 1
    outer loop
      vertex -1.72207 -40.8425 7.9
      vertex -1.72207 -49.1575 7.9
      vertex -1.30628 -49.3062 7.9
    endloop
  endfacet
  facet normal -0 0 1
    outer loop
      vertex -2.12128 -41.0314 7.9
      vertex -1.72207 -49.1575 7.9
      vertex -1.72207 -40.8425 7.9
    endloop
  endfacet
  facet normal 0 0 1
    outer loop
      vertex -2.12128 -41.0314 7.9
      vertex -2.12128 -48.9686 7.9
      vertex -1.72207 -49.1575 7.9
    endloop
  endfacet
  facet normal -0 0 1
    outer loop
      vertex -2.50007 -41.2584 7.9
      vertex -2.12128 -48.9686 7.9
      vertex -2.12128 -41.0314 7.9
    endloop
  endfacet
  facet normal 0 0 1
    outer loop
      vertex -2.50007 -41.2584 7.9
      vertex -2.50007 -48.7416 7.9
      vertex -2.12128 -48.9686 7.9
    endloop
  endfacet
  facet normal -0 0 1
    outer loop
      vertex -2.85477 -41.5215 7.9
      vertex -2.50007 -48.7416 7.9
      vertex -2.50007 -41.2584 7.9
    endloop
  endfacet
  facet normal 0 0 1
    outer loop
      vertex -2.85477 -41.5215 7.9
      vertex -2.85477 -48.4785 7.9
      vertex -2.50007 -48.7416 7.9
    endloop
  endfacet
  facet normal -0 0 1
    outer loop
      vertex -3.18198 -41.818 7.9
      vertex -2.85477 -48.4785 7.9
      vertex -2.85477 -41.5215 7.9
    endloop
  endfacet
  facet normal 0 0 1
    outer loop
      vertex -3.18198 -41.818 7.9
      vertex -3.18198 -48.182 7.9
      vertex -2.85477 -48.4785 7.9
    endloop
  endfacet
  facet normal -0 0 1
    outer loop
      vertex -3.47855 -42.1452 7.9
      vertex -3.18198 -48.182 7.9
      vertex -3.18198 -41.818 7.9
    endloop
  endfacet
  facet normal 0 0 1
    outer loop
      vertex -3.47855 -42.1452 7.9
      vertex -3.47855 -47.8548 7.9
      vertex -3.18198 -48.182 7.9
    endloop
  endfacet
  facet normal -0 0 1
    outer loop
      vertex -3.74161 -42.4999 7.9
      vertex -3.47855 -47.8548 7.9
      vertex -3.47855 -42.1452 7.9
    endloop
  endfacet
  facet normal 0 0 1
    outer loop
      vertex -3.74161 -42.4999 7.9
      vertex -3.74161 -47.5001 7.9
      vertex -3.47855 -47.8548 7.9
    endloop
  endfacet
  facet normal -0 0 1
    outer loop
      vertex -3.96865 -42.8787 7.9
      vertex -3.74161 -47.5001 7.9
      vertex -3.74161 -42.4999 7.9
    endloop
  endfacet
  facet normal 0 0 1
    outer loop
      vertex -3.96865 -42.8787 7.9
      vertex -3.96865 -47.1213 7.9
      vertex -3.74161 -47.5001 7.9
    endloop
  endfacet
  facet normal -0 0 1
    outer loop
      vertex -4.15746 -43.2779 7.9
      vertex -3.96865 -47.1213 7.9
      vertex -3.96865 -42.8787 7.9
    endloop
  endfacet
  facet normal 0 0 1
    outer loop
      vertex -4.15746 -43.2779 7.9
      vertex -4.15746 -46.7221 7.9
      vertex -3.96865 -47.1213 7.9
    endloop
  endfacet
  facet normal -0 0 1
    outer loop
      vertex -4.30623 -43.6937 7.9
      vertex -4.15746 -46.7221 7.9
      vertex -4.15746 -43.2779 7.9
    endloop
  endfacet
  facet normal 0 0 1
    outer loop
      vertex -4.30623 -43.6937 7.9
      vertex -4.30623 -46.3063 7.9
      vertex -4.15746 -46.7221 7.9
    endloop
  endfacet
  facet normal -0 0 1
    outer loop
      vertex -4.41353 -44.1221 7.9
      vertex -4.30623 -46.3063 7.9
      vertex -4.30623 -43.6937 7.9
    endloop
  endfacet
  facet normal 0 0 1
    outer loop
      vertex -4.41353 -44.1221 7.9
      vertex -4.41353 -45.8779 7.9
      vertex -4.30623 -46.3063 7.9
    endloop
  endfacet
  facet normal -0 0 1
    outer loop
      vertex -4.47833 -44.5589 7.9
      vertex -4.41353 -45.8779 7.9
      vertex -4.41353 -44.1221 7.9
    endloop
  endfacet
  facet normal 0 0 1
    outer loop
      vertex -4.47833 -44.5589 7.9
      vertex -4.47833 -45.4411 7.9
      vertex -4.41353 -45.8779 7.9
    endloop
  endfacet
  facet normal 0 -0 1
    outer loop
      vertex -4.47833 -45.4411 7.9
      vertex -4.47833 -44.5589 7.9
      vertex -4.5 -45 7.9
    endloop
  endfacet
  facet normal 0.998795 -0.049068 0
    outer loop
      vertex -4.5 -45 56
      vertex -4.47833 -44.5589 7.9
      vertex -4.47833 -44.5589 56
    endloop
  endfacet
  facet normal 0.998795 -0.049068 0
    outer loop
      vertex -4.47833 -44.5589 7.9
      vertex -4.5 -45 56
      vertex -4.5 -45 7.9
    endloop
  endfacet
  facet normal -0.514039 -0.857767 0
    outer loop
      vertex 2.12128 -41.0314 7.9
      vertex 2.50007 -41.2584 56
      vertex 2.12128 -41.0314 56
    endloop
  endfacet
  facet normal -0.514039 -0.857767 -0
    outer loop
      vertex 2.50007 -41.2584 56
      vertex 2.12128 -41.0314 7.9
      vertex 2.50007 -41.2584 7.9
    endloop
  endfacet
  facet normal -0.740936 0.671575 0
    outer loop
      vertex 3.18198 -48.182 7.9
      vertex 3.47855 -47.8548 56
      vertex 3.47855 -47.8548 7.9
    endloop
  endfacet
  facet normal -0.740936 0.671575 0
    outer loop
      vertex 3.47855 -47.8548 56
      vertex 3.18198 -48.182 7.9
      vertex 3.18198 -48.182 56
    endloop
  endfacet
  facet normal -0.427717 -0.903913 0
    outer loop
      vertex 1.72207 -40.8425 7.9
      vertex 2.12128 -41.0314 56
      vertex 1.72207 -40.8425 56
    endloop
  endfacet
  facet normal -0.427717 -0.903913 -0
    outer loop
      vertex 2.12128 -41.0314 56
      vertex 1.72207 -40.8425 7.9
      vertex 2.12128 -41.0314 7.9
    endloop
  endfacet
  facet normal -0.0491384 -0.998792 0
    outer loop
      vertex 0 -40.5 7.9
      vertex 0.441076 -40.5217 56
      vertex 0 -40.5 56
    endloop
  endfacet
  facet normal -0.0491384 -0.998792 -0
    outer loop
      vertex 0.441076 -40.5217 56
      vertex 0 -40.5 7.9
      vertex 0.441076 -40.5217 7.9
    endloop
  endfacet
  facet normal -0.857733 -0.514096 0
    outer loop
      vertex 3.96865 -42.8787 7.9
      vertex 3.74161 -42.4999 56
      vertex 3.74161 -42.4999 7.9
    endloop
  endfacet
  facet normal -0.857733 -0.514096 0
    outer loop
      vertex 3.74161 -42.4999 56
      vertex 3.96865 -42.8787 7.9
      vertex 3.96865 -42.8787 56
    endloop
  endfacet
  facet normal 0.970036 -0.242962 0
    outer loop
      vertex -4.41353 -44.1221 56
      vertex -4.30623 -43.6937 7.9
      vertex -4.30623 -43.6937 56
    endloop
  endfacet
  facet normal 0.970036 -0.242962 0
    outer loop
      vertex -4.30623 -43.6937 7.9
      vertex -4.41353 -44.1221 56
      vertex -4.41353 -44.1221 7.9
    endloop
  endfacet
  facet normal 0.595753 -0.803168 0
    outer loop
      vertex -2.85477 -41.5215 7.9
      vertex -2.50007 -41.2584 56
      vertex -2.85477 -41.5215 56
    endloop
  endfacet
  facet normal 0.595753 -0.803168 0
    outer loop
      vertex -2.50007 -41.2584 56
      vertex -2.85477 -41.5215 7.9
      vertex -2.50007 -41.2584 7.9
    endloop
  endfacet
  facet normal -0.803211 0.595694 0
    outer loop
      vertex 3.47855 -47.8548 7.9
      vertex 3.74161 -47.5001 56
      vertex 3.74161 -47.5001 7.9
    endloop
  endfacet
  facet normal -0.803211 0.595694 0
    outer loop
      vertex 3.74161 -47.5001 56
      vertex 3.47855 -47.8548 7.9
      vertex 3.47855 -47.8548 56
    endloop
  endfacet
  facet normal 0.989174 0.146746 0
    outer loop
      vertex -4.41353 -45.8779 56
      vertex -4.47833 -45.4411 7.9
      vertex -4.47833 -45.4411 56
    endloop
  endfacet
  facet normal 0.989174 0.146746 0
    outer loop
      vertex -4.47833 -45.4411 7.9
      vertex -4.41353 -45.8779 56
      vertex -4.41353 -45.8779 7.9
    endloop
  endfacet
  facet normal 0.903987 -0.42756 0
    outer loop
      vertex -4.15746 -43.2779 56
      vertex -3.96865 -42.8787 7.9
      vertex -3.96865 -42.8787 56
    endloop
  endfacet
  facet normal 0.903987 -0.42756 0
    outer loop
      vertex -3.96865 -42.8787 7.9
      vertex -4.15746 -43.2779 56
      vertex -4.15746 -43.2779 7.9
    endloop
  endfacet
  facet normal 0.740936 0.671575 0
    outer loop
      vertex -3.18198 -48.182 56
      vertex -3.47855 -47.8548 7.9
      vertex -3.47855 -47.8548 56
    endloop
  endfacet
  facet normal 0.740936 0.671575 0
    outer loop
      vertex -3.47855 -47.8548 7.9
      vertex -3.18198 -48.182 56
      vertex -3.18198 -48.182 7.9
    endloop
  endfacet
  facet normal 0.903987 0.42756 0
    outer loop
      vertex -3.96865 -47.1213 56
      vertex -4.15746 -46.7221 7.9
      vertex -4.15746 -46.7221 56
    endloop
  endfacet
  facet normal 0.903987 0.42756 0
    outer loop
      vertex -4.15746 -46.7221 7.9
      vertex -3.96865 -47.1213 56
      vertex -3.96865 -47.1213 7.9
    endloop
  endfacet
  facet normal 0.740936 -0.671575 0
    outer loop
      vertex -3.47855 -42.1452 56
      vertex -3.18198 -41.818 7.9
      vertex -3.18198 -41.818 56
    endloop
  endfacet
  facet normal 0.740936 -0.671575 0
    outer loop
      vertex -3.18198 -41.818 7.9
      vertex -3.47855 -42.1452 56
      vertex -3.47855 -42.1452 7.9
    endloop
  endfacet
  facet normal 0.970036 0.242962 0
    outer loop
      vertex -4.30623 -46.3063 56
      vertex -4.41353 -45.8779 7.9
      vertex -4.41353 -45.8779 56
    endloop
  endfacet
  facet normal 0.970036 0.242962 0
    outer loop
      vertex -4.41353 -45.8779 7.9
      vertex -4.30623 -46.3063 56
      vertex -4.30623 -46.3063 7.9
    endloop
  endfacet
  facet normal -0.970036 0.242962 0
    outer loop
      vertex 4.30623 -46.3063 7.9
      vertex 4.41353 -45.8779 56
      vertex 4.41353 -45.8779 7.9
    endloop
  endfacet
  facet normal -0.970036 0.242962 0
    outer loop
      vertex 4.41353 -45.8779 56
      vertex 4.30623 -46.3063 7.9
      vertex 4.30623 -46.3063 56
    endloop
  endfacet
  facet normal 0.803211 0.595694 0
    outer loop
      vertex -3.47855 -47.8548 56
      vertex -3.74161 -47.5001 7.9
      vertex -3.74161 -47.5001 56
    endloop
  endfacet
  facet normal 0.803211 0.595694 0
    outer loop
      vertex -3.74161 -47.5001 7.9
      vertex -3.47855 -47.8548 56
      vertex -3.47855 -47.8548 7.9
    endloop
  endfacet
  facet normal 0.427717 0.903913 -0
    outer loop
      vertex -1.72207 -49.1575 7.9
      vertex -2.12128 -48.9686 56
      vertex -1.72207 -49.1575 56
    endloop
  endfacet
  facet normal 0.427717 0.903913 0
    outer loop
      vertex -2.12128 -48.9686 56
      vertex -1.72207 -49.1575 7.9
      vertex -2.12128 -48.9686 7.9
    endloop
  endfacet
  facet normal -0.242976 0.970032 0
    outer loop
      vertex 1.30628 -49.3062 7.9
      vertex 0.877906 -49.4135 56
      vertex 1.30628 -49.3062 56
    endloop
  endfacet
  facet normal -0.242976 0.970032 0
    outer loop
      vertex 0.877906 -49.4135 56
      vertex 1.30628 -49.3062 7.9
      vertex 0.877906 -49.4135 7.9
    endloop
  endfacet
  facet normal -0.941548 0.336879 0
    outer loop
      vertex 4.15746 -46.7221 7.9
      vertex 4.30623 -46.3063 56
      vertex 4.30623 -46.3063 7.9
    endloop
  endfacet
  facet normal -0.941548 0.336879 0
    outer loop
      vertex 4.30623 -46.3063 56
      vertex 4.15746 -46.7221 7.9
      vertex 4.15746 -46.7221 56
    endloop
  endfacet
  facet normal 0.595753 0.803168 -0
    outer loop
      vertex -2.50007 -48.7416 7.9
      vertex -2.85477 -48.4785 56
      vertex -2.50007 -48.7416 56
    endloop
  endfacet
  facet normal 0.595753 0.803168 0
    outer loop
      vertex -2.85477 -48.4785 56
      vertex -2.50007 -48.7416 7.9
      vertex -2.85477 -48.4785 7.9
    endloop
  endfacet
  facet normal 0.336745 0.941596 -0
    outer loop
      vertex -1.30628 -49.3062 7.9
      vertex -1.72207 -49.1575 56
      vertex -1.30628 -49.3062 56
    endloop
  endfacet
  facet normal 0.336745 0.941596 0
    outer loop
      vertex -1.72207 -49.1575 56
      vertex -1.30628 -49.3062 7.9
      vertex -1.72207 -49.1575 7.9
    endloop
  endfacet
  facet normal -0.427717 0.903913 0
    outer loop
      vertex 2.12128 -48.9686 7.9
      vertex 1.72207 -49.1575 56
      vertex 2.12128 -48.9686 56
    endloop
  endfacet
  facet normal -0.427717 0.903913 0
    outer loop
      vertex 1.72207 -49.1575 56
      vertex 2.12128 -48.9686 7.9
      vertex 1.72207 -49.1575 7.9
    endloop
  endfacet
  facet normal 0.671477 0.741025 -0
    outer loop
      vertex -2.85477 -48.4785 7.9
      vertex -3.18198 -48.182 56
      vertex -2.85477 -48.4785 56
    endloop
  endfacet
  facet normal 0.671477 0.741025 0
    outer loop
      vertex -3.18198 -48.182 56
      vertex -2.85477 -48.4785 7.9
      vertex -3.18198 -48.182 7.9
    endloop
  endfacet
  facet normal 0.857733 0.514096 0
    outer loop
      vertex -3.74161 -47.5001 56
      vertex -3.96865 -47.1213 7.9
      vertex -3.96865 -47.1213 56
    endloop
  endfacet
  facet normal 0.857733 0.514096 0
    outer loop
      vertex -3.96865 -47.1213 7.9
      vertex -3.74161 -47.5001 56
      vertex -3.74161 -47.5001 7.9
    endloop
  endfacet
  facet normal 0.941548 -0.336879 0
    outer loop
      vertex -4.30623 -43.6937 56
      vertex -4.15746 -43.2779 7.9
      vertex -4.15746 -43.2779 56
    endloop
  endfacet
  facet normal 0.941548 -0.336879 0
    outer loop
      vertex -4.15746 -43.2779 7.9
      vertex -4.30623 -43.6937 56
      vertex -4.30623 -43.6937 7.9
    endloop
  endfacet
  facet normal 0.514039 0.857767 -0
    outer loop
      vertex -2.12128 -48.9686 7.9
      vertex -2.50007 -48.7416 56
      vertex -2.12128 -48.9686 56
    endloop
  endfacet
  facet normal 0.514039 0.857767 0
    outer loop
      vertex -2.50007 -48.7416 56
      vertex -2.12128 -48.9686 7.9
      vertex -2.50007 -48.7416 7.9
    endloop
  endfacet
  facet normal -0.671477 0.741025 0
    outer loop
      vertex 3.18198 -48.182 7.9
      vertex 2.85477 -48.4785 56
      vertex 3.18198 -48.182 56
    endloop
  endfacet
  facet normal -0.671477 0.741025 0
    outer loop
      vertex 2.85477 -48.4785 56
      vertex 3.18198 -48.182 7.9
      vertex 2.85477 -48.4785 7.9
    endloop
  endfacet
  facet normal 0.336745 0.941596 -0
    outer loop
      vertex -1.30628 40.6938 7.9
      vertex -1.72207 40.8425 56
      vertex -1.30628 40.6938 56
    endloop
  endfacet
  facet normal 0.336745 0.941596 0
    outer loop
      vertex -1.72207 40.8425 56
      vertex -1.30628 40.6938 7.9
      vertex -1.72207 40.8425 7.9
    endloop
  endfacet
  facet normal -0.989174 -0.146746 0
    outer loop
      vertex 4.47833 45.4411 7.9
      vertex 4.41353 45.8779 56
      vertex 4.41353 45.8779 7.9
    endloop
  endfacet
  facet normal -0.989174 -0.146746 0
    outer loop
      vertex 4.41353 45.8779 56
      vertex 4.47833 45.4411 7.9
      vertex 4.47833 45.4411 56
    endloop
  endfacet
  facet normal -0.998795 -0.049068 0
    outer loop
      vertex 4.5 45 7.9
      vertex 4.47833 45.4411 56
      vertex 4.47833 45.4411 7.9
    endloop
  endfacet
  facet normal -0.998795 -0.049068 0
    outer loop
      vertex 4.47833 45.4411 56
      vertex 4.5 45 7.9
      vertex 4.5 45 56
    endloop
  endfacet
  facet normal -0.970036 -0.242962 0
    outer loop
      vertex 4.41353 45.8779 7.9
      vertex 4.30623 46.3063 56
      vertex 4.30623 46.3063 7.9
    endloop
  endfacet
  facet normal -0.970036 -0.242962 0
    outer loop
      vertex 4.30623 46.3063 56
      vertex 4.41353 45.8779 7.9
      vertex 4.41353 45.8779 56
    endloop
  endfacet
  facet normal 0.989174 -0.146746 0
    outer loop
      vertex -4.47833 45.4411 56
      vertex -4.41353 45.8779 7.9
      vertex -4.41353 45.8779 56
    endloop
  endfacet
  facet normal 0.989174 -0.146746 0
    outer loop
      vertex -4.41353 45.8779 7.9
      vertex -4.47833 45.4411 56
      vertex -4.47833 45.4411 7.9
    endloop
  endfacet
  facet normal 0.242976 0.970032 -0
    outer loop
      vertex -0.877906 40.5865 7.9
      vertex -1.30628 40.6938 56
      vertex -0.877906 40.5865 56
    endloop
  endfacet
  facet normal 0.242976 0.970032 0
    outer loop
      vertex -1.30628 40.6938 56
      vertex -0.877906 40.5865 7.9
      vertex -1.30628 40.6938 7.9
    endloop
  endfacet
  facet normal -0.336745 -0.941596 0
    outer loop
      vertex 1.30628 49.3062 7.9
      vertex 1.72207 49.1575 56
      vertex 1.30628 49.3062 56
    endloop
  endfacet
  facet normal -0.336745 -0.941596 -0
    outer loop
      vertex 1.72207 49.1575 56
      vertex 1.30628 49.3062 7.9
      vertex 1.72207 49.1575 7.9
    endloop
  endfacet
  facet normal 0.514039 -0.857767 0
    outer loop
      vertex -2.50007 48.7416 7.9
      vertex -2.12128 48.9686 56
      vertex -2.50007 48.7416 56
    endloop
  endfacet
  facet normal 0.514039 -0.857767 0
    outer loop
      vertex -2.12128 48.9686 56
      vertex -2.50007 48.7416 7.9
      vertex -2.12128 48.9686 7.9
    endloop
  endfacet
  facet normal 0.903987 0.42756 0
    outer loop
      vertex -3.96865 42.8787 56
      vertex -4.15746 43.2779 7.9
      vertex -4.15746 43.2779 56
    endloop
  endfacet
  facet normal 0.903987 0.42756 0
    outer loop
      vertex -4.15746 43.2779 7.9
      vertex -3.96865 42.8787 56
      vertex -3.96865 42.8787 7.9
    endloop
  endfacet
  facet normal 0.242976 -0.970032 0
    outer loop
      vertex -1.30628 49.3062 7.9
      vertex -0.877906 49.4135 56
      vertex -1.30628 49.3062 56
    endloop
  endfacet
  facet normal 0.242976 -0.970032 0
    outer loop
      vertex -0.877906 49.4135 56
      vertex -1.30628 49.3062 7.9
      vertex -0.877906 49.4135 7.9
    endloop
  endfacet
  facet normal 0.857733 0.514096 0
    outer loop
      vertex -3.74161 42.4999 56
      vertex -3.96865 42.8787 7.9
      vertex -3.96865 42.8787 56
    endloop
  endfacet
  facet normal 0.857733 0.514096 0
    outer loop
      vertex -3.96865 42.8787 7.9
      vertex -3.74161 42.4999 56
      vertex -3.74161 42.4999 7.9
    endloop
  endfacet
  facet normal -0.242976 0.970032 0
    outer loop
      vertex 1.30628 40.6938 7.9
      vertex 0.877906 40.5865 56
      vertex 1.30628 40.6938 56
    endloop
  endfacet
  facet normal -0.242976 0.970032 0
    outer loop
      vertex 0.877906 40.5865 56
      vertex 1.30628 40.6938 7.9
      vertex 0.877906 40.5865 7.9
    endloop
  endfacet
  facet normal 0.595753 0.803168 -0
    outer loop
      vertex -2.50007 41.2584 7.9
      vertex -2.85477 41.5215 56
      vertex -2.50007 41.2584 56
    endloop
  endfacet
  facet normal 0.595753 0.803168 0
    outer loop
      vertex -2.85477 41.5215 56
      vertex -2.50007 41.2584 7.9
      vertex -2.85477 41.5215 7.9
    endloop
  endfacet
  facet normal -0.514039 0.857767 0
    outer loop
      vertex 2.50007 41.2584 7.9
      vertex 2.12128 41.0314 56
      vertex 2.50007 41.2584 56
    endloop
  endfacet
  facet normal -0.514039 0.857767 0
    outer loop
      vertex 2.12128 41.0314 56
      vertex 2.50007 41.2584 7.9
      vertex 2.12128 41.0314 7.9
    endloop
  endfacet
  facet normal -0.803211 0.595694 0
    outer loop
      vertex 3.47855 42.1452 7.9
      vertex 3.74161 42.4999 56
      vertex 3.74161 42.4999 7.9
    endloop
  endfacet
  facet normal -0.803211 0.595694 0
    outer loop
      vertex 3.74161 42.4999 56
      vertex 3.47855 42.1452 7.9
      vertex 3.47855 42.1452 56
    endloop
  endfacet
  facet normal -0.146736 -0.989176 0
    outer loop
      vertex 0.441076 49.4783 7.9
      vertex 0.877906 49.4135 56
      vertex 0.441076 49.4783 56
    endloop
  endfacet
  facet normal -0.146736 -0.989176 -0
    outer loop
      vertex 0.877906 49.4135 56
      vertex 0.441076 49.4783 7.9
      vertex 0.877906 49.4135 7.9
    endloop
  endfacet
  facet normal 0.595753 -0.803168 0
    outer loop
      vertex -2.85477 48.4785 7.9
      vertex -2.50007 48.7416 56
      vertex -2.85477 48.4785 56
    endloop
  endfacet
  facet normal 0.595753 -0.803168 0
    outer loop
      vertex -2.50007 48.7416 56
      vertex -2.85477 48.4785 7.9
      vertex -2.50007 48.7416 7.9
    endloop
  endfacet
  facet normal -0.427717 0.903913 0
    outer loop
      vertex 2.12128 41.0314 7.9
      vertex 1.72207 40.8425 56
      vertex 2.12128 41.0314 56
    endloop
  endfacet
  facet normal -0.427717 0.903913 0
    outer loop
      vertex 1.72207 40.8425 56
      vertex 2.12128 41.0314 7.9
      vertex 1.72207 40.8425 7.9
    endloop
  endfacet
  facet normal 0.803211 -0.595694 0
    outer loop
      vertex -3.74161 47.5001 56
      vertex -3.47855 47.8548 7.9
      vertex -3.47855 47.8548 56
    endloop
  endfacet
  facet normal 0.803211 -0.595694 0
    outer loop
      vertex -3.47855 47.8548 7.9
      vertex -3.74161 47.5001 56
      vertex -3.74161 47.5001 7.9
    endloop
  endfacet
  facet normal -0.989174 0.146746 0
    outer loop
      vertex 4.41353 44.1221 7.9
      vertex 4.47833 44.5589 56
      vertex 4.47833 44.5589 7.9
    endloop
  endfacet
  facet normal -0.989174 0.146746 0
    outer loop
      vertex 4.47833 44.5589 56
      vertex 4.41353 44.1221 7.9
      vertex 4.41353 44.1221 56
    endloop
  endfacet
  facet normal 0.941548 -0.336879 0
    outer loop
      vertex -4.30623 46.3063 56
      vertex -4.15746 46.7221 7.9
      vertex -4.15746 46.7221 56
    endloop
  endfacet
  facet normal 0.941548 -0.336879 0
    outer loop
      vertex -4.15746 46.7221 7.9
      vertex -4.30623 46.3063 56
      vertex -4.30623 46.3063 7.9
    endloop
  endfacet
  facet normal -0.427717 -0.903913 0
    outer loop
      vertex 1.72207 49.1575 7.9
      vertex 2.12128 48.9686 56
      vertex 1.72207 49.1575 56
    endloop
  endfacet
  facet normal -0.427717 -0.903913 -0
    outer loop
      vertex 2.12128 48.9686 56
      vertex 1.72207 49.1575 7.9
      vertex 2.12128 48.9686 7.9
    endloop
  endfacet
  facet normal 0.941548 0.336879 0
    outer loop
      vertex -4.15746 43.2779 56
      vertex -4.30623 43.6937 7.9
      vertex -4.30623 43.6937 56
    endloop
  endfacet
  facet normal 0.941548 0.336879 0
    outer loop
      vertex -4.30623 43.6937 7.9
      vertex -4.15746 43.2779 56
      vertex -4.15746 43.2779 7.9
    endloop
  endfacet
  facet normal -0.970036 0.242962 0
    outer loop
      vertex 4.30623 43.6937 7.9
      vertex 4.41353 44.1221 56
      vertex 4.41353 44.1221 7.9
    endloop
  endfacet
  facet normal -0.970036 0.242962 0
    outer loop
      vertex 4.41353 44.1221 56
      vertex 4.30623 43.6937 7.9
      vertex 4.30623 43.6937 56
    endloop
  endfacet
  facet normal 0.0491384 -0.998792 0
    outer loop
      vertex -0.441076 49.4783 7.9
      vertex 0 49.5 56
      vertex -0.441076 49.4783 56
    endloop
  endfacet
  facet normal 0.0491384 -0.998792 0
    outer loop
      vertex 0 49.5 56
      vertex -0.441076 49.4783 7.9
      vertex 0 49.5 7.9
    endloop
  endfacet
  facet normal -0.671477 -0.741025 0
    outer loop
      vertex 2.85477 48.4785 7.9
      vertex 3.18198 48.182 56
      vertex 2.85477 48.4785 56
    endloop
  endfacet
  facet normal -0.671477 -0.741025 -0
    outer loop
      vertex 3.18198 48.182 56
      vertex 2.85477 48.4785 7.9
      vertex 3.18198 48.182 7.9
    endloop
  endfacet
  facet normal 0.427717 -0.903913 0
    outer loop
      vertex -2.12128 48.9686 7.9
      vertex -1.72207 49.1575 56
      vertex -2.12128 48.9686 56
    endloop
  endfacet
  facet normal 0.427717 -0.903913 0
    outer loop
      vertex -1.72207 49.1575 56
      vertex -2.12128 48.9686 7.9
      vertex -1.72207 49.1575 7.9
    endloop
  endfacet
  facet normal 0.671477 -0.741025 0
    outer loop
      vertex -3.18198 48.182 7.9
      vertex -2.85477 48.4785 56
      vertex -3.18198 48.182 56
    endloop
  endfacet
  facet normal 0.671477 -0.741025 0
    outer loop
      vertex -2.85477 48.4785 56
      vertex -3.18198 48.182 7.9
      vertex -2.85477 48.4785 7.9
    endloop
  endfacet
  facet normal -0.336745 0.941596 0
    outer loop
      vertex 1.72207 40.8425 7.9
      vertex 1.30628 40.6938 56
      vertex 1.72207 40.8425 56
    endloop
  endfacet
  facet normal -0.336745 0.941596 0
    outer loop
      vertex 1.30628 40.6938 56
      vertex 1.72207 40.8425 7.9
      vertex 1.30628 40.6938 7.9
    endloop
  endfacet
  facet normal 0.336745 -0.941596 0
    outer loop
      vertex -1.72207 49.1575 7.9
      vertex -1.30628 49.3062 56
      vertex -1.72207 49.1575 56
    endloop
  endfacet
  facet normal 0.336745 -0.941596 0
    outer loop
      vertex -1.30628 49.3062 56
      vertex -1.72207 49.1575 7.9
      vertex -1.30628 49.3062 7.9
    endloop
  endfacet
  facet normal -0.803211 -0.595694 0
    outer loop
      vertex 3.74161 47.5001 7.9
      vertex 3.47855 47.8548 56
      vertex 3.47855 47.8548 7.9
    endloop
  endfacet
  facet normal -0.803211 -0.595694 0
    outer loop
      vertex 3.47855 47.8548 56
      vertex 3.74161 47.5001 7.9
      vertex 3.74161 47.5001 56
    endloop
  endfacet
  facet normal 0.857733 -0.514096 0
    outer loop
      vertex -3.96865 47.1213 56
      vertex -3.74161 47.5001 7.9
      vertex -3.74161 47.5001 56
    endloop
  endfacet
  facet normal 0.857733 -0.514096 0
    outer loop
      vertex -3.74161 47.5001 7.9
      vertex -3.96865 47.1213 56
      vertex -3.96865 47.1213 7.9
    endloop
  endfacet
  facet normal -0.998795 0.049068 0
    outer loop
      vertex 4.47833 44.5589 7.9
      vertex 4.5 45 56
      vertex 4.5 45 7.9
    endloop
  endfacet
  facet normal -0.998795 0.049068 0
    outer loop
      vertex 4.5 45 56
      vertex 4.47833 44.5589 7.9
      vertex 4.47833 44.5589 56
    endloop
  endfacet
  facet normal -0.903987 0.42756 0
    outer loop
      vertex 3.96865 42.8787 7.9
      vertex 4.15746 43.2779 56
      vertex 4.15746 43.2779 7.9
    endloop
  endfacet
  facet normal -0.903987 0.42756 0
    outer loop
      vertex 4.15746 43.2779 56
      vertex 3.96865 42.8787 7.9
      vertex 3.96865 42.8787 56
    endloop
  endfacet
  facet normal -0.595753 -0.803168 0
    outer loop
      vertex 2.50007 48.7416 7.9
      vertex 2.85477 48.4785 56
      vertex 2.50007 48.7416 56
    endloop
  endfacet
  facet normal -0.595753 -0.803168 -0
    outer loop
      vertex 2.85477 48.4785 56
      vertex 2.50007 48.7416 7.9
      vertex 2.85477 48.4785 7.9
    endloop
  endfacet
  facet normal 0.514039 0.857767 -0
    outer loop
      vertex -2.12128 41.0314 7.9
      vertex -2.50007 41.2584 56
      vertex -2.12128 41.0314 56
    endloop
  endfacet
  facet normal 0.514039 0.857767 0
    outer loop
      vertex -2.50007 41.2584 56
      vertex -2.12128 41.0314 7.9
      vertex -2.50007 41.2584 7.9
    endloop
  endfacet
  facet normal -0.514039 -0.857767 0
    outer loop
      vertex 2.12128 48.9686 7.9
      vertex 2.50007 48.7416 56
      vertex 2.12128 48.9686 56
    endloop
  endfacet
  facet normal -0.514039 -0.857767 -0
    outer loop
      vertex 2.50007 48.7416 56
      vertex 2.12128 48.9686 7.9
      vertex 2.50007 48.7416 7.9
    endloop
  endfacet
  facet normal -0.146736 0.989176 0
    outer loop
      vertex 0.877906 40.5865 7.9
      vertex 0.441076 40.5217 56
      vertex 0.877906 40.5865 56
    endloop
  endfacet
  facet normal -0.146736 0.989176 0
    outer loop
      vertex 0.441076 40.5217 56
      vertex 0.877906 40.5865 7.9
      vertex 0.441076 40.5217 7.9
    endloop
  endfacet
  facet normal -0.941548 -0.336879 0
    outer loop
      vertex 4.30623 46.3063 7.9
      vertex 4.15746 46.7221 56
      vertex 4.15746 46.7221 7.9
    endloop
  endfacet
  facet normal -0.941548 -0.336879 0
    outer loop
      vertex 4.15746 46.7221 56
      vertex 4.30623 46.3063 7.9
      vertex 4.30623 46.3063 56
    endloop
  endfacet
  facet normal -0.857733 0.514096 0
    outer loop
      vertex 3.74161 42.4999 7.9
      vertex 3.96865 42.8787 56
      vertex 3.96865 42.8787 7.9
    endloop
  endfacet
  facet normal -0.857733 0.514096 0
    outer loop
      vertex 3.96865 42.8787 56
      vertex 3.74161 42.4999 7.9
      vertex 3.74161 42.4999 56
    endloop
  endfacet
  facet normal 0.998795 0.049068 0
    outer loop
      vertex -4.47833 44.5589 56
      vertex -4.5 45 7.9
      vertex -4.5 45 56
    endloop
  endfacet
  facet normal 0.998795 0.049068 0
    outer loop
      vertex -4.5 45 7.9
      vertex -4.47833 44.5589 56
      vertex -4.47833 44.5589 7.9
    endloop
  endfacet
  facet normal -0.941548 0.336879 0
    outer loop
      vertex 4.15746 43.2779 7.9
      vertex 4.30623 43.6937 56
      vertex 4.30623 43.6937 7.9
    endloop
  endfacet
  facet normal -0.941548 0.336879 0
    outer loop
      vertex 4.30623 43.6937 56
      vertex 4.15746 43.2779 7.9
      vertex 4.15746 43.2779 56
    endloop
  endfacet
  facet normal 0.146736 -0.989176 0
    outer loop
      vertex -0.877906 49.4135 7.9
      vertex -0.441076 49.4783 56
      vertex -0.877906 49.4135 56
    endloop
  endfacet
  facet normal 0.146736 -0.989176 0
    outer loop
      vertex -0.441076 49.4783 56
      vertex -0.877906 49.4135 7.9
      vertex -0.441076 49.4783 7.9
    endloop
  endfacet
  facet normal -0.740936 -0.671575 0
    outer loop
      vertex 3.47855 47.8548 7.9
      vertex 3.18198 48.182 56
      vertex 3.18198 48.182 7.9
    endloop
  endfacet
  facet normal -0.740936 -0.671575 0
    outer loop
      vertex 3.18198 48.182 56
      vertex 3.47855 47.8548 7.9
      vertex 3.47855 47.8548 56
    endloop
  endfacet
  facet normal -0.0491384 -0.998792 0
    outer loop
      vertex 0 49.5 7.9
      vertex 0.441076 49.4783 56
      vertex 0 49.5 56
    endloop
  endfacet
  facet normal -0.0491384 -0.998792 -0
    outer loop
      vertex 0.441076 49.4783 56
      vertex 0 49.5 7.9
      vertex 0.441076 49.4783 7.9
    endloop
  endfacet
  facet normal -0.903987 -0.42756 0
    outer loop
      vertex 4.15746 46.7221 7.9
      vertex 3.96865 47.1213 56
      vertex 3.96865 47.1213 7.9
    endloop
  endfacet
  facet normal -0.903987 -0.42756 0
    outer loop
      vertex 3.96865 47.1213 56
      vertex 4.15746 46.7221 7.9
      vertex 4.15746 46.7221 56
    endloop
  endfacet
  facet normal 0.146736 0.989176 -0
    outer loop
      vertex -0.441076 40.5217 7.9
      vertex -0.877906 40.5865 56
      vertex -0.441076 40.5217 56
    endloop
  endfacet
  facet normal 0.146736 0.989176 0
    outer loop
      vertex -0.877906 40.5865 56
      vertex -0.441076 40.5217 7.9
      vertex -0.877906 40.5865 7.9
    endloop
  endfacet
  facet normal -0.671477 0.741025 0
    outer loop
      vertex 3.18198 41.818 7.9
      vertex 2.85477 41.5215 56
      vertex 3.18198 41.818 56
    endloop
  endfacet
  facet normal -0.671477 0.741025 0
    outer loop
      vertex 2.85477 41.5215 56
      vertex 3.18198 41.818 7.9
      vertex 2.85477 41.5215 7.9
    endloop
  endfacet
  facet normal -0.857733 -0.514096 0
    outer loop
      vertex 3.96865 47.1213 7.9
      vertex 3.74161 47.5001 56
      vertex 3.74161 47.5001 7.9
    endloop
  endfacet
  facet normal -0.857733 -0.514096 0
    outer loop
      vertex 3.74161 47.5001 56
      vertex 3.96865 47.1213 7.9
      vertex 3.96865 47.1213 56
    endloop
  endfacet
  facet normal 0.0491384 0.998792 -0
    outer loop
      vertex 0 40.5 7.9
      vertex -0.441076 40.5217 56
      vertex 0 40.5 56
    endloop
  endfacet
  facet normal 0.0491384 0.998792 0
    outer loop
      vertex -0.441076 40.5217 56
      vertex 0 40.5 7.9
      vertex -0.441076 40.5217 7.9
    endloop
  endfacet
  facet normal 0.740936 -0.671575 0
    outer loop
      vertex -3.47855 47.8548 56
      vertex -3.18198 48.182 7.9
      vertex -3.18198 48.182 56
    endloop
  endfacet
  facet normal 0.740936 -0.671575 0
    outer loop
      vertex -3.18198 48.182 7.9
      vertex -3.47855 47.8548 56
      vertex -3.47855 47.8548 7.9
    endloop
  endfacet
  facet normal 0.903987 -0.42756 0
    outer loop
      vertex -4.15746 46.7221 56
      vertex -3.96865 47.1213 7.9
      vertex -3.96865 47.1213 56
    endloop
  endfacet
  facet normal 0.903987 -0.42756 0
    outer loop
      vertex -3.96865 47.1213 7.9
      vertex -4.15746 46.7221 56
      vertex -4.15746 46.7221 7.9
    endloop
  endfacet
  facet normal 0.671477 0.741025 -0
    outer loop
      vertex -2.85477 41.5215 7.9
      vertex -3.18198 41.818 56
      vertex -2.85477 41.5215 56
    endloop
  endfacet
  facet normal 0.671477 0.741025 0
    outer loop
      vertex -3.18198 41.818 56
      vertex -2.85477 41.5215 7.9
      vertex -3.18198 41.818 7.9
    endloop
  endfacet
  facet normal 0.970036 -0.242962 0
    outer loop
      vertex -4.41353 45.8779 56
      vertex -4.30623 46.3063 7.9
      vertex -4.30623 46.3063 56
    endloop
  endfacet
  facet normal 0.970036 -0.242962 0
    outer loop
      vertex -4.30623 46.3063 7.9
      vertex -4.41353 45.8779 56
      vertex -4.41353 45.8779 7.9
    endloop
  endfacet
  facet normal -0.242976 -0.970032 0
    outer loop
      vertex 0.877906 49.4135 7.9
      vertex 1.30628 49.3062 56
      vertex 0.877906 49.4135 56
    endloop
  endfacet
  facet normal -0.242976 -0.970032 -0
    outer loop
      vertex 1.30628 49.3062 56
      vertex 0.877906 49.4135 7.9
      vertex 1.30628 49.3062 7.9
    endloop
  endfacet
  facet normal 0.970036 0.242962 0
    outer loop
      vertex -4.30623 43.6937 56
      vertex -4.41353 44.1221 7.9
      vertex -4.41353 44.1221 56
    endloop
  endfacet
  facet normal 0.970036 0.242962 0
    outer loop
      vertex -4.41353 44.1221 7.9
      vertex -4.30623 43.6937 56
      vertex -4.30623 43.6937 7.9
    endloop
  endfacet
  facet normal 0.427717 0.903913 -0
    outer loop
      vertex -1.72207 40.8425 7.9
      vertex -2.12128 41.0314 56
      vertex -1.72207 40.8425 56
    endloop
  endfacet
  facet normal 0.427717 0.903913 0
    outer loop
      vertex -2.12128 41.0314 56
      vertex -1.72207 40.8425 7.9
      vertex -2.12128 41.0314 7.9
    endloop
  endfacet
  facet normal 0.740936 0.671575 0
    outer loop
      vertex -3.18198 41.818 56
      vertex -3.47855 42.1452 7.9
      vertex -3.47855 42.1452 56
    endloop
  endfacet
  facet normal 0.740936 0.671575 0
    outer loop
      vertex -3.47855 42.1452 7.9
      vertex -3.18198 41.818 56
      vertex -3.18198 41.818 7.9
    endloop
  endfacet
  facet normal -0.0491384 0.998792 0
    outer loop
      vertex 0.441076 40.5217 7.9
      vertex 0 40.5 56
      vertex 0.441076 40.5217 56
    endloop
  endfacet
  facet normal -0.0491384 0.998792 0
    outer loop
      vertex 0 40.5 56
      vertex 0.441076 40.5217 7.9
      vertex 0 40.5 7.9
    endloop
  endfacet
  facet normal 0.989174 0.146746 0
    outer loop
      vertex -4.41353 44.1221 56
      vertex -4.47833 44.5589 7.9
      vertex -4.47833 44.5589 56
    endloop
  endfacet
  facet normal 0.989174 0.146746 0
    outer loop
      vertex -4.47833 44.5589 7.9
      vertex -4.41353 44.1221 56
      vertex -4.41353 44.1221 7.9
    endloop
  endfacet
  facet normal -0.595753 0.803168 0
    outer loop
      vertex 2.85477 41.5215 7.9
      vertex 2.50007 41.2584 56
      vertex 2.85477 41.5215 56
    endloop
  endfacet
  facet normal -0.595753 0.803168 0
    outer loop
      vertex 2.50007 41.2584 56
      vertex 2.85477 41.5215 7.9
      vertex 2.50007 41.2584 7.9
    endloop
  endfacet
  facet normal 0 0 1
    outer loop
      vertex 4.47833 45.4411 7.9
      vertex 4.47833 44.5589 7.9
      vertex 4.5 45 7.9
    endloop
  endfacet
  facet normal 0 0 1
    outer loop
      vertex 4.41353 45.8779 7.9
      vertex 4.47833 44.5589 7.9
      vertex 4.47833 45.4411 7.9
    endloop
  endfacet
  facet normal 0 0 1
    outer loop
      vertex 4.41353 45.8779 7.9
      vertex 4.41353 44.1221 7.9
      vertex 4.47833 44.5589 7.9
    endloop
  endfacet
  facet normal 0 0 1
    outer loop
      vertex 4.30623 46.3063 7.9
      vertex 4.41353 44.1221 7.9
      vertex 4.41353 45.8779 7.9
    endloop
  endfacet
  facet normal 0 0 1
    outer loop
      vertex 4.30623 46.3063 7.9
      vertex 4.30623 43.6937 7.9
      vertex 4.41353 44.1221 7.9
    endloop
  endfacet
  facet normal 0 0 1
    outer loop
      vertex 4.15746 46.7221 7.9
      vertex 4.30623 43.6937 7.9
      vertex 4.30623 46.3063 7.9
    endloop
  endfacet
  facet normal 0 0 1
    outer loop
      vertex 4.15746 46.7221 7.9
      vertex 4.15746 43.2779 7.9
      vertex 4.30623 43.6937 7.9
    endloop
  endfacet
  facet normal 0 0 1
    outer loop
      vertex 3.96865 47.1213 7.9
      vertex 4.15746 43.2779 7.9
      vertex 4.15746 46.7221 7.9
    endloop
  endfacet
  facet normal 0 0 1
    outer loop
      vertex 3.96865 47.1213 7.9
      vertex 3.96865 42.8787 7.9
      vertex 4.15746 43.2779 7.9
    endloop
  endfacet
  facet normal 0 0 1
    outer loop
      vertex 3.74161 47.5001 7.9
      vertex 3.96865 42.8787 7.9
      vertex 3.96865 47.1213 7.9
    endloop
  endfacet
  facet normal 0 0 1
    outer loop
      vertex 3.74161 47.5001 7.9
      vertex 3.74161 42.4999 7.9
      vertex 3.96865 42.8787 7.9
    endloop
  endfacet
  facet normal 0 0 1
    outer loop
      vertex 3.47855 47.8548 7.9
      vertex 3.74161 42.4999 7.9
      vertex 3.74161 47.5001 7.9
    endloop
  endfacet
  facet normal 0 0 1
    outer loop
      vertex 3.47855 47.8548 7.9
      vertex 3.47855 42.1452 7.9
      vertex 3.74161 42.4999 7.9
    endloop
  endfacet
  facet normal 0 0 1
    outer loop
      vertex 3.18198 48.182 7.9
      vertex 3.47855 42.1452 7.9
      vertex 3.47855 47.8548 7.9
    endloop
  endfacet
  facet normal 0 0 1
    outer loop
      vertex 3.18198 48.182 7.9
      vertex 3.18198 41.818 7.9
      vertex 3.47855 42.1452 7.9
    endloop
  endfacet
  facet normal 0 0 1
    outer loop
      vertex 2.85477 48.4785 7.9
      vertex 3.18198 41.818 7.9
      vertex 3.18198 48.182 7.9
    endloop
  endfacet
  facet normal 0 0 1
    outer loop
      vertex 2.85477 48.4785 7.9
      vertex 2.85477 41.5215 7.9
      vertex 3.18198 41.818 7.9
    endloop
  endfacet
  facet normal 0 0 1
    outer loop
      vertex 2.50007 48.7416 7.9
      vertex 2.85477 41.5215 7.9
      vertex 2.85477 48.4785 7.9
    endloop
  endfacet
  facet normal 0 0 1
    outer loop
      vertex 2.50007 48.7416 7.9
      vertex 2.50007 41.2584 7.9
      vertex 2.85477 41.5215 7.9
    endloop
  endfacet
  facet normal 0 0 1
    outer loop
      vertex 2.12128 48.9686 7.9
      vertex 2.50007 41.2584 7.9
      vertex 2.50007 48.7416 7.9
    endloop
  endfacet
  facet normal 0 0 1
    outer loop
      vertex 2.12128 48.9686 7.9
      vertex 2.12128 41.0314 7.9
      vertex 2.50007 41.2584 7.9
    endloop
  endfacet
  facet normal 0 0 1
    outer loop
      vertex 1.72207 49.1575 7.9
      vertex 2.12128 41.0314 7.9
      vertex 2.12128 48.9686 7.9
    endloop
  endfacet
  facet normal 0 0 1
    outer loop
      vertex 1.72207 49.1575 7.9
      vertex 1.72207 40.8425 7.9
      vertex 2.12128 41.0314 7.9
    endloop
  endfacet
  facet normal 0 0 1
    outer loop
      vertex 1.30628 49.3062 7.9
      vertex 1.72207 40.8425 7.9
      vertex 1.72207 49.1575 7.9
    endloop
  endfacet
  facet normal 0 0 1
    outer loop
      vertex 1.30628 49.3062 7.9
      vertex 1.30628 40.6938 7.9
      vertex 1.72207 40.8425 7.9
    endloop
  endfacet
  facet normal 0 0 1
    outer loop
      vertex 0.877906 49.4135 7.9
      vertex 1.30628 40.6938 7.9
      vertex 1.30628 49.3062 7.9
    endloop
  endfacet
  facet normal 0 0 1
    outer loop
      vertex 0.877906 49.4135 7.9
      vertex 0.877906 40.5865 7.9
      vertex 1.30628 40.6938 7.9
    endloop
  endfacet
  facet normal 0 0 1
    outer loop
      vertex 0.441076 49.4783 7.9
      vertex 0.877906 40.5865 7.9
      vertex 0.877906 49.4135 7.9
    endloop
  endfacet
  facet normal 0 0 1
    outer loop
      vertex 0.441076 49.4783 7.9
      vertex 0.441076 40.5217 7.9
      vertex 0.877906 40.5865 7.9
    endloop
  endfacet
  facet normal 0 0 1
    outer loop
      vertex 0 49.5 7.9
      vertex 0.441076 40.5217 7.9
      vertex 0.441076 49.4783 7.9
    endloop
  endfacet
  facet normal 0 0 1
    outer loop
      vertex 0 49.5 7.9
      vertex 0 40.5 7.9
      vertex 0.441076 40.5217 7.9
    endloop
  endfacet
  facet normal -0 0 1
    outer loop
      vertex -0.441076 49.4783 7.9
      vertex 0 40.5 7.9
      vertex 0 49.5 7.9
    endloop
  endfacet
  facet normal 0 0 1
    outer loop
      vertex -0.441076 49.4783 7.9
      vertex -0.441076 40.5217 7.9
      vertex 0 40.5 7.9
    endloop
  endfacet
  facet normal -0 0 1
    outer loop
      vertex -0.877906 49.4135 7.9
      vertex -0.441076 40.5217 7.9
      vertex -0.441076 49.4783 7.9
    endloop
  endfacet
  facet normal 0 0 1
    outer loop
      vertex -0.877906 49.4135 7.9
      vertex -0.877906 40.5865 7.9
      vertex -0.441076 40.5217 7.9
    endloop
  endfacet
  facet normal -0 0 1
    outer loop
      vertex -1.30628 49.3062 7.9
      vertex -0.877906 40.5865 7.9
      vertex -0.877906 49.4135 7.9
    endloop
  endfacet
  facet normal 0 0 1
    outer loop
      vertex -1.30628 49.3062 7.9
      vertex -1.30628 40.6938 7.9
      vertex -0.877906 40.5865 7.9
    endloop
  endfacet
  facet normal -0 0 1
    outer loop
      vertex -1.72207 49.1575 7.9
      vertex -1.30628 40.6938 7.9
      vertex -1.30628 49.3062 7.9
    endloop
  endfacet
  facet normal 0 0 1
    outer loop
      vertex -1.72207 49.1575 7.9
      vertex -1.72207 40.8425 7.9
      vertex -1.30628 40.6938 7.9
    endloop
  endfacet
  facet normal -0 0 1
    outer loop
      vertex -2.12128 48.9686 7.9
      vertex -1.72207 40.8425 7.9
      vertex -1.72207 49.1575 7.9
    endloop
  endfacet
  facet normal 0 0 1
    outer loop
      vertex -2.12128 48.9686 7.9
      vertex -2.12128 41.0314 7.9
      vertex -1.72207 40.8425 7.9
    endloop
  endfacet
  facet normal -0 0 1
    outer loop
      vertex -2.50007 48.7416 7.9
      vertex -2.12128 41.0314 7.9
      vertex -2.12128 48.9686 7.9
    endloop
  endfacet
  facet normal 0 0 1
    outer loop
      vertex -2.50007 48.7416 7.9
      vertex -2.50007 41.2584 7.9
      vertex -2.12128 41.0314 7.9
    endloop
  endfacet
  facet normal -0 0 1
    outer loop
      vertex -2.85477 48.4785 7.9
      vertex -2.50007 41.2584 7.9
      vertex -2.50007 48.7416 7.9
    endloop
  endfacet
  facet normal 0 0 1
    outer loop
      vertex -2.85477 48.4785 7.9
      vertex -2.85477 41.5215 7.9
      vertex -2.50007 41.2584 7.9
    endloop
  endfacet
  facet normal -0 0 1
    outer loop
      vertex -3.18198 48.182 7.9
      vertex -2.85477 41.5215 7.9
      vertex -2.85477 48.4785 7.9
    endloop
  endfacet
  facet normal 0 0 1
    outer loop
      vertex -3.18198 48.182 7.9
      vertex -3.18198 41.818 7.9
      vertex -2.85477 41.5215 7.9
    endloop
  endfacet
  facet normal -0 0 1
    outer loop
      vertex -3.47855 47.8548 7.9
      vertex -3.18198 41.818 7.9
      vertex -3.18198 48.182 7.9
    endloop
  endfacet
  facet normal 0 0 1
    outer loop
      vertex -3.47855 47.8548 7.9
      vertex -3.47855 42.1452 7.9
      vertex -3.18198 41.818 7.9
    endloop
  endfacet
  facet normal -0 0 1
    outer loop
      vertex -3.74161 47.5001 7.9
      vertex -3.47855 42.1452 7.9
      vertex -3.47855 47.8548 7.9
    endloop
  endfacet
  facet normal 0 0 1
    outer loop
      vertex -3.74161 47.5001 7.9
      vertex -3.74161 42.4999 7.9
      vertex -3.47855 42.1452 7.9
    endloop
  endfacet
  facet normal -0 0 1
    outer loop
      vertex -3.96865 47.1213 7.9
      vertex -3.74161 42.4999 7.9
      vertex -3.74161 47.5001 7.9
    endloop
  endfacet
  facet normal 0 0 1
    outer loop
      vertex -3.96865 47.1213 7.9
      vertex -3.96865 42.8787 7.9
      vertex -3.74161 42.4999 7.9
    endloop
  endfacet
  facet normal -0 0 1
    outer loop
      vertex -4.15746 46.7221 7.9
      vertex -3.96865 42.8787 7.9
      vertex -3.96865 47.1213 7.9
    endloop
  endfacet
  facet normal 0 0 1
    outer loop
      vertex -4.15746 46.7221 7.9
      vertex -4.15746 43.2779 7.9
      vertex -3.96865 42.8787 7.9
    endloop
  endfacet
  facet normal -0 0 1
    outer loop
      vertex -4.30623 46.3063 7.9
      vertex -4.15746 43.2779 7.9
      vertex -4.15746 46.7221 7.9
    endloop
  endfacet
  facet normal 0 0 1
    outer loop
      vertex -4.30623 46.3063 7.9
      vertex -4.30623 43.6937 7.9
      vertex -4.15746 43.2779 7.9
    endloop
  endfacet
  facet normal -0 0 1
    outer loop
      vertex -4.41353 45.8779 7.9
      vertex -4.30623 43.6937 7.9
      vertex -4.30623 46.3063 7.9
    endloop
  endfacet
  facet normal 0 0 1
    outer loop
      vertex -4.41353 45.8779 7.9
      vertex -4.41353 44.1221 7.9
      vertex -4.30623 43.6937 7.9
    endloop
  endfacet
  facet normal -0 0 1
    outer loop
      vertex -4.47833 45.4411 7.9
      vertex -4.41353 44.1221 7.9
      vertex -4.41353 45.8779 7.9
    endloop
  endfacet
  facet normal 0 0 1
    outer loop
      vertex -4.47833 45.4411 7.9
      vertex -4.47833 44.5589 7.9
      vertex -4.41353 44.1221 7.9
    endloop
  endfacet
  facet normal 0 -0 1
    outer loop
      vertex -4.47833 44.5589 7.9
      vertex -4.47833 45.4411 7.9
      vertex -4.5 45 7.9
    endloop
  endfacet
  facet normal 0.803211 0.595694 0
    outer loop
      vertex -3.47855 42.1452 56
      vertex -3.74161 42.4999 7.9
      vertex -3.74161 42.4999 56
    endloop
  endfacet
  facet normal 0.803211 0.595694 0
    outer loop
      vertex -3.74161 42.4999 7.9
      vertex -3.47855 42.1452 56
      vertex -3.47855 42.1452 7.9
    endloop
  endfacet
  facet normal 0.998795 -0.049068 0
    outer loop
      vertex -4.5 45 56
      vertex -4.47833 45.4411 7.9
      vertex -4.47833 45.4411 56
    endloop
  endfacet
  facet normal 0.998795 -0.049068 0
    outer loop
      vertex -4.47833 45.4411 7.9
      vertex -4.5 45 56
      vertex -4.5 45 7.9
    endloop
  endfacet
  facet normal -0.740936 0.671575 0
    outer loop
      vertex 3.18198 41.818 7.9
      vertex 3.47855 42.1452 56
      vertex 3.47855 42.1452 7.9
    endloop
  endfacet
  facet normal -0.740936 0.671575 0
    outer loop
      vertex 3.47855 42.1452 56
      vertex 3.18198 41.818 7.9
      vertex 3.18198 41.818 56
    endloop
  endfacet
  facet normal -1 0 0
    outer loop
      vertex -53 -60 0
      vertex -53 -52 8
      vertex -53 -52 0
    endloop
  endfacet
  facet normal -1 -0 0
    outer loop
      vertex -53 -52 8
      vertex -53 -60 0
      vertex -53 -60 8
    endloop
  endfacet
  facet normal 1 -0 0
    outer loop
      vertex -65 -60 8
      vertex -65 -52 0
      vertex -65 -52 8
    endloop
  endfacet
  facet normal 1 0 0
    outer loop
      vertex -65 -52 0
      vertex -65 -60 8
      vertex -65 -60 0
    endloop
  endfacet
  facet normal 0 -1 0
    outer loop
      vertex -65 -52 0
      vertex -53 -52 8
      vertex -65 -52 8
    endloop
  endfacet
  facet normal 0 -1 -0
    outer loop
      vertex -53 -52 8
      vertex -65 -52 0
      vertex -53 -52 0
    endloop
  endfacet
  facet normal 0 1 -0
    outer loop
      vertex -53 -60 0
      vertex -65 -60 8
      vertex -53 -60 8
    endloop
  endfacet
  facet normal 0 1 0
    outer loop
      vertex -65 -60 8
      vertex -53 -60 0
      vertex -65 -60 0
    endloop
  endfacet
  facet normal -1 0 0
    outer loop
      vertex 65 -60 0
      vertex 65 -52 8
      vertex 65 -52 0
    endloop
  endfacet
  facet normal -1 -0 0
    outer loop
      vertex 65 -52 8
      vertex 65 -60 0
      vertex 65 -60 8
    endloop
  endfacet
  facet normal 1 -0 0
    outer loop
      vertex 53 -60 8
      vertex 53 -52 0
      vertex 53 -52 8
    endloop
  endfacet
  facet normal 1 0 0
    outer loop
      vertex 53 -52 0
      vertex 53 -60 8
      vertex 53 -60 0
    endloop
  endfacet
  facet normal 0 -1 0
    outer loop
      vertex 53 -52 0
      vertex 65 -52 8
      vertex 53 -52 8
    endloop
  endfacet
  facet normal 0 -1 -0
    outer loop
      vertex 65 -52 8
      vertex 53 -52 0
      vertex 65 -52 0
    endloop
  endfacet
  facet normal 0 1 -0
    outer loop
      vertex 65 -60 0
      vertex 53 -60 8
      vertex 65 -60 8
    endloop
  endfacet
  facet normal 0 1 0
    outer loop
      vertex 53 -60 8
      vertex 65 -60 0
      vertex 53 -60 0
    endloop
  endfacet
  facet normal -1 0 0
    outer loop
      vertex -53 52 0
      vertex -53 60 8
      vertex -53 60 0
    endloop
  endfacet
  facet normal -1 -0 0
    outer loop
      vertex -53 60 8
      vertex -53 52 0
      vertex -53 52 8
    endloop
  endfacet
  facet normal 1 -0 0
    outer loop
      vertex -65 52 8
      vertex -65 60 0
      vertex -65 60 8
    endloop
  endfacet
  facet normal 1 0 0
    outer loop
      vertex -65 60 0
      vertex -65 52 8
      vertex -65 52 0
    endloop
  endfacet
  facet normal 0 -1 0
    outer loop
      vertex -65 60 0
      vertex -53 60 8
      vertex -65 60 8
    endloop
  endfacet
  facet normal 0 -1 -0
    outer loop
      vertex -53 60 8
      vertex -65 60 0
      vertex -53 60 0
    endloop
  endfacet
  facet normal 0 1 -0
    outer loop
      vertex -53 52 0
      vertex -65 52 8
      vertex -53 52 8
    endloop
  endfacet
  facet normal 0 1 0
    outer loop
      vertex -65 52 8
      vertex -53 52 0
      vertex -65 52 0
    endloop
  endfacet
  facet normal -1 0 0
    outer loop
      vertex 65 52 0
      vertex 65 60 8
      vertex 65 60 0
    endloop
  endfacet
  facet normal -1 -0 0
    outer loop
      vertex 65 60 8
      vertex 65 52 0
      vertex 65 52 8
    endloop
  endfacet
  facet normal 1 -0 0
    outer loop
      vertex 53 52 8
      vertex 53 60 0
      vertex 53 60 8
    endloop
  endfacet
  facet normal 1 0 0
    outer loop
      vertex 53 60 0
      vertex 53 52 8
      vertex 53 52 0
    endloop
  endfacet
  facet normal 0 -1 0
    outer loop
      vertex 53 60 0
      vertex 65 60 8
      vertex 53 60 8
    endloop
  endfacet
  facet normal 0 -1 -0
    outer loop
      vertex 65 60 8
      vertex 53 60 0
      vertex 65 60 0
    endloop
  endfacet
  facet normal 0 1 -0
    outer loop
      vertex 65 52 0
      vertex 53 52 8
      vertex 65 52 8
    endloop
  endfacet
  facet normal 0 1 0
    outer loop
      vertex 53 52 8
      vertex 65 52 0
      vertex 53 52 0
    endloop
  endfacet
  facet normal -0.803201 0.595708 0
    outer loop
      vertex 3.09204 -2.53757 7.9
      vertex 3.32588 -2.22228 8
      vertex 3.32588 -2.22228 7.9
    endloop
  endfacet
  facet normal -0.803201 0.595708 0
    outer loop
      vertex 3.32588 -2.22228 8
      vertex 3.09204 -2.53757 7.9
      vertex 3.09204 -2.53757 8
    endloop
  endfacet
  facet normal -0.941545 0.336887 0
    outer loop
      vertex 3.69552 -1.53073 7.9
      vertex 3.82776 -1.16114 8
      vertex 3.82776 -1.16114 7.9
    endloop
  endfacet
  facet normal -0.941545 0.336887 0
    outer loop
      vertex 3.82776 -1.16114 8
      vertex 3.69552 -1.53073 7.9
      vertex 3.69552 -1.53073 8
    endloop
  endfacet
  facet normal 0.989176 -0.146736 0
    outer loop
      vertex -3.98074 0.392068 8
      vertex -3.92314 0.780361 7.9
      vertex -3.92314 0.780361 8
    endloop
  endfacet
  facet normal 0.989176 -0.146736 0
    outer loop
      vertex -3.92314 0.780361 7.9
      vertex -3.98074 0.392068 8
      vertex -3.98074 0.392068 7.9
    endloop
  endfacet
  facet normal -0.336887 -0.941545 0
    outer loop
      vertex 1.16114 3.82776 7.9
      vertex 1.53073 3.69552 8
      vertex 1.16114 3.82776 8
    endloop
  endfacet
  facet normal -0.336887 -0.941545 -0
    outer loop
      vertex 1.53073 3.69552 8
      vertex 1.16114 3.82776 7.9
      vertex 1.53073 3.69552 7.9
    endloop
  endfacet
  facet normal -0.989176 -0.146736 0
    outer loop
      vertex 3.98074 0.392068 7.9
      vertex 3.92314 0.780361 8
      vertex 3.92314 0.780361 7.9
    endloop
  endfacet
  facet normal -0.989176 -0.146736 0
    outer loop
      vertex 3.92314 0.780361 8
      vertex 3.98074 0.392068 7.9
      vertex 3.98074 0.392068 8
    endloop
  endfacet
  facet normal 0.903986 0.427563 0
    outer loop
      vertex -3.52768 -1.88559 8
      vertex -3.69552 -1.53073 7.9
      vertex -3.69552 -1.53073 8
    endloop
  endfacet
  facet normal 0.903986 0.427563 0
    outer loop
      vertex -3.69552 -1.53073 7.9
      vertex -3.52768 -1.88559 8
      vertex -3.52768 -1.88559 7.9
    endloop
  endfacet
  facet normal -0.989176 0.146736 0
    outer loop
      vertex 3.92314 -0.780361 7.9
      vertex 3.98074 -0.392068 8
      vertex 3.98074 -0.392068 7.9
    endloop
  endfacet
  facet normal -0.989176 0.146736 0
    outer loop
      vertex 3.98074 -0.392068 8
      vertex 3.92314 -0.780361 7.9
      vertex 3.92314 -0.780361 8
    endloop
  endfacet
  facet normal 0.514095 -0.857733 0
    outer loop
      vertex -2.22228 3.32588 7.9
      vertex -1.88559 3.52768 8
      vertex -2.22228 3.32588 8
    endloop
  endfacet
  facet normal 0.514095 -0.857733 0
    outer loop
      vertex -1.88559 3.52768 8
      vertex -2.22228 3.32588 7.9
      vertex -1.88559 3.52768 7.9
    endloop
  endfacet
  facet normal -0.146736 -0.989176 0
    outer loop
      vertex 0.392068 3.98074 7.9
      vertex 0.780361 3.92314 8
      vertex 0.392068 3.98074 8
    endloop
  endfacet
  facet normal -0.146736 -0.989176 -0
    outer loop
      vertex 0.780361 3.92314 8
      vertex 0.392068 3.98074 7.9
      vertex 0.780361 3.92314 7.9
    endloop
  endfacet
  facet normal -0.803201 -0.595708 0
    outer loop
      vertex 3.32588 2.22228 7.9
      vertex 3.09204 2.53757 8
      vertex 3.09204 2.53757 7.9
    endloop
  endfacet
  facet normal -0.803201 -0.595708 0
    outer loop
      vertex 3.09204 2.53757 8
      vertex 3.32588 2.22228 7.9
      vertex 3.32588 2.22228 8
    endloop
  endfacet
  facet normal 0.336887 -0.941545 0
    outer loop
      vertex -1.53073 3.69552 7.9
      vertex -1.16114 3.82776 8
      vertex -1.53073 3.69552 8
    endloop
  endfacet
  facet normal 0.336887 -0.941545 0
    outer loop
      vertex -1.16114 3.82776 8
      vertex -1.53073 3.69552 7.9
      vertex -1.16114 3.82776 7.9
    endloop
  endfacet
  facet normal 0.595708 -0.803201 0
    outer loop
      vertex -2.53757 3.09204 7.9
      vertex -2.22228 3.32588 8
      vertex -2.53757 3.09204 8
    endloop
  endfacet
  facet normal 0.595708 -0.803201 0
    outer loop
      vertex -2.22228 3.32588 8
      vertex -2.53757 3.09204 7.9
      vertex -2.22228 3.32588 7.9
    endloop
  endfacet
  facet normal -0.595708 0.803201 0
    outer loop
      vertex 2.53757 -3.09204 7.9
      vertex 2.22228 -3.32588 8
      vertex 2.53757 -3.09204 8
    endloop
  endfacet
  facet normal -0.595708 0.803201 0
    outer loop
      vertex 2.22228 -3.32588 8
      vertex 2.53757 -3.09204 7.9
      vertex 2.22228 -3.32588 7.9
    endloop
  endfacet
  facet normal -0.671545 0.740964 0
    outer loop
      vertex 2.82843 -2.82843 7.9
      vertex 2.53757 -3.09204 8
      vertex 2.82843 -2.82843 8
    endloop
  endfacet
  facet normal -0.671545 0.740964 0
    outer loop
      vertex 2.53757 -3.09204 8
      vertex 2.82843 -2.82843 7.9
      vertex 2.53757 -3.09204 7.9
    endloop
  endfacet
  facet normal -0.146736 0.989176 0
    outer loop
      vertex 0.780361 -3.92314 7.9
      vertex 0.392068 -3.98074 8
      vertex 0.780361 -3.92314 8
    endloop
  endfacet
  facet normal -0.146736 0.989176 0
    outer loop
      vertex 0.392068 -3.98074 8
      vertex 0.780361 -3.92314 7.9
      vertex 0.392068 -3.98074 7.9
    endloop
  endfacet
  facet normal 0.803201 0.595708 0
    outer loop
      vertex -3.09204 -2.53757 8
      vertex -3.32588 -2.22228 7.9
      vertex -3.32588 -2.22228 8
    endloop
  endfacet
  facet normal 0.803201 0.595708 0
    outer loop
      vertex -3.32588 -2.22228 7.9
      vertex -3.09204 -2.53757 8
      vertex -3.09204 -2.53757 7.9
    endloop
  endfacet
  facet normal -0.427563 -0.903986 0
    outer loop
      vertex 1.53073 3.69552 7.9
      vertex 1.88559 3.52768 8
      vertex 1.53073 3.69552 8
    endloop
  endfacet
  facet normal -0.427563 -0.903986 -0
    outer loop
      vertex 1.88559 3.52768 8
      vertex 1.53073 3.69552 7.9
      vertex 1.88559 3.52768 7.9
    endloop
  endfacet
  facet normal -0.998796 -0.049065 0
    outer loop
      vertex 4 0 7.9
      vertex 3.98074 0.392068 8
      vertex 3.98074 0.392068 7.9
    endloop
  endfacet
  facet normal -0.998796 -0.049065 0
    outer loop
      vertex 3.98074 0.392068 8
      vertex 4 0 7.9
      vertex 4 0 8
    endloop
  endfacet
  facet normal 0.857733 -0.514095 0
    outer loop
      vertex -3.52768 1.88559 8
      vertex -3.32588 2.22228 7.9
      vertex -3.32588 2.22228 8
    endloop
  endfacet
  facet normal 0.857733 -0.514095 0
    outer loop
      vertex -3.32588 2.22228 7.9
      vertex -3.52768 1.88559 8
      vertex -3.52768 1.88559 7.9
    endloop
  endfacet
  facet normal -0.595708 -0.803201 0
    outer loop
      vertex 2.22228 3.32588 7.9
      vertex 2.53757 3.09204 8
      vertex 2.22228 3.32588 8
    endloop
  endfacet
  facet normal -0.595708 -0.803201 -0
    outer loop
      vertex 2.53757 3.09204 8
      vertex 2.22228 3.32588 7.9
      vertex 2.53757 3.09204 7.9
    endloop
  endfacet
  facet normal 0 0 1
    outer loop
      vertex 3.98074 0.392068 7.9
      vertex 3.98074 -0.392068 7.9
      vertex 4 0 7.9
    endloop
  endfacet
  facet normal 0 0 1
    outer loop
      vertex 3.92314 0.780361 7.9
      vertex 3.98074 -0.392068 7.9
      vertex 3.98074 0.392068 7.9
    endloop
  endfacet
  facet normal 0 0 1
    outer loop
      vertex 3.92314 0.780361 7.9
      vertex 3.92314 -0.780361 7.9
      vertex 3.98074 -0.392068 7.9
    endloop
  endfacet
  facet normal 0 0 1
    outer loop
      vertex 3.82776 1.16114 7.9
      vertex 3.92314 -0.780361 7.9
      vertex 3.92314 0.780361 7.9
    endloop
  endfacet
  facet normal 0 0 1
    outer loop
      vertex 3.82776 1.16114 7.9
      vertex 3.82776 -1.16114 7.9
      vertex 3.92314 -0.780361 7.9
    endloop
  endfacet
  facet normal 0 0 1
    outer loop
      vertex 3.69552 1.53073 7.9
      vertex 3.82776 -1.16114 7.9
      vertex 3.82776 1.16114 7.9
    endloop
  endfacet
  facet normal 0 0 1
    outer loop
      vertex 3.69552 1.53073 7.9
      vertex 3.69552 -1.53073 7.9
      vertex 3.82776 -1.16114 7.9
    endloop
  endfacet
  facet normal 0 0 1
    outer loop
      vertex 3.52768 1.88559 7.9
      vertex 3.69552 -1.53073 7.9
      vertex 3.69552 1.53073 7.9
    endloop
  endfacet
  facet normal 0 0 1
    outer loop
      vertex 3.52768 1.88559 7.9
      vertex 3.52768 -1.88559 7.9
      vertex 3.69552 -1.53073 7.9
    endloop
  endfacet
  facet normal 0 0 1
    outer loop
      vertex 3.32588 2.22228 7.9
      vertex 3.52768 -1.88559 7.9
      vertex 3.52768 1.88559 7.9
    endloop
  endfacet
  facet normal 0 0 1
    outer loop
      vertex 3.32588 2.22228 7.9
      vertex 3.32588 -2.22228 7.9
      vertex 3.52768 -1.88559 7.9
    endloop
  endfacet
  facet normal 0 0 1
    outer loop
      vertex 3.09204 2.53757 7.9
      vertex 3.32588 -2.22228 7.9
      vertex 3.32588 2.22228 7.9
    endloop
  endfacet
  facet normal 0 0 1
    outer loop
      vertex 3.09204 2.53757 7.9
      vertex 3.09204 -2.53757 7.9
      vertex 3.32588 -2.22228 7.9
    endloop
  endfacet
  facet normal 0 0 1
    outer loop
      vertex 2.82843 2.82843 7.9
      vertex 3.09204 -2.53757 7.9
      vertex 3.09204 2.53757 7.9
    endloop
  endfacet
  facet normal 0 0 1
    outer loop
      vertex 2.82843 2.82843 7.9
      vertex 2.82843 -2.82843 7.9
      vertex 3.09204 -2.53757 7.9
    endloop
  endfacet
  facet normal 0 0 1
    outer loop
      vertex 2.53757 3.09204 7.9
      vertex 2.82843 -2.82843 7.9
      vertex 2.82843 2.82843 7.9
    endloop
  endfacet
  facet normal 0 0 1
    outer loop
      vertex 2.53757 3.09204 7.9
      vertex 2.53757 -3.09204 7.9
      vertex 2.82843 -2.82843 7.9
    endloop
  endfacet
  facet normal 0 0 1
    outer loop
      vertex 2.22228 3.32588 7.9
      vertex 2.53757 -3.09204 7.9
      vertex 2.53757 3.09204 7.9
    endloop
  endfacet
  facet normal 0 0 1
    outer loop
      vertex 2.22228 3.32588 7.9
      vertex 2.22228 -3.32588 7.9
      vertex 2.53757 -3.09204 7.9
    endloop
  endfacet
  facet normal 0 0 1
    outer loop
      vertex 1.88559 3.52768 7.9
      vertex 2.22228 -3.32588 7.9
      vertex 2.22228 3.32588 7.9
    endloop
  endfacet
  facet normal 0 0 1
    outer loop
      vertex 1.88559 3.52768 7.9
      vertex 1.88559 -3.52768 7.9
      vertex 2.22228 -3.32588 7.9
    endloop
  endfacet
  facet normal 0 0 1
    outer loop
      vertex 1.53073 3.69552 7.9
      vertex 1.88559 -3.52768 7.9
      vertex 1.88559 3.52768 7.9
    endloop
  endfacet
  facet normal 0 0 1
    outer loop
      vertex 1.53073 3.69552 7.9
      vertex 1.53073 -3.69552 7.9
      vertex 1.88559 -3.52768 7.9
    endloop
  endfacet
  facet normal 0 0 1
    outer loop
      vertex 1.16114 3.82776 7.9
      vertex 1.53073 -3.69552 7.9
      vertex 1.53073 3.69552 7.9
    endloop
  endfacet
  facet normal 0 0 1
    outer loop
      vertex 1.16114 3.82776 7.9
      vertex 1.16114 -3.82776 7.9
      vertex 1.53073 -3.69552 7.9
    endloop
  endfacet
  facet normal 0 0 1
    outer loop
      vertex 0.780361 3.92314 7.9
      vertex 1.16114 -3.82776 7.9
      vertex 1.16114 3.82776 7.9
    endloop
  endfacet
  facet normal 0 0 1
    outer loop
      vertex 0.780361 3.92314 7.9
      vertex 0.780361 -3.92314 7.9
      vertex 1.16114 -3.82776 7.9
    endloop
  endfacet
  facet normal 0 0 1
    outer loop
      vertex 0.392068 3.98074 7.9
      vertex 0.780361 -3.92314 7.9
      vertex 0.780361 3.92314 7.9
    endloop
  endfacet
  facet normal 0 0 1
    outer loop
      vertex 0.392068 3.98074 7.9
      vertex 0.392068 -3.98074 7.9
      vertex 0.780361 -3.92314 7.9
    endloop
  endfacet
  facet normal 0 0 1
    outer loop
      vertex 0 4 7.9
      vertex 0.392068 -3.98074 7.9
      vertex 0.392068 3.98074 7.9
    endloop
  endfacet
  facet normal 0 0 1
    outer loop
      vertex 0 4 7.9
      vertex 0 -4 7.9
      vertex 0.392068 -3.98074 7.9
    endloop
  endfacet
  facet normal -0 0 1
    outer loop
      vertex -0.392068 3.98074 7.9
      vertex 0 -4 7.9
      vertex 0 4 7.9
    endloop
  endfacet
  facet normal 0 0 1
    outer loop
      vertex -0.392068 3.98074 7.9
      vertex -0.392068 -3.98074 7.9
      vertex 0 -4 7.9
    endloop
  endfacet
  facet normal -0 0 1
    outer loop
      vertex -0.780361 3.92314 7.9
      vertex -0.392068 -3.98074 7.9
      vertex -0.392068 3.98074 7.9
    endloop
  endfacet
  facet normal 0 0 1
    outer loop
      vertex -0.780361 3.92314 7.9
      vertex -0.780361 -3.92314 7.9
      vertex -0.392068 -3.98074 7.9
    endloop
  endfacet
  facet normal -0 0 1
    outer loop
      vertex -1.16114 3.82776 7.9
      vertex -0.780361 -3.92314 7.9
      vertex -0.780361 3.92314 7.9
    endloop
  endfacet
  facet normal 0 0 1
    outer loop
      vertex -1.16114 3.82776 7.9
      vertex -1.16114 -3.82776 7.9
      vertex -0.780361 -3.92314 7.9
    endloop
  endfacet
  facet normal -0 0 1
    outer loop
      vertex -1.53073 3.69552 7.9
      vertex -1.16114 -3.82776 7.9
      vertex -1.16114 3.82776 7.9
    endloop
  endfacet
  facet normal 0 0 1
    outer loop
      vertex -1.53073 3.69552 7.9
      vertex -1.53073 -3.69552 7.9
      vertex -1.16114 -3.82776 7.9
    endloop
  endfacet
  facet normal -0 0 1
    outer loop
      vertex -1.88559 3.52768 7.9
      vertex -1.53073 -3.69552 7.9
      vertex -1.53073 3.69552 7.9
    endloop
  endfacet
  facet normal 0 0 1
    outer loop
      vertex -1.88559 3.52768 7.9
      vertex -1.88559 -3.52768 7.9
      vertex -1.53073 -3.69552 7.9
    endloop
  endfacet
  facet normal -0 0 1
    outer loop
      vertex -2.22228 3.32588 7.9
      vertex -1.88559 -3.52768 7.9
      vertex -1.88559 3.52768 7.9
    endloop
  endfacet
  facet normal 0 0 1
    outer loop
      vertex -2.22228 3.32588 7.9
      vertex -2.22228 -3.32588 7.9
      vertex -1.88559 -3.52768 7.9
    endloop
  endfacet
  facet normal -0 0 1
    outer loop
      vertex -2.53757 3.09204 7.9
      vertex -2.22228 -3.32588 7.9
      vertex -2.22228 3.32588 7.9
    endloop
  endfacet
  facet normal 0 0 1
    outer loop
      vertex -2.53757 3.09204 7.9
      vertex -2.53757 -3.09204 7.9
      vertex -2.22228 -3.32588 7.9
    endloop
  endfacet
  facet normal -0 0 1
    outer loop
      vertex -2.82843 2.82843 7.9
      vertex -2.53757 -3.09204 7.9
      vertex -2.53757 3.09204 7.9
    endloop
  endfacet
  facet normal 0 0 1
    outer loop
      vertex -2.82843 2.82843 7.9
      vertex -2.82843 -2.82843 7.9
      vertex -2.53757 -3.09204 7.9
    endloop
  endfacet
  facet normal -0 0 1
    outer loop
      vertex -3.09204 2.53757 7.9
      vertex -2.82843 -2.82843 7.9
      vertex -2.82843 2.82843 7.9
    endloop
  endfacet
  facet normal 0 0 1
    outer loop
      vertex -3.09204 2.53757 7.9
      vertex -3.09204 -2.53757 7.9
      vertex -2.82843 -2.82843 7.9
    endloop
  endfacet
  facet normal -0 0 1
    outer loop
      vertex -3.32588 2.22228 7.9
      vertex -3.09204 -2.53757 7.9
      vertex -3.09204 2.53757 7.9
    endloop
  endfacet
  facet normal 0 0 1
    outer loop
      vertex -3.32588 2.22228 7.9
      vertex -3.32588 -2.22228 7.9
      vertex -3.09204 -2.53757 7.9
    endloop
  endfacet
  facet normal -0 0 1
    outer loop
      vertex -3.52768 1.88559 7.9
      vertex -3.32588 -2.22228 7.9
      vertex -3.32588 2.22228 7.9
    endloop
  endfacet
  facet normal 0 0 1
    outer loop
      vertex -3.52768 1.88559 7.9
      vertex -3.52768 -1.88559 7.9
      vertex -3.32588 -2.22228 7.9
    endloop
  endfacet
  facet normal -0 0 1
    outer loop
      vertex -3.69552 1.53073 7.9
      vertex -3.52768 -1.88559 7.9
      vertex -3.52768 1.88559 7.9
    endloop
  endfacet
  facet normal 0 0 1
    outer loop
      vertex -3.69552 1.53073 7.9
      vertex -3.69552 -1.53073 7.9
      vertex -3.52768 -1.88559 7.9
    endloop
  endfacet
  facet normal -0 0 1
    outer loop
      vertex -3.82776 1.16114 7.9
      vertex -3.69552 -1.53073 7.9
      vertex -3.69552 1.53073 7.9
    endloop
  endfacet
  facet normal 0 0 1
    outer loop
      vertex -3.82776 1.16114 7.9
      vertex -3.82776 -1.16114 7.9
      vertex -3.69552 -1.53073 7.9
    endloop
  endfacet
  facet normal -0 0 1
    outer loop
      vertex -3.92314 0.780361 7.9
      vertex -3.82776 -1.16114 7.9
      vertex -3.82776 1.16114 7.9
    endloop
  endfacet
  facet normal 0 0 1
    outer loop
      vertex -3.92314 0.780361 7.9
      vertex -3.92314 -0.780361 7.9
      vertex -3.82776 -1.16114 7.9
    endloop
  endfacet
  facet normal -0 0 1
    outer loop
      vertex -3.98074 0.392068 7.9
      vertex -3.92314 -0.780361 7.9
      vertex -3.92314 0.780361 7.9
    endloop
  endfacet
  facet normal 0 0 1
    outer loop
      vertex -3.98074 0.392068 7.9
      vertex -3.98074 -0.392068 7.9
      vertex -3.92314 -0.780361 7.9
    endloop
  endfacet
  facet normal 0 -0 1
    outer loop
      vertex -3.98074 -0.392068 7.9
      vertex -3.98074 0.392068 7.9
      vertex -4 0 7.9
    endloop
  endfacet
  facet normal 0.24298 0.970031 -0
    outer loop
      vertex -0.780361 -3.92314 7.9
      vertex -1.16114 -3.82776 8
      vertex -0.780361 -3.92314 8
    endloop
  endfacet
  facet normal 0.24298 0.970031 0
    outer loop
      vertex -1.16114 -3.82776 8
      vertex -0.780361 -3.92314 7.9
      vertex -1.16114 -3.82776 7.9
    endloop
  endfacet
  facet normal 0.941545 -0.336887 0
    outer loop
      vertex -3.82776 1.16114 8
      vertex -3.69552 1.53073 7.9
      vertex -3.69552 1.53073 8
    endloop
  endfacet
  facet normal 0.941545 -0.336887 0
    outer loop
      vertex -3.69552 1.53073 7.9
      vertex -3.82776 1.16114 8
      vertex -3.82776 1.16114 7.9
    endloop
  endfacet
  facet normal 0.146736 -0.989176 0
    outer loop
      vertex -0.780361 3.92314 7.9
      vertex -0.392068 3.98074 8
      vertex -0.780361 3.92314 8
    endloop
  endfacet
  facet normal 0.146736 -0.989176 0
    outer loop
      vertex -0.392068 3.98074 8
      vertex -0.780361 3.92314 7.9
      vertex -0.392068 3.98074 7.9
    endloop
  endfacet
  facet normal -0.903986 -0.427563 0
    outer loop
      vertex 3.69552 1.53073 7.9
      vertex 3.52768 1.88559 8
      vertex 3.52768 1.88559 7.9
    endloop
  endfacet
  facet normal -0.903986 -0.427563 0
    outer loop
      vertex 3.52768 1.88559 8
      vertex 3.69552 1.53073 7.9
      vertex 3.69552 1.53073 8
    endloop
  endfacet
  facet normal -0.998796 0.049065 0
    outer loop
      vertex 3.98074 -0.392068 7.9
      vertex 4 0 8
      vertex 4 0 7.9
    endloop
  endfacet
  facet normal -0.998796 0.049065 0
    outer loop
      vertex 4 0 8
      vertex 3.98074 -0.392068 7.9
      vertex 3.98074 -0.392068 8
    endloop
  endfacet
  facet normal -0.671545 -0.740964 0
    outer loop
      vertex 2.53757 3.09204 7.9
      vertex 2.82843 2.82843 8
      vertex 2.53757 3.09204 8
    endloop
  endfacet
  facet normal -0.671545 -0.740964 -0
    outer loop
      vertex 2.82843 2.82843 8
      vertex 2.53757 3.09204 7.9
      vertex 2.82843 2.82843 7.9
    endloop
  endfacet
  facet normal -0.970031 -0.24298 0
    outer loop
      vertex 3.92314 0.780361 7.9
      vertex 3.82776 1.16114 8
      vertex 3.82776 1.16114 7.9
    endloop
  endfacet
  facet normal -0.970031 -0.24298 0
    outer loop
      vertex 3.82776 1.16114 8
      vertex 3.92314 0.780361 7.9
      vertex 3.92314 0.780361 8
    endloop
  endfacet
  facet normal -0.24298 -0.970031 0
    outer loop
      vertex 0.780361 3.92314 7.9
      vertex 1.16114 3.82776 8
      vertex 0.780361 3.92314 8
    endloop
  endfacet
  facet normal -0.24298 -0.970031 -0
    outer loop
      vertex 1.16114 3.82776 8
      vertex 0.780361 3.92314 7.9
      vertex 1.16114 3.82776 7.9
    endloop
  endfacet
  facet normal -0.336887 0.941545 0
    outer loop
      vertex 1.53073 -3.69552 7.9
      vertex 1.16114 -3.82776 8
      vertex 1.53073 -3.69552 8
    endloop
  endfacet
  facet normal -0.336887 0.941545 0
    outer loop
      vertex 1.16114 -3.82776 8
      vertex 1.53073 -3.69552 7.9
      vertex 1.16114 -3.82776 7.9
    endloop
  endfacet
  facet normal -0.857733 0.514095 0
    outer loop
      vertex 3.32588 -2.22228 7.9
      vertex 3.52768 -1.88559 8
      vertex 3.52768 -1.88559 7.9
    endloop
  endfacet
  facet normal -0.857733 0.514095 0
    outer loop
      vertex 3.52768 -1.88559 8
      vertex 3.32588 -2.22228 7.9
      vertex 3.32588 -2.22228 8
    endloop
  endfacet
  facet normal -0.24298 0.970031 0
    outer loop
      vertex 1.16114 -3.82776 7.9
      vertex 0.780361 -3.92314 8
      vertex 1.16114 -3.82776 8
    endloop
  endfacet
  facet normal -0.24298 0.970031 0
    outer loop
      vertex 0.780361 -3.92314 8
      vertex 1.16114 -3.82776 7.9
      vertex 0.780361 -3.92314 7.9
    endloop
  endfacet
  facet normal -0.514095 -0.857733 0
    outer loop
      vertex 1.88559 3.52768 7.9
      vertex 2.22228 3.32588 8
      vertex 1.88559 3.52768 8
    endloop
  endfacet
  facet normal -0.514095 -0.857733 -0
    outer loop
      vertex 2.22228 3.32588 8
      vertex 1.88559 3.52768 7.9
      vertex 2.22228 3.32588 7.9
    endloop
  endfacet
  facet normal -0.903986 0.427563 0
    outer loop
      vertex 3.52768 -1.88559 7.9
      vertex 3.69552 -1.53073 8
      vertex 3.69552 -1.53073 7.9
    endloop
  endfacet
  facet normal -0.903986 0.427563 0
    outer loop
      vertex 3.69552 -1.53073 8
      vertex 3.52768 -1.88559 7.9
      vertex 3.52768 -1.88559 8
    endloop
  endfacet
  facet normal -0.941545 -0.336887 0
    outer loop
      vertex 3.82776 1.16114 7.9
      vertex 3.69552 1.53073 8
      vertex 3.69552 1.53073 7.9
    endloop
  endfacet
  facet normal -0.941545 -0.336887 0
    outer loop
      vertex 3.69552 1.53073 8
      vertex 3.82776 1.16114 7.9
      vertex 3.82776 1.16114 8
    endloop
  endfacet
  facet normal -0.049065 0.998796 0
    outer loop
      vertex 0.392068 -3.98074 7.9
      vertex 0 -4 8
      vertex 0.392068 -3.98074 8
    endloop
  endfacet
  facet normal -0.049065 0.998796 0
    outer loop
      vertex 0 -4 8
      vertex 0.392068 -3.98074 7.9
      vertex 0 -4 7.9
    endloop
  endfacet
  facet normal 0.998796 0.049065 0
    outer loop
      vertex -3.98074 -0.392068 8
      vertex -4 0 7.9
      vertex -4 0 8
    endloop
  endfacet
  facet normal 0.998796 0.049065 0
    outer loop
      vertex -4 0 7.9
      vertex -3.98074 -0.392068 8
      vertex -3.98074 -0.392068 7.9
    endloop
  endfacet
  facet normal 0.049065 -0.998796 0
    outer loop
      vertex -0.392068 3.98074 7.9
      vertex 0 4 8
      vertex -0.392068 3.98074 8
    endloop
  endfacet
  facet normal 0.049065 -0.998796 0
    outer loop
      vertex 0 4 8
      vertex -0.392068 3.98074 7.9
      vertex 0 4 7.9
    endloop
  endfacet
  facet normal 0.998796 -0.049065 0
    outer loop
      vertex -4 0 8
      vertex -3.98074 0.392068 7.9
      vertex -3.98074 0.392068 8
    endloop
  endfacet
  facet normal 0.998796 -0.049065 0
    outer loop
      vertex -3.98074 0.392068 7.9
      vertex -4 0 8
      vertex -4 0 7.9
    endloop
  endfacet
  facet normal 0.671545 -0.740964 0
    outer loop
      vertex -2.82843 2.82843 7.9
      vertex -2.53757 3.09204 8
      vertex -2.82843 2.82843 8
    endloop
  endfacet
  facet normal 0.671545 -0.740964 0
    outer loop
      vertex -2.53757 3.09204 8
      vertex -2.82843 2.82843 7.9
      vertex -2.53757 3.09204 7.9
    endloop
  endfacet
  facet normal 0.427563 0.903986 -0
    outer loop
      vertex -1.53073 -3.69552 7.9
      vertex -1.88559 -3.52768 8
      vertex -1.53073 -3.69552 8
    endloop
  endfacet
  facet normal 0.427563 0.903986 0
    outer loop
      vertex -1.88559 -3.52768 8
      vertex -1.53073 -3.69552 7.9
      vertex -1.88559 -3.52768 7.9
    endloop
  endfacet
  facet normal -0.857733 -0.514095 0
    outer loop
      vertex 3.52768 1.88559 7.9
      vertex 3.32588 2.22228 8
      vertex 3.32588 2.22228 7.9
    endloop
  endfacet
  facet normal -0.857733 -0.514095 0
    outer loop
      vertex 3.32588 2.22228 8
      vertex 3.52768 1.88559 7.9
      vertex 3.52768 1.88559 8
    endloop
  endfacet
  facet normal 0.595708 0.803201 -0
    outer loop
      vertex -2.22228 -3.32588 7.9
      vertex -2.53757 -3.09204 8
      vertex -2.22228 -3.32588 8
    endloop
  endfacet
  facet normal 0.595708 0.803201 0
    outer loop
      vertex -2.53757 -3.09204 8
      vertex -2.22228 -3.32588 7.9
      vertex -2.53757 -3.09204 7.9
    endloop
  endfacet
  facet normal 0.740964 0.671545 0
    outer loop
      vertex -2.82843 -2.82843 8
      vertex -3.09204 -2.53757 7.9
      vertex -3.09204 -2.53757 8
    endloop
  endfacet
  facet normal 0.740964 0.671545 0
    outer loop
      vertex -3.09204 -2.53757 7.9
      vertex -2.82843 -2.82843 8
      vertex -2.82843 -2.82843 7.9
    endloop
  endfacet
  facet normal 0.970031 0.24298 0
    outer loop
      vertex -3.82776 -1.16114 8
      vertex -3.92314 -0.780361 7.9
      vertex -3.92314 -0.780361 8
    endloop
  endfacet
  facet normal 0.970031 0.24298 0
    outer loop
      vertex -3.92314 -0.780361 7.9
      vertex -3.82776 -1.16114 8
      vertex -3.82776 -1.16114 7.9
    endloop
  endfacet
  facet normal 0.941545 0.336887 0
    outer loop
      vertex -3.69552 -1.53073 8
      vertex -3.82776 -1.16114 7.9
      vertex -3.82776 -1.16114 8
    endloop
  endfacet
  facet normal 0.941545 0.336887 0
    outer loop
      vertex -3.82776 -1.16114 7.9
      vertex -3.69552 -1.53073 8
      vertex -3.69552 -1.53073 7.9
    endloop
  endfacet
  facet normal 0.049065 0.998796 -0
    outer loop
      vertex 0 -4 7.9
      vertex -0.392068 -3.98074 8
      vertex 0 -4 8
    endloop
  endfacet
  facet normal 0.049065 0.998796 0
    outer loop
      vertex -0.392068 -3.98074 8
      vertex 0 -4 7.9
      vertex -0.392068 -3.98074 7.9
    endloop
  endfacet
  facet normal 0.146736 0.989176 -0
    outer loop
      vertex -0.392068 -3.98074 7.9
      vertex -0.780361 -3.92314 8
      vertex -0.392068 -3.98074 8
    endloop
  endfacet
  facet normal 0.146736 0.989176 0
    outer loop
      vertex -0.780361 -3.92314 8
      vertex -0.392068 -3.98074 7.9
      vertex -0.780361 -3.92314 7.9
    endloop
  endfacet
  facet normal 0.24298 -0.970031 0
    outer loop
      vertex -1.16114 3.82776 7.9
      vertex -0.780361 3.92314 8
      vertex -1.16114 3.82776 8
    endloop
  endfacet
  facet normal 0.24298 -0.970031 0
    outer loop
      vertex -0.780361 3.92314 8
      vertex -1.16114 3.82776 7.9
      vertex -0.780361 3.92314 7.9
    endloop
  endfacet
  facet normal -0.740964 0.671545 0
    outer loop
      vertex 2.82843 -2.82843 7.9
      vertex 3.09204 -2.53757 8
      vertex 3.09204 -2.53757 7.9
    endloop
  endfacet
  facet normal -0.740964 0.671545 0
    outer loop
      vertex 3.09204 -2.53757 8
      vertex 2.82843 -2.82843 7.9
      vertex 2.82843 -2.82843 8
    endloop
  endfacet
  facet normal -0.049065 -0.998796 0
    outer loop
      vertex 0 4 7.9
      vertex 0.392068 3.98074 8
      vertex 0 4 8
    endloop
  endfacet
  facet normal -0.049065 -0.998796 -0
    outer loop
      vertex 0.392068 3.98074 8
      vertex 0 4 7.9
      vertex 0.392068 3.98074 7.9
    endloop
  endfacet
  facet normal 0.336887 0.941545 -0
    outer loop
      vertex -1.16114 -3.82776 7.9
      vertex -1.53073 -3.69552 8
      vertex -1.16114 -3.82776 8
    endloop
  endfacet
  facet normal 0.336887 0.941545 0
    outer loop
      vertex -1.53073 -3.69552 8
      vertex -1.16114 -3.82776 7.9
      vertex -1.53073 -3.69552 7.9
    endloop
  endfacet
  facet normal -0.970031 0.24298 0
    outer loop
      vertex 3.82776 -1.16114 7.9
      vertex 3.92314 -0.780361 8
      vertex 3.92314 -0.780361 7.9
    endloop
  endfacet
  facet normal -0.970031 0.24298 0
    outer loop
      vertex 3.92314 -0.780361 8
      vertex 3.82776 -1.16114 7.9
      vertex 3.82776 -1.16114 8
    endloop
  endfacet
  facet normal 0.903986 -0.427563 0
    outer loop
      vertex -3.69552 1.53073 8
      vertex -3.52768 1.88559 7.9
      vertex -3.52768 1.88559 8
    endloop
  endfacet
  facet normal 0.903986 -0.427563 0
    outer loop
      vertex -3.52768 1.88559 7.9
      vertex -3.69552 1.53073 8
      vertex -3.69552 1.53073 7.9
    endloop
  endfacet
  facet normal 0.857733 0.514095 0
    outer loop
      vertex -3.32588 -2.22228 8
      vertex -3.52768 -1.88559 7.9
      vertex -3.52768 -1.88559 8
    endloop
  endfacet
  facet normal 0.857733 0.514095 0
    outer loop
      vertex -3.52768 -1.88559 7.9
      vertex -3.32588 -2.22228 8
      vertex -3.32588 -2.22228 7.9
    endloop
  endfacet
  facet normal 0.671545 0.740964 -0
    outer loop
      vertex -2.53757 -3.09204 7.9
      vertex -2.82843 -2.82843 8
      vertex -2.53757 -3.09204 8
    endloop
  endfacet
  facet normal 0.671545 0.740964 0
    outer loop
      vertex -2.82843 -2.82843 8
      vertex -2.53757 -3.09204 7.9
      vertex -2.82843 -2.82843 7.9
    endloop
  endfacet
  facet normal 0.970031 -0.24298 0
    outer loop
      vertex -3.92314 0.780361 8
      vertex -3.82776 1.16114 7.9
      vertex -3.82776 1.16114 8
    endloop
  endfacet
  facet normal 0.970031 -0.24298 0
    outer loop
      vertex -3.82776 1.16114 7.9
      vertex -3.92314 0.780361 8
      vertex -3.92314 0.780361 7.9
    endloop
  endfacet
  facet normal 0.514095 0.857733 -0
    outer loop
      vertex -1.88559 -3.52768 7.9
      vertex -2.22228 -3.32588 8
      vertex -1.88559 -3.52768 8
    endloop
  endfacet
  facet normal 0.514095 0.857733 0
    outer loop
      vertex -2.22228 -3.32588 8
      vertex -1.88559 -3.52768 7.9
      vertex -2.22228 -3.32588 7.9
    endloop
  endfacet
  facet normal 0.989176 0.146736 0
    outer loop
      vertex -3.92314 -0.780361 8
      vertex -3.98074 -0.392068 7.9
      vertex -3.98074 -0.392068 8
    endloop
  endfacet
  facet normal 0.989176 0.146736 0
    outer loop
      vertex -3.98074 -0.392068 7.9
      vertex -3.92314 -0.780361 8
      vertex -3.92314 -0.780361 7.9
    endloop
  endfacet
  facet normal -0.427563 0.903986 0
    outer loop
      vertex 1.88559 -3.52768 7.9
      vertex 1.53073 -3.69552 8
      vertex 1.88559 -3.52768 8
    endloop
  endfacet
  facet normal -0.427563 0.903986 0
    outer loop
      vertex 1.53073 -3.69552 8
      vertex 1.88559 -3.52768 7.9
      vertex 1.53073 -3.69552 7.9
    endloop
  endfacet
  facet normal 0.803201 -0.595708 0
    outer loop
      vertex -3.32588 2.22228 8
      vertex -3.09204 2.53757 7.9
      vertex -3.09204 2.53757 8
    endloop
  endfacet
  facet normal 0.803201 -0.595708 0
    outer loop
      vertex -3.09204 2.53757 7.9
      vertex -3.32588 2.22228 8
      vertex -3.32588 2.22228 7.9
    endloop
  endfacet
  facet normal -0.740964 -0.671545 0
    outer loop
      vertex 3.09204 2.53757 7.9
      vertex 2.82843 2.82843 8
      vertex 2.82843 2.82843 7.9
    endloop
  endfacet
  facet normal -0.740964 -0.671545 0
    outer loop
      vertex 2.82843 2.82843 8
      vertex 3.09204 2.53757 7.9
      vertex 3.09204 2.53757 8
    endloop
  endfacet
  facet normal -0.514095 0.857733 0
    outer loop
      vertex 2.22228 -3.32588 7.9
      vertex 1.88559 -3.52768 8
      vertex 2.22228 -3.32588 8
    endloop
  endfacet
  facet normal -0.514095 0.857733 0
    outer loop
      vertex 1.88559 -3.52768 8
      vertex 2.22228 -3.32588 7.9
      vertex 1.88559 -3.52768 7.9
    endloop
  endfacet
  facet normal 0.740964 -0.671545 0
    outer loop
      vertex -3.09204 2.53757 8
      vertex -2.82843 2.82843 7.9
      vertex -2.82843 2.82843 8
    endloop
  endfacet
  facet normal 0.740964 -0.671545 0
    outer loop
      vertex -2.82843 2.82843 7.9
      vertex -3.09204 2.53757 8
      vertex -3.09204 2.53757 7.9
    endloop
  endfacet
  facet normal 0.427563 -0.903986 0
    outer loop
      vertex -1.88559 3.52768 7.9
      vertex -1.53073 3.69552 8
      vertex -1.88559 3.52768 8
    endloop
  endfacet
  facet normal 0.427563 -0.903986 0
    outer loop
      vertex -1.53073 3.69552 8
      vertex -1.88559 3.52768 7.9
      vertex -1.53073 3.69552 7.9
    endloop
  endfacet
endsolid OpenSCAD_Model
