solid OpenSCAD_Model
  facet normal 0.740935 0.671577 0
    outer loop
      vertex 11.5952 9.5159 3
      vertex 10.6066 10.6066 0
      vertex 10.6066 10.6066 3
    endloop
  endfacet
  facet normal 0.740935 0.671577 0
    outer loop
      vertex 10.6066 10.6066 0
      vertex 11.5952 9.5159 3
      vertex 11.5952 9.5159 0
    endloop
  endfacet
  facet normal 0.989176 0.146737 0
    outer loop
      vertex 14.9278 1.47026 3
      vertex 14.7118 2.92635 0
      vertex 14.7118 2.92635 3
    endloop
  endfacet
  facet normal 0.989176 0.146737 0
    outer loop
      vertex 14.7118 2.92635 0
      vertex 14.9278 1.47026 3
      vertex 14.9278 1.47026 0
    endloop
  endfacet
  facet normal 0.998796 0.0490479 0
    outer loop
      vertex 15 0 3
      vertex 14.9278 1.47026 0
      vertex 14.9278 1.47026 3
    endloop
  endfacet
  facet normal 0.998796 0.0490479 0
    outer loop
      vertex 14.9278 1.47026 0
      vertex 15 0 3
      vertex 15 0 0
    endloop
  endfacet
  facet normal 0.970027 0.242996 0
    outer loop
      vertex 14.7118 2.92635 3
      vertex 14.3541 4.35427 0
      vertex 14.3541 4.35427 3
    endloop
  endfacet
  facet normal 0.970027 0.242996 0
    outer loop
      vertex 14.3541 4.35427 0
      vertex 14.7118 2.92635 3
      vertex 14.7118 2.92635 0
    endloop
  endfacet
  facet normal 0.336883 -0.941547 0
    outer loop
      vertex 4.35427 -14.3541 0
      vertex 5.74025 -13.8582 3
      vertex 4.35427 -14.3541 3
    endloop
  endfacet
  facet normal 0.336883 -0.941547 0
    outer loop
      vertex 5.74025 -13.8582 3
      vertex 4.35427 -14.3541 0
      vertex 5.74025 -13.8582 0
    endloop
  endfacet
  facet normal 0.857721 0.514116 0
    outer loop
      vertex 13.2288 7.07095 3
      vertex 12.472 8.33355 0
      vertex 12.472 8.33355 3
    endloop
  endfacet
  facet normal 0.857721 0.514116 0
    outer loop
      vertex 12.472 8.33355 0
      vertex 13.2288 7.07095 3
      vertex 13.2288 7.07095 0
    endloop
  endfacet
  facet normal 0.941547 0.336883 0
    outer loop
      vertex 14.3541 4.35427 3
      vertex 13.8582 5.74025 0
      vertex 13.8582 5.74025 3
    endloop
  endfacet
  facet normal 0.941547 0.336883 0
    outer loop
      vertex 13.8582 5.74025 0
      vertex 14.3541 4.35427 3
      vertex 14.3541 4.35427 0
    endloop
  endfacet
  facet normal 0.242996 0.970027 -0
    outer loop
      vertex 4.35427 14.3541 0
      vertex 2.92635 14.7118 3
      vertex 4.35427 14.3541 3
    endloop
  endfacet
  facet normal 0.242996 0.970027 0
    outer loop
      vertex 2.92635 14.7118 3
      vertex 4.35427 14.3541 0
      vertex 2.92635 14.7118 0
    endloop
  endfacet
  facet normal -0.740935 0.671577 0
    outer loop
      vertex -11.5952 9.5159 0
      vertex -10.6066 10.6066 3
      vertex -10.6066 10.6066 0
    endloop
  endfacet
  facet normal -0.740935 0.671577 0
    outer loop
      vertex -10.6066 10.6066 3
      vertex -11.5952 9.5159 0
      vertex -11.5952 9.5159 3
    endloop
  endfacet
  facet normal 0.0490479 -0.998796 0
    outer loop
      vertex 0 -15 0
      vertex 1.47026 -14.9278 3
      vertex 0 -15 3
    endloop
  endfacet
  facet normal 0.0490479 -0.998796 0
    outer loop
      vertex 1.47026 -14.9278 3
      vertex 0 -15 0
      vertex 1.47026 -14.9278 0
    endloop
  endfacet
  facet normal 0.427569 0.903983 -0
    outer loop
      vertex 7.07095 13.2288 0
      vertex 5.74025 13.8582 3
      vertex 7.07095 13.2288 3
    endloop
  endfacet
  facet normal 0.427569 0.903983 0
    outer loop
      vertex 5.74025 13.8582 3
      vertex 7.07095 13.2288 0
      vertex 5.74025 13.8582 0
    endloop
  endfacet
  facet normal 0.671577 0.740935 -0
    outer loop
      vertex 10.6066 10.6066 0
      vertex 9.5159 11.5952 3
      vertex 10.6066 10.6066 3
    endloop
  endfacet
  facet normal 0.671577 0.740935 0
    outer loop
      vertex 9.5159 11.5952 3
      vertex 10.6066 10.6066 0
      vertex 9.5159 11.5952 0
    endloop
  endfacet
  facet normal -0.59566 -0.803237 0
    outer loop
      vertex -9.5159 -11.5952 0
      vertex -8.33355 -12.472 3
      vertex -9.5159 -11.5952 3
    endloop
  endfacet
  facet normal -0.59566 -0.803237 -0
    outer loop
      vertex -8.33355 -12.472 3
      vertex -9.5159 -11.5952 0
      vertex -8.33355 -12.472 0
    endloop
  endfacet
  facet normal 0.242996 -0.970027 0
    outer loop
      vertex 2.92635 -14.7118 0
      vertex 4.35427 -14.3541 3
      vertex 2.92635 -14.7118 3
    endloop
  endfacet
  facet normal 0.242996 -0.970027 0
    outer loop
      vertex 4.35427 -14.3541 3
      vertex 2.92635 -14.7118 0
      vertex 4.35427 -14.3541 0
    endloop
  endfacet
  facet normal 0.989176 -0.146737 0
    outer loop
      vertex 14.7118 -2.92635 3
      vertex 14.9278 -1.47026 0
      vertex 14.9278 -1.47026 3
    endloop
  endfacet
  facet normal 0.989176 -0.146737 0
    outer loop
      vertex 14.9278 -1.47026 0
      vertex 14.7118 -2.92635 3
      vertex 14.7118 -2.92635 0
    endloop
  endfacet
  facet normal 0.514116 -0.857721 0
    outer loop
      vertex 7.07095 -13.2288 0
      vertex 8.33355 -12.472 3
      vertex 7.07095 -13.2288 3
    endloop
  endfacet
  facet normal 0.514116 -0.857721 0
    outer loop
      vertex 8.33355 -12.472 3
      vertex 7.07095 -13.2288 0
      vertex 8.33355 -12.472 0
    endloop
  endfacet
  facet normal -0.242996 -0.970027 0
    outer loop
      vertex -4.35427 -14.3541 0
      vertex -2.92635 -14.7118 3
      vertex -4.35427 -14.3541 3
    endloop
  endfacet
  facet normal -0.242996 -0.970027 -0
    outer loop
      vertex -2.92635 -14.7118 3
      vertex -4.35427 -14.3541 0
      vertex -2.92635 -14.7118 0
    endloop
  endfacet
  facet normal -0.59566 0.803237 0
    outer loop
      vertex -8.33355 12.472 0
      vertex -9.5159 11.5952 3
      vertex -8.33355 12.472 3
    endloop
  endfacet
  facet normal -0.59566 0.803237 0
    outer loop
      vertex -9.5159 11.5952 3
      vertex -8.33355 12.472 0
      vertex -9.5159 11.5952 0
    endloop
  endfacet
  facet normal -0.998796 -0.0490479 0
    outer loop
      vertex -14.9278 -1.47026 0
      vertex -15 0 3
      vertex -15 0 0
    endloop
  endfacet
  facet normal -0.998796 -0.0490479 0
    outer loop
      vertex -15 0 3
      vertex -14.9278 -1.47026 0
      vertex -14.9278 -1.47026 3
    endloop
  endfacet
  facet normal -0.970027 -0.242996 0
    outer loop
      vertex -14.3541 -4.35427 0
      vertex -14.7118 -2.92635 3
      vertex -14.7118 -2.92635 0
    endloop
  endfacet
  facet normal -0.970027 -0.242996 0
    outer loop
      vertex -14.7118 -2.92635 3
      vertex -14.3541 -4.35427 0
      vertex -14.3541 -4.35427 3
    endloop
  endfacet
  facet normal 0.970027 -0.242996 0
    outer loop
      vertex 14.3541 -4.35427 3
      vertex 14.7118 -2.92635 0
      vertex 14.7118 -2.92635 3
    endloop
  endfacet
  facet normal 0.970027 -0.242996 0
    outer loop
      vertex 14.7118 -2.92635 0
      vertex 14.3541 -4.35427 3
      vertex 14.3541 -4.35427 0
    endloop
  endfacet
  facet normal -0.514116 0.857721 0
    outer loop
      vertex -7.07095 13.2288 0
      vertex -8.33355 12.472 3
      vertex -7.07095 13.2288 3
    endloop
  endfacet
  facet normal -0.514116 0.857721 0
    outer loop
      vertex -8.33355 12.472 3
      vertex -7.07095 13.2288 0
      vertex -8.33355 12.472 0
    endloop
  endfacet
  facet normal 0.59566 0.803237 -0
    outer loop
      vertex 9.5159 11.5952 0
      vertex 8.33355 12.472 3
      vertex 9.5159 11.5952 3
    endloop
  endfacet
  facet normal 0.59566 0.803237 0
    outer loop
      vertex 8.33355 12.472 3
      vertex 9.5159 11.5952 0
      vertex 8.33355 12.472 0
    endloop
  endfacet
  facet normal -0.903983 -0.427569 0
    outer loop
      vertex -13.2288 -7.07095 0
      vertex -13.8582 -5.74025 3
      vertex -13.8582 -5.74025 0
    endloop
  endfacet
  facet normal -0.903983 -0.427569 0
    outer loop
      vertex -13.8582 -5.74025 3
      vertex -13.2288 -7.07095 0
      vertex -13.2288 -7.07095 3
    endloop
  endfacet
  facet normal 0.941547 -0.336883 0
    outer loop
      vertex 13.8582 -5.74025 3
      vertex 14.3541 -4.35427 0
      vertex 14.3541 -4.35427 3
    endloop
  endfacet
  facet normal 0.941547 -0.336883 0
    outer loop
      vertex 14.3541 -4.35427 0
      vertex 13.8582 -5.74025 3
      vertex 13.8582 -5.74025 0
    endloop
  endfacet
  facet normal 0.146737 0.989176 -0
    outer loop
      vertex 2.92635 14.7118 0
      vertex 1.47026 14.9278 3
      vertex 2.92635 14.7118 3
    endloop
  endfacet
  facet normal 0.146737 0.989176 0
    outer loop
      vertex 1.47026 14.9278 3
      vertex 2.92635 14.7118 0
      vertex 1.47026 14.9278 0
    endloop
  endfacet
  facet normal -0.427569 0.903983 0
    outer loop
      vertex -5.74025 13.8582 0
      vertex -7.07095 13.2288 3
      vertex -5.74025 13.8582 3
    endloop
  endfacet
  facet normal -0.427569 0.903983 0
    outer loop
      vertex -7.07095 13.2288 3
      vertex -5.74025 13.8582 0
      vertex -7.07095 13.2288 0
    endloop
  endfacet
  facet normal 0.514116 0.857721 -0
    outer loop
      vertex 8.33355 12.472 0
      vertex 7.07095 13.2288 3
      vertex 8.33355 12.472 3
    endloop
  endfacet
  facet normal 0.514116 0.857721 0
    outer loop
      vertex 7.07095 13.2288 3
      vertex 8.33355 12.472 0
      vertex 7.07095 13.2288 0
    endloop
  endfacet
  facet normal 0.427569 -0.903983 0
    outer loop
      vertex 5.74025 -13.8582 0
      vertex 7.07095 -13.2288 3
      vertex 5.74025 -13.8582 3
    endloop
  endfacet
  facet normal 0.427569 -0.903983 0
    outer loop
      vertex 7.07095 -13.2288 3
      vertex 5.74025 -13.8582 0
      vertex 7.07095 -13.2288 0
    endloop
  endfacet
  facet normal -0.941547 -0.336883 0
    outer loop
      vertex -13.8582 -5.74025 0
      vertex -14.3541 -4.35427 3
      vertex -14.3541 -4.35427 0
    endloop
  endfacet
  facet normal -0.941547 -0.336883 0
    outer loop
      vertex -14.3541 -4.35427 3
      vertex -13.8582 -5.74025 0
      vertex -13.8582 -5.74025 3
    endloop
  endfacet
  facet normal 0.857721 -0.514116 0
    outer loop
      vertex 12.472 -8.33355 3
      vertex 13.2288 -7.07095 0
      vertex 13.2288 -7.07095 3
    endloop
  endfacet
  facet normal 0.857721 -0.514116 0
    outer loop
      vertex 13.2288 -7.07095 0
      vertex 12.472 -8.33355 3
      vertex 12.472 -8.33355 0
    endloop
  endfacet
  facet normal 0.903983 -0.427569 0
    outer loop
      vertex 13.2288 -7.07095 3
      vertex 13.8582 -5.74025 0
      vertex 13.8582 -5.74025 3
    endloop
  endfacet
  facet normal 0.903983 -0.427569 0
    outer loop
      vertex 13.8582 -5.74025 0
      vertex 13.2288 -7.07095 3
      vertex 13.2288 -7.07095 0
    endloop
  endfacet
  facet normal 0.998796 -0.0490479 0
    outer loop
      vertex 14.9278 -1.47026 3
      vertex 15 0 0
      vertex 15 0 3
    endloop
  endfacet
  facet normal 0.998796 -0.0490479 0
    outer loop
      vertex 15 0 0
      vertex 14.9278 -1.47026 3
      vertex 14.9278 -1.47026 0
    endloop
  endfacet
  facet normal -0.146737 0.989176 0
    outer loop
      vertex -1.47026 14.9278 0
      vertex -2.92635 14.7118 3
      vertex -1.47026 14.9278 3
    endloop
  endfacet
  facet normal -0.146737 0.989176 0
    outer loop
      vertex -2.92635 14.7118 3
      vertex -1.47026 14.9278 0
      vertex -2.92635 14.7118 0
    endloop
  endfacet
  facet normal 0.146737 -0.989176 0
    outer loop
      vertex 1.47026 -14.9278 0
      vertex 2.92635 -14.7118 3
      vertex 1.47026 -14.9278 3
    endloop
  endfacet
  facet normal 0.146737 -0.989176 0
    outer loop
      vertex 2.92635 -14.7118 3
      vertex 1.47026 -14.9278 0
      vertex 2.92635 -14.7118 0
    endloop
  endfacet
  facet normal 0.740935 -0.671577 0
    outer loop
      vertex 10.6066 -10.6066 3
      vertex 11.5952 -9.5159 0
      vertex 11.5952 -9.5159 3
    endloop
  endfacet
  facet normal 0.740935 -0.671577 0
    outer loop
      vertex 11.5952 -9.5159 0
      vertex 10.6066 -10.6066 3
      vertex 10.6066 -10.6066 0
    endloop
  endfacet
  facet normal 0.803237 -0.59566 0
    outer loop
      vertex 11.5952 -9.5159 3
      vertex 12.472 -8.33355 0
      vertex 12.472 -8.33355 3
    endloop
  endfacet
  facet normal 0.803237 -0.59566 0
    outer loop
      vertex 12.472 -8.33355 0
      vertex 11.5952 -9.5159 3
      vertex 11.5952 -9.5159 0
    endloop
  endfacet
  facet normal -0.242996 0.970027 0
    outer loop
      vertex -2.92635 14.7118 0
      vertex -4.35427 14.3541 3
      vertex -2.92635 14.7118 3
    endloop
  endfacet
  facet normal -0.242996 0.970027 0
    outer loop
      vertex -4.35427 14.3541 3
      vertex -2.92635 14.7118 0
      vertex -4.35427 14.3541 0
    endloop
  endfacet
  facet normal 0.803237 0.59566 0
    outer loop
      vertex 12.472 8.33355 3
      vertex 11.5952 9.5159 0
      vertex 11.5952 9.5159 3
    endloop
  endfacet
  facet normal 0.803237 0.59566 0
    outer loop
      vertex 11.5952 9.5159 0
      vertex 12.472 8.33355 3
      vertex 12.472 8.33355 0
    endloop
  endfacet
  facet normal 0.0490479 0.998796 -0
    outer loop
      vertex 1.47026 14.9278 0
      vertex 0 15 3
      vertex 1.47026 14.9278 3
    endloop
  endfacet
  facet normal 0.0490479 0.998796 0
    outer loop
      vertex 0 15 3
      vertex 1.47026 14.9278 0
      vertex 0 15 0
    endloop
  endfacet
  facet normal 0.903983 0.427569 0
    outer loop
      vertex 13.8582 5.74025 3
      vertex 13.2288 7.07095 0
      vertex 13.2288 7.07095 3
    endloop
  endfacet
  facet normal 0.903983 0.427569 0
    outer loop
      vertex 13.2288 7.07095 0
      vertex 13.8582 5.74025 3
      vertex 13.8582 5.74025 0
    endloop
  endfacet
  facet normal -0.857721 0.514116 0
    outer loop
      vertex -13.2288 7.07095 0
      vertex -12.472 8.33355 3
      vertex -12.472 8.33355 0
    endloop
  endfacet
  facet normal -0.857721 0.514116 0
    outer loop
      vertex -12.472 8.33355 3
      vertex -13.2288 7.07095 0
      vertex -13.2288 7.07095 3
    endloop
  endfacet
  facet normal -0.671577 0.740935 0
    outer loop
      vertex -9.5159 11.5952 0
      vertex -10.6066 10.6066 3
      vertex -9.5159 11.5952 3
    endloop
  endfacet
  facet normal -0.671577 0.740935 0
    outer loop
      vertex -10.6066 10.6066 3
      vertex -9.5159 11.5952 0
      vertex -10.6066 10.6066 0
    endloop
  endfacet
  facet normal -0.857721 -0.514116 0
    outer loop
      vertex -12.472 -8.33355 0
      vertex -13.2288 -7.07095 3
      vertex -13.2288 -7.07095 0
    endloop
  endfacet
  facet normal -0.857721 -0.514116 0
    outer loop
      vertex -13.2288 -7.07095 3
      vertex -12.472 -8.33355 0
      vertex -12.472 -8.33355 3
    endloop
  endfacet
  facet normal -0.427569 -0.903983 0
    outer loop
      vertex -7.07095 -13.2288 0
      vertex -5.74025 -13.8582 3
      vertex -7.07095 -13.2288 3
    endloop
  endfacet
  facet normal -0.427569 -0.903983 -0
    outer loop
      vertex -5.74025 -13.8582 3
      vertex -7.07095 -13.2288 0
      vertex -5.74025 -13.8582 0
    endloop
  endfacet
  facet normal -0.740935 -0.671577 0
    outer loop
      vertex -10.6066 -10.6066 0
      vertex -11.5952 -9.5159 3
      vertex -11.5952 -9.5159 0
    endloop
  endfacet
  facet normal -0.740935 -0.671577 0
    outer loop
      vertex -11.5952 -9.5159 3
      vertex -10.6066 -10.6066 0
      vertex -10.6066 -10.6066 3
    endloop
  endfacet
  facet normal -0.336883 0.941547 0
    outer loop
      vertex -4.35427 14.3541 0
      vertex -5.74025 13.8582 3
      vertex -4.35427 14.3541 3
    endloop
  endfacet
  facet normal -0.336883 0.941547 0
    outer loop
      vertex -5.74025 13.8582 3
      vertex -4.35427 14.3541 0
      vertex -5.74025 13.8582 0
    endloop
  endfacet
  facet normal -0.514116 -0.857721 0
    outer loop
      vertex -8.33355 -12.472 0
      vertex -7.07095 -13.2288 3
      vertex -8.33355 -12.472 3
    endloop
  endfacet
  facet normal -0.514116 -0.857721 -0
    outer loop
      vertex -7.07095 -13.2288 3
      vertex -8.33355 -12.472 0
      vertex -7.07095 -13.2288 0
    endloop
  endfacet
  facet normal 0.59566 -0.803237 0
    outer loop
      vertex 8.33355 -12.472 0
      vertex 9.5159 -11.5952 3
      vertex 8.33355 -12.472 3
    endloop
  endfacet
  facet normal 0.59566 -0.803237 0
    outer loop
      vertex 9.5159 -11.5952 3
      vertex 8.33355 -12.472 0
      vertex 9.5159 -11.5952 0
    endloop
  endfacet
  facet normal -0.0490479 0.998796 0
    outer loop
      vertex 0 15 0
      vertex -1.47026 14.9278 3
      vertex 0 15 3
    endloop
  endfacet
  facet normal -0.0490479 0.998796 0
    outer loop
      vertex -1.47026 14.9278 3
      vertex 0 15 0
      vertex -1.47026 14.9278 0
    endloop
  endfacet
  facet normal -0.970027 0.242996 0
    outer loop
      vertex -14.7118 2.92635 0
      vertex -14.3541 4.35427 3
      vertex -14.3541 4.35427 0
    endloop
  endfacet
  facet normal -0.970027 0.242996 0
    outer loop
      vertex -14.3541 4.35427 3
      vertex -14.7118 2.92635 0
      vertex -14.7118 2.92635 3
    endloop
  endfacet
  facet normal -0.941547 0.336883 0
    outer loop
      vertex -14.3541 4.35427 0
      vertex -13.8582 5.74025 3
      vertex -13.8582 5.74025 0
    endloop
  endfacet
  facet normal -0.941547 0.336883 0
    outer loop
      vertex -13.8582 5.74025 3
      vertex -14.3541 4.35427 0
      vertex -14.3541 4.35427 3
    endloop
  endfacet
  facet normal 0.336883 0.941547 -0
    outer loop
      vertex 5.74025 13.8582 0
      vertex 4.35427 14.3541 3
      vertex 5.74025 13.8582 3
    endloop
  endfacet
  facet normal 0.336883 0.941547 0
    outer loop
      vertex 4.35427 14.3541 3
      vertex 5.74025 13.8582 0
      vertex 4.35427 14.3541 0
    endloop
  endfacet
  facet normal -0.803237 -0.59566 0
    outer loop
      vertex -11.5952 -9.5159 0
      vertex -12.472 -8.33355 3
      vertex -12.472 -8.33355 0
    endloop
  endfacet
  facet normal -0.803237 -0.59566 0
    outer loop
      vertex -12.472 -8.33355 3
      vertex -11.5952 -9.5159 0
      vertex -11.5952 -9.5159 3
    endloop
  endfacet
  facet normal -0.989176 -0.146737 0
    outer loop
      vertex -14.7118 -2.92635 0
      vertex -14.9278 -1.47026 3
      vertex -14.9278 -1.47026 0
    endloop
  endfacet
  facet normal -0.989176 -0.146737 0
    outer loop
      vertex -14.9278 -1.47026 3
      vertex -14.7118 -2.92635 0
      vertex -14.7118 -2.92635 3
    endloop
  endfacet
  facet normal -0.903983 0.427569 0
    outer loop
      vertex -13.8582 5.74025 0
      vertex -13.2288 7.07095 3
      vertex -13.2288 7.07095 0
    endloop
  endfacet
  facet normal -0.903983 0.427569 0
    outer loop
      vertex -13.2288 7.07095 3
      vertex -13.8582 5.74025 0
      vertex -13.8582 5.74025 3
    endloop
  endfacet
  facet normal 0 0 -1
    outer loop
      vertex 4.75 0 0
      vertex 15 0 0
      vertex 14.9278 -1.47026 0
    endloop
  endfacet
  facet normal 0 0 -1
    outer loop
      vertex 4.72713 -0.465581 0
      vertex 14.9278 -1.47026 0
      vertex 14.7118 -2.92635 0
    endloop
  endfacet
  facet normal 0 0 -1
    outer loop
      vertex 15 0 0
      vertex 4.75 0 0
      vertex 14.9278 1.47026 0
    endloop
  endfacet
  facet normal 0 0 -1
    outer loop
      vertex 4.65873 -0.926679 0
      vertex 14.7118 -2.92635 0
      vertex 14.3541 -4.35427 0
    endloop
  endfacet
  facet normal 0 0 -1
    outer loop
      vertex 4.72713 0.465581 0
      vertex 14.9278 1.47026 0
      vertex 4.75 0 0
    endloop
  endfacet
  facet normal 0 0 -1
    outer loop
      vertex 4.54547 -1.37885 0
      vertex 14.3541 -4.35427 0
      vertex 13.8582 -5.74025 0
    endloop
  endfacet
  facet normal -0 0 -1
    outer loop
      vertex 14.9278 1.47026 0
      vertex 4.72713 0.465581 0
      vertex 14.7118 2.92635 0
    endloop
  endfacet
  facet normal 0 0 -1
    outer loop
      vertex 4.38843 -1.81775 0
      vertex 13.8582 -5.74025 0
      vertex 13.2288 -7.07095 0
    endloop
  endfacet
  facet normal 0 0 -1
    outer loop
      vertex 4.65873 0.926679 0
      vertex 14.7118 2.92635 0
      vertex 4.72713 0.465581 0
    endloop
  endfacet
  facet normal 0 0 -1
    outer loop
      vertex 4.18913 -2.23913 0
      vertex 13.2288 -7.07095 0
      vertex 12.472 -8.33355 0
    endloop
  endfacet
  facet normal -0 0 -1
    outer loop
      vertex 14.7118 2.92635 0
      vertex 4.65873 0.926679 0
      vertex 14.3541 4.35427 0
    endloop
  endfacet
  facet normal 0 0 -1
    outer loop
      vertex 3.94948 -2.63896 0
      vertex 12.472 -8.33355 0
      vertex 11.5952 -9.5159 0
    endloop
  endfacet
  facet normal 0 0 -1
    outer loop
      vertex 4.54547 1.37885 0
      vertex 14.3541 4.35427 0
      vertex 4.65873 0.926679 0
    endloop
  endfacet
  facet normal 0 0 -1
    outer loop
      vertex 3.6718 -3.01337 0
      vertex 11.5952 -9.5159 0
      vertex 10.6066 -10.6066 0
    endloop
  endfacet
  facet normal -0 0 -1
    outer loop
      vertex 14.3541 4.35427 0
      vertex 4.54547 1.37885 0
      vertex 13.8582 5.74025 0
    endloop
  endfacet
  facet normal 0 0 -1
    outer loop
      vertex 3.35876 -3.35876 0
      vertex 10.6066 -10.6066 0
      vertex 9.5159 -11.5952 0
    endloop
  endfacet
  facet normal 0 0 -1
    outer loop
      vertex 4.38843 1.81775 0
      vertex 13.8582 5.74025 0
      vertex 4.54547 1.37885 0
    endloop
  endfacet
  facet normal 0 0 -1
    outer loop
      vertex 3.01337 -3.6718 0
      vertex 9.5159 -11.5952 0
      vertex 8.33355 -12.472 0
    endloop
  endfacet
  facet normal -0 0 -1
    outer loop
      vertex 13.8582 5.74025 0
      vertex 4.38843 1.81775 0
      vertex 13.2288 7.07095 0
    endloop
  endfacet
  facet normal 0 0 -1
    outer loop
      vertex 2.63896 -3.94948 0
      vertex 8.33355 -12.472 0
      vertex 7.07095 -13.2288 0
    endloop
  endfacet
  facet normal 0 0 -1
    outer loop
      vertex 4.18913 2.23913 0
      vertex 13.2288 7.07095 0
      vertex 4.38843 1.81775 0
    endloop
  endfacet
  facet normal 0 0 -1
    outer loop
      vertex 2.23913 -4.18913 0
      vertex 7.07095 -13.2288 0
      vertex 5.74025 -13.8582 0
    endloop
  endfacet
  facet normal -0 0 -1
    outer loop
      vertex 13.2288 7.07095 0
      vertex 4.18913 2.23913 0
      vertex 12.472 8.33355 0
    endloop
  endfacet
  facet normal 0 0 -1
    outer loop
      vertex 3.94948 2.63896 0
      vertex 12.472 8.33355 0
      vertex 4.18913 2.23913 0
    endloop
  endfacet
  facet normal 0 0 -1
    outer loop
      vertex 14.9278 -1.47026 0
      vertex 4.72713 -0.465581 0
      vertex 4.75 0 0
    endloop
  endfacet
  facet normal 0 0 -1
    outer loop
      vertex 14.7118 -2.92635 0
      vertex 4.65873 -0.926679 0
      vertex 4.72713 -0.465581 0
    endloop
  endfacet
  facet normal 0 0 -1
    outer loop
      vertex 14.3541 -4.35427 0
      vertex 4.54547 -1.37885 0
      vertex 4.65873 -0.926679 0
    endloop
  endfacet
  facet normal 0 0 -1
    outer loop
      vertex 13.8582 -5.74025 0
      vertex 4.38843 -1.81775 0
      vertex 4.54547 -1.37885 0
    endloop
  endfacet
  facet normal 0 0 -1
    outer loop
      vertex 1.81775 -4.38843 0
      vertex 5.74025 -13.8582 0
      vertex 4.35427 -14.3541 0
    endloop
  endfacet
  facet normal 0 0 -1
    outer loop
      vertex 13.2288 -7.07095 0
      vertex 4.18913 -2.23913 0
      vertex 4.38843 -1.81775 0
    endloop
  endfacet
  facet normal 0 0 -1
    outer loop
      vertex 12.472 -8.33355 0
      vertex 3.94948 -2.63896 0
      vertex 4.18913 -2.23913 0
    endloop
  endfacet
  facet normal 0 0 -1
    outer loop
      vertex 11.5952 -9.5159 0
      vertex 3.6718 -3.01337 0
      vertex 3.94948 -2.63896 0
    endloop
  endfacet
  facet normal 0 0 -1
    outer loop
      vertex 10.6066 -10.6066 0
      vertex 3.35876 -3.35876 0
      vertex 3.6718 -3.01337 0
    endloop
  endfacet
  facet normal 0 0 -1
    outer loop
      vertex 9.5159 -11.5952 0
      vertex 3.01337 -3.6718 0
      vertex 3.35876 -3.35876 0
    endloop
  endfacet
  facet normal 0 0 -1
    outer loop
      vertex 1.37885 -4.54547 0
      vertex 4.35427 -14.3541 0
      vertex 2.92635 -14.7118 0
    endloop
  endfacet
  facet normal 0 0 -1
    outer loop
      vertex 8.33355 -12.472 0
      vertex 2.63896 -3.94948 0
      vertex 3.01337 -3.6718 0
    endloop
  endfacet
  facet normal 0 0 -1
    outer loop
      vertex 7.07095 -13.2288 0
      vertex 2.23913 -4.18913 0
      vertex 2.63896 -3.94948 0
    endloop
  endfacet
  facet normal 0 0 -1
    outer loop
      vertex 5.74025 -13.8582 0
      vertex 1.81775 -4.38843 0
      vertex 2.23913 -4.18913 0
    endloop
  endfacet
  facet normal 0 0 -1
    outer loop
      vertex 0.926679 -4.65873 0
      vertex 2.92635 -14.7118 0
      vertex 1.47026 -14.9278 0
    endloop
  endfacet
  facet normal 0 0 -1
    outer loop
      vertex 4.35427 -14.3541 0
      vertex 1.37885 -4.54547 0
      vertex 1.81775 -4.38843 0
    endloop
  endfacet
  facet normal 0 0 -1
    outer loop
      vertex 2.92635 -14.7118 0
      vertex 0.926679 -4.65873 0
      vertex 1.37885 -4.54547 0
    endloop
  endfacet
  facet normal 0 0 -1
    outer loop
      vertex 1.47026 -14.9278 0
      vertex 0.465581 -4.72713 0
      vertex 0.926679 -4.65873 0
    endloop
  endfacet
  facet normal 0 0 -1
    outer loop
      vertex 0 -15 0
      vertex 0.465581 -4.72713 0
      vertex 1.47026 -14.9278 0
    endloop
  endfacet
  facet normal 0 0 -1
    outer loop
      vertex 0 -15 0
      vertex 0 -4.75 0
      vertex 0.465581 -4.72713 0
    endloop
  endfacet
  facet normal 0 0 -1
    outer loop
      vertex 0 -15 0
      vertex -0.465581 -4.72713 0
      vertex 0 -4.75 0
    endloop
  endfacet
  facet normal 0 0 -1
    outer loop
      vertex -1.47026 -14.9278 0
      vertex -0.465581 -4.72713 0
      vertex 0 -15 0
    endloop
  endfacet
  facet normal -0 0 -1
    outer loop
      vertex -0.465581 -4.72713 0
      vertex -1.47026 -14.9278 0
      vertex -0.926679 -4.65873 0
    endloop
  endfacet
  facet normal 0 0 -1
    outer loop
      vertex -2.92635 -14.7118 0
      vertex -0.926679 -4.65873 0
      vertex -1.47026 -14.9278 0
    endloop
  endfacet
  facet normal -0 0 -1
    outer loop
      vertex -0.926679 -4.65873 0
      vertex -2.92635 -14.7118 0
      vertex -1.37885 -4.54547 0
    endloop
  endfacet
  facet normal 0 0 -1
    outer loop
      vertex -4.35427 -14.3541 0
      vertex -1.37885 -4.54547 0
      vertex -2.92635 -14.7118 0
    endloop
  endfacet
  facet normal -0 0 -1
    outer loop
      vertex -1.37885 -4.54547 0
      vertex -4.35427 -14.3541 0
      vertex -1.81775 -4.38843 0
    endloop
  endfacet
  facet normal 0 0 -1
    outer loop
      vertex -5.74025 -13.8582 0
      vertex -1.81775 -4.38843 0
      vertex -4.35427 -14.3541 0
    endloop
  endfacet
  facet normal -0 0 -1
    outer loop
      vertex -1.81775 -4.38843 0
      vertex -5.74025 -13.8582 0
      vertex -2.23913 -4.18913 0
    endloop
  endfacet
  facet normal 0 0 -1
    outer loop
      vertex -7.07095 -13.2288 0
      vertex -2.23913 -4.18913 0
      vertex -5.74025 -13.8582 0
    endloop
  endfacet
  facet normal -0 0 -1
    outer loop
      vertex -2.23913 -4.18913 0
      vertex -7.07095 -13.2288 0
      vertex -2.63896 -3.94948 0
    endloop
  endfacet
  facet normal 0 0 -1
    outer loop
      vertex -8.33355 -12.472 0
      vertex -2.63896 -3.94948 0
      vertex -7.07095 -13.2288 0
    endloop
  endfacet
  facet normal -0 0 -1
    outer loop
      vertex -2.63896 -3.94948 0
      vertex -8.33355 -12.472 0
      vertex -3.01337 -3.6718 0
    endloop
  endfacet
  facet normal 0 0 -1
    outer loop
      vertex -9.5159 -11.5952 0
      vertex -3.01337 -3.6718 0
      vertex -8.33355 -12.472 0
    endloop
  endfacet
  facet normal -0 0 -1
    outer loop
      vertex -3.01337 -3.6718 0
      vertex -9.5159 -11.5952 0
      vertex -3.35876 -3.35876 0
    endloop
  endfacet
  facet normal 0 0 -1
    outer loop
      vertex -10.6066 -10.6066 0
      vertex -3.35876 -3.35876 0
      vertex -9.5159 -11.5952 0
    endloop
  endfacet
  facet normal -0 0 -1
    outer loop
      vertex -3.35876 -3.35876 0
      vertex -10.6066 -10.6066 0
      vertex -3.6718 -3.01337 0
    endloop
  endfacet
  facet normal 0 0 -1
    outer loop
      vertex -11.5952 -9.5159 0
      vertex -3.6718 -3.01337 0
      vertex -10.6066 -10.6066 0
    endloop
  endfacet
  facet normal -0 0 -1
    outer loop
      vertex -3.6718 -3.01337 0
      vertex -11.5952 -9.5159 0
      vertex -3.94948 -2.63896 0
    endloop
  endfacet
  facet normal 0 0 -1
    outer loop
      vertex -12.472 -8.33355 0
      vertex -3.94948 -2.63896 0
      vertex -11.5952 -9.5159 0
    endloop
  endfacet
  facet normal -0 0 -1
    outer loop
      vertex 12.472 8.33355 0
      vertex 3.94948 2.63896 0
      vertex 11.5952 9.5159 0
    endloop
  endfacet
  facet normal 0 0 -1
    outer loop
      vertex 3.6718 3.01337 0
      vertex 11.5952 9.5159 0
      vertex 3.94948 2.63896 0
    endloop
  endfacet
  facet normal -0 0 -1
    outer loop
      vertex 11.5952 9.5159 0
      vertex 3.6718 3.01337 0
      vertex 10.6066 10.6066 0
    endloop
  endfacet
  facet normal 0 0 -1
    outer loop
      vertex 3.35876 3.35876 0
      vertex 10.6066 10.6066 0
      vertex 3.6718 3.01337 0
    endloop
  endfacet
  facet normal -0 0 -1
    outer loop
      vertex 10.6066 10.6066 0
      vertex 3.35876 3.35876 0
      vertex 9.5159 11.5952 0
    endloop
  endfacet
  facet normal 0 0 -1
    outer loop
      vertex 3.01337 3.6718 0
      vertex 9.5159 11.5952 0
      vertex 3.35876 3.35876 0
    endloop
  endfacet
  facet normal -0 0 -1
    outer loop
      vertex 9.5159 11.5952 0
      vertex 3.01337 3.6718 0
      vertex 8.33355 12.472 0
    endloop
  endfacet
  facet normal 0 0 -1
    outer loop
      vertex 2.63896 3.94948 0
      vertex 8.33355 12.472 0
      vertex 3.01337 3.6718 0
    endloop
  endfacet
  facet normal -0 0 -1
    outer loop
      vertex 8.33355 12.472 0
      vertex 2.63896 3.94948 0
      vertex 7.07095 13.2288 0
    endloop
  endfacet
  facet normal 0 0 -1
    outer loop
      vertex 2.23913 4.18913 0
      vertex 7.07095 13.2288 0
      vertex 2.63896 3.94948 0
    endloop
  endfacet
  facet normal -0 0 -1
    outer loop
      vertex 7.07095 13.2288 0
      vertex 2.23913 4.18913 0
      vertex 5.74025 13.8582 0
    endloop
  endfacet
  facet normal 0 0 -1
    outer loop
      vertex 1.81775 4.38843 0
      vertex 5.74025 13.8582 0
      vertex 2.23913 4.18913 0
    endloop
  endfacet
  facet normal -0 0 -1
    outer loop
      vertex 5.74025 13.8582 0
      vertex 1.81775 4.38843 0
      vertex 4.35427 14.3541 0
    endloop
  endfacet
  facet normal 0 0 -1
    outer loop
      vertex 1.37885 4.54547 0
      vertex 4.35427 14.3541 0
      vertex 1.81775 4.38843 0
    endloop
  endfacet
  facet normal -0 0 -1
    outer loop
      vertex 4.35427 14.3541 0
      vertex 1.37885 4.54547 0
      vertex 2.92635 14.7118 0
    endloop
  endfacet
  facet normal 0 0 -1
    outer loop
      vertex 0.926679 4.65873 0
      vertex 2.92635 14.7118 0
      vertex 1.37885 4.54547 0
    endloop
  endfacet
  facet normal -0 0 -1
    outer loop
      vertex 2.92635 14.7118 0
      vertex 0.926679 4.65873 0
      vertex 1.47026 14.9278 0
    endloop
  endfacet
  facet normal 0 0 -1
    outer loop
      vertex 0.465581 4.72713 0
      vertex 1.47026 14.9278 0
      vertex 0.926679 4.65873 0
    endloop
  endfacet
  facet normal 0 0 -1
    outer loop
      vertex 0 4.75 0
      vertex 1.47026 14.9278 0
      vertex 0.465581 4.72713 0
    endloop
  endfacet
  facet normal 0 0 -1
    outer loop
      vertex 0 4.75 0
      vertex 0 15 0
      vertex 1.47026 14.9278 0
    endloop
  endfacet
  facet normal 0 0 -1
    outer loop
      vertex -0.465581 4.72713 0
      vertex 0 15 0
      vertex 0 4.75 0
    endloop
  endfacet
  facet normal 0 0 -1
    outer loop
      vertex -1.47026 14.9278 0
      vertex -0.465581 4.72713 0
      vertex -0.926679 4.65873 0
    endloop
  endfacet
  facet normal 0 0 -1
    outer loop
      vertex -2.92635 14.7118 0
      vertex -0.926679 4.65873 0
      vertex -1.37885 4.54547 0
    endloop
  endfacet
  facet normal 0 0 -1
    outer loop
      vertex -0.465581 4.72713 0
      vertex -1.47026 14.9278 0
      vertex 0 15 0
    endloop
  endfacet
  facet normal 0 0 -1
    outer loop
      vertex -4.35427 14.3541 0
      vertex -1.37885 4.54547 0
      vertex -1.81775 4.38843 0
    endloop
  endfacet
  facet normal 0 0 -1
    outer loop
      vertex -5.74025 13.8582 0
      vertex -1.81775 4.38843 0
      vertex -2.23913 4.18913 0
    endloop
  endfacet
  facet normal 0 0 -1
    outer loop
      vertex -7.07095 13.2288 0
      vertex -2.23913 4.18913 0
      vertex -2.63896 3.94948 0
    endloop
  endfacet
  facet normal 0 0 -1
    outer loop
      vertex -0.926679 4.65873 0
      vertex -2.92635 14.7118 0
      vertex -1.47026 14.9278 0
    endloop
  endfacet
  facet normal 0 0 -1
    outer loop
      vertex -8.33355 12.472 0
      vertex -2.63896 3.94948 0
      vertex -3.01337 3.6718 0
    endloop
  endfacet
  facet normal 0 0 -1
    outer loop
      vertex -9.5159 11.5952 0
      vertex -3.01337 3.6718 0
      vertex -3.35876 3.35876 0
    endloop
  endfacet
  facet normal 0 0 -1
    outer loop
      vertex -10.6066 10.6066 0
      vertex -3.35876 3.35876 0
      vertex -3.6718 3.01337 0
    endloop
  endfacet
  facet normal 0 0 -1
    outer loop
      vertex -11.5952 9.5159 0
      vertex -3.6718 3.01337 0
      vertex -3.94948 2.63896 0
    endloop
  endfacet
  facet normal 0 0 -1
    outer loop
      vertex -12.472 8.33355 0
      vertex -3.94948 2.63896 0
      vertex -4.18913 2.23913 0
    endloop
  endfacet
  facet normal 0 0 -1
    outer loop
      vertex -1.37885 4.54547 0
      vertex -4.35427 14.3541 0
      vertex -2.92635 14.7118 0
    endloop
  endfacet
  facet normal 0 0 -1
    outer loop
      vertex -13.2288 7.07095 0
      vertex -4.18913 2.23913 0
      vertex -4.38843 1.81775 0
    endloop
  endfacet
  facet normal 0 0 -1
    outer loop
      vertex -13.8582 5.74025 0
      vertex -4.38843 1.81775 0
      vertex -4.54547 1.37885 0
    endloop
  endfacet
  facet normal 0 0 -1
    outer loop
      vertex -14.3541 4.35427 0
      vertex -4.54547 1.37885 0
      vertex -4.65873 0.926679 0
    endloop
  endfacet
  facet normal 0 0 -1
    outer loop
      vertex -14.7118 2.92635 0
      vertex -4.65873 0.926679 0
      vertex -4.72713 0.465581 0
    endloop
  endfacet
  facet normal 0 0 -1
    outer loop
      vertex -14.9278 1.47026 0
      vertex -4.72713 0.465581 0
      vertex -4.75 0 0
    endloop
  endfacet
  facet normal -0 0 -1
    outer loop
      vertex -3.94948 -2.63896 0
      vertex -12.472 -8.33355 0
      vertex -4.18913 -2.23913 0
    endloop
  endfacet
  facet normal 0 0 -1
    outer loop
      vertex -1.81775 4.38843 0
      vertex -5.74025 13.8582 0
      vertex -4.35427 14.3541 0
    endloop
  endfacet
  facet normal 0 0 -1
    outer loop
      vertex -13.2288 -7.07095 0
      vertex -4.18913 -2.23913 0
      vertex -12.472 -8.33355 0
    endloop
  endfacet
  facet normal 0 0 -1
    outer loop
      vertex -2.23913 4.18913 0
      vertex -7.07095 13.2288 0
      vertex -5.74025 13.8582 0
    endloop
  endfacet
  facet normal -0 0 -1
    outer loop
      vertex -4.18913 -2.23913 0
      vertex -13.2288 -7.07095 0
      vertex -4.38843 -1.81775 0
    endloop
  endfacet
  facet normal 0 0 -1
    outer loop
      vertex -2.63896 3.94948 0
      vertex -8.33355 12.472 0
      vertex -7.07095 13.2288 0
    endloop
  endfacet
  facet normal 0 0 -1
    outer loop
      vertex -13.8582 -5.74025 0
      vertex -4.38843 -1.81775 0
      vertex -13.2288 -7.07095 0
    endloop
  endfacet
  facet normal 0 0 -1
    outer loop
      vertex -3.01337 3.6718 0
      vertex -9.5159 11.5952 0
      vertex -8.33355 12.472 0
    endloop
  endfacet
  facet normal -0 0 -1
    outer loop
      vertex -4.38843 -1.81775 0
      vertex -13.8582 -5.74025 0
      vertex -4.54547 -1.37885 0
    endloop
  endfacet
  facet normal 0 0 -1
    outer loop
      vertex -3.35876 3.35876 0
      vertex -10.6066 10.6066 0
      vertex -9.5159 11.5952 0
    endloop
  endfacet
  facet normal 0 0 -1
    outer loop
      vertex -14.3541 -4.35427 0
      vertex -4.54547 -1.37885 0
      vertex -13.8582 -5.74025 0
    endloop
  endfacet
  facet normal 0 0 -1
    outer loop
      vertex -3.6718 3.01337 0
      vertex -11.5952 9.5159 0
      vertex -10.6066 10.6066 0
    endloop
  endfacet
  facet normal -0 0 -1
    outer loop
      vertex -4.54547 -1.37885 0
      vertex -14.3541 -4.35427 0
      vertex -4.65873 -0.926679 0
    endloop
  endfacet
  facet normal 0 0 -1
    outer loop
      vertex -3.94948 2.63896 0
      vertex -12.472 8.33355 0
      vertex -11.5952 9.5159 0
    endloop
  endfacet
  facet normal 0 0 -1
    outer loop
      vertex -14.7118 -2.92635 0
      vertex -4.65873 -0.926679 0
      vertex -14.3541 -4.35427 0
    endloop
  endfacet
  facet normal 0 0 -1
    outer loop
      vertex -4.18913 2.23913 0
      vertex -13.2288 7.07095 0
      vertex -12.472 8.33355 0
    endloop
  endfacet
  facet normal -0 0 -1
    outer loop
      vertex -4.65873 -0.926679 0
      vertex -14.7118 -2.92635 0
      vertex -4.72713 -0.465581 0
    endloop
  endfacet
  facet normal 0 0 -1
    outer loop
      vertex -4.38843 1.81775 0
      vertex -13.8582 5.74025 0
      vertex -13.2288 7.07095 0
    endloop
  endfacet
  facet normal 0 0 -1
    outer loop
      vertex -14.9278 -1.47026 0
      vertex -4.72713 -0.465581 0
      vertex -14.7118 -2.92635 0
    endloop
  endfacet
  facet normal 0 0 -1
    outer loop
      vertex -4.54547 1.37885 0
      vertex -14.3541 4.35427 0
      vertex -13.8582 5.74025 0
    endloop
  endfacet
  facet normal -0 0 -1
    outer loop
      vertex -4.72713 -0.465581 0
      vertex -14.9278 -1.47026 0
      vertex -4.75 0 0
    endloop
  endfacet
  facet normal 0 0 -1
    outer loop
      vertex -4.65873 0.926679 0
      vertex -14.7118 2.92635 0
      vertex -14.3541 4.35427 0
    endloop
  endfacet
  facet normal 0 0 -1
    outer loop
      vertex -15 0 0
      vertex -4.75 0 0
      vertex -14.9278 -1.47026 0
    endloop
  endfacet
  facet normal 0 0 -1
    outer loop
      vertex -4.72713 0.465581 0
      vertex -14.9278 1.47026 0
      vertex -14.7118 2.92635 0
    endloop
  endfacet
  facet normal 0 0 -1
    outer loop
      vertex -4.75 0 0
      vertex -15 0 0
      vertex -14.9278 1.47026 0
    endloop
  endfacet
  facet normal -0.671577 -0.740935 0
    outer loop
      vertex -10.6066 -10.6066 0
      vertex -9.5159 -11.5952 3
      vertex -10.6066 -10.6066 3
    endloop
  endfacet
  facet normal -0.671577 -0.740935 -0
    outer loop
      vertex -9.5159 -11.5952 3
      vertex -10.6066 -10.6066 0
      vertex -9.5159 -11.5952 0
    endloop
  endfacet
  facet normal -0.803237 0.59566 0
    outer loop
      vertex -12.472 8.33355 0
      vertex -11.5952 9.5159 3
      vertex -11.5952 9.5159 0
    endloop
  endfacet
  facet normal -0.803237 0.59566 0
    outer loop
      vertex -11.5952 9.5159 3
      vertex -12.472 8.33355 0
      vertex -12.472 8.33355 3
    endloop
  endfacet
  facet normal -0.0490479 -0.998796 0
    outer loop
      vertex -1.47026 -14.9278 0
      vertex 0 -15 3
      vertex -1.47026 -14.9278 3
    endloop
  endfacet
  facet normal -0.0490479 -0.998796 -0
    outer loop
      vertex 0 -15 3
      vertex -1.47026 -14.9278 0
      vertex 0 -15 0
    endloop
  endfacet
  facet normal -0.146737 -0.989176 0
    outer loop
      vertex -2.92635 -14.7118 0
      vertex -1.47026 -14.9278 3
      vertex -2.92635 -14.7118 3
    endloop
  endfacet
  facet normal -0.146737 -0.989176 -0
    outer loop
      vertex -1.47026 -14.9278 3
      vertex -2.92635 -14.7118 0
      vertex -1.47026 -14.9278 0
    endloop
  endfacet
  facet normal -0.989176 0.146737 0
    outer loop
      vertex -14.9278 1.47026 0
      vertex -14.7118 2.92635 3
      vertex -14.7118 2.92635 0
    endloop
  endfacet
  facet normal -0.989176 0.146737 0
    outer loop
      vertex -14.7118 2.92635 3
      vertex -14.9278 1.47026 0
      vertex -14.9278 1.47026 3
    endloop
  endfacet
  facet normal -0.998796 0.0490479 0
    outer loop
      vertex -15 0 0
      vertex -14.9278 1.47026 3
      vertex -14.9278 1.47026 0
    endloop
  endfacet
  facet normal -0.998796 0.0490479 0
    outer loop
      vertex -14.9278 1.47026 3
      vertex -15 0 0
      vertex -15 0 3
    endloop
  endfacet
  facet normal -0.336883 -0.941547 0
    outer loop
      vertex -5.74025 -13.8582 0
      vertex -4.35427 -14.3541 3
      vertex -5.74025 -13.8582 3
    endloop
  endfacet
  facet normal -0.336883 -0.941547 -0
    outer loop
      vertex -4.35427 -14.3541 3
      vertex -5.74025 -13.8582 0
      vertex -4.35427 -14.3541 0
    endloop
  endfacet
  facet normal 0.671577 -0.740935 0
    outer loop
      vertex 9.5159 -11.5952 0
      vertex 10.6066 -10.6066 3
      vertex 9.5159 -11.5952 3
    endloop
  endfacet
  facet normal 0.671577 -0.740935 0
    outer loop
      vertex 10.6066 -10.6066 3
      vertex 9.5159 -11.5952 0
      vertex 10.6066 -10.6066 0
    endloop
  endfacet
  facet normal 0 0 1
    outer loop
      vertex 12 0 3
      vertex 15 0 3
      vertex 14.9278 1.47026 3
    endloop
  endfacet
  facet normal 0 0 1
    outer loop
      vertex 11.9422 1.17621 3
      vertex 14.9278 1.47026 3
      vertex 14.7118 2.92635 3
    endloop
  endfacet
  facet normal 0 0 1
    outer loop
      vertex 15 0 3
      vertex 12 0 3
      vertex 14.9278 -1.47026 3
    endloop
  endfacet
  facet normal 0 0 1
    outer loop
      vertex 11.7694 2.34108 3
      vertex 14.7118 2.92635 3
      vertex 14.3541 4.35427 3
    endloop
  endfacet
  facet normal -0 0 1
    outer loop
      vertex 11.9422 -1.17621 3
      vertex 14.9278 -1.47026 3
      vertex 12 0 3
    endloop
  endfacet
  facet normal 0 0 1
    outer loop
      vertex 11.4833 3.48342 3
      vertex 14.3541 4.35427 3
      vertex 13.8582 5.74025 3
    endloop
  endfacet
  facet normal 0 0 1
    outer loop
      vertex 14.9278 -1.47026 3
      vertex 11.9422 -1.17621 3
      vertex 14.7118 -2.92635 3
    endloop
  endfacet
  facet normal 0 0 1
    outer loop
      vertex 11.0866 4.5922 3
      vertex 13.8582 5.74025 3
      vertex 13.2288 7.07095 3
    endloop
  endfacet
  facet normal -0 0 1
    outer loop
      vertex 11.7694 -2.34108 3
      vertex 14.7118 -2.92635 3
      vertex 11.9422 -1.17621 3
    endloop
  endfacet
  facet normal 0 0 1
    outer loop
      vertex 10.5831 5.65676 3
      vertex 13.2288 7.07095 3
      vertex 12.472 8.33355 3
    endloop
  endfacet
  facet normal 0 0 1
    outer loop
      vertex 14.7118 -2.92635 3
      vertex 11.7694 -2.34108 3
      vertex 14.3541 -4.35427 3
    endloop
  endfacet
  facet normal -0 0 1
    outer loop
      vertex 11.4833 -3.48342 3
      vertex 14.3541 -4.35427 3
      vertex 11.7694 -2.34108 3
    endloop
  endfacet
  facet normal 0 0 1
    outer loop
      vertex 14.9278 1.47026 3
      vertex 11.9422 1.17621 3
      vertex 12 0 3
    endloop
  endfacet
  facet normal 0 0 1
    outer loop
      vertex 14.7118 2.92635 3
      vertex 11.7694 2.34108 3
      vertex 11.9422 1.17621 3
    endloop
  endfacet
  facet normal 0 0 1
    outer loop
      vertex 9.97763 6.66684 3
      vertex 12.472 8.33355 3
      vertex 11.5952 9.5159 3
    endloop
  endfacet
  facet normal 0 0 1
    outer loop
      vertex 14.3541 4.35427 3
      vertex 11.4833 3.48342 3
      vertex 11.7694 2.34108 3
    endloop
  endfacet
  facet normal 0 0 1
    outer loop
      vertex 13.8582 5.74025 3
      vertex 11.0866 4.5922 3
      vertex 11.4833 3.48342 3
    endloop
  endfacet
  facet normal 0 0 1
    outer loop
      vertex 9.27612 7.61272 3
      vertex 11.5952 9.5159 3
      vertex 10.6066 10.6066 3
    endloop
  endfacet
  facet normal 0 0 1
    outer loop
      vertex 13.2288 7.07095 3
      vertex 10.5831 5.65676 3
      vertex 11.0866 4.5922 3
    endloop
  endfacet
  facet normal 0 0 1
    outer loop
      vertex 12.472 8.33355 3
      vertex 9.97763 6.66684 3
      vertex 10.5831 5.65676 3
    endloop
  endfacet
  facet normal 0 0 1
    outer loop
      vertex 8.48528 8.48528 3
      vertex 10.6066 10.6066 3
      vertex 9.5159 11.5952 3
    endloop
  endfacet
  facet normal 0 0 1
    outer loop
      vertex 11.5952 9.5159 3
      vertex 9.27612 7.61272 3
      vertex 9.97763 6.66684 3
    endloop
  endfacet
  facet normal 0 0 1
    outer loop
      vertex 10.6066 10.6066 3
      vertex 8.48528 8.48528 3
      vertex 9.27612 7.61272 3
    endloop
  endfacet
  facet normal 0 0 1
    outer loop
      vertex 7.61272 9.27612 3
      vertex 9.5159 11.5952 3
      vertex 8.33355 12.472 3
    endloop
  endfacet
  facet normal 0 0 1
    outer loop
      vertex 9.5159 11.5952 3
      vertex 7.61272 9.27612 3
      vertex 8.48528 8.48528 3
    endloop
  endfacet
  facet normal 0 0 1
    outer loop
      vertex 6.66684 9.97763 3
      vertex 8.33355 12.472 3
      vertex 7.07095 13.2288 3
    endloop
  endfacet
  facet normal 0 0 1
    outer loop
      vertex 8.33355 12.472 3
      vertex 6.66684 9.97763 3
      vertex 7.61272 9.27612 3
    endloop
  endfacet
  facet normal 0 0 1
    outer loop
      vertex 5.65676 10.5831 3
      vertex 7.07095 13.2288 3
      vertex 5.74025 13.8582 3
    endloop
  endfacet
  facet normal 0 0 1
    outer loop
      vertex 7.07095 13.2288 3
      vertex 5.65676 10.5831 3
      vertex 6.66684 9.97763 3
    endloop
  endfacet
  facet normal 0 0 1
    outer loop
      vertex 5.74025 13.8582 3
      vertex 4.5922 11.0866 3
      vertex 5.65676 10.5831 3
    endloop
  endfacet
  facet normal 0 0 1
    outer loop
      vertex 4.35427 14.3541 3
      vertex 4.5922 11.0866 3
      vertex 5.74025 13.8582 3
    endloop
  endfacet
  facet normal 0 0 1
    outer loop
      vertex 4.35427 14.3541 3
      vertex 3.48342 11.4833 3
      vertex 4.5922 11.0866 3
    endloop
  endfacet
  facet normal 0 0 1
    outer loop
      vertex 2.92635 14.7118 3
      vertex 3.48342 11.4833 3
      vertex 4.35427 14.3541 3
    endloop
  endfacet
  facet normal 0 0 1
    outer loop
      vertex 2.92635 14.7118 3
      vertex 2.34108 11.7694 3
      vertex 3.48342 11.4833 3
    endloop
  endfacet
  facet normal 0 0 1
    outer loop
      vertex 1.47026 14.9278 3
      vertex 2.34108 11.7694 3
      vertex 2.92635 14.7118 3
    endloop
  endfacet
  facet normal 0 0 1
    outer loop
      vertex 1.47026 14.9278 3
      vertex 1.17621 11.9422 3
      vertex 2.34108 11.7694 3
    endloop
  endfacet
  facet normal 0 0 1
    outer loop
      vertex 0 15 3
      vertex 1.17621 11.9422 3
      vertex 1.47026 14.9278 3
    endloop
  endfacet
  facet normal 0 0 1
    outer loop
      vertex 0 15 3
      vertex 0 12 3
      vertex 1.17621 11.9422 3
    endloop
  endfacet
  facet normal 0 0 1
    outer loop
      vertex 0 15 3
      vertex -1.17621 11.9422 3
      vertex 0 12 3
    endloop
  endfacet
  facet normal -0 0 1
    outer loop
      vertex -1.47026 14.9278 3
      vertex -1.17621 11.9422 3
      vertex 0 15 3
    endloop
  endfacet
  facet normal 0 0 1
    outer loop
      vertex -1.47026 14.9278 3
      vertex -2.34108 11.7694 3
      vertex -1.17621 11.9422 3
    endloop
  endfacet
  facet normal -0 0 1
    outer loop
      vertex -2.92635 14.7118 3
      vertex -2.34108 11.7694 3
      vertex -1.47026 14.9278 3
    endloop
  endfacet
  facet normal 0 0 1
    outer loop
      vertex -2.92635 14.7118 3
      vertex -3.48342 11.4833 3
      vertex -2.34108 11.7694 3
    endloop
  endfacet
  facet normal -0 0 1
    outer loop
      vertex -4.35427 14.3541 3
      vertex -3.48342 11.4833 3
      vertex -2.92635 14.7118 3
    endloop
  endfacet
  facet normal 0 0 1
    outer loop
      vertex -4.35427 14.3541 3
      vertex -4.5922 11.0866 3
      vertex -3.48342 11.4833 3
    endloop
  endfacet
  facet normal -0 0 1
    outer loop
      vertex -5.74025 13.8582 3
      vertex -4.5922 11.0866 3
      vertex -4.35427 14.3541 3
    endloop
  endfacet
  facet normal 0 0 1
    outer loop
      vertex -4.5922 11.0866 3
      vertex -5.74025 13.8582 3
      vertex -5.65676 10.5831 3
    endloop
  endfacet
  facet normal -0 0 1
    outer loop
      vertex -7.07095 13.2288 3
      vertex -5.65676 10.5831 3
      vertex -5.74025 13.8582 3
    endloop
  endfacet
  facet normal 0 0 1
    outer loop
      vertex -5.65676 10.5831 3
      vertex -7.07095 13.2288 3
      vertex -6.66684 9.97763 3
    endloop
  endfacet
  facet normal -0 0 1
    outer loop
      vertex -8.33355 12.472 3
      vertex -6.66684 9.97763 3
      vertex -7.07095 13.2288 3
    endloop
  endfacet
  facet normal 0 0 1
    outer loop
      vertex -6.66684 9.97763 3
      vertex -8.33355 12.472 3
      vertex -7.61272 9.27612 3
    endloop
  endfacet
  facet normal -0 0 1
    outer loop
      vertex -9.5159 11.5952 3
      vertex -7.61272 9.27612 3
      vertex -8.33355 12.472 3
    endloop
  endfacet
  facet normal 0 0 1
    outer loop
      vertex -7.61272 9.27612 3
      vertex -9.5159 11.5952 3
      vertex -8.48528 8.48528 3
    endloop
  endfacet
  facet normal -0 0 1
    outer loop
      vertex -10.6066 10.6066 3
      vertex -8.48528 8.48528 3
      vertex -9.5159 11.5952 3
    endloop
  endfacet
  facet normal 0 0 1
    outer loop
      vertex -8.48528 8.48528 3
      vertex -10.6066 10.6066 3
      vertex -9.27612 7.61272 3
    endloop
  endfacet
  facet normal -0 0 1
    outer loop
      vertex -11.5952 9.5159 3
      vertex -9.27612 7.61272 3
      vertex -10.6066 10.6066 3
    endloop
  endfacet
  facet normal 0 0 1
    outer loop
      vertex -9.27612 7.61272 3
      vertex -11.5952 9.5159 3
      vertex -9.97763 6.66684 3
    endloop
  endfacet
  facet normal -0 0 1
    outer loop
      vertex -12.472 8.33355 3
      vertex -9.97763 6.66684 3
      vertex -11.5952 9.5159 3
    endloop
  endfacet
  facet normal 0 0 1
    outer loop
      vertex -9.97763 6.66684 3
      vertex -12.472 8.33355 3
      vertex -10.5831 5.65676 3
    endloop
  endfacet
  facet normal -0 0 1
    outer loop
      vertex -13.2288 7.07095 3
      vertex -10.5831 5.65676 3
      vertex -12.472 8.33355 3
    endloop
  endfacet
  facet normal 0 0 1
    outer loop
      vertex -10.5831 5.65676 3
      vertex -13.2288 7.07095 3
      vertex -11.0866 4.5922 3
    endloop
  endfacet
  facet normal -0 0 1
    outer loop
      vertex -13.8582 5.74025 3
      vertex -11.0866 4.5922 3
      vertex -13.2288 7.07095 3
    endloop
  endfacet
  facet normal 0 0 1
    outer loop
      vertex -11.0866 4.5922 3
      vertex -13.8582 5.74025 3
      vertex -11.4833 3.48342 3
    endloop
  endfacet
  facet normal -0 0 1
    outer loop
      vertex -14.3541 4.35427 3
      vertex -11.4833 3.48342 3
      vertex -13.8582 5.74025 3
    endloop
  endfacet
  facet normal 0 0 1
    outer loop
      vertex 14.3541 -4.35427 3
      vertex 11.4833 -3.48342 3
      vertex 13.8582 -5.74025 3
    endloop
  endfacet
  facet normal -0 0 1
    outer loop
      vertex 11.0866 -4.5922 3
      vertex 13.8582 -5.74025 3
      vertex 11.4833 -3.48342 3
    endloop
  endfacet
  facet normal 0 0 1
    outer loop
      vertex 13.8582 -5.74025 3
      vertex 11.0866 -4.5922 3
      vertex 13.2288 -7.07095 3
    endloop
  endfacet
  facet normal -0 0 1
    outer loop
      vertex 10.5831 -5.65676 3
      vertex 13.2288 -7.07095 3
      vertex 11.0866 -4.5922 3
    endloop
  endfacet
  facet normal 0 0 1
    outer loop
      vertex 13.2288 -7.07095 3
      vertex 10.5831 -5.65676 3
      vertex 12.472 -8.33355 3
    endloop
  endfacet
  facet normal -0 0 1
    outer loop
      vertex 9.97763 -6.66684 3
      vertex 12.472 -8.33355 3
      vertex 10.5831 -5.65676 3
    endloop
  endfacet
  facet normal 0 0 1
    outer loop
      vertex 12.472 -8.33355 3
      vertex 9.97763 -6.66684 3
      vertex 11.5952 -9.5159 3
    endloop
  endfacet
  facet normal -0 0 1
    outer loop
      vertex 9.27612 -7.61272 3
      vertex 11.5952 -9.5159 3
      vertex 9.97763 -6.66684 3
    endloop
  endfacet
  facet normal 0 0 1
    outer loop
      vertex 11.5952 -9.5159 3
      vertex 9.27612 -7.61272 3
      vertex 10.6066 -10.6066 3
    endloop
  endfacet
  facet normal -0 0 1
    outer loop
      vertex 8.48528 -8.48528 3
      vertex 10.6066 -10.6066 3
      vertex 9.27612 -7.61272 3
    endloop
  endfacet
  facet normal 0 0 1
    outer loop
      vertex 10.6066 -10.6066 3
      vertex 8.48528 -8.48528 3
      vertex 9.5159 -11.5952 3
    endloop
  endfacet
  facet normal -0 0 1
    outer loop
      vertex 7.61272 -9.27612 3
      vertex 9.5159 -11.5952 3
      vertex 8.48528 -8.48528 3
    endloop
  endfacet
  facet normal 0 0 1
    outer loop
      vertex 9.5159 -11.5952 3
      vertex 7.61272 -9.27612 3
      vertex 8.33355 -12.472 3
    endloop
  endfacet
  facet normal -0 0 1
    outer loop
      vertex 6.66684 -9.97763 3
      vertex 8.33355 -12.472 3
      vertex 7.61272 -9.27612 3
    endloop
  endfacet
  facet normal 0 0 1
    outer loop
      vertex 8.33355 -12.472 3
      vertex 6.66684 -9.97763 3
      vertex 7.07095 -13.2288 3
    endloop
  endfacet
  facet normal -0 0 1
    outer loop
      vertex 5.65676 -10.5831 3
      vertex 7.07095 -13.2288 3
      vertex 6.66684 -9.97763 3
    endloop
  endfacet
  facet normal 0 0 1
    outer loop
      vertex 7.07095 -13.2288 3
      vertex 5.65676 -10.5831 3
      vertex 5.74025 -13.8582 3
    endloop
  endfacet
  facet normal -0 0 1
    outer loop
      vertex 4.5922 -11.0866 3
      vertex 5.74025 -13.8582 3
      vertex 5.65676 -10.5831 3
    endloop
  endfacet
  facet normal 0 0 1
    outer loop
      vertex 4.5922 -11.0866 3
      vertex 4.35427 -14.3541 3
      vertex 5.74025 -13.8582 3
    endloop
  endfacet
  facet normal -0 0 1
    outer loop
      vertex 3.48342 -11.4833 3
      vertex 4.35427 -14.3541 3
      vertex 4.5922 -11.0866 3
    endloop
  endfacet
  facet normal 0 0 1
    outer loop
      vertex 3.48342 -11.4833 3
      vertex 2.92635 -14.7118 3
      vertex 4.35427 -14.3541 3
    endloop
  endfacet
  facet normal -0 0 1
    outer loop
      vertex 2.34108 -11.7694 3
      vertex 2.92635 -14.7118 3
      vertex 3.48342 -11.4833 3
    endloop
  endfacet
  facet normal 0 0 1
    outer loop
      vertex 2.34108 -11.7694 3
      vertex 1.47026 -14.9278 3
      vertex 2.92635 -14.7118 3
    endloop
  endfacet
  facet normal -0 0 1
    outer loop
      vertex 1.17621 -11.9422 3
      vertex 1.47026 -14.9278 3
      vertex 2.34108 -11.7694 3
    endloop
  endfacet
  facet normal -0 0 1
    outer loop
      vertex 0 -12 3
      vertex 1.47026 -14.9278 3
      vertex 1.17621 -11.9422 3
    endloop
  endfacet
  facet normal 0 0 1
    outer loop
      vertex 0 -12 3
      vertex 0 -15 3
      vertex 1.47026 -14.9278 3
    endloop
  endfacet
  facet normal 0 0 1
    outer loop
      vertex -1.17621 -11.9422 3
      vertex 0 -15 3
      vertex 0 -12 3
    endloop
  endfacet
  facet normal 0 0 1
    outer loop
      vertex -1.17621 -11.9422 3
      vertex -1.47026 -14.9278 3
      vertex 0 -15 3
    endloop
  endfacet
  facet normal 0 0 1
    outer loop
      vertex -2.34108 -11.7694 3
      vertex -1.47026 -14.9278 3
      vertex -1.17621 -11.9422 3
    endloop
  endfacet
  facet normal 0 0 1
    outer loop
      vertex -2.34108 -11.7694 3
      vertex -2.92635 -14.7118 3
      vertex -1.47026 -14.9278 3
    endloop
  endfacet
  facet normal 0 0 1
    outer loop
      vertex -3.48342 -11.4833 3
      vertex -2.92635 -14.7118 3
      vertex -2.34108 -11.7694 3
    endloop
  endfacet
  facet normal 0 0 1
    outer loop
      vertex -3.48342 -11.4833 3
      vertex -4.35427 -14.3541 3
      vertex -2.92635 -14.7118 3
    endloop
  endfacet
  facet normal 0 0 1
    outer loop
      vertex -4.5922 -11.0866 3
      vertex -4.35427 -14.3541 3
      vertex -3.48342 -11.4833 3
    endloop
  endfacet
  facet normal 0 0 1
    outer loop
      vertex -5.74025 -13.8582 3
      vertex -4.5922 -11.0866 3
      vertex -5.65676 -10.5831 3
    endloop
  endfacet
  facet normal 0 0 1
    outer loop
      vertex -4.5922 -11.0866 3
      vertex -5.74025 -13.8582 3
      vertex -4.35427 -14.3541 3
    endloop
  endfacet
  facet normal 0 0 1
    outer loop
      vertex -7.07095 -13.2288 3
      vertex -5.65676 -10.5831 3
      vertex -6.66684 -9.97763 3
    endloop
  endfacet
  facet normal 0 0 1
    outer loop
      vertex -5.65676 -10.5831 3
      vertex -7.07095 -13.2288 3
      vertex -5.74025 -13.8582 3
    endloop
  endfacet
  facet normal 0 0 1
    outer loop
      vertex -8.33355 -12.472 3
      vertex -6.66684 -9.97763 3
      vertex -7.61272 -9.27612 3
    endloop
  endfacet
  facet normal 0 0 1
    outer loop
      vertex -6.66684 -9.97763 3
      vertex -8.33355 -12.472 3
      vertex -7.07095 -13.2288 3
    endloop
  endfacet
  facet normal 0 0 1
    outer loop
      vertex -9.5159 -11.5952 3
      vertex -7.61272 -9.27612 3
      vertex -8.48528 -8.48528 3
    endloop
  endfacet
  facet normal 0 0 1
    outer loop
      vertex -10.6066 -10.6066 3
      vertex -8.48528 -8.48528 3
      vertex -9.27612 -7.61272 3
    endloop
  endfacet
  facet normal 0 0 1
    outer loop
      vertex -7.61272 -9.27612 3
      vertex -9.5159 -11.5952 3
      vertex -8.33355 -12.472 3
    endloop
  endfacet
  facet normal 0 0 1
    outer loop
      vertex -11.5952 -9.5159 3
      vertex -9.27612 -7.61272 3
      vertex -9.97763 -6.66684 3
    endloop
  endfacet
  facet normal 0 0 1
    outer loop
      vertex -12.472 -8.33355 3
      vertex -9.97763 -6.66684 3
      vertex -10.5831 -5.65676 3
    endloop
  endfacet
  facet normal 0 0 1
    outer loop
      vertex -8.48528 -8.48528 3
      vertex -10.6066 -10.6066 3
      vertex -9.5159 -11.5952 3
    endloop
  endfacet
  facet normal 0 0 1
    outer loop
      vertex -13.2288 -7.07095 3
      vertex -10.5831 -5.65676 3
      vertex -11.0866 -4.5922 3
    endloop
  endfacet
  facet normal 0 0 1
    outer loop
      vertex -13.8582 -5.74025 3
      vertex -11.0866 -4.5922 3
      vertex -11.4833 -3.48342 3
    endloop
  endfacet
  facet normal 0 0 1
    outer loop
      vertex -9.27612 -7.61272 3
      vertex -11.5952 -9.5159 3
      vertex -10.6066 -10.6066 3
    endloop
  endfacet
  facet normal 0 0 1
    outer loop
      vertex -14.3541 -4.35427 3
      vertex -11.4833 -3.48342 3
      vertex -11.7694 -2.34108 3
    endloop
  endfacet
  facet normal 0 0 1
    outer loop
      vertex -14.7118 -2.92635 3
      vertex -11.7694 -2.34108 3
      vertex -11.9422 -1.17621 3
    endloop
  endfacet
  facet normal 0 0 1
    outer loop
      vertex -14.9278 -1.47026 3
      vertex -11.9422 -1.17621 3
      vertex -12 0 3
    endloop
  endfacet
  facet normal 0 0 1
    outer loop
      vertex -11.4833 3.48342 3
      vertex -14.3541 4.35427 3
      vertex -11.7694 2.34108 3
    endloop
  endfacet
  facet normal 0 0 1
    outer loop
      vertex -9.97763 -6.66684 3
      vertex -12.472 -8.33355 3
      vertex -11.5952 -9.5159 3
    endloop
  endfacet
  facet normal -0 0 1
    outer loop
      vertex -14.7118 2.92635 3
      vertex -11.7694 2.34108 3
      vertex -14.3541 4.35427 3
    endloop
  endfacet
  facet normal 0 0 1
    outer loop
      vertex -10.5831 -5.65676 3
      vertex -13.2288 -7.07095 3
      vertex -12.472 -8.33355 3
    endloop
  endfacet
  facet normal 0 0 1
    outer loop
      vertex -11.7694 2.34108 3
      vertex -14.7118 2.92635 3
      vertex -11.9422 1.17621 3
    endloop
  endfacet
  facet normal 0 0 1
    outer loop
      vertex -11.0866 -4.5922 3
      vertex -13.8582 -5.74025 3
      vertex -13.2288 -7.07095 3
    endloop
  endfacet
  facet normal -0 0 1
    outer loop
      vertex -14.9278 1.47026 3
      vertex -11.9422 1.17621 3
      vertex -14.7118 2.92635 3
    endloop
  endfacet
  facet normal 0 0 1
    outer loop
      vertex -11.4833 -3.48342 3
      vertex -14.3541 -4.35427 3
      vertex -13.8582 -5.74025 3
    endloop
  endfacet
  facet normal 0 0 1
    outer loop
      vertex -11.9422 1.17621 3
      vertex -14.9278 1.47026 3
      vertex -12 0 3
    endloop
  endfacet
  facet normal 0 0 1
    outer loop
      vertex -11.7694 -2.34108 3
      vertex -14.7118 -2.92635 3
      vertex -14.3541 -4.35427 3
    endloop
  endfacet
  facet normal 0 0 1
    outer loop
      vertex -15 0 3
      vertex -12 0 3
      vertex -14.9278 1.47026 3
    endloop
  endfacet
  facet normal 0 0 1
    outer loop
      vertex -11.9422 -1.17621 3
      vertex -14.9278 -1.47026 3
      vertex -14.7118 -2.92635 3
    endloop
  endfacet
  facet normal 0 0 1
    outer loop
      vertex -12 0 3
      vertex -15 0 3
      vertex -14.9278 -1.47026 3
    endloop
  endfacet
  facet normal -0.989176 -0.146736 0
    outer loop
      vertex 4.72713 0.465581 0
      vertex 4.65873 0.926679 2
      vertex 4.65873 0.926679 0
    endloop
  endfacet
  facet normal -0.989176 -0.146736 0
    outer loop
      vertex 4.65873 0.926679 2
      vertex 4.72713 0.465581 0
      vertex 4.72713 0.465581 2
    endloop
  endfacet
  facet normal -0.998796 -0.0490623 0
    outer loop
      vertex 4.75 0 0
      vertex 4.72713 0.465581 2
      vertex 4.72713 0.465581 0
    endloop
  endfacet
  facet normal -0.998796 -0.0490623 0
    outer loop
      vertex 4.72713 0.465581 2
      vertex 4.75 0 0
      vertex 4.75 0 2
    endloop
  endfacet
  facet normal -0.970033 -0.242974 0
    outer loop
      vertex 4.65873 0.926679 0
      vertex 4.54547 1.37885 2
      vertex 4.54547 1.37885 0
    endloop
  endfacet
  facet normal -0.970033 -0.242974 0
    outer loop
      vertex 4.54547 1.37885 2
      vertex 4.65873 0.926679 0
      vertex 4.65873 0.926679 2
    endloop
  endfacet
  facet normal -0.336888 0.941545 0
    outer loop
      vertex 1.81775 -4.38843 0
      vertex 1.37885 -4.54547 2
      vertex 1.81775 -4.38843 2
    endloop
  endfacet
  facet normal -0.336888 0.941545 0
    outer loop
      vertex 1.37885 -4.54547 2
      vertex 1.81775 -4.38843 0
      vertex 1.37885 -4.54547 0
    endloop
  endfacet
  facet normal -0.671555 -0.740955 0
    outer loop
      vertex 3.01337 3.6718 0
      vertex 3.35876 3.35876 2
      vertex 3.01337 3.6718 2
    endloop
  endfacet
  facet normal -0.671555 -0.740955 -0
    outer loop
      vertex 3.35876 3.35876 2
      vertex 3.01337 3.6718 0
      vertex 3.35876 3.35876 0
    endloop
  endfacet
  facet normal 0.857728 -0.514105 0
    outer loop
      vertex -4.18913 2.23913 2
      vertex -3.94948 2.63896 0
      vertex -3.94948 2.63896 2
    endloop
  endfacet
  facet normal 0.857728 -0.514105 0
    outer loop
      vertex -3.94948 2.63896 0
      vertex -4.18913 2.23913 2
      vertex -4.18913 2.23913 0
    endloop
  endfacet
  facet normal 0.146736 0.989176 -0
    outer loop
      vertex -0.465581 -4.72713 0
      vertex -0.926679 -4.65873 2
      vertex -0.465581 -4.72713 2
    endloop
  endfacet
  facet normal 0.146736 0.989176 0
    outer loop
      vertex -0.926679 -4.65873 2
      vertex -0.465581 -4.72713 0
      vertex -0.926679 -4.65873 0
    endloop
  endfacet
  facet normal -0.941545 -0.336888 0
    outer loop
      vertex 4.54547 1.37885 0
      vertex 4.38843 1.81775 2
      vertex 4.38843 1.81775 0
    endloop
  endfacet
  facet normal -0.941545 -0.336888 0
    outer loop
      vertex 4.38843 1.81775 2
      vertex 4.54547 1.37885 0
      vertex 4.54547 1.37885 2
    endloop
  endfacet
  facet normal 0.0490623 -0.998796 0
    outer loop
      vertex -0.465581 4.72713 0
      vertex 0 4.75 2
      vertex -0.465581 4.72713 2
    endloop
  endfacet
  facet normal 0.0490623 -0.998796 0
    outer loop
      vertex 0 4.75 2
      vertex -0.465581 4.72713 0
      vertex 0 4.75 0
    endloop
  endfacet
  facet normal -0.0490623 0.998796 0
    outer loop
      vertex 0.465581 -4.72713 0
      vertex 0 -4.75 2
      vertex 0.465581 -4.72713 2
    endloop
  endfacet
  facet normal -0.0490623 0.998796 0
    outer loop
      vertex 0 -4.75 2
      vertex 0.465581 -4.72713 0
      vertex 0 -4.75 0
    endloop
  endfacet
  facet normal 0.903988 0.427559 0
    outer loop
      vertex -4.18913 -2.23913 2
      vertex -4.38843 -1.81775 0
      vertex -4.38843 -1.81775 2
    endloop
  endfacet
  facet normal 0.903988 0.427559 0
    outer loop
      vertex -4.38843 -1.81775 0
      vertex -4.18913 -2.23913 2
      vertex -4.18913 -2.23913 0
    endloop
  endfacet
  facet normal 0.595697 0.803209 -0
    outer loop
      vertex -2.63896 -3.94948 0
      vertex -3.01337 -3.6718 2
      vertex -2.63896 -3.94948 2
    endloop
  endfacet
  facet normal 0.595697 0.803209 0
    outer loop
      vertex -3.01337 -3.6718 2
      vertex -2.63896 -3.94948 0
      vertex -3.01337 -3.6718 0
    endloop
  endfacet
  facet normal 0.803209 -0.595697 0
    outer loop
      vertex -3.94948 2.63896 2
      vertex -3.6718 3.01337 0
      vertex -3.6718 3.01337 2
    endloop
  endfacet
  facet normal 0.803209 -0.595697 0
    outer loop
      vertex -3.6718 3.01337 0
      vertex -3.94948 2.63896 2
      vertex -3.94948 2.63896 0
    endloop
  endfacet
  facet normal -0.970033 0.242974 0
    outer loop
      vertex 4.54547 -1.37885 0
      vertex 4.65873 -0.926679 2
      vertex 4.65873 -0.926679 0
    endloop
  endfacet
  facet normal -0.970033 0.242974 0
    outer loop
      vertex 4.65873 -0.926679 2
      vertex 4.54547 -1.37885 0
      vertex 4.54547 -1.37885 2
    endloop
  endfacet
  facet normal -0.857728 -0.514105 0
    outer loop
      vertex 4.18913 2.23913 0
      vertex 3.94948 2.63896 2
      vertex 3.94948 2.63896 0
    endloop
  endfacet
  facet normal -0.857728 -0.514105 0
    outer loop
      vertex 3.94948 2.63896 2
      vertex 4.18913 2.23913 0
      vertex 4.18913 2.23913 2
    endloop
  endfacet
  facet normal 0.998796 0.0490623 0
    outer loop
      vertex -4.72713 -0.465581 2
      vertex -4.75 0 0
      vertex -4.75 0 2
    endloop
  endfacet
  facet normal 0.998796 0.0490623 0
    outer loop
      vertex -4.75 0 0
      vertex -4.72713 -0.465581 2
      vertex -4.72713 -0.465581 0
    endloop
  endfacet
  facet normal -0.903988 -0.427559 0
    outer loop
      vertex 4.38843 1.81775 0
      vertex 4.18913 2.23913 2
      vertex 4.18913 2.23913 0
    endloop
  endfacet
  facet normal -0.903988 -0.427559 0
    outer loop
      vertex 4.18913 2.23913 2
      vertex 4.38843 1.81775 0
      vertex 4.38843 1.81775 2
    endloop
  endfacet
  facet normal -0.941545 0.336888 0
    outer loop
      vertex 4.38843 -1.81775 0
      vertex 4.54547 -1.37885 2
      vertex 4.54547 -1.37885 0
    endloop
  endfacet
  facet normal -0.941545 0.336888 0
    outer loop
      vertex 4.54547 -1.37885 2
      vertex 4.38843 -1.81775 0
      vertex 4.38843 -1.81775 2
    endloop
  endfacet
  facet normal 0.427559 0.903988 -0
    outer loop
      vertex -1.81775 -4.38843 0
      vertex -2.23913 -4.18913 2
      vertex -1.81775 -4.38843 2
    endloop
  endfacet
  facet normal 0.427559 0.903988 0
    outer loop
      vertex -2.23913 -4.18913 2
      vertex -1.81775 -4.38843 0
      vertex -2.23913 -4.18913 0
    endloop
  endfacet
  facet normal 0.970033 0.242974 0
    outer loop
      vertex -4.54547 -1.37885 2
      vertex -4.65873 -0.926679 0
      vertex -4.65873 -0.926679 2
    endloop
  endfacet
  facet normal 0.970033 0.242974 0
    outer loop
      vertex -4.65873 -0.926679 0
      vertex -4.54547 -1.37885 2
      vertex -4.54547 -1.37885 0
    endloop
  endfacet
  facet normal 0.740955 -0.671555 0
    outer loop
      vertex -3.6718 3.01337 2
      vertex -3.35876 3.35876 0
      vertex -3.35876 3.35876 2
    endloop
  endfacet
  facet normal 0.740955 -0.671555 0
    outer loop
      vertex -3.35876 3.35876 0
      vertex -3.6718 3.01337 2
      vertex -3.6718 3.01337 0
    endloop
  endfacet
  facet normal 0.242974 0.970033 -0
    outer loop
      vertex -0.926679 -4.65873 0
      vertex -1.37885 -4.54547 2
      vertex -0.926679 -4.65873 2
    endloop
  endfacet
  facet normal 0.242974 0.970033 0
    outer loop
      vertex -1.37885 -4.54547 2
      vertex -0.926679 -4.65873 0
      vertex -1.37885 -4.54547 0
    endloop
  endfacet
  facet normal 0.514105 -0.857728 0
    outer loop
      vertex -2.63896 3.94948 0
      vertex -2.23913 4.18913 2
      vertex -2.63896 3.94948 2
    endloop
  endfacet
  facet normal 0.514105 -0.857728 0
    outer loop
      vertex -2.23913 4.18913 2
      vertex -2.63896 3.94948 0
      vertex -2.23913 4.18913 0
    endloop
  endfacet
  facet normal -0.803209 -0.595697 0
    outer loop
      vertex 3.94948 2.63896 0
      vertex 3.6718 3.01337 2
      vertex 3.6718 3.01337 0
    endloop
  endfacet
  facet normal -0.803209 -0.595697 0
    outer loop
      vertex 3.6718 3.01337 2
      vertex 3.94948 2.63896 0
      vertex 3.94948 2.63896 2
    endloop
  endfacet
  facet normal 0.146736 -0.989176 0
    outer loop
      vertex -0.926679 4.65873 0
      vertex -0.465581 4.72713 2
      vertex -0.926679 4.65873 2
    endloop
  endfacet
  facet normal 0.146736 -0.989176 0
    outer loop
      vertex -0.465581 4.72713 2
      vertex -0.926679 4.65873 0
      vertex -0.465581 4.72713 0
    endloop
  endfacet
  facet normal -0.427559 0.903988 0
    outer loop
      vertex 2.23913 -4.18913 0
      vertex 1.81775 -4.38843 2
      vertex 2.23913 -4.18913 2
    endloop
  endfacet
  facet normal -0.427559 0.903988 0
    outer loop
      vertex 1.81775 -4.38843 2
      vertex 2.23913 -4.18913 0
      vertex 1.81775 -4.38843 0
    endloop
  endfacet
  facet normal 0.671555 -0.740955 0
    outer loop
      vertex -3.35876 3.35876 0
      vertex -3.01337 3.6718 2
      vertex -3.35876 3.35876 2
    endloop
  endfacet
  facet normal 0.671555 -0.740955 0
    outer loop
      vertex -3.01337 3.6718 2
      vertex -3.35876 3.35876 0
      vertex -3.01337 3.6718 0
    endloop
  endfacet
  facet normal -0.857728 0.514105 0
    outer loop
      vertex 3.94948 -2.63896 0
      vertex 4.18913 -2.23913 2
      vertex 4.18913 -2.23913 0
    endloop
  endfacet
  facet normal -0.857728 0.514105 0
    outer loop
      vertex 4.18913 -2.23913 2
      vertex 3.94948 -2.63896 0
      vertex 3.94948 -2.63896 2
    endloop
  endfacet
  facet normal 0.595697 -0.803209 0
    outer loop
      vertex -3.01337 3.6718 0
      vertex -2.63896 3.94948 2
      vertex -3.01337 3.6718 2
    endloop
  endfacet
  facet normal 0.595697 -0.803209 0
    outer loop
      vertex -2.63896 3.94948 2
      vertex -3.01337 3.6718 0
      vertex -2.63896 3.94948 0
    endloop
  endfacet
  facet normal -0.336888 -0.941545 0
    outer loop
      vertex 1.37885 4.54547 0
      vertex 1.81775 4.38843 2
      vertex 1.37885 4.54547 2
    endloop
  endfacet
  facet normal -0.336888 -0.941545 -0
    outer loop
      vertex 1.81775 4.38843 2
      vertex 1.37885 4.54547 0
      vertex 1.81775 4.38843 0
    endloop
  endfacet
  facet normal -0.740955 -0.671555 0
    outer loop
      vertex 3.6718 3.01337 0
      vertex 3.35876 3.35876 2
      vertex 3.35876 3.35876 0
    endloop
  endfacet
  facet normal -0.740955 -0.671555 0
    outer loop
      vertex 3.35876 3.35876 2
      vertex 3.6718 3.01337 0
      vertex 3.6718 3.01337 2
    endloop
  endfacet
  facet normal -0.998796 0.0490623 0
    outer loop
      vertex 4.72713 -0.465581 0
      vertex 4.75 0 2
      vertex 4.75 0 0
    endloop
  endfacet
  facet normal -0.998796 0.0490623 0
    outer loop
      vertex 4.75 0 2
      vertex 4.72713 -0.465581 0
      vertex 4.72713 -0.465581 2
    endloop
  endfacet
  facet normal 0.941545 0.336888 0
    outer loop
      vertex -4.38843 -1.81775 2
      vertex -4.54547 -1.37885 0
      vertex -4.54547 -1.37885 2
    endloop
  endfacet
  facet normal 0.941545 0.336888 0
    outer loop
      vertex -4.54547 -1.37885 0
      vertex -4.38843 -1.81775 2
      vertex -4.38843 -1.81775 0
    endloop
  endfacet
  facet normal -0.514105 -0.857728 0
    outer loop
      vertex 2.23913 4.18913 0
      vertex 2.63896 3.94948 2
      vertex 2.23913 4.18913 2
    endloop
  endfacet
  facet normal -0.514105 -0.857728 -0
    outer loop
      vertex 2.63896 3.94948 2
      vertex 2.23913 4.18913 0
      vertex 2.63896 3.94948 0
    endloop
  endfacet
  facet normal -0.595697 -0.803209 0
    outer loop
      vertex 2.63896 3.94948 0
      vertex 3.01337 3.6718 2
      vertex 2.63896 3.94948 2
    endloop
  endfacet
  facet normal -0.595697 -0.803209 -0
    outer loop
      vertex 3.01337 3.6718 2
      vertex 2.63896 3.94948 0
      vertex 3.01337 3.6718 0
    endloop
  endfacet
  facet normal -0.146736 0.989176 0
    outer loop
      vertex 0.926679 -4.65873 0
      vertex 0.465581 -4.72713 2
      vertex 0.926679 -4.65873 2
    endloop
  endfacet
  facet normal -0.146736 0.989176 0
    outer loop
      vertex 0.465581 -4.72713 2
      vertex 0.926679 -4.65873 0
      vertex 0.465581 -4.72713 0
    endloop
  endfacet
  facet normal -0.740955 0.671555 0
    outer loop
      vertex 3.35876 -3.35876 0
      vertex 3.6718 -3.01337 2
      vertex 3.6718 -3.01337 0
    endloop
  endfacet
  facet normal -0.740955 0.671555 0
    outer loop
      vertex 3.6718 -3.01337 2
      vertex 3.35876 -3.35876 0
      vertex 3.35876 -3.35876 2
    endloop
  endfacet
  facet normal -0.803209 0.595697 0
    outer loop
      vertex 3.6718 -3.01337 0
      vertex 3.94948 -2.63896 2
      vertex 3.94948 -2.63896 0
    endloop
  endfacet
  facet normal -0.803209 0.595697 0
    outer loop
      vertex 3.94948 -2.63896 2
      vertex 3.6718 -3.01337 0
      vertex 3.6718 -3.01337 2
    endloop
  endfacet
  facet normal -0.242974 0.970033 0
    outer loop
      vertex 1.37885 -4.54547 0
      vertex 0.926679 -4.65873 2
      vertex 1.37885 -4.54547 2
    endloop
  endfacet
  facet normal -0.242974 0.970033 0
    outer loop
      vertex 0.926679 -4.65873 2
      vertex 1.37885 -4.54547 0
      vertex 0.926679 -4.65873 0
    endloop
  endfacet
  facet normal -0.903988 0.427559 0
    outer loop
      vertex 4.18913 -2.23913 0
      vertex 4.38843 -1.81775 2
      vertex 4.38843 -1.81775 0
    endloop
  endfacet
  facet normal -0.903988 0.427559 0
    outer loop
      vertex 4.38843 -1.81775 2
      vertex 4.18913 -2.23913 0
      vertex 4.18913 -2.23913 2
    endloop
  endfacet
  facet normal 0.242974 -0.970033 0
    outer loop
      vertex -1.37885 4.54547 0
      vertex -0.926679 4.65873 2
      vertex -1.37885 4.54547 2
    endloop
  endfacet
  facet normal 0.242974 -0.970033 0
    outer loop
      vertex -0.926679 4.65873 2
      vertex -1.37885 4.54547 0
      vertex -0.926679 4.65873 0
    endloop
  endfacet
  facet normal 0.941545 -0.336888 0
    outer loop
      vertex -4.54547 1.37885 2
      vertex -4.38843 1.81775 0
      vertex -4.38843 1.81775 2
    endloop
  endfacet
  facet normal 0.941545 -0.336888 0
    outer loop
      vertex -4.38843 1.81775 0
      vertex -4.54547 1.37885 2
      vertex -4.54547 1.37885 0
    endloop
  endfacet
  facet normal 0.427559 -0.903988 0
    outer loop
      vertex -2.23913 4.18913 0
      vertex -1.81775 4.38843 2
      vertex -2.23913 4.18913 2
    endloop
  endfacet
  facet normal 0.427559 -0.903988 0
    outer loop
      vertex -1.81775 4.38843 2
      vertex -2.23913 4.18913 0
      vertex -1.81775 4.38843 0
    endloop
  endfacet
  facet normal 0.989176 -0.146736 0
    outer loop
      vertex -4.72713 0.465581 2
      vertex -4.65873 0.926679 0
      vertex -4.65873 0.926679 2
    endloop
  endfacet
  facet normal 0.989176 -0.146736 0
    outer loop
      vertex -4.65873 0.926679 0
      vertex -4.72713 0.465581 2
      vertex -4.72713 0.465581 0
    endloop
  endfacet
  facet normal 0.970033 -0.242974 0
    outer loop
      vertex -4.65873 0.926679 2
      vertex -4.54547 1.37885 0
      vertex -4.54547 1.37885 2
    endloop
  endfacet
  facet normal 0.970033 -0.242974 0
    outer loop
      vertex -4.54547 1.37885 0
      vertex -4.65873 0.926679 2
      vertex -4.65873 0.926679 0
    endloop
  endfacet
  facet normal -0.427559 -0.903988 0
    outer loop
      vertex 1.81775 4.38843 0
      vertex 2.23913 4.18913 2
      vertex 1.81775 4.38843 2
    endloop
  endfacet
  facet normal -0.427559 -0.903988 -0
    outer loop
      vertex 2.23913 4.18913 2
      vertex 1.81775 4.38843 0
      vertex 2.23913 4.18913 0
    endloop
  endfacet
  facet normal -0.989176 0.146736 0
    outer loop
      vertex 4.65873 -0.926679 0
      vertex 4.72713 -0.465581 2
      vertex 4.72713 -0.465581 0
    endloop
  endfacet
  facet normal -0.989176 0.146736 0
    outer loop
      vertex 4.72713 -0.465581 2
      vertex 4.65873 -0.926679 0
      vertex 4.65873 -0.926679 2
    endloop
  endfacet
  facet normal -0.146736 -0.989176 0
    outer loop
      vertex 0.465581 4.72713 0
      vertex 0.926679 4.65873 2
      vertex 0.465581 4.72713 2
    endloop
  endfacet
  facet normal -0.146736 -0.989176 -0
    outer loop
      vertex 0.926679 4.65873 2
      vertex 0.465581 4.72713 0
      vertex 0.926679 4.65873 0
    endloop
  endfacet
  facet normal -0.0490623 -0.998796 0
    outer loop
      vertex 0 4.75 0
      vertex 0.465581 4.72713 2
      vertex 0 4.75 2
    endloop
  endfacet
  facet normal -0.0490623 -0.998796 -0
    outer loop
      vertex 0.465581 4.72713 2
      vertex 0 4.75 0
      vertex 0.465581 4.72713 0
    endloop
  endfacet
  facet normal 0.740955 0.671555 0
    outer loop
      vertex -3.35876 -3.35876 2
      vertex -3.6718 -3.01337 0
      vertex -3.6718 -3.01337 2
    endloop
  endfacet
  facet normal 0.740955 0.671555 0
    outer loop
      vertex -3.6718 -3.01337 0
      vertex -3.35876 -3.35876 2
      vertex -3.35876 -3.35876 0
    endloop
  endfacet
  facet normal 0.857728 0.514105 0
    outer loop
      vertex -3.94948 -2.63896 2
      vertex -4.18913 -2.23913 0
      vertex -4.18913 -2.23913 2
    endloop
  endfacet
  facet normal 0.857728 0.514105 0
    outer loop
      vertex -4.18913 -2.23913 0
      vertex -3.94948 -2.63896 2
      vertex -3.94948 -2.63896 0
    endloop
  endfacet
  facet normal 0.336888 -0.941545 0
    outer loop
      vertex -1.81775 4.38843 0
      vertex -1.37885 4.54547 2
      vertex -1.81775 4.38843 2
    endloop
  endfacet
  facet normal 0.336888 -0.941545 0
    outer loop
      vertex -1.37885 4.54547 2
      vertex -1.81775 4.38843 0
      vertex -1.37885 4.54547 0
    endloop
  endfacet
  facet normal 0.514105 0.857728 -0
    outer loop
      vertex -2.23913 -4.18913 0
      vertex -2.63896 -3.94948 2
      vertex -2.23913 -4.18913 2
    endloop
  endfacet
  facet normal 0.514105 0.857728 0
    outer loop
      vertex -2.63896 -3.94948 2
      vertex -2.23913 -4.18913 0
      vertex -2.63896 -3.94948 0
    endloop
  endfacet
  facet normal -0.595697 0.803209 0
    outer loop
      vertex 3.01337 -3.6718 0
      vertex 2.63896 -3.94948 2
      vertex 3.01337 -3.6718 2
    endloop
  endfacet
  facet normal -0.595697 0.803209 0
    outer loop
      vertex 2.63896 -3.94948 2
      vertex 3.01337 -3.6718 0
      vertex 2.63896 -3.94948 0
    endloop
  endfacet
  facet normal 0.803209 0.595697 0
    outer loop
      vertex -3.6718 -3.01337 2
      vertex -3.94948 -2.63896 0
      vertex -3.94948 -2.63896 2
    endloop
  endfacet
  facet normal 0.803209 0.595697 0
    outer loop
      vertex -3.94948 -2.63896 0
      vertex -3.6718 -3.01337 2
      vertex -3.6718 -3.01337 0
    endloop
  endfacet
  facet normal 0.903988 -0.427559 0
    outer loop
      vertex -4.38843 1.81775 2
      vertex -4.18913 2.23913 0
      vertex -4.18913 2.23913 2
    endloop
  endfacet
  facet normal 0.903988 -0.427559 0
    outer loop
      vertex -4.18913 2.23913 0
      vertex -4.38843 1.81775 2
      vertex -4.38843 1.81775 0
    endloop
  endfacet
  facet normal 0.989176 0.146736 0
    outer loop
      vertex -4.65873 -0.926679 2
      vertex -4.72713 -0.465581 0
      vertex -4.72713 -0.465581 2
    endloop
  endfacet
  facet normal 0.989176 0.146736 0
    outer loop
      vertex -4.72713 -0.465581 0
      vertex -4.65873 -0.926679 2
      vertex -4.65873 -0.926679 0
    endloop
  endfacet
  facet normal -0.242974 -0.970033 0
    outer loop
      vertex 0.926679 4.65873 0
      vertex 1.37885 4.54547 2
      vertex 0.926679 4.65873 2
    endloop
  endfacet
  facet normal -0.242974 -0.970033 -0
    outer loop
      vertex 1.37885 4.54547 2
      vertex 0.926679 4.65873 0
      vertex 1.37885 4.54547 0
    endloop
  endfacet
  facet normal -0.514105 0.857728 0
    outer loop
      vertex 2.63896 -3.94948 0
      vertex 2.23913 -4.18913 2
      vertex 2.63896 -3.94948 2
    endloop
  endfacet
  facet normal -0.514105 0.857728 0
    outer loop
      vertex 2.23913 -4.18913 2
      vertex 2.63896 -3.94948 0
      vertex 2.23913 -4.18913 0
    endloop
  endfacet
  facet normal 0.671555 0.740955 -0
    outer loop
      vertex -3.01337 -3.6718 0
      vertex -3.35876 -3.35876 2
      vertex -3.01337 -3.6718 2
    endloop
  endfacet
  facet normal 0.671555 0.740955 0
    outer loop
      vertex -3.35876 -3.35876 2
      vertex -3.01337 -3.6718 0
      vertex -3.35876 -3.35876 0
    endloop
  endfacet
  facet normal 0.0490623 0.998796 -0
    outer loop
      vertex 0 -4.75 0
      vertex -0.465581 -4.72713 2
      vertex 0 -4.75 2
    endloop
  endfacet
  facet normal 0.0490623 0.998796 0
    outer loop
      vertex -0.465581 -4.72713 2
      vertex 0 -4.75 0
      vertex -0.465581 -4.72713 0
    endloop
  endfacet
  facet normal 0.998796 -0.0490623 0
    outer loop
      vertex -4.75 0 2
      vertex -4.72713 0.465581 0
      vertex -4.72713 0.465581 2
    endloop
  endfacet
  facet normal 0.998796 -0.0490623 0
    outer loop
      vertex -4.72713 0.465581 0
      vertex -4.75 0 2
      vertex -4.75 0 0
    endloop
  endfacet
  facet normal 0.336888 0.941545 -0
    outer loop
      vertex -1.37885 -4.54547 0
      vertex -1.81775 -4.38843 2
      vertex -1.37885 -4.54547 2
    endloop
  endfacet
  facet normal 0.336888 0.941545 0
    outer loop
      vertex -1.81775 -4.38843 2
      vertex -1.37885 -4.54547 0
      vertex -1.81775 -4.38843 0
    endloop
  endfacet
  facet normal -0.671555 0.740955 0
    outer loop
      vertex 3.35876 -3.35876 0
      vertex 3.01337 -3.6718 2
      vertex 3.35876 -3.35876 2
    endloop
  endfacet
  facet normal -0.671555 0.740955 0
    outer loop
      vertex 3.01337 -3.6718 2
      vertex 3.35876 -3.35876 0
      vertex 3.01337 -3.6718 0
    endloop
  endfacet
  facet normal -0.989176 -0.146737 0
    outer loop
      vertex 11.9422 1.17621 2
      vertex 11.7694 2.34108 3
      vertex 11.7694 2.34108 2
    endloop
  endfacet
  facet normal -0.989176 -0.146737 0
    outer loop
      vertex 11.7694 2.34108 3
      vertex 11.9422 1.17621 2
      vertex 11.9422 1.17621 3
    endloop
  endfacet
  facet normal -0.998795 -0.0490817 0
    outer loop
      vertex 12 0 2
      vertex 11.9422 1.17621 3
      vertex 11.9422 1.17621 2
    endloop
  endfacet
  facet normal -0.998795 -0.0490817 0
    outer loop
      vertex 11.9422 1.17621 3
      vertex 12 0 2
      vertex 12 0 3
    endloop
  endfacet
  facet normal -0.97004 -0.242947 0
    outer loop
      vertex 11.7694 2.34108 2
      vertex 11.4833 3.48342 3
      vertex 11.4833 3.48342 2
    endloop
  endfacet
  facet normal -0.97004 -0.242947 0
    outer loop
      vertex 11.4833 3.48342 3
      vertex 11.7694 2.34108 2
      vertex 11.7694 2.34108 3
    endloop
  endfacet
  facet normal -0.857709 -0.514135 0
    outer loop
      vertex 10.5831 5.65676 2
      vertex 9.97763 6.66684 3
      vertex 9.97763 6.66684 2
    endloop
  endfacet
  facet normal -0.857709 -0.514135 0
    outer loop
      vertex 9.97763 6.66684 3
      vertex 10.5831 5.65676 2
      vertex 10.5831 5.65676 3
    endloop
  endfacet
  facet normal -0.740952 -0.671558 0
    outer loop
      vertex 9.27612 7.61272 2
      vertex 8.48528 8.48528 3
      vertex 8.48528 8.48528 2
    endloop
  endfacet
  facet normal -0.740952 -0.671558 0
    outer loop
      vertex 8.48528 8.48528 3
      vertex 9.27612 7.61272 2
      vertex 9.27612 7.61272 3
    endloop
  endfacet
  facet normal 0.242947 -0.97004 0
    outer loop
      vertex -3.48342 11.4833 2
      vertex -2.34108 11.7694 3
      vertex -3.48342 11.4833 3
    endloop
  endfacet
  facet normal 0.242947 -0.97004 0
    outer loop
      vertex -2.34108 11.7694 3
      vertex -3.48342 11.4833 2
      vertex -2.34108 11.7694 2
    endloop
  endfacet
  facet normal 0.803209 -0.595698 0
    outer loop
      vertex -9.97763 6.66684 3
      vertex -9.27612 7.61272 2
      vertex -9.27612 7.61272 3
    endloop
  endfacet
  facet normal 0.803209 -0.595698 0
    outer loop
      vertex -9.27612 7.61272 2
      vertex -9.97763 6.66684 3
      vertex -9.97763 6.66684 2
    endloop
  endfacet
  facet normal 0 0 1
    outer loop
      vertex 4.75 0 2
      vertex 12 0 2
      vertex 11.9422 1.17621 2
    endloop
  endfacet
  facet normal 0 0 1
    outer loop
      vertex 4.72713 0.465581 2
      vertex 11.9422 1.17621 2
      vertex 11.7694 2.34108 2
    endloop
  endfacet
  facet normal 0 0 1
    outer loop
      vertex 12 0 2
      vertex 4.75 0 2
      vertex 11.9422 -1.17621 2
    endloop
  endfacet
  facet normal 0 0 1
    outer loop
      vertex 4.65873 0.926679 2
      vertex 11.7694 2.34108 2
      vertex 11.4833 3.48342 2
    endloop
  endfacet
  facet normal -0 0 1
    outer loop
      vertex 4.72713 -0.465581 2
      vertex 11.9422 -1.17621 2
      vertex 4.75 0 2
    endloop
  endfacet
  facet normal 0 0 1
    outer loop
      vertex 4.54547 1.37885 2
      vertex 11.4833 3.48342 2
      vertex 11.0866 4.5922 2
    endloop
  endfacet
  facet normal 0 0 1
    outer loop
      vertex 11.9422 -1.17621 2
      vertex 4.72713 -0.465581 2
      vertex 11.7694 -2.34108 2
    endloop
  endfacet
  facet normal 0 0 1
    outer loop
      vertex 4.38843 1.81775 2
      vertex 11.0866 4.5922 2
      vertex 10.5831 5.65676 2
    endloop
  endfacet
  facet normal -0 0 1
    outer loop
      vertex 4.65873 -0.926679 2
      vertex 11.7694 -2.34108 2
      vertex 4.72713 -0.465581 2
    endloop
  endfacet
  facet normal 0 0 1
    outer loop
      vertex 4.18913 2.23913 2
      vertex 10.5831 5.65676 2
      vertex 9.97763 6.66684 2
    endloop
  endfacet
  facet normal 0 0 1
    outer loop
      vertex 11.7694 -2.34108 2
      vertex 4.65873 -0.926679 2
      vertex 11.4833 -3.48342 2
    endloop
  endfacet
  facet normal 0 0 1
    outer loop
      vertex 3.94948 2.63896 2
      vertex 9.97763 6.66684 2
      vertex 9.27612 7.61272 2
    endloop
  endfacet
  facet normal -0 0 1
    outer loop
      vertex 4.54547 -1.37885 2
      vertex 11.4833 -3.48342 2
      vertex 4.65873 -0.926679 2
    endloop
  endfacet
  facet normal 0 0 1
    outer loop
      vertex 3.6718 3.01337 2
      vertex 9.27612 7.61272 2
      vertex 8.48528 8.48528 2
    endloop
  endfacet
  facet normal 0 0 1
    outer loop
      vertex 11.4833 -3.48342 2
      vertex 4.54547 -1.37885 2
      vertex 11.0866 -4.5922 2
    endloop
  endfacet
  facet normal 0 0 1
    outer loop
      vertex 3.35876 3.35876 2
      vertex 8.48528 8.48528 2
      vertex 7.61272 9.27612 2
    endloop
  endfacet
  facet normal -0 0 1
    outer loop
      vertex 4.38843 -1.81775 2
      vertex 11.0866 -4.5922 2
      vertex 4.54547 -1.37885 2
    endloop
  endfacet
  facet normal 0 0 1
    outer loop
      vertex 3.01337 3.6718 2
      vertex 7.61272 9.27612 2
      vertex 6.66684 9.97763 2
    endloop
  endfacet
  facet normal 0 0 1
    outer loop
      vertex 11.0866 -4.5922 2
      vertex 4.38843 -1.81775 2
      vertex 10.5831 -5.65676 2
    endloop
  endfacet
  facet normal 0 0 1
    outer loop
      vertex 2.63896 3.94948 2
      vertex 6.66684 9.97763 2
      vertex 5.65676 10.5831 2
    endloop
  endfacet
  facet normal -0 0 1
    outer loop
      vertex 4.18913 -2.23913 2
      vertex 10.5831 -5.65676 2
      vertex 4.38843 -1.81775 2
    endloop
  endfacet
  facet normal 0 0 1
    outer loop
      vertex 10.5831 -5.65676 2
      vertex 4.18913 -2.23913 2
      vertex 9.97763 -6.66684 2
    endloop
  endfacet
  facet normal 0 0 1
    outer loop
      vertex 11.9422 1.17621 2
      vertex 4.72713 0.465581 2
      vertex 4.75 0 2
    endloop
  endfacet
  facet normal 0 0 1
    outer loop
      vertex 11.7694 2.34108 2
      vertex 4.65873 0.926679 2
      vertex 4.72713 0.465581 2
    endloop
  endfacet
  facet normal 0 0 1
    outer loop
      vertex 2.23913 4.18913 2
      vertex 5.65676 10.5831 2
      vertex 4.5922 11.0866 2
    endloop
  endfacet
  facet normal 0 0 1
    outer loop
      vertex 11.4833 3.48342 2
      vertex 4.54547 1.37885 2
      vertex 4.65873 0.926679 2
    endloop
  endfacet
  facet normal 0 0 1
    outer loop
      vertex 11.0866 4.5922 2
      vertex 4.38843 1.81775 2
      vertex 4.54547 1.37885 2
    endloop
  endfacet
  facet normal 0 0 1
    outer loop
      vertex 10.5831 5.65676 2
      vertex 4.18913 2.23913 2
      vertex 4.38843 1.81775 2
    endloop
  endfacet
  facet normal 0 0 1
    outer loop
      vertex 9.97763 6.66684 2
      vertex 3.94948 2.63896 2
      vertex 4.18913 2.23913 2
    endloop
  endfacet
  facet normal 0 0 1
    outer loop
      vertex 9.27612 7.61272 2
      vertex 3.6718 3.01337 2
      vertex 3.94948 2.63896 2
    endloop
  endfacet
  facet normal 0 0 1
    outer loop
      vertex 1.81775 4.38843 2
      vertex 4.5922 11.0866 2
      vertex 3.48342 11.4833 2
    endloop
  endfacet
  facet normal 0 0 1
    outer loop
      vertex 8.48528 8.48528 2
      vertex 3.35876 3.35876 2
      vertex 3.6718 3.01337 2
    endloop
  endfacet
  facet normal 0 0 1
    outer loop
      vertex 7.61272 9.27612 2
      vertex 3.01337 3.6718 2
      vertex 3.35876 3.35876 2
    endloop
  endfacet
  facet normal 0 0 1
    outer loop
      vertex 6.66684 9.97763 2
      vertex 2.63896 3.94948 2
      vertex 3.01337 3.6718 2
    endloop
  endfacet
  facet normal 0 0 1
    outer loop
      vertex 1.37885 4.54547 2
      vertex 3.48342 11.4833 2
      vertex 2.34108 11.7694 2
    endloop
  endfacet
  facet normal 0 0 1
    outer loop
      vertex 5.65676 10.5831 2
      vertex 2.23913 4.18913 2
      vertex 2.63896 3.94948 2
    endloop
  endfacet
  facet normal 0 0 1
    outer loop
      vertex 4.5922 11.0866 2
      vertex 1.81775 4.38843 2
      vertex 2.23913 4.18913 2
    endloop
  endfacet
  facet normal 0 0 1
    outer loop
      vertex 3.48342 11.4833 2
      vertex 1.37885 4.54547 2
      vertex 1.81775 4.38843 2
    endloop
  endfacet
  facet normal 0 0 1
    outer loop
      vertex 0.926679 4.65873 2
      vertex 2.34108 11.7694 2
      vertex 1.17621 11.9422 2
    endloop
  endfacet
  facet normal 0 0 1
    outer loop
      vertex 2.34108 11.7694 2
      vertex 0.926679 4.65873 2
      vertex 1.37885 4.54547 2
    endloop
  endfacet
  facet normal 0 0 1
    outer loop
      vertex 1.17621 11.9422 2
      vertex 0.465581 4.72713 2
      vertex 0.926679 4.65873 2
    endloop
  endfacet
  facet normal 0 0 1
    outer loop
      vertex 0 12 2
      vertex 0.465581 4.72713 2
      vertex 1.17621 11.9422 2
    endloop
  endfacet
  facet normal 0 0 1
    outer loop
      vertex 0 12 2
      vertex 0 4.75 2
      vertex 0.465581 4.72713 2
    endloop
  endfacet
  facet normal 0 0 1
    outer loop
      vertex 0 12 2
      vertex -0.465581 4.72713 2
      vertex 0 4.75 2
    endloop
  endfacet
  facet normal -0 0 1
    outer loop
      vertex -1.17621 11.9422 2
      vertex -0.465581 4.72713 2
      vertex 0 12 2
    endloop
  endfacet
  facet normal 0 0 1
    outer loop
      vertex -0.465581 4.72713 2
      vertex -1.17621 11.9422 2
      vertex -0.926679 4.65873 2
    endloop
  endfacet
  facet normal -0 0 1
    outer loop
      vertex -2.34108 11.7694 2
      vertex -0.926679 4.65873 2
      vertex -1.17621 11.9422 2
    endloop
  endfacet
  facet normal 0 0 1
    outer loop
      vertex -0.926679 4.65873 2
      vertex -2.34108 11.7694 2
      vertex -1.37885 4.54547 2
    endloop
  endfacet
  facet normal -0 0 1
    outer loop
      vertex -3.48342 11.4833 2
      vertex -1.37885 4.54547 2
      vertex -2.34108 11.7694 2
    endloop
  endfacet
  facet normal 0 0 1
    outer loop
      vertex -1.37885 4.54547 2
      vertex -3.48342 11.4833 2
      vertex -1.81775 4.38843 2
    endloop
  endfacet
  facet normal -0 0 1
    outer loop
      vertex -4.5922 11.0866 2
      vertex -1.81775 4.38843 2
      vertex -3.48342 11.4833 2
    endloop
  endfacet
  facet normal 0 0 1
    outer loop
      vertex -1.81775 4.38843 2
      vertex -4.5922 11.0866 2
      vertex -2.23913 4.18913 2
    endloop
  endfacet
  facet normal -0 0 1
    outer loop
      vertex -5.65676 10.5831 2
      vertex -2.23913 4.18913 2
      vertex -4.5922 11.0866 2
    endloop
  endfacet
  facet normal 0 0 1
    outer loop
      vertex -2.23913 4.18913 2
      vertex -5.65676 10.5831 2
      vertex -2.63896 3.94948 2
    endloop
  endfacet
  facet normal -0 0 1
    outer loop
      vertex -6.66684 9.97763 2
      vertex -2.63896 3.94948 2
      vertex -5.65676 10.5831 2
    endloop
  endfacet
  facet normal 0 0 1
    outer loop
      vertex -2.63896 3.94948 2
      vertex -6.66684 9.97763 2
      vertex -3.01337 3.6718 2
    endloop
  endfacet
  facet normal -0 0 1
    outer loop
      vertex -7.61272 9.27612 2
      vertex -3.01337 3.6718 2
      vertex -6.66684 9.97763 2
    endloop
  endfacet
  facet normal 0 0 1
    outer loop
      vertex -3.01337 3.6718 2
      vertex -7.61272 9.27612 2
      vertex -3.35876 3.35876 2
    endloop
  endfacet
  facet normal -0 0 1
    outer loop
      vertex -8.48528 8.48528 2
      vertex -3.35876 3.35876 2
      vertex -7.61272 9.27612 2
    endloop
  endfacet
  facet normal 0 0 1
    outer loop
      vertex -3.35876 3.35876 2
      vertex -8.48528 8.48528 2
      vertex -3.6718 3.01337 2
    endloop
  endfacet
  facet normal -0 0 1
    outer loop
      vertex -9.27612 7.61272 2
      vertex -3.6718 3.01337 2
      vertex -8.48528 8.48528 2
    endloop
  endfacet
  facet normal 0 0 1
    outer loop
      vertex -3.6718 3.01337 2
      vertex -9.27612 7.61272 2
      vertex -3.94948 2.63896 2
    endloop
  endfacet
  facet normal -0 0 1
    outer loop
      vertex -9.97763 6.66684 2
      vertex -3.94948 2.63896 2
      vertex -9.27612 7.61272 2
    endloop
  endfacet
  facet normal 0 0 1
    outer loop
      vertex -3.94948 2.63896 2
      vertex -9.97763 6.66684 2
      vertex -4.18913 2.23913 2
    endloop
  endfacet
  facet normal -0 0 1
    outer loop
      vertex 3.94948 -2.63896 2
      vertex 9.97763 -6.66684 2
      vertex 4.18913 -2.23913 2
    endloop
  endfacet
  facet normal 0 0 1
    outer loop
      vertex 9.97763 -6.66684 2
      vertex 3.94948 -2.63896 2
      vertex 9.27612 -7.61272 2
    endloop
  endfacet
  facet normal -0 0 1
    outer loop
      vertex 3.6718 -3.01337 2
      vertex 9.27612 -7.61272 2
      vertex 3.94948 -2.63896 2
    endloop
  endfacet
  facet normal 0 0 1
    outer loop
      vertex 9.27612 -7.61272 2
      vertex 3.6718 -3.01337 2
      vertex 8.48528 -8.48528 2
    endloop
  endfacet
  facet normal -0 0 1
    outer loop
      vertex 3.35876 -3.35876 2
      vertex 8.48528 -8.48528 2
      vertex 3.6718 -3.01337 2
    endloop
  endfacet
  facet normal 0 0 1
    outer loop
      vertex 8.48528 -8.48528 2
      vertex 3.35876 -3.35876 2
      vertex 7.61272 -9.27612 2
    endloop
  endfacet
  facet normal -0 0 1
    outer loop
      vertex 3.01337 -3.6718 2
      vertex 7.61272 -9.27612 2
      vertex 3.35876 -3.35876 2
    endloop
  endfacet
  facet normal 0 0 1
    outer loop
      vertex 7.61272 -9.27612 2
      vertex 3.01337 -3.6718 2
      vertex 6.66684 -9.97763 2
    endloop
  endfacet
  facet normal -0 0 1
    outer loop
      vertex 2.63896 -3.94948 2
      vertex 6.66684 -9.97763 2
      vertex 3.01337 -3.6718 2
    endloop
  endfacet
  facet normal 0 0 1
    outer loop
      vertex 6.66684 -9.97763 2
      vertex 2.63896 -3.94948 2
      vertex 5.65676 -10.5831 2
    endloop
  endfacet
  facet normal -0 0 1
    outer loop
      vertex 2.23913 -4.18913 2
      vertex 5.65676 -10.5831 2
      vertex 2.63896 -3.94948 2
    endloop
  endfacet
  facet normal 0 0 1
    outer loop
      vertex 5.65676 -10.5831 2
      vertex 2.23913 -4.18913 2
      vertex 4.5922 -11.0866 2
    endloop
  endfacet
  facet normal -0 0 1
    outer loop
      vertex 1.81775 -4.38843 2
      vertex 4.5922 -11.0866 2
      vertex 2.23913 -4.18913 2
    endloop
  endfacet
  facet normal 0 0 1
    outer loop
      vertex 4.5922 -11.0866 2
      vertex 1.81775 -4.38843 2
      vertex 3.48342 -11.4833 2
    endloop
  endfacet
  facet normal -0 0 1
    outer loop
      vertex 1.37885 -4.54547 2
      vertex 3.48342 -11.4833 2
      vertex 1.81775 -4.38843 2
    endloop
  endfacet
  facet normal 0 0 1
    outer loop
      vertex 3.48342 -11.4833 2
      vertex 1.37885 -4.54547 2
      vertex 2.34108 -11.7694 2
    endloop
  endfacet
  facet normal -0 0 1
    outer loop
      vertex 0.926679 -4.65873 2
      vertex 2.34108 -11.7694 2
      vertex 1.37885 -4.54547 2
    endloop
  endfacet
  facet normal 0 0 1
    outer loop
      vertex 2.34108 -11.7694 2
      vertex 0.926679 -4.65873 2
      vertex 1.17621 -11.9422 2
    endloop
  endfacet
  facet normal -0 0 1
    outer loop
      vertex 0.465581 -4.72713 2
      vertex 1.17621 -11.9422 2
      vertex 0.926679 -4.65873 2
    endloop
  endfacet
  facet normal -0 0 1
    outer loop
      vertex 0 -4.75 2
      vertex 1.17621 -11.9422 2
      vertex 0.465581 -4.72713 2
    endloop
  endfacet
  facet normal 0 0 1
    outer loop
      vertex 0 -4.75 2
      vertex 0 -12 2
      vertex 1.17621 -11.9422 2
    endloop
  endfacet
  facet normal 0 0 1
    outer loop
      vertex -0.465581 -4.72713 2
      vertex 0 -12 2
      vertex 0 -4.75 2
    endloop
  endfacet
  facet normal 0 0 1
    outer loop
      vertex -1.17621 -11.9422 2
      vertex -0.465581 -4.72713 2
      vertex -0.926679 -4.65873 2
    endloop
  endfacet
  facet normal 0 0 1
    outer loop
      vertex -0.465581 -4.72713 2
      vertex -1.17621 -11.9422 2
      vertex 0 -12 2
    endloop
  endfacet
  facet normal 0 0 1
    outer loop
      vertex -2.34108 -11.7694 2
      vertex -0.926679 -4.65873 2
      vertex -1.37885 -4.54547 2
    endloop
  endfacet
  facet normal 0 0 1
    outer loop
      vertex -3.48342 -11.4833 2
      vertex -1.37885 -4.54547 2
      vertex -1.81775 -4.38843 2
    endloop
  endfacet
  facet normal 0 0 1
    outer loop
      vertex -4.5922 -11.0866 2
      vertex -1.81775 -4.38843 2
      vertex -2.23913 -4.18913 2
    endloop
  endfacet
  facet normal 0 0 1
    outer loop
      vertex -0.926679 -4.65873 2
      vertex -2.34108 -11.7694 2
      vertex -1.17621 -11.9422 2
    endloop
  endfacet
  facet normal 0 0 1
    outer loop
      vertex -5.65676 -10.5831 2
      vertex -2.23913 -4.18913 2
      vertex -2.63896 -3.94948 2
    endloop
  endfacet
  facet normal 0 0 1
    outer loop
      vertex -6.66684 -9.97763 2
      vertex -2.63896 -3.94948 2
      vertex -3.01337 -3.6718 2
    endloop
  endfacet
  facet normal 0 0 1
    outer loop
      vertex -7.61272 -9.27612 2
      vertex -3.01337 -3.6718 2
      vertex -3.35876 -3.35876 2
    endloop
  endfacet
  facet normal 0 0 1
    outer loop
      vertex -1.37885 -4.54547 2
      vertex -3.48342 -11.4833 2
      vertex -2.34108 -11.7694 2
    endloop
  endfacet
  facet normal 0 0 1
    outer loop
      vertex -8.48528 -8.48528 2
      vertex -3.35876 -3.35876 2
      vertex -3.6718 -3.01337 2
    endloop
  endfacet
  facet normal 0 0 1
    outer loop
      vertex -9.27612 -7.61272 2
      vertex -3.6718 -3.01337 2
      vertex -3.94948 -2.63896 2
    endloop
  endfacet
  facet normal 0 0 1
    outer loop
      vertex -9.97763 -6.66684 2
      vertex -3.94948 -2.63896 2
      vertex -4.18913 -2.23913 2
    endloop
  endfacet
  facet normal 0 0 1
    outer loop
      vertex -10.5831 -5.65676 2
      vertex -4.18913 -2.23913 2
      vertex -4.38843 -1.81775 2
    endloop
  endfacet
  facet normal 0 0 1
    outer loop
      vertex -11.0866 -4.5922 2
      vertex -4.38843 -1.81775 2
      vertex -4.54547 -1.37885 2
    endloop
  endfacet
  facet normal 0 0 1
    outer loop
      vertex -1.81775 -4.38843 2
      vertex -4.5922 -11.0866 2
      vertex -3.48342 -11.4833 2
    endloop
  endfacet
  facet normal 0 0 1
    outer loop
      vertex -11.4833 -3.48342 2
      vertex -4.54547 -1.37885 2
      vertex -4.65873 -0.926679 2
    endloop
  endfacet
  facet normal 0 0 1
    outer loop
      vertex -11.7694 -2.34108 2
      vertex -4.65873 -0.926679 2
      vertex -4.72713 -0.465581 2
    endloop
  endfacet
  facet normal 0 0 1
    outer loop
      vertex -11.9422 -1.17621 2
      vertex -4.72713 -0.465581 2
      vertex -4.75 0 2
    endloop
  endfacet
  facet normal -0 0 1
    outer loop
      vertex -10.5831 5.65676 2
      vertex -4.18913 2.23913 2
      vertex -9.97763 6.66684 2
    endloop
  endfacet
  facet normal 0 0 1
    outer loop
      vertex -2.23913 -4.18913 2
      vertex -5.65676 -10.5831 2
      vertex -4.5922 -11.0866 2
    endloop
  endfacet
  facet normal 0 0 1
    outer loop
      vertex -4.18913 2.23913 2
      vertex -10.5831 5.65676 2
      vertex -4.38843 1.81775 2
    endloop
  endfacet
  facet normal 0 0 1
    outer loop
      vertex -2.63896 -3.94948 2
      vertex -6.66684 -9.97763 2
      vertex -5.65676 -10.5831 2
    endloop
  endfacet
  facet normal -0 0 1
    outer loop
      vertex -11.0866 4.5922 2
      vertex -4.38843 1.81775 2
      vertex -10.5831 5.65676 2
    endloop
  endfacet
  facet normal 0 0 1
    outer loop
      vertex -3.01337 -3.6718 2
      vertex -7.61272 -9.27612 2
      vertex -6.66684 -9.97763 2
    endloop
  endfacet
  facet normal 0 0 1
    outer loop
      vertex -4.38843 1.81775 2
      vertex -11.0866 4.5922 2
      vertex -4.54547 1.37885 2
    endloop
  endfacet
  facet normal 0 0 1
    outer loop
      vertex -3.35876 -3.35876 2
      vertex -8.48528 -8.48528 2
      vertex -7.61272 -9.27612 2
    endloop
  endfacet
  facet normal -0 0 1
    outer loop
      vertex -11.4833 3.48342 2
      vertex -4.54547 1.37885 2
      vertex -11.0866 4.5922 2
    endloop
  endfacet
  facet normal 0 0 1
    outer loop
      vertex -3.6718 -3.01337 2
      vertex -9.27612 -7.61272 2
      vertex -8.48528 -8.48528 2
    endloop
  endfacet
  facet normal 0 0 1
    outer loop
      vertex -4.54547 1.37885 2
      vertex -11.4833 3.48342 2
      vertex -4.65873 0.926679 2
    endloop
  endfacet
  facet normal 0 0 1
    outer loop
      vertex -3.94948 -2.63896 2
      vertex -9.97763 -6.66684 2
      vertex -9.27612 -7.61272 2
    endloop
  endfacet
  facet normal -0 0 1
    outer loop
      vertex -11.7694 2.34108 2
      vertex -4.65873 0.926679 2
      vertex -11.4833 3.48342 2
    endloop
  endfacet
  facet normal 0 0 1
    outer loop
      vertex -4.18913 -2.23913 2
      vertex -10.5831 -5.65676 2
      vertex -9.97763 -6.66684 2
    endloop
  endfacet
  facet normal 0 0 1
    outer loop
      vertex -4.65873 0.926679 2
      vertex -11.7694 2.34108 2
      vertex -4.72713 0.465581 2
    endloop
  endfacet
  facet normal 0 0 1
    outer loop
      vertex -4.38843 -1.81775 2
      vertex -11.0866 -4.5922 2
      vertex -10.5831 -5.65676 2
    endloop
  endfacet
  facet normal -0 0 1
    outer loop
      vertex -11.9422 1.17621 2
      vertex -4.72713 0.465581 2
      vertex -11.7694 2.34108 2
    endloop
  endfacet
  facet normal 0 0 1
    outer loop
      vertex -4.54547 -1.37885 2
      vertex -11.4833 -3.48342 2
      vertex -11.0866 -4.5922 2
    endloop
  endfacet
  facet normal 0 0 1
    outer loop
      vertex -4.72713 0.465581 2
      vertex -11.9422 1.17621 2
      vertex -4.75 0 2
    endloop
  endfacet
  facet normal 0 0 1
    outer loop
      vertex -4.65873 -0.926679 2
      vertex -11.7694 -2.34108 2
      vertex -11.4833 -3.48342 2
    endloop
  endfacet
  facet normal 0 0 1
    outer loop
      vertex -12 0 2
      vertex -4.75 0 2
      vertex -11.9422 1.17621 2
    endloop
  endfacet
  facet normal 0 0 1
    outer loop
      vertex -4.72713 -0.465581 2
      vertex -11.9422 -1.17621 2
      vertex -11.7694 -2.34108 2
    endloop
  endfacet
  facet normal 0 0 1
    outer loop
      vertex -4.75 0 2
      vertex -12 0 2
      vertex -11.9422 -1.17621 2
    endloop
  endfacet
  facet normal -0.97004 0.242947 0
    outer loop
      vertex 11.4833 -3.48342 2
      vertex 11.7694 -2.34108 3
      vertex 11.7694 -2.34108 2
    endloop
  endfacet
  facet normal -0.97004 0.242947 0
    outer loop
      vertex 11.7694 -2.34108 3
      vertex 11.4833 -3.48342 2
      vertex 11.4833 -3.48342 3
    endloop
  endfacet
  facet normal 0.514135 0.857709 -0
    outer loop
      vertex -5.65676 -10.5831 2
      vertex -6.66684 -9.97763 3
      vertex -5.65676 -10.5831 3
    endloop
  endfacet
  facet normal 0.514135 0.857709 0
    outer loop
      vertex -6.66684 -9.97763 3
      vertex -5.65676 -10.5831 2
      vertex -6.66684 -9.97763 2
    endloop
  endfacet
  facet normal -0.671558 -0.740952 0
    outer loop
      vertex 7.61272 9.27612 2
      vertex 8.48528 8.48528 3
      vertex 7.61272 9.27612 3
    endloop
  endfacet
  facet normal -0.671558 -0.740952 -0
    outer loop
      vertex 8.48528 8.48528 3
      vertex 7.61272 9.27612 2
      vertex 8.48528 8.48528 2
    endloop
  endfacet
  facet normal -0.0490817 0.998795 0
    outer loop
      vertex 1.17621 -11.9422 2
      vertex 0 -12 3
      vertex 1.17621 -11.9422 3
    endloop
  endfacet
  facet normal -0.0490817 0.998795 0
    outer loop
      vertex 0 -12 3
      vertex 1.17621 -11.9422 2
      vertex 0 -12 2
    endloop
  endfacet
  facet normal 0.336869 -0.941552 0
    outer loop
      vertex -4.5922 11.0866 2
      vertex -3.48342 11.4833 3
      vertex -4.5922 11.0866 3
    endloop
  endfacet
  facet normal 0.336869 -0.941552 0
    outer loop
      vertex -3.48342 11.4833 3
      vertex -4.5922 11.0866 2
      vertex -3.48342 11.4833 2
    endloop
  endfacet
  facet normal -0.427556 -0.903989 0
    outer loop
      vertex 4.5922 11.0866 2
      vertex 5.65676 10.5831 3
      vertex 4.5922 11.0866 3
    endloop
  endfacet
  facet normal -0.427556 -0.903989 -0
    outer loop
      vertex 5.65676 10.5831 3
      vertex 4.5922 11.0866 2
      vertex 5.65676 10.5831 2
    endloop
  endfacet
  facet normal 0.595698 -0.803209 0
    outer loop
      vertex -7.61272 9.27612 2
      vertex -6.66684 9.97763 3
      vertex -7.61272 9.27612 3
    endloop
  endfacet
  facet normal 0.595698 -0.803209 0
    outer loop
      vertex -6.66684 9.97763 3
      vertex -7.61272 9.27612 2
      vertex -6.66684 9.97763 2
    endloop
  endfacet
  facet normal -0.336869 -0.941552 0
    outer loop
      vertex 3.48342 11.4833 2
      vertex 4.5922 11.0866 3
      vertex 3.48342 11.4833 3
    endloop
  endfacet
  facet normal -0.336869 -0.941552 -0
    outer loop
      vertex 4.5922 11.0866 3
      vertex 3.48342 11.4833 2
      vertex 4.5922 11.0866 2
    endloop
  endfacet
  facet normal -0.242947 -0.97004 0
    outer loop
      vertex 2.34108 11.7694 2
      vertex 3.48342 11.4833 3
      vertex 2.34108 11.7694 3
    endloop
  endfacet
  facet normal -0.242947 -0.97004 -0
    outer loop
      vertex 3.48342 11.4833 3
      vertex 2.34108 11.7694 2
      vertex 3.48342 11.4833 2
    endloop
  endfacet
  facet normal -0.803209 -0.595698 0
    outer loop
      vertex 9.97763 6.66684 2
      vertex 9.27612 7.61272 3
      vertex 9.27612 7.61272 2
    endloop
  endfacet
  facet normal -0.803209 -0.595698 0
    outer loop
      vertex 9.27612 7.61272 3
      vertex 9.97763 6.66684 2
      vertex 9.97763 6.66684 3
    endloop
  endfacet
  facet normal -0.989176 0.146737 0
    outer loop
      vertex 11.7694 -2.34108 2
      vertex 11.9422 -1.17621 3
      vertex 11.9422 -1.17621 2
    endloop
  endfacet
  facet normal -0.989176 0.146737 0
    outer loop
      vertex 11.9422 -1.17621 3
      vertex 11.7694 -2.34108 2
      vertex 11.7694 -2.34108 3
    endloop
  endfacet
  facet normal 0.146737 0.989176 -0
    outer loop
      vertex -1.17621 -11.9422 2
      vertex -2.34108 -11.7694 3
      vertex -1.17621 -11.9422 3
    endloop
  endfacet
  facet normal 0.146737 0.989176 0
    outer loop
      vertex -2.34108 -11.7694 3
      vertex -1.17621 -11.9422 2
      vertex -2.34108 -11.7694 2
    endloop
  endfacet
  facet normal 0.998795 0.0490817 0
    outer loop
      vertex -11.9422 -1.17621 3
      vertex -12 0 2
      vertex -12 0 3
    endloop
  endfacet
  facet normal 0.998795 0.0490817 0
    outer loop
      vertex -12 0 2
      vertex -11.9422 -1.17621 3
      vertex -11.9422 -1.17621 2
    endloop
  endfacet
  facet normal -0.0490817 -0.998795 0
    outer loop
      vertex 0 12 2
      vertex 1.17621 11.9422 3
      vertex 0 12 3
    endloop
  endfacet
  facet normal -0.0490817 -0.998795 -0
    outer loop
      vertex 1.17621 11.9422 3
      vertex 0 12 2
      vertex 1.17621 11.9422 2
    endloop
  endfacet
  facet normal -0.595698 -0.803209 0
    outer loop
      vertex 6.66684 9.97763 2
      vertex 7.61272 9.27612 3
      vertex 6.66684 9.97763 3
    endloop
  endfacet
  facet normal -0.595698 -0.803209 -0
    outer loop
      vertex 7.61272 9.27612 3
      vertex 6.66684 9.97763 2
      vertex 7.61272 9.27612 2
    endloop
  endfacet
  facet normal 0.941552 -0.336869 0
    outer loop
      vertex -11.4833 3.48342 3
      vertex -11.0866 4.5922 2
      vertex -11.0866 4.5922 3
    endloop
  endfacet
  facet normal 0.941552 -0.336869 0
    outer loop
      vertex -11.0866 4.5922 2
      vertex -11.4833 3.48342 3
      vertex -11.4833 3.48342 2
    endloop
  endfacet
  facet normal -0.514135 0.857709 0
    outer loop
      vertex 6.66684 -9.97763 2
      vertex 5.65676 -10.5831 3
      vertex 6.66684 -9.97763 3
    endloop
  endfacet
  facet normal -0.514135 0.857709 0
    outer loop
      vertex 5.65676 -10.5831 3
      vertex 6.66684 -9.97763 2
      vertex 5.65676 -10.5831 2
    endloop
  endfacet
  facet normal 0.97004 -0.242947 0
    outer loop
      vertex -11.7694 2.34108 3
      vertex -11.4833 3.48342 2
      vertex -11.4833 3.48342 3
    endloop
  endfacet
  facet normal 0.97004 -0.242947 0
    outer loop
      vertex -11.4833 3.48342 2
      vertex -11.7694 2.34108 3
      vertex -11.7694 2.34108 2
    endloop
  endfacet
  facet normal 0.671558 -0.740952 0
    outer loop
      vertex -8.48528 8.48528 2
      vertex -7.61272 9.27612 3
      vertex -8.48528 8.48528 3
    endloop
  endfacet
  facet normal 0.671558 -0.740952 0
    outer loop
      vertex -7.61272 9.27612 3
      vertex -8.48528 8.48528 2
      vertex -7.61272 9.27612 2
    endloop
  endfacet
  facet normal 0.941552 0.336869 0
    outer loop
      vertex -11.0866 -4.5922 3
      vertex -11.4833 -3.48342 2
      vertex -11.4833 -3.48342 3
    endloop
  endfacet
  facet normal 0.941552 0.336869 0
    outer loop
      vertex -11.4833 -3.48342 2
      vertex -11.0866 -4.5922 3
      vertex -11.0866 -4.5922 2
    endloop
  endfacet
  facet normal 0.857709 -0.514135 0
    outer loop
      vertex -10.5831 5.65676 3
      vertex -9.97763 6.66684 2
      vertex -9.97763 6.66684 3
    endloop
  endfacet
  facet normal 0.857709 -0.514135 0
    outer loop
      vertex -9.97763 6.66684 2
      vertex -10.5831 5.65676 3
      vertex -10.5831 5.65676 2
    endloop
  endfacet
  facet normal -0.903989 0.427556 0
    outer loop
      vertex 10.5831 -5.65676 2
      vertex 11.0866 -4.5922 3
      vertex 11.0866 -4.5922 2
    endloop
  endfacet
  facet normal -0.903989 0.427556 0
    outer loop
      vertex 11.0866 -4.5922 3
      vertex 10.5831 -5.65676 2
      vertex 10.5831 -5.65676 3
    endloop
  endfacet
  facet normal 0.336869 0.941552 -0
    outer loop
      vertex -3.48342 -11.4833 2
      vertex -4.5922 -11.0866 3
      vertex -3.48342 -11.4833 3
    endloop
  endfacet
  facet normal 0.336869 0.941552 0
    outer loop
      vertex -4.5922 -11.0866 3
      vertex -3.48342 -11.4833 2
      vertex -4.5922 -11.0866 2
    endloop
  endfacet
  facet normal -0.427556 0.903989 0
    outer loop
      vertex 5.65676 -10.5831 2
      vertex 4.5922 -11.0866 3
      vertex 5.65676 -10.5831 3
    endloop
  endfacet
  facet normal -0.427556 0.903989 0
    outer loop
      vertex 4.5922 -11.0866 3
      vertex 5.65676 -10.5831 2
      vertex 4.5922 -11.0866 2
    endloop
  endfacet
  facet normal -0.146737 -0.989176 0
    outer loop
      vertex 1.17621 11.9422 2
      vertex 2.34108 11.7694 3
      vertex 1.17621 11.9422 3
    endloop
  endfacet
  facet normal -0.146737 -0.989176 -0
    outer loop
      vertex 2.34108 11.7694 3
      vertex 1.17621 11.9422 2
      vertex 2.34108 11.7694 2
    endloop
  endfacet
  facet normal -0.998795 0.0490817 0
    outer loop
      vertex 11.9422 -1.17621 2
      vertex 12 0 3
      vertex 12 0 2
    endloop
  endfacet
  facet normal -0.998795 0.0490817 0
    outer loop
      vertex 12 0 3
      vertex 11.9422 -1.17621 2
      vertex 11.9422 -1.17621 3
    endloop
  endfacet
  facet normal -0.146737 0.989176 0
    outer loop
      vertex 2.34108 -11.7694 2
      vertex 1.17621 -11.9422 3
      vertex 2.34108 -11.7694 3
    endloop
  endfacet
  facet normal -0.146737 0.989176 0
    outer loop
      vertex 1.17621 -11.9422 3
      vertex 2.34108 -11.7694 2
      vertex 1.17621 -11.9422 2
    endloop
  endfacet
  facet normal 0.242947 0.97004 -0
    outer loop
      vertex -2.34108 -11.7694 2
      vertex -3.48342 -11.4833 3
      vertex -2.34108 -11.7694 3
    endloop
  endfacet
  facet normal 0.242947 0.97004 0
    outer loop
      vertex -3.48342 -11.4833 3
      vertex -2.34108 -11.7694 2
      vertex -3.48342 -11.4833 2
    endloop
  endfacet
  facet normal -0.857709 0.514135 0
    outer loop
      vertex 9.97763 -6.66684 2
      vertex 10.5831 -5.65676 3
      vertex 10.5831 -5.65676 2
    endloop
  endfacet
  facet normal -0.857709 0.514135 0
    outer loop
      vertex 10.5831 -5.65676 3
      vertex 9.97763 -6.66684 2
      vertex 9.97763 -6.66684 3
    endloop
  endfacet
  facet normal 0.740952 -0.671558 0
    outer loop
      vertex -9.27612 7.61272 3
      vertex -8.48528 8.48528 2
      vertex -8.48528 8.48528 3
    endloop
  endfacet
  facet normal 0.740952 -0.671558 0
    outer loop
      vertex -8.48528 8.48528 2
      vertex -9.27612 7.61272 3
      vertex -9.27612 7.61272 2
    endloop
  endfacet
  facet normal -0.941552 0.336869 0
    outer loop
      vertex 11.0866 -4.5922 2
      vertex 11.4833 -3.48342 3
      vertex 11.4833 -3.48342 2
    endloop
  endfacet
  facet normal -0.941552 0.336869 0
    outer loop
      vertex 11.4833 -3.48342 3
      vertex 11.0866 -4.5922 2
      vertex 11.0866 -4.5922 3
    endloop
  endfacet
  facet normal -0.941552 -0.336869 0
    outer loop
      vertex 11.4833 3.48342 2
      vertex 11.0866 4.5922 3
      vertex 11.0866 4.5922 2
    endloop
  endfacet
  facet normal -0.941552 -0.336869 0
    outer loop
      vertex 11.0866 4.5922 3
      vertex 11.4833 3.48342 2
      vertex 11.4833 3.48342 3
    endloop
  endfacet
  facet normal -0.514135 -0.857709 0
    outer loop
      vertex 5.65676 10.5831 2
      vertex 6.66684 9.97763 3
      vertex 5.65676 10.5831 3
    endloop
  endfacet
  facet normal -0.514135 -0.857709 -0
    outer loop
      vertex 6.66684 9.97763 3
      vertex 5.65676 10.5831 2
      vertex 6.66684 9.97763 2
    endloop
  endfacet
  facet normal 0.97004 0.242947 0
    outer loop
      vertex -11.4833 -3.48342 3
      vertex -11.7694 -2.34108 2
      vertex -11.7694 -2.34108 3
    endloop
  endfacet
  facet normal 0.97004 0.242947 0
    outer loop
      vertex -11.7694 -2.34108 2
      vertex -11.4833 -3.48342 3
      vertex -11.4833 -3.48342 2
    endloop
  endfacet
  facet normal 0.514135 -0.857709 0
    outer loop
      vertex -6.66684 9.97763 2
      vertex -5.65676 10.5831 3
      vertex -6.66684 9.97763 3
    endloop
  endfacet
  facet normal 0.514135 -0.857709 0
    outer loop
      vertex -5.65676 10.5831 3
      vertex -6.66684 9.97763 2
      vertex -5.65676 10.5831 2
    endloop
  endfacet
  facet normal -0.740952 0.671558 0
    outer loop
      vertex 8.48528 -8.48528 2
      vertex 9.27612 -7.61272 3
      vertex 9.27612 -7.61272 2
    endloop
  endfacet
  facet normal -0.740952 0.671558 0
    outer loop
      vertex 9.27612 -7.61272 3
      vertex 8.48528 -8.48528 2
      vertex 8.48528 -8.48528 3
    endloop
  endfacet
  facet normal 0.671558 0.740952 -0
    outer loop
      vertex -7.61272 -9.27612 2
      vertex -8.48528 -8.48528 3
      vertex -7.61272 -9.27612 3
    endloop
  endfacet
  facet normal 0.671558 0.740952 0
    outer loop
      vertex -8.48528 -8.48528 3
      vertex -7.61272 -9.27612 2
      vertex -8.48528 -8.48528 2
    endloop
  endfacet
  facet normal 0.989176 -0.146737 0
    outer loop
      vertex -11.9422 1.17621 3
      vertex -11.7694 2.34108 2
      vertex -11.7694 2.34108 3
    endloop
  endfacet
  facet normal 0.989176 -0.146737 0
    outer loop
      vertex -11.7694 2.34108 2
      vertex -11.9422 1.17621 3
      vertex -11.9422 1.17621 2
    endloop
  endfacet
  facet normal -0.903989 -0.427556 0
    outer loop
      vertex 11.0866 4.5922 2
      vertex 10.5831 5.65676 3
      vertex 10.5831 5.65676 2
    endloop
  endfacet
  facet normal -0.903989 -0.427556 0
    outer loop
      vertex 10.5831 5.65676 3
      vertex 11.0866 4.5922 2
      vertex 11.0866 4.5922 3
    endloop
  endfacet
  facet normal 0.427556 -0.903989 0
    outer loop
      vertex -5.65676 10.5831 2
      vertex -4.5922 11.0866 3
      vertex -5.65676 10.5831 3
    endloop
  endfacet
  facet normal 0.427556 -0.903989 0
    outer loop
      vertex -4.5922 11.0866 3
      vertex -5.65676 10.5831 2
      vertex -4.5922 11.0866 2
    endloop
  endfacet
  facet normal -0.803209 0.595698 0
    outer loop
      vertex 9.27612 -7.61272 2
      vertex 9.97763 -6.66684 3
      vertex 9.97763 -6.66684 2
    endloop
  endfacet
  facet normal -0.803209 0.595698 0
    outer loop
      vertex 9.97763 -6.66684 3
      vertex 9.27612 -7.61272 2
      vertex 9.27612 -7.61272 3
    endloop
  endfacet
  facet normal 0.857709 0.514135 0
    outer loop
      vertex -9.97763 -6.66684 3
      vertex -10.5831 -5.65676 2
      vertex -10.5831 -5.65676 3
    endloop
  endfacet
  facet normal 0.857709 0.514135 0
    outer loop
      vertex -10.5831 -5.65676 2
      vertex -9.97763 -6.66684 3
      vertex -9.97763 -6.66684 2
    endloop
  endfacet
  facet normal 0.803209 0.595698 0
    outer loop
      vertex -9.27612 -7.61272 3
      vertex -9.97763 -6.66684 2
      vertex -9.97763 -6.66684 3
    endloop
  endfacet
  facet normal 0.803209 0.595698 0
    outer loop
      vertex -9.97763 -6.66684 2
      vertex -9.27612 -7.61272 3
      vertex -9.27612 -7.61272 2
    endloop
  endfacet
  facet normal 0.903989 -0.427556 0
    outer loop
      vertex -11.0866 4.5922 3
      vertex -10.5831 5.65676 2
      vertex -10.5831 5.65676 3
    endloop
  endfacet
  facet normal 0.903989 -0.427556 0
    outer loop
      vertex -10.5831 5.65676 2
      vertex -11.0866 4.5922 3
      vertex -11.0866 4.5922 2
    endloop
  endfacet
  facet normal 0.0490817 -0.998795 0
    outer loop
      vertex -1.17621 11.9422 2
      vertex 0 12 3
      vertex -1.17621 11.9422 3
    endloop
  endfacet
  facet normal 0.0490817 -0.998795 0
    outer loop
      vertex 0 12 3
      vertex -1.17621 11.9422 2
      vertex 0 12 2
    endloop
  endfacet
  facet normal 0.427556 0.903989 -0
    outer loop
      vertex -4.5922 -11.0866 2
      vertex -5.65676 -10.5831 3
      vertex -4.5922 -11.0866 3
    endloop
  endfacet
  facet normal 0.427556 0.903989 0
    outer loop
      vertex -5.65676 -10.5831 3
      vertex -4.5922 -11.0866 2
      vertex -5.65676 -10.5831 2
    endloop
  endfacet
  facet normal -0.595698 0.803209 0
    outer loop
      vertex 7.61272 -9.27612 2
      vertex 6.66684 -9.97763 3
      vertex 7.61272 -9.27612 3
    endloop
  endfacet
  facet normal -0.595698 0.803209 0
    outer loop
      vertex 6.66684 -9.97763 3
      vertex 7.61272 -9.27612 2
      vertex 6.66684 -9.97763 2
    endloop
  endfacet
  facet normal 0.146737 -0.989176 0
    outer loop
      vertex -2.34108 11.7694 2
      vertex -1.17621 11.9422 3
      vertex -2.34108 11.7694 3
    endloop
  endfacet
  facet normal 0.146737 -0.989176 0
    outer loop
      vertex -1.17621 11.9422 3
      vertex -2.34108 11.7694 2
      vertex -1.17621 11.9422 2
    endloop
  endfacet
  facet normal 0.989176 0.146737 0
    outer loop
      vertex -11.7694 -2.34108 3
      vertex -11.9422 -1.17621 2
      vertex -11.9422 -1.17621 3
    endloop
  endfacet
  facet normal 0.989176 0.146737 0
    outer loop
      vertex -11.9422 -1.17621 2
      vertex -11.7694 -2.34108 3
      vertex -11.7694 -2.34108 2
    endloop
  endfacet
  facet normal -0.336869 0.941552 0
    outer loop
      vertex 4.5922 -11.0866 2
      vertex 3.48342 -11.4833 3
      vertex 4.5922 -11.0866 3
    endloop
  endfacet
  facet normal -0.336869 0.941552 0
    outer loop
      vertex 3.48342 -11.4833 3
      vertex 4.5922 -11.0866 2
      vertex 3.48342 -11.4833 2
    endloop
  endfacet
  facet normal -0.242947 0.97004 0
    outer loop
      vertex 3.48342 -11.4833 2
      vertex 2.34108 -11.7694 3
      vertex 3.48342 -11.4833 3
    endloop
  endfacet
  facet normal -0.242947 0.97004 0
    outer loop
      vertex 2.34108 -11.7694 3
      vertex 3.48342 -11.4833 2
      vertex 2.34108 -11.7694 2
    endloop
  endfacet
  facet normal 0.903989 0.427556 0
    outer loop
      vertex -10.5831 -5.65676 3
      vertex -11.0866 -4.5922 2
      vertex -11.0866 -4.5922 3
    endloop
  endfacet
  facet normal 0.903989 0.427556 0
    outer loop
      vertex -11.0866 -4.5922 2
      vertex -10.5831 -5.65676 3
      vertex -10.5831 -5.65676 2
    endloop
  endfacet
  facet normal 0.740952 0.671558 0
    outer loop
      vertex -8.48528 -8.48528 3
      vertex -9.27612 -7.61272 2
      vertex -9.27612 -7.61272 3
    endloop
  endfacet
  facet normal 0.740952 0.671558 0
    outer loop
      vertex -9.27612 -7.61272 2
      vertex -8.48528 -8.48528 3
      vertex -8.48528 -8.48528 2
    endloop
  endfacet
  facet normal 0.595698 0.803209 -0
    outer loop
      vertex -6.66684 -9.97763 2
      vertex -7.61272 -9.27612 3
      vertex -6.66684 -9.97763 3
    endloop
  endfacet
  facet normal 0.595698 0.803209 0
    outer loop
      vertex -7.61272 -9.27612 3
      vertex -6.66684 -9.97763 2
      vertex -7.61272 -9.27612 2
    endloop
  endfacet
  facet normal 0.0490817 0.998795 -0
    outer loop
      vertex 0 -12 2
      vertex -1.17621 -11.9422 3
      vertex 0 -12 3
    endloop
  endfacet
  facet normal 0.0490817 0.998795 0
    outer loop
      vertex -1.17621 -11.9422 3
      vertex 0 -12 2
      vertex -1.17621 -11.9422 2
    endloop
  endfacet
  facet normal 0.998795 -0.0490817 0
    outer loop
      vertex -12 0 3
      vertex -11.9422 1.17621 2
      vertex -11.9422 1.17621 3
    endloop
  endfacet
  facet normal 0.998795 -0.0490817 0
    outer loop
      vertex -11.9422 1.17621 2
      vertex -12 0 3
      vertex -12 0 2
    endloop
  endfacet
  facet normal -0.671558 0.740952 0
    outer loop
      vertex 8.48528 -8.48528 2
      vertex 7.61272 -9.27612 3
      vertex 8.48528 -8.48528 3
    endloop
  endfacet
  facet normal -0.671558 0.740952 0
    outer loop
      vertex 7.61272 -9.27612 3
      vertex 8.48528 -8.48528 2
      vertex 7.61272 -9.27612 2
    endloop
  endfacet
endsolid OpenSCAD_Model
