solid OpenSCAD_Model
  facet normal 0.146736 0.989176 -0
    outer loop
      vertex 1.17054 5.88471 2
      vertex 0.588102 5.97111 40
      vertex 1.17054 5.88471 40
    endloop
  endfacet
  facet normal 0.146736 0.989176 0
    outer loop
      vertex 0.588102 5.97111 40
      vertex 1.17054 5.88471 2
      vertex 0.588102 5.97111 2
    endloop
  endfacet
  facet normal 0.989176 0.146736 0
    outer loop
      vertex 5.97111 0.588102 40
      vertex 5.88471 1.17054 2
      vertex 5.88471 1.17054 40
    endloop
  endfacet
  facet normal 0.989176 0.146736 0
    outer loop
      vertex 5.88471 1.17054 2
      vertex 5.97111 0.588102 40
      vertex 5.97111 0.588102 2
    endloop
  endfacet
  facet normal 0.998796 0.049065 0
    outer loop
      vertex 6 0 40
      vertex 5.97111 0.588102 2
      vertex 5.97111 0.588102 40
    endloop
  endfacet
  facet normal 0.998796 0.049065 0
    outer loop
      vertex 5.97111 0.588102 2
      vertex 6 0 40
      vertex 6 0 2
    endloop
  endfacet
  facet normal 0.970032 0.242979 0
    outer loop
      vertex 5.88471 1.17054 40
      vertex 5.74164 1.74171 2
      vertex 5.74164 1.74171 40
    endloop
  endfacet
  facet normal 0.970032 0.242979 0
    outer loop
      vertex 5.74164 1.74171 2
      vertex 5.88471 1.17054 40
      vertex 5.88471 1.17054 2
    endloop
  endfacet
  facet normal 0.336884 -0.941546 0
    outer loop
      vertex 1.74171 -5.74164 2
      vertex 2.2961 -5.54328 40
      vertex 1.74171 -5.74164 40
    endloop
  endfacet
  facet normal 0.336884 -0.941546 0
    outer loop
      vertex 2.2961 -5.54328 40
      vertex 1.74171 -5.74164 2
      vertex 2.2961 -5.54328 2
    endloop
  endfacet
  facet normal 0.903989 -0.427556 0
    outer loop
      vertex 5.29153 -2.82838 40
      vertex 5.54328 -2.2961 2
      vertex 5.54328 -2.2961 40
    endloop
  endfacet
  facet normal 0.903989 -0.427556 0
    outer loop
      vertex 5.54328 -2.2961 2
      vertex 5.29153 -2.82838 40
      vertex 5.29153 -2.82838 2
    endloop
  endfacet
  facet normal 0.671558 0.740952 -0
    outer loop
      vertex 4.24264 4.24264 2
      vertex 3.80636 4.63806 40
      vertex 4.24264 4.24264 40
    endloop
  endfacet
  facet normal 0.671558 0.740952 0
    outer loop
      vertex 3.80636 4.63806 40
      vertex 4.24264 4.24264 2
      vertex 3.80636 4.63806 2
    endloop
  endfacet
  facet normal -0.740952 0.671558 0
    outer loop
      vertex -4.63806 3.80636 2
      vertex -4.24264 4.24264 40
      vertex -4.24264 4.24264 2
    endloop
  endfacet
  facet normal -0.740952 0.671558 0
    outer loop
      vertex -4.24264 4.24264 40
      vertex -4.63806 3.80636 2
      vertex -4.63806 3.80636 40
    endloop
  endfacet
  facet normal -0.146736 -0.989176 0
    outer loop
      vertex -1.17054 -5.88471 2
      vertex -0.588102 -5.97111 40
      vertex -1.17054 -5.88471 40
    endloop
  endfacet
  facet normal -0.146736 -0.989176 -0
    outer loop
      vertex -0.588102 -5.97111 40
      vertex -1.17054 -5.88471 2
      vertex -0.588102 -5.97111 2
    endloop
  endfacet
  facet normal 0.941546 0.336884 0
    outer loop
      vertex 5.74164 1.74171 40
      vertex 5.54328 2.2961 2
      vertex 5.54328 2.2961 40
    endloop
  endfacet
  facet normal 0.941546 0.336884 0
    outer loop
      vertex 5.54328 2.2961 2
      vertex 5.74164 1.74171 40
      vertex 5.74164 1.74171 2
    endloop
  endfacet
  facet normal -0.049065 0.998796 0
    outer loop
      vertex 0 6 2
      vertex -0.588102 5.97111 40
      vertex 0 6 40
    endloop
  endfacet
  facet normal -0.049065 0.998796 0
    outer loop
      vertex -0.588102 5.97111 40
      vertex 0 6 2
      vertex -0.588102 5.97111 2
    endloop
  endfacet
  facet normal 0.803204 0.595703 0
    outer loop
      vertex 4.98882 3.33342 40
      vertex 4.63806 3.80636 2
      vertex 4.63806 3.80636 40
    endloop
  endfacet
  facet normal 0.803204 0.595703 0
    outer loop
      vertex 4.63806 3.80636 2
      vertex 4.98882 3.33342 40
      vertex 4.98882 3.33342 2
    endloop
  endfacet
  facet normal 0.049065 -0.998796 0
    outer loop
      vertex 0 -6 2
      vertex 0.588102 -5.97111 40
      vertex 0 -6 40
    endloop
  endfacet
  facet normal 0.049065 -0.998796 0
    outer loop
      vertex 0.588102 -5.97111 40
      vertex 0 -6 2
      vertex 0.588102 -5.97111 2
    endloop
  endfacet
  facet normal 0.049065 0.998796 -0
    outer loop
      vertex 0.588102 5.97111 2
      vertex 0 6 40
      vertex 0.588102 5.97111 40
    endloop
  endfacet
  facet normal 0.049065 0.998796 0
    outer loop
      vertex 0 6 40
      vertex 0.588102 5.97111 2
      vertex 0 6 2
    endloop
  endfacet
  facet normal 0.857728 -0.514104 0
    outer loop
      vertex 4.98882 -3.33342 40
      vertex 5.29153 -2.82838 2
      vertex 5.29153 -2.82838 40
    endloop
  endfacet
  facet normal 0.857728 -0.514104 0
    outer loop
      vertex 5.29153 -2.82838 2
      vertex 4.98882 -3.33342 40
      vertex 4.98882 -3.33342 2
    endloop
  endfacet
  facet normal -0.595703 -0.803204 0
    outer loop
      vertex -3.80636 -4.63806 2
      vertex -3.33342 -4.98882 40
      vertex -3.80636 -4.63806 40
    endloop
  endfacet
  facet normal -0.595703 -0.803204 -0
    outer loop
      vertex -3.33342 -4.98882 40
      vertex -3.80636 -4.63806 2
      vertex -3.33342 -4.98882 2
    endloop
  endfacet
  facet normal -0.857728 0.514104 0
    outer loop
      vertex -5.29153 2.82838 2
      vertex -4.98882 3.33342 40
      vertex -4.98882 3.33342 2
    endloop
  endfacet
  facet normal -0.857728 0.514104 0
    outer loop
      vertex -4.98882 3.33342 40
      vertex -5.29153 2.82838 2
      vertex -5.29153 2.82838 40
    endloop
  endfacet
  facet normal -0.242979 -0.970032 0
    outer loop
      vertex -1.74171 -5.74164 2
      vertex -1.17054 -5.88471 40
      vertex -1.74171 -5.74164 40
    endloop
  endfacet
  facet normal -0.242979 -0.970032 -0
    outer loop
      vertex -1.17054 -5.88471 40
      vertex -1.74171 -5.74164 2
      vertex -1.17054 -5.88471 2
    endloop
  endfacet
  facet normal 0.857728 0.514104 0
    outer loop
      vertex 5.29153 2.82838 40
      vertex 4.98882 3.33342 2
      vertex 4.98882 3.33342 40
    endloop
  endfacet
  facet normal 0.857728 0.514104 0
    outer loop
      vertex 4.98882 3.33342 2
      vertex 5.29153 2.82838 40
      vertex 5.29153 2.82838 2
    endloop
  endfacet
  facet normal -0.998796 -0.049065 0
    outer loop
      vertex -5.97111 -0.588102 2
      vertex -6 0 40
      vertex -6 0 2
    endloop
  endfacet
  facet normal -0.998796 -0.049065 0
    outer loop
      vertex -6 0 40
      vertex -5.97111 -0.588102 2
      vertex -5.97111 -0.588102 40
    endloop
  endfacet
  facet normal 0.903989 0.427556 0
    outer loop
      vertex 5.54328 2.2961 40
      vertex 5.29153 2.82838 2
      vertex 5.29153 2.82838 40
    endloop
  endfacet
  facet normal 0.903989 0.427556 0
    outer loop
      vertex 5.29153 2.82838 2
      vertex 5.54328 2.2961 40
      vertex 5.54328 2.2961 2
    endloop
  endfacet
  facet normal 0.970032 -0.242979 0
    outer loop
      vertex 5.74164 -1.74171 40
      vertex 5.88471 -1.17054 2
      vertex 5.88471 -1.17054 40
    endloop
  endfacet
  facet normal 0.970032 -0.242979 0
    outer loop
      vertex 5.88471 -1.17054 2
      vertex 5.74164 -1.74171 40
      vertex 5.74164 -1.74171 2
    endloop
  endfacet
  facet normal -0.970032 0.242979 0
    outer loop
      vertex -5.88471 1.17054 2
      vertex -5.74164 1.74171 40
      vertex -5.74164 1.74171 2
    endloop
  endfacet
  facet normal -0.970032 0.242979 0
    outer loop
      vertex -5.74164 1.74171 40
      vertex -5.88471 1.17054 2
      vertex -5.88471 1.17054 40
    endloop
  endfacet
  facet normal -0.427556 -0.903989 0
    outer loop
      vertex -2.82838 -5.29153 2
      vertex -2.2961 -5.54328 40
      vertex -2.82838 -5.29153 40
    endloop
  endfacet
  facet normal -0.427556 -0.903989 -0
    outer loop
      vertex -2.2961 -5.54328 40
      vertex -2.82838 -5.29153 2
      vertex -2.2961 -5.54328 2
    endloop
  endfacet
  facet normal -0.970032 -0.242979 0
    outer loop
      vertex -5.74164 -1.74171 2
      vertex -5.88471 -1.17054 40
      vertex -5.88471 -1.17054 2
    endloop
  endfacet
  facet normal -0.970032 -0.242979 0
    outer loop
      vertex -5.88471 -1.17054 40
      vertex -5.74164 -1.74171 2
      vertex -5.74164 -1.74171 40
    endloop
  endfacet
  facet normal 0.336884 0.941546 -0
    outer loop
      vertex 2.2961 5.54328 2
      vertex 1.74171 5.74164 40
      vertex 2.2961 5.54328 40
    endloop
  endfacet
  facet normal 0.336884 0.941546 0
    outer loop
      vertex 1.74171 5.74164 40
      vertex 2.2961 5.54328 2
      vertex 1.74171 5.74164 2
    endloop
  endfacet
  facet normal 0.989176 -0.146736 0
    outer loop
      vertex 5.88471 -1.17054 40
      vertex 5.97111 -0.588102 2
      vertex 5.97111 -0.588102 40
    endloop
  endfacet
  facet normal 0.989176 -0.146736 0
    outer loop
      vertex 5.97111 -0.588102 2
      vertex 5.88471 -1.17054 40
      vertex 5.88471 -1.17054 2
    endloop
  endfacet
  facet normal -0.146736 0.989176 0
    outer loop
      vertex -0.588102 5.97111 2
      vertex -1.17054 5.88471 40
      vertex -0.588102 5.97111 40
    endloop
  endfacet
  facet normal -0.146736 0.989176 0
    outer loop
      vertex -1.17054 5.88471 40
      vertex -0.588102 5.97111 2
      vertex -1.17054 5.88471 2
    endloop
  endfacet
  facet normal 0.427556 -0.903989 0
    outer loop
      vertex 2.2961 -5.54328 2
      vertex 2.82838 -5.29153 40
      vertex 2.2961 -5.54328 40
    endloop
  endfacet
  facet normal 0.427556 -0.903989 0
    outer loop
      vertex 2.82838 -5.29153 40
      vertex 2.2961 -5.54328 2
      vertex 2.82838 -5.29153 2
    endloop
  endfacet
  facet normal -0.671558 0.740952 0
    outer loop
      vertex -3.80636 4.63806 2
      vertex -4.24264 4.24264 40
      vertex -3.80636 4.63806 40
    endloop
  endfacet
  facet normal -0.671558 0.740952 0
    outer loop
      vertex -4.24264 4.24264 40
      vertex -3.80636 4.63806 2
      vertex -4.24264 4.24264 2
    endloop
  endfacet
  facet normal 0 0 -1
    outer loop
      vertex 2.6 0 0
      vertex 8 0 0
      vertex 7.96148 -0.784137 0
    endloop
  endfacet
  facet normal 0 0 -1
    outer loop
      vertex 2.58748 -0.254844 0
      vertex 7.96148 -0.784137 0
      vertex 7.84628 -1.56072 0
    endloop
  endfacet
  facet normal 0 0 -1
    outer loop
      vertex 8 0 0
      vertex 2.6 0 0
      vertex 7.96148 0.784137 0
    endloop
  endfacet
  facet normal 0 0 -1
    outer loop
      vertex 2.55004 -0.507235 0
      vertex 7.84628 -1.56072 0
      vertex 7.65552 -2.32228 0
    endloop
  endfacet
  facet normal 0 0 -1
    outer loop
      vertex 2.58748 0.254844 0
      vertex 7.96148 0.784137 0
      vertex 2.6 0 0
    endloop
  endfacet
  facet normal 0 0 -1
    outer loop
      vertex 2.48804 -0.75474 0
      vertex 7.65552 -2.32228 0
      vertex 7.39104 -3.06147 0
    endloop
  endfacet
  facet normal -0 0 -1
    outer loop
      vertex 7.96148 0.784137 0
      vertex 2.58748 0.254844 0
      vertex 7.84628 1.56072 0
    endloop
  endfacet
  facet normal 0 0 -1
    outer loop
      vertex 2.40209 -0.994976 0
      vertex 7.39104 -3.06147 0
      vertex 7.05537 -3.77117 0
    endloop
  endfacet
  facet normal 0 0 -1
    outer loop
      vertex 2.55004 0.507235 0
      vertex 7.84628 1.56072 0
      vertex 2.58748 0.254844 0
    endloop
  endfacet
  facet normal 0 0 -1
    outer loop
      vertex 2.29299 -1.22563 0
      vertex 7.05537 -3.77117 0
      vertex 6.65176 -4.44456 0
    endloop
  endfacet
  facet normal -0 0 -1
    outer loop
      vertex 7.84628 1.56072 0
      vertex 2.55004 0.507235 0
      vertex 7.65552 2.32228 0
    endloop
  endfacet
  facet normal 0 0 -1
    outer loop
      vertex 2.16182 -1.44448 0
      vertex 6.65176 -4.44456 0
      vertex 6.18408 -5.07515 0
    endloop
  endfacet
  facet normal 0 0 -1
    outer loop
      vertex 2.48804 0.75474 0
      vertex 7.65552 2.32228 0
      vertex 2.55004 0.507235 0
    endloop
  endfacet
  facet normal 0 0 -1
    outer loop
      vertex 2.00983 -1.64942 0
      vertex 6.18408 -5.07515 0
      vertex 5.65685 -5.65685 0
    endloop
  endfacet
  facet normal -0 0 -1
    outer loop
      vertex 7.65552 2.32228 0
      vertex 2.48804 0.75474 0
      vertex 7.39104 3.06147 0
    endloop
  endfacet
  facet normal 0 0 -1
    outer loop
      vertex 1.83848 -1.83848 0
      vertex 5.65685 -5.65685 0
      vertex 5.07515 -6.18408 0
    endloop
  endfacet
  facet normal 0 0 -1
    outer loop
      vertex 2.40209 0.994976 0
      vertex 7.39104 3.06147 0
      vertex 2.48804 0.75474 0
    endloop
  endfacet
  facet normal 0 0 -1
    outer loop
      vertex 1.64942 -2.00983 0
      vertex 5.07515 -6.18408 0
      vertex 4.44456 -6.65176 0
    endloop
  endfacet
  facet normal -0 0 -1
    outer loop
      vertex 7.39104 3.06147 0
      vertex 2.40209 0.994976 0
      vertex 7.05537 3.77117 0
    endloop
  endfacet
  facet normal 0 0 -1
    outer loop
      vertex 1.44448 -2.16182 0
      vertex 4.44456 -6.65176 0
      vertex 3.77117 -7.05537 0
    endloop
  endfacet
  facet normal 0 0 -1
    outer loop
      vertex 2.29299 1.22563 0
      vertex 7.05537 3.77117 0
      vertex 2.40209 0.994976 0
    endloop
  endfacet
  facet normal 0 0 -1
    outer loop
      vertex 1.22563 -2.29299 0
      vertex 3.77117 -7.05537 0
      vertex 3.06147 -7.39104 0
    endloop
  endfacet
  facet normal -0 0 -1
    outer loop
      vertex 7.05537 3.77117 0
      vertex 2.29299 1.22563 0
      vertex 6.65176 4.44456 0
    endloop
  endfacet
  facet normal 0 0 -1
    outer loop
      vertex 2.16182 1.44448 0
      vertex 6.65176 4.44456 0
      vertex 2.29299 1.22563 0
    endloop
  endfacet
  facet normal 0 0 -1
    outer loop
      vertex 7.96148 -0.784137 0
      vertex 2.58748 -0.254844 0
      vertex 2.6 0 0
    endloop
  endfacet
  facet normal 0 0 -1
    outer loop
      vertex 7.84628 -1.56072 0
      vertex 2.55004 -0.507235 0
      vertex 2.58748 -0.254844 0
    endloop
  endfacet
  facet normal 0 0 -1
    outer loop
      vertex 7.65552 -2.32228 0
      vertex 2.48804 -0.75474 0
      vertex 2.55004 -0.507235 0
    endloop
  endfacet
  facet normal 0 0 -1
    outer loop
      vertex 7.39104 -3.06147 0
      vertex 2.40209 -0.994976 0
      vertex 2.48804 -0.75474 0
    endloop
  endfacet
  facet normal 0 0 -1
    outer loop
      vertex 0.994976 -2.40209 0
      vertex 3.06147 -7.39104 0
      vertex 2.32228 -7.65552 0
    endloop
  endfacet
  facet normal 0 0 -1
    outer loop
      vertex 7.05537 -3.77117 0
      vertex 2.29299 -1.22563 0
      vertex 2.40209 -0.994976 0
    endloop
  endfacet
  facet normal 0 0 -1
    outer loop
      vertex 6.65176 -4.44456 0
      vertex 2.16182 -1.44448 0
      vertex 2.29299 -1.22563 0
    endloop
  endfacet
  facet normal 0 0 -1
    outer loop
      vertex 6.18408 -5.07515 0
      vertex 2.00983 -1.64942 0
      vertex 2.16182 -1.44448 0
    endloop
  endfacet
  facet normal 0 0 -1
    outer loop
      vertex 5.65685 -5.65685 0
      vertex 1.83848 -1.83848 0
      vertex 2.00983 -1.64942 0
    endloop
  endfacet
  facet normal 0 0 -1
    outer loop
      vertex 5.07515 -6.18408 0
      vertex 1.64942 -2.00983 0
      vertex 1.83848 -1.83848 0
    endloop
  endfacet
  facet normal 0 0 -1
    outer loop
      vertex 0.75474 -2.48804 0
      vertex 2.32228 -7.65552 0
      vertex 1.56072 -7.84628 0
    endloop
  endfacet
  facet normal 0 0 -1
    outer loop
      vertex 4.44456 -6.65176 0
      vertex 1.44448 -2.16182 0
      vertex 1.64942 -2.00983 0
    endloop
  endfacet
  facet normal 0 0 -1
    outer loop
      vertex 3.77117 -7.05537 0
      vertex 1.22563 -2.29299 0
      vertex 1.44448 -2.16182 0
    endloop
  endfacet
  facet normal 0 0 -1
    outer loop
      vertex 3.06147 -7.39104 0
      vertex 0.994976 -2.40209 0
      vertex 1.22563 -2.29299 0
    endloop
  endfacet
  facet normal 0 0 -1
    outer loop
      vertex 0.507235 -2.55004 0
      vertex 1.56072 -7.84628 0
      vertex 0.784137 -7.96148 0
    endloop
  endfacet
  facet normal 0 0 -1
    outer loop
      vertex 2.32228 -7.65552 0
      vertex 0.75474 -2.48804 0
      vertex 0.994976 -2.40209 0
    endloop
  endfacet
  facet normal 0 0 -1
    outer loop
      vertex 1.56072 -7.84628 0
      vertex 0.507235 -2.55004 0
      vertex 0.75474 -2.48804 0
    endloop
  endfacet
  facet normal 0 0 -1
    outer loop
      vertex 0.784137 -7.96148 0
      vertex 0.254844 -2.58748 0
      vertex 0.507235 -2.55004 0
    endloop
  endfacet
  facet normal 0 0 -1
    outer loop
      vertex 0 -8 0
      vertex 0.254844 -2.58748 0
      vertex 0.784137 -7.96148 0
    endloop
  endfacet
  facet normal 0 0 -1
    outer loop
      vertex 0 -8 0
      vertex 0 -2.6 0
      vertex 0.254844 -2.58748 0
    endloop
  endfacet
  facet normal 0 0 -1
    outer loop
      vertex 0 -8 0
      vertex -0.254844 -2.58748 0
      vertex 0 -2.6 0
    endloop
  endfacet
  facet normal 0 0 -1
    outer loop
      vertex -0.784137 -7.96148 0
      vertex -0.254844 -2.58748 0
      vertex 0 -8 0
    endloop
  endfacet
  facet normal -0 0 -1
    outer loop
      vertex -0.254844 -2.58748 0
      vertex -0.784137 -7.96148 0
      vertex -0.507235 -2.55004 0
    endloop
  endfacet
  facet normal 0 0 -1
    outer loop
      vertex -1.56072 -7.84628 0
      vertex -0.507235 -2.55004 0
      vertex -0.784137 -7.96148 0
    endloop
  endfacet
  facet normal -0 0 -1
    outer loop
      vertex -0.507235 -2.55004 0
      vertex -1.56072 -7.84628 0
      vertex -0.75474 -2.48804 0
    endloop
  endfacet
  facet normal 0 0 -1
    outer loop
      vertex -2.32228 -7.65552 0
      vertex -0.75474 -2.48804 0
      vertex -1.56072 -7.84628 0
    endloop
  endfacet
  facet normal -0 0 -1
    outer loop
      vertex -0.75474 -2.48804 0
      vertex -2.32228 -7.65552 0
      vertex -0.994976 -2.40209 0
    endloop
  endfacet
  facet normal 0 0 -1
    outer loop
      vertex -3.06147 -7.39104 0
      vertex -0.994976 -2.40209 0
      vertex -2.32228 -7.65552 0
    endloop
  endfacet
  facet normal -0 0 -1
    outer loop
      vertex -0.994976 -2.40209 0
      vertex -3.06147 -7.39104 0
      vertex -1.22563 -2.29299 0
    endloop
  endfacet
  facet normal 0 0 -1
    outer loop
      vertex -3.77117 -7.05537 0
      vertex -1.22563 -2.29299 0
      vertex -3.06147 -7.39104 0
    endloop
  endfacet
  facet normal -0 0 -1
    outer loop
      vertex -1.22563 -2.29299 0
      vertex -3.77117 -7.05537 0
      vertex -1.44448 -2.16182 0
    endloop
  endfacet
  facet normal 0 0 -1
    outer loop
      vertex -4.44456 -6.65176 0
      vertex -1.44448 -2.16182 0
      vertex -3.77117 -7.05537 0
    endloop
  endfacet
  facet normal -0 0 -1
    outer loop
      vertex -1.44448 -2.16182 0
      vertex -4.44456 -6.65176 0
      vertex -1.64942 -2.00983 0
    endloop
  endfacet
  facet normal 0 0 -1
    outer loop
      vertex -5.07515 -6.18408 0
      vertex -1.64942 -2.00983 0
      vertex -4.44456 -6.65176 0
    endloop
  endfacet
  facet normal -0 0 -1
    outer loop
      vertex -1.64942 -2.00983 0
      vertex -5.07515 -6.18408 0
      vertex -1.83848 -1.83848 0
    endloop
  endfacet
  facet normal 0 0 -1
    outer loop
      vertex -5.65685 -5.65685 0
      vertex -1.83848 -1.83848 0
      vertex -5.07515 -6.18408 0
    endloop
  endfacet
  facet normal -0 0 -1
    outer loop
      vertex -1.83848 -1.83848 0
      vertex -5.65685 -5.65685 0
      vertex -2.00983 -1.64942 0
    endloop
  endfacet
  facet normal 0 0 -1
    outer loop
      vertex -6.18408 -5.07515 0
      vertex -2.00983 -1.64942 0
      vertex -5.65685 -5.65685 0
    endloop
  endfacet
  facet normal -0 0 -1
    outer loop
      vertex -2.00983 -1.64942 0
      vertex -6.18408 -5.07515 0
      vertex -2.16182 -1.44448 0
    endloop
  endfacet
  facet normal 0 0 -1
    outer loop
      vertex -6.65176 -4.44456 0
      vertex -2.16182 -1.44448 0
      vertex -6.18408 -5.07515 0
    endloop
  endfacet
  facet normal -0 0 -1
    outer loop
      vertex 6.65176 4.44456 0
      vertex 2.16182 1.44448 0
      vertex 6.18408 5.07515 0
    endloop
  endfacet
  facet normal 0 0 -1
    outer loop
      vertex 2.00983 1.64942 0
      vertex 6.18408 5.07515 0
      vertex 2.16182 1.44448 0
    endloop
  endfacet
  facet normal -0 0 -1
    outer loop
      vertex 6.18408 5.07515 0
      vertex 2.00983 1.64942 0
      vertex 5.65685 5.65685 0
    endloop
  endfacet
  facet normal 0 0 -1
    outer loop
      vertex 1.83848 1.83848 0
      vertex 5.65685 5.65685 0
      vertex 2.00983 1.64942 0
    endloop
  endfacet
  facet normal -0 0 -1
    outer loop
      vertex 5.65685 5.65685 0
      vertex 1.83848 1.83848 0
      vertex 5.07515 6.18408 0
    endloop
  endfacet
  facet normal 0 0 -1
    outer loop
      vertex 1.64942 2.00983 0
      vertex 5.07515 6.18408 0
      vertex 1.83848 1.83848 0
    endloop
  endfacet
  facet normal -0 0 -1
    outer loop
      vertex 5.07515 6.18408 0
      vertex 1.64942 2.00983 0
      vertex 4.44456 6.65176 0
    endloop
  endfacet
  facet normal 0 0 -1
    outer loop
      vertex 1.44448 2.16182 0
      vertex 4.44456 6.65176 0
      vertex 1.64942 2.00983 0
    endloop
  endfacet
  facet normal -0 0 -1
    outer loop
      vertex 4.44456 6.65176 0
      vertex 1.44448 2.16182 0
      vertex 3.77117 7.05537 0
    endloop
  endfacet
  facet normal 0 0 -1
    outer loop
      vertex 1.22563 2.29299 0
      vertex 3.77117 7.05537 0
      vertex 1.44448 2.16182 0
    endloop
  endfacet
  facet normal -0 0 -1
    outer loop
      vertex 3.77117 7.05537 0
      vertex 1.22563 2.29299 0
      vertex 3.06147 7.39104 0
    endloop
  endfacet
  facet normal 0 0 -1
    outer loop
      vertex 0.994976 2.40209 0
      vertex 3.06147 7.39104 0
      vertex 1.22563 2.29299 0
    endloop
  endfacet
  facet normal -0 0 -1
    outer loop
      vertex 3.06147 7.39104 0
      vertex 0.994976 2.40209 0
      vertex 2.32228 7.65552 0
    endloop
  endfacet
  facet normal 0 0 -1
    outer loop
      vertex 0.75474 2.48804 0
      vertex 2.32228 7.65552 0
      vertex 0.994976 2.40209 0
    endloop
  endfacet
  facet normal -0 0 -1
    outer loop
      vertex 2.32228 7.65552 0
      vertex 0.75474 2.48804 0
      vertex 1.56072 7.84628 0
    endloop
  endfacet
  facet normal 0 0 -1
    outer loop
      vertex 0.507235 2.55004 0
      vertex 1.56072 7.84628 0
      vertex 0.75474 2.48804 0
    endloop
  endfacet
  facet normal -0 0 -1
    outer loop
      vertex 1.56072 7.84628 0
      vertex 0.507235 2.55004 0
      vertex 0.784137 7.96148 0
    endloop
  endfacet
  facet normal 0 0 -1
    outer loop
      vertex 0.254844 2.58748 0
      vertex 0.784137 7.96148 0
      vertex 0.507235 2.55004 0
    endloop
  endfacet
  facet normal 0 0 -1
    outer loop
      vertex 0 2.6 0
      vertex 0.784137 7.96148 0
      vertex 0.254844 2.58748 0
    endloop
  endfacet
  facet normal 0 0 -1
    outer loop
      vertex 0 2.6 0
      vertex 0 8 0
      vertex 0.784137 7.96148 0
    endloop
  endfacet
  facet normal 0 0 -1
    outer loop
      vertex -0.254844 2.58748 0
      vertex 0 8 0
      vertex 0 2.6 0
    endloop
  endfacet
  facet normal 0 0 -1
    outer loop
      vertex -0.784137 7.96148 0
      vertex -0.254844 2.58748 0
      vertex -0.507235 2.55004 0
    endloop
  endfacet
  facet normal 0 0 -1
    outer loop
      vertex -1.56072 7.84628 0
      vertex -0.507235 2.55004 0
      vertex -0.75474 2.48804 0
    endloop
  endfacet
  facet normal 0 0 -1
    outer loop
      vertex -0.254844 2.58748 0
      vertex -0.784137 7.96148 0
      vertex 0 8 0
    endloop
  endfacet
  facet normal 0 0 -1
    outer loop
      vertex -2.32228 7.65552 0
      vertex -0.75474 2.48804 0
      vertex -0.994976 2.40209 0
    endloop
  endfacet
  facet normal 0 0 -1
    outer loop
      vertex -3.06147 7.39104 0
      vertex -0.994976 2.40209 0
      vertex -1.22563 2.29299 0
    endloop
  endfacet
  facet normal 0 0 -1
    outer loop
      vertex -3.77117 7.05537 0
      vertex -1.22563 2.29299 0
      vertex -1.44448 2.16182 0
    endloop
  endfacet
  facet normal 0 0 -1
    outer loop
      vertex -0.507235 2.55004 0
      vertex -1.56072 7.84628 0
      vertex -0.784137 7.96148 0
    endloop
  endfacet
  facet normal 0 0 -1
    outer loop
      vertex -4.44456 6.65176 0
      vertex -1.44448 2.16182 0
      vertex -1.64942 2.00983 0
    endloop
  endfacet
  facet normal 0 0 -1
    outer loop
      vertex -5.07515 6.18408 0
      vertex -1.64942 2.00983 0
      vertex -1.83848 1.83848 0
    endloop
  endfacet
  facet normal 0 0 -1
    outer loop
      vertex -5.65685 5.65685 0
      vertex -1.83848 1.83848 0
      vertex -2.00983 1.64942 0
    endloop
  endfacet
  facet normal 0 0 -1
    outer loop
      vertex -6.18408 5.07515 0
      vertex -2.00983 1.64942 0
      vertex -2.16182 1.44448 0
    endloop
  endfacet
  facet normal 0 0 -1
    outer loop
      vertex -6.65176 4.44456 0
      vertex -2.16182 1.44448 0
      vertex -2.29299 1.22563 0
    endloop
  endfacet
  facet normal 0 0 -1
    outer loop
      vertex -0.75474 2.48804 0
      vertex -2.32228 7.65552 0
      vertex -1.56072 7.84628 0
    endloop
  endfacet
  facet normal 0 0 -1
    outer loop
      vertex -7.05537 3.77117 0
      vertex -2.29299 1.22563 0
      vertex -2.40209 0.994976 0
    endloop
  endfacet
  facet normal 0 0 -1
    outer loop
      vertex -7.39104 3.06147 0
      vertex -2.40209 0.994976 0
      vertex -2.48804 0.75474 0
    endloop
  endfacet
  facet normal 0 0 -1
    outer loop
      vertex -7.65552 2.32228 0
      vertex -2.48804 0.75474 0
      vertex -2.55004 0.507235 0
    endloop
  endfacet
  facet normal 0 0 -1
    outer loop
      vertex -7.84628 1.56072 0
      vertex -2.55004 0.507235 0
      vertex -2.58748 0.254844 0
    endloop
  endfacet
  facet normal 0 0 -1
    outer loop
      vertex -7.96148 0.784137 0
      vertex -2.58748 0.254844 0
      vertex -2.6 0 0
    endloop
  endfacet
  facet normal -0 0 -1
    outer loop
      vertex -2.16182 -1.44448 0
      vertex -6.65176 -4.44456 0
      vertex -2.29299 -1.22563 0
    endloop
  endfacet
  facet normal 0 0 -1
    outer loop
      vertex -0.994976 2.40209 0
      vertex -3.06147 7.39104 0
      vertex -2.32228 7.65552 0
    endloop
  endfacet
  facet normal 0 0 -1
    outer loop
      vertex -7.05537 -3.77117 0
      vertex -2.29299 -1.22563 0
      vertex -6.65176 -4.44456 0
    endloop
  endfacet
  facet normal 0 0 -1
    outer loop
      vertex -1.22563 2.29299 0
      vertex -3.77117 7.05537 0
      vertex -3.06147 7.39104 0
    endloop
  endfacet
  facet normal -0 0 -1
    outer loop
      vertex -2.29299 -1.22563 0
      vertex -7.05537 -3.77117 0
      vertex -2.40209 -0.994976 0
    endloop
  endfacet
  facet normal 0 0 -1
    outer loop
      vertex -1.44448 2.16182 0
      vertex -4.44456 6.65176 0
      vertex -3.77117 7.05537 0
    endloop
  endfacet
  facet normal 0 0 -1
    outer loop
      vertex -7.39104 -3.06147 0
      vertex -2.40209 -0.994976 0
      vertex -7.05537 -3.77117 0
    endloop
  endfacet
  facet normal 0 0 -1
    outer loop
      vertex -1.64942 2.00983 0
      vertex -5.07515 6.18408 0
      vertex -4.44456 6.65176 0
    endloop
  endfacet
  facet normal -0 0 -1
    outer loop
      vertex -2.40209 -0.994976 0
      vertex -7.39104 -3.06147 0
      vertex -2.48804 -0.75474 0
    endloop
  endfacet
  facet normal 0 0 -1
    outer loop
      vertex -1.83848 1.83848 0
      vertex -5.65685 5.65685 0
      vertex -5.07515 6.18408 0
    endloop
  endfacet
  facet normal 0 0 -1
    outer loop
      vertex -7.65552 -2.32228 0
      vertex -2.48804 -0.75474 0
      vertex -7.39104 -3.06147 0
    endloop
  endfacet
  facet normal 0 0 -1
    outer loop
      vertex -2.00983 1.64942 0
      vertex -6.18408 5.07515 0
      vertex -5.65685 5.65685 0
    endloop
  endfacet
  facet normal -0 0 -1
    outer loop
      vertex -2.48804 -0.75474 0
      vertex -7.65552 -2.32228 0
      vertex -2.55004 -0.507235 0
    endloop
  endfacet
  facet normal 0 0 -1
    outer loop
      vertex -2.16182 1.44448 0
      vertex -6.65176 4.44456 0
      vertex -6.18408 5.07515 0
    endloop
  endfacet
  facet normal 0 0 -1
    outer loop
      vertex -7.84628 -1.56072 0
      vertex -2.55004 -0.507235 0
      vertex -7.65552 -2.32228 0
    endloop
  endfacet
  facet normal 0 0 -1
    outer loop
      vertex -2.29299 1.22563 0
      vertex -7.05537 3.77117 0
      vertex -6.65176 4.44456 0
    endloop
  endfacet
  facet normal -0 0 -1
    outer loop
      vertex -2.55004 -0.507235 0
      vertex -7.84628 -1.56072 0
      vertex -2.58748 -0.254844 0
    endloop
  endfacet
  facet normal 0 0 -1
    outer loop
      vertex -2.40209 0.994976 0
      vertex -7.39104 3.06147 0
      vertex -7.05537 3.77117 0
    endloop
  endfacet
  facet normal 0 0 -1
    outer loop
      vertex -7.96148 -0.784137 0
      vertex -2.58748 -0.254844 0
      vertex -7.84628 -1.56072 0
    endloop
  endfacet
  facet normal 0 0 -1
    outer loop
      vertex -2.48804 0.75474 0
      vertex -7.65552 2.32228 0
      vertex -7.39104 3.06147 0
    endloop
  endfacet
  facet normal -0 0 -1
    outer loop
      vertex -2.58748 -0.254844 0
      vertex -7.96148 -0.784137 0
      vertex -2.6 0 0
    endloop
  endfacet
  facet normal 0 0 -1
    outer loop
      vertex -2.55004 0.507235 0
      vertex -7.84628 1.56072 0
      vertex -7.65552 2.32228 0
    endloop
  endfacet
  facet normal 0 0 -1
    outer loop
      vertex -8 0 0
      vertex -2.6 0 0
      vertex -7.96148 -0.784137 0
    endloop
  endfacet
  facet normal 0 0 -1
    outer loop
      vertex -2.58748 0.254844 0
      vertex -7.96148 0.784137 0
      vertex -7.84628 1.56072 0
    endloop
  endfacet
  facet normal 0 0 -1
    outer loop
      vertex -2.6 0 0
      vertex -8 0 0
      vertex -7.96148 0.784137 0
    endloop
  endfacet
  facet normal -0.595703 0.803204 0
    outer loop
      vertex -3.33342 4.98882 2
      vertex -3.80636 4.63806 40
      vertex -3.33342 4.98882 40
    endloop
  endfacet
  facet normal -0.595703 0.803204 0
    outer loop
      vertex -3.80636 4.63806 40
      vertex -3.33342 4.98882 2
      vertex -3.80636 4.63806 2
    endloop
  endfacet
  facet normal 0.242979 0.970032 -0
    outer loop
      vertex 1.74171 5.74164 2
      vertex 1.17054 5.88471 40
      vertex 1.74171 5.74164 40
    endloop
  endfacet
  facet normal 0.242979 0.970032 0
    outer loop
      vertex 1.17054 5.88471 40
      vertex 1.74171 5.74164 2
      vertex 1.17054 5.88471 2
    endloop
  endfacet
  facet normal 0.998796 -0.049065 0
    outer loop
      vertex 5.97111 -0.588102 40
      vertex 6 0 2
      vertex 6 0 40
    endloop
  endfacet
  facet normal 0.998796 -0.049065 0
    outer loop
      vertex 6 0 2
      vertex 5.97111 -0.588102 40
      vertex 5.97111 -0.588102 2
    endloop
  endfacet
  facet normal -0.427556 0.903989 0
    outer loop
      vertex -2.2961 5.54328 2
      vertex -2.82838 5.29153 40
      vertex -2.2961 5.54328 40
    endloop
  endfacet
  facet normal -0.427556 0.903989 0
    outer loop
      vertex -2.82838 5.29153 40
      vertex -2.2961 5.54328 2
      vertex -2.82838 5.29153 2
    endloop
  endfacet
  facet normal -0.941546 -0.336884 0
    outer loop
      vertex -5.54328 -2.2961 2
      vertex -5.74164 -1.74171 40
      vertex -5.74164 -1.74171 2
    endloop
  endfacet
  facet normal -0.941546 -0.336884 0
    outer loop
      vertex -5.74164 -1.74171 40
      vertex -5.54328 -2.2961 2
      vertex -5.54328 -2.2961 40
    endloop
  endfacet
  facet normal 0.514104 0.857728 -0
    outer loop
      vertex 3.33342 4.98882 2
      vertex 2.82838 5.29153 40
      vertex 3.33342 4.98882 40
    endloop
  endfacet
  facet normal 0.514104 0.857728 0
    outer loop
      vertex 2.82838 5.29153 40
      vertex 3.33342 4.98882 2
      vertex 2.82838 5.29153 2
    endloop
  endfacet
  facet normal 0.595703 0.803204 -0
    outer loop
      vertex 3.80636 4.63806 2
      vertex 3.33342 4.98882 40
      vertex 3.80636 4.63806 40
    endloop
  endfacet
  facet normal 0.595703 0.803204 0
    outer loop
      vertex 3.33342 4.98882 40
      vertex 3.80636 4.63806 2
      vertex 3.33342 4.98882 2
    endloop
  endfacet
  facet normal 0.146736 -0.989176 0
    outer loop
      vertex 0.588102 -5.97111 2
      vertex 1.17054 -5.88471 40
      vertex 0.588102 -5.97111 40
    endloop
  endfacet
  facet normal 0.146736 -0.989176 0
    outer loop
      vertex 1.17054 -5.88471 40
      vertex 0.588102 -5.97111 2
      vertex 1.17054 -5.88471 2
    endloop
  endfacet
  facet normal 0.740952 -0.671558 0
    outer loop
      vertex 4.24264 -4.24264 40
      vertex 4.63806 -3.80636 2
      vertex 4.63806 -3.80636 40
    endloop
  endfacet
  facet normal 0.740952 -0.671558 0
    outer loop
      vertex 4.63806 -3.80636 2
      vertex 4.24264 -4.24264 40
      vertex 4.24264 -4.24264 2
    endloop
  endfacet
  facet normal 0.803204 -0.595703 0
    outer loop
      vertex 4.63806 -3.80636 40
      vertex 4.98882 -3.33342 2
      vertex 4.98882 -3.33342 40
    endloop
  endfacet
  facet normal 0.803204 -0.595703 0
    outer loop
      vertex 4.98882 -3.33342 2
      vertex 4.63806 -3.80636 40
      vertex 4.63806 -3.80636 2
    endloop
  endfacet
  facet normal 0.242979 -0.970032 0
    outer loop
      vertex 1.17054 -5.88471 2
      vertex 1.74171 -5.74164 40
      vertex 1.17054 -5.88471 40
    endloop
  endfacet
  facet normal 0.242979 -0.970032 0
    outer loop
      vertex 1.74171 -5.74164 40
      vertex 1.17054 -5.88471 2
      vertex 1.74171 -5.74164 2
    endloop
  endfacet
  facet normal 0.941546 -0.336884 0
    outer loop
      vertex 5.54328 -2.2961 40
      vertex 5.74164 -1.74171 2
      vertex 5.74164 -1.74171 40
    endloop
  endfacet
  facet normal 0.941546 -0.336884 0
    outer loop
      vertex 5.74164 -1.74171 2
      vertex 5.54328 -2.2961 40
      vertex 5.54328 -2.2961 2
    endloop
  endfacet
  facet normal -0.242979 0.970032 0
    outer loop
      vertex -1.17054 5.88471 2
      vertex -1.74171 5.74164 40
      vertex -1.17054 5.88471 40
    endloop
  endfacet
  facet normal -0.242979 0.970032 0
    outer loop
      vertex -1.74171 5.74164 40
      vertex -1.17054 5.88471 2
      vertex -1.74171 5.74164 2
    endloop
  endfacet
  facet normal -0.903989 -0.427556 0
    outer loop
      vertex -5.29153 -2.82838 2
      vertex -5.54328 -2.2961 40
      vertex -5.54328 -2.2961 2
    endloop
  endfacet
  facet normal -0.903989 -0.427556 0
    outer loop
      vertex -5.54328 -2.2961 40
      vertex -5.29153 -2.82838 2
      vertex -5.29153 -2.82838 40
    endloop
  endfacet
  facet normal -0.989176 0.146736 0
    outer loop
      vertex -5.97111 0.588102 2
      vertex -5.88471 1.17054 40
      vertex -5.88471 1.17054 2
    endloop
  endfacet
  facet normal -0.989176 0.146736 0
    outer loop
      vertex -5.88471 1.17054 40
      vertex -5.97111 0.588102 2
      vertex -5.97111 0.588102 40
    endloop
  endfacet
  facet normal 0.427556 0.903989 -0
    outer loop
      vertex 2.82838 5.29153 2
      vertex 2.2961 5.54328 40
      vertex 2.82838 5.29153 40
    endloop
  endfacet
  facet normal 0.427556 0.903989 0
    outer loop
      vertex 2.2961 5.54328 40
      vertex 2.82838 5.29153 2
      vertex 2.2961 5.54328 2
    endloop
  endfacet
  facet normal -0.740952 -0.671558 0
    outer loop
      vertex -4.24264 -4.24264 2
      vertex -4.63806 -3.80636 40
      vertex -4.63806 -3.80636 2
    endloop
  endfacet
  facet normal -0.740952 -0.671558 0
    outer loop
      vertex -4.63806 -3.80636 40
      vertex -4.24264 -4.24264 2
      vertex -4.24264 -4.24264 40
    endloop
  endfacet
  facet normal -0.857728 -0.514104 0
    outer loop
      vertex -4.98882 -3.33342 2
      vertex -5.29153 -2.82838 40
      vertex -5.29153 -2.82838 2
    endloop
  endfacet
  facet normal -0.857728 -0.514104 0
    outer loop
      vertex -5.29153 -2.82838 40
      vertex -4.98882 -3.33342 2
      vertex -4.98882 -3.33342 40
    endloop
  endfacet
  facet normal -0.336884 0.941546 0
    outer loop
      vertex -1.74171 5.74164 2
      vertex -2.2961 5.54328 40
      vertex -1.74171 5.74164 40
    endloop
  endfacet
  facet normal -0.336884 0.941546 0
    outer loop
      vertex -2.2961 5.54328 40
      vertex -1.74171 5.74164 2
      vertex -2.2961 5.54328 2
    endloop
  endfacet
  facet normal -0.514104 -0.857728 0
    outer loop
      vertex -3.33342 -4.98882 2
      vertex -2.82838 -5.29153 40
      vertex -3.33342 -4.98882 40
    endloop
  endfacet
  facet normal -0.514104 -0.857728 -0
    outer loop
      vertex -2.82838 -5.29153 40
      vertex -3.33342 -4.98882 2
      vertex -2.82838 -5.29153 2
    endloop
  endfacet
  facet normal -0.941546 0.336884 0
    outer loop
      vertex -5.74164 1.74171 2
      vertex -5.54328 2.2961 40
      vertex -5.54328 2.2961 2
    endloop
  endfacet
  facet normal -0.941546 0.336884 0
    outer loop
      vertex -5.54328 2.2961 40
      vertex -5.74164 1.74171 2
      vertex -5.74164 1.74171 40
    endloop
  endfacet
  facet normal 0.595703 -0.803204 0
    outer loop
      vertex 3.33342 -4.98882 2
      vertex 3.80636 -4.63806 40
      vertex 3.33342 -4.98882 40
    endloop
  endfacet
  facet normal 0.595703 -0.803204 0
    outer loop
      vertex 3.80636 -4.63806 40
      vertex 3.33342 -4.98882 2
      vertex 3.80636 -4.63806 2
    endloop
  endfacet
  facet normal 0.740952 0.671558 0
    outer loop
      vertex 4.63806 3.80636 40
      vertex 4.24264 4.24264 2
      vertex 4.24264 4.24264 40
    endloop
  endfacet
  facet normal 0.740952 0.671558 0
    outer loop
      vertex 4.24264 4.24264 2
      vertex 4.63806 3.80636 40
      vertex 4.63806 3.80636 2
    endloop
  endfacet
  facet normal -0.803204 -0.595703 0
    outer loop
      vertex -4.63806 -3.80636 2
      vertex -4.98882 -3.33342 40
      vertex -4.98882 -3.33342 2
    endloop
  endfacet
  facet normal -0.803204 -0.595703 0
    outer loop
      vertex -4.98882 -3.33342 40
      vertex -4.63806 -3.80636 2
      vertex -4.63806 -3.80636 40
    endloop
  endfacet
  facet normal -0.514104 0.857728 0
    outer loop
      vertex -2.82838 5.29153 2
      vertex -3.33342 4.98882 40
      vertex -2.82838 5.29153 40
    endloop
  endfacet
  facet normal -0.514104 0.857728 0
    outer loop
      vertex -3.33342 4.98882 40
      vertex -2.82838 5.29153 2
      vertex -3.33342 4.98882 2
    endloop
  endfacet
  facet normal -0.989176 -0.146736 0
    outer loop
      vertex -5.88471 -1.17054 2
      vertex -5.97111 -0.588102 40
      vertex -5.97111 -0.588102 2
    endloop
  endfacet
  facet normal -0.989176 -0.146736 0
    outer loop
      vertex -5.97111 -0.588102 40
      vertex -5.88471 -1.17054 2
      vertex -5.88471 -1.17054 40
    endloop
  endfacet
  facet normal -0.903989 0.427556 0
    outer loop
      vertex -5.54328 2.2961 2
      vertex -5.29153 2.82838 40
      vertex -5.29153 2.82838 2
    endloop
  endfacet
  facet normal -0.903989 0.427556 0
    outer loop
      vertex -5.29153 2.82838 40
      vertex -5.54328 2.2961 2
      vertex -5.54328 2.2961 40
    endloop
  endfacet
  facet normal 0.514104 -0.857728 0
    outer loop
      vertex 2.82838 -5.29153 2
      vertex 3.33342 -4.98882 40
      vertex 2.82838 -5.29153 40
    endloop
  endfacet
  facet normal 0.514104 -0.857728 0
    outer loop
      vertex 3.33342 -4.98882 40
      vertex 2.82838 -5.29153 2
      vertex 3.33342 -4.98882 2
    endloop
  endfacet
  facet normal -0.671558 -0.740952 0
    outer loop
      vertex -4.24264 -4.24264 2
      vertex -3.80636 -4.63806 40
      vertex -4.24264 -4.24264 40
    endloop
  endfacet
  facet normal -0.671558 -0.740952 -0
    outer loop
      vertex -3.80636 -4.63806 40
      vertex -4.24264 -4.24264 2
      vertex -3.80636 -4.63806 2
    endloop
  endfacet
  facet normal -0.803204 0.595703 0
    outer loop
      vertex -4.98882 3.33342 2
      vertex -4.63806 3.80636 40
      vertex -4.63806 3.80636 2
    endloop
  endfacet
  facet normal -0.803204 0.595703 0
    outer loop
      vertex -4.63806 3.80636 40
      vertex -4.98882 3.33342 2
      vertex -4.98882 3.33342 40
    endloop
  endfacet
  facet normal -0.049065 -0.998796 0
    outer loop
      vertex -0.588102 -5.97111 2
      vertex 0 -6 40
      vertex -0.588102 -5.97111 40
    endloop
  endfacet
  facet normal -0.049065 -0.998796 -0
    outer loop
      vertex 0 -6 40
      vertex -0.588102 -5.97111 2
      vertex 0 -6 2
    endloop
  endfacet
  facet normal 0 0 1
    outer loop
      vertex 2.6 0 40
      vertex 6 0 40
      vertex 5.97111 0.588102 40
    endloop
  endfacet
  facet normal 0 0 1
    outer loop
      vertex 2.58748 0.254844 40
      vertex 5.97111 0.588102 40
      vertex 5.88471 1.17054 40
    endloop
  endfacet
  facet normal 0 0 1
    outer loop
      vertex 6 0 40
      vertex 2.6 0 40
      vertex 5.97111 -0.588102 40
    endloop
  endfacet
  facet normal 0 0 1
    outer loop
      vertex 2.55004 0.507235 40
      vertex 5.88471 1.17054 40
      vertex 5.74164 1.74171 40
    endloop
  endfacet
  facet normal -0 0 1
    outer loop
      vertex 2.58748 -0.254844 40
      vertex 5.97111 -0.588102 40
      vertex 2.6 0 40
    endloop
  endfacet
  facet normal 0 0 1
    outer loop
      vertex 2.48804 0.75474 40
      vertex 5.74164 1.74171 40
      vertex 5.54328 2.2961 40
    endloop
  endfacet
  facet normal 0 0 1
    outer loop
      vertex 5.97111 -0.588102 40
      vertex 2.58748 -0.254844 40
      vertex 5.88471 -1.17054 40
    endloop
  endfacet
  facet normal 0 0 1
    outer loop
      vertex 2.40209 0.994976 40
      vertex 5.54328 2.2961 40
      vertex 5.29153 2.82838 40
    endloop
  endfacet
  facet normal -0 0 1
    outer loop
      vertex 2.55004 -0.507235 40
      vertex 5.88471 -1.17054 40
      vertex 2.58748 -0.254844 40
    endloop
  endfacet
  facet normal 0 0 1
    outer loop
      vertex 2.29299 1.22563 40
      vertex 5.29153 2.82838 40
      vertex 4.98882 3.33342 40
    endloop
  endfacet
  facet normal 0 0 1
    outer loop
      vertex 5.88471 -1.17054 40
      vertex 2.55004 -0.507235 40
      vertex 5.74164 -1.74171 40
    endloop
  endfacet
  facet normal 0 0 1
    outer loop
      vertex 2.16182 1.44448 40
      vertex 4.98882 3.33342 40
      vertex 4.63806 3.80636 40
    endloop
  endfacet
  facet normal -0 0 1
    outer loop
      vertex 2.48804 -0.75474 40
      vertex 5.74164 -1.74171 40
      vertex 2.55004 -0.507235 40
    endloop
  endfacet
  facet normal 0 0 1
    outer loop
      vertex 2.00983 1.64942 40
      vertex 4.63806 3.80636 40
      vertex 4.24264 4.24264 40
    endloop
  endfacet
  facet normal 0 0 1
    outer loop
      vertex 5.74164 -1.74171 40
      vertex 2.48804 -0.75474 40
      vertex 5.54328 -2.2961 40
    endloop
  endfacet
  facet normal 0 0 1
    outer loop
      vertex 1.83848 1.83848 40
      vertex 4.24264 4.24264 40
      vertex 3.80636 4.63806 40
    endloop
  endfacet
  facet normal -0 0 1
    outer loop
      vertex 2.40209 -0.994976 40
      vertex 5.54328 -2.2961 40
      vertex 2.48804 -0.75474 40
    endloop
  endfacet
  facet normal 0 0 1
    outer loop
      vertex 1.64942 2.00983 40
      vertex 3.80636 4.63806 40
      vertex 3.33342 4.98882 40
    endloop
  endfacet
  facet normal 0 0 1
    outer loop
      vertex 5.54328 -2.2961 40
      vertex 2.40209 -0.994976 40
      vertex 5.29153 -2.82838 40
    endloop
  endfacet
  facet normal 0 0 1
    outer loop
      vertex 1.44448 2.16182 40
      vertex 3.33342 4.98882 40
      vertex 2.82838 5.29153 40
    endloop
  endfacet
  facet normal -0 0 1
    outer loop
      vertex 2.29299 -1.22563 40
      vertex 5.29153 -2.82838 40
      vertex 2.40209 -0.994976 40
    endloop
  endfacet
  facet normal 0 0 1
    outer loop
      vertex 5.29153 -2.82838 40
      vertex 2.29299 -1.22563 40
      vertex 4.98882 -3.33342 40
    endloop
  endfacet
  facet normal 0 0 1
    outer loop
      vertex 5.97111 0.588102 40
      vertex 2.58748 0.254844 40
      vertex 2.6 0 40
    endloop
  endfacet
  facet normal 0 0 1
    outer loop
      vertex 5.88471 1.17054 40
      vertex 2.55004 0.507235 40
      vertex 2.58748 0.254844 40
    endloop
  endfacet
  facet normal 0 0 1
    outer loop
      vertex 5.74164 1.74171 40
      vertex 2.48804 0.75474 40
      vertex 2.55004 0.507235 40
    endloop
  endfacet
  facet normal 0 0 1
    outer loop
      vertex 5.54328 2.2961 40
      vertex 2.40209 0.994976 40
      vertex 2.48804 0.75474 40
    endloop
  endfacet
  facet normal 0 0 1
    outer loop
      vertex 1.22563 2.29299 40
      vertex 2.82838 5.29153 40
      vertex 2.2961 5.54328 40
    endloop
  endfacet
  facet normal 0 0 1
    outer loop
      vertex 5.29153 2.82838 40
      vertex 2.29299 1.22563 40
      vertex 2.40209 0.994976 40
    endloop
  endfacet
  facet normal 0 0 1
    outer loop
      vertex 4.98882 3.33342 40
      vertex 2.16182 1.44448 40
      vertex 2.29299 1.22563 40
    endloop
  endfacet
  facet normal 0 0 1
    outer loop
      vertex 4.63806 3.80636 40
      vertex 2.00983 1.64942 40
      vertex 2.16182 1.44448 40
    endloop
  endfacet
  facet normal 0 0 1
    outer loop
      vertex 4.24264 4.24264 40
      vertex 1.83848 1.83848 40
      vertex 2.00983 1.64942 40
    endloop
  endfacet
  facet normal 0 0 1
    outer loop
      vertex 0.994976 2.40209 40
      vertex 2.2961 5.54328 40
      vertex 1.74171 5.74164 40
    endloop
  endfacet
  facet normal 0 0 1
    outer loop
      vertex 3.80636 4.63806 40
      vertex 1.64942 2.00983 40
      vertex 1.83848 1.83848 40
    endloop
  endfacet
  facet normal 0 0 1
    outer loop
      vertex 3.33342 4.98882 40
      vertex 1.44448 2.16182 40
      vertex 1.64942 2.00983 40
    endloop
  endfacet
  facet normal 0 0 1
    outer loop
      vertex 2.82838 5.29153 40
      vertex 1.22563 2.29299 40
      vertex 1.44448 2.16182 40
    endloop
  endfacet
  facet normal 0 0 1
    outer loop
      vertex 0.75474 2.48804 40
      vertex 1.74171 5.74164 40
      vertex 1.17054 5.88471 40
    endloop
  endfacet
  facet normal 0 0 1
    outer loop
      vertex 2.2961 5.54328 40
      vertex 0.994976 2.40209 40
      vertex 1.22563 2.29299 40
    endloop
  endfacet
  facet normal 0 0 1
    outer loop
      vertex 1.74171 5.74164 40
      vertex 0.75474 2.48804 40
      vertex 0.994976 2.40209 40
    endloop
  endfacet
  facet normal 0 0 1
    outer loop
      vertex 0.507235 2.55004 40
      vertex 1.17054 5.88471 40
      vertex 0.588102 5.97111 40
    endloop
  endfacet
  facet normal 0 0 1
    outer loop
      vertex 1.17054 5.88471 40
      vertex 0.507235 2.55004 40
      vertex 0.75474 2.48804 40
    endloop
  endfacet
  facet normal 0 0 1
    outer loop
      vertex 0.588102 5.97111 40
      vertex 0.254844 2.58748 40
      vertex 0.507235 2.55004 40
    endloop
  endfacet
  facet normal 0 0 1
    outer loop
      vertex 0 6 40
      vertex 0.254844 2.58748 40
      vertex 0.588102 5.97111 40
    endloop
  endfacet
  facet normal 0 0 1
    outer loop
      vertex 0 6 40
      vertex 0 2.6 40
      vertex 0.254844 2.58748 40
    endloop
  endfacet
  facet normal 0 0 1
    outer loop
      vertex 0 6 40
      vertex -0.254844 2.58748 40
      vertex 0 2.6 40
    endloop
  endfacet
  facet normal -0 0 1
    outer loop
      vertex -0.588102 5.97111 40
      vertex -0.254844 2.58748 40
      vertex 0 6 40
    endloop
  endfacet
  facet normal 0 0 1
    outer loop
      vertex -0.254844 2.58748 40
      vertex -0.588102 5.97111 40
      vertex -0.507235 2.55004 40
    endloop
  endfacet
  facet normal -0 0 1
    outer loop
      vertex -1.17054 5.88471 40
      vertex -0.507235 2.55004 40
      vertex -0.588102 5.97111 40
    endloop
  endfacet
  facet normal 0 0 1
    outer loop
      vertex -0.507235 2.55004 40
      vertex -1.17054 5.88471 40
      vertex -0.75474 2.48804 40
    endloop
  endfacet
  facet normal -0 0 1
    outer loop
      vertex -1.74171 5.74164 40
      vertex -0.75474 2.48804 40
      vertex -1.17054 5.88471 40
    endloop
  endfacet
  facet normal 0 0 1
    outer loop
      vertex -0.75474 2.48804 40
      vertex -1.74171 5.74164 40
      vertex -0.994976 2.40209 40
    endloop
  endfacet
  facet normal -0 0 1
    outer loop
      vertex -2.2961 5.54328 40
      vertex -0.994976 2.40209 40
      vertex -1.74171 5.74164 40
    endloop
  endfacet
  facet normal 0 0 1
    outer loop
      vertex -0.994976 2.40209 40
      vertex -2.2961 5.54328 40
      vertex -1.22563 2.29299 40
    endloop
  endfacet
  facet normal -0 0 1
    outer loop
      vertex -2.82838 5.29153 40
      vertex -1.22563 2.29299 40
      vertex -2.2961 5.54328 40
    endloop
  endfacet
  facet normal 0 0 1
    outer loop
      vertex -1.22563 2.29299 40
      vertex -2.82838 5.29153 40
      vertex -1.44448 2.16182 40
    endloop
  endfacet
  facet normal -0 0 1
    outer loop
      vertex -3.33342 4.98882 40
      vertex -1.44448 2.16182 40
      vertex -2.82838 5.29153 40
    endloop
  endfacet
  facet normal 0 0 1
    outer loop
      vertex -1.44448 2.16182 40
      vertex -3.33342 4.98882 40
      vertex -1.64942 2.00983 40
    endloop
  endfacet
  facet normal -0 0 1
    outer loop
      vertex -3.80636 4.63806 40
      vertex -1.64942 2.00983 40
      vertex -3.33342 4.98882 40
    endloop
  endfacet
  facet normal 0 0 1
    outer loop
      vertex -1.64942 2.00983 40
      vertex -3.80636 4.63806 40
      vertex -1.83848 1.83848 40
    endloop
  endfacet
  facet normal -0 0 1
    outer loop
      vertex -4.24264 4.24264 40
      vertex -1.83848 1.83848 40
      vertex -3.80636 4.63806 40
    endloop
  endfacet
  facet normal 0 0 1
    outer loop
      vertex -1.83848 1.83848 40
      vertex -4.24264 4.24264 40
      vertex -2.00983 1.64942 40
    endloop
  endfacet
  facet normal -0 0 1
    outer loop
      vertex -4.63806 3.80636 40
      vertex -2.00983 1.64942 40
      vertex -4.24264 4.24264 40
    endloop
  endfacet
  facet normal 0 0 1
    outer loop
      vertex -2.00983 1.64942 40
      vertex -4.63806 3.80636 40
      vertex -2.16182 1.44448 40
    endloop
  endfacet
  facet normal 0 0 1
    outer loop
      vertex -2.16182 1.44448 40
      vertex -4.98882 3.33342 40
      vertex -2.29299 1.22563 40
    endloop
  endfacet
  facet normal -0 0 1
    outer loop
      vertex -4.98882 3.33342 40
      vertex -2.16182 1.44448 40
      vertex -4.63806 3.80636 40
    endloop
  endfacet
  facet normal -0 0 1
    outer loop
      vertex 2.16182 -1.44448 40
      vertex 4.98882 -3.33342 40
      vertex 2.29299 -1.22563 40
    endloop
  endfacet
  facet normal 0 0 1
    outer loop
      vertex 4.98882 -3.33342 40
      vertex 2.16182 -1.44448 40
      vertex 4.63806 -3.80636 40
    endloop
  endfacet
  facet normal -0 0 1
    outer loop
      vertex 2.00983 -1.64942 40
      vertex 4.63806 -3.80636 40
      vertex 2.16182 -1.44448 40
    endloop
  endfacet
  facet normal 0 0 1
    outer loop
      vertex 4.63806 -3.80636 40
      vertex 2.00983 -1.64942 40
      vertex 4.24264 -4.24264 40
    endloop
  endfacet
  facet normal -0 0 1
    outer loop
      vertex 1.83848 -1.83848 40
      vertex 4.24264 -4.24264 40
      vertex 2.00983 -1.64942 40
    endloop
  endfacet
  facet normal 0 0 1
    outer loop
      vertex 4.24264 -4.24264 40
      vertex 1.83848 -1.83848 40
      vertex 3.80636 -4.63806 40
    endloop
  endfacet
  facet normal -0 0 1
    outer loop
      vertex 1.64942 -2.00983 40
      vertex 3.80636 -4.63806 40
      vertex 1.83848 -1.83848 40
    endloop
  endfacet
  facet normal 0 0 1
    outer loop
      vertex 3.80636 -4.63806 40
      vertex 1.64942 -2.00983 40
      vertex 3.33342 -4.98882 40
    endloop
  endfacet
  facet normal -0 0 1
    outer loop
      vertex 1.44448 -2.16182 40
      vertex 3.33342 -4.98882 40
      vertex 1.64942 -2.00983 40
    endloop
  endfacet
  facet normal 0 0 1
    outer loop
      vertex 3.33342 -4.98882 40
      vertex 1.44448 -2.16182 40
      vertex 2.82838 -5.29153 40
    endloop
  endfacet
  facet normal -0 0 1
    outer loop
      vertex 1.22563 -2.29299 40
      vertex 2.82838 -5.29153 40
      vertex 1.44448 -2.16182 40
    endloop
  endfacet
  facet normal 0 0 1
    outer loop
      vertex 2.82838 -5.29153 40
      vertex 1.22563 -2.29299 40
      vertex 2.2961 -5.54328 40
    endloop
  endfacet
  facet normal -0 0 1
    outer loop
      vertex 0.994976 -2.40209 40
      vertex 2.2961 -5.54328 40
      vertex 1.22563 -2.29299 40
    endloop
  endfacet
  facet normal 0 0 1
    outer loop
      vertex 2.2961 -5.54328 40
      vertex 0.994976 -2.40209 40
      vertex 1.74171 -5.74164 40
    endloop
  endfacet
  facet normal -0 0 1
    outer loop
      vertex 0.75474 -2.48804 40
      vertex 1.74171 -5.74164 40
      vertex 0.994976 -2.40209 40
    endloop
  endfacet
  facet normal 0 0 1
    outer loop
      vertex 1.74171 -5.74164 40
      vertex 0.75474 -2.48804 40
      vertex 1.17054 -5.88471 40
    endloop
  endfacet
  facet normal -0 0 1
    outer loop
      vertex 0.507235 -2.55004 40
      vertex 1.17054 -5.88471 40
      vertex 0.75474 -2.48804 40
    endloop
  endfacet
  facet normal 0 0 1
    outer loop
      vertex 1.17054 -5.88471 40
      vertex 0.507235 -2.55004 40
      vertex 0.588102 -5.97111 40
    endloop
  endfacet
  facet normal -0 0 1
    outer loop
      vertex 0.254844 -2.58748 40
      vertex 0.588102 -5.97111 40
      vertex 0.507235 -2.55004 40
    endloop
  endfacet
  facet normal -0 0 1
    outer loop
      vertex 0 -2.6 40
      vertex 0.588102 -5.97111 40
      vertex 0.254844 -2.58748 40
    endloop
  endfacet
  facet normal 0 0 1
    outer loop
      vertex 0 -2.6 40
      vertex 0 -6 40
      vertex 0.588102 -5.97111 40
    endloop
  endfacet
  facet normal 0 0 1
    outer loop
      vertex -0.254844 -2.58748 40
      vertex 0 -6 40
      vertex 0 -2.6 40
    endloop
  endfacet
  facet normal 0 0 1
    outer loop
      vertex -0.588102 -5.97111 40
      vertex -0.254844 -2.58748 40
      vertex -0.507235 -2.55004 40
    endloop
  endfacet
  facet normal 0 0 1
    outer loop
      vertex -0.254844 -2.58748 40
      vertex -0.588102 -5.97111 40
      vertex 0 -6 40
    endloop
  endfacet
  facet normal 0 0 1
    outer loop
      vertex -1.17054 -5.88471 40
      vertex -0.507235 -2.55004 40
      vertex -0.75474 -2.48804 40
    endloop
  endfacet
  facet normal 0 0 1
    outer loop
      vertex -1.74171 -5.74164 40
      vertex -0.75474 -2.48804 40
      vertex -0.994976 -2.40209 40
    endloop
  endfacet
  facet normal 0 0 1
    outer loop
      vertex -0.507235 -2.55004 40
      vertex -1.17054 -5.88471 40
      vertex -0.588102 -5.97111 40
    endloop
  endfacet
  facet normal 0 0 1
    outer loop
      vertex -2.2961 -5.54328 40
      vertex -0.994976 -2.40209 40
      vertex -1.22563 -2.29299 40
    endloop
  endfacet
  facet normal 0 0 1
    outer loop
      vertex -2.82838 -5.29153 40
      vertex -1.22563 -2.29299 40
      vertex -1.44448 -2.16182 40
    endloop
  endfacet
  facet normal 0 0 1
    outer loop
      vertex -3.33342 -4.98882 40
      vertex -1.44448 -2.16182 40
      vertex -1.64942 -2.00983 40
    endloop
  endfacet
  facet normal 0 0 1
    outer loop
      vertex -0.75474 -2.48804 40
      vertex -1.74171 -5.74164 40
      vertex -1.17054 -5.88471 40
    endloop
  endfacet
  facet normal 0 0 1
    outer loop
      vertex -3.80636 -4.63806 40
      vertex -1.64942 -2.00983 40
      vertex -1.83848 -1.83848 40
    endloop
  endfacet
  facet normal 0 0 1
    outer loop
      vertex -4.24264 -4.24264 40
      vertex -1.83848 -1.83848 40
      vertex -2.00983 -1.64942 40
    endloop
  endfacet
  facet normal 0 0 1
    outer loop
      vertex -4.63806 -3.80636 40
      vertex -2.00983 -1.64942 40
      vertex -2.16182 -1.44448 40
    endloop
  endfacet
  facet normal 0 0 1
    outer loop
      vertex -4.98882 -3.33342 40
      vertex -2.16182 -1.44448 40
      vertex -2.29299 -1.22563 40
    endloop
  endfacet
  facet normal 0 0 1
    outer loop
      vertex -0.994976 -2.40209 40
      vertex -2.2961 -5.54328 40
      vertex -1.74171 -5.74164 40
    endloop
  endfacet
  facet normal 0 0 1
    outer loop
      vertex -5.29153 -2.82838 40
      vertex -2.29299 -1.22563 40
      vertex -2.40209 -0.994976 40
    endloop
  endfacet
  facet normal 0 0 1
    outer loop
      vertex -5.54328 -2.2961 40
      vertex -2.40209 -0.994976 40
      vertex -2.48804 -0.75474 40
    endloop
  endfacet
  facet normal 0 0 1
    outer loop
      vertex -5.74164 -1.74171 40
      vertex -2.48804 -0.75474 40
      vertex -2.55004 -0.507235 40
    endloop
  endfacet
  facet normal 0 0 1
    outer loop
      vertex -5.88471 -1.17054 40
      vertex -2.55004 -0.507235 40
      vertex -2.58748 -0.254844 40
    endloop
  endfacet
  facet normal 0 0 1
    outer loop
      vertex -1.22563 -2.29299 40
      vertex -2.82838 -5.29153 40
      vertex -2.2961 -5.54328 40
    endloop
  endfacet
  facet normal 0 0 1
    outer loop
      vertex -5.97111 -0.588102 40
      vertex -2.58748 -0.254844 40
      vertex -2.6 0 40
    endloop
  endfacet
  facet normal -0 0 1
    outer loop
      vertex -5.29153 2.82838 40
      vertex -2.29299 1.22563 40
      vertex -4.98882 3.33342 40
    endloop
  endfacet
  facet normal 0 0 1
    outer loop
      vertex -2.29299 1.22563 40
      vertex -5.29153 2.82838 40
      vertex -2.40209 0.994976 40
    endloop
  endfacet
  facet normal 0 0 1
    outer loop
      vertex -1.44448 -2.16182 40
      vertex -3.33342 -4.98882 40
      vertex -2.82838 -5.29153 40
    endloop
  endfacet
  facet normal -0 0 1
    outer loop
      vertex -5.54328 2.2961 40
      vertex -2.40209 0.994976 40
      vertex -5.29153 2.82838 40
    endloop
  endfacet
  facet normal 0 0 1
    outer loop
      vertex -1.64942 -2.00983 40
      vertex -3.80636 -4.63806 40
      vertex -3.33342 -4.98882 40
    endloop
  endfacet
  facet normal 0 0 1
    outer loop
      vertex -2.40209 0.994976 40
      vertex -5.54328 2.2961 40
      vertex -2.48804 0.75474 40
    endloop
  endfacet
  facet normal 0 0 1
    outer loop
      vertex -1.83848 -1.83848 40
      vertex -4.24264 -4.24264 40
      vertex -3.80636 -4.63806 40
    endloop
  endfacet
  facet normal -0 0 1
    outer loop
      vertex -5.74164 1.74171 40
      vertex -2.48804 0.75474 40
      vertex -5.54328 2.2961 40
    endloop
  endfacet
  facet normal 0 0 1
    outer loop
      vertex -2.00983 -1.64942 40
      vertex -4.63806 -3.80636 40
      vertex -4.24264 -4.24264 40
    endloop
  endfacet
  facet normal 0 0 1
    outer loop
      vertex -2.48804 0.75474 40
      vertex -5.74164 1.74171 40
      vertex -2.55004 0.507235 40
    endloop
  endfacet
  facet normal 0 0 1
    outer loop
      vertex -2.16182 -1.44448 40
      vertex -4.98882 -3.33342 40
      vertex -4.63806 -3.80636 40
    endloop
  endfacet
  facet normal -0 0 1
    outer loop
      vertex -5.88471 1.17054 40
      vertex -2.55004 0.507235 40
      vertex -5.74164 1.74171 40
    endloop
  endfacet
  facet normal 0 0 1
    outer loop
      vertex -2.29299 -1.22563 40
      vertex -5.29153 -2.82838 40
      vertex -4.98882 -3.33342 40
    endloop
  endfacet
  facet normal 0 0 1
    outer loop
      vertex -2.55004 0.507235 40
      vertex -5.88471 1.17054 40
      vertex -2.58748 0.254844 40
    endloop
  endfacet
  facet normal 0 0 1
    outer loop
      vertex -2.40209 -0.994976 40
      vertex -5.54328 -2.2961 40
      vertex -5.29153 -2.82838 40
    endloop
  endfacet
  facet normal -0 0 1
    outer loop
      vertex -5.97111 0.588102 40
      vertex -2.58748 0.254844 40
      vertex -5.88471 1.17054 40
    endloop
  endfacet
  facet normal 0 0 1
    outer loop
      vertex -2.48804 -0.75474 40
      vertex -5.74164 -1.74171 40
      vertex -5.54328 -2.2961 40
    endloop
  endfacet
  facet normal 0 0 1
    outer loop
      vertex -2.58748 0.254844 40
      vertex -5.97111 0.588102 40
      vertex -2.6 0 40
    endloop
  endfacet
  facet normal 0 0 1
    outer loop
      vertex -2.55004 -0.507235 40
      vertex -5.88471 -1.17054 40
      vertex -5.74164 -1.74171 40
    endloop
  endfacet
  facet normal 0 0 1
    outer loop
      vertex -6 0 40
      vertex -2.6 0 40
      vertex -5.97111 0.588102 40
    endloop
  endfacet
  facet normal 0 0 1
    outer loop
      vertex -2.58748 -0.254844 40
      vertex -5.97111 -0.588102 40
      vertex -5.88471 -1.17054 40
    endloop
  endfacet
  facet normal 0 0 1
    outer loop
      vertex -2.6 0 40
      vertex -6 0 40
      vertex -5.97111 -0.588102 40
    endloop
  endfacet
  facet normal -0.998796 0.049065 0
    outer loop
      vertex -6 0 2
      vertex -5.97111 0.588102 40
      vertex -5.97111 0.588102 2
    endloop
  endfacet
  facet normal -0.998796 0.049065 0
    outer loop
      vertex -5.97111 0.588102 40
      vertex -6 0 2
      vertex -6 0 40
    endloop
  endfacet
  facet normal -0.336884 -0.941546 0
    outer loop
      vertex -2.2961 -5.54328 2
      vertex -1.74171 -5.74164 40
      vertex -2.2961 -5.54328 40
    endloop
  endfacet
  facet normal -0.336884 -0.941546 -0
    outer loop
      vertex -1.74171 -5.74164 40
      vertex -2.2961 -5.54328 2
      vertex -1.74171 -5.74164 2
    endloop
  endfacet
  facet normal 0.671558 -0.740952 0
    outer loop
      vertex 3.80636 -4.63806 2
      vertex 4.24264 -4.24264 40
      vertex 3.80636 -4.63806 40
    endloop
  endfacet
  facet normal 0.671558 -0.740952 0
    outer loop
      vertex 4.24264 -4.24264 40
      vertex 3.80636 -4.63806 2
      vertex 4.24264 -4.24264 2
    endloop
  endfacet
  facet normal -0.671564 -0.740946 0
    outer loop
      vertex -5.65685 -5.65685 0
      vertex -5.07515 -6.18408 2
      vertex -5.65685 -5.65685 2
    endloop
  endfacet
  facet normal -0.671564 -0.740946 -0
    outer loop
      vertex -5.07515 -6.18408 2
      vertex -5.65685 -5.65685 0
      vertex -5.07515 -6.18408 0
    endloop
  endfacet
  facet normal -0.941547 0.336883 0
    outer loop
      vertex -7.65552 2.32228 0
      vertex -7.39104 3.06147 2
      vertex -7.39104 3.06147 0
    endloop
  endfacet
  facet normal -0.941547 0.336883 0
    outer loop
      vertex -7.39104 3.06147 2
      vertex -7.65552 2.32228 0
      vertex -7.65552 2.32228 2
    endloop
  endfacet
  facet normal 0.989176 0.146736 0
    outer loop
      vertex 7.96148 0.784137 2
      vertex 7.84628 1.56072 0
      vertex 7.84628 1.56072 2
    endloop
  endfacet
  facet normal 0.989176 0.146736 0
    outer loop
      vertex 7.84628 1.56072 0
      vertex 7.96148 0.784137 2
      vertex 7.96148 0.784137 0
    endloop
  endfacet
  facet normal 0.998796 0.0490649 0
    outer loop
      vertex 8 0 2
      vertex 7.96148 0.784137 0
      vertex 7.96148 0.784137 2
    endloop
  endfacet
  facet normal 0.998796 0.0490649 0
    outer loop
      vertex 7.96148 0.784137 0
      vertex 8 0 2
      vertex 8 0 0
    endloop
  endfacet
  facet normal -0.514099 -0.857731 0
    outer loop
      vertex -4.44456 -6.65176 0
      vertex -3.77117 -7.05537 2
      vertex -4.44456 -6.65176 2
    endloop
  endfacet
  facet normal -0.514099 -0.857731 -0
    outer loop
      vertex -3.77117 -7.05537 2
      vertex -4.44456 -6.65176 0
      vertex -3.77117 -7.05537 0
    endloop
  endfacet
  facet normal 0.671564 0.740946 -0
    outer loop
      vertex 5.65685 5.65685 0
      vertex 5.07515 6.18408 2
      vertex 5.65685 5.65685 2
    endloop
  endfacet
  facet normal 0.671564 0.740946 0
    outer loop
      vertex 5.07515 6.18408 2
      vertex 5.65685 5.65685 0
      vertex 5.07515 6.18408 0
    endloop
  endfacet
  facet normal -0.146736 -0.989176 0
    outer loop
      vertex -1.56072 -7.84628 0
      vertex -0.784137 -7.96148 2
      vertex -1.56072 -7.84628 2
    endloop
  endfacet
  facet normal -0.146736 -0.989176 -0
    outer loop
      vertex -0.784137 -7.96148 2
      vertex -1.56072 -7.84628 0
      vertex -0.784137 -7.96148 0
    endloop
  endfacet
  facet normal 0.740946 0.671564 0
    outer loop
      vertex 6.18408 5.07515 2
      vertex 5.65685 5.65685 0
      vertex 5.65685 5.65685 2
    endloop
  endfacet
  facet normal 0.740946 0.671564 0
    outer loop
      vertex 5.65685 5.65685 0
      vertex 6.18408 5.07515 2
      vertex 6.18408 5.07515 0
    endloop
  endfacet
  facet normal 0.427562 0.903986 -0
    outer loop
      vertex 3.77117 7.05537 0
      vertex 3.06147 7.39104 2
      vertex 3.77117 7.05537 2
    endloop
  endfacet
  facet normal 0.427562 0.903986 0
    outer loop
      vertex 3.06147 7.39104 2
      vertex 3.77117 7.05537 0
      vertex 3.06147 7.39104 0
    endloop
  endfacet
  facet normal 0.0490649 -0.998796 0
    outer loop
      vertex 0 -8 0
      vertex 0.784137 -7.96148 2
      vertex 0 -8 2
    endloop
  endfacet
  facet normal 0.0490649 -0.998796 0
    outer loop
      vertex 0.784137 -7.96148 2
      vertex 0 -8 0
      vertex 0.784137 -7.96148 0
    endloop
  endfacet
  facet normal -0.740946 0.671564 0
    outer loop
      vertex -6.18408 5.07515 0
      vertex -5.65685 5.65685 2
      vertex -5.65685 5.65685 0
    endloop
  endfacet
  facet normal -0.740946 0.671564 0
    outer loop
      vertex -5.65685 5.65685 2
      vertex -6.18408 5.07515 0
      vertex -6.18408 5.07515 2
    endloop
  endfacet
  facet normal 0.989176 -0.146736 0
    outer loop
      vertex 7.84628 -1.56072 2
      vertex 7.96148 -0.784137 0
      vertex 7.96148 -0.784137 2
    endloop
  endfacet
  facet normal 0.989176 -0.146736 0
    outer loop
      vertex 7.96148 -0.784137 0
      vertex 7.84628 -1.56072 2
      vertex 7.84628 -1.56072 0
    endloop
  endfacet
  facet normal 0.903986 0.427562 0
    outer loop
      vertex 7.39104 3.06147 2
      vertex 7.05537 3.77117 0
      vertex 7.05537 3.77117 2
    endloop
  endfacet
  facet normal 0.903986 0.427562 0
    outer loop
      vertex 7.05537 3.77117 0
      vertex 7.39104 3.06147 2
      vertex 7.39104 3.06147 0
    endloop
  endfacet
  facet normal -0.242979 0.970032 0
    outer loop
      vertex -1.56072 7.84628 0
      vertex -2.32228 7.65552 2
      vertex -1.56072 7.84628 2
    endloop
  endfacet
  facet normal -0.242979 0.970032 0
    outer loop
      vertex -2.32228 7.65552 2
      vertex -1.56072 7.84628 0
      vertex -2.32228 7.65552 0
    endloop
  endfacet
  facet normal -0.803206 0.595701 0
    outer loop
      vertex -6.65176 4.44456 0
      vertex -6.18408 5.07515 2
      vertex -6.18408 5.07515 0
    endloop
  endfacet
  facet normal -0.803206 0.595701 0
    outer loop
      vertex -6.18408 5.07515 2
      vertex -6.65176 4.44456 0
      vertex -6.65176 4.44456 2
    endloop
  endfacet
  facet normal 0.242979 0.970032 -0
    outer loop
      vertex 2.32228 7.65552 0
      vertex 1.56072 7.84628 2
      vertex 2.32228 7.65552 2
    endloop
  endfacet
  facet normal 0.242979 0.970032 0
    outer loop
      vertex 1.56072 7.84628 2
      vertex 2.32228 7.65552 0
      vertex 1.56072 7.84628 0
    endloop
  endfacet
  facet normal 0.336883 0.941547 -0
    outer loop
      vertex 3.06147 7.39104 0
      vertex 2.32228 7.65552 2
      vertex 3.06147 7.39104 2
    endloop
  endfacet
  facet normal 0.336883 0.941547 0
    outer loop
      vertex 2.32228 7.65552 2
      vertex 3.06147 7.39104 0
      vertex 2.32228 7.65552 0
    endloop
  endfacet
  facet normal 0.941547 0.336883 0
    outer loop
      vertex 7.65552 2.32228 2
      vertex 7.39104 3.06147 0
      vertex 7.39104 3.06147 2
    endloop
  endfacet
  facet normal 0.941547 0.336883 0
    outer loop
      vertex 7.39104 3.06147 0
      vertex 7.65552 2.32228 2
      vertex 7.65552 2.32228 0
    endloop
  endfacet
  facet normal 0.595701 0.803206 -0
    outer loop
      vertex 5.07515 6.18408 0
      vertex 4.44456 6.65176 2
      vertex 5.07515 6.18408 2
    endloop
  endfacet
  facet normal 0.595701 0.803206 0
    outer loop
      vertex 4.44456 6.65176 2
      vertex 5.07515 6.18408 0
      vertex 4.44456 6.65176 0
    endloop
  endfacet
  facet normal -0.857731 -0.514099 0
    outer loop
      vertex -6.65176 -4.44456 0
      vertex -7.05537 -3.77117 2
      vertex -7.05537 -3.77117 0
    endloop
  endfacet
  facet normal -0.857731 -0.514099 0
    outer loop
      vertex -7.05537 -3.77117 2
      vertex -6.65176 -4.44456 0
      vertex -6.65176 -4.44456 2
    endloop
  endfacet
  facet normal 0.514099 0.857731 -0
    outer loop
      vertex 4.44456 6.65176 0
      vertex 3.77117 7.05537 2
      vertex 4.44456 6.65176 2
    endloop
  endfacet
  facet normal 0.514099 0.857731 0
    outer loop
      vertex 3.77117 7.05537 2
      vertex 4.44456 6.65176 0
      vertex 3.77117 7.05537 0
    endloop
  endfacet
  facet normal 0.941547 -0.336883 0
    outer loop
      vertex 7.39104 -3.06147 2
      vertex 7.65552 -2.32228 0
      vertex 7.65552 -2.32228 2
    endloop
  endfacet
  facet normal 0.941547 -0.336883 0
    outer loop
      vertex 7.65552 -2.32228 0
      vertex 7.39104 -3.06147 2
      vertex 7.39104 -3.06147 0
    endloop
  endfacet
  facet normal -0.857731 0.514099 0
    outer loop
      vertex -7.05537 3.77117 0
      vertex -6.65176 4.44456 2
      vertex -6.65176 4.44456 0
    endloop
  endfacet
  facet normal -0.857731 0.514099 0
    outer loop
      vertex -6.65176 4.44456 2
      vertex -7.05537 3.77117 0
      vertex -7.05537 3.77117 2
    endloop
  endfacet
  facet normal -0.970032 -0.242979 0
    outer loop
      vertex -7.65552 -2.32228 0
      vertex -7.84628 -1.56072 2
      vertex -7.84628 -1.56072 0
    endloop
  endfacet
  facet normal -0.970032 -0.242979 0
    outer loop
      vertex -7.84628 -1.56072 2
      vertex -7.65552 -2.32228 0
      vertex -7.65552 -2.32228 2
    endloop
  endfacet
  facet normal 0.0490649 0.998796 -0
    outer loop
      vertex 0.784137 7.96148 0
      vertex 0 8 2
      vertex 0.784137 7.96148 2
    endloop
  endfacet
  facet normal 0.0490649 0.998796 0
    outer loop
      vertex 0 8 2
      vertex 0.784137 7.96148 0
      vertex 0 8 0
    endloop
  endfacet
  facet normal 0.857731 0.514099 0
    outer loop
      vertex 7.05537 3.77117 2
      vertex 6.65176 4.44456 0
      vertex 6.65176 4.44456 2
    endloop
  endfacet
  facet normal 0.857731 0.514099 0
    outer loop
      vertex 6.65176 4.44456 0
      vertex 7.05537 3.77117 2
      vertex 7.05537 3.77117 0
    endloop
  endfacet
  facet normal -0.941547 -0.336883 0
    outer loop
      vertex -7.39104 -3.06147 0
      vertex -7.65552 -2.32228 2
      vertex -7.65552 -2.32228 0
    endloop
  endfacet
  facet normal -0.941547 -0.336883 0
    outer loop
      vertex -7.65552 -2.32228 2
      vertex -7.39104 -3.06147 0
      vertex -7.39104 -3.06147 2
    endloop
  endfacet
  facet normal -0.671564 0.740946 0
    outer loop
      vertex -5.07515 6.18408 0
      vertex -5.65685 5.65685 2
      vertex -5.07515 6.18408 2
    endloop
  endfacet
  facet normal -0.671564 0.740946 0
    outer loop
      vertex -5.65685 5.65685 2
      vertex -5.07515 6.18408 0
      vertex -5.65685 5.65685 0
    endloop
  endfacet
  facet normal 0.970032 -0.242979 0
    outer loop
      vertex 7.65552 -2.32228 2
      vertex 7.84628 -1.56072 0
      vertex 7.84628 -1.56072 2
    endloop
  endfacet
  facet normal 0.970032 -0.242979 0
    outer loop
      vertex 7.84628 -1.56072 0
      vertex 7.65552 -2.32228 2
      vertex 7.65552 -2.32228 0
    endloop
  endfacet
  facet normal -0.514099 0.857731 0
    outer loop
      vertex -3.77117 7.05537 0
      vertex -4.44456 6.65176 2
      vertex -3.77117 7.05537 2
    endloop
  endfacet
  facet normal -0.514099 0.857731 0
    outer loop
      vertex -4.44456 6.65176 2
      vertex -3.77117 7.05537 0
      vertex -4.44456 6.65176 0
    endloop
  endfacet
  facet normal -0.998796 -0.0490649 0
    outer loop
      vertex -7.96148 -0.784137 0
      vertex -8 0 2
      vertex -8 0 0
    endloop
  endfacet
  facet normal -0.998796 -0.0490649 0
    outer loop
      vertex -8 0 2
      vertex -7.96148 -0.784137 0
      vertex -7.96148 -0.784137 2
    endloop
  endfacet
  facet normal -0.970032 0.242979 0
    outer loop
      vertex -7.84628 1.56072 0
      vertex -7.65552 2.32228 2
      vertex -7.65552 2.32228 0
    endloop
  endfacet
  facet normal -0.970032 0.242979 0
    outer loop
      vertex -7.65552 2.32228 2
      vertex -7.84628 1.56072 0
      vertex -7.84628 1.56072 2
    endloop
  endfacet
  facet normal 0.427562 -0.903986 0
    outer loop
      vertex 3.06147 -7.39104 0
      vertex 3.77117 -7.05537 2
      vertex 3.06147 -7.39104 2
    endloop
  endfacet
  facet normal 0.427562 -0.903986 0
    outer loop
      vertex 3.77117 -7.05537 2
      vertex 3.06147 -7.39104 0
      vertex 3.77117 -7.05537 0
    endloop
  endfacet
  facet normal -0.336883 -0.941547 0
    outer loop
      vertex -3.06147 -7.39104 0
      vertex -2.32228 -7.65552 2
      vertex -3.06147 -7.39104 2
    endloop
  endfacet
  facet normal -0.336883 -0.941547 -0
    outer loop
      vertex -2.32228 -7.65552 2
      vertex -3.06147 -7.39104 0
      vertex -2.32228 -7.65552 0
    endloop
  endfacet
  facet normal -0.336883 0.941547 0
    outer loop
      vertex -2.32228 7.65552 0
      vertex -3.06147 7.39104 2
      vertex -2.32228 7.65552 2
    endloop
  endfacet
  facet normal -0.336883 0.941547 0
    outer loop
      vertex -3.06147 7.39104 2
      vertex -2.32228 7.65552 0
      vertex -3.06147 7.39104 0
    endloop
  endfacet
  facet normal 0.514099 -0.857731 0
    outer loop
      vertex 3.77117 -7.05537 0
      vertex 4.44456 -6.65176 2
      vertex 3.77117 -7.05537 2
    endloop
  endfacet
  facet normal 0.514099 -0.857731 0
    outer loop
      vertex 4.44456 -6.65176 2
      vertex 3.77117 -7.05537 0
      vertex 4.44456 -6.65176 0
    endloop
  endfacet
  facet normal 0.146736 -0.989176 0
    outer loop
      vertex 0.784137 -7.96148 0
      vertex 1.56072 -7.84628 2
      vertex 0.784137 -7.96148 2
    endloop
  endfacet
  facet normal 0.146736 -0.989176 0
    outer loop
      vertex 1.56072 -7.84628 2
      vertex 0.784137 -7.96148 0
      vertex 1.56072 -7.84628 0
    endloop
  endfacet
  facet normal 0.740946 -0.671564 0
    outer loop
      vertex 5.65685 -5.65685 2
      vertex 6.18408 -5.07515 0
      vertex 6.18408 -5.07515 2
    endloop
  endfacet
  facet normal 0.740946 -0.671564 0
    outer loop
      vertex 6.18408 -5.07515 0
      vertex 5.65685 -5.65685 2
      vertex 5.65685 -5.65685 0
    endloop
  endfacet
  facet normal 0.803206 -0.595701 0
    outer loop
      vertex 6.18408 -5.07515 2
      vertex 6.65176 -4.44456 0
      vertex 6.65176 -4.44456 2
    endloop
  endfacet
  facet normal 0.803206 -0.595701 0
    outer loop
      vertex 6.65176 -4.44456 0
      vertex 6.18408 -5.07515 2
      vertex 6.18408 -5.07515 0
    endloop
  endfacet
  facet normal -0.427562 0.903986 0
    outer loop
      vertex -3.06147 7.39104 0
      vertex -3.77117 7.05537 2
      vertex -3.06147 7.39104 2
    endloop
  endfacet
  facet normal -0.427562 0.903986 0
    outer loop
      vertex -3.77117 7.05537 2
      vertex -3.06147 7.39104 0
      vertex -3.77117 7.05537 0
    endloop
  endfacet
  facet normal -0.595701 0.803206 0
    outer loop
      vertex -4.44456 6.65176 0
      vertex -5.07515 6.18408 2
      vertex -4.44456 6.65176 2
    endloop
  endfacet
  facet normal -0.595701 0.803206 0
    outer loop
      vertex -5.07515 6.18408 2
      vertex -4.44456 6.65176 0
      vertex -5.07515 6.18408 0
    endloop
  endfacet
  facet normal -0.989176 0.146736 0
    outer loop
      vertex -7.96148 0.784137 0
      vertex -7.84628 1.56072 2
      vertex -7.84628 1.56072 0
    endloop
  endfacet
  facet normal -0.989176 0.146736 0
    outer loop
      vertex -7.84628 1.56072 2
      vertex -7.96148 0.784137 0
      vertex -7.96148 0.784137 2
    endloop
  endfacet
  facet normal -0.242979 -0.970032 0
    outer loop
      vertex -2.32228 -7.65552 0
      vertex -1.56072 -7.84628 2
      vertex -2.32228 -7.65552 2
    endloop
  endfacet
  facet normal -0.242979 -0.970032 -0
    outer loop
      vertex -1.56072 -7.84628 2
      vertex -2.32228 -7.65552 0
      vertex -1.56072 -7.84628 0
    endloop
  endfacet
  facet normal 0.970032 0.242979 0
    outer loop
      vertex 7.84628 1.56072 2
      vertex 7.65552 2.32228 0
      vertex 7.65552 2.32228 2
    endloop
  endfacet
  facet normal 0.970032 0.242979 0
    outer loop
      vertex 7.65552 2.32228 0
      vertex 7.84628 1.56072 2
      vertex 7.84628 1.56072 0
    endloop
  endfacet
  facet normal 0.803206 0.595701 0
    outer loop
      vertex 6.65176 4.44456 2
      vertex 6.18408 5.07515 0
      vertex 6.18408 5.07515 2
    endloop
  endfacet
  facet normal 0.803206 0.595701 0
    outer loop
      vertex 6.18408 5.07515 0
      vertex 6.65176 4.44456 2
      vertex 6.65176 4.44456 0
    endloop
  endfacet
  facet normal -0.803206 -0.595701 0
    outer loop
      vertex -6.18408 -5.07515 0
      vertex -6.65176 -4.44456 2
      vertex -6.65176 -4.44456 0
    endloop
  endfacet
  facet normal -0.803206 -0.595701 0
    outer loop
      vertex -6.65176 -4.44456 2
      vertex -6.18408 -5.07515 0
      vertex -6.18408 -5.07515 2
    endloop
  endfacet
  facet normal -0.903986 -0.427562 0
    outer loop
      vertex -7.05537 -3.77117 0
      vertex -7.39104 -3.06147 2
      vertex -7.39104 -3.06147 0
    endloop
  endfacet
  facet normal -0.903986 -0.427562 0
    outer loop
      vertex -7.39104 -3.06147 2
      vertex -7.05537 -3.77117 0
      vertex -7.05537 -3.77117 2
    endloop
  endfacet
  facet normal 0.146736 0.989176 -0
    outer loop
      vertex 1.56072 7.84628 0
      vertex 0.784137 7.96148 2
      vertex 1.56072 7.84628 2
    endloop
  endfacet
  facet normal 0.146736 0.989176 0
    outer loop
      vertex 0.784137 7.96148 2
      vertex 1.56072 7.84628 0
      vertex 0.784137 7.96148 0
    endloop
  endfacet
  facet normal -0.0490649 0.998796 0
    outer loop
      vertex 0 8 0
      vertex -0.784137 7.96148 2
      vertex 0 8 2
    endloop
  endfacet
  facet normal -0.0490649 0.998796 0
    outer loop
      vertex -0.784137 7.96148 2
      vertex 0 8 0
      vertex -0.784137 7.96148 0
    endloop
  endfacet
  facet normal -0.427562 -0.903986 0
    outer loop
      vertex -3.77117 -7.05537 0
      vertex -3.06147 -7.39104 2
      vertex -3.77117 -7.05537 2
    endloop
  endfacet
  facet normal -0.427562 -0.903986 -0
    outer loop
      vertex -3.06147 -7.39104 2
      vertex -3.77117 -7.05537 0
      vertex -3.06147 -7.39104 0
    endloop
  endfacet
  facet normal 0.595701 -0.803206 0
    outer loop
      vertex 4.44456 -6.65176 0
      vertex 5.07515 -6.18408 2
      vertex 4.44456 -6.65176 2
    endloop
  endfacet
  facet normal 0.595701 -0.803206 0
    outer loop
      vertex 5.07515 -6.18408 2
      vertex 4.44456 -6.65176 0
      vertex 5.07515 -6.18408 0
    endloop
  endfacet
  facet normal 0.998796 -0.0490649 0
    outer loop
      vertex 7.96148 -0.784137 2
      vertex 8 0 0
      vertex 8 0 2
    endloop
  endfacet
  facet normal 0.998796 -0.0490649 0
    outer loop
      vertex 8 0 0
      vertex 7.96148 -0.784137 2
      vertex 7.96148 -0.784137 0
    endloop
  endfacet
  facet normal -0.146736 0.989176 0
    outer loop
      vertex -0.784137 7.96148 0
      vertex -1.56072 7.84628 2
      vertex -0.784137 7.96148 2
    endloop
  endfacet
  facet normal -0.146736 0.989176 0
    outer loop
      vertex -1.56072 7.84628 2
      vertex -0.784137 7.96148 0
      vertex -1.56072 7.84628 0
    endloop
  endfacet
  facet normal -0.989176 -0.146736 0
    outer loop
      vertex -7.84628 -1.56072 0
      vertex -7.96148 -0.784137 2
      vertex -7.96148 -0.784137 0
    endloop
  endfacet
  facet normal -0.989176 -0.146736 0
    outer loop
      vertex -7.96148 -0.784137 2
      vertex -7.84628 -1.56072 0
      vertex -7.84628 -1.56072 2
    endloop
  endfacet
  facet normal 0.336883 -0.941547 0
    outer loop
      vertex 2.32228 -7.65552 0
      vertex 3.06147 -7.39104 2
      vertex 2.32228 -7.65552 2
    endloop
  endfacet
  facet normal 0.336883 -0.941547 0
    outer loop
      vertex 3.06147 -7.39104 2
      vertex 2.32228 -7.65552 0
      vertex 3.06147 -7.39104 0
    endloop
  endfacet
  facet normal 0.242979 -0.970032 0
    outer loop
      vertex 1.56072 -7.84628 0
      vertex 2.32228 -7.65552 2
      vertex 1.56072 -7.84628 2
    endloop
  endfacet
  facet normal 0.242979 -0.970032 0
    outer loop
      vertex 2.32228 -7.65552 2
      vertex 1.56072 -7.84628 0
      vertex 2.32228 -7.65552 0
    endloop
  endfacet
  facet normal -0.740946 -0.671564 0
    outer loop
      vertex -5.65685 -5.65685 0
      vertex -6.18408 -5.07515 2
      vertex -6.18408 -5.07515 0
    endloop
  endfacet
  facet normal -0.740946 -0.671564 0
    outer loop
      vertex -6.18408 -5.07515 2
      vertex -5.65685 -5.65685 0
      vertex -5.65685 -5.65685 2
    endloop
  endfacet
  facet normal -0.903986 0.427562 0
    outer loop
      vertex -7.39104 3.06147 0
      vertex -7.05537 3.77117 2
      vertex -7.05537 3.77117 0
    endloop
  endfacet
  facet normal -0.903986 0.427562 0
    outer loop
      vertex -7.05537 3.77117 2
      vertex -7.39104 3.06147 0
      vertex -7.39104 3.06147 2
    endloop
  endfacet
  facet normal -0.595701 -0.803206 0
    outer loop
      vertex -5.07515 -6.18408 0
      vertex -4.44456 -6.65176 2
      vertex -5.07515 -6.18408 2
    endloop
  endfacet
  facet normal -0.595701 -0.803206 -0
    outer loop
      vertex -4.44456 -6.65176 2
      vertex -5.07515 -6.18408 0
      vertex -4.44456 -6.65176 0
    endloop
  endfacet
  facet normal 0.903986 -0.427562 0
    outer loop
      vertex 7.05537 -3.77117 2
      vertex 7.39104 -3.06147 0
      vertex 7.39104 -3.06147 2
    endloop
  endfacet
  facet normal 0.903986 -0.427562 0
    outer loop
      vertex 7.39104 -3.06147 0
      vertex 7.05537 -3.77117 2
      vertex 7.05537 -3.77117 0
    endloop
  endfacet
  facet normal 0.857731 -0.514099 0
    outer loop
      vertex 6.65176 -4.44456 2
      vertex 7.05537 -3.77117 0
      vertex 7.05537 -3.77117 2
    endloop
  endfacet
  facet normal 0.857731 -0.514099 0
    outer loop
      vertex 7.05537 -3.77117 0
      vertex 6.65176 -4.44456 2
      vertex 6.65176 -4.44456 0
    endloop
  endfacet
  facet normal -0.0490649 -0.998796 0
    outer loop
      vertex -0.784137 -7.96148 0
      vertex 0 -8 2
      vertex -0.784137 -7.96148 2
    endloop
  endfacet
  facet normal -0.0490649 -0.998796 -0
    outer loop
      vertex 0 -8 2
      vertex -0.784137 -7.96148 0
      vertex 0 -8 0
    endloop
  endfacet
  facet normal 0 0 1
    outer loop
      vertex 6 0 2
      vertex 8 0 2
      vertex 7.96148 0.784137 2
    endloop
  endfacet
  facet normal 0 0 1
    outer loop
      vertex 5.97111 0.588102 2
      vertex 7.96148 0.784137 2
      vertex 7.84628 1.56072 2
    endloop
  endfacet
  facet normal 0 0 1
    outer loop
      vertex 8 0 2
      vertex 6 0 2
      vertex 7.96148 -0.784137 2
    endloop
  endfacet
  facet normal 0 0 1
    outer loop
      vertex 5.88471 1.17054 2
      vertex 7.84628 1.56072 2
      vertex 7.65552 2.32228 2
    endloop
  endfacet
  facet normal -0 0 1
    outer loop
      vertex 5.97111 -0.588102 2
      vertex 7.96148 -0.784137 2
      vertex 6 0 2
    endloop
  endfacet
  facet normal 0 0 1
    outer loop
      vertex 5.74164 1.74171 2
      vertex 7.65552 2.32228 2
      vertex 7.39104 3.06147 2
    endloop
  endfacet
  facet normal 0 0 1
    outer loop
      vertex 7.96148 -0.784137 2
      vertex 5.97111 -0.588102 2
      vertex 7.84628 -1.56072 2
    endloop
  endfacet
  facet normal 0 0 1
    outer loop
      vertex 5.54328 2.2961 2
      vertex 7.39104 3.06147 2
      vertex 7.05537 3.77117 2
    endloop
  endfacet
  facet normal -0 0 1
    outer loop
      vertex 5.88471 -1.17054 2
      vertex 7.84628 -1.56072 2
      vertex 5.97111 -0.588102 2
    endloop
  endfacet
  facet normal 0 0 1
    outer loop
      vertex 5.29153 2.82838 2
      vertex 7.05537 3.77117 2
      vertex 6.65176 4.44456 2
    endloop
  endfacet
  facet normal 0 0 1
    outer loop
      vertex 7.84628 -1.56072 2
      vertex 5.88471 -1.17054 2
      vertex 7.65552 -2.32228 2
    endloop
  endfacet
  facet normal 0 0 1
    outer loop
      vertex 4.98882 3.33342 2
      vertex 6.65176 4.44456 2
      vertex 6.18408 5.07515 2
    endloop
  endfacet
  facet normal -0 0 1
    outer loop
      vertex 5.74164 -1.74171 2
      vertex 7.65552 -2.32228 2
      vertex 5.88471 -1.17054 2
    endloop
  endfacet
  facet normal 0 0 1
    outer loop
      vertex 7.65552 -2.32228 2
      vertex 5.74164 -1.74171 2
      vertex 7.39104 -3.06147 2
    endloop
  endfacet
  facet normal 0 0 1
    outer loop
      vertex 7.96148 0.784137 2
      vertex 5.97111 0.588102 2
      vertex 6 0 2
    endloop
  endfacet
  facet normal 0 0 1
    outer loop
      vertex 7.84628 1.56072 2
      vertex 5.88471 1.17054 2
      vertex 5.97111 0.588102 2
    endloop
  endfacet
  facet normal 0 0 1
    outer loop
      vertex 7.65552 2.32228 2
      vertex 5.74164 1.74171 2
      vertex 5.88471 1.17054 2
    endloop
  endfacet
  facet normal 0 0 1
    outer loop
      vertex 4.63806 3.80636 2
      vertex 6.18408 5.07515 2
      vertex 5.65685 5.65685 2
    endloop
  endfacet
  facet normal 0 0 1
    outer loop
      vertex 7.39104 3.06147 2
      vertex 5.54328 2.2961 2
      vertex 5.74164 1.74171 2
    endloop
  endfacet
  facet normal 0 0 1
    outer loop
      vertex 7.05537 3.77117 2
      vertex 5.29153 2.82838 2
      vertex 5.54328 2.2961 2
    endloop
  endfacet
  facet normal 0 0 1
    outer loop
      vertex 4.24264 4.24264 2
      vertex 5.65685 5.65685 2
      vertex 5.07515 6.18408 2
    endloop
  endfacet
  facet normal 0 0 1
    outer loop
      vertex 6.65176 4.44456 2
      vertex 4.98882 3.33342 2
      vertex 5.29153 2.82838 2
    endloop
  endfacet
  facet normal 0 0 1
    outer loop
      vertex 6.18408 5.07515 2
      vertex 4.63806 3.80636 2
      vertex 4.98882 3.33342 2
    endloop
  endfacet
  facet normal 0 0 1
    outer loop
      vertex 3.80636 4.63806 2
      vertex 5.07515 6.18408 2
      vertex 4.44456 6.65176 2
    endloop
  endfacet
  facet normal 0 0 1
    outer loop
      vertex 5.65685 5.65685 2
      vertex 4.24264 4.24264 2
      vertex 4.63806 3.80636 2
    endloop
  endfacet
  facet normal 0 0 1
    outer loop
      vertex 5.07515 6.18408 2
      vertex 3.80636 4.63806 2
      vertex 4.24264 4.24264 2
    endloop
  endfacet
  facet normal 0 0 1
    outer loop
      vertex 3.33342 4.98882 2
      vertex 4.44456 6.65176 2
      vertex 3.77117 7.05537 2
    endloop
  endfacet
  facet normal 0 0 1
    outer loop
      vertex 4.44456 6.65176 2
      vertex 3.33342 4.98882 2
      vertex 3.80636 4.63806 2
    endloop
  endfacet
  facet normal 0 0 1
    outer loop
      vertex 2.82838 5.29153 2
      vertex 3.77117 7.05537 2
      vertex 3.06147 7.39104 2
    endloop
  endfacet
  facet normal 0 0 1
    outer loop
      vertex 3.77117 7.05537 2
      vertex 2.82838 5.29153 2
      vertex 3.33342 4.98882 2
    endloop
  endfacet
  facet normal 0 0 1
    outer loop
      vertex 2.2961 5.54328 2
      vertex 3.06147 7.39104 2
      vertex 2.32228 7.65552 2
    endloop
  endfacet
  facet normal 0 0 1
    outer loop
      vertex 3.06147 7.39104 2
      vertex 2.2961 5.54328 2
      vertex 2.82838 5.29153 2
    endloop
  endfacet
  facet normal 0 0 1
    outer loop
      vertex 2.32228 7.65552 2
      vertex 1.74171 5.74164 2
      vertex 2.2961 5.54328 2
    endloop
  endfacet
  facet normal 0 0 1
    outer loop
      vertex 1.56072 7.84628 2
      vertex 1.74171 5.74164 2
      vertex 2.32228 7.65552 2
    endloop
  endfacet
  facet normal 0 0 1
    outer loop
      vertex 1.56072 7.84628 2
      vertex 1.17054 5.88471 2
      vertex 1.74171 5.74164 2
    endloop
  endfacet
  facet normal 0 0 1
    outer loop
      vertex 0.784137 7.96148 2
      vertex 1.17054 5.88471 2
      vertex 1.56072 7.84628 2
    endloop
  endfacet
  facet normal 0 0 1
    outer loop
      vertex 0.784137 7.96148 2
      vertex 0.588102 5.97111 2
      vertex 1.17054 5.88471 2
    endloop
  endfacet
  facet normal 0 0 1
    outer loop
      vertex 0 8 2
      vertex 0.588102 5.97111 2
      vertex 0.784137 7.96148 2
    endloop
  endfacet
  facet normal 0 0 1
    outer loop
      vertex 0 8 2
      vertex 0 6 2
      vertex 0.588102 5.97111 2
    endloop
  endfacet
  facet normal 0 0 1
    outer loop
      vertex 0 8 2
      vertex -0.588102 5.97111 2
      vertex 0 6 2
    endloop
  endfacet
  facet normal -0 0 1
    outer loop
      vertex -0.784137 7.96148 2
      vertex -0.588102 5.97111 2
      vertex 0 8 2
    endloop
  endfacet
  facet normal 0 0 1
    outer loop
      vertex -0.784137 7.96148 2
      vertex -1.17054 5.88471 2
      vertex -0.588102 5.97111 2
    endloop
  endfacet
  facet normal -0 0 1
    outer loop
      vertex -1.56072 7.84628 2
      vertex -1.17054 5.88471 2
      vertex -0.784137 7.96148 2
    endloop
  endfacet
  facet normal 0 0 1
    outer loop
      vertex -1.56072 7.84628 2
      vertex -1.74171 5.74164 2
      vertex -1.17054 5.88471 2
    endloop
  endfacet
  facet normal -0 0 1
    outer loop
      vertex -2.32228 7.65552 2
      vertex -1.74171 5.74164 2
      vertex -1.56072 7.84628 2
    endloop
  endfacet
  facet normal 0 0 1
    outer loop
      vertex -1.74171 5.74164 2
      vertex -2.32228 7.65552 2
      vertex -2.2961 5.54328 2
    endloop
  endfacet
  facet normal -0 0 1
    outer loop
      vertex -3.06147 7.39104 2
      vertex -2.2961 5.54328 2
      vertex -2.32228 7.65552 2
    endloop
  endfacet
  facet normal 0 0 1
    outer loop
      vertex -2.2961 5.54328 2
      vertex -3.06147 7.39104 2
      vertex -2.82838 5.29153 2
    endloop
  endfacet
  facet normal -0 0 1
    outer loop
      vertex -3.77117 7.05537 2
      vertex -2.82838 5.29153 2
      vertex -3.06147 7.39104 2
    endloop
  endfacet
  facet normal 0 0 1
    outer loop
      vertex -2.82838 5.29153 2
      vertex -3.77117 7.05537 2
      vertex -3.33342 4.98882 2
    endloop
  endfacet
  facet normal -0 0 1
    outer loop
      vertex -4.44456 6.65176 2
      vertex -3.33342 4.98882 2
      vertex -3.77117 7.05537 2
    endloop
  endfacet
  facet normal 0 0 1
    outer loop
      vertex -3.33342 4.98882 2
      vertex -4.44456 6.65176 2
      vertex -3.80636 4.63806 2
    endloop
  endfacet
  facet normal -0 0 1
    outer loop
      vertex -5.07515 6.18408 2
      vertex -3.80636 4.63806 2
      vertex -4.44456 6.65176 2
    endloop
  endfacet
  facet normal 0 0 1
    outer loop
      vertex -3.80636 4.63806 2
      vertex -5.07515 6.18408 2
      vertex -4.24264 4.24264 2
    endloop
  endfacet
  facet normal -0 0 1
    outer loop
      vertex -5.65685 5.65685 2
      vertex -4.24264 4.24264 2
      vertex -5.07515 6.18408 2
    endloop
  endfacet
  facet normal 0 0 1
    outer loop
      vertex -4.24264 4.24264 2
      vertex -5.65685 5.65685 2
      vertex -4.63806 3.80636 2
    endloop
  endfacet
  facet normal -0 0 1
    outer loop
      vertex -6.18408 5.07515 2
      vertex -4.63806 3.80636 2
      vertex -5.65685 5.65685 2
    endloop
  endfacet
  facet normal 0 0 1
    outer loop
      vertex -4.63806 3.80636 2
      vertex -6.18408 5.07515 2
      vertex -4.98882 3.33342 2
    endloop
  endfacet
  facet normal -0 0 1
    outer loop
      vertex -6.65176 4.44456 2
      vertex -4.98882 3.33342 2
      vertex -6.18408 5.07515 2
    endloop
  endfacet
  facet normal 0 0 1
    outer loop
      vertex -4.98882 3.33342 2
      vertex -6.65176 4.44456 2
      vertex -5.29153 2.82838 2
    endloop
  endfacet
  facet normal -0 0 1
    outer loop
      vertex -7.05537 3.77117 2
      vertex -5.29153 2.82838 2
      vertex -6.65176 4.44456 2
    endloop
  endfacet
  facet normal 0 0 1
    outer loop
      vertex -5.29153 2.82838 2
      vertex -7.05537 3.77117 2
      vertex -5.54328 2.2961 2
    endloop
  endfacet
  facet normal 0 0 1
    outer loop
      vertex -5.54328 2.2961 2
      vertex -7.39104 3.06147 2
      vertex -5.74164 1.74171 2
    endloop
  endfacet
  facet normal -0 0 1
    outer loop
      vertex -7.39104 3.06147 2
      vertex -5.54328 2.2961 2
      vertex -7.05537 3.77117 2
    endloop
  endfacet
  facet normal -0 0 1
    outer loop
      vertex 5.54328 -2.2961 2
      vertex 7.39104 -3.06147 2
      vertex 5.74164 -1.74171 2
    endloop
  endfacet
  facet normal 0 0 1
    outer loop
      vertex 7.39104 -3.06147 2
      vertex 5.54328 -2.2961 2
      vertex 7.05537 -3.77117 2
    endloop
  endfacet
  facet normal -0 0 1
    outer loop
      vertex 5.29153 -2.82838 2
      vertex 7.05537 -3.77117 2
      vertex 5.54328 -2.2961 2
    endloop
  endfacet
  facet normal 0 0 1
    outer loop
      vertex 7.05537 -3.77117 2
      vertex 5.29153 -2.82838 2
      vertex 6.65176 -4.44456 2
    endloop
  endfacet
  facet normal -0 0 1
    outer loop
      vertex 4.98882 -3.33342 2
      vertex 6.65176 -4.44456 2
      vertex 5.29153 -2.82838 2
    endloop
  endfacet
  facet normal 0 0 1
    outer loop
      vertex 6.65176 -4.44456 2
      vertex 4.98882 -3.33342 2
      vertex 6.18408 -5.07515 2
    endloop
  endfacet
  facet normal -0 0 1
    outer loop
      vertex 4.63806 -3.80636 2
      vertex 6.18408 -5.07515 2
      vertex 4.98882 -3.33342 2
    endloop
  endfacet
  facet normal 0 0 1
    outer loop
      vertex 6.18408 -5.07515 2
      vertex 4.63806 -3.80636 2
      vertex 5.65685 -5.65685 2
    endloop
  endfacet
  facet normal -0 0 1
    outer loop
      vertex 4.24264 -4.24264 2
      vertex 5.65685 -5.65685 2
      vertex 4.63806 -3.80636 2
    endloop
  endfacet
  facet normal 0 0 1
    outer loop
      vertex 5.65685 -5.65685 2
      vertex 4.24264 -4.24264 2
      vertex 5.07515 -6.18408 2
    endloop
  endfacet
  facet normal -0 0 1
    outer loop
      vertex 3.80636 -4.63806 2
      vertex 5.07515 -6.18408 2
      vertex 4.24264 -4.24264 2
    endloop
  endfacet
  facet normal 0 0 1
    outer loop
      vertex 5.07515 -6.18408 2
      vertex 3.80636 -4.63806 2
      vertex 4.44456 -6.65176 2
    endloop
  endfacet
  facet normal -0 0 1
    outer loop
      vertex 3.33342 -4.98882 2
      vertex 4.44456 -6.65176 2
      vertex 3.80636 -4.63806 2
    endloop
  endfacet
  facet normal 0 0 1
    outer loop
      vertex 4.44456 -6.65176 2
      vertex 3.33342 -4.98882 2
      vertex 3.77117 -7.05537 2
    endloop
  endfacet
  facet normal -0 0 1
    outer loop
      vertex 2.82838 -5.29153 2
      vertex 3.77117 -7.05537 2
      vertex 3.33342 -4.98882 2
    endloop
  endfacet
  facet normal 0 0 1
    outer loop
      vertex 3.77117 -7.05537 2
      vertex 2.82838 -5.29153 2
      vertex 3.06147 -7.39104 2
    endloop
  endfacet
  facet normal -0 0 1
    outer loop
      vertex 2.2961 -5.54328 2
      vertex 3.06147 -7.39104 2
      vertex 2.82838 -5.29153 2
    endloop
  endfacet
  facet normal 0 0 1
    outer loop
      vertex 3.06147 -7.39104 2
      vertex 2.2961 -5.54328 2
      vertex 2.32228 -7.65552 2
    endloop
  endfacet
  facet normal -0 0 1
    outer loop
      vertex 1.74171 -5.74164 2
      vertex 2.32228 -7.65552 2
      vertex 2.2961 -5.54328 2
    endloop
  endfacet
  facet normal 0 0 1
    outer loop
      vertex 1.74171 -5.74164 2
      vertex 1.56072 -7.84628 2
      vertex 2.32228 -7.65552 2
    endloop
  endfacet
  facet normal -0 0 1
    outer loop
      vertex 1.17054 -5.88471 2
      vertex 1.56072 -7.84628 2
      vertex 1.74171 -5.74164 2
    endloop
  endfacet
  facet normal 0 0 1
    outer loop
      vertex 1.17054 -5.88471 2
      vertex 0.784137 -7.96148 2
      vertex 1.56072 -7.84628 2
    endloop
  endfacet
  facet normal -0 0 1
    outer loop
      vertex 0.588102 -5.97111 2
      vertex 0.784137 -7.96148 2
      vertex 1.17054 -5.88471 2
    endloop
  endfacet
  facet normal -0 0 1
    outer loop
      vertex 0 -6 2
      vertex 0.784137 -7.96148 2
      vertex 0.588102 -5.97111 2
    endloop
  endfacet
  facet normal 0 0 1
    outer loop
      vertex 0 -6 2
      vertex 0 -8 2
      vertex 0.784137 -7.96148 2
    endloop
  endfacet
  facet normal 0 0 1
    outer loop
      vertex -0.588102 -5.97111 2
      vertex 0 -8 2
      vertex 0 -6 2
    endloop
  endfacet
  facet normal 0 0 1
    outer loop
      vertex -0.588102 -5.97111 2
      vertex -0.784137 -7.96148 2
      vertex 0 -8 2
    endloop
  endfacet
  facet normal 0 0 1
    outer loop
      vertex -1.17054 -5.88471 2
      vertex -0.784137 -7.96148 2
      vertex -0.588102 -5.97111 2
    endloop
  endfacet
  facet normal 0 0 1
    outer loop
      vertex -1.17054 -5.88471 2
      vertex -1.56072 -7.84628 2
      vertex -0.784137 -7.96148 2
    endloop
  endfacet
  facet normal 0 0 1
    outer loop
      vertex -1.74171 -5.74164 2
      vertex -1.56072 -7.84628 2
      vertex -1.17054 -5.88471 2
    endloop
  endfacet
  facet normal 0 0 1
    outer loop
      vertex -2.32228 -7.65552 2
      vertex -1.74171 -5.74164 2
      vertex -2.2961 -5.54328 2
    endloop
  endfacet
  facet normal 0 0 1
    outer loop
      vertex -1.74171 -5.74164 2
      vertex -2.32228 -7.65552 2
      vertex -1.56072 -7.84628 2
    endloop
  endfacet
  facet normal 0 0 1
    outer loop
      vertex -3.06147 -7.39104 2
      vertex -2.2961 -5.54328 2
      vertex -2.82838 -5.29153 2
    endloop
  endfacet
  facet normal 0 0 1
    outer loop
      vertex -2.2961 -5.54328 2
      vertex -3.06147 -7.39104 2
      vertex -2.32228 -7.65552 2
    endloop
  endfacet
  facet normal 0 0 1
    outer loop
      vertex -3.77117 -7.05537 2
      vertex -2.82838 -5.29153 2
      vertex -3.33342 -4.98882 2
    endloop
  endfacet
  facet normal 0 0 1
    outer loop
      vertex -2.82838 -5.29153 2
      vertex -3.77117 -7.05537 2
      vertex -3.06147 -7.39104 2
    endloop
  endfacet
  facet normal 0 0 1
    outer loop
      vertex -4.44456 -6.65176 2
      vertex -3.33342 -4.98882 2
      vertex -3.80636 -4.63806 2
    endloop
  endfacet
  facet normal 0 0 1
    outer loop
      vertex -5.07515 -6.18408 2
      vertex -3.80636 -4.63806 2
      vertex -4.24264 -4.24264 2
    endloop
  endfacet
  facet normal 0 0 1
    outer loop
      vertex -3.33342 -4.98882 2
      vertex -4.44456 -6.65176 2
      vertex -3.77117 -7.05537 2
    endloop
  endfacet
  facet normal 0 0 1
    outer loop
      vertex -5.65685 -5.65685 2
      vertex -4.24264 -4.24264 2
      vertex -4.63806 -3.80636 2
    endloop
  endfacet
  facet normal 0 0 1
    outer loop
      vertex -6.18408 -5.07515 2
      vertex -4.63806 -3.80636 2
      vertex -4.98882 -3.33342 2
    endloop
  endfacet
  facet normal 0 0 1
    outer loop
      vertex -3.80636 -4.63806 2
      vertex -5.07515 -6.18408 2
      vertex -4.44456 -6.65176 2
    endloop
  endfacet
  facet normal 0 0 1
    outer loop
      vertex -6.65176 -4.44456 2
      vertex -4.98882 -3.33342 2
      vertex -5.29153 -2.82838 2
    endloop
  endfacet
  facet normal 0 0 1
    outer loop
      vertex -7.05537 -3.77117 2
      vertex -5.29153 -2.82838 2
      vertex -5.54328 -2.2961 2
    endloop
  endfacet
  facet normal 0 0 1
    outer loop
      vertex -4.24264 -4.24264 2
      vertex -5.65685 -5.65685 2
      vertex -5.07515 -6.18408 2
    endloop
  endfacet
  facet normal 0 0 1
    outer loop
      vertex -7.39104 -3.06147 2
      vertex -5.54328 -2.2961 2
      vertex -5.74164 -1.74171 2
    endloop
  endfacet
  facet normal 0 0 1
    outer loop
      vertex -7.65552 -2.32228 2
      vertex -5.74164 -1.74171 2
      vertex -5.88471 -1.17054 2
    endloop
  endfacet
  facet normal 0 0 1
    outer loop
      vertex -7.84628 -1.56072 2
      vertex -5.88471 -1.17054 2
      vertex -5.97111 -0.588102 2
    endloop
  endfacet
  facet normal 0 0 1
    outer loop
      vertex -4.63806 -3.80636 2
      vertex -6.18408 -5.07515 2
      vertex -5.65685 -5.65685 2
    endloop
  endfacet
  facet normal 0 0 1
    outer loop
      vertex -7.96148 -0.784137 2
      vertex -5.97111 -0.588102 2
      vertex -6 0 2
    endloop
  endfacet
  facet normal -0 0 1
    outer loop
      vertex -7.65552 2.32228 2
      vertex -5.74164 1.74171 2
      vertex -7.39104 3.06147 2
    endloop
  endfacet
  facet normal 0 0 1
    outer loop
      vertex -5.74164 1.74171 2
      vertex -7.65552 2.32228 2
      vertex -5.88471 1.17054 2
    endloop
  endfacet
  facet normal 0 0 1
    outer loop
      vertex -4.98882 -3.33342 2
      vertex -6.65176 -4.44456 2
      vertex -6.18408 -5.07515 2
    endloop
  endfacet
  facet normal -0 0 1
    outer loop
      vertex -7.84628 1.56072 2
      vertex -5.88471 1.17054 2
      vertex -7.65552 2.32228 2
    endloop
  endfacet
  facet normal 0 0 1
    outer loop
      vertex -5.29153 -2.82838 2
      vertex -7.05537 -3.77117 2
      vertex -6.65176 -4.44456 2
    endloop
  endfacet
  facet normal 0 0 1
    outer loop
      vertex -5.88471 1.17054 2
      vertex -7.84628 1.56072 2
      vertex -5.97111 0.588102 2
    endloop
  endfacet
  facet normal 0 0 1
    outer loop
      vertex -5.54328 -2.2961 2
      vertex -7.39104 -3.06147 2
      vertex -7.05537 -3.77117 2
    endloop
  endfacet
  facet normal -0 0 1
    outer loop
      vertex -7.96148 0.784137 2
      vertex -5.97111 0.588102 2
      vertex -7.84628 1.56072 2
    endloop
  endfacet
  facet normal 0 0 1
    outer loop
      vertex -5.74164 -1.74171 2
      vertex -7.65552 -2.32228 2
      vertex -7.39104 -3.06147 2
    endloop
  endfacet
  facet normal 0 0 1
    outer loop
      vertex -5.97111 0.588102 2
      vertex -7.96148 0.784137 2
      vertex -6 0 2
    endloop
  endfacet
  facet normal 0 0 1
    outer loop
      vertex -5.88471 -1.17054 2
      vertex -7.84628 -1.56072 2
      vertex -7.65552 -2.32228 2
    endloop
  endfacet
  facet normal 0 0 1
    outer loop
      vertex -8 0 2
      vertex -6 0 2
      vertex -7.96148 0.784137 2
    endloop
  endfacet
  facet normal 0 0 1
    outer loop
      vertex -5.97111 -0.588102 2
      vertex -7.96148 -0.784137 2
      vertex -7.84628 -1.56072 2
    endloop
  endfacet
  facet normal 0 0 1
    outer loop
      vertex -6 0 2
      vertex -8 0 2
      vertex -7.96148 -0.784137 2
    endloop
  endfacet
  facet normal -0.998796 0.0490649 0
    outer loop
      vertex -8 0 0
      vertex -7.96148 0.784137 2
      vertex -7.96148 0.784137 0
    endloop
  endfacet
  facet normal -0.998796 0.0490649 0
    outer loop
      vertex -7.96148 0.784137 2
      vertex -8 0 0
      vertex -8 0 2
    endloop
  endfacet
  facet normal 0.671564 -0.740946 0
    outer loop
      vertex 5.07515 -6.18408 0
      vertex 5.65685 -5.65685 2
      vertex 5.07515 -6.18408 2
    endloop
  endfacet
  facet normal 0.671564 -0.740946 0
    outer loop
      vertex 5.65685 -5.65685 2
      vertex 5.07515 -6.18408 0
      vertex 5.65685 -5.65685 0
    endloop
  endfacet
  facet normal -0.740959 -0.67155 0
    outer loop
      vertex 2.00983 1.64942 0
      vertex 1.83848 1.83848 40
      vertex 1.83848 1.83848 0
    endloop
  endfacet
  facet normal -0.740959 -0.67155 0
    outer loop
      vertex 1.83848 1.83848 40
      vertex 2.00983 1.64942 0
      vertex 2.00983 1.64942 40
    endloop
  endfacet
  facet normal -0.989176 -0.146736 0
    outer loop
      vertex 2.58748 0.254844 0
      vertex 2.55004 0.507235 40
      vertex 2.55004 0.507235 0
    endloop
  endfacet
  facet normal -0.989176 -0.146736 0
    outer loop
      vertex 2.55004 0.507235 40
      vertex 2.58748 0.254844 0
      vertex 2.58748 0.254844 40
    endloop
  endfacet
  facet normal -0.998795 -0.0490689 0
    outer loop
      vertex 2.6 0 0
      vertex 2.58748 0.254844 40
      vertex 2.58748 0.254844 0
    endloop
  endfacet
  facet normal -0.998795 -0.0490689 0
    outer loop
      vertex 2.58748 0.254844 40
      vertex 2.6 0 0
      vertex 2.6 0 40
    endloop
  endfacet
  facet normal -0.970028 -0.242992 0
    outer loop
      vertex 2.55004 0.507235 0
      vertex 2.48804 0.75474 40
      vertex 2.48804 0.75474 0
    endloop
  endfacet
  facet normal -0.970028 -0.242992 0
    outer loop
      vertex 2.48804 0.75474 40
      vertex 2.55004 0.507235 0
      vertex 2.55004 0.507235 40
    endloop
  endfacet
  facet normal -0.336863 0.941554 0
    outer loop
      vertex 0.994976 -2.40209 0
      vertex 0.75474 -2.48804 40
      vertex 0.994976 -2.40209 40
    endloop
  endfacet
  facet normal -0.336863 0.941554 0
    outer loop
      vertex 0.75474 -2.48804 40
      vertex 0.994976 -2.40209 0
      vertex 0.75474 -2.48804 0
    endloop
  endfacet
  facet normal -0.67155 -0.740959 0
    outer loop
      vertex 1.64942 2.00983 0
      vertex 1.83848 1.83848 40
      vertex 1.64942 2.00983 40
    endloop
  endfacet
  facet normal -0.67155 -0.740959 -0
    outer loop
      vertex 1.83848 1.83848 40
      vertex 1.64942 2.00983 0
      vertex 1.83848 1.83848 0
    endloop
  endfacet
  facet normal -0.941554 -0.336863 0
    outer loop
      vertex 2.48804 0.75474 0
      vertex 2.40209 0.994976 40
      vertex 2.40209 0.994976 0
    endloop
  endfacet
  facet normal -0.941554 -0.336863 0
    outer loop
      vertex 2.40209 0.994976 40
      vertex 2.48804 0.75474 0
      vertex 2.48804 0.75474 40
    endloop
  endfacet
  facet normal -0.0490689 0.998795 0
    outer loop
      vertex 0.254844 -2.58748 0
      vertex 0 -2.6 40
      vertex 0.254844 -2.58748 40
    endloop
  endfacet
  facet normal -0.0490689 0.998795 0
    outer loop
      vertex 0 -2.6 40
      vertex 0.254844 -2.58748 0
      vertex 0 -2.6 0
    endloop
  endfacet
  facet normal 0.59569 0.803215 -0
    outer loop
      vertex -1.44448 -2.16182 0
      vertex -1.64942 -2.00983 40
      vertex -1.44448 -2.16182 40
    endloop
  endfacet
  facet normal 0.59569 0.803215 0
    outer loop
      vertex -1.64942 -2.00983 40
      vertex -1.44448 -2.16182 0
      vertex -1.64942 -2.00983 0
    endloop
  endfacet
  facet normal -0.0490689 -0.998795 0
    outer loop
      vertex 0 2.6 0
      vertex 0.254844 2.58748 40
      vertex 0 2.6 40
    endloop
  endfacet
  facet normal -0.0490689 -0.998795 -0
    outer loop
      vertex 0.254844 2.58748 40
      vertex 0 2.6 0
      vertex 0.254844 2.58748 0
    endloop
  endfacet
  facet normal -0.514092 0.857735 0
    outer loop
      vertex 1.44448 -2.16182 0
      vertex 1.22563 -2.29299 40
      vertex 1.44448 -2.16182 40
    endloop
  endfacet
  facet normal -0.514092 0.857735 0
    outer loop
      vertex 1.22563 -2.29299 40
      vertex 1.44448 -2.16182 0
      vertex 1.22563 -2.29299 0
    endloop
  endfacet
  facet normal 0.242992 0.970028 -0
    outer loop
      vertex -0.507235 -2.55004 0
      vertex -0.75474 -2.48804 40
      vertex -0.507235 -2.55004 40
    endloop
  endfacet
  facet normal 0.242992 0.970028 0
    outer loop
      vertex -0.75474 -2.48804 40
      vertex -0.507235 -2.55004 0
      vertex -0.75474 -2.48804 0
    endloop
  endfacet
  facet normal -0.857735 -0.514092 0
    outer loop
      vertex 2.29299 1.22563 0
      vertex 2.16182 1.44448 40
      vertex 2.16182 1.44448 0
    endloop
  endfacet
  facet normal -0.857735 -0.514092 0
    outer loop
      vertex 2.16182 1.44448 40
      vertex 2.29299 1.22563 0
      vertex 2.29299 1.22563 40
    endloop
  endfacet
  facet normal 0.998795 0.0490689 0
    outer loop
      vertex -2.58748 -0.254844 40
      vertex -2.6 0 0
      vertex -2.6 0 40
    endloop
  endfacet
  facet normal 0.998795 0.0490689 0
    outer loop
      vertex -2.6 0 0
      vertex -2.58748 -0.254844 40
      vertex -2.58748 -0.254844 0
    endloop
  endfacet
  facet normal 0.903976 0.427583 0
    outer loop
      vertex -2.29299 -1.22563 40
      vertex -2.40209 -0.994976 0
      vertex -2.40209 -0.994976 40
    endloop
  endfacet
  facet normal 0.903976 0.427583 0
    outer loop
      vertex -2.40209 -0.994976 0
      vertex -2.29299 -1.22563 40
      vertex -2.29299 -1.22563 0
    endloop
  endfacet
  facet normal -0.903976 -0.427583 0
    outer loop
      vertex 2.40209 0.994976 0
      vertex 2.29299 1.22563 40
      vertex 2.29299 1.22563 0
    endloop
  endfacet
  facet normal -0.903976 -0.427583 0
    outer loop
      vertex 2.29299 1.22563 40
      vertex 2.40209 0.994976 0
      vertex 2.40209 0.994976 40
    endloop
  endfacet
  facet normal -0.970028 0.242992 0
    outer loop
      vertex 2.48804 -0.75474 0
      vertex 2.55004 -0.507235 40
      vertex 2.55004 -0.507235 0
    endloop
  endfacet
  facet normal -0.970028 0.242992 0
    outer loop
      vertex 2.55004 -0.507235 40
      vertex 2.48804 -0.75474 0
      vertex 2.48804 -0.75474 40
    endloop
  endfacet
  facet normal 0.514092 -0.857735 0
    outer loop
      vertex -1.44448 2.16182 0
      vertex -1.22563 2.29299 40
      vertex -1.44448 2.16182 40
    endloop
  endfacet
  facet normal 0.514092 -0.857735 0
    outer loop
      vertex -1.22563 2.29299 40
      vertex -1.44448 2.16182 0
      vertex -1.22563 2.29299 0
    endloop
  endfacet
  facet normal 0.970028 0.242992 0
    outer loop
      vertex -2.48804 -0.75474 40
      vertex -2.55004 -0.507235 0
      vertex -2.55004 -0.507235 40
    endloop
  endfacet
  facet normal 0.970028 0.242992 0
    outer loop
      vertex -2.55004 -0.507235 0
      vertex -2.48804 -0.75474 40
      vertex -2.48804 -0.75474 0
    endloop
  endfacet
  facet normal -0.242992 -0.970028 0
    outer loop
      vertex 0.507235 2.55004 0
      vertex 0.75474 2.48804 40
      vertex 0.507235 2.55004 40
    endloop
  endfacet
  facet normal -0.242992 -0.970028 -0
    outer loop
      vertex 0.75474 2.48804 40
      vertex 0.507235 2.55004 0
      vertex 0.75474 2.48804 0
    endloop
  endfacet
  facet normal -0.941554 0.336863 0
    outer loop
      vertex 2.40209 -0.994976 0
      vertex 2.48804 -0.75474 40
      vertex 2.48804 -0.75474 0
    endloop
  endfacet
  facet normal -0.941554 0.336863 0
    outer loop
      vertex 2.48804 -0.75474 40
      vertex 2.40209 -0.994976 0
      vertex 2.40209 -0.994976 40
    endloop
  endfacet
  facet normal -0.989176 0.146736 0
    outer loop
      vertex 2.55004 -0.507235 0
      vertex 2.58748 -0.254844 40
      vertex 2.58748 -0.254844 0
    endloop
  endfacet
  facet normal -0.989176 0.146736 0
    outer loop
      vertex 2.58748 -0.254844 40
      vertex 2.55004 -0.507235 0
      vertex 2.55004 -0.507235 40
    endloop
  endfacet
  facet normal -0.146736 -0.989176 0
    outer loop
      vertex 0.254844 2.58748 0
      vertex 0.507235 2.55004 40
      vertex 0.254844 2.58748 40
    endloop
  endfacet
  facet normal -0.146736 -0.989176 -0
    outer loop
      vertex 0.507235 2.55004 40
      vertex 0.254844 2.58748 0
      vertex 0.507235 2.55004 0
    endloop
  endfacet
  facet normal 0.427583 -0.903976 0
    outer loop
      vertex -1.22563 2.29299 0
      vertex -0.994976 2.40209 40
      vertex -1.22563 2.29299 40
    endloop
  endfacet
  facet normal 0.427583 -0.903976 0
    outer loop
      vertex -0.994976 2.40209 40
      vertex -1.22563 2.29299 0
      vertex -0.994976 2.40209 0
    endloop
  endfacet
  facet normal 0.146736 -0.989176 0
    outer loop
      vertex -0.507235 2.55004 0
      vertex -0.254844 2.58748 40
      vertex -0.507235 2.55004 40
    endloop
  endfacet
  facet normal 0.146736 -0.989176 0
    outer loop
      vertex -0.254844 2.58748 40
      vertex -0.507235 2.55004 0
      vertex -0.254844 2.58748 0
    endloop
  endfacet
  facet normal -0.427583 0.903976 0
    outer loop
      vertex 1.22563 -2.29299 0
      vertex 0.994976 -2.40209 40
      vertex 1.22563 -2.29299 40
    endloop
  endfacet
  facet normal -0.427583 0.903976 0
    outer loop
      vertex 0.994976 -2.40209 40
      vertex 1.22563 -2.29299 0
      vertex 0.994976 -2.40209 0
    endloop
  endfacet
  facet normal 0.67155 -0.740959 0
    outer loop
      vertex -1.83848 1.83848 0
      vertex -1.64942 2.00983 40
      vertex -1.83848 1.83848 40
    endloop
  endfacet
  facet normal 0.67155 -0.740959 0
    outer loop
      vertex -1.64942 2.00983 40
      vertex -1.83848 1.83848 0
      vertex -1.64942 2.00983 0
    endloop
  endfacet
  facet normal -0.857735 0.514092 0
    outer loop
      vertex 2.16182 -1.44448 0
      vertex 2.29299 -1.22563 40
      vertex 2.29299 -1.22563 0
    endloop
  endfacet
  facet normal -0.857735 0.514092 0
    outer loop
      vertex 2.29299 -1.22563 40
      vertex 2.16182 -1.44448 0
      vertex 2.16182 -1.44448 40
    endloop
  endfacet
  facet normal 0.59569 -0.803215 0
    outer loop
      vertex -1.64942 2.00983 0
      vertex -1.44448 2.16182 40
      vertex -1.64942 2.00983 40
    endloop
  endfacet
  facet normal 0.59569 -0.803215 0
    outer loop
      vertex -1.44448 2.16182 40
      vertex -1.64942 2.00983 0
      vertex -1.44448 2.16182 0
    endloop
  endfacet
  facet normal -0.903976 0.427583 0
    outer loop
      vertex 2.29299 -1.22563 0
      vertex 2.40209 -0.994976 40
      vertex 2.40209 -0.994976 0
    endloop
  endfacet
  facet normal -0.903976 0.427583 0
    outer loop
      vertex 2.40209 -0.994976 40
      vertex 2.29299 -1.22563 0
      vertex 2.29299 -1.22563 40
    endloop
  endfacet
  facet normal -0.998795 0.0490689 0
    outer loop
      vertex 2.58748 -0.254844 0
      vertex 2.6 0 40
      vertex 2.6 0 0
    endloop
  endfacet
  facet normal -0.998795 0.0490689 0
    outer loop
      vertex 2.6 0 40
      vertex 2.58748 -0.254844 0
      vertex 2.58748 -0.254844 40
    endloop
  endfacet
  facet normal 0.740959 -0.67155 0
    outer loop
      vertex -2.00983 1.64942 40
      vertex -1.83848 1.83848 0
      vertex -1.83848 1.83848 40
    endloop
  endfacet
  facet normal 0.740959 -0.67155 0
    outer loop
      vertex -1.83848 1.83848 0
      vertex -2.00983 1.64942 40
      vertex -2.00983 1.64942 0
    endloop
  endfacet
  facet normal 0.941554 0.336863 0
    outer loop
      vertex -2.40209 -0.994976 40
      vertex -2.48804 -0.75474 0
      vertex -2.48804 -0.75474 40
    endloop
  endfacet
  facet normal 0.941554 0.336863 0
    outer loop
      vertex -2.48804 -0.75474 0
      vertex -2.40209 -0.994976 40
      vertex -2.40209 -0.994976 0
    endloop
  endfacet
  facet normal -0.514092 -0.857735 0
    outer loop
      vertex 1.22563 2.29299 0
      vertex 1.44448 2.16182 40
      vertex 1.22563 2.29299 40
    endloop
  endfacet
  facet normal -0.514092 -0.857735 -0
    outer loop
      vertex 1.44448 2.16182 40
      vertex 1.22563 2.29299 0
      vertex 1.44448 2.16182 0
    endloop
  endfacet
  facet normal -0.59569 -0.803215 0
    outer loop
      vertex 1.44448 2.16182 0
      vertex 1.64942 2.00983 40
      vertex 1.44448 2.16182 40
    endloop
  endfacet
  facet normal -0.59569 -0.803215 -0
    outer loop
      vertex 1.64942 2.00983 40
      vertex 1.44448 2.16182 0
      vertex 1.64942 2.00983 0
    endloop
  endfacet
  facet normal -0.146736 0.989176 0
    outer loop
      vertex 0.507235 -2.55004 0
      vertex 0.254844 -2.58748 40
      vertex 0.507235 -2.55004 40
    endloop
  endfacet
  facet normal -0.146736 0.989176 0
    outer loop
      vertex 0.254844 -2.58748 40
      vertex 0.507235 -2.55004 0
      vertex 0.254844 -2.58748 0
    endloop
  endfacet
  facet normal -0.740959 0.67155 0
    outer loop
      vertex 1.83848 -1.83848 0
      vertex 2.00983 -1.64942 40
      vertex 2.00983 -1.64942 0
    endloop
  endfacet
  facet normal -0.740959 0.67155 0
    outer loop
      vertex 2.00983 -1.64942 40
      vertex 1.83848 -1.83848 0
      vertex 1.83848 -1.83848 40
    endloop
  endfacet
  facet normal -0.803215 0.59569 0
    outer loop
      vertex 2.00983 -1.64942 0
      vertex 2.16182 -1.44448 40
      vertex 2.16182 -1.44448 0
    endloop
  endfacet
  facet normal -0.803215 0.59569 0
    outer loop
      vertex 2.16182 -1.44448 40
      vertex 2.00983 -1.64942 0
      vertex 2.00983 -1.64942 40
    endloop
  endfacet
  facet normal -0.242992 0.970028 0
    outer loop
      vertex 0.75474 -2.48804 0
      vertex 0.507235 -2.55004 40
      vertex 0.75474 -2.48804 40
    endloop
  endfacet
  facet normal -0.242992 0.970028 0
    outer loop
      vertex 0.507235 -2.55004 40
      vertex 0.75474 -2.48804 0
      vertex 0.507235 -2.55004 0
    endloop
  endfacet
  facet normal 0.242992 -0.970028 0
    outer loop
      vertex -0.75474 2.48804 0
      vertex -0.507235 2.55004 40
      vertex -0.75474 2.48804 40
    endloop
  endfacet
  facet normal 0.242992 -0.970028 0
    outer loop
      vertex -0.507235 2.55004 40
      vertex -0.75474 2.48804 0
      vertex -0.507235 2.55004 0
    endloop
  endfacet
  facet normal -0.803215 -0.59569 0
    outer loop
      vertex 2.16182 1.44448 0
      vertex 2.00983 1.64942 40
      vertex 2.00983 1.64942 0
    endloop
  endfacet
  facet normal -0.803215 -0.59569 0
    outer loop
      vertex 2.00983 1.64942 40
      vertex 2.16182 1.44448 0
      vertex 2.16182 1.44448 40
    endloop
  endfacet
  facet normal 0.857735 -0.514092 0
    outer loop
      vertex -2.29299 1.22563 40
      vertex -2.16182 1.44448 0
      vertex -2.16182 1.44448 40
    endloop
  endfacet
  facet normal 0.857735 -0.514092 0
    outer loop
      vertex -2.16182 1.44448 0
      vertex -2.29299 1.22563 40
      vertex -2.29299 1.22563 0
    endloop
  endfacet
  facet normal -0.427583 -0.903976 0
    outer loop
      vertex 0.994976 2.40209 0
      vertex 1.22563 2.29299 40
      vertex 0.994976 2.40209 40
    endloop
  endfacet
  facet normal -0.427583 -0.903976 -0
    outer loop
      vertex 1.22563 2.29299 40
      vertex 0.994976 2.40209 0
      vertex 1.22563 2.29299 0
    endloop
  endfacet
  facet normal 0.857735 0.514092 0
    outer loop
      vertex -2.16182 -1.44448 40
      vertex -2.29299 -1.22563 0
      vertex -2.29299 -1.22563 40
    endloop
  endfacet
  facet normal 0.857735 0.514092 0
    outer loop
      vertex -2.29299 -1.22563 0
      vertex -2.16182 -1.44448 40
      vertex -2.16182 -1.44448 0
    endloop
  endfacet
  facet normal 0.427583 0.903976 -0
    outer loop
      vertex -0.994976 -2.40209 0
      vertex -1.22563 -2.29299 40
      vertex -0.994976 -2.40209 40
    endloop
  endfacet
  facet normal 0.427583 0.903976 0
    outer loop
      vertex -1.22563 -2.29299 40
      vertex -0.994976 -2.40209 0
      vertex -1.22563 -2.29299 0
    endloop
  endfacet
  facet normal 0.740959 0.67155 0
    outer loop
      vertex -1.83848 -1.83848 40
      vertex -2.00983 -1.64942 0
      vertex -2.00983 -1.64942 40
    endloop
  endfacet
  facet normal 0.740959 0.67155 0
    outer loop
      vertex -2.00983 -1.64942 0
      vertex -1.83848 -1.83848 40
      vertex -1.83848 -1.83848 0
    endloop
  endfacet
  facet normal 0.336863 -0.941554 0
    outer loop
      vertex -0.994976 2.40209 0
      vertex -0.75474 2.48804 40
      vertex -0.994976 2.40209 40
    endloop
  endfacet
  facet normal 0.336863 -0.941554 0
    outer loop
      vertex -0.75474 2.48804 40
      vertex -0.994976 2.40209 0
      vertex -0.75474 2.48804 0
    endloop
  endfacet
  facet normal 0.514092 0.857735 -0
    outer loop
      vertex -1.22563 -2.29299 0
      vertex -1.44448 -2.16182 40
      vertex -1.22563 -2.29299 40
    endloop
  endfacet
  facet normal 0.514092 0.857735 0
    outer loop
      vertex -1.44448 -2.16182 40
      vertex -1.22563 -2.29299 0
      vertex -1.44448 -2.16182 0
    endloop
  endfacet
  facet normal -0.59569 0.803215 0
    outer loop
      vertex 1.64942 -2.00983 0
      vertex 1.44448 -2.16182 40
      vertex 1.64942 -2.00983 40
    endloop
  endfacet
  facet normal -0.59569 0.803215 0
    outer loop
      vertex 1.44448 -2.16182 40
      vertex 1.64942 -2.00983 0
      vertex 1.44448 -2.16182 0
    endloop
  endfacet
  facet normal 0.0490689 -0.998795 0
    outer loop
      vertex -0.254844 2.58748 0
      vertex 0 2.6 40
      vertex -0.254844 2.58748 40
    endloop
  endfacet
  facet normal 0.0490689 -0.998795 0
    outer loop
      vertex 0 2.6 40
      vertex -0.254844 2.58748 0
      vertex 0 2.6 0
    endloop
  endfacet
  facet normal 0.970028 -0.242992 0
    outer loop
      vertex -2.55004 0.507235 40
      vertex -2.48804 0.75474 0
      vertex -2.48804 0.75474 40
    endloop
  endfacet
  facet normal 0.970028 -0.242992 0
    outer loop
      vertex -2.48804 0.75474 0
      vertex -2.55004 0.507235 40
      vertex -2.55004 0.507235 0
    endloop
  endfacet
  facet normal 0.941554 -0.336863 0
    outer loop
      vertex -2.48804 0.75474 40
      vertex -2.40209 0.994976 0
      vertex -2.40209 0.994976 40
    endloop
  endfacet
  facet normal 0.941554 -0.336863 0
    outer loop
      vertex -2.40209 0.994976 0
      vertex -2.48804 0.75474 40
      vertex -2.48804 0.75474 0
    endloop
  endfacet
  facet normal -0.336863 -0.941554 0
    outer loop
      vertex 0.75474 2.48804 0
      vertex 0.994976 2.40209 40
      vertex 0.75474 2.48804 40
    endloop
  endfacet
  facet normal -0.336863 -0.941554 -0
    outer loop
      vertex 0.994976 2.40209 40
      vertex 0.75474 2.48804 0
      vertex 0.994976 2.40209 0
    endloop
  endfacet
  facet normal 0.803215 0.59569 0
    outer loop
      vertex -2.00983 -1.64942 40
      vertex -2.16182 -1.44448 0
      vertex -2.16182 -1.44448 40
    endloop
  endfacet
  facet normal 0.803215 0.59569 0
    outer loop
      vertex -2.16182 -1.44448 0
      vertex -2.00983 -1.64942 40
      vertex -2.00983 -1.64942 0
    endloop
  endfacet
  facet normal 0.989176 0.146736 0
    outer loop
      vertex -2.55004 -0.507235 40
      vertex -2.58748 -0.254844 0
      vertex -2.58748 -0.254844 40
    endloop
  endfacet
  facet normal 0.989176 0.146736 0
    outer loop
      vertex -2.58748 -0.254844 0
      vertex -2.55004 -0.507235 40
      vertex -2.55004 -0.507235 0
    endloop
  endfacet
  facet normal 0.903976 -0.427583 0
    outer loop
      vertex -2.40209 0.994976 40
      vertex -2.29299 1.22563 0
      vertex -2.29299 1.22563 40
    endloop
  endfacet
  facet normal 0.903976 -0.427583 0
    outer loop
      vertex -2.29299 1.22563 0
      vertex -2.40209 0.994976 40
      vertex -2.40209 0.994976 0
    endloop
  endfacet
  facet normal 0.67155 0.740959 -0
    outer loop
      vertex -1.64942 -2.00983 0
      vertex -1.83848 -1.83848 40
      vertex -1.64942 -2.00983 40
    endloop
  endfacet
  facet normal 0.67155 0.740959 0
    outer loop
      vertex -1.83848 -1.83848 40
      vertex -1.64942 -2.00983 0
      vertex -1.83848 -1.83848 0
    endloop
  endfacet
  facet normal 0.803215 -0.59569 0
    outer loop
      vertex -2.16182 1.44448 40
      vertex -2.00983 1.64942 0
      vertex -2.00983 1.64942 40
    endloop
  endfacet
  facet normal 0.803215 -0.59569 0
    outer loop
      vertex -2.00983 1.64942 0
      vertex -2.16182 1.44448 40
      vertex -2.16182 1.44448 0
    endloop
  endfacet
  facet normal 0.0490689 0.998795 -0
    outer loop
      vertex 0 -2.6 0
      vertex -0.254844 -2.58748 40
      vertex 0 -2.6 40
    endloop
  endfacet
  facet normal 0.0490689 0.998795 0
    outer loop
      vertex -0.254844 -2.58748 40
      vertex 0 -2.6 0
      vertex -0.254844 -2.58748 0
    endloop
  endfacet
  facet normal 0.146736 0.989176 -0
    outer loop
      vertex -0.254844 -2.58748 0
      vertex -0.507235 -2.55004 40
      vertex -0.254844 -2.58748 40
    endloop
  endfacet
  facet normal 0.146736 0.989176 0
    outer loop
      vertex -0.507235 -2.55004 40
      vertex -0.254844 -2.58748 0
      vertex -0.507235 -2.55004 0
    endloop
  endfacet
  facet normal 0.989176 -0.146736 0
    outer loop
      vertex -2.58748 0.254844 40
      vertex -2.55004 0.507235 0
      vertex -2.55004 0.507235 40
    endloop
  endfacet
  facet normal 0.989176 -0.146736 0
    outer loop
      vertex -2.55004 0.507235 0
      vertex -2.58748 0.254844 40
      vertex -2.58748 0.254844 0
    endloop
  endfacet
  facet normal 0.998795 -0.0490689 0
    outer loop
      vertex -2.6 0 40
      vertex -2.58748 0.254844 0
      vertex -2.58748 0.254844 40
    endloop
  endfacet
  facet normal 0.998795 -0.0490689 0
    outer loop
      vertex -2.58748 0.254844 0
      vertex -2.6 0 40
      vertex -2.6 0 0
    endloop
  endfacet
  facet normal 0.336863 0.941554 -0
    outer loop
      vertex -0.75474 -2.48804 0
      vertex -0.994976 -2.40209 40
      vertex -0.75474 -2.48804 40
    endloop
  endfacet
  facet normal 0.336863 0.941554 0
    outer loop
      vertex -0.994976 -2.40209 40
      vertex -0.75474 -2.48804 0
      vertex -0.994976 -2.40209 0
    endloop
  endfacet
  facet normal -0.67155 0.740959 0
    outer loop
      vertex 1.83848 -1.83848 0
      vertex 1.64942 -2.00983 40
      vertex 1.83848 -1.83848 40
    endloop
  endfacet
  facet normal -0.67155 0.740959 0
    outer loop
      vertex 1.64942 -2.00983 40
      vertex 1.83848 -1.83848 0
      vertex 1.64942 -2.00983 0
    endloop
  endfacet
endsolid OpenSCAD_Model
