solid OpenSCAD_Model
  facet normal 0.740953 0.671557 0
    outer loop
      vertex 8.92511 8 8
      vertex 8.48528 8.48528 0
      vertex 8.48528 8.48528 8
    endloop
  endfacet
  facet normal 0.740953 0.671557 0
    outer loop
      vertex 8.48528 8.48528 0
      vertex 8.92511 8 8
      vertex 8.92511 8 0
    endloop
  endfacet
  facet normal -0.242947 0.97004 0
    outer loop
      vertex -2.34108 11.7694 0
      vertex -3.48342 11.4833 8
      vertex -2.34108 11.7694 8
    endloop
  endfacet
  facet normal -0.242947 0.97004 0
    outer loop
      vertex -3.48342 11.4833 8
      vertex -2.34108 11.7694 0
      vertex -3.48342 11.4833 0
    endloop
  endfacet
  facet normal -0.803209 0.595698 0
    outer loop
      vertex -9.97763 6.66684 0
      vertex -9.27612 7.61272 8
      vertex -9.27612 7.61272 0
    endloop
  endfacet
  facet normal -0.803209 0.595698 0
    outer loop
      vertex -9.27612 7.61272 8
      vertex -9.97763 6.66684 0
      vertex -9.97763 6.66684 8
    endloop
  endfacet
  facet normal 0 0 -1
    outer loop
      vertex 3.38824 2.26395 0
      vertex 8.92511 8 0
      vertex 3.59383 1.92094 0
    endloop
  endfacet
  facet normal 0 0 -1
    outer loop
      vertex 3.15002 2.58515 0
      vertex 8.92511 8 0
      vertex 3.38824 2.26395 0
    endloop
  endfacet
  facet normal 0 0 -1
    outer loop
      vertex 2.88146 2.88146 0
      vertex 8.92511 8 0
      vertex 3.15002 2.58515 0
    endloop
  endfacet
  facet normal -0 0 -1
    outer loop
      vertex 8.92511 8 0
      vertex 2.88146 2.88146 0
      vertex 8.48528 8.48528 0
    endloop
  endfacet
  facet normal -0 0 -1
    outer loop
      vertex 8.48528 8.48528 0
      vertex 2.88146 2.88146 0
      vertex 7.61272 9.27612 0
    endloop
  endfacet
  facet normal 0 0 -1
    outer loop
      vertex 2.58515 3.15002 0
      vertex 7.61272 9.27612 0
      vertex 2.88146 2.88146 0
    endloop
  endfacet
  facet normal -0 0 -1
    outer loop
      vertex 7.61272 9.27612 0
      vertex 2.58515 3.15002 0
      vertex 6.66684 9.97763 0
    endloop
  endfacet
  facet normal 0 0 -1
    outer loop
      vertex 2.26395 3.38824 0
      vertex 6.66684 9.97763 0
      vertex 2.58515 3.15002 0
    endloop
  endfacet
  facet normal -0 0 -1
    outer loop
      vertex 6.66684 9.97763 0
      vertex 2.26395 3.38824 0
      vertex 5.65676 10.5831 0
    endloop
  endfacet
  facet normal 0 0 -1
    outer loop
      vertex 1.92094 3.59383 0
      vertex 5.65676 10.5831 0
      vertex 2.26395 3.38824 0
    endloop
  endfacet
  facet normal -0 0 -1
    outer loop
      vertex 5.65676 10.5831 0
      vertex 1.92094 3.59383 0
      vertex 4.5922 11.0866 0
    endloop
  endfacet
  facet normal 0 0 -1
    outer loop
      vertex 1.55943 3.76481 0
      vertex 4.5922 11.0866 0
      vertex 1.92094 3.59383 0
    endloop
  endfacet
  facet normal -0 0 -1
    outer loop
      vertex 4.5922 11.0866 0
      vertex 1.55943 3.76481 0
      vertex 3.48342 11.4833 0
    endloop
  endfacet
  facet normal 0 0 -1
    outer loop
      vertex 1.18291 3.89953 0
      vertex 3.48342 11.4833 0
      vertex 1.55943 3.76481 0
    endloop
  endfacet
  facet normal -0 0 -1
    outer loop
      vertex 3.48342 11.4833 0
      vertex 1.18291 3.89953 0
      vertex 2.34108 11.7694 0
    endloop
  endfacet
  facet normal 0 0 -1
    outer loop
      vertex 0.794992 3.9967 0
      vertex 2.34108 11.7694 0
      vertex 1.18291 3.89953 0
    endloop
  endfacet
  facet normal -0 0 -1
    outer loop
      vertex 2.34108 11.7694 0
      vertex 0.794992 3.9967 0
      vertex 1.17621 11.9422 0
    endloop
  endfacet
  facet normal 0 0 -1
    outer loop
      vertex 0.39942 4.05538 0
      vertex 1.17621 11.9422 0
      vertex 0.794992 3.9967 0
    endloop
  endfacet
  facet normal 0 0 -1
    outer loop
      vertex 0 4.075 0
      vertex 1.17621 11.9422 0
      vertex 0.39942 4.05538 0
    endloop
  endfacet
  facet normal 0 0 -1
    outer loop
      vertex 0 4.075 0
      vertex 0 12 0
      vertex 1.17621 11.9422 0
    endloop
  endfacet
  facet normal 0 0 -1
    outer loop
      vertex -0.39942 4.05538 0
      vertex 0 12 0
      vertex 0 4.075 0
    endloop
  endfacet
  facet normal 0 0 -1
    outer loop
      vertex -1.17621 11.9422 0
      vertex -0.39942 4.05538 0
      vertex -0.794992 3.9967 0
    endloop
  endfacet
  facet normal 0 0 -1
    outer loop
      vertex -0.39942 4.05538 0
      vertex -1.17621 11.9422 0
      vertex 0 12 0
    endloop
  endfacet
  facet normal 0 0 -1
    outer loop
      vertex -2.34108 11.7694 0
      vertex -0.794992 3.9967 0
      vertex -1.18291 3.89953 0
    endloop
  endfacet
  facet normal 0 0 -1
    outer loop
      vertex -3.48342 11.4833 0
      vertex -1.18291 3.89953 0
      vertex -1.55943 3.76481 0
    endloop
  endfacet
  facet normal 0 0 -1
    outer loop
      vertex -4.5922 11.0866 0
      vertex -1.55943 3.76481 0
      vertex -1.92094 3.59383 0
    endloop
  endfacet
  facet normal 0 0 -1
    outer loop
      vertex -5.65676 10.5831 0
      vertex -1.92094 3.59383 0
      vertex -2.26395 3.38824 0
    endloop
  endfacet
  facet normal 0 0 -1
    outer loop
      vertex -0.794992 3.9967 0
      vertex -2.34108 11.7694 0
      vertex -1.17621 11.9422 0
    endloop
  endfacet
  facet normal 0 0 -1
    outer loop
      vertex -6.66684 9.97763 0
      vertex -2.26395 3.38824 0
      vertex -2.58515 3.15002 0
    endloop
  endfacet
  facet normal 0 0 -1
    outer loop
      vertex -7.61272 9.27612 0
      vertex -2.58515 3.15002 0
      vertex -2.88146 2.88146 0
    endloop
  endfacet
  facet normal 0 0 -1
    outer loop
      vertex -8.48528 8.48528 0
      vertex -2.88146 2.88146 0
      vertex -3.15002 2.58515 0
    endloop
  endfacet
  facet normal 0 0 -1
    outer loop
      vertex -9.27612 7.61272 0
      vertex -3.15002 2.58515 0
      vertex -3.38824 2.26395 0
    endloop
  endfacet
  facet normal 0 0 -1
    outer loop
      vertex -1.18291 3.89953 0
      vertex -3.48342 11.4833 0
      vertex -2.34108 11.7694 0
    endloop
  endfacet
  facet normal 0 0 -1
    outer loop
      vertex -9.97763 6.66684 0
      vertex -3.38824 2.26395 0
      vertex -3.59383 1.92094 0
    endloop
  endfacet
  facet normal 0 0 -1
    outer loop
      vertex -10.5831 5.65676 0
      vertex -3.59383 1.92094 0
      vertex -3.76481 1.55943 0
    endloop
  endfacet
  facet normal 0 0 -1
    outer loop
      vertex -11.0866 4.5922 0
      vertex -3.76481 1.55943 0
      vertex -3.89953 1.18291 0
    endloop
  endfacet
  facet normal 0 0 -1
    outer loop
      vertex -11.4833 3.48342 0
      vertex -3.89953 1.18291 0
      vertex -3.9967 0.794992 0
    endloop
  endfacet
  facet normal 0 0 -1
    outer loop
      vertex -11.7694 2.34108 0
      vertex -3.9967 0.794992 0
      vertex -4.05538 0.39942 0
    endloop
  endfacet
  facet normal 0 0 -1
    outer loop
      vertex -1.55943 3.76481 0
      vertex -4.5922 11.0866 0
      vertex -3.48342 11.4833 0
    endloop
  endfacet
  facet normal 0 0 -1
    outer loop
      vertex -11.9422 1.17621 0
      vertex -4.05538 0.39942 0
      vertex -4.075 0 0
    endloop
  endfacet
  facet normal -0 0 -1
    outer loop
      vertex -3.38824 -2.26395 0
      vertex -9.97763 -6.66684 0
      vertex -3.59383 -1.92094 0
    endloop
  endfacet
  facet normal 0 0 -1
    outer loop
      vertex -10.5831 -5.65676 0
      vertex -3.59383 -1.92094 0
      vertex -9.97763 -6.66684 0
    endloop
  endfacet
  facet normal 0 0 -1
    outer loop
      vertex -1.92094 3.59383 0
      vertex -5.65676 10.5831 0
      vertex -4.5922 11.0866 0
    endloop
  endfacet
  facet normal -0 0 -1
    outer loop
      vertex -3.59383 -1.92094 0
      vertex -10.5831 -5.65676 0
      vertex -3.76481 -1.55943 0
    endloop
  endfacet
  facet normal 0 0 -1
    outer loop
      vertex -2.26395 3.38824 0
      vertex -6.66684 9.97763 0
      vertex -5.65676 10.5831 0
    endloop
  endfacet
  facet normal 0 0 -1
    outer loop
      vertex -11.0866 -4.5922 0
      vertex -3.76481 -1.55943 0
      vertex -10.5831 -5.65676 0
    endloop
  endfacet
  facet normal 0 0 -1
    outer loop
      vertex -2.58515 3.15002 0
      vertex -7.61272 9.27612 0
      vertex -6.66684 9.97763 0
    endloop
  endfacet
  facet normal -0 0 -1
    outer loop
      vertex -3.76481 -1.55943 0
      vertex -11.0866 -4.5922 0
      vertex -3.89953 -1.18291 0
    endloop
  endfacet
  facet normal 0 0 -1
    outer loop
      vertex -2.88146 2.88146 0
      vertex -8.48528 8.48528 0
      vertex -7.61272 9.27612 0
    endloop
  endfacet
  facet normal 0 0 -1
    outer loop
      vertex -11.4833 -3.48342 0
      vertex -3.89953 -1.18291 0
      vertex -11.0866 -4.5922 0
    endloop
  endfacet
  facet normal 0 0 -1
    outer loop
      vertex -3.15002 2.58515 0
      vertex -9.27612 7.61272 0
      vertex -8.48528 8.48528 0
    endloop
  endfacet
  facet normal -0 0 -1
    outer loop
      vertex -3.89953 -1.18291 0
      vertex -11.4833 -3.48342 0
      vertex -3.9967 -0.794992 0
    endloop
  endfacet
  facet normal 0 0 -1
    outer loop
      vertex -3.38824 2.26395 0
      vertex -9.97763 6.66684 0
      vertex -9.27612 7.61272 0
    endloop
  endfacet
  facet normal 0 0 -1
    outer loop
      vertex -11.7694 -2.34108 0
      vertex -3.9967 -0.794992 0
      vertex -11.4833 -3.48342 0
    endloop
  endfacet
  facet normal 0 0 -1
    outer loop
      vertex -3.59383 1.92094 0
      vertex -10.5831 5.65676 0
      vertex -9.97763 6.66684 0
    endloop
  endfacet
  facet normal -0 0 -1
    outer loop
      vertex -3.9967 -0.794992 0
      vertex -11.7694 -2.34108 0
      vertex -4.05538 -0.39942 0
    endloop
  endfacet
  facet normal 0 0 -1
    outer loop
      vertex -3.76481 1.55943 0
      vertex -11.0866 4.5922 0
      vertex -10.5831 5.65676 0
    endloop
  endfacet
  facet normal 0 0 -1
    outer loop
      vertex -11.9422 -1.17621 0
      vertex -4.05538 -0.39942 0
      vertex -11.7694 -2.34108 0
    endloop
  endfacet
  facet normal 0 0 -1
    outer loop
      vertex -3.89953 1.18291 0
      vertex -11.4833 3.48342 0
      vertex -11.0866 4.5922 0
    endloop
  endfacet
  facet normal -0 0 -1
    outer loop
      vertex -4.05538 -0.39942 0
      vertex -11.9422 -1.17621 0
      vertex -4.075 0 0
    endloop
  endfacet
  facet normal 0 0 -1
    outer loop
      vertex -3.9967 0.794992 0
      vertex -11.7694 2.34108 0
      vertex -11.4833 3.48342 0
    endloop
  endfacet
  facet normal 0 0 -1
    outer loop
      vertex -12 0 0
      vertex -4.075 0 0
      vertex -11.9422 -1.17621 0
    endloop
  endfacet
  facet normal 0 0 -1
    outer loop
      vertex -4.05538 0.39942 0
      vertex -11.9422 1.17621 0
      vertex -11.7694 2.34108 0
    endloop
  endfacet
  facet normal 0 0 -1
    outer loop
      vertex -4.075 0 0
      vertex -12 0 0
      vertex -11.9422 1.17621 0
    endloop
  endfacet
  facet normal 0 0 -1
    outer loop
      vertex 82.6 0 0
      vertex 89 0 0
      vertex 88.9567 -0.882154 0
    endloop
  endfacet
  facet normal 0 0 -1
    outer loop
      vertex 82.5875 -0.254844 0
      vertex 88.9567 -0.882154 0
      vertex 88.8271 -1.75581 0
    endloop
  endfacet
  facet normal 0 0 -1
    outer loop
      vertex 89 0 0
      vertex 82.6 0 0
      vertex 88.9567 0.882154 0
    endloop
  endfacet
  facet normal 0 0 -1
    outer loop
      vertex 82.55 -0.507235 0
      vertex 88.8271 -1.75581 0
      vertex 88.6125 -2.61256 0
    endloop
  endfacet
  facet normal 0 0 -1
    outer loop
      vertex 82.5875 0.254844 0
      vertex 88.9567 0.882154 0
      vertex 82.6 0 0
    endloop
  endfacet
  facet normal 0 0 -1
    outer loop
      vertex 82.488 -0.75474 0
      vertex 88.6125 -2.61256 0
      vertex 88.3149 -3.44415 0
    endloop
  endfacet
  facet normal -0 0 -1
    outer loop
      vertex 88.9567 0.882154 0
      vertex 82.5875 0.254844 0
      vertex 88.8271 1.75581 0
    endloop
  endfacet
  facet normal 0 0 -1
    outer loop
      vertex 82.4021 -0.994976 0
      vertex 88.3149 -3.44415 0
      vertex 87.9373 -4.24257 0
    endloop
  endfacet
  facet normal 0 0 -1
    outer loop
      vertex 82.55 0.507235 0
      vertex 88.8271 1.75581 0
      vertex 82.5875 0.254844 0
    endloop
  endfacet
  facet normal 0 0 -1
    outer loop
      vertex 82.293 -1.22563 0
      vertex 87.9373 -4.24257 0
      vertex 87.4832 -5.00013 0
    endloop
  endfacet
  facet normal -0 0 -1
    outer loop
      vertex 88.8271 1.75581 0
      vertex 82.55 0.507235 0
      vertex 88.6125 2.61256 0
    endloop
  endfacet
  facet normal 0 0 -1
    outer loop
      vertex 82.1618 -1.44448 0
      vertex 87.4832 -5.00013 0
      vertex 86.9571 -5.70954 0
    endloop
  endfacet
  facet normal 0 0 -1
    outer loop
      vertex 82.488 0.75474 0
      vertex 88.6125 2.61256 0
      vertex 82.55 0.507235 0
    endloop
  endfacet
  facet normal 0 0 -1
    outer loop
      vertex 82.0098 -1.64942 0
      vertex 86.9571 -5.70954 0
      vertex 86.364 -6.36396 0
    endloop
  endfacet
  facet normal -0 0 -1
    outer loop
      vertex 88.6125 2.61256 0
      vertex 82.488 0.75474 0
      vertex 88.3149 3.44415 0
    endloop
  endfacet
  facet normal 0 0 -1
    outer loop
      vertex 81.8385 -1.83848 0
      vertex 86.364 -6.36396 0
      vertex 85.7095 -6.95709 0
    endloop
  endfacet
  facet normal 0 0 -1
    outer loop
      vertex 82.4021 0.994976 0
      vertex 88.3149 3.44415 0
      vertex 82.488 0.75474 0
    endloop
  endfacet
  facet normal 0 0 -1
    outer loop
      vertex 81.6494 -2.00983 0
      vertex 85.7095 -6.95709 0
      vertex 85.0001 -7.48323 0
    endloop
  endfacet
  facet normal -0 0 -1
    outer loop
      vertex 88.3149 3.44415 0
      vertex 82.4021 0.994976 0
      vertex 87.9373 4.24257 0
    endloop
  endfacet
  facet normal 0 0 -1
    outer loop
      vertex 81.4445 -2.16182 0
      vertex 85.0001 -7.48323 0
      vertex 84.2426 -7.93729 0
    endloop
  endfacet
  facet normal 0 0 -1
    outer loop
      vertex 82.293 1.22563 0
      vertex 87.9373 4.24257 0
      vertex 82.4021 0.994976 0
    endloop
  endfacet
  facet normal 0 0 -1
    outer loop
      vertex 81.2256 -2.29299 0
      vertex 84.2426 -7.93729 0
      vertex 83.4442 -8.31492 0
    endloop
  endfacet
  facet normal -0 0 -1
    outer loop
      vertex 87.9373 4.24257 0
      vertex 82.293 1.22563 0
      vertex 87.4832 5.00013 0
    endloop
  endfacet
  facet normal 0 0 -1
    outer loop
      vertex 80.995 -2.40209 0
      vertex 83.4442 -8.31492 0
      vertex 82.6126 -8.61246 0
    endloop
  endfacet
  facet normal 0 0 -1
    outer loop
      vertex 82.1618 1.44448 0
      vertex 87.4832 5.00013 0
      vertex 82.293 1.22563 0
    endloop
  endfacet
  facet normal -0 0 -1
    outer loop
      vertex 87.4832 5.00013 0
      vertex 82.1618 1.44448 0
      vertex 86.9571 5.70954 0
    endloop
  endfacet
  facet normal 0 0 -1
    outer loop
      vertex 88.9567 -0.882154 0
      vertex 82.5875 -0.254844 0
      vertex 82.6 0 0
    endloop
  endfacet
  facet normal 0 0 -1
    outer loop
      vertex 88.8271 -1.75581 0
      vertex 82.55 -0.507235 0
      vertex 82.5875 -0.254844 0
    endloop
  endfacet
  facet normal 0 0 -1
    outer loop
      vertex 88.6125 -2.61256 0
      vertex 82.488 -0.75474 0
      vertex 82.55 -0.507235 0
    endloop
  endfacet
  facet normal 0 0 -1
    outer loop
      vertex 88.3149 -3.44415 0
      vertex 82.4021 -0.994976 0
      vertex 82.488 -0.75474 0
    endloop
  endfacet
  facet normal 0 0 -1
    outer loop
      vertex 87.9373 -4.24257 0
      vertex 82.293 -1.22563 0
      vertex 82.4021 -0.994976 0
    endloop
  endfacet
  facet normal 0 0 -1
    outer loop
      vertex 87.4832 -5.00013 0
      vertex 82.1618 -1.44448 0
      vertex 82.293 -1.22563 0
    endloop
  endfacet
  facet normal 0 0 -1
    outer loop
      vertex 86.9571 -5.70954 0
      vertex 82.0098 -1.64942 0
      vertex 82.1618 -1.44448 0
    endloop
  endfacet
  facet normal 0 0 -1
    outer loop
      vertex 86.364 -6.36396 0
      vertex 81.8385 -1.83848 0
      vertex 82.0098 -1.64942 0
    endloop
  endfacet
  facet normal 0 0 -1
    outer loop
      vertex 80.7547 -2.48804 0
      vertex 82.6126 -8.61246 0
      vertex 81.7558 -8.82707 0
    endloop
  endfacet
  facet normal 0 0 -1
    outer loop
      vertex 85.7095 -6.95709 0
      vertex 81.6494 -2.00983 0
      vertex 81.8385 -1.83848 0
    endloop
  endfacet
  facet normal 0 0 -1
    outer loop
      vertex 85.0001 -7.48323 0
      vertex 81.4445 -2.16182 0
      vertex 81.6494 -2.00983 0
    endloop
  endfacet
  facet normal 0 0 -1
    outer loop
      vertex 84.2426 -7.93729 0
      vertex 81.2256 -2.29299 0
      vertex 81.4445 -2.16182 0
    endloop
  endfacet
  facet normal 0 0 -1
    outer loop
      vertex 83.4442 -8.31492 0
      vertex 80.995 -2.40209 0
      vertex 81.2256 -2.29299 0
    endloop
  endfacet
  facet normal 0 0 -1
    outer loop
      vertex 80.5072 -2.55004 0
      vertex 81.7558 -8.82707 0
      vertex 80.8822 -8.95666 0
    endloop
  endfacet
  facet normal 0 0 -1
    outer loop
      vertex 82.6126 -8.61246 0
      vertex 80.7547 -2.48804 0
      vertex 80.995 -2.40209 0
    endloop
  endfacet
  facet normal 0 0 -1
    outer loop
      vertex 81.7558 -8.82707 0
      vertex 80.5072 -2.55004 0
      vertex 80.7547 -2.48804 0
    endloop
  endfacet
  facet normal 0 0 -1
    outer loop
      vertex 80.8822 -8.95666 0
      vertex 80.2548 -2.58748 0
      vertex 80.5072 -2.55004 0
    endloop
  endfacet
  facet normal 0 0 -1
    outer loop
      vertex 80 -9 0
      vertex 80.2548 -2.58748 0
      vertex 80.8822 -8.95666 0
    endloop
  endfacet
  facet normal 0 0 -1
    outer loop
      vertex 80 -9 0
      vertex 80 -2.6 0
      vertex 80.2548 -2.58748 0
    endloop
  endfacet
  facet normal 0 0 -1
    outer loop
      vertex 80 -9 0
      vertex 79.7452 -2.58748 0
      vertex 80 -2.6 0
    endloop
  endfacet
  facet normal 0 0 -1
    outer loop
      vertex 79.1178 -8.95666 0
      vertex 79.7452 -2.58748 0
      vertex 80 -9 0
    endloop
  endfacet
  facet normal -0 0 -1
    outer loop
      vertex 79.7452 -2.58748 0
      vertex 79.1178 -8.95666 0
      vertex 79.4928 -2.55004 0
    endloop
  endfacet
  facet normal 0 0 -1
    outer loop
      vertex 78.2442 -8.82707 0
      vertex 79.4928 -2.55004 0
      vertex 79.1178 -8.95666 0
    endloop
  endfacet
  facet normal -0 0 -1
    outer loop
      vertex 79.4928 -2.55004 0
      vertex 78.2442 -8.82707 0
      vertex 79.2453 -2.48804 0
    endloop
  endfacet
  facet normal 0 0 -1
    outer loop
      vertex 77.3874 -8.61246 0
      vertex 79.2453 -2.48804 0
      vertex 78.2442 -8.82707 0
    endloop
  endfacet
  facet normal -0 0 -1
    outer loop
      vertex 79.2453 -2.48804 0
      vertex 77.3874 -8.61246 0
      vertex 79.005 -2.40209 0
    endloop
  endfacet
  facet normal 0 0 -1
    outer loop
      vertex 76.5558 -8.31492 0
      vertex 79.005 -2.40209 0
      vertex 77.3874 -8.61246 0
    endloop
  endfacet
  facet normal 0 0 -1
    outer loop
      vertex 75.89 -8 0
      vertex 79.005 -2.40209 0
      vertex 76.5558 -8.31492 0
    endloop
  endfacet
  facet normal -0 0 -1
    outer loop
      vertex 79.005 -2.40209 0
      vertex 75.89 -8 0
      vertex 78.7744 -2.29299 0
    endloop
  endfacet
  facet normal -0 0 -1
    outer loop
      vertex 78.7744 -2.29299 0
      vertex 75.89 -8 0
      vertex 78.5555 -2.16182 0
    endloop
  endfacet
  facet normal -0 0 -1
    outer loop
      vertex 78.5555 -2.16182 0
      vertex 75.89 -8 0
      vertex 78.3506 -2.00983 0
    endloop
  endfacet
  facet normal -0 0 -1
    outer loop
      vertex 78.3506 -2.00983 0
      vertex 75.89 -8 0
      vertex 78.1615 -1.83848 0
    endloop
  endfacet
  facet normal -0 0 -1
    outer loop
      vertex 78.1615 -1.83848 0
      vertex 75.89 -8 0
      vertex 77.9902 -1.64942 0
    endloop
  endfacet
  facet normal -0 0 -1
    outer loop
      vertex 77.9902 -1.64942 0
      vertex 75.89 -8 0
      vertex 77.8382 -1.44448 0
    endloop
  endfacet
  facet normal -0 0 -1
    outer loop
      vertex 77.8382 -1.44448 0
      vertex 75.89 -8 0
      vertex 77.707 -1.22563 0
    endloop
  endfacet
  facet normal -0 0 -1
    outer loop
      vertex 77.707 -1.22563 0
      vertex 75.89 -8 0
      vertex 77.5979 -0.994976 0
    endloop
  endfacet
  facet normal -0 0 -1
    outer loop
      vertex 77.512 -0.75474 0
      vertex 75.89 -8 0
      vertex 77.45 -0.507235 0
    endloop
  endfacet
  facet normal -0 0 -1
    outer loop
      vertex 77.5979 -0.994976 0
      vertex 75.89 -8 0
      vertex 77.512 -0.75474 0
    endloop
  endfacet
  facet normal 0 0 -1
    outer loop
      vertex 82.0098 1.64942 0
      vertex 86.9571 5.70954 0
      vertex 82.1618 1.44448 0
    endloop
  endfacet
  facet normal -0 0 -1
    outer loop
      vertex 86.9571 5.70954 0
      vertex 82.0098 1.64942 0
      vertex 86.364 6.36396 0
    endloop
  endfacet
  facet normal 0 0 -1
    outer loop
      vertex 81.8385 1.83848 0
      vertex 86.364 6.36396 0
      vertex 82.0098 1.64942 0
    endloop
  endfacet
  facet normal -0 0 -1
    outer loop
      vertex 86.364 6.36396 0
      vertex 81.8385 1.83848 0
      vertex 85.7095 6.95709 0
    endloop
  endfacet
  facet normal 0 0 -1
    outer loop
      vertex 81.6494 2.00983 0
      vertex 85.7095 6.95709 0
      vertex 81.8385 1.83848 0
    endloop
  endfacet
  facet normal -0 0 -1
    outer loop
      vertex 85.7095 6.95709 0
      vertex 81.6494 2.00983 0
      vertex 85.0001 7.48323 0
    endloop
  endfacet
  facet normal 0 0 -1
    outer loop
      vertex 81.4445 2.16182 0
      vertex 85.0001 7.48323 0
      vertex 81.6494 2.00983 0
    endloop
  endfacet
  facet normal -0 0 -1
    outer loop
      vertex 85.0001 7.48323 0
      vertex 81.4445 2.16182 0
      vertex 84.2426 7.93729 0
    endloop
  endfacet
  facet normal 0 0 -1
    outer loop
      vertex 81.2256 2.29299 0
      vertex 84.2426 7.93729 0
      vertex 81.4445 2.16182 0
    endloop
  endfacet
  facet normal -0 0 -1
    outer loop
      vertex 84.2426 7.93729 0
      vertex 81.2256 2.29299 0
      vertex 83.4442 8.31492 0
    endloop
  endfacet
  facet normal 0 0 -1
    outer loop
      vertex 80.995 2.40209 0
      vertex 83.4442 8.31492 0
      vertex 81.2256 2.29299 0
    endloop
  endfacet
  facet normal -0 0 -1
    outer loop
      vertex 83.4442 8.31492 0
      vertex 80.995 2.40209 0
      vertex 82.6126 8.61246 0
    endloop
  endfacet
  facet normal 0 0 -1
    outer loop
      vertex 80.7547 2.48804 0
      vertex 82.6126 8.61246 0
      vertex 80.995 2.40209 0
    endloop
  endfacet
  facet normal -0 0 -1
    outer loop
      vertex 82.6126 8.61246 0
      vertex 80.7547 2.48804 0
      vertex 81.7558 8.82707 0
    endloop
  endfacet
  facet normal 0 0 -1
    outer loop
      vertex 80.5072 2.55004 0
      vertex 81.7558 8.82707 0
      vertex 80.7547 2.48804 0
    endloop
  endfacet
  facet normal -0 0 -1
    outer loop
      vertex 81.7558 8.82707 0
      vertex 80.5072 2.55004 0
      vertex 80.8822 8.95666 0
    endloop
  endfacet
  facet normal 0 0 -1
    outer loop
      vertex 80.2548 2.58748 0
      vertex 80.8822 8.95666 0
      vertex 80.5072 2.55004 0
    endloop
  endfacet
  facet normal 0 0 -1
    outer loop
      vertex 80 2.6 0
      vertex 80.8822 8.95666 0
      vertex 80.2548 2.58748 0
    endloop
  endfacet
  facet normal 0 0 -1
    outer loop
      vertex 80 2.6 0
      vertex 80 9 0
      vertex 80.8822 8.95666 0
    endloop
  endfacet
  facet normal 0 0 -1
    outer loop
      vertex 79.7452 2.58748 0
      vertex 80 9 0
      vertex 80 2.6 0
    endloop
  endfacet
  facet normal 0 0 -1
    outer loop
      vertex 79.1178 8.95666 0
      vertex 79.7452 2.58748 0
      vertex 79.4928 2.55004 0
    endloop
  endfacet
  facet normal 0 0 -1
    outer loop
      vertex 78.2442 8.82707 0
      vertex 79.4928 2.55004 0
      vertex 79.2453 2.48804 0
    endloop
  endfacet
  facet normal 0 0 -1
    outer loop
      vertex 79.7452 2.58748 0
      vertex 79.1178 8.95666 0
      vertex 80 9 0
    endloop
  endfacet
  facet normal 0 0 -1
    outer loop
      vertex 77.3874 8.61246 0
      vertex 79.2453 2.48804 0
      vertex 79.005 2.40209 0
    endloop
  endfacet
  facet normal 0 0 -1
    outer loop
      vertex 75.89 8 0
      vertex 79.005 2.40209 0
      vertex 78.7744 2.29299 0
    endloop
  endfacet
  facet normal 0 0 -1
    outer loop
      vertex 75.89 8 0
      vertex 78.7744 2.29299 0
      vertex 78.5555 2.16182 0
    endloop
  endfacet
  facet normal 0 0 -1
    outer loop
      vertex 75.89 8 0
      vertex 78.5555 2.16182 0
      vertex 78.3506 2.00983 0
    endloop
  endfacet
  facet normal 0 0 -1
    outer loop
      vertex 79.4928 2.55004 0
      vertex 78.2442 8.82707 0
      vertex 79.1178 8.95666 0
    endloop
  endfacet
  facet normal 0 0 -1
    outer loop
      vertex 75.89 8 0
      vertex 78.3506 2.00983 0
      vertex 78.1615 1.83848 0
    endloop
  endfacet
  facet normal 0 0 -1
    outer loop
      vertex 75.89 8 0
      vertex 78.1615 1.83848 0
      vertex 77.9902 1.64942 0
    endloop
  endfacet
  facet normal 0 0 -1
    outer loop
      vertex 75.89 8 0
      vertex 77.9902 1.64942 0
      vertex 77.8382 1.44448 0
    endloop
  endfacet
  facet normal 0 0 -1
    outer loop
      vertex 75.89 8 0
      vertex 77.8382 1.44448 0
      vertex 77.707 1.22563 0
    endloop
  endfacet
  facet normal 0 0 -1
    outer loop
      vertex 75.89 8 0
      vertex 77.707 1.22563 0
      vertex 77.5979 0.994976 0
    endloop
  endfacet
  facet normal 0 0 -1
    outer loop
      vertex 75.89 8 0
      vertex 77.5979 0.994976 0
      vertex 77.512 0.75474 0
    endloop
  endfacet
  facet normal 0 0 -1
    outer loop
      vertex 75.89 8 0
      vertex 77.512 0.75474 0
      vertex 77.45 0.507235 0
    endloop
  endfacet
  facet normal 0 0 -1
    outer loop
      vertex 75.89 8 0
      vertex 77.45 0.507235 0
      vertex 77.4125 0.254844 0
    endloop
  endfacet
  facet normal 0 0 -1
    outer loop
      vertex 79.2453 2.48804 0
      vertex 77.3874 8.61246 0
      vertex 78.2442 8.82707 0
    endloop
  endfacet
  facet normal 0 0 -1
    outer loop
      vertex 75.89 8 0
      vertex 77.4125 0.254844 0
      vertex 77.4 0 0
    endloop
  endfacet
  facet normal -0 0 -1
    outer loop
      vertex 77.45 -0.507235 0
      vertex 75.89 -8 0
      vertex 77.4125 -0.254844 0
    endloop
  endfacet
  facet normal -0 0 -1
    outer loop
      vertex 77.4125 -0.254844 0
      vertex 75.89 -8 0
      vertex 77.4 0 0
    endloop
  endfacet
  facet normal 0 0 -1
    outer loop
      vertex 79.005 2.40209 0
      vertex 76.5558 8.31492 0
      vertex 77.3874 8.61246 0
    endloop
  endfacet
  facet normal 0 0 -1
    outer loop
      vertex 75.89 8 0
      vertex 77.4 0 0
      vertex 75.89 -8 0
    endloop
  endfacet
  facet normal 0 0 -1
    outer loop
      vertex 79.005 2.40209 0
      vertex 75.89 8 0
      vertex 76.5558 8.31492 0
    endloop
  endfacet
  facet normal 0 0 -1
    outer loop
      vertex 8.92511 -8 0
      vertex 75.89 8 0
      vertex 75.89 -8 0
    endloop
  endfacet
  facet normal 0 0 -1
    outer loop
      vertex 8.92511 -8 0
      vertex 8.92511 8 0
      vertex 75.89 8 0
    endloop
  endfacet
  facet normal 0 0 -1
    outer loop
      vertex 2.88146 -2.88146 0
      vertex 8.92511 -8 0
      vertex 8.48528 -8.48528 0
    endloop
  endfacet
  facet normal 0 0 -1
    outer loop
      vertex 8.92511 -8 0
      vertex 4.075 0 0
      vertex 8.92511 8 0
    endloop
  endfacet
  facet normal 0 0 -1
    outer loop
      vertex 2.88146 -2.88146 0
      vertex 8.48528 -8.48528 0
      vertex 7.61272 -9.27612 0
    endloop
  endfacet
  facet normal 0 0 -1
    outer loop
      vertex 4.05538 0.39942 0
      vertex 8.92511 8 0
      vertex 4.075 0 0
    endloop
  endfacet
  facet normal 0 0 -1
    outer loop
      vertex 2.58515 -3.15002 0
      vertex 7.61272 -9.27612 0
      vertex 6.66684 -9.97763 0
    endloop
  endfacet
  facet normal 0 0 -1
    outer loop
      vertex 3.9967 0.794992 0
      vertex 8.92511 8 0
      vertex 4.05538 0.39942 0
    endloop
  endfacet
  facet normal 0 0 -1
    outer loop
      vertex 2.26395 -3.38824 0
      vertex 6.66684 -9.97763 0
      vertex 5.65676 -10.5831 0
    endloop
  endfacet
  facet normal 0 0 -1
    outer loop
      vertex 3.89953 1.18291 0
      vertex 8.92511 8 0
      vertex 3.9967 0.794992 0
    endloop
  endfacet
  facet normal 0 0 -1
    outer loop
      vertex 1.92094 -3.59383 0
      vertex 5.65676 -10.5831 0
      vertex 4.5922 -11.0866 0
    endloop
  endfacet
  facet normal 0 0 -1
    outer loop
      vertex 3.76481 1.55943 0
      vertex 8.92511 8 0
      vertex 3.89953 1.18291 0
    endloop
  endfacet
  facet normal 0 0 -1
    outer loop
      vertex 3.59383 1.92094 0
      vertex 8.92511 8 0
      vertex 3.76481 1.55943 0
    endloop
  endfacet
  facet normal 0 0 -1
    outer loop
      vertex 8.92511 -8 0
      vertex 4.05538 -0.39942 0
      vertex 4.075 0 0
    endloop
  endfacet
  facet normal 0 0 -1
    outer loop
      vertex 8.92511 -8 0
      vertex 3.9967 -0.794992 0
      vertex 4.05538 -0.39942 0
    endloop
  endfacet
  facet normal 0 0 -1
    outer loop
      vertex 8.92511 -8 0
      vertex 3.89953 -1.18291 0
      vertex 3.9967 -0.794992 0
    endloop
  endfacet
  facet normal 0 0 -1
    outer loop
      vertex 8.92511 -8 0
      vertex 3.76481 -1.55943 0
      vertex 3.89953 -1.18291 0
    endloop
  endfacet
  facet normal 0 0 -1
    outer loop
      vertex 8.92511 -8 0
      vertex 3.59383 -1.92094 0
      vertex 3.76481 -1.55943 0
    endloop
  endfacet
  facet normal 0 0 -1
    outer loop
      vertex 1.55943 -3.76481 0
      vertex 4.5922 -11.0866 0
      vertex 3.48342 -11.4833 0
    endloop
  endfacet
  facet normal 0 0 -1
    outer loop
      vertex 8.92511 -8 0
      vertex 3.38824 -2.26395 0
      vertex 3.59383 -1.92094 0
    endloop
  endfacet
  facet normal 0 0 -1
    outer loop
      vertex 8.92511 -8 0
      vertex 3.15002 -2.58515 0
      vertex 3.38824 -2.26395 0
    endloop
  endfacet
  facet normal 0 0 -1
    outer loop
      vertex 8.92511 -8 0
      vertex 2.88146 -2.88146 0
      vertex 3.15002 -2.58515 0
    endloop
  endfacet
  facet normal 0 0 -1
    outer loop
      vertex 7.61272 -9.27612 0
      vertex 2.58515 -3.15002 0
      vertex 2.88146 -2.88146 0
    endloop
  endfacet
  facet normal 0 0 -1
    outer loop
      vertex 1.18291 -3.89953 0
      vertex 3.48342 -11.4833 0
      vertex 2.34108 -11.7694 0
    endloop
  endfacet
  facet normal 0 0 -1
    outer loop
      vertex 6.66684 -9.97763 0
      vertex 2.26395 -3.38824 0
      vertex 2.58515 -3.15002 0
    endloop
  endfacet
  facet normal 0 0 -1
    outer loop
      vertex 5.65676 -10.5831 0
      vertex 1.92094 -3.59383 0
      vertex 2.26395 -3.38824 0
    endloop
  endfacet
  facet normal 0 0 -1
    outer loop
      vertex 4.5922 -11.0866 0
      vertex 1.55943 -3.76481 0
      vertex 1.92094 -3.59383 0
    endloop
  endfacet
  facet normal 0 0 -1
    outer loop
      vertex 3.48342 -11.4833 0
      vertex 1.18291 -3.89953 0
      vertex 1.55943 -3.76481 0
    endloop
  endfacet
  facet normal 0 0 -1
    outer loop
      vertex 0.794992 -3.9967 0
      vertex 2.34108 -11.7694 0
      vertex 1.17621 -11.9422 0
    endloop
  endfacet
  facet normal 0 0 -1
    outer loop
      vertex 2.34108 -11.7694 0
      vertex 0.794992 -3.9967 0
      vertex 1.18291 -3.89953 0
    endloop
  endfacet
  facet normal 0 0 -1
    outer loop
      vertex 1.17621 -11.9422 0
      vertex 0.39942 -4.05538 0
      vertex 0.794992 -3.9967 0
    endloop
  endfacet
  facet normal 0 0 -1
    outer loop
      vertex 0 -12 0
      vertex 0.39942 -4.05538 0
      vertex 1.17621 -11.9422 0
    endloop
  endfacet
  facet normal 0 0 -1
    outer loop
      vertex 0 -12 0
      vertex 0 -4.075 0
      vertex 0.39942 -4.05538 0
    endloop
  endfacet
  facet normal 0 0 -1
    outer loop
      vertex 0 -12 0
      vertex -0.39942 -4.05538 0
      vertex 0 -4.075 0
    endloop
  endfacet
  facet normal 0 0 -1
    outer loop
      vertex -1.17621 -11.9422 0
      vertex -0.39942 -4.05538 0
      vertex 0 -12 0
    endloop
  endfacet
  facet normal -0 0 -1
    outer loop
      vertex -0.39942 -4.05538 0
      vertex -1.17621 -11.9422 0
      vertex -0.794992 -3.9967 0
    endloop
  endfacet
  facet normal 0 0 -1
    outer loop
      vertex -2.34108 -11.7694 0
      vertex -0.794992 -3.9967 0
      vertex -1.17621 -11.9422 0
    endloop
  endfacet
  facet normal -0 0 -1
    outer loop
      vertex -0.794992 -3.9967 0
      vertex -2.34108 -11.7694 0
      vertex -1.18291 -3.89953 0
    endloop
  endfacet
  facet normal 0 0 -1
    outer loop
      vertex -3.48342 -11.4833 0
      vertex -1.18291 -3.89953 0
      vertex -2.34108 -11.7694 0
    endloop
  endfacet
  facet normal -0 0 -1
    outer loop
      vertex -1.18291 -3.89953 0
      vertex -3.48342 -11.4833 0
      vertex -1.55943 -3.76481 0
    endloop
  endfacet
  facet normal 0 0 -1
    outer loop
      vertex -4.5922 -11.0866 0
      vertex -1.55943 -3.76481 0
      vertex -3.48342 -11.4833 0
    endloop
  endfacet
  facet normal -0 0 -1
    outer loop
      vertex -1.55943 -3.76481 0
      vertex -4.5922 -11.0866 0
      vertex -1.92094 -3.59383 0
    endloop
  endfacet
  facet normal 0 0 -1
    outer loop
      vertex -5.65676 -10.5831 0
      vertex -1.92094 -3.59383 0
      vertex -4.5922 -11.0866 0
    endloop
  endfacet
  facet normal -0 0 -1
    outer loop
      vertex -1.92094 -3.59383 0
      vertex -5.65676 -10.5831 0
      vertex -2.26395 -3.38824 0
    endloop
  endfacet
  facet normal 0 0 -1
    outer loop
      vertex -6.66684 -9.97763 0
      vertex -2.26395 -3.38824 0
      vertex -5.65676 -10.5831 0
    endloop
  endfacet
  facet normal -0 0 -1
    outer loop
      vertex -2.26395 -3.38824 0
      vertex -6.66684 -9.97763 0
      vertex -2.58515 -3.15002 0
    endloop
  endfacet
  facet normal 0 0 -1
    outer loop
      vertex -7.61272 -9.27612 0
      vertex -2.58515 -3.15002 0
      vertex -6.66684 -9.97763 0
    endloop
  endfacet
  facet normal -0 0 -1
    outer loop
      vertex -2.58515 -3.15002 0
      vertex -7.61272 -9.27612 0
      vertex -2.88146 -2.88146 0
    endloop
  endfacet
  facet normal 0 0 -1
    outer loop
      vertex -8.48528 -8.48528 0
      vertex -2.88146 -2.88146 0
      vertex -7.61272 -9.27612 0
    endloop
  endfacet
  facet normal -0 0 -1
    outer loop
      vertex -2.88146 -2.88146 0
      vertex -8.48528 -8.48528 0
      vertex -3.15002 -2.58515 0
    endloop
  endfacet
  facet normal 0 0 -1
    outer loop
      vertex -9.27612 -7.61272 0
      vertex -3.15002 -2.58515 0
      vertex -8.48528 -8.48528 0
    endloop
  endfacet
  facet normal 0 0 -1
    outer loop
      vertex -9.97763 -6.66684 0
      vertex -3.38824 -2.26395 0
      vertex -9.27612 -7.61272 0
    endloop
  endfacet
  facet normal -0 0 -1
    outer loop
      vertex -3.15002 -2.58515 0
      vertex -9.27612 -7.61272 0
      vertex -3.38824 -2.26395 0
    endloop
  endfacet
  facet normal -0.514135 -0.857709 0
    outer loop
      vertex -6.66684 -9.97763 0
      vertex -5.65676 -10.5831 8
      vertex -6.66684 -9.97763 8
    endloop
  endfacet
  facet normal -0.514135 -0.857709 -0
    outer loop
      vertex -5.65676 -10.5831 8
      vertex -6.66684 -9.97763 0
      vertex -5.65676 -10.5831 0
    endloop
  endfacet
  facet normal 0.671558 0.740952 -0
    outer loop
      vertex 8.48528 8.48528 0
      vertex 7.61272 9.27612 8
      vertex 8.48528 8.48528 8
    endloop
  endfacet
  facet normal 0.671558 0.740952 0
    outer loop
      vertex 7.61272 9.27612 8
      vertex 8.48528 8.48528 0
      vertex 7.61272 9.27612 0
    endloop
  endfacet
  facet normal 0.0490396 -0.998797 0
    outer loop
      vertex 0.156827 -11.9923 5.59229
      vertex 0 -12 8
      vertex 0 -12 5.6
    endloop
  endfacet
  facet normal 0.0488721 -0.998805 -1.0938e-05
    outer loop
      vertex 0.312144 -11.9847 5.56926
      vertex 0 -12 8
      vertex 0.156827 -11.9923 5.59229
    endloop
  endfacet
  facet normal 0.0490817 -0.998795 1.60384e-05
    outer loop
      vertex 0 -12 8
      vertex 0.312144 -11.9847 5.56926
      vertex 1.17621 -11.9422 8
    endloop
  endfacet
  facet normal 0.0491773 -0.99879 -1.80275e-05
    outer loop
      vertex 0.464455 -11.9772 5.5311
      vertex 1.17621 -11.9422 8
      vertex 0.312144 -11.9847 5.56926
    endloop
  endfacet
  facet normal 0.0492993 -0.998784 -5.32865e-05
    outer loop
      vertex 0.612293 -11.9699 5.47821
      vertex 1.17621 -11.9422 8
      vertex 0.464455 -11.9772 5.5311
    endloop
  endfacet
  facet normal 0.0492378 -0.998787 -3.94999e-05
    outer loop
      vertex 0.754234 -11.9629 5.41107
      vertex 1.17621 -11.9422 8
      vertex 0.612293 -11.9699 5.47821
    endloop
  endfacet
  facet normal 0.0489514 -0.998801 7.28875e-06
    outer loop
      vertex 0.888912 -11.9563 5.33035
      vertex 1.17621 -11.9422 8
      vertex 0.754234 -11.9629 5.41107
    endloop
  endfacet
  facet normal 0.0490949 -0.998794 -8.19723e-06
    outer loop
      vertex 1.01503 -11.9501 5.23682
      vertex 1.17621 -11.9422 8
      vertex 0.888912 -11.9563 5.33035
    endloop
  endfacet
  facet normal 0.0489366 -0.998802 1.06235e-06
    outer loop
      vertex 1.13137 -11.9444 5.13137
      vertex 1.17621 -11.9422 8
      vertex 1.01503 -11.9501 5.23682
    endloop
  endfacet
  facet normal 0.0490044 -0.998799 0
    outer loop
      vertex 1.17621 -11.9422 8
      vertex 1.13137 -11.9444 5.13137
      vertex 1.17621 -11.9422 5.0819
    endloop
  endfacet
  facet normal 0.0490396 -0.998797 0
    outer loop
      vertex 0 -12 0
      vertex 0.156827 -11.9923 2.4077
      vertex 0 -12 2.4
    endloop
  endfacet
  facet normal 0.0488721 -0.998805 1.09381e-05
    outer loop
      vertex 0 -12 0
      vertex 0.312144 -11.9847 2.43074
      vertex 0.156827 -11.9923 2.4077
    endloop
  endfacet
  facet normal 0.0490817 -0.998795 -1.60384e-05
    outer loop
      vertex 1.17621 -11.9422 0
      vertex 0.312144 -11.9847 2.43074
      vertex 0 -12 0
    endloop
  endfacet
  facet normal 0.0491773 -0.99879 1.80278e-05
    outer loop
      vertex 0.312144 -11.9847 2.43074
      vertex 1.17621 -11.9422 0
      vertex 0.464455 -11.9772 2.46889
    endloop
  endfacet
  facet normal 0.0492993 -0.998784 5.32858e-05
    outer loop
      vertex 0.464455 -11.9772 2.46889
      vertex 1.17621 -11.9422 0
      vertex 0.612293 -11.9699 2.52179
    endloop
  endfacet
  facet normal 0.0492378 -0.998787 3.94999e-05
    outer loop
      vertex 0.612293 -11.9699 2.52179
      vertex 1.17621 -11.9422 0
      vertex 0.754234 -11.9629 2.58893
    endloop
  endfacet
  facet normal 0.0489514 -0.998801 -7.28875e-06
    outer loop
      vertex 0.754234 -11.9629 2.58893
      vertex 1.17621 -11.9422 0
      vertex 0.888912 -11.9563 2.66965
    endloop
  endfacet
  facet normal 0.0490949 -0.998794 8.19723e-06
    outer loop
      vertex 0.888912 -11.9563 2.66965
      vertex 1.17621 -11.9422 0
      vertex 1.01503 -11.9501 2.76318
    endloop
  endfacet
  facet normal 0.0489366 -0.998802 -1.06235e-06
    outer loop
      vertex 1.01503 -11.9501 2.76318
      vertex 1.17621 -11.9422 0
      vertex 1.13137 -11.9444 2.86863
    endloop
  endfacet
  facet normal 0.0490044 -0.998799 0
    outer loop
      vertex 1.13137 -11.9444 2.86863
      vertex 1.17621 -11.9422 0
      vertex 1.17621 -11.9422 2.9181
    endloop
  endfacet
  facet normal -0.336869 0.941552 0
    outer loop
      vertex -3.48342 11.4833 0
      vertex -4.5922 11.0866 8
      vertex -3.48342 11.4833 8
    endloop
  endfacet
  facet normal -0.336869 0.941552 0
    outer loop
      vertex -4.5922 11.0866 8
      vertex -3.48342 11.4833 0
      vertex -4.5922 11.0866 0
    endloop
  endfacet
  facet normal 0.427556 0.903989 -0
    outer loop
      vertex 5.65676 10.5831 0
      vertex 4.5922 11.0866 8
      vertex 5.65676 10.5831 8
    endloop
  endfacet
  facet normal 0.427556 0.903989 0
    outer loop
      vertex 4.5922 11.0866 8
      vertex 5.65676 10.5831 0
      vertex 4.5922 11.0866 0
    endloop
  endfacet
  facet normal -0.595698 0.803209 0
    outer loop
      vertex -6.66684 9.97763 0
      vertex -7.61272 9.27612 8
      vertex -6.66684 9.97763 8
    endloop
  endfacet
  facet normal -0.595698 0.803209 0
    outer loop
      vertex -7.61272 9.27612 8
      vertex -6.66684 9.97763 0
      vertex -7.61272 9.27612 0
    endloop
  endfacet
  facet normal 0.336869 0.941552 -0
    outer loop
      vertex 4.5922 11.0866 0
      vertex 3.48342 11.4833 8
      vertex 4.5922 11.0866 8
    endloop
  endfacet
  facet normal 0.336869 0.941552 0
    outer loop
      vertex 3.48342 11.4833 8
      vertex 4.5922 11.0866 0
      vertex 3.48342 11.4833 0
    endloop
  endfacet
  facet normal 0.242947 0.97004 -0
    outer loop
      vertex 3.48342 11.4833 0
      vertex 2.34108 11.7694 8
      vertex 3.48342 11.4833 8
    endloop
  endfacet
  facet normal 0.242947 0.97004 0
    outer loop
      vertex 2.34108 11.7694 8
      vertex 3.48342 11.4833 0
      vertex 2.34108 11.7694 0
    endloop
  endfacet
  facet normal -0.146737 -0.989176 0
    outer loop
      vertex -2.34108 -11.7694 8
      vertex -1.17621 -11.9422 5.0819
      vertex -1.17621 -11.9422 8
    endloop
  endfacet
  facet normal -0.146836 -0.989161 -4.04655e-05
    outer loop
      vertex -2.34108 -11.7694 8
      vertex -1.23682 -11.9332 5.01503
      vertex -1.17621 -11.9422 5.0819
    endloop
  endfacet
  facet normal -0.14622 -0.989252 0.000192497
    outer loop
      vertex -2.34108 -11.7694 8
      vertex -1.33035 -11.9194 4.88891
      vertex -1.23682 -11.9332 5.01503
    endloop
  endfacet
  facet normal -0.146959 -0.989143 -5.30264e-05
    outer loop
      vertex -2.34108 -11.7694 8
      vertex -1.41107 -11.9074 4.75423
      vertex -1.33035 -11.9194 4.88891
    endloop
  endfacet
  facet normal -0.147114 -0.98912 -9.83108e-05
    outer loop
      vertex -2.34108 -11.7694 8
      vertex -1.47821 -11.8974 4.61229
      vertex -1.41107 -11.9074 4.75423
    endloop
  endfacet
  facet normal -0.146247 -0.989248 0.000127498
    outer loop
      vertex -2.34108 -11.7694 8
      vertex -1.5311 -11.8896 4.46445
      vertex -1.47821 -11.8974 4.61229
    endloop
  endfacet
  facet normal -0.147283 -0.989094 -0.000115091
    outer loop
      vertex -2.34108 -11.7694 8
      vertex -1.56926 -11.8839 4.31214
      vertex -1.5311 -11.8896 4.46445
    endloop
  endfacet
  facet normal -0.146457 -0.989217 6.15692e-05
    outer loop
      vertex -2.34108 -11.7694 8
      vertex -1.59229 -11.8805 4.15683
      vertex -1.56926 -11.8839 4.31214
    endloop
  endfacet
  facet normal -0.145654 -0.989336 0.000221408
    outer loop
      vertex -2.34108 -11.7694 8
      vertex -1.6 -11.8794 4
      vertex -1.59229 -11.8805 4.15683
    endloop
  endfacet
  facet normal -0.146823 -0.989163 0
    outer loop
      vertex -2.34108 -11.7694 0
      vertex -1.6 -11.8794 4
      vertex -2.34108 -11.7694 8
    endloop
  endfacet
  facet normal -0.145654 -0.989336 -0.000221408
    outer loop
      vertex -1.6 -11.8794 4
      vertex -2.34108 -11.7694 0
      vertex -1.59229 -11.8805 3.84317
    endloop
  endfacet
  facet normal -0.146457 -0.989217 -6.1567e-05
    outer loop
      vertex -1.59229 -11.8805 3.84317
      vertex -2.34108 -11.7694 0
      vertex -1.56926 -11.8839 3.68785
    endloop
  endfacet
  facet normal -0.147283 -0.989094 0.000115091
    outer loop
      vertex -2.34108 -11.7694 0
      vertex -1.5311 -11.8896 3.53554
      vertex -1.56926 -11.8839 3.68785
    endloop
  endfacet
  facet normal -0.146247 -0.989248 -0.000127501
    outer loop
      vertex -2.34108 -11.7694 0
      vertex -1.47821 -11.8974 3.38771
      vertex -1.5311 -11.8896 3.53554
    endloop
  endfacet
  facet normal -0.147114 -0.98912 9.83084e-05
    outer loop
      vertex -2.34108 -11.7694 0
      vertex -1.41107 -11.9074 3.24576
      vertex -1.47821 -11.8974 3.38771
    endloop
  endfacet
  facet normal -0.146959 -0.989143 5.30278e-05
    outer loop
      vertex -2.34108 -11.7694 0
      vertex -1.33035 -11.9194 3.11109
      vertex -1.41107 -11.9074 3.24576
    endloop
  endfacet
  facet normal -0.14622 -0.989252 -0.000192497
    outer loop
      vertex -2.34108 -11.7694 0
      vertex -1.23682 -11.9332 2.98497
      vertex -1.33035 -11.9194 3.11109
    endloop
  endfacet
  facet normal -0.146836 -0.989161 4.04655e-05
    outer loop
      vertex -2.34108 -11.7694 0
      vertex -1.17621 -11.9422 2.9181
      vertex -1.23682 -11.9332 2.98497
    endloop
  endfacet
  facet normal -0.146737 -0.989176 -0
    outer loop
      vertex -1.17621 -11.9422 2.9181
      vertex -2.34108 -11.7694 0
      vertex -1.17621 -11.9422 0
    endloop
  endfacet
  facet normal -0.998795 -0.0490817 0
    outer loop
      vertex -11.9422 -1.17621 0
      vertex -12 0 8
      vertex -12 0 0
    endloop
  endfacet
  facet normal -0.998795 -0.0490817 0
    outer loop
      vertex -12 0 8
      vertex -11.9422 -1.17621 0
      vertex -11.9422 -1.17621 8
    endloop
  endfacet
  facet normal 0.0490817 0.998795 -0
    outer loop
      vertex 1.17621 11.9422 0
      vertex 0 12 8
      vertex 1.17621 11.9422 8
    endloop
  endfacet
  facet normal 0.0490817 0.998795 0
    outer loop
      vertex 0 12 8
      vertex 1.17621 11.9422 0
      vertex 0 12 0
    endloop
  endfacet
  facet normal 0.595698 0.803209 -0
    outer loop
      vertex 7.61272 9.27612 0
      vertex 6.66684 9.97763 8
      vertex 7.61272 9.27612 8
    endloop
  endfacet
  facet normal 0.595698 0.803209 0
    outer loop
      vertex 6.66684 9.97763 8
      vertex 7.61272 9.27612 0
      vertex 6.66684 9.97763 0
    endloop
  endfacet
  facet normal -0.941552 0.336869 0
    outer loop
      vertex -11.4833 3.48342 0
      vertex -11.0866 4.5922 8
      vertex -11.0866 4.5922 0
    endloop
  endfacet
  facet normal -0.941552 0.336869 0
    outer loop
      vertex -11.0866 4.5922 8
      vertex -11.4833 3.48342 0
      vertex -11.4833 3.48342 8
    endloop
  endfacet
  facet normal -0.0490817 0.998795 0
    outer loop
      vertex 0 12 0
      vertex -1.17621 11.9422 8
      vertex 0 12 8
    endloop
  endfacet
  facet normal -0.0490817 0.998795 0
    outer loop
      vertex -1.17621 11.9422 8
      vertex 0 12 0
      vertex -1.17621 11.9422 0
    endloop
  endfacet
  facet normal 0.514135 -0.857709 0
    outer loop
      vertex 5.65676 -10.5831 0
      vertex 6.66684 -9.97763 8
      vertex 5.65676 -10.5831 8
    endloop
  endfacet
  facet normal 0.514135 -0.857709 0
    outer loop
      vertex 6.66684 -9.97763 8
      vertex 5.65676 -10.5831 0
      vertex 6.66684 -9.97763 0
    endloop
  endfacet
  facet normal -0.97004 0.242947 0
    outer loop
      vertex -11.7694 2.34108 0
      vertex -11.4833 3.48342 8
      vertex -11.4833 3.48342 0
    endloop
  endfacet
  facet normal -0.97004 0.242947 0
    outer loop
      vertex -11.4833 3.48342 8
      vertex -11.7694 2.34108 0
      vertex -11.7694 2.34108 8
    endloop
  endfacet
  facet normal -0.671558 0.740952 0
    outer loop
      vertex -7.61272 9.27612 0
      vertex -8.48528 8.48528 8
      vertex -7.61272 9.27612 8
    endloop
  endfacet
  facet normal -0.671558 0.740952 0
    outer loop
      vertex -8.48528 8.48528 8
      vertex -7.61272 9.27612 0
      vertex -8.48528 8.48528 0
    endloop
  endfacet
  facet normal -0.941552 -0.336869 0
    outer loop
      vertex -11.0866 -4.5922 0
      vertex -11.4833 -3.48342 8
      vertex -11.4833 -3.48342 0
    endloop
  endfacet
  facet normal -0.941552 -0.336869 0
    outer loop
      vertex -11.4833 -3.48342 8
      vertex -11.0866 -4.5922 0
      vertex -11.0866 -4.5922 8
    endloop
  endfacet
  facet normal -0.857709 0.514135 0
    outer loop
      vertex -10.5831 5.65676 0
      vertex -9.97763 6.66684 8
      vertex -9.97763 6.66684 0
    endloop
  endfacet
  facet normal -0.857709 0.514135 0
    outer loop
      vertex -9.97763 6.66684 8
      vertex -10.5831 5.65676 0
      vertex -10.5831 5.65676 8
    endloop
  endfacet
  facet normal -0.336869 -0.941552 0
    outer loop
      vertex -4.5922 -11.0866 0
      vertex -3.48342 -11.4833 8
      vertex -4.5922 -11.0866 8
    endloop
  endfacet
  facet normal -0.336869 -0.941552 -0
    outer loop
      vertex -3.48342 -11.4833 8
      vertex -4.5922 -11.0866 0
      vertex -3.48342 -11.4833 0
    endloop
  endfacet
  facet normal 0.427556 -0.903989 0
    outer loop
      vertex 4.5922 -11.0866 0
      vertex 5.65676 -10.5831 8
      vertex 4.5922 -11.0866 8
    endloop
  endfacet
  facet normal 0.427556 -0.903989 0
    outer loop
      vertex 5.65676 -10.5831 8
      vertex 4.5922 -11.0866 0
      vertex 5.65676 -10.5831 0
    endloop
  endfacet
  facet normal 0.146737 0.989176 -0
    outer loop
      vertex 2.34108 11.7694 0
      vertex 1.17621 11.9422 8
      vertex 2.34108 11.7694 8
    endloop
  endfacet
  facet normal 0.146737 0.989176 0
    outer loop
      vertex 1.17621 11.9422 8
      vertex 2.34108 11.7694 0
      vertex 1.17621 11.9422 0
    endloop
  endfacet
  facet normal 0.146737 -0.989176 0
    outer loop
      vertex 1.17621 -11.9422 5.0819
      vertex 2.34108 -11.7694 8
      vertex 1.17621 -11.9422 8
    endloop
  endfacet
  facet normal 0.146836 -0.989161 -4.04655e-05
    outer loop
      vertex 1.23682 -11.9332 5.01503
      vertex 2.34108 -11.7694 8
      vertex 1.17621 -11.9422 5.0819
    endloop
  endfacet
  facet normal 0.14622 -0.989252 0.000192497
    outer loop
      vertex 1.33035 -11.9194 4.88891
      vertex 2.34108 -11.7694 8
      vertex 1.23682 -11.9332 5.01503
    endloop
  endfacet
  facet normal 0.146959 -0.989143 -5.30264e-05
    outer loop
      vertex 1.41107 -11.9074 4.75423
      vertex 2.34108 -11.7694 8
      vertex 1.33035 -11.9194 4.88891
    endloop
  endfacet
  facet normal 0.147114 -0.98912 -9.83108e-05
    outer loop
      vertex 1.47821 -11.8974 4.61229
      vertex 2.34108 -11.7694 8
      vertex 1.41107 -11.9074 4.75423
    endloop
  endfacet
  facet normal 0.146247 -0.989248 0.000127498
    outer loop
      vertex 1.5311 -11.8896 4.46445
      vertex 2.34108 -11.7694 8
      vertex 1.47821 -11.8974 4.61229
    endloop
  endfacet
  facet normal 0.147283 -0.989094 -0.000115091
    outer loop
      vertex 1.56926 -11.8839 4.31214
      vertex 2.34108 -11.7694 8
      vertex 1.5311 -11.8896 4.46445
    endloop
  endfacet
  facet normal 0.146457 -0.989217 6.15692e-05
    outer loop
      vertex 1.59229 -11.8805 4.15683
      vertex 2.34108 -11.7694 8
      vertex 1.56926 -11.8839 4.31214
    endloop
  endfacet
  facet normal 0.145654 -0.989336 0.000221408
    outer loop
      vertex 1.6 -11.8794 4
      vertex 2.34108 -11.7694 8
      vertex 1.59229 -11.8805 4.15683
    endloop
  endfacet
  facet normal 0.145654 -0.989336 -0.000221408
    outer loop
      vertex 2.34108 -11.7694 0
      vertex 1.6 -11.8794 4
      vertex 1.59229 -11.8805 3.84317
    endloop
  endfacet
  facet normal 0.146457 -0.989217 -6.1567e-05
    outer loop
      vertex 2.34108 -11.7694 0
      vertex 1.59229 -11.8805 3.84317
      vertex 1.56926 -11.8839 3.68785
    endloop
  endfacet
  facet normal 0.146737 -0.989176 0
    outer loop
      vertex 2.34108 -11.7694 0
      vertex 1.17621 -11.9422 2.9181
      vertex 1.17621 -11.9422 0
    endloop
  endfacet
  facet normal 0.146836 -0.989161 4.04655e-05
    outer loop
      vertex 1.17621 -11.9422 2.9181
      vertex 2.34108 -11.7694 0
      vertex 1.23682 -11.9332 2.98497
    endloop
  endfacet
  facet normal 0.14622 -0.989252 -0.000192497
    outer loop
      vertex 1.23682 -11.9332 2.98497
      vertex 2.34108 -11.7694 0
      vertex 1.33035 -11.9194 3.11109
    endloop
  endfacet
  facet normal 0.146959 -0.989143 5.30278e-05
    outer loop
      vertex 1.33035 -11.9194 3.11109
      vertex 2.34108 -11.7694 0
      vertex 1.41107 -11.9074 3.24576
    endloop
  endfacet
  facet normal 0.147114 -0.98912 9.83084e-05
    outer loop
      vertex 1.41107 -11.9074 3.24576
      vertex 2.34108 -11.7694 0
      vertex 1.47821 -11.8974 3.38771
    endloop
  endfacet
  facet normal 0.146247 -0.989248 -0.000127501
    outer loop
      vertex 1.47821 -11.8974 3.38771
      vertex 2.34108 -11.7694 0
      vertex 1.5311 -11.8896 3.53554
    endloop
  endfacet
  facet normal 0.147283 -0.989094 0.000115091
    outer loop
      vertex 1.5311 -11.8896 3.53554
      vertex 2.34108 -11.7694 0
      vertex 1.56926 -11.8839 3.68785
    endloop
  endfacet
  facet normal 0.146823 -0.989163 0
    outer loop
      vertex 1.6 -11.8794 4
      vertex 2.34108 -11.7694 0
      vertex 2.34108 -11.7694 8
    endloop
  endfacet
  facet normal -0.242947 -0.97004 0
    outer loop
      vertex -3.48342 -11.4833 0
      vertex -2.34108 -11.7694 8
      vertex -3.48342 -11.4833 8
    endloop
  endfacet
  facet normal -0.242947 -0.97004 -0
    outer loop
      vertex -2.34108 -11.7694 8
      vertex -3.48342 -11.4833 0
      vertex -2.34108 -11.7694 0
    endloop
  endfacet
  facet normal -0.740952 0.671558 0
    outer loop
      vertex -9.27612 7.61272 0
      vertex -8.48528 8.48528 8
      vertex -8.48528 8.48528 0
    endloop
  endfacet
  facet normal -0.740952 0.671558 0
    outer loop
      vertex -8.48528 8.48528 8
      vertex -9.27612 7.61272 0
      vertex -9.27612 7.61272 8
    endloop
  endfacet
  facet normal 0.514135 0.857709 -0
    outer loop
      vertex 6.66684 9.97763 0
      vertex 5.65676 10.5831 8
      vertex 6.66684 9.97763 8
    endloop
  endfacet
  facet normal 0.514135 0.857709 0
    outer loop
      vertex 5.65676 10.5831 8
      vertex 6.66684 9.97763 0
      vertex 5.65676 10.5831 0
    endloop
  endfacet
  facet normal -0.97004 -0.242947 0
    outer loop
      vertex -11.4833 -3.48342 0
      vertex -11.7694 -2.34108 8
      vertex -11.7694 -2.34108 0
    endloop
  endfacet
  facet normal -0.97004 -0.242947 0
    outer loop
      vertex -11.7694 -2.34108 8
      vertex -11.4833 -3.48342 0
      vertex -11.4833 -3.48342 8
    endloop
  endfacet
  facet normal -0.514135 0.857709 0
    outer loop
      vertex -5.65676 10.5831 0
      vertex -6.66684 9.97763 8
      vertex -5.65676 10.5831 8
    endloop
  endfacet
  facet normal -0.514135 0.857709 0
    outer loop
      vertex -6.66684 9.97763 8
      vertex -5.65676 10.5831 0
      vertex -6.66684 9.97763 0
    endloop
  endfacet
  facet normal 0.740953 -0.671557 0
    outer loop
      vertex 8.48528 -8.48528 8
      vertex 8.92511 -8 0
      vertex 8.92511 -8 8
    endloop
  endfacet
  facet normal 0.740953 -0.671557 0
    outer loop
      vertex 8.92511 -8 0
      vertex 8.48528 -8.48528 8
      vertex 8.48528 -8.48528 0
    endloop
  endfacet
  facet normal -0.671558 -0.740952 0
    outer loop
      vertex -8.48528 -8.48528 0
      vertex -7.61272 -9.27612 8
      vertex -8.48528 -8.48528 8
    endloop
  endfacet
  facet normal -0.671558 -0.740952 -0
    outer loop
      vertex -7.61272 -9.27612 8
      vertex -8.48528 -8.48528 0
      vertex -7.61272 -9.27612 0
    endloop
  endfacet
  facet normal -0.989176 0.146737 0
    outer loop
      vertex -11.9422 1.17621 0
      vertex -11.7694 2.34108 8
      vertex -11.7694 2.34108 0
    endloop
  endfacet
  facet normal -0.989176 0.146737 0
    outer loop
      vertex -11.7694 2.34108 8
      vertex -11.9422 1.17621 0
      vertex -11.9422 1.17621 8
    endloop
  endfacet
  facet normal -0.427556 0.903989 0
    outer loop
      vertex -4.5922 11.0866 0
      vertex -5.65676 10.5831 8
      vertex -4.5922 11.0866 8
    endloop
  endfacet
  facet normal -0.427556 0.903989 0
    outer loop
      vertex -5.65676 10.5831 8
      vertex -4.5922 11.0866 0
      vertex -5.65676 10.5831 0
    endloop
  endfacet
  facet normal -0.857709 -0.514135 0
    outer loop
      vertex -9.97763 -6.66684 0
      vertex -10.5831 -5.65676 8
      vertex -10.5831 -5.65676 0
    endloop
  endfacet
  facet normal -0.857709 -0.514135 0
    outer loop
      vertex -10.5831 -5.65676 8
      vertex -9.97763 -6.66684 0
      vertex -9.97763 -6.66684 8
    endloop
  endfacet
  facet normal -0.803209 -0.595698 0
    outer loop
      vertex -9.27612 -7.61272 0
      vertex -9.97763 -6.66684 8
      vertex -9.97763 -6.66684 0
    endloop
  endfacet
  facet normal -0.803209 -0.595698 0
    outer loop
      vertex -9.97763 -6.66684 8
      vertex -9.27612 -7.61272 0
      vertex -9.27612 -7.61272 8
    endloop
  endfacet
  facet normal -0.903989 0.427556 0
    outer loop
      vertex -11.0866 4.5922 0
      vertex -10.5831 5.65676 8
      vertex -10.5831 5.65676 0
    endloop
  endfacet
  facet normal -0.903989 0.427556 0
    outer loop
      vertex -10.5831 5.65676 8
      vertex -11.0866 4.5922 0
      vertex -11.0866 4.5922 8
    endloop
  endfacet
  facet normal -0.427556 -0.903989 0
    outer loop
      vertex -5.65676 -10.5831 0
      vertex -4.5922 -11.0866 8
      vertex -5.65676 -10.5831 8
    endloop
  endfacet
  facet normal -0.427556 -0.903989 -0
    outer loop
      vertex -4.5922 -11.0866 8
      vertex -5.65676 -10.5831 0
      vertex -4.5922 -11.0866 0
    endloop
  endfacet
  facet normal 0.595698 -0.803209 0
    outer loop
      vertex 6.66684 -9.97763 0
      vertex 7.61272 -9.27612 8
      vertex 6.66684 -9.97763 8
    endloop
  endfacet
  facet normal 0.595698 -0.803209 0
    outer loop
      vertex 7.61272 -9.27612 8
      vertex 6.66684 -9.97763 0
      vertex 7.61272 -9.27612 0
    endloop
  endfacet
  facet normal -0.146737 0.989176 0
    outer loop
      vertex -1.17621 11.9422 0
      vertex -2.34108 11.7694 8
      vertex -1.17621 11.9422 8
    endloop
  endfacet
  facet normal -0.146737 0.989176 0
    outer loop
      vertex -2.34108 11.7694 8
      vertex -1.17621 11.9422 0
      vertex -2.34108 11.7694 0
    endloop
  endfacet
  facet normal -0.989176 -0.146737 0
    outer loop
      vertex -11.7694 -2.34108 0
      vertex -11.9422 -1.17621 8
      vertex -11.9422 -1.17621 0
    endloop
  endfacet
  facet normal -0.989176 -0.146737 0
    outer loop
      vertex -11.9422 -1.17621 8
      vertex -11.7694 -2.34108 0
      vertex -11.7694 -2.34108 8
    endloop
  endfacet
  facet normal 0.336869 -0.941552 0
    outer loop
      vertex 3.48342 -11.4833 0
      vertex 4.5922 -11.0866 8
      vertex 3.48342 -11.4833 8
    endloop
  endfacet
  facet normal 0.336869 -0.941552 0
    outer loop
      vertex 4.5922 -11.0866 8
      vertex 3.48342 -11.4833 0
      vertex 4.5922 -11.0866 0
    endloop
  endfacet
  facet normal 0.242947 -0.97004 0
    outer loop
      vertex 2.34108 -11.7694 0
      vertex 3.48342 -11.4833 8
      vertex 2.34108 -11.7694 8
    endloop
  endfacet
  facet normal 0.242947 -0.97004 0
    outer loop
      vertex 3.48342 -11.4833 8
      vertex 2.34108 -11.7694 0
      vertex 3.48342 -11.4833 0
    endloop
  endfacet
  facet normal -0.903989 -0.427556 0
    outer loop
      vertex -10.5831 -5.65676 0
      vertex -11.0866 -4.5922 8
      vertex -11.0866 -4.5922 0
    endloop
  endfacet
  facet normal -0.903989 -0.427556 0
    outer loop
      vertex -11.0866 -4.5922 8
      vertex -10.5831 -5.65676 0
      vertex -10.5831 -5.65676 8
    endloop
  endfacet
  facet normal -0.740952 -0.671558 0
    outer loop
      vertex -8.48528 -8.48528 0
      vertex -9.27612 -7.61272 8
      vertex -9.27612 -7.61272 0
    endloop
  endfacet
  facet normal -0.740952 -0.671558 0
    outer loop
      vertex -9.27612 -7.61272 8
      vertex -8.48528 -8.48528 0
      vertex -8.48528 -8.48528 8
    endloop
  endfacet
  facet normal -0.595698 -0.803209 0
    outer loop
      vertex -7.61272 -9.27612 0
      vertex -6.66684 -9.97763 8
      vertex -7.61272 -9.27612 8
    endloop
  endfacet
  facet normal -0.595698 -0.803209 -0
    outer loop
      vertex -6.66684 -9.97763 8
      vertex -7.61272 -9.27612 0
      vertex -6.66684 -9.97763 0
    endloop
  endfacet
  facet normal -0.0490817 -0.998795 1.60384e-05
    outer loop
      vertex -0.312144 -11.9847 5.56926
      vertex 0 -12 8
      vertex -1.17621 -11.9422 8
    endloop
  endfacet
  facet normal -0.0490396 -0.998797 -0
    outer loop
      vertex 0 -12 8
      vertex -0.156827 -11.9923 5.59229
      vertex 0 -12 5.6
    endloop
  endfacet
  facet normal -0.0488721 -0.998805 -1.0938e-05
    outer loop
      vertex 0 -12 8
      vertex -0.312144 -11.9847 5.56926
      vertex -0.156827 -11.9923 5.59229
    endloop
  endfacet
  facet normal -0.0491773 -0.99879 -1.80275e-05
    outer loop
      vertex -1.17621 -11.9422 8
      vertex -0.464455 -11.9772 5.5311
      vertex -0.312144 -11.9847 5.56926
    endloop
  endfacet
  facet normal -0.0492993 -0.998784 -5.32865e-05
    outer loop
      vertex -1.17621 -11.9422 8
      vertex -0.612293 -11.9699 5.47821
      vertex -0.464455 -11.9772 5.5311
    endloop
  endfacet
  facet normal -0.0492378 -0.998787 -3.94999e-05
    outer loop
      vertex -1.17621 -11.9422 8
      vertex -0.754234 -11.9629 5.41107
      vertex -0.612293 -11.9699 5.47821
    endloop
  endfacet
  facet normal -0.0489514 -0.998801 7.28875e-06
    outer loop
      vertex -1.17621 -11.9422 8
      vertex -0.888912 -11.9563 5.33035
      vertex -0.754234 -11.9629 5.41107
    endloop
  endfacet
  facet normal -0.0490949 -0.998794 -8.19723e-06
    outer loop
      vertex -1.17621 -11.9422 8
      vertex -1.01503 -11.9501 5.23682
      vertex -0.888912 -11.9563 5.33035
    endloop
  endfacet
  facet normal -0.0489366 -0.998802 1.06235e-06
    outer loop
      vertex -1.17621 -11.9422 8
      vertex -1.13137 -11.9444 5.13137
      vertex -1.01503 -11.9501 5.23682
    endloop
  endfacet
  facet normal -0.0490044 -0.998799 0
    outer loop
      vertex -1.13137 -11.9444 5.13137
      vertex -1.17621 -11.9422 8
      vertex -1.17621 -11.9422 5.0819
    endloop
  endfacet
  facet normal -0.0490044 -0.998799 0
    outer loop
      vertex -1.17621 -11.9422 0
      vertex -1.13137 -11.9444 2.86863
      vertex -1.17621 -11.9422 2.9181
    endloop
  endfacet
  facet normal -0.0489366 -0.998802 -1.06235e-06
    outer loop
      vertex -1.17621 -11.9422 0
      vertex -1.01503 -11.9501 2.76318
      vertex -1.13137 -11.9444 2.86863
    endloop
  endfacet
  facet normal -0.0490949 -0.998794 8.19723e-06
    outer loop
      vertex -1.17621 -11.9422 0
      vertex -0.888912 -11.9563 2.66965
      vertex -1.01503 -11.9501 2.76318
    endloop
  endfacet
  facet normal -0.0489514 -0.998801 -7.28875e-06
    outer loop
      vertex -1.17621 -11.9422 0
      vertex -0.754234 -11.9629 2.58893
      vertex -0.888912 -11.9563 2.66965
    endloop
  endfacet
  facet normal -0.0492378 -0.998787 3.94999e-05
    outer loop
      vertex -1.17621 -11.9422 0
      vertex -0.612293 -11.9699 2.52179
      vertex -0.754234 -11.9629 2.58893
    endloop
  endfacet
  facet normal -0.0492993 -0.998784 5.32858e-05
    outer loop
      vertex -1.17621 -11.9422 0
      vertex -0.464455 -11.9772 2.46889
      vertex -0.612293 -11.9699 2.52179
    endloop
  endfacet
  facet normal -0.0491773 -0.99879 1.80278e-05
    outer loop
      vertex -1.17621 -11.9422 0
      vertex -0.312144 -11.9847 2.43074
      vertex -0.464455 -11.9772 2.46889
    endloop
  endfacet
  facet normal -0.0490817 -0.998795 -1.60384e-05
    outer loop
      vertex 0 -12 0
      vertex -0.312144 -11.9847 2.43074
      vertex -1.17621 -11.9422 0
    endloop
  endfacet
  facet normal -0.0488721 -0.998805 1.09381e-05
    outer loop
      vertex -0.312144 -11.9847 2.43074
      vertex 0 -12 0
      vertex -0.156827 -11.9923 2.4077
    endloop
  endfacet
  facet normal -0.0490396 -0.998797 0
    outer loop
      vertex -0.156827 -11.9923 2.4077
      vertex 0 -12 0
      vertex 0 -12 2.4
    endloop
  endfacet
  facet normal -0 0 1
    outer loop
      vertex 3.38824 -2.26395 8
      vertex 8.92511 -8 8
      vertex 3.59383 -1.92094 8
    endloop
  endfacet
  facet normal -0 0 1
    outer loop
      vertex 3.15002 -2.58515 8
      vertex 8.92511 -8 8
      vertex 3.38824 -2.26395 8
    endloop
  endfacet
  facet normal -0 0 1
    outer loop
      vertex 2.88146 -2.88146 8
      vertex 8.92511 -8 8
      vertex 3.15002 -2.58515 8
    endloop
  endfacet
  facet normal 0 0 1
    outer loop
      vertex 8.92511 -8 8
      vertex 2.88146 -2.88146 8
      vertex 8.48528 -8.48528 8
    endloop
  endfacet
  facet normal 0 0 1
    outer loop
      vertex 8.48528 -8.48528 8
      vertex 2.88146 -2.88146 8
      vertex 7.61272 -9.27612 8
    endloop
  endfacet
  facet normal -0 0 1
    outer loop
      vertex 2.58515 -3.15002 8
      vertex 7.61272 -9.27612 8
      vertex 2.88146 -2.88146 8
    endloop
  endfacet
  facet normal 0 0 1
    outer loop
      vertex 7.61272 -9.27612 8
      vertex 2.58515 -3.15002 8
      vertex 6.66684 -9.97763 8
    endloop
  endfacet
  facet normal -0 0 1
    outer loop
      vertex 2.26395 -3.38824 8
      vertex 6.66684 -9.97763 8
      vertex 2.58515 -3.15002 8
    endloop
  endfacet
  facet normal 0 0 1
    outer loop
      vertex 6.66684 -9.97763 8
      vertex 2.26395 -3.38824 8
      vertex 5.65676 -10.5831 8
    endloop
  endfacet
  facet normal -0 0 1
    outer loop
      vertex 1.92094 -3.59383 8
      vertex 5.65676 -10.5831 8
      vertex 2.26395 -3.38824 8
    endloop
  endfacet
  facet normal 0 0 1
    outer loop
      vertex 5.65676 -10.5831 8
      vertex 1.92094 -3.59383 8
      vertex 4.5922 -11.0866 8
    endloop
  endfacet
  facet normal -0 0 1
    outer loop
      vertex 1.55943 -3.76481 8
      vertex 4.5922 -11.0866 8
      vertex 1.92094 -3.59383 8
    endloop
  endfacet
  facet normal 0 0 1
    outer loop
      vertex 4.5922 -11.0866 8
      vertex 1.55943 -3.76481 8
      vertex 3.48342 -11.4833 8
    endloop
  endfacet
  facet normal -0 0 1
    outer loop
      vertex 1.18291 -3.89953 8
      vertex 3.48342 -11.4833 8
      vertex 1.55943 -3.76481 8
    endloop
  endfacet
  facet normal 0 0 1
    outer loop
      vertex 3.48342 -11.4833 8
      vertex 1.18291 -3.89953 8
      vertex 2.34108 -11.7694 8
    endloop
  endfacet
  facet normal -0 0 1
    outer loop
      vertex 0.794992 -3.9967 8
      vertex 2.34108 -11.7694 8
      vertex 1.18291 -3.89953 8
    endloop
  endfacet
  facet normal 0 0 1
    outer loop
      vertex 2.34108 -11.7694 8
      vertex 0.794992 -3.9967 8
      vertex 1.17621 -11.9422 8
    endloop
  endfacet
  facet normal -0 0 1
    outer loop
      vertex 0.39942 -4.05538 8
      vertex 1.17621 -11.9422 8
      vertex 0.794992 -3.9967 8
    endloop
  endfacet
  facet normal -0 0 1
    outer loop
      vertex 0 -4.075 8
      vertex 1.17621 -11.9422 8
      vertex 0.39942 -4.05538 8
    endloop
  endfacet
  facet normal 0 0 1
    outer loop
      vertex 0 -4.075 8
      vertex 0 -12 8
      vertex 1.17621 -11.9422 8
    endloop
  endfacet
  facet normal 0 0 1
    outer loop
      vertex -0.39942 -4.05538 8
      vertex 0 -12 8
      vertex 0 -4.075 8
    endloop
  endfacet
  facet normal 0 0 1
    outer loop
      vertex -1.17621 -11.9422 8
      vertex -0.39942 -4.05538 8
      vertex -0.794992 -3.9967 8
    endloop
  endfacet
  facet normal 0 0 1
    outer loop
      vertex -0.39942 -4.05538 8
      vertex -1.17621 -11.9422 8
      vertex 0 -12 8
    endloop
  endfacet
  facet normal 0 0 1
    outer loop
      vertex -2.34108 -11.7694 8
      vertex -0.794992 -3.9967 8
      vertex -1.18291 -3.89953 8
    endloop
  endfacet
  facet normal 0 0 1
    outer loop
      vertex -3.48342 -11.4833 8
      vertex -1.18291 -3.89953 8
      vertex -1.55943 -3.76481 8
    endloop
  endfacet
  facet normal 0 0 1
    outer loop
      vertex -4.5922 -11.0866 8
      vertex -1.55943 -3.76481 8
      vertex -1.92094 -3.59383 8
    endloop
  endfacet
  facet normal 0 0 1
    outer loop
      vertex -5.65676 -10.5831 8
      vertex -1.92094 -3.59383 8
      vertex -2.26395 -3.38824 8
    endloop
  endfacet
  facet normal 0 0 1
    outer loop
      vertex -0.794992 -3.9967 8
      vertex -2.34108 -11.7694 8
      vertex -1.17621 -11.9422 8
    endloop
  endfacet
  facet normal 0 0 1
    outer loop
      vertex -6.66684 -9.97763 8
      vertex -2.26395 -3.38824 8
      vertex -2.58515 -3.15002 8
    endloop
  endfacet
  facet normal 0 0 1
    outer loop
      vertex -7.61272 -9.27612 8
      vertex -2.58515 -3.15002 8
      vertex -2.88146 -2.88146 8
    endloop
  endfacet
  facet normal 0 0 1
    outer loop
      vertex -8.48528 -8.48528 8
      vertex -2.88146 -2.88146 8
      vertex -3.15002 -2.58515 8
    endloop
  endfacet
  facet normal 0 0 1
    outer loop
      vertex -9.27612 -7.61272 8
      vertex -3.15002 -2.58515 8
      vertex -3.38824 -2.26395 8
    endloop
  endfacet
  facet normal 0 0 1
    outer loop
      vertex -1.18291 -3.89953 8
      vertex -3.48342 -11.4833 8
      vertex -2.34108 -11.7694 8
    endloop
  endfacet
  facet normal 0 0 1
    outer loop
      vertex -9.97763 -6.66684 8
      vertex -3.38824 -2.26395 8
      vertex -3.59383 -1.92094 8
    endloop
  endfacet
  facet normal 0 0 1
    outer loop
      vertex -10.5831 -5.65676 8
      vertex -3.59383 -1.92094 8
      vertex -3.76481 -1.55943 8
    endloop
  endfacet
  facet normal 0 0 1
    outer loop
      vertex -11.0866 -4.5922 8
      vertex -3.76481 -1.55943 8
      vertex -3.89953 -1.18291 8
    endloop
  endfacet
  facet normal 0 0 1
    outer loop
      vertex -11.4833 -3.48342 8
      vertex -3.89953 -1.18291 8
      vertex -3.9967 -0.794992 8
    endloop
  endfacet
  facet normal 0 0 1
    outer loop
      vertex -11.7694 -2.34108 8
      vertex -3.9967 -0.794992 8
      vertex -4.05538 -0.39942 8
    endloop
  endfacet
  facet normal 0 0 1
    outer loop
      vertex -1.55943 -3.76481 8
      vertex -4.5922 -11.0866 8
      vertex -3.48342 -11.4833 8
    endloop
  endfacet
  facet normal 0 0 1
    outer loop
      vertex -11.9422 -1.17621 8
      vertex -4.05538 -0.39942 8
      vertex -4.075 0 8
    endloop
  endfacet
  facet normal 0 0 1
    outer loop
      vertex -3.38824 2.26395 8
      vertex -9.97763 6.66684 8
      vertex -3.59383 1.92094 8
    endloop
  endfacet
  facet normal -0 0 1
    outer loop
      vertex -10.5831 5.65676 8
      vertex -3.59383 1.92094 8
      vertex -9.97763 6.66684 8
    endloop
  endfacet
  facet normal 0 0 1
    outer loop
      vertex -1.92094 -3.59383 8
      vertex -5.65676 -10.5831 8
      vertex -4.5922 -11.0866 8
    endloop
  endfacet
  facet normal 0 0 1
    outer loop
      vertex -3.59383 1.92094 8
      vertex -10.5831 5.65676 8
      vertex -3.76481 1.55943 8
    endloop
  endfacet
  facet normal 0 0 1
    outer loop
      vertex -2.26395 -3.38824 8
      vertex -6.66684 -9.97763 8
      vertex -5.65676 -10.5831 8
    endloop
  endfacet
  facet normal -0 0 1
    outer loop
      vertex -11.0866 4.5922 8
      vertex -3.76481 1.55943 8
      vertex -10.5831 5.65676 8
    endloop
  endfacet
  facet normal 0 0 1
    outer loop
      vertex -2.58515 -3.15002 8
      vertex -7.61272 -9.27612 8
      vertex -6.66684 -9.97763 8
    endloop
  endfacet
  facet normal 0 0 1
    outer loop
      vertex -3.76481 1.55943 8
      vertex -11.0866 4.5922 8
      vertex -3.89953 1.18291 8
    endloop
  endfacet
  facet normal 0 0 1
    outer loop
      vertex -2.88146 -2.88146 8
      vertex -8.48528 -8.48528 8
      vertex -7.61272 -9.27612 8
    endloop
  endfacet
  facet normal -0 0 1
    outer loop
      vertex -11.4833 3.48342 8
      vertex -3.89953 1.18291 8
      vertex -11.0866 4.5922 8
    endloop
  endfacet
  facet normal 0 0 1
    outer loop
      vertex -3.15002 -2.58515 8
      vertex -9.27612 -7.61272 8
      vertex -8.48528 -8.48528 8
    endloop
  endfacet
  facet normal 0 0 1
    outer loop
      vertex -3.89953 1.18291 8
      vertex -11.4833 3.48342 8
      vertex -3.9967 0.794992 8
    endloop
  endfacet
  facet normal 0 0 1
    outer loop
      vertex -3.38824 -2.26395 8
      vertex -9.97763 -6.66684 8
      vertex -9.27612 -7.61272 8
    endloop
  endfacet
  facet normal -0 0 1
    outer loop
      vertex -11.7694 2.34108 8
      vertex -3.9967 0.794992 8
      vertex -11.4833 3.48342 8
    endloop
  endfacet
  facet normal 0 0 1
    outer loop
      vertex -3.59383 -1.92094 8
      vertex -10.5831 -5.65676 8
      vertex -9.97763 -6.66684 8
    endloop
  endfacet
  facet normal 0 0 1
    outer loop
      vertex -3.9967 0.794992 8
      vertex -11.7694 2.34108 8
      vertex -4.05538 0.39942 8
    endloop
  endfacet
  facet normal 0 0 1
    outer loop
      vertex -3.76481 -1.55943 8
      vertex -11.0866 -4.5922 8
      vertex -10.5831 -5.65676 8
    endloop
  endfacet
  facet normal -0 0 1
    outer loop
      vertex -11.9422 1.17621 8
      vertex -4.05538 0.39942 8
      vertex -11.7694 2.34108 8
    endloop
  endfacet
  facet normal 0 0 1
    outer loop
      vertex -3.89953 -1.18291 8
      vertex -11.4833 -3.48342 8
      vertex -11.0866 -4.5922 8
    endloop
  endfacet
  facet normal 0 0 1
    outer loop
      vertex -4.05538 0.39942 8
      vertex -11.9422 1.17621 8
      vertex -4.075 0 8
    endloop
  endfacet
  facet normal 0 0 1
    outer loop
      vertex -3.9967 -0.794992 8
      vertex -11.7694 -2.34108 8
      vertex -11.4833 -3.48342 8
    endloop
  endfacet
  facet normal 0 0 1
    outer loop
      vertex -12 0 8
      vertex -4.075 0 8
      vertex -11.9422 1.17621 8
    endloop
  endfacet
  facet normal 0 0 1
    outer loop
      vertex -4.05538 -0.39942 8
      vertex -11.9422 -1.17621 8
      vertex -11.7694 -2.34108 8
    endloop
  endfacet
  facet normal 0 0 1
    outer loop
      vertex -4.075 0 8
      vertex -12 0 8
      vertex -11.9422 -1.17621 8
    endloop
  endfacet
  facet normal 0 0 1
    outer loop
      vertex 82.6 0 8
      vertex 89 0 8
      vertex 88.9567 0.882154 8
    endloop
  endfacet
  facet normal 0 0 1
    outer loop
      vertex 82.5875 0.254844 8
      vertex 88.9567 0.882154 8
      vertex 88.8271 1.75581 8
    endloop
  endfacet
  facet normal 0 0 1
    outer loop
      vertex 89 0 8
      vertex 82.6 0 8
      vertex 88.9567 -0.882154 8
    endloop
  endfacet
  facet normal 0 0 1
    outer loop
      vertex 82.55 0.507235 8
      vertex 88.8271 1.75581 8
      vertex 88.6125 2.61256 8
    endloop
  endfacet
  facet normal -0 0 1
    outer loop
      vertex 82.5875 -0.254844 8
      vertex 88.9567 -0.882154 8
      vertex 82.6 0 8
    endloop
  endfacet
  facet normal 0 0 1
    outer loop
      vertex 82.488 0.75474 8
      vertex 88.6125 2.61256 8
      vertex 88.3149 3.44415 8
    endloop
  endfacet
  facet normal 0 0 1
    outer loop
      vertex 88.9567 -0.882154 8
      vertex 82.5875 -0.254844 8
      vertex 88.8271 -1.75581 8
    endloop
  endfacet
  facet normal 0 0 1
    outer loop
      vertex 82.4021 0.994976 8
      vertex 88.3149 3.44415 8
      vertex 87.9373 4.24257 8
    endloop
  endfacet
  facet normal -0 0 1
    outer loop
      vertex 82.55 -0.507235 8
      vertex 88.8271 -1.75581 8
      vertex 82.5875 -0.254844 8
    endloop
  endfacet
  facet normal 0 0 1
    outer loop
      vertex 82.293 1.22563 8
      vertex 87.9373 4.24257 8
      vertex 87.4832 5.00013 8
    endloop
  endfacet
  facet normal 0 0 1
    outer loop
      vertex 88.8271 -1.75581 8
      vertex 82.55 -0.507235 8
      vertex 88.6125 -2.61256 8
    endloop
  endfacet
  facet normal 0 0 1
    outer loop
      vertex 82.1618 1.44448 8
      vertex 87.4832 5.00013 8
      vertex 86.9571 5.70954 8
    endloop
  endfacet
  facet normal -0 0 1
    outer loop
      vertex 82.488 -0.75474 8
      vertex 88.6125 -2.61256 8
      vertex 82.55 -0.507235 8
    endloop
  endfacet
  facet normal 0 0 1
    outer loop
      vertex 82.0098 1.64942 8
      vertex 86.9571 5.70954 8
      vertex 86.364 6.36396 8
    endloop
  endfacet
  facet normal 0 0 1
    outer loop
      vertex 88.6125 -2.61256 8
      vertex 82.488 -0.75474 8
      vertex 88.3149 -3.44415 8
    endloop
  endfacet
  facet normal 0 0 1
    outer loop
      vertex 81.8385 1.83848 8
      vertex 86.364 6.36396 8
      vertex 85.7095 6.95709 8
    endloop
  endfacet
  facet normal -0 0 1
    outer loop
      vertex 82.4021 -0.994976 8
      vertex 88.3149 -3.44415 8
      vertex 82.488 -0.75474 8
    endloop
  endfacet
  facet normal 0 0 1
    outer loop
      vertex 81.6494 2.00983 8
      vertex 85.7095 6.95709 8
      vertex 85.0001 7.48323 8
    endloop
  endfacet
  facet normal 0 0 1
    outer loop
      vertex 88.3149 -3.44415 8
      vertex 82.4021 -0.994976 8
      vertex 87.9373 -4.24257 8
    endloop
  endfacet
  facet normal 0 0 1
    outer loop
      vertex 81.4445 2.16182 8
      vertex 85.0001 7.48323 8
      vertex 84.2426 7.93729 8
    endloop
  endfacet
  facet normal -0 0 1
    outer loop
      vertex 82.293 -1.22563 8
      vertex 87.9373 -4.24257 8
      vertex 82.4021 -0.994976 8
    endloop
  endfacet
  facet normal 0 0 1
    outer loop
      vertex 81.2256 2.29299 8
      vertex 84.2426 7.93729 8
      vertex 83.4442 8.31492 8
    endloop
  endfacet
  facet normal 0 0 1
    outer loop
      vertex 87.9373 -4.24257 8
      vertex 82.293 -1.22563 8
      vertex 87.4832 -5.00013 8
    endloop
  endfacet
  facet normal 0 0 1
    outer loop
      vertex 80.995 2.40209 8
      vertex 83.4442 8.31492 8
      vertex 82.6126 8.61246 8
    endloop
  endfacet
  facet normal -0 0 1
    outer loop
      vertex 82.1618 -1.44448 8
      vertex 87.4832 -5.00013 8
      vertex 82.293 -1.22563 8
    endloop
  endfacet
  facet normal 0 0 1
    outer loop
      vertex 87.4832 -5.00013 8
      vertex 82.1618 -1.44448 8
      vertex 86.9571 -5.70954 8
    endloop
  endfacet
  facet normal 0 0 1
    outer loop
      vertex 88.9567 0.882154 8
      vertex 82.5875 0.254844 8
      vertex 82.6 0 8
    endloop
  endfacet
  facet normal 0 0 1
    outer loop
      vertex 88.8271 1.75581 8
      vertex 82.55 0.507235 8
      vertex 82.5875 0.254844 8
    endloop
  endfacet
  facet normal 0 0 1
    outer loop
      vertex 88.6125 2.61256 8
      vertex 82.488 0.75474 8
      vertex 82.55 0.507235 8
    endloop
  endfacet
  facet normal 0 0 1
    outer loop
      vertex 88.3149 3.44415 8
      vertex 82.4021 0.994976 8
      vertex 82.488 0.75474 8
    endloop
  endfacet
  facet normal 0 0 1
    outer loop
      vertex 87.9373 4.24257 8
      vertex 82.293 1.22563 8
      vertex 82.4021 0.994976 8
    endloop
  endfacet
  facet normal 0 0 1
    outer loop
      vertex 87.4832 5.00013 8
      vertex 82.1618 1.44448 8
      vertex 82.293 1.22563 8
    endloop
  endfacet
  facet normal 0 0 1
    outer loop
      vertex 86.9571 5.70954 8
      vertex 82.0098 1.64942 8
      vertex 82.1618 1.44448 8
    endloop
  endfacet
  facet normal 0 0 1
    outer loop
      vertex 86.364 6.36396 8
      vertex 81.8385 1.83848 8
      vertex 82.0098 1.64942 8
    endloop
  endfacet
  facet normal 0 0 1
    outer loop
      vertex 80.7547 2.48804 8
      vertex 82.6126 8.61246 8
      vertex 81.7558 8.82707 8
    endloop
  endfacet
  facet normal 0 0 1
    outer loop
      vertex 85.7095 6.95709 8
      vertex 81.6494 2.00983 8
      vertex 81.8385 1.83848 8
    endloop
  endfacet
  facet normal 0 0 1
    outer loop
      vertex 85.0001 7.48323 8
      vertex 81.4445 2.16182 8
      vertex 81.6494 2.00983 8
    endloop
  endfacet
  facet normal 0 0 1
    outer loop
      vertex 84.2426 7.93729 8
      vertex 81.2256 2.29299 8
      vertex 81.4445 2.16182 8
    endloop
  endfacet
  facet normal 0 0 1
    outer loop
      vertex 83.4442 8.31492 8
      vertex 80.995 2.40209 8
      vertex 81.2256 2.29299 8
    endloop
  endfacet
  facet normal 0 0 1
    outer loop
      vertex 80.5072 2.55004 8
      vertex 81.7558 8.82707 8
      vertex 80.8822 8.95666 8
    endloop
  endfacet
  facet normal 0 0 1
    outer loop
      vertex 82.6126 8.61246 8
      vertex 80.7547 2.48804 8
      vertex 80.995 2.40209 8
    endloop
  endfacet
  facet normal 0 0 1
    outer loop
      vertex 81.7558 8.82707 8
      vertex 80.5072 2.55004 8
      vertex 80.7547 2.48804 8
    endloop
  endfacet
  facet normal 0 0 1
    outer loop
      vertex 80.8822 8.95666 8
      vertex 80.2548 2.58748 8
      vertex 80.5072 2.55004 8
    endloop
  endfacet
  facet normal 0 0 1
    outer loop
      vertex 80 9 8
      vertex 80.2548 2.58748 8
      vertex 80.8822 8.95666 8
    endloop
  endfacet
  facet normal 0 0 1
    outer loop
      vertex 80 9 8
      vertex 80 2.6 8
      vertex 80.2548 2.58748 8
    endloop
  endfacet
  facet normal 0 0 1
    outer loop
      vertex 80 9 8
      vertex 79.7452 2.58748 8
      vertex 80 2.6 8
    endloop
  endfacet
  facet normal -0 0 1
    outer loop
      vertex 79.1178 8.95666 8
      vertex 79.7452 2.58748 8
      vertex 80 9 8
    endloop
  endfacet
  facet normal 0 0 1
    outer loop
      vertex 79.7452 2.58748 8
      vertex 79.1178 8.95666 8
      vertex 79.4928 2.55004 8
    endloop
  endfacet
  facet normal -0 0 1
    outer loop
      vertex 78.2442 8.82707 8
      vertex 79.4928 2.55004 8
      vertex 79.1178 8.95666 8
    endloop
  endfacet
  facet normal 0 0 1
    outer loop
      vertex 79.4928 2.55004 8
      vertex 78.2442 8.82707 8
      vertex 79.2453 2.48804 8
    endloop
  endfacet
  facet normal -0 0 1
    outer loop
      vertex 77.3874 8.61246 8
      vertex 79.2453 2.48804 8
      vertex 78.2442 8.82707 8
    endloop
  endfacet
  facet normal 0 0 1
    outer loop
      vertex 79.2453 2.48804 8
      vertex 77.3874 8.61246 8
      vertex 79.005 2.40209 8
    endloop
  endfacet
  facet normal -0 0 1
    outer loop
      vertex 76.5558 8.31492 8
      vertex 79.005 2.40209 8
      vertex 77.3874 8.61246 8
    endloop
  endfacet
  facet normal -0 0 1
    outer loop
      vertex 75.89 8 8
      vertex 79.005 2.40209 8
      vertex 76.5558 8.31492 8
    endloop
  endfacet
  facet normal 0 0 1
    outer loop
      vertex 79.005 2.40209 8
      vertex 75.89 8 8
      vertex 78.7744 2.29299 8
    endloop
  endfacet
  facet normal 0 0 1
    outer loop
      vertex 78.7744 2.29299 8
      vertex 75.89 8 8
      vertex 78.5555 2.16182 8
    endloop
  endfacet
  facet normal 0 0 1
    outer loop
      vertex 78.5555 2.16182 8
      vertex 75.89 8 8
      vertex 78.3506 2.00983 8
    endloop
  endfacet
  facet normal 0 0 1
    outer loop
      vertex 78.3506 2.00983 8
      vertex 75.89 8 8
      vertex 78.1615 1.83848 8
    endloop
  endfacet
  facet normal 0 0 1
    outer loop
      vertex 78.1615 1.83848 8
      vertex 75.89 8 8
      vertex 77.9902 1.64942 8
    endloop
  endfacet
  facet normal 0 0 1
    outer loop
      vertex 77.9902 1.64942 8
      vertex 75.89 8 8
      vertex 77.8382 1.44448 8
    endloop
  endfacet
  facet normal 0 0 1
    outer loop
      vertex 77.8382 1.44448 8
      vertex 75.89 8 8
      vertex 77.707 1.22563 8
    endloop
  endfacet
  facet normal 0 0 1
    outer loop
      vertex 77.707 1.22563 8
      vertex 75.89 8 8
      vertex 77.5979 0.994976 8
    endloop
  endfacet
  facet normal 0 0 1
    outer loop
      vertex 77.512 0.75474 8
      vertex 75.89 8 8
      vertex 77.45 0.507235 8
    endloop
  endfacet
  facet normal 0 0 1
    outer loop
      vertex 77.5979 0.994976 8
      vertex 75.89 8 8
      vertex 77.512 0.75474 8
    endloop
  endfacet
  facet normal -0 0 1
    outer loop
      vertex 82.0098 -1.64942 8
      vertex 86.9571 -5.70954 8
      vertex 82.1618 -1.44448 8
    endloop
  endfacet
  facet normal 0 0 1
    outer loop
      vertex 86.9571 -5.70954 8
      vertex 82.0098 -1.64942 8
      vertex 86.364 -6.36396 8
    endloop
  endfacet
  facet normal -0 0 1
    outer loop
      vertex 81.8385 -1.83848 8
      vertex 86.364 -6.36396 8
      vertex 82.0098 -1.64942 8
    endloop
  endfacet
  facet normal 0 0 1
    outer loop
      vertex 86.364 -6.36396 8
      vertex 81.8385 -1.83848 8
      vertex 85.7095 -6.95709 8
    endloop
  endfacet
  facet normal -0 0 1
    outer loop
      vertex 81.6494 -2.00983 8
      vertex 85.7095 -6.95709 8
      vertex 81.8385 -1.83848 8
    endloop
  endfacet
  facet normal 0 0 1
    outer loop
      vertex 85.7095 -6.95709 8
      vertex 81.6494 -2.00983 8
      vertex 85.0001 -7.48323 8
    endloop
  endfacet
  facet normal -0 0 1
    outer loop
      vertex 81.4445 -2.16182 8
      vertex 85.0001 -7.48323 8
      vertex 81.6494 -2.00983 8
    endloop
  endfacet
  facet normal 0 0 1
    outer loop
      vertex 85.0001 -7.48323 8
      vertex 81.4445 -2.16182 8
      vertex 84.2426 -7.93729 8
    endloop
  endfacet
  facet normal -0 0 1
    outer loop
      vertex 81.2256 -2.29299 8
      vertex 84.2426 -7.93729 8
      vertex 81.4445 -2.16182 8
    endloop
  endfacet
  facet normal 0 0 1
    outer loop
      vertex 84.2426 -7.93729 8
      vertex 81.2256 -2.29299 8
      vertex 83.4442 -8.31492 8
    endloop
  endfacet
  facet normal -0 0 1
    outer loop
      vertex 80.995 -2.40209 8
      vertex 83.4442 -8.31492 8
      vertex 81.2256 -2.29299 8
    endloop
  endfacet
  facet normal 0 0 1
    outer loop
      vertex 83.4442 -8.31492 8
      vertex 80.995 -2.40209 8
      vertex 82.6126 -8.61246 8
    endloop
  endfacet
  facet normal -0 0 1
    outer loop
      vertex 80.7547 -2.48804 8
      vertex 82.6126 -8.61246 8
      vertex 80.995 -2.40209 8
    endloop
  endfacet
  facet normal 0 0 1
    outer loop
      vertex 82.6126 -8.61246 8
      vertex 80.7547 -2.48804 8
      vertex 81.7558 -8.82707 8
    endloop
  endfacet
  facet normal -0 0 1
    outer loop
      vertex 80.5072 -2.55004 8
      vertex 81.7558 -8.82707 8
      vertex 80.7547 -2.48804 8
    endloop
  endfacet
  facet normal 0 0 1
    outer loop
      vertex 81.7558 -8.82707 8
      vertex 80.5072 -2.55004 8
      vertex 80.8822 -8.95666 8
    endloop
  endfacet
  facet normal -0 0 1
    outer loop
      vertex 80.2548 -2.58748 8
      vertex 80.8822 -8.95666 8
      vertex 80.5072 -2.55004 8
    endloop
  endfacet
  facet normal -0 0 1
    outer loop
      vertex 80 -2.6 8
      vertex 80.8822 -8.95666 8
      vertex 80.2548 -2.58748 8
    endloop
  endfacet
  facet normal 0 0 1
    outer loop
      vertex 80 -2.6 8
      vertex 80 -9 8
      vertex 80.8822 -8.95666 8
    endloop
  endfacet
  facet normal 0 0 1
    outer loop
      vertex 79.7452 -2.58748 8
      vertex 80 -9 8
      vertex 80 -2.6 8
    endloop
  endfacet
  facet normal 0 0 1
    outer loop
      vertex 79.1178 -8.95666 8
      vertex 79.7452 -2.58748 8
      vertex 79.4928 -2.55004 8
    endloop
  endfacet
  facet normal 0 0 1
    outer loop
      vertex 78.2442 -8.82707 8
      vertex 79.4928 -2.55004 8
      vertex 79.2453 -2.48804 8
    endloop
  endfacet
  facet normal 0 0 1
    outer loop
      vertex 79.7452 -2.58748 8
      vertex 79.1178 -8.95666 8
      vertex 80 -9 8
    endloop
  endfacet
  facet normal 0 0 1
    outer loop
      vertex 77.3874 -8.61246 8
      vertex 79.2453 -2.48804 8
      vertex 79.005 -2.40209 8
    endloop
  endfacet
  facet normal 0 0 1
    outer loop
      vertex 75.89 -8 8
      vertex 79.005 -2.40209 8
      vertex 78.7744 -2.29299 8
    endloop
  endfacet
  facet normal 0 0 1
    outer loop
      vertex 75.89 -8 8
      vertex 78.7744 -2.29299 8
      vertex 78.5555 -2.16182 8
    endloop
  endfacet
  facet normal 0 0 1
    outer loop
      vertex 75.89 -8 8
      vertex 78.5555 -2.16182 8
      vertex 78.3506 -2.00983 8
    endloop
  endfacet
  facet normal 0 0 1
    outer loop
      vertex 79.4928 -2.55004 8
      vertex 78.2442 -8.82707 8
      vertex 79.1178 -8.95666 8
    endloop
  endfacet
  facet normal 0 0 1
    outer loop
      vertex 75.89 -8 8
      vertex 78.3506 -2.00983 8
      vertex 78.1615 -1.83848 8
    endloop
  endfacet
  facet normal 0 0 1
    outer loop
      vertex 75.89 -8 8
      vertex 78.1615 -1.83848 8
      vertex 77.9902 -1.64942 8
    endloop
  endfacet
  facet normal 0 0 1
    outer loop
      vertex 75.89 -8 8
      vertex 77.9902 -1.64942 8
      vertex 77.8382 -1.44448 8
    endloop
  endfacet
  facet normal 0 0 1
    outer loop
      vertex 75.89 -8 8
      vertex 77.8382 -1.44448 8
      vertex 77.707 -1.22563 8
    endloop
  endfacet
  facet normal 0 0 1
    outer loop
      vertex 75.89 -8 8
      vertex 77.707 -1.22563 8
      vertex 77.5979 -0.994976 8
    endloop
  endfacet
  facet normal 0 0 1
    outer loop
      vertex 75.89 -8 8
      vertex 77.5979 -0.994976 8
      vertex 77.512 -0.75474 8
    endloop
  endfacet
  facet normal 0 0 1
    outer loop
      vertex 75.89 -8 8
      vertex 77.512 -0.75474 8
      vertex 77.45 -0.507235 8
    endloop
  endfacet
  facet normal 0 0 1
    outer loop
      vertex 75.89 -8 8
      vertex 77.45 -0.507235 8
      vertex 77.4125 -0.254844 8
    endloop
  endfacet
  facet normal 0 0 1
    outer loop
      vertex 79.2453 -2.48804 8
      vertex 77.3874 -8.61246 8
      vertex 78.2442 -8.82707 8
    endloop
  endfacet
  facet normal 0 0 1
    outer loop
      vertex 75.89 -8 8
      vertex 77.4125 -0.254844 8
      vertex 77.4 0 8
    endloop
  endfacet
  facet normal 0 0 1
    outer loop
      vertex 77.45 0.507235 8
      vertex 75.89 8 8
      vertex 77.4125 0.254844 8
    endloop
  endfacet
  facet normal 0 0 1
    outer loop
      vertex 77.4125 0.254844 8
      vertex 75.89 8 8
      vertex 77.4 0 8
    endloop
  endfacet
  facet normal 0 0 1
    outer loop
      vertex 79.005 -2.40209 8
      vertex 76.5558 -8.31492 8
      vertex 77.3874 -8.61246 8
    endloop
  endfacet
  facet normal 0 0 1
    outer loop
      vertex 75.89 -8 8
      vertex 77.4 0 8
      vertex 75.89 8 8
    endloop
  endfacet
  facet normal 0 0 1
    outer loop
      vertex 79.005 -2.40209 8
      vertex 75.89 -8 8
      vertex 76.5558 -8.31492 8
    endloop
  endfacet
  facet normal -0 0 1
    outer loop
      vertex 8.92511 8 8
      vertex 75.89 -8 8
      vertex 75.89 8 8
    endloop
  endfacet
  facet normal 0 0 1
    outer loop
      vertex 8.92511 8 8
      vertex 8.92511 -8 8
      vertex 75.89 -8 8
    endloop
  endfacet
  facet normal 0 0 1
    outer loop
      vertex 2.88146 2.88146 8
      vertex 8.92511 8 8
      vertex 8.48528 8.48528 8
    endloop
  endfacet
  facet normal 0 0 1
    outer loop
      vertex 8.92511 8 8
      vertex 4.075 0 8
      vertex 8.92511 -8 8
    endloop
  endfacet
  facet normal 0 0 1
    outer loop
      vertex 2.88146 2.88146 8
      vertex 8.48528 8.48528 8
      vertex 7.61272 9.27612 8
    endloop
  endfacet
  facet normal -0 0 1
    outer loop
      vertex 4.05538 -0.39942 8
      vertex 8.92511 -8 8
      vertex 4.075 0 8
    endloop
  endfacet
  facet normal 0 0 1
    outer loop
      vertex 2.58515 3.15002 8
      vertex 7.61272 9.27612 8
      vertex 6.66684 9.97763 8
    endloop
  endfacet
  facet normal -0 0 1
    outer loop
      vertex 3.9967 -0.794992 8
      vertex 8.92511 -8 8
      vertex 4.05538 -0.39942 8
    endloop
  endfacet
  facet normal 0 0 1
    outer loop
      vertex 2.26395 3.38824 8
      vertex 6.66684 9.97763 8
      vertex 5.65676 10.5831 8
    endloop
  endfacet
  facet normal -0 0 1
    outer loop
      vertex 3.89953 -1.18291 8
      vertex 8.92511 -8 8
      vertex 3.9967 -0.794992 8
    endloop
  endfacet
  facet normal 0 0 1
    outer loop
      vertex 1.92094 3.59383 8
      vertex 5.65676 10.5831 8
      vertex 4.5922 11.0866 8
    endloop
  endfacet
  facet normal -0 0 1
    outer loop
      vertex 3.76481 -1.55943 8
      vertex 8.92511 -8 8
      vertex 3.89953 -1.18291 8
    endloop
  endfacet
  facet normal -0 0 1
    outer loop
      vertex 3.59383 -1.92094 8
      vertex 8.92511 -8 8
      vertex 3.76481 -1.55943 8
    endloop
  endfacet
  facet normal 0 0 1
    outer loop
      vertex 8.92511 8 8
      vertex 4.05538 0.39942 8
      vertex 4.075 0 8
    endloop
  endfacet
  facet normal 0 0 1
    outer loop
      vertex 8.92511 8 8
      vertex 3.9967 0.794992 8
      vertex 4.05538 0.39942 8
    endloop
  endfacet
  facet normal 0 0 1
    outer loop
      vertex 8.92511 8 8
      vertex 3.89953 1.18291 8
      vertex 3.9967 0.794992 8
    endloop
  endfacet
  facet normal 0 0 1
    outer loop
      vertex 8.92511 8 8
      vertex 3.76481 1.55943 8
      vertex 3.89953 1.18291 8
    endloop
  endfacet
  facet normal 0 0 1
    outer loop
      vertex 8.92511 8 8
      vertex 3.59383 1.92094 8
      vertex 3.76481 1.55943 8
    endloop
  endfacet
  facet normal 0 0 1
    outer loop
      vertex 1.55943 3.76481 8
      vertex 4.5922 11.0866 8
      vertex 3.48342 11.4833 8
    endloop
  endfacet
  facet normal 0 0 1
    outer loop
      vertex 8.92511 8 8
      vertex 3.38824 2.26395 8
      vertex 3.59383 1.92094 8
    endloop
  endfacet
  facet normal 0 0 1
    outer loop
      vertex 8.92511 8 8
      vertex 3.15002 2.58515 8
      vertex 3.38824 2.26395 8
    endloop
  endfacet
  facet normal 0 0 1
    outer loop
      vertex 8.92511 8 8
      vertex 2.88146 2.88146 8
      vertex 3.15002 2.58515 8
    endloop
  endfacet
  facet normal 0 0 1
    outer loop
      vertex 7.61272 9.27612 8
      vertex 2.58515 3.15002 8
      vertex 2.88146 2.88146 8
    endloop
  endfacet
  facet normal 0 0 1
    outer loop
      vertex 1.18291 3.89953 8
      vertex 3.48342 11.4833 8
      vertex 2.34108 11.7694 8
    endloop
  endfacet
  facet normal 0 0 1
    outer loop
      vertex 6.66684 9.97763 8
      vertex 2.26395 3.38824 8
      vertex 2.58515 3.15002 8
    endloop
  endfacet
  facet normal 0 0 1
    outer loop
      vertex 5.65676 10.5831 8
      vertex 1.92094 3.59383 8
      vertex 2.26395 3.38824 8
    endloop
  endfacet
  facet normal 0 0 1
    outer loop
      vertex 4.5922 11.0866 8
      vertex 1.55943 3.76481 8
      vertex 1.92094 3.59383 8
    endloop
  endfacet
  facet normal 0 0 1
    outer loop
      vertex 3.48342 11.4833 8
      vertex 1.18291 3.89953 8
      vertex 1.55943 3.76481 8
    endloop
  endfacet
  facet normal 0 0 1
    outer loop
      vertex 0.794992 3.9967 8
      vertex 2.34108 11.7694 8
      vertex 1.17621 11.9422 8
    endloop
  endfacet
  facet normal 0 0 1
    outer loop
      vertex 2.34108 11.7694 8
      vertex 0.794992 3.9967 8
      vertex 1.18291 3.89953 8
    endloop
  endfacet
  facet normal 0 0 1
    outer loop
      vertex 1.17621 11.9422 8
      vertex 0.39942 4.05538 8
      vertex 0.794992 3.9967 8
    endloop
  endfacet
  facet normal 0 0 1
    outer loop
      vertex 0 12 8
      vertex 0.39942 4.05538 8
      vertex 1.17621 11.9422 8
    endloop
  endfacet
  facet normal 0 0 1
    outer loop
      vertex 0 12 8
      vertex 0 4.075 8
      vertex 0.39942 4.05538 8
    endloop
  endfacet
  facet normal 0 0 1
    outer loop
      vertex 0 12 8
      vertex -0.39942 4.05538 8
      vertex 0 4.075 8
    endloop
  endfacet
  facet normal -0 0 1
    outer loop
      vertex -1.17621 11.9422 8
      vertex -0.39942 4.05538 8
      vertex 0 12 8
    endloop
  endfacet
  facet normal 0 0 1
    outer loop
      vertex -0.39942 4.05538 8
      vertex -1.17621 11.9422 8
      vertex -0.794992 3.9967 8
    endloop
  endfacet
  facet normal -0 0 1
    outer loop
      vertex -2.34108 11.7694 8
      vertex -0.794992 3.9967 8
      vertex -1.17621 11.9422 8
    endloop
  endfacet
  facet normal 0 0 1
    outer loop
      vertex -0.794992 3.9967 8
      vertex -2.34108 11.7694 8
      vertex -1.18291 3.89953 8
    endloop
  endfacet
  facet normal -0 0 1
    outer loop
      vertex -3.48342 11.4833 8
      vertex -1.18291 3.89953 8
      vertex -2.34108 11.7694 8
    endloop
  endfacet
  facet normal 0 0 1
    outer loop
      vertex -1.18291 3.89953 8
      vertex -3.48342 11.4833 8
      vertex -1.55943 3.76481 8
    endloop
  endfacet
  facet normal -0 0 1
    outer loop
      vertex -4.5922 11.0866 8
      vertex -1.55943 3.76481 8
      vertex -3.48342 11.4833 8
    endloop
  endfacet
  facet normal 0 0 1
    outer loop
      vertex -1.55943 3.76481 8
      vertex -4.5922 11.0866 8
      vertex -1.92094 3.59383 8
    endloop
  endfacet
  facet normal -0 0 1
    outer loop
      vertex -5.65676 10.5831 8
      vertex -1.92094 3.59383 8
      vertex -4.5922 11.0866 8
    endloop
  endfacet
  facet normal 0 0 1
    outer loop
      vertex -1.92094 3.59383 8
      vertex -5.65676 10.5831 8
      vertex -2.26395 3.38824 8
    endloop
  endfacet
  facet normal -0 0 1
    outer loop
      vertex -6.66684 9.97763 8
      vertex -2.26395 3.38824 8
      vertex -5.65676 10.5831 8
    endloop
  endfacet
  facet normal 0 0 1
    outer loop
      vertex -2.26395 3.38824 8
      vertex -6.66684 9.97763 8
      vertex -2.58515 3.15002 8
    endloop
  endfacet
  facet normal -0 0 1
    outer loop
      vertex -7.61272 9.27612 8
      vertex -2.58515 3.15002 8
      vertex -6.66684 9.97763 8
    endloop
  endfacet
  facet normal 0 0 1
    outer loop
      vertex -2.58515 3.15002 8
      vertex -7.61272 9.27612 8
      vertex -2.88146 2.88146 8
    endloop
  endfacet
  facet normal -0 0 1
    outer loop
      vertex -8.48528 8.48528 8
      vertex -2.88146 2.88146 8
      vertex -7.61272 9.27612 8
    endloop
  endfacet
  facet normal 0 0 1
    outer loop
      vertex -2.88146 2.88146 8
      vertex -8.48528 8.48528 8
      vertex -3.15002 2.58515 8
    endloop
  endfacet
  facet normal -0 0 1
    outer loop
      vertex -9.27612 7.61272 8
      vertex -3.15002 2.58515 8
      vertex -8.48528 8.48528 8
    endloop
  endfacet
  facet normal -0 0 1
    outer loop
      vertex -9.97763 6.66684 8
      vertex -3.38824 2.26395 8
      vertex -9.27612 7.61272 8
    endloop
  endfacet
  facet normal 0 0 1
    outer loop
      vertex -3.15002 2.58515 8
      vertex -9.27612 7.61272 8
      vertex -3.38824 2.26395 8
    endloop
  endfacet
  facet normal -0.998795 0.0490817 0
    outer loop
      vertex -12 0 0
      vertex -11.9422 1.17621 8
      vertex -11.9422 1.17621 0
    endloop
  endfacet
  facet normal -0.998795 0.0490817 0
    outer loop
      vertex -11.9422 1.17621 8
      vertex -12 0 0
      vertex -12 0 8
    endloop
  endfacet
  facet normal 0.671558 -0.740952 0
    outer loop
      vertex 7.61272 -9.27612 0
      vertex 8.48528 -8.48528 8
      vertex 7.61272 -9.27612 8
    endloop
  endfacet
  facet normal 0.671558 -0.740952 0
    outer loop
      vertex 8.48528 -8.48528 8
      vertex 7.61272 -9.27612 0
      vertex 8.48528 -8.48528 0
    endloop
  endfacet
  facet normal 0 1 -0
    outer loop
      vertex 75.89 8 0
      vertex 8.92511 8 8
      vertex 75.89 8 8
    endloop
  endfacet
  facet normal 0 1 0
    outer loop
      vertex 8.92511 8 8
      vertex 75.89 8 0
      vertex 8.92511 8 0
    endloop
  endfacet
  facet normal 0 -1 0
    outer loop
      vertex 8.92511 -8 0
      vertex 75.89 -8 8
      vertex 8.92511 -8 8
    endloop
  endfacet
  facet normal 0 -1 -0
    outer loop
      vertex 75.89 -8 8
      vertex 8.92511 -8 0
      vertex 75.89 -8 0
    endloop
  endfacet
  facet normal -0.336879 -0.941548 0
    outer loop
      vertex 76.5558 -8.31492 0
      vertex 77.3874 -8.61246 8
      vertex 76.5558 -8.31492 8
    endloop
  endfacet
  facet normal -0.336879 -0.941548 -0
    outer loop
      vertex 77.3874 -8.61246 8
      vertex 76.5558 -8.31492 0
      vertex 77.3874 -8.61246 0
    endloop
  endfacet
  facet normal 0.989176 0.146736 0
    outer loop
      vertex 88.9567 0.882154 8
      vertex 88.8271 1.75581 0
      vertex 88.8271 1.75581 8
    endloop
  endfacet
  facet normal 0.989176 0.146736 0
    outer loop
      vertex 88.8271 1.75581 0
      vertex 88.9567 0.882154 8
      vertex 88.9567 0.882154 0
    endloop
  endfacet
  facet normal 0.998798 0.0490254 0
    outer loop
      vertex 89 0 8
      vertex 88.9567 0.882154 0
      vertex 88.9567 0.882154 8
    endloop
  endfacet
  facet normal 0.998798 0.0490254 0
    outer loop
      vertex 88.9567 0.882154 0
      vertex 89 0 8
      vertex 89 0 0
    endloop
  endfacet
  facet normal 0.970033 0.242975 0
    outer loop
      vertex 88.8271 1.75581 8
      vertex 88.6125 2.61256 0
      vertex 88.6125 2.61256 8
    endloop
  endfacet
  facet normal 0.970033 0.242975 0
    outer loop
      vertex 88.6125 2.61256 0
      vertex 88.8271 1.75581 8
      vertex 88.8271 1.75581 0
    endloop
  endfacet
  facet normal 0.146735 0.989176 -0
    outer loop
      vertex 81.7558 8.82707 0
      vertex 80.8822 8.95666 8
      vertex 81.7558 8.82707 8
    endloop
  endfacet
  facet normal 0.146735 0.989176 0
    outer loop
      vertex 80.8822 8.95666 8
      vertex 81.7558 8.82707 0
      vertex 80.8822 8.95666 0
    endloop
  endfacet
  facet normal -0.146735 0.989176 0
    outer loop
      vertex 79.1178 8.95666 0
      vertex 78.2442 8.82707 8
      vertex 79.1178 8.95666 8
    endloop
  endfacet
  facet normal -0.146735 0.989176 0
    outer loop
      vertex 78.2442 8.82707 8
      vertex 79.1178 8.95666 0
      vertex 78.2442 8.82707 0
    endloop
  endfacet
  facet normal 0.803226 0.595674 0
    outer loop
      vertex 87.4832 5.00013 8
      vertex 86.9571 5.70954 0
      vertex 86.9571 5.70954 8
    endloop
  endfacet
  facet normal 0.803226 0.595674 0
    outer loop
      vertex 86.9571 5.70954 0
      vertex 87.4832 5.00013 8
      vertex 87.4832 5.00013 0
    endloop
  endfacet
  facet normal 0.595709 -0.8032 0
    outer loop
      vertex 85.0001 -7.48323 0
      vertex 85.7095 -6.95709 8
      vertex 85.0001 -7.48323 8
    endloop
  endfacet
  facet normal 0.595709 -0.8032 0
    outer loop
      vertex 85.7095 -6.95709 8
      vertex 85.0001 -7.48323 0
      vertex 85.7095 -6.95709 0
    endloop
  endfacet
  facet normal 0.595709 0.8032 -0
    outer loop
      vertex 85.7095 6.95709 0
      vertex 85.0001 7.48323 8
      vertex 85.7095 6.95709 8
    endloop
  endfacet
  facet normal 0.595709 0.8032 0
    outer loop
      vertex 85.0001 7.48323 8
      vertex 85.7095 6.95709 0
      vertex 85.0001 7.48323 0
    endloop
  endfacet
  facet normal 0.998798 -0.0490254 0
    outer loop
      vertex 88.9567 -0.882154 8
      vertex 89 0 0
      vertex 89 0 8
    endloop
  endfacet
  facet normal 0.998798 -0.0490254 0
    outer loop
      vertex 89 0 0
      vertex 88.9567 -0.882154 8
      vertex 88.9567 -0.882154 0
    endloop
  endfacet
  facet normal -0.242972 0.970033 0
    outer loop
      vertex 78.2442 8.82707 0
      vertex 77.3874 8.61246 8
      vertex 78.2442 8.82707 8
    endloop
  endfacet
  facet normal -0.242972 0.970033 0
    outer loop
      vertex 77.3874 8.61246 8
      vertex 78.2442 8.82707 0
      vertex 77.3874 8.61246 0
    endloop
  endfacet
  facet normal 0.427569 0.903983 -0
    outer loop
      vertex 84.2426 7.93729 0
      vertex 83.4442 8.31492 8
      vertex 84.2426 7.93729 8
    endloop
  endfacet
  facet normal 0.427569 0.903983 0
    outer loop
      vertex 83.4442 8.31492 8
      vertex 84.2426 7.93729 0
      vertex 83.4442 8.31492 0
    endloop
  endfacet
  facet normal -0.242972 -0.970033 0
    outer loop
      vertex 77.3874 -8.61246 0
      vertex 78.2442 -8.82707 8
      vertex 77.3874 -8.61246 8
    endloop
  endfacet
  facet normal -0.242972 -0.970033 -0
    outer loop
      vertex 78.2442 -8.82707 8
      vertex 77.3874 -8.61246 0
      vertex 78.2442 -8.82707 0
    endloop
  endfacet
  facet normal -0.427577 0.903979 0
    outer loop
      vertex 76.5558 8.31492 0
      vertex 75.89 8 8
      vertex 76.5558 8.31492 8
    endloop
  endfacet
  facet normal -0.427577 0.903979 0
    outer loop
      vertex 75.89 8 8
      vertex 76.5558 8.31492 0
      vertex 75.89 8 0
    endloop
  endfacet
  facet normal 0.242972 0.970033 -0
    outer loop
      vertex 82.6126 8.61246 0
      vertex 81.7558 8.82707 8
      vertex 82.6126 8.61246 8
    endloop
  endfacet
  facet normal 0.242972 0.970033 0
    outer loop
      vertex 81.7558 8.82707 8
      vertex 82.6126 8.61246 0
      vertex 81.7558 8.82707 0
    endloop
  endfacet
  facet normal 0.336879 -0.941548 0
    outer loop
      vertex 82.6126 -8.61246 0
      vertex 83.4442 -8.31492 8
      vertex 82.6126 -8.61246 8
    endloop
  endfacet
  facet normal 0.336879 -0.941548 0
    outer loop
      vertex 83.4442 -8.31492 8
      vertex 82.6126 -8.61246 0
      vertex 83.4442 -8.31492 0
    endloop
  endfacet
  facet normal 0.803226 -0.595674 0
    outer loop
      vertex 86.9571 -5.70954 8
      vertex 87.4832 -5.00013 0
      vertex 87.4832 -5.00013 8
    endloop
  endfacet
  facet normal 0.803226 -0.595674 0
    outer loop
      vertex 87.4832 -5.00013 0
      vertex 86.9571 -5.70954 8
      vertex 86.9571 -5.70954 0
    endloop
  endfacet
  facet normal -0.427577 -0.903979 0
    outer loop
      vertex 75.89 -8 0
      vertex 76.5558 -8.31492 8
      vertex 75.89 -8 8
    endloop
  endfacet
  facet normal -0.427577 -0.903979 -0
    outer loop
      vertex 76.5558 -8.31492 8
      vertex 75.89 -8 0
      vertex 76.5558 -8.31492 0
    endloop
  endfacet
  facet normal 0.336879 0.941548 -0
    outer loop
      vertex 83.4442 8.31492 0
      vertex 82.6126 8.61246 8
      vertex 83.4442 8.31492 8
    endloop
  endfacet
  facet normal 0.336879 0.941548 0
    outer loop
      vertex 82.6126 8.61246 8
      vertex 83.4442 8.31492 0
      vertex 82.6126 8.61246 0
    endloop
  endfacet
  facet normal -0.336879 0.941548 0
    outer loop
      vertex 77.3874 8.61246 0
      vertex 76.5558 8.31492 8
      vertex 77.3874 8.61246 8
    endloop
  endfacet
  facet normal -0.336879 0.941548 0
    outer loop
      vertex 76.5558 8.31492 8
      vertex 77.3874 8.61246 0
      vertex 76.5558 8.31492 0
    endloop
  endfacet
  facet normal 0.904 0.427532 0
    outer loop
      vertex 88.3149 3.44415 8
      vertex 87.9373 4.24257 0
      vertex 87.9373 4.24257 8
    endloop
  endfacet
  facet normal 0.904 0.427532 0
    outer loop
      vertex 87.9373 4.24257 0
      vertex 88.3149 3.44415 8
      vertex 88.3149 3.44415 0
    endloop
  endfacet
  facet normal 0.671513 0.740993 -0
    outer loop
      vertex 86.364 6.36396 0
      vertex 85.7095 6.95709 8
      vertex 86.364 6.36396 8
    endloop
  endfacet
  facet normal 0.671513 0.740993 0
    outer loop
      vertex 85.7095 6.95709 8
      vertex 86.364 6.36396 0
      vertex 85.7095 6.95709 0
    endloop
  endfacet
  facet normal 0.970033 -0.242975 0
    outer loop
      vertex 88.6125 -2.61256 8
      vertex 88.8271 -1.75581 0
      vertex 88.8271 -1.75581 8
    endloop
  endfacet
  facet normal 0.970033 -0.242975 0
    outer loop
      vertex 88.8271 -1.75581 0
      vertex 88.6125 -2.61256 8
      vertex 88.6125 -2.61256 0
    endloop
  endfacet
  facet normal 0.740969 -0.671539 0
    outer loop
      vertex 86.364 -6.36396 8
      vertex 86.9571 -5.70954 0
      vertex 86.9571 -5.70954 8
    endloop
  endfacet
  facet normal 0.740969 -0.671539 0
    outer loop
      vertex 86.9571 -5.70954 0
      vertex 86.364 -6.36396 8
      vertex 86.364 -6.36396 0
    endloop
  endfacet
  facet normal 0.514129 0.857713 -0
    outer loop
      vertex 85.0001 7.48323 0
      vertex 84.2426 7.93729 8
      vertex 85.0001 7.48323 8
    endloop
  endfacet
  facet normal 0.514129 0.857713 0
    outer loop
      vertex 84.2426 7.93729 8
      vertex 85.0001 7.48323 0
      vertex 84.2426 7.93729 0
    endloop
  endfacet
  facet normal 0.146735 -0.989176 0
    outer loop
      vertex 80.8822 -8.95666 0
      vertex 81.7558 -8.82707 8
      vertex 80.8822 -8.95666 8
    endloop
  endfacet
  facet normal 0.146735 -0.989176 0
    outer loop
      vertex 81.7558 -8.82707 8
      vertex 80.8822 -8.95666 0
      vertex 81.7558 -8.82707 0
    endloop
  endfacet
  facet normal 0.941525 0.336942 0
    outer loop
      vertex 88.6125 2.61256 8
      vertex 88.3149 3.44415 0
      vertex 88.3149 3.44415 8
    endloop
  endfacet
  facet normal 0.941525 0.336942 0
    outer loop
      vertex 88.3149 3.44415 0
      vertex 88.6125 2.61256 8
      vertex 88.6125 2.61256 0
    endloop
  endfacet
  facet normal 0.049068 0.998795 -0
    outer loop
      vertex 80.8822 8.95666 0
      vertex 80 9 8
      vertex 80.8822 8.95666 8
    endloop
  endfacet
  facet normal 0.049068 0.998795 0
    outer loop
      vertex 80 9 8
      vertex 80.8822 8.95666 0
      vertex 80 9 0
    endloop
  endfacet
  facet normal 0.427569 -0.903983 0
    outer loop
      vertex 83.4442 -8.31492 0
      vertex 84.2426 -7.93729 8
      vertex 83.4442 -8.31492 8
    endloop
  endfacet
  facet normal 0.427569 -0.903983 0
    outer loop
      vertex 84.2426 -7.93729 8
      vertex 83.4442 -8.31492 0
      vertex 84.2426 -7.93729 0
    endloop
  endfacet
  facet normal -0.049068 0.998795 0
    outer loop
      vertex 80 9 0
      vertex 79.1178 8.95666 8
      vertex 80 9 8
    endloop
  endfacet
  facet normal -0.049068 0.998795 0
    outer loop
      vertex 79.1178 8.95666 8
      vertex 80 9 0
      vertex 79.1178 8.95666 0
    endloop
  endfacet
  facet normal 0.989176 -0.146736 0
    outer loop
      vertex 88.8271 -1.75581 8
      vertex 88.9567 -0.882154 0
      vertex 88.9567 -0.882154 8
    endloop
  endfacet
  facet normal 0.989176 -0.146736 0
    outer loop
      vertex 88.9567 -0.882154 0
      vertex 88.8271 -1.75581 8
      vertex 88.8271 -1.75581 0
    endloop
  endfacet
  facet normal 0.857711 0.514133 0
    outer loop
      vertex 87.9373 4.24257 8
      vertex 87.4832 5.00013 0
      vertex 87.4832 5.00013 8
    endloop
  endfacet
  facet normal 0.857711 0.514133 0
    outer loop
      vertex 87.4832 5.00013 0
      vertex 87.9373 4.24257 8
      vertex 87.9373 4.24257 0
    endloop
  endfacet
  facet normal 0.514129 -0.857713 0
    outer loop
      vertex 84.2426 -7.93729 0
      vertex 85.0001 -7.48323 8
      vertex 84.2426 -7.93729 8
    endloop
  endfacet
  facet normal 0.514129 -0.857713 0
    outer loop
      vertex 85.0001 -7.48323 8
      vertex 84.2426 -7.93729 0
      vertex 85.0001 -7.48323 0
    endloop
  endfacet
  facet normal 0.671513 -0.740993 0
    outer loop
      vertex 85.7095 -6.95709 0
      vertex 86.364 -6.36396 8
      vertex 85.7095 -6.95709 8
    endloop
  endfacet
  facet normal 0.671513 -0.740993 0
    outer loop
      vertex 86.364 -6.36396 8
      vertex 85.7095 -6.95709 0
      vertex 86.364 -6.36396 0
    endloop
  endfacet
  facet normal -0.049068 -0.998795 0
    outer loop
      vertex 79.1178 -8.95666 0
      vertex 80 -9 8
      vertex 79.1178 -8.95666 8
    endloop
  endfacet
  facet normal -0.049068 -0.998795 -0
    outer loop
      vertex 80 -9 8
      vertex 79.1178 -8.95666 0
      vertex 80 -9 0
    endloop
  endfacet
  facet normal 0.904 -0.427532 0
    outer loop
      vertex 87.9373 -4.24257 8
      vertex 88.3149 -3.44415 0
      vertex 88.3149 -3.44415 8
    endloop
  endfacet
  facet normal 0.904 -0.427532 0
    outer loop
      vertex 88.3149 -3.44415 0
      vertex 87.9373 -4.24257 8
      vertex 87.9373 -4.24257 0
    endloop
  endfacet
  facet normal 0.049068 -0.998795 0
    outer loop
      vertex 80 -9 0
      vertex 80.8822 -8.95666 8
      vertex 80 -9 8
    endloop
  endfacet
  facet normal 0.049068 -0.998795 0
    outer loop
      vertex 80.8822 -8.95666 8
      vertex 80 -9 0
      vertex 80.8822 -8.95666 0
    endloop
  endfacet
  facet normal 0.941525 -0.336942 0
    outer loop
      vertex 88.3149 -3.44415 8
      vertex 88.6125 -2.61256 0
      vertex 88.6125 -2.61256 8
    endloop
  endfacet
  facet normal 0.941525 -0.336942 0
    outer loop
      vertex 88.6125 -2.61256 0
      vertex 88.3149 -3.44415 8
      vertex 88.3149 -3.44415 0
    endloop
  endfacet
  facet normal 0.740969 0.671539 0
    outer loop
      vertex 86.9571 5.70954 8
      vertex 86.364 6.36396 0
      vertex 86.364 6.36396 8
    endloop
  endfacet
  facet normal 0.740969 0.671539 0
    outer loop
      vertex 86.364 6.36396 0
      vertex 86.9571 5.70954 8
      vertex 86.9571 5.70954 0
    endloop
  endfacet
  facet normal 0.857711 -0.514133 0
    outer loop
      vertex 87.4832 -5.00013 8
      vertex 87.9373 -4.24257 0
      vertex 87.9373 -4.24257 8
    endloop
  endfacet
  facet normal 0.857711 -0.514133 0
    outer loop
      vertex 87.9373 -4.24257 0
      vertex 87.4832 -5.00013 8
      vertex 87.4832 -5.00013 0
    endloop
  endfacet
  facet normal 0.242972 -0.970033 0
    outer loop
      vertex 81.7558 -8.82707 0
      vertex 82.6126 -8.61246 8
      vertex 81.7558 -8.82707 8
    endloop
  endfacet
  facet normal 0.242972 -0.970033 0
    outer loop
      vertex 82.6126 -8.61246 8
      vertex 81.7558 -8.82707 0
      vertex 82.6126 -8.61246 0
    endloop
  endfacet
  facet normal -0.146735 -0.989176 0
    outer loop
      vertex 78.2442 -8.82707 0
      vertex 79.1178 -8.95666 8
      vertex 78.2442 -8.82707 8
    endloop
  endfacet
  facet normal -0.146735 -0.989176 -0
    outer loop
      vertex 79.1178 -8.95666 8
      vertex 78.2442 -8.82707 0
      vertex 79.1178 -8.95666 0
    endloop
  endfacet
  facet normal -0.989176 -0.146736 0
    outer loop
      vertex 4.05538 0.39942 0
      vertex 3.9967 0.794992 8
      vertex 3.9967 0.794992 0
    endloop
  endfacet
  facet normal -0.989176 -0.146736 0
    outer loop
      vertex 3.9967 0.794992 8
      vertex 4.05538 0.39942 0
      vertex 4.05538 0.39942 8
    endloop
  endfacet
  facet normal -0.998796 -0.0490621 0
    outer loop
      vertex 4.075 0 0
      vertex 4.05538 0.39942 8
      vertex 4.05538 0.39942 0
    endloop
  endfacet
  facet normal -0.998796 -0.0490621 0
    outer loop
      vertex 4.05538 0.39942 8
      vertex 4.075 0 0
      vertex 4.075 0 8
    endloop
  endfacet
  facet normal -0.97003 -0.242984 0
    outer loop
      vertex 3.9967 0.794992 0
      vertex 3.89953 1.18291 8
      vertex 3.89953 1.18291 0
    endloop
  endfacet
  facet normal -0.97003 -0.242984 0
    outer loop
      vertex 3.89953 1.18291 8
      vertex 3.9967 0.794992 0
      vertex 3.9967 0.794992 8
    endloop
  endfacet
  facet normal -0.336989 0.941509 0
    outer loop
      vertex 1.55943 -3.76481 0
      vertex 1.5311 -3.77495 3.53554
      vertex 1.55943 -3.76481 3.64865
    endloop
  endfacet
  facet normal -0.336825 0.941567 1.48241e-06
    outer loop
      vertex 1.55943 -3.76481 0
      vertex 1.47821 -3.79387 3.38771
      vertex 1.5311 -3.77495 3.53554
    endloop
  endfacet
  facet normal -0.336853 0.941557 7.24941e-07
    outer loop
      vertex 1.55943 -3.76481 0
      vertex 1.41107 -3.81789 3.24576
      vertex 1.47821 -3.79387 3.38771
    endloop
  endfacet
  facet normal -0.336964 0.941517 -5.01782e-06
    outer loop
      vertex 1.55943 -3.76481 0
      vertex 1.33035 -3.84678 3.11109
      vertex 1.41107 -3.81789 3.24576
    endloop
  endfacet
  facet normal -0.336846 0.94156 4.81948e-06
    outer loop
      vertex 1.55943 -3.76481 0
      vertex 1.23682 -3.88024 2.98497
      vertex 1.33035 -3.84678 3.11109
    endloop
  endfacet
  facet normal -0.336899 0.941541 -1.64984e-06
    outer loop
      vertex 1.55943 -3.76481 0
      vertex 1.18291 -3.89953 2.92549
      vertex 1.23682 -3.88024 2.98497
    endloop
  endfacet
  facet normal -0.336888 0.941545 0
    outer loop
      vertex 1.18291 -3.89953 2.92549
      vertex 1.55943 -3.76481 0
      vertex 1.18291 -3.89953 0
    endloop
  endfacet
  facet normal -0.336888 0.941545 0
    outer loop
      vertex 1.55943 -3.76481 8
      vertex 1.18291 -3.89953 5.07451
      vertex 1.18291 -3.89953 8
    endloop
  endfacet
  facet normal -0.336899 0.941541 1.64984e-06
    outer loop
      vertex 1.55943 -3.76481 8
      vertex 1.23682 -3.88024 5.01503
      vertex 1.18291 -3.89953 5.07451
    endloop
  endfacet
  facet normal -0.336846 0.94156 -4.81948e-06
    outer loop
      vertex 1.55943 -3.76481 8
      vertex 1.33035 -3.84678 4.88891
      vertex 1.23682 -3.88024 5.01503
    endloop
  endfacet
  facet normal -0.336964 0.941517 5.01778e-06
    outer loop
      vertex 1.55943 -3.76481 8
      vertex 1.41107 -3.81789 4.75423
      vertex 1.33035 -3.84678 4.88891
    endloop
  endfacet
  facet normal -0.336853 0.941557 -7.24944e-07
    outer loop
      vertex 1.55943 -3.76481 8
      vertex 1.47821 -3.79387 4.61229
      vertex 1.41107 -3.81789 4.75423
    endloop
  endfacet
  facet normal -0.336825 0.941567 -1.48241e-06
    outer loop
      vertex 1.55943 -3.76481 8
      vertex 1.5311 -3.77495 4.46445
      vertex 1.47821 -3.79387 4.61229
    endloop
  endfacet
  facet normal -0.336989 0.941509 0
    outer loop
      vertex 1.5311 -3.77495 4.46445
      vertex 1.55943 -3.76481 8
      vertex 1.55943 -3.76481 4.35135
    endloop
  endfacet
  facet normal 0.671559 -0.740951 0
    outer loop
      vertex -2.88146 2.88146 0
      vertex -2.58515 3.15002 8
      vertex -2.88146 2.88146 8
    endloop
  endfacet
  facet normal 0.671559 -0.740951 0
    outer loop
      vertex -2.58515 3.15002 8
      vertex -2.88146 2.88146 0
      vertex -2.58515 3.15002 0
    endloop
  endfacet
  facet normal 0.97003 0.242984 0
    outer loop
      vertex -3.89953 -1.18291 8
      vertex -3.9967 -0.794992 0
      vertex -3.9967 -0.794992 8
    endloop
  endfacet
  facet normal 0.97003 0.242984 0
    outer loop
      vertex -3.9967 -0.794992 0
      vertex -3.89953 -1.18291 8
      vertex -3.89953 -1.18291 0
    endloop
  endfacet
  facet normal -0.427552 -0.903991 0
    outer loop
      vertex 1.55943 3.76481 0
      vertex 1.92094 3.59383 8
      vertex 1.55943 3.76481 8
    endloop
  endfacet
  facet normal -0.427552 -0.903991 -0
    outer loop
      vertex 1.92094 3.59383 8
      vertex 1.55943 3.76481 0
      vertex 1.92094 3.59383 0
    endloop
  endfacet
  facet normal 0.242984 0.97003 0
    outer loop
      vertex -1.18291 -3.89953 0
      vertex -0.794992 -3.9967 2.61335
      vertex -0.794992 -3.9967 0
    endloop
  endfacet
  facet normal 0.243019 0.970022 -5.45876e-06
    outer loop
      vertex -0.794992 -3.9967 2.61335
      vertex -1.18291 -3.89953 0
      vertex -0.888912 -3.97317 2.66965
    endloop
  endfacet
  facet normal 0.242973 0.970033 -1.79257e-07
    outer loop
      vertex -0.888912 -3.97317 2.66965
      vertex -1.18291 -3.89953 0
      vertex -1.01503 -3.94158 2.76318
    endloop
  endfacet
  facet normal 0.242967 0.970034 2.11069e-07
    outer loop
      vertex -1.01503 -3.94158 2.76318
      vertex -1.18291 -3.89953 0
      vertex -1.13137 -3.91244 2.86863
    endloop
  endfacet
  facet normal 0.242978 0.970032 0
    outer loop
      vertex -1.13137 -3.91244 2.86863
      vertex -1.18291 -3.89953 0
      vertex -1.18291 -3.89953 2.92549
    endloop
  endfacet
  facet normal 0.242984 0.97003 -0
    outer loop
      vertex -0.794992 -3.9967 5.38664
      vertex -1.18291 -3.89953 8
      vertex -0.794992 -3.9967 8
    endloop
  endfacet
  facet normal 0.243019 0.970022 5.45882e-06
    outer loop
      vertex -0.888912 -3.97317 5.33035
      vertex -1.18291 -3.89953 8
      vertex -0.794992 -3.9967 5.38664
    endloop
  endfacet
  facet normal 0.242973 0.970033 1.79257e-07
    outer loop
      vertex -1.01503 -3.94158 5.23682
      vertex -1.18291 -3.89953 8
      vertex -0.888912 -3.97317 5.33035
    endloop
  endfacet
  facet normal 0.242967 0.970034 -2.11069e-07
    outer loop
      vertex -1.13137 -3.91244 5.13137
      vertex -1.18291 -3.89953 8
      vertex -1.01503 -3.94158 5.23682
    endloop
  endfacet
  facet normal 0.242978 0.970032 0
    outer loop
      vertex -1.18291 -3.89953 8
      vertex -1.13137 -3.91244 5.13137
      vertex -1.18291 -3.89953 5.07451
    endloop
  endfacet
  facet normal 0.146736 0.989176 0
    outer loop
      vertex -0.794992 -3.9967 0
      vertex -0.39942 -4.05538 2.4526
      vertex -0.39942 -4.05538 0
    endloop
  endfacet
  facet normal 0.146773 0.98917 -6.05607e-06
    outer loop
      vertex -0.39942 -4.05538 2.4526
      vertex -0.794992 -3.9967 0
      vertex -0.464455 -4.04573 2.46889
    endloop
  endfacet
  facet normal 0.146732 0.989176 -4.6363e-07
    outer loop
      vertex -0.464455 -4.04573 2.46889
      vertex -0.794992 -3.9967 0
      vertex -0.612293 -4.0238 2.52179
    endloop
  endfacet
  facet normal 0.146698 0.989181 2.10321e-06
    outer loop
      vertex -0.612293 -4.0238 2.52179
      vertex -0.794992 -3.9967 0
      vertex -0.754234 -4.00275 2.58893
    endloop
  endfacet
  facet normal 0.146828 0.989162 0
    outer loop
      vertex -0.754234 -4.00275 2.58893
      vertex -0.794992 -3.9967 0
      vertex -0.794992 -3.9967 2.61335
    endloop
  endfacet
  facet normal 0.146736 0.989176 -0
    outer loop
      vertex -0.39942 -4.05538 5.54739
      vertex -0.794992 -3.9967 8
      vertex -0.39942 -4.05538 8
    endloop
  endfacet
  facet normal 0.146773 0.98917 6.05605e-06
    outer loop
      vertex -0.464455 -4.04573 5.5311
      vertex -0.794992 -3.9967 8
      vertex -0.39942 -4.05538 5.54739
    endloop
  endfacet
  facet normal 0.146732 0.989176 4.63632e-07
    outer loop
      vertex -0.612293 -4.0238 5.47821
      vertex -0.794992 -3.9967 8
      vertex -0.464455 -4.04573 5.5311
    endloop
  endfacet
  facet normal 0.146698 0.989181 -2.10321e-06
    outer loop
      vertex -0.754234 -4.00275 5.41107
      vertex -0.794992 -3.9967 8
      vertex -0.612293 -4.0238 5.47821
    endloop
  endfacet
  facet normal 0.146828 0.989162 0
    outer loop
      vertex -0.794992 -3.9967 8
      vertex -0.754234 -4.00275 5.41107
      vertex -0.794992 -3.9967 5.38664
    endloop
  endfacet
  facet normal -0.242984 -0.97003 0
    outer loop
      vertex 0.794992 3.9967 0
      vertex 1.18291 3.89953 8
      vertex 0.794992 3.9967 8
    endloop
  endfacet
  facet normal -0.242984 -0.97003 -0
    outer loop
      vertex 1.18291 3.89953 8
      vertex 0.794992 3.9967 0
      vertex 1.18291 3.89953 0
    endloop
  endfacet
  facet normal 0.740951 -0.671559 0
    outer loop
      vertex -3.15002 2.58515 8
      vertex -2.88146 2.88146 0
      vertex -2.88146 2.88146 8
    endloop
  endfacet
  facet normal 0.740951 -0.671559 0
    outer loop
      vertex -2.88146 2.88146 0
      vertex -3.15002 2.58515 8
      vertex -3.15002 2.58515 0
    endloop
  endfacet
  facet normal 0.336888 -0.941545 0
    outer loop
      vertex -1.55943 3.76481 0
      vertex -1.18291 3.89953 8
      vertex -1.55943 3.76481 8
    endloop
  endfacet
  facet normal 0.336888 -0.941545 0
    outer loop
      vertex -1.18291 3.89953 8
      vertex -1.55943 3.76481 0
      vertex -1.18291 3.89953 0
    endloop
  endfacet
  facet normal -0.048981 0.9988 0
    outer loop
      vertex 0.39942 -4.05538 0
      vertex 0.312144 -4.05966 2.43074
      vertex 0.39942 -4.05538 2.4526
    endloop
  endfacet
  facet normal -0.0491295 0.998792 -5.34698e-06
    outer loop
      vertex 0.39942 -4.05538 0
      vertex 0.156827 -4.0673 2.4077
      vertex 0.312144 -4.05966 2.43074
    endloop
  endfacet
  facet normal -0.0490621 0.998796 1.46622e-06
    outer loop
      vertex 0 -4.075 0
      vertex 0.156827 -4.0673 2.4077
      vertex 0.39942 -4.05538 0
    endloop
  endfacet
  facet normal -0.0490396 0.998797 0
    outer loop
      vertex 0.156827 -4.0673 2.4077
      vertex 0 -4.075 0
      vertex 0 -4.075 2.4
    endloop
  endfacet
  facet normal -0.0490621 0.998796 -1.46621e-06
    outer loop
      vertex 0.156827 -4.0673 5.59229
      vertex 0 -4.075 8
      vertex 0.39942 -4.05538 8
    endloop
  endfacet
  facet normal -0.0490396 0.998797 0
    outer loop
      vertex 0 -4.075 8
      vertex 0.156827 -4.0673 5.59229
      vertex 0 -4.075 5.6
    endloop
  endfacet
  facet normal -0.0491295 0.998792 5.34699e-06
    outer loop
      vertex 0.39942 -4.05538 8
      vertex 0.312144 -4.05966 5.56926
      vertex 0.156827 -4.0673 5.59229
    endloop
  endfacet
  facet normal -0.048981 0.9988 0
    outer loop
      vertex 0.312144 -4.05966 5.56926
      vertex 0.39942 -4.05538 8
      vertex 0.39942 -4.05538 5.54739
    endloop
  endfacet
  facet normal 0.0490621 -0.998796 0
    outer loop
      vertex -0.39942 4.05538 0
      vertex 0 4.075 8
      vertex -0.39942 4.05538 8
    endloop
  endfacet
  facet normal 0.0490621 -0.998796 0
    outer loop
      vertex 0 4.075 8
      vertex -0.39942 4.05538 0
      vertex 0 4.075 0
    endloop
  endfacet
  facet normal 0.595702 0.803205 -0
    outer loop
      vertex -2.26395 -3.38824 0
      vertex -2.58515 -3.15002 8
      vertex -2.26395 -3.38824 8
    endloop
  endfacet
  facet normal 0.595702 0.803205 0
    outer loop
      vertex -2.58515 -3.15002 8
      vertex -2.26395 -3.38824 0
      vertex -2.58515 -3.15002 0
    endloop
  endfacet
  facet normal 0.903991 0.427552 0
    outer loop
      vertex -3.59383 -1.92094 8
      vertex -3.76481 -1.55943 0
      vertex -3.76481 -1.55943 8
    endloop
  endfacet
  facet normal 0.903991 0.427552 0
    outer loop
      vertex -3.76481 -1.55943 0
      vertex -3.59383 -1.92094 8
      vertex -3.59383 -1.92094 0
    endloop
  endfacet
  facet normal 0.146736 -0.989176 0
    outer loop
      vertex -0.794992 3.9967 0
      vertex -0.39942 4.05538 8
      vertex -0.794992 3.9967 8
    endloop
  endfacet
  facet normal 0.146736 -0.989176 0
    outer loop
      vertex -0.39942 4.05538 8
      vertex -0.794992 3.9967 0
      vertex -0.39942 4.05538 0
    endloop
  endfacet
  facet normal -0.514099 -0.857731 0
    outer loop
      vertex 1.92094 3.59383 0
      vertex 2.26395 3.38824 8
      vertex 1.92094 3.59383 8
    endloop
  endfacet
  facet normal -0.514099 -0.857731 -0
    outer loop
      vertex 2.26395 3.38824 8
      vertex 1.92094 3.59383 0
      vertex 2.26395 3.38824 0
    endloop
  endfacet
  facet normal 0.998796 0.0490621 0
    outer loop
      vertex -4.05538 -0.39942 8
      vertex -4.075 0 0
      vertex -4.075 0 8
    endloop
  endfacet
  facet normal 0.998796 0.0490621 0
    outer loop
      vertex -4.075 0 0
      vertex -4.05538 -0.39942 8
      vertex -4.05538 -0.39942 0
    endloop
  endfacet
  facet normal 0.903991 -0.427552 0
    outer loop
      vertex -3.76481 1.55943 8
      vertex -3.59383 1.92094 0
      vertex -3.59383 1.92094 8
    endloop
  endfacet
  facet normal 0.903991 -0.427552 0
    outer loop
      vertex -3.59383 1.92094 0
      vertex -3.76481 1.55943 8
      vertex -3.76481 1.55943 0
    endloop
  endfacet
  facet normal -0.97003 0.242984 0
    outer loop
      vertex 3.89953 -1.18291 0
      vertex 3.9967 -0.794992 8
      vertex 3.9967 -0.794992 0
    endloop
  endfacet
  facet normal -0.97003 0.242984 0
    outer loop
      vertex 3.9967 -0.794992 8
      vertex 3.89953 -1.18291 0
      vertex 3.89953 -1.18291 8
    endloop
  endfacet
  facet normal -0.671559 -0.740951 0
    outer loop
      vertex 2.58515 3.15002 0
      vertex 2.88146 2.88146 8
      vertex 2.58515 3.15002 8
    endloop
  endfacet
  facet normal -0.671559 -0.740951 -0
    outer loop
      vertex 2.88146 2.88146 8
      vertex 2.58515 3.15002 0
      vertex 2.88146 2.88146 0
    endloop
  endfacet
  facet normal -0.595702 -0.803205 0
    outer loop
      vertex 2.26395 3.38824 0
      vertex 2.58515 3.15002 8
      vertex 2.26395 3.38824 8
    endloop
  endfacet
  facet normal -0.595702 -0.803205 -0
    outer loop
      vertex 2.58515 3.15002 8
      vertex 2.26395 3.38824 0
      vertex 2.58515 3.15002 0
    endloop
  endfacet
  facet normal 0.595702 -0.803205 0
    outer loop
      vertex -2.58515 3.15002 0
      vertex -2.26395 3.38824 8
      vertex -2.58515 3.15002 8
    endloop
  endfacet
  facet normal 0.595702 -0.803205 0
    outer loop
      vertex -2.26395 3.38824 8
      vertex -2.58515 3.15002 0
      vertex -2.26395 3.38824 0
    endloop
  endfacet
  facet normal -0.514099 0.857731 0
    outer loop
      vertex 2.26395 -3.38824 0
      vertex 1.92094 -3.59383 8
      vertex 2.26395 -3.38824 8
    endloop
  endfacet
  facet normal -0.514099 0.857731 0
    outer loop
      vertex 1.92094 -3.59383 8
      vertex 2.26395 -3.38824 0
      vertex 1.92094 -3.59383 0
    endloop
  endfacet
  facet normal -0.740951 -0.671559 0
    outer loop
      vertex 3.15002 2.58515 0
      vertex 2.88146 2.88146 8
      vertex 2.88146 2.88146 0
    endloop
  endfacet
  facet normal -0.740951 -0.671559 0
    outer loop
      vertex 2.88146 2.88146 8
      vertex 3.15002 2.58515 0
      vertex 3.15002 2.58515 8
    endloop
  endfacet
  facet normal -0.803205 -0.595702 0
    outer loop
      vertex 3.38824 2.26395 0
      vertex 3.15002 2.58515 8
      vertex 3.15002 2.58515 0
    endloop
  endfacet
  facet normal -0.803205 -0.595702 0
    outer loop
      vertex 3.15002 2.58515 8
      vertex 3.38824 2.26395 0
      vertex 3.38824 2.26395 8
    endloop
  endfacet
  facet normal -0.989176 0.146736 0
    outer loop
      vertex 3.9967 -0.794992 0
      vertex 4.05538 -0.39942 8
      vertex 4.05538 -0.39942 0
    endloop
  endfacet
  facet normal -0.989176 0.146736 0
    outer loop
      vertex 4.05538 -0.39942 8
      vertex 3.9967 -0.794992 0
      vertex 3.9967 -0.794992 8
    endloop
  endfacet
  facet normal 0.941545 -0.336888 0
    outer loop
      vertex -3.89953 1.18291 8
      vertex -3.76481 1.55943 0
      vertex -3.76481 1.55943 8
    endloop
  endfacet
  facet normal 0.941545 -0.336888 0
    outer loop
      vertex -3.76481 1.55943 0
      vertex -3.89953 1.18291 8
      vertex -3.89953 1.18291 0
    endloop
  endfacet
  facet normal -0.903991 0.427552 0
    outer loop
      vertex 3.59383 -1.92094 0
      vertex 3.76481 -1.55943 8
      vertex 3.76481 -1.55943 0
    endloop
  endfacet
  facet normal -0.903991 0.427552 0
    outer loop
      vertex 3.76481 -1.55943 8
      vertex 3.59383 -1.92094 0
      vertex 3.59383 -1.92094 8
    endloop
  endfacet
  facet normal -0.998796 0.0490621 0
    outer loop
      vertex 4.05538 -0.39942 0
      vertex 4.075 0 8
      vertex 4.075 0 0
    endloop
  endfacet
  facet normal -0.998796 0.0490621 0
    outer loop
      vertex 4.075 0 8
      vertex 4.05538 -0.39942 0
      vertex 4.05538 -0.39942 8
    endloop
  endfacet
  facet normal -0.242978 0.970032 0
    outer loop
      vertex 1.18291 -3.89953 0
      vertex 1.13137 -3.91244 2.86863
      vertex 1.18291 -3.89953 2.92549
    endloop
  endfacet
  facet normal -0.242967 0.970034 2.11069e-07
    outer loop
      vertex 1.18291 -3.89953 0
      vertex 1.01503 -3.94158 2.76318
      vertex 1.13137 -3.91244 2.86863
    endloop
  endfacet
  facet normal -0.242973 0.970033 -1.79257e-07
    outer loop
      vertex 1.18291 -3.89953 0
      vertex 0.888912 -3.97317 2.66965
      vertex 1.01503 -3.94158 2.76318
    endloop
  endfacet
  facet normal -0.243019 0.970022 -5.45876e-06
    outer loop
      vertex 1.18291 -3.89953 0
      vertex 0.794992 -3.9967 2.61335
      vertex 0.888912 -3.97317 2.66965
    endloop
  endfacet
  facet normal -0.242984 0.97003 0
    outer loop
      vertex 0.794992 -3.9967 2.61335
      vertex 1.18291 -3.89953 0
      vertex 0.794992 -3.9967 0
    endloop
  endfacet
  facet normal -0.242984 0.97003 0
    outer loop
      vertex 1.18291 -3.89953 8
      vertex 0.794992 -3.9967 5.38664
      vertex 0.794992 -3.9967 8
    endloop
  endfacet
  facet normal -0.243019 0.970022 5.45882e-06
    outer loop
      vertex 1.18291 -3.89953 8
      vertex 0.888912 -3.97317 5.33035
      vertex 0.794992 -3.9967 5.38664
    endloop
  endfacet
  facet normal -0.242973 0.970033 1.79257e-07
    outer loop
      vertex 1.18291 -3.89953 8
      vertex 1.01503 -3.94158 5.23682
      vertex 0.888912 -3.97317 5.33035
    endloop
  endfacet
  facet normal -0.242967 0.970034 -2.11069e-07
    outer loop
      vertex 1.18291 -3.89953 8
      vertex 1.13137 -3.91244 5.13137
      vertex 1.01503 -3.94158 5.23682
    endloop
  endfacet
  facet normal -0.242978 0.970032 0
    outer loop
      vertex 1.13137 -3.91244 5.13137
      vertex 1.18291 -3.89953 8
      vertex 1.18291 -3.89953 5.07451
    endloop
  endfacet
  facet normal -0.146828 0.989162 0
    outer loop
      vertex 0.794992 -3.9967 0
      vertex 0.754234 -4.00275 2.58893
      vertex 0.794992 -3.9967 2.61335
    endloop
  endfacet
  facet normal -0.146698 0.989181 2.10321e-06
    outer loop
      vertex 0.794992 -3.9967 0
      vertex 0.612293 -4.0238 2.52179
      vertex 0.754234 -4.00275 2.58893
    endloop
  endfacet
  facet normal -0.146732 0.989176 -4.6363e-07
    outer loop
      vertex 0.794992 -3.9967 0
      vertex 0.464455 -4.04573 2.46889
      vertex 0.612293 -4.0238 2.52179
    endloop
  endfacet
  facet normal -0.146773 0.98917 -6.05607e-06
    outer loop
      vertex 0.794992 -3.9967 0
      vertex 0.39942 -4.05538 2.4526
      vertex 0.464455 -4.04573 2.46889
    endloop
  endfacet
  facet normal -0.146736 0.989176 0
    outer loop
      vertex 0.39942 -4.05538 2.4526
      vertex 0.794992 -3.9967 0
      vertex 0.39942 -4.05538 0
    endloop
  endfacet
  facet normal -0.146736 0.989176 0
    outer loop
      vertex 0.794992 -3.9967 8
      vertex 0.39942 -4.05538 5.54739
      vertex 0.39942 -4.05538 8
    endloop
  endfacet
  facet normal -0.146773 0.98917 6.05605e-06
    outer loop
      vertex 0.794992 -3.9967 8
      vertex 0.464455 -4.04573 5.5311
      vertex 0.39942 -4.05538 5.54739
    endloop
  endfacet
  facet normal -0.146732 0.989176 4.63632e-07
    outer loop
      vertex 0.794992 -3.9967 8
      vertex 0.612293 -4.0238 5.47821
      vertex 0.464455 -4.04573 5.5311
    endloop
  endfacet
  facet normal -0.146698 0.989181 -2.10321e-06
    outer loop
      vertex 0.794992 -3.9967 8
      vertex 0.754234 -4.00275 5.41107
      vertex 0.612293 -4.0238 5.47821
    endloop
  endfacet
  facet normal -0.146828 0.989162 0
    outer loop
      vertex 0.754234 -4.00275 5.41107
      vertex 0.794992 -3.9967 8
      vertex 0.794992 -3.9967 5.38664
    endloop
  endfacet
  facet normal -0.941545 -0.336888 0
    outer loop
      vertex 3.89953 1.18291 0
      vertex 3.76481 1.55943 8
      vertex 3.76481 1.55943 0
    endloop
  endfacet
  facet normal -0.941545 -0.336888 0
    outer loop
      vertex 3.76481 1.55943 8
      vertex 3.89953 1.18291 0
      vertex 3.89953 1.18291 8
    endloop
  endfacet
  facet normal -0.803205 0.595702 0
    outer loop
      vertex 3.15002 -2.58515 0
      vertex 3.38824 -2.26395 8
      vertex 3.38824 -2.26395 0
    endloop
  endfacet
  facet normal -0.803205 0.595702 0
    outer loop
      vertex 3.38824 -2.26395 8
      vertex 3.15002 -2.58515 0
      vertex 3.15002 -2.58515 8
    endloop
  endfacet
  facet normal -0.857731 0.514099 0
    outer loop
      vertex 3.38824 -2.26395 0
      vertex 3.59383 -1.92094 8
      vertex 3.59383 -1.92094 0
    endloop
  endfacet
  facet normal -0.857731 0.514099 0
    outer loop
      vertex 3.59383 -1.92094 8
      vertex 3.38824 -2.26395 0
      vertex 3.38824 -2.26395 8
    endloop
  endfacet
  facet normal -0.427552 0.903991 0
    outer loop
      vertex 1.92094 -3.59383 8
      vertex 1.55943 -3.76481 4.35135
      vertex 1.55943 -3.76481 8
    endloop
  endfacet
  facet normal -0.427595 0.90397 5.20441e-06
    outer loop
      vertex 1.92094 -3.59383 8
      vertex 1.56926 -3.76016 4.31214
      vertex 1.55943 -3.76481 4.35135
    endloop
  endfacet
  facet normal -0.427507 0.904012 -5.0833e-06
    outer loop
      vertex 1.92094 -3.59383 8
      vertex 1.59229 -3.74927 4.15683
      vertex 1.56926 -3.76016 4.31214
    endloop
  endfacet
  facet normal -0.427676 0.903932 1.25846e-05
    outer loop
      vertex 1.92094 -3.59383 8
      vertex 1.6 -3.74562 4
      vertex 1.59229 -3.74927 4.15683
    endloop
  endfacet
  facet normal -0.427547 0.903993 0
    outer loop
      vertex 1.92094 -3.59383 0
      vertex 1.6 -3.74562 4
      vertex 1.92094 -3.59383 8
    endloop
  endfacet
  facet normal -0.427676 0.903932 -1.25846e-05
    outer loop
      vertex 1.6 -3.74562 4
      vertex 1.92094 -3.59383 0
      vertex 1.59229 -3.74927 3.84317
    endloop
  endfacet
  facet normal -0.427507 0.904012 5.08318e-06
    outer loop
      vertex 1.92094 -3.59383 0
      vertex 1.56926 -3.76016 3.68785
      vertex 1.59229 -3.74927 3.84317
    endloop
  endfacet
  facet normal -0.427595 0.90397 -5.20478e-06
    outer loop
      vertex 1.92094 -3.59383 0
      vertex 1.55943 -3.76481 3.64865
      vertex 1.56926 -3.76016 3.68785
    endloop
  endfacet
  facet normal -0.427552 0.903991 0
    outer loop
      vertex 1.55943 -3.76481 3.64865
      vertex 1.92094 -3.59383 0
      vertex 1.55943 -3.76481 0
    endloop
  endfacet
  facet normal -0.0490621 -0.998796 0
    outer loop
      vertex 0 4.075 0
      vertex 0.39942 4.05538 8
      vertex 0 4.075 8
    endloop
  endfacet
  facet normal -0.0490621 -0.998796 -0
    outer loop
      vertex 0.39942 4.05538 8
      vertex 0 4.075 0
      vertex 0.39942 4.05538 0
    endloop
  endfacet
  facet normal -0.941545 0.336888 0
    outer loop
      vertex 3.76481 -1.55943 0
      vertex 3.89953 -1.18291 8
      vertex 3.89953 -1.18291 0
    endloop
  endfacet
  facet normal -0.941545 0.336888 0
    outer loop
      vertex 3.89953 -1.18291 8
      vertex 3.76481 -1.55943 0
      vertex 3.76481 -1.55943 8
    endloop
  endfacet
  facet normal 0.242984 -0.97003 0
    outer loop
      vertex -1.18291 3.89953 0
      vertex -0.794992 3.9967 8
      vertex -1.18291 3.89953 8
    endloop
  endfacet
  facet normal 0.242984 -0.97003 0
    outer loop
      vertex -0.794992 3.9967 8
      vertex -1.18291 3.89953 0
      vertex -0.794992 3.9967 0
    endloop
  endfacet
  facet normal -0.903991 -0.427552 0
    outer loop
      vertex 3.76481 1.55943 0
      vertex 3.59383 1.92094 8
      vertex 3.59383 1.92094 0
    endloop
  endfacet
  facet normal -0.903991 -0.427552 0
    outer loop
      vertex 3.59383 1.92094 8
      vertex 3.76481 1.55943 0
      vertex 3.76481 1.55943 8
    endloop
  endfacet
  facet normal 0.427552 -0.903991 0
    outer loop
      vertex -1.92094 3.59383 0
      vertex -1.55943 3.76481 8
      vertex -1.92094 3.59383 8
    endloop
  endfacet
  facet normal 0.427552 -0.903991 0
    outer loop
      vertex -1.55943 3.76481 8
      vertex -1.92094 3.59383 0
      vertex -1.55943 3.76481 0
    endloop
  endfacet
  facet normal -0.146736 -0.989176 0
    outer loop
      vertex 0.39942 4.05538 0
      vertex 0.794992 3.9967 8
      vertex 0.39942 4.05538 8
    endloop
  endfacet
  facet normal -0.146736 -0.989176 -0
    outer loop
      vertex 0.794992 3.9967 8
      vertex 0.39942 4.05538 0
      vertex 0.794992 3.9967 0
    endloop
  endfacet
  facet normal 0.857731 0.514099 0
    outer loop
      vertex -3.38824 -2.26395 8
      vertex -3.59383 -1.92094 0
      vertex -3.59383 -1.92094 8
    endloop
  endfacet
  facet normal 0.857731 0.514099 0
    outer loop
      vertex -3.59383 -1.92094 0
      vertex -3.38824 -2.26395 8
      vertex -3.38824 -2.26395 0
    endloop
  endfacet
  facet normal -0.857731 -0.514099 0
    outer loop
      vertex 3.59383 1.92094 0
      vertex 3.38824 2.26395 8
      vertex 3.38824 2.26395 0
    endloop
  endfacet
  facet normal -0.857731 -0.514099 0
    outer loop
      vertex 3.38824 2.26395 8
      vertex 3.59383 1.92094 0
      vertex 3.59383 1.92094 8
    endloop
  endfacet
  facet normal 0.514099 -0.857731 0
    outer loop
      vertex -2.26395 3.38824 0
      vertex -1.92094 3.59383 8
      vertex -2.26395 3.38824 8
    endloop
  endfacet
  facet normal 0.514099 -0.857731 0
    outer loop
      vertex -1.92094 3.59383 8
      vertex -2.26395 3.38824 0
      vertex -1.92094 3.59383 0
    endloop
  endfacet
  facet normal 0.740951 0.671559 0
    outer loop
      vertex -2.88146 -2.88146 8
      vertex -3.15002 -2.58515 0
      vertex -3.15002 -2.58515 8
    endloop
  endfacet
  facet normal 0.740951 0.671559 0
    outer loop
      vertex -3.15002 -2.58515 0
      vertex -2.88146 -2.88146 8
      vertex -2.88146 -2.88146 0
    endloop
  endfacet
  facet normal 0.427552 0.903991 -0
    outer loop
      vertex -1.55943 -3.76481 4.35135
      vertex -1.92094 -3.59383 8
      vertex -1.55943 -3.76481 8
    endloop
  endfacet
  facet normal 0.427595 0.90397 5.20441e-06
    outer loop
      vertex -1.56926 -3.76016 4.31214
      vertex -1.92094 -3.59383 8
      vertex -1.55943 -3.76481 4.35135
    endloop
  endfacet
  facet normal 0.427507 0.904012 -5.0833e-06
    outer loop
      vertex -1.59229 -3.74927 4.15683
      vertex -1.92094 -3.59383 8
      vertex -1.56926 -3.76016 4.31214
    endloop
  endfacet
  facet normal 0.427676 0.903932 1.25846e-05
    outer loop
      vertex -1.6 -3.74562 4
      vertex -1.92094 -3.59383 8
      vertex -1.59229 -3.74927 4.15683
    endloop
  endfacet
  facet normal 0.427676 0.903932 -1.25846e-05
    outer loop
      vertex -1.92094 -3.59383 0
      vertex -1.6 -3.74562 4
      vertex -1.59229 -3.74927 3.84317
    endloop
  endfacet
  facet normal 0.427552 0.903991 0
    outer loop
      vertex -1.92094 -3.59383 0
      vertex -1.55943 -3.76481 3.64865
      vertex -1.55943 -3.76481 0
    endloop
  endfacet
  facet normal 0.427595 0.90397 -5.20478e-06
    outer loop
      vertex -1.55943 -3.76481 3.64865
      vertex -1.92094 -3.59383 0
      vertex -1.56926 -3.76016 3.68785
    endloop
  endfacet
  facet normal 0.427507 0.904012 5.08318e-06
    outer loop
      vertex -1.56926 -3.76016 3.68785
      vertex -1.92094 -3.59383 0
      vertex -1.59229 -3.74927 3.84317
    endloop
  endfacet
  facet normal 0.427547 0.903993 0
    outer loop
      vertex -1.6 -3.74562 4
      vertex -1.92094 -3.59383 0
      vertex -1.92094 -3.59383 8
    endloop
  endfacet
  facet normal 0.941545 0.336888 0
    outer loop
      vertex -3.76481 -1.55943 8
      vertex -3.89953 -1.18291 0
      vertex -3.89953 -1.18291 8
    endloop
  endfacet
  facet normal 0.941545 0.336888 0
    outer loop
      vertex -3.89953 -1.18291 0
      vertex -3.76481 -1.55943 8
      vertex -3.76481 -1.55943 0
    endloop
  endfacet
  facet normal 0.514099 0.857731 -0
    outer loop
      vertex -1.92094 -3.59383 0
      vertex -2.26395 -3.38824 8
      vertex -1.92094 -3.59383 8
    endloop
  endfacet
  facet normal 0.514099 0.857731 0
    outer loop
      vertex -2.26395 -3.38824 8
      vertex -1.92094 -3.59383 0
      vertex -2.26395 -3.38824 0
    endloop
  endfacet
  facet normal 0.97003 -0.242984 0
    outer loop
      vertex -3.9967 0.794992 8
      vertex -3.89953 1.18291 0
      vertex -3.89953 1.18291 8
    endloop
  endfacet
  facet normal 0.97003 -0.242984 0
    outer loop
      vertex -3.89953 1.18291 0
      vertex -3.9967 0.794992 8
      vertex -3.9967 0.794992 0
    endloop
  endfacet
  facet normal 0.989176 -0.146736 0
    outer loop
      vertex -4.05538 0.39942 8
      vertex -3.9967 0.794992 0
      vertex -3.9967 0.794992 8
    endloop
  endfacet
  facet normal 0.989176 -0.146736 0
    outer loop
      vertex -3.9967 0.794992 0
      vertex -4.05538 0.39942 8
      vertex -4.05538 0.39942 0
    endloop
  endfacet
  facet normal -0.336888 -0.941545 0
    outer loop
      vertex 1.18291 3.89953 0
      vertex 1.55943 3.76481 8
      vertex 1.18291 3.89953 8
    endloop
  endfacet
  facet normal -0.336888 -0.941545 -0
    outer loop
      vertex 1.55943 3.76481 8
      vertex 1.18291 3.89953 0
      vertex 1.55943 3.76481 0
    endloop
  endfacet
  facet normal 0.803205 0.595702 0
    outer loop
      vertex -3.15002 -2.58515 8
      vertex -3.38824 -2.26395 0
      vertex -3.38824 -2.26395 8
    endloop
  endfacet
  facet normal 0.803205 0.595702 0
    outer loop
      vertex -3.38824 -2.26395 0
      vertex -3.15002 -2.58515 8
      vertex -3.15002 -2.58515 0
    endloop
  endfacet
  facet normal 0.989176 0.146736 0
    outer loop
      vertex -3.9967 -0.794992 8
      vertex -4.05538 -0.39942 0
      vertex -4.05538 -0.39942 8
    endloop
  endfacet
  facet normal 0.989176 0.146736 0
    outer loop
      vertex -4.05538 -0.39942 0
      vertex -3.9967 -0.794992 8
      vertex -3.9967 -0.794992 0
    endloop
  endfacet
  facet normal -0.595702 0.803205 0
    outer loop
      vertex 2.58515 -3.15002 0
      vertex 2.26395 -3.38824 8
      vertex 2.58515 -3.15002 8
    endloop
  endfacet
  facet normal -0.595702 0.803205 0
    outer loop
      vertex 2.26395 -3.38824 8
      vertex 2.58515 -3.15002 0
      vertex 2.26395 -3.38824 0
    endloop
  endfacet
  facet normal 0.671559 0.740951 -0
    outer loop
      vertex -2.58515 -3.15002 0
      vertex -2.88146 -2.88146 8
      vertex -2.58515 -3.15002 8
    endloop
  endfacet
  facet normal 0.671559 0.740951 0
    outer loop
      vertex -2.88146 -2.88146 8
      vertex -2.58515 -3.15002 0
      vertex -2.88146 -2.88146 0
    endloop
  endfacet
  facet normal 0.803205 -0.595702 0
    outer loop
      vertex -3.38824 2.26395 8
      vertex -3.15002 2.58515 0
      vertex -3.15002 2.58515 8
    endloop
  endfacet
  facet normal 0.803205 -0.595702 0
    outer loop
      vertex -3.15002 2.58515 0
      vertex -3.38824 2.26395 8
      vertex -3.38824 2.26395 0
    endloop
  endfacet
  facet normal 0.857731 -0.514099 0
    outer loop
      vertex -3.59383 1.92094 8
      vertex -3.38824 2.26395 0
      vertex -3.38824 2.26395 8
    endloop
  endfacet
  facet normal 0.857731 -0.514099 0
    outer loop
      vertex -3.38824 2.26395 0
      vertex -3.59383 1.92094 8
      vertex -3.59383 1.92094 0
    endloop
  endfacet
  facet normal 0.0490396 0.998797 -0
    outer loop
      vertex 0 -4.075 0
      vertex -0.156827 -4.0673 2.4077
      vertex 0 -4.075 2.4
    endloop
  endfacet
  facet normal 0.0490621 0.998796 1.46622e-06
    outer loop
      vertex -0.39942 -4.05538 0
      vertex -0.156827 -4.0673 2.4077
      vertex 0 -4.075 0
    endloop
  endfacet
  facet normal 0.0491295 0.998792 -5.34698e-06
    outer loop
      vertex -0.156827 -4.0673 2.4077
      vertex -0.39942 -4.05538 0
      vertex -0.312144 -4.05966 2.43074
    endloop
  endfacet
  facet normal 0.048981 0.9988 0
    outer loop
      vertex -0.312144 -4.05966 2.43074
      vertex -0.39942 -4.05538 0
      vertex -0.39942 -4.05538 2.4526
    endloop
  endfacet
  facet normal 0.0490396 0.998797 0
    outer loop
      vertex -0.156827 -4.0673 5.59229
      vertex 0 -4.075 8
      vertex 0 -4.075 5.6
    endloop
  endfacet
  facet normal 0.0490621 0.998796 -1.46621e-06
    outer loop
      vertex 0 -4.075 8
      vertex -0.156827 -4.0673 5.59229
      vertex -0.39942 -4.05538 8
    endloop
  endfacet
  facet normal 0.0491295 0.998792 5.34699e-06
    outer loop
      vertex -0.312144 -4.05966 5.56926
      vertex -0.39942 -4.05538 8
      vertex -0.156827 -4.0673 5.59229
    endloop
  endfacet
  facet normal 0.048981 0.9988 0
    outer loop
      vertex -0.39942 -4.05538 8
      vertex -0.312144 -4.05966 5.56926
      vertex -0.39942 -4.05538 5.54739
    endloop
  endfacet
  facet normal 0.998796 -0.0490621 0
    outer loop
      vertex -4.075 0 8
      vertex -4.05538 0.39942 0
      vertex -4.05538 0.39942 8
    endloop
  endfacet
  facet normal 0.998796 -0.0490621 0
    outer loop
      vertex -4.05538 0.39942 0
      vertex -4.075 0 8
      vertex -4.075 0 0
    endloop
  endfacet
  facet normal 0.336888 0.941545 0
    outer loop
      vertex -1.55943 -3.76481 0
      vertex -1.18291 -3.89953 2.92549
      vertex -1.18291 -3.89953 0
    endloop
  endfacet
  facet normal 0.336899 0.941541 -1.64984e-06
    outer loop
      vertex -1.18291 -3.89953 2.92549
      vertex -1.55943 -3.76481 0
      vertex -1.23682 -3.88024 2.98497
    endloop
  endfacet
  facet normal 0.336846 0.94156 4.81948e-06
    outer loop
      vertex -1.23682 -3.88024 2.98497
      vertex -1.55943 -3.76481 0
      vertex -1.33035 -3.84678 3.11109
    endloop
  endfacet
  facet normal 0.336964 0.941517 -5.01782e-06
    outer loop
      vertex -1.33035 -3.84678 3.11109
      vertex -1.55943 -3.76481 0
      vertex -1.41107 -3.81789 3.24576
    endloop
  endfacet
  facet normal 0.336853 0.941557 7.24941e-07
    outer loop
      vertex -1.41107 -3.81789 3.24576
      vertex -1.55943 -3.76481 0
      vertex -1.47821 -3.79387 3.38771
    endloop
  endfacet
  facet normal 0.336825 0.941567 1.48241e-06
    outer loop
      vertex -1.47821 -3.79387 3.38771
      vertex -1.55943 -3.76481 0
      vertex -1.5311 -3.77495 3.53554
    endloop
  endfacet
  facet normal 0.336989 0.941509 0
    outer loop
      vertex -1.5311 -3.77495 3.53554
      vertex -1.55943 -3.76481 0
      vertex -1.55943 -3.76481 3.64865
    endloop
  endfacet
  facet normal 0.336888 0.941545 -0
    outer loop
      vertex -1.18291 -3.89953 5.07451
      vertex -1.55943 -3.76481 8
      vertex -1.18291 -3.89953 8
    endloop
  endfacet
  facet normal 0.336899 0.941541 1.64984e-06
    outer loop
      vertex -1.23682 -3.88024 5.01503
      vertex -1.55943 -3.76481 8
      vertex -1.18291 -3.89953 5.07451
    endloop
  endfacet
  facet normal 0.336846 0.94156 -4.81948e-06
    outer loop
      vertex -1.33035 -3.84678 4.88891
      vertex -1.55943 -3.76481 8
      vertex -1.23682 -3.88024 5.01503
    endloop
  endfacet
  facet normal 0.336964 0.941517 5.01778e-06
    outer loop
      vertex -1.41107 -3.81789 4.75423
      vertex -1.55943 -3.76481 8
      vertex -1.33035 -3.84678 4.88891
    endloop
  endfacet
  facet normal 0.336853 0.941557 -7.24944e-07
    outer loop
      vertex -1.47821 -3.79387 4.61229
      vertex -1.55943 -3.76481 8
      vertex -1.41107 -3.81789 4.75423
    endloop
  endfacet
  facet normal 0.336825 0.941567 -1.48241e-06
    outer loop
      vertex -1.5311 -3.77495 4.46445
      vertex -1.55943 -3.76481 8
      vertex -1.47821 -3.79387 4.61229
    endloop
  endfacet
  facet normal 0.336989 0.941509 0
    outer loop
      vertex -1.55943 -3.76481 8
      vertex -1.5311 -3.77495 4.46445
      vertex -1.55943 -3.76481 4.35135
    endloop
  endfacet
  facet normal -0.740951 0.671559 0
    outer loop
      vertex 2.88146 -2.88146 0
      vertex 3.15002 -2.58515 8
      vertex 3.15002 -2.58515 0
    endloop
  endfacet
  facet normal -0.740951 0.671559 0
    outer loop
      vertex 3.15002 -2.58515 8
      vertex 2.88146 -2.88146 0
      vertex 2.88146 -2.88146 8
    endloop
  endfacet
  facet normal -0.671559 0.740951 0
    outer loop
      vertex 2.88146 -2.88146 0
      vertex 2.58515 -3.15002 8
      vertex 2.88146 -2.88146 8
    endloop
  endfacet
  facet normal -0.671559 0.740951 0
    outer loop
      vertex 2.58515 -3.15002 8
      vertex 2.88146 -2.88146 0
      vertex 2.58515 -3.15002 0
    endloop
  endfacet
  facet normal -0.595677 -0 -0.803224
    outer loop
      vertex 0.888912 -3.97317 5.33035
      vertex 1.01503 -11.9501 5.23682
      vertex 0.888912 -11.9563 5.33035
    endloop
  endfacet
  facet normal -0.595677 0 -0.803224
    outer loop
      vertex 1.01503 -11.9501 5.23682
      vertex 0.888912 -3.97317 5.33035
      vertex 1.01503 -3.94158 5.23682
    endloop
  endfacet
  facet normal -0.740948 0 0.671562
    outer loop
      vertex 1.18291 -3.89953 2.92549
      vertex 1.23682 -11.9332 2.98497
      vertex 1.23682 -3.88024 2.98497
    endloop
  endfacet
  facet normal -0.740918 4.47891e-07 0.671595
    outer loop
      vertex 1.13137 -3.91244 2.86863
      vertex 1.23682 -11.9332 2.98497
      vertex 1.18291 -3.89953 2.92549
    endloop
  endfacet
  facet normal -0.740933 0 0.671578
    outer loop
      vertex 1.13137 -11.9444 2.86863
      vertex 1.23682 -11.9332 2.98497
      vertex 1.13137 -3.91244 2.86863
    endloop
  endfacet
  facet normal -0.740925 -0.000184165 0.671588
    outer loop
      vertex 1.23682 -11.9332 2.98497
      vertex 1.13137 -11.9444 2.86863
      vertex 1.17621 -11.9422 2.9181
    endloop
  endfacet
  facet normal 0.998794 -0 0.0491022
    outer loop
      vertex -1.6 -11.8794 4
      vertex -1.59229 -3.74927 3.84317
      vertex -1.6 -3.74562 4
    endloop
  endfacet
  facet normal 0.998794 0 0.0491022
    outer loop
      vertex -1.59229 -3.74927 3.84317
      vertex -1.6 -11.8794 4
      vertex -1.59229 -11.8805 3.84317
    endloop
  endfacet
  facet normal -0.998794 0 0.0491022
    outer loop
      vertex 1.59229 -3.74927 3.84317
      vertex 1.6 -11.8794 4
      vertex 1.6 -3.74562 4
    endloop
  endfacet
  facet normal -0.998794 0 0.0491022
    outer loop
      vertex 1.6 -11.8794 4
      vertex 1.59229 -3.74927 3.84317
      vertex 1.59229 -11.8805 3.84317
    endloop
  endfacet
  facet normal 0.803229 -0 0.595671
    outer loop
      vertex -1.33035 -11.9194 3.11109
      vertex -1.23682 -3.88024 2.98497
      vertex -1.33035 -3.84678 3.11109
    endloop
  endfacet
  facet normal 0.803229 0 0.595671
    outer loop
      vertex -1.23682 -3.88024 2.98497
      vertex -1.33035 -11.9194 3.11109
      vertex -1.23682 -11.9332 2.98497
    endloop
  endfacet
  facet normal 0.671578 -0 0.740933
    outer loop
      vertex -1.13137 -11.9444 2.86863
      vertex -1.01503 -3.94158 2.76318
      vertex -1.13137 -3.91244 2.86863
    endloop
  endfacet
  facet normal 0.671578 0 0.740933
    outer loop
      vertex -1.01503 -3.94158 2.76318
      vertex -1.13137 -11.9444 2.86863
      vertex -1.01503 -11.9501 2.76318
    endloop
  endfacet
  facet normal 0.595677 0 -0.803224
    outer loop
      vertex -1.01503 -11.9501 5.23682
      vertex -0.888912 -3.97317 5.33035
      vertex -0.888912 -11.9563 5.33035
    endloop
  endfacet
  facet normal 0.595677 0 -0.803224
    outer loop
      vertex -0.888912 -3.97317 5.33035
      vertex -1.01503 -11.9501 5.23682
      vertex -1.01503 -3.94158 5.23682
    endloop
  endfacet
  facet normal -0.969982 0 -0.243176
    outer loop
      vertex 1.56926 -11.8839 4.31214
      vertex 1.55943 -3.76481 4.35135
      vertex 1.56926 -3.76016 4.31214
    endloop
  endfacet
  facet normal -0.970031 -1.00702e-06 -0.24298
    outer loop
      vertex 1.56926 -11.8839 4.31214
      vertex 1.5311 -3.77495 4.46445
      vertex 1.55943 -3.76481 4.35135
    endloop
  endfacet
  facet normal -0.970019 -0 -0.24303
    outer loop
      vertex 1.5311 -3.77495 4.46445
      vertex 1.56926 -11.8839 4.31214
      vertex 1.5311 -11.8896 4.46445
    endloop
  endfacet
  facet normal -0.85774 0 -0.514084
    outer loop
      vertex 1.41107 -11.9074 4.75423
      vertex 1.33035 -3.84678 4.88891
      vertex 1.41107 -3.81789 4.75423
    endloop
  endfacet
  facet normal -0.85774 -0 -0.514084
    outer loop
      vertex 1.33035 -3.84678 4.88891
      vertex 1.41107 -11.9074 4.75423
      vertex 1.33035 -11.9194 4.88891
    endloop
  endfacet
  facet normal -0.336849 -0 -0.941559
    outer loop
      vertex 0.464455 -4.04573 5.5311
      vertex 0.612293 -11.9699 5.47821
      vertex 0.464455 -11.9772 5.5311
    endloop
  endfacet
  facet normal -0.336849 0 -0.941559
    outer loop
      vertex 0.612293 -11.9699 5.47821
      vertex 0.464455 -4.04573 5.5311
      vertex 0.612293 -4.0238 5.47821
    endloop
  endfacet
  facet normal -0.427591 0 0.903972
    outer loop
      vertex 0.612293 -4.0238 2.52179
      vertex 0.754234 -11.9629 2.58893
      vertex 0.754234 -4.00275 2.58893
    endloop
  endfacet
  facet normal -0.427591 0 0.903972
    outer loop
      vertex 0.754234 -11.9629 2.58893
      vertex 0.612293 -4.0238 2.52179
      vertex 0.612293 -11.9699 2.52179
    endloop
  endfacet
  facet normal -0.242974 0 0.970033
    outer loop
      vertex 0.39942 -4.05538 2.4526
      vertex 0.464455 -11.9772 2.46889
      vertex 0.464455 -4.04573 2.46889
    endloop
  endfacet
  facet normal -0.242964 8.54664e-08 0.970035
    outer loop
      vertex 0.312144 -4.05966 2.43074
      vertex 0.464455 -11.9772 2.46889
      vertex 0.39942 -4.05538 2.4526
    endloop
  endfacet
  facet normal -0.242969 0 0.970034
    outer loop
      vertex 0.464455 -11.9772 2.46889
      vertex 0.312144 -4.05966 2.43074
      vertex 0.312144 -11.9847 2.43074
    endloop
  endfacet
  facet normal -0.740948 0 -0.671562
    outer loop
      vertex 1.23682 -11.9332 5.01503
      vertex 1.18291 -3.89953 5.07451
      vertex 1.23682 -3.88024 5.01503
    endloop
  endfacet
  facet normal -0.740918 4.47891e-07 -0.671595
    outer loop
      vertex 1.23682 -11.9332 5.01503
      vertex 1.13137 -3.91244 5.13137
      vertex 1.18291 -3.89953 5.07451
    endloop
  endfacet
  facet normal -0.740925 -0.000184165 -0.671588
    outer loop
      vertex 1.13137 -11.9444 5.13137
      vertex 1.23682 -11.9332 5.01503
      vertex 1.17621 -11.9422 5.0819
    endloop
  endfacet
  facet normal -0.740933 0 -0.671578
    outer loop
      vertex 1.23682 -11.9332 5.01503
      vertex 1.13137 -11.9444 5.13137
      vertex 1.13137 -3.91244 5.13137
    endloop
  endfacet
  facet normal -0.857723 0 0.514112
    outer loop
      vertex 1.33035 -3.84678 3.11109
      vertex 1.41107 -11.9074 3.24576
      vertex 1.41107 -3.81789 3.24576
    endloop
  endfacet
  facet normal -0.857723 0 0.514112
    outer loop
      vertex 1.41107 -11.9074 3.24576
      vertex 1.33035 -3.84678 3.11109
      vertex 1.33035 -11.9194 3.11109
    endloop
  endfacet
  facet normal 0.998794 0 -0.0491022
    outer loop
      vertex -1.59229 -3.74927 4.15683
      vertex -1.6 -11.8794 4
      vertex -1.6 -3.74562 4
    endloop
  endfacet
  facet normal 0.998794 0 -0.0491022
    outer loop
      vertex -1.6 -11.8794 4
      vertex -1.59229 -3.74927 4.15683
      vertex -1.59229 -11.8805 4.15683
    endloop
  endfacet
  facet normal -0.427591 -0 -0.903972
    outer loop
      vertex 0.612293 -4.0238 5.47821
      vertex 0.754234 -11.9629 5.41107
      vertex 0.612293 -11.9699 5.47821
    endloop
  endfacet
  facet normal -0.427591 0 -0.903972
    outer loop
      vertex 0.754234 -11.9629 5.41107
      vertex 0.612293 -4.0238 5.47821
      vertex 0.754234 -4.00275 5.41107
    endloop
  endfacet
  facet normal 0.336849 0 -0.941559
    outer loop
      vertex -0.612293 -11.9699 5.47821
      vertex -0.464455 -4.04573 5.5311
      vertex -0.464455 -11.9772 5.5311
    endloop
  endfacet
  facet normal 0.336849 0 -0.941559
    outer loop
      vertex -0.464455 -4.04573 5.5311
      vertex -0.612293 -11.9699 5.47821
      vertex -0.612293 -4.0238 5.47821
    endloop
  endfacet
  facet normal -0.989184 0 -0.14668
    outer loop
      vertex 1.59229 -11.8805 4.15683
      vertex 1.56926 -3.76016 4.31214
      vertex 1.59229 -3.74927 4.15683
    endloop
  endfacet
  facet normal -0.989184 -0 -0.14668
    outer loop
      vertex 1.56926 -3.76016 4.31214
      vertex 1.59229 -11.8805 4.15683
      vertex 1.56926 -11.8839 4.31214
    endloop
  endfacet
  facet normal 0.0490396 -0 0.998797
    outer loop
      vertex -0.156827 -11.9923 2.4077
      vertex 0 -4.075 2.4
      vertex -0.156827 -4.0673 2.4077
    endloop
  endfacet
  facet normal 0.0490396 0 0.998797
    outer loop
      vertex 0 -4.075 2.4
      vertex -0.156827 -11.9923 2.4077
      vertex 0 -12 2.4
    endloop
  endfacet
  facet normal 0.803229 0 -0.595671
    outer loop
      vertex -1.23682 -3.88024 5.01503
      vertex -1.33035 -11.9194 4.88891
      vertex -1.33035 -3.84678 4.88891
    endloop
  endfacet
  facet normal 0.803229 0 -0.595671
    outer loop
      vertex -1.33035 -11.9194 4.88891
      vertex -1.23682 -3.88024 5.01503
      vertex -1.23682 -11.9332 5.01503
    endloop
  endfacet
  facet normal 0.671578 0 -0.740933
    outer loop
      vertex -1.13137 -11.9444 5.13137
      vertex -1.01503 -3.94158 5.23682
      vertex -1.01503 -11.9501 5.23682
    endloop
  endfacet
  facet normal 0.671578 0 -0.740933
    outer loop
      vertex -1.01503 -3.94158 5.23682
      vertex -1.13137 -11.9444 5.13137
      vertex -1.13137 -3.91244 5.13137
    endloop
  endfacet
  facet normal -0.998794 0 -0.0491022
    outer loop
      vertex 1.6 -11.8794 4
      vertex 1.59229 -3.74927 4.15683
      vertex 1.6 -3.74562 4
    endloop
  endfacet
  facet normal -0.998794 -0 -0.0491022
    outer loop
      vertex 1.59229 -3.74927 4.15683
      vertex 1.6 -11.8794 4
      vertex 1.59229 -11.8805 4.15683
    endloop
  endfacet
  facet normal 0.243029 0 -0.970019
    outer loop
      vertex -0.464455 -11.9772 5.5311
      vertex -0.312144 -4.05966 5.56926
      vertex -0.312144 -11.9847 5.56926
    endloop
  endfacet
  facet normal 0.243069 -8.26606e-07 -0.970009
    outer loop
      vertex -0.312144 -4.05966 5.56926
      vertex -0.464455 -11.9772 5.5311
      vertex -0.39942 -4.05538 5.54739
    endloop
  endfacet
  facet normal 0.242974 0 -0.970033
    outer loop
      vertex -0.39942 -4.05538 5.54739
      vertex -0.464455 -11.9772 5.5311
      vertex -0.464455 -4.04573 5.5311
    endloop
  endfacet
  facet normal -0.989185 0 0.146671
    outer loop
      vertex 1.56926 -3.76016 3.68785
      vertex 1.59229 -11.8805 3.84317
      vertex 1.59229 -3.74927 3.84317
    endloop
  endfacet
  facet normal -0.989185 0 0.146671
    outer loop
      vertex 1.59229 -11.8805 3.84317
      vertex 1.56926 -3.76016 3.68785
      vertex 1.56926 -11.8839 3.68785
    endloop
  endfacet
  facet normal 0.146674 0 -0.989185
    outer loop
      vertex -0.312144 -11.9847 5.56926
      vertex -0.156827 -4.0673 5.59229
      vertex -0.156827 -11.9923 5.59229
    endloop
  endfacet
  facet normal 0.146674 0 -0.989185
    outer loop
      vertex -0.156827 -4.0673 5.59229
      vertex -0.312144 -11.9847 5.56926
      vertex -0.312144 -4.05966 5.56926
    endloop
  endfacet
  facet normal 0.85774 0 -0.514084
    outer loop
      vertex -1.33035 -3.84678 4.88891
      vertex -1.41107 -11.9074 4.75423
      vertex -1.41107 -3.81789 4.75423
    endloop
  endfacet
  facet normal 0.85774 0 -0.514084
    outer loop
      vertex -1.41107 -11.9074 4.75423
      vertex -1.33035 -3.84678 4.88891
      vertex -1.33035 -11.9194 4.88891
    endloop
  endfacet
  facet normal 0.740948 0 -0.671562
    outer loop
      vertex -1.18291 -3.89953 5.07451
      vertex -1.23682 -11.9332 5.01503
      vertex -1.23682 -3.88024 5.01503
    endloop
  endfacet
  facet normal 0.740918 4.47891e-07 -0.671595
    outer loop
      vertex -1.13137 -3.91244 5.13137
      vertex -1.23682 -11.9332 5.01503
      vertex -1.18291 -3.89953 5.07451
    endloop
  endfacet
  facet normal 0.740933 0 -0.671578
    outer loop
      vertex -1.13137 -11.9444 5.13137
      vertex -1.23682 -11.9332 5.01503
      vertex -1.13137 -3.91244 5.13137
    endloop
  endfacet
  facet normal 0.740925 -0.000184165 -0.671588
    outer loop
      vertex -1.23682 -11.9332 5.01503
      vertex -1.13137 -11.9444 5.13137
      vertex -1.17621 -11.9422 5.0819
    endloop
  endfacet
  facet normal -0.0490396 0 0.998797
    outer loop
      vertex 0 -4.075 2.4
      vertex 0.156827 -11.9923 2.4077
      vertex 0.156827 -4.0673 2.4077
    endloop
  endfacet
  facet normal -0.0490396 0 0.998797
    outer loop
      vertex 0.156827 -11.9923 2.4077
      vertex 0 -4.075 2.4
      vertex 0 -12 2.4
    endloop
  endfacet
  facet normal -0.336905 0 0.941539
    outer loop
      vertex 0.464455 -4.04573 2.46889
      vertex 0.612293 -11.9699 2.52179
      vertex 0.612293 -4.0238 2.52179
    endloop
  endfacet
  facet normal -0.336905 0 0.941539
    outer loop
      vertex 0.612293 -11.9699 2.52179
      vertex 0.464455 -4.04573 2.46889
      vertex 0.464455 -11.9772 2.46889
    endloop
  endfacet
  facet normal 0.427591 -0 0.903972
    outer loop
      vertex -0.754234 -11.9629 2.58893
      vertex -0.612293 -4.0238 2.52179
      vertex -0.754234 -4.00275 2.58893
    endloop
  endfacet
  facet normal 0.427591 0 0.903972
    outer loop
      vertex -0.612293 -4.0238 2.52179
      vertex -0.754234 -11.9629 2.58893
      vertex -0.612293 -11.9699 2.52179
    endloop
  endfacet
  facet normal 0.969982 0 -0.243176
    outer loop
      vertex -1.55943 -3.76481 4.35135
      vertex -1.56926 -11.8839 4.31214
      vertex -1.56926 -3.76016 4.31214
    endloop
  endfacet
  facet normal 0.970031 -1.00702e-06 -0.24298
    outer loop
      vertex -1.5311 -3.77495 4.46445
      vertex -1.56926 -11.8839 4.31214
      vertex -1.55943 -3.76481 4.35135
    endloop
  endfacet
  facet normal 0.970019 0 -0.24303
    outer loop
      vertex -1.56926 -11.8839 4.31214
      vertex -1.5311 -3.77495 4.46445
      vertex -1.5311 -11.8896 4.46445
    endloop
  endfacet
  facet normal -0.803229 0 0.595671
    outer loop
      vertex 1.23682 -3.88024 2.98497
      vertex 1.33035 -11.9194 3.11109
      vertex 1.33035 -3.84678 3.11109
    endloop
  endfacet
  facet normal -0.803229 0 0.595671
    outer loop
      vertex 1.33035 -11.9194 3.11109
      vertex 1.23682 -3.88024 2.98497
      vertex 1.23682 -11.9332 2.98497
    endloop
  endfacet
  facet normal -0.941553 0 0.336865
    outer loop
      vertex 1.47821 -3.79387 3.38771
      vertex 1.5311 -11.8896 3.53554
      vertex 1.5311 -3.77495 3.53554
    endloop
  endfacet
  facet normal -0.941553 0 0.336865
    outer loop
      vertex 1.5311 -11.8896 3.53554
      vertex 1.47821 -3.79387 3.38771
      vertex 1.47821 -11.8974 3.38771
    endloop
  endfacet
  facet normal -0.903971 0 -0.427594
    outer loop
      vertex 1.47821 -11.8974 4.61229
      vertex 1.41107 -3.81789 4.75423
      vertex 1.47821 -3.79387 4.61229
    endloop
  endfacet
  facet normal -0.903971 -0 -0.427594
    outer loop
      vertex 1.41107 -3.81789 4.75423
      vertex 1.47821 -11.8974 4.61229
      vertex 1.41107 -11.9074 4.75423
    endloop
  endfacet
  facet normal -0.94156 0 -0.336845
    outer loop
      vertex 1.5311 -11.8896 4.46445
      vertex 1.47821 -3.79387 4.61229
      vertex 1.5311 -3.77495 4.46445
    endloop
  endfacet
  facet normal -0.94156 -0 -0.336845
    outer loop
      vertex 1.47821 -3.79387 4.61229
      vertex 1.5311 -11.8896 4.46445
      vertex 1.47821 -11.8974 4.61229
    endloop
  endfacet
  facet normal 0.903983 -0 0.427569
    outer loop
      vertex -1.47821 -11.8974 3.38771
      vertex -1.41107 -3.81789 3.24576
      vertex -1.47821 -3.79387 3.38771
    endloop
  endfacet
  facet normal 0.903983 0 0.427569
    outer loop
      vertex -1.41107 -3.81789 3.24576
      vertex -1.47821 -11.8974 3.38771
      vertex -1.41107 -11.9074 3.24576
    endloop
  endfacet
  facet normal -0.146736 0 0.989176
    outer loop
      vertex 0.156827 -4.0673 2.4077
      vertex 0.312144 -11.9847 2.43074
      vertex 0.312144 -4.05966 2.43074
    endloop
  endfacet
  facet normal -0.146736 0 0.989176
    outer loop
      vertex 0.312144 -11.9847 2.43074
      vertex 0.156827 -4.0673 2.4077
      vertex 0.156827 -11.9923 2.4077
    endloop
  endfacet
  facet normal 0.740948 -0 0.671562
    outer loop
      vertex -1.23682 -11.9332 2.98497
      vertex -1.18291 -3.89953 2.92549
      vertex -1.23682 -3.88024 2.98497
    endloop
  endfacet
  facet normal 0.740918 4.47891e-07 0.671595
    outer loop
      vertex -1.23682 -11.9332 2.98497
      vertex -1.13137 -3.91244 2.86863
      vertex -1.18291 -3.89953 2.92549
    endloop
  endfacet
  facet normal 0.740925 -0.000184165 0.671588
    outer loop
      vertex -1.13137 -11.9444 2.86863
      vertex -1.23682 -11.9332 2.98497
      vertex -1.17621 -11.9422 2.9181
    endloop
  endfacet
  facet normal 0.740933 0 0.671578
    outer loop
      vertex -1.23682 -11.9332 2.98497
      vertex -1.13137 -11.9444 2.86863
      vertex -1.13137 -3.91244 2.86863
    endloop
  endfacet
  facet normal -0.514079 0 -0.857743
    outer loop
      vertex 0.888912 -11.9563 5.33035
      vertex 0.794992 -3.9967 5.38664
      vertex 0.888912 -3.97317 5.33035
    endloop
  endfacet
  facet normal -0.514089 -0 -0.857737
    outer loop
      vertex 0.754234 -4.00275 5.41107
      vertex 0.888912 -11.9563 5.33035
      vertex 0.754234 -11.9629 5.41107
    endloop
  endfacet
  facet normal -0.514112 -5.21994e-07 -0.857723
    outer loop
      vertex 0.888912 -11.9563 5.33035
      vertex 0.754234 -4.00275 5.41107
      vertex 0.794992 -3.9967 5.38664
    endloop
  endfacet
  facet normal -0.803229 0 -0.595671
    outer loop
      vertex 1.33035 -11.9194 4.88891
      vertex 1.23682 -3.88024 5.01503
      vertex 1.33035 -3.84678 4.88891
    endloop
  endfacet
  facet normal -0.803229 -0 -0.595671
    outer loop
      vertex 1.23682 -3.88024 5.01503
      vertex 1.33035 -11.9194 4.88891
      vertex 1.23682 -11.9332 5.01503
    endloop
  endfacet
  facet normal 0.989185 -0 0.146671
    outer loop
      vertex -1.59229 -11.8805 3.84317
      vertex -1.56926 -3.76016 3.68785
      vertex -1.59229 -3.74927 3.84317
    endloop
  endfacet
  facet normal 0.989185 0 0.146671
    outer loop
      vertex -1.56926 -3.76016 3.68785
      vertex -1.59229 -11.8805 3.84317
      vertex -1.56926 -11.8839 3.68785
    endloop
  endfacet
  facet normal 0.146736 -0 0.989176
    outer loop
      vertex -0.312144 -11.9847 2.43074
      vertex -0.156827 -4.0673 2.4077
      vertex -0.312144 -4.05966 2.43074
    endloop
  endfacet
  facet normal 0.146736 0 0.989176
    outer loop
      vertex -0.156827 -4.0673 2.4077
      vertex -0.312144 -11.9847 2.43074
      vertex -0.156827 -11.9923 2.4077
    endloop
  endfacet
  facet normal 0.941553 -0 0.336865
    outer loop
      vertex -1.5311 -11.8896 3.53554
      vertex -1.47821 -3.79387 3.38771
      vertex -1.5311 -3.77495 3.53554
    endloop
  endfacet
  facet normal 0.941553 0 0.336865
    outer loop
      vertex -1.47821 -3.79387 3.38771
      vertex -1.5311 -11.8896 3.53554
      vertex -1.47821 -11.8974 3.38771
    endloop
  endfacet
  facet normal 0.0491031 0 -0.998794
    outer loop
      vertex -0.156827 -11.9923 5.59229
      vertex 0 -4.075 5.6
      vertex 0 -12 5.6
    endloop
  endfacet
  facet normal 0.0491031 0 -0.998794
    outer loop
      vertex 0 -4.075 5.6
      vertex -0.156827 -11.9923 5.59229
      vertex -0.156827 -4.0673 5.59229
    endloop
  endfacet
  facet normal 0.427591 0 -0.903972
    outer loop
      vertex -0.754234 -11.9629 5.41107
      vertex -0.612293 -4.0238 5.47821
      vertex -0.612293 -11.9699 5.47821
    endloop
  endfacet
  facet normal 0.427591 0 -0.903972
    outer loop
      vertex -0.612293 -4.0238 5.47821
      vertex -0.754234 -11.9629 5.41107
      vertex -0.754234 -4.00275 5.41107
    endloop
  endfacet
  facet normal -0.969968 0 0.243234
    outer loop
      vertex 1.55943 -3.76481 3.64865
      vertex 1.56926 -11.8839 3.68785
      vertex 1.56926 -3.76016 3.68785
    endloop
  endfacet
  facet normal -0.970036 -1.40984e-06 0.242959
    outer loop
      vertex 1.5311 -3.77495 3.53554
      vertex 1.56926 -11.8839 3.68785
      vertex 1.55943 -3.76481 3.64865
    endloop
  endfacet
  facet normal -0.970019 0 0.24303
    outer loop
      vertex 1.56926 -11.8839 3.68785
      vertex 1.5311 -3.77495 3.53554
      vertex 1.5311 -11.8896 3.53554
    endloop
  endfacet
  facet normal -0.903983 0 0.427569
    outer loop
      vertex 1.41107 -3.81789 3.24576
      vertex 1.47821 -11.8974 3.38771
      vertex 1.47821 -3.79387 3.38771
    endloop
  endfacet
  facet normal -0.903983 0 0.427569
    outer loop
      vertex 1.47821 -11.8974 3.38771
      vertex 1.41107 -3.81789 3.24576
      vertex 1.41107 -11.9074 3.24576
    endloop
  endfacet
  facet normal 0.969968 -0 0.243234
    outer loop
      vertex -1.56926 -11.8839 3.68785
      vertex -1.55943 -3.76481 3.64865
      vertex -1.56926 -3.76016 3.68785
    endloop
  endfacet
  facet normal 0.970036 -1.40984e-06 0.242959
    outer loop
      vertex -1.56926 -11.8839 3.68785
      vertex -1.5311 -3.77495 3.53554
      vertex -1.55943 -3.76481 3.64865
    endloop
  endfacet
  facet normal 0.970019 0 0.24303
    outer loop
      vertex -1.5311 -3.77495 3.53554
      vertex -1.56926 -11.8839 3.68785
      vertex -1.5311 -11.8896 3.53554
    endloop
  endfacet
  facet normal -0.671578 -0 -0.740933
    outer loop
      vertex 1.01503 -3.94158 5.23682
      vertex 1.13137 -11.9444 5.13137
      vertex 1.01503 -11.9501 5.23682
    endloop
  endfacet
  facet normal -0.671578 0 -0.740933
    outer loop
      vertex 1.13137 -11.9444 5.13137
      vertex 1.01503 -3.94158 5.23682
      vertex 1.13137 -3.91244 5.13137
    endloop
  endfacet
  facet normal -0.514147 0 0.857702
    outer loop
      vertex 0.794992 -3.9967 2.61335
      vertex 0.888912 -11.9563 2.66965
      vertex 0.888912 -3.97317 2.66965
    endloop
  endfacet
  facet normal -0.513957 3.03284e-06 0.857816
    outer loop
      vertex 0.754234 -4.00275 2.58893
      vertex 0.888912 -11.9563 2.66965
      vertex 0.794992 -3.9967 2.61335
    endloop
  endfacet
  facet normal -0.514089 0 0.857737
    outer loop
      vertex 0.888912 -11.9563 2.66965
      vertex 0.754234 -4.00275 2.58893
      vertex 0.754234 -11.9629 2.58893
    endloop
  endfacet
  facet normal -0.595677 0 0.803224
    outer loop
      vertex 0.888912 -3.97317 2.66965
      vertex 1.01503 -11.9501 2.76318
      vertex 1.01503 -3.94158 2.76318
    endloop
  endfacet
  facet normal -0.595677 0 0.803224
    outer loop
      vertex 1.01503 -11.9501 2.76318
      vertex 0.888912 -3.97317 2.66965
      vertex 0.888912 -11.9563 2.66965
    endloop
  endfacet
  facet normal 0.94156 0 -0.336845
    outer loop
      vertex -1.47821 -3.79387 4.61229
      vertex -1.5311 -11.8896 4.46445
      vertex -1.5311 -3.77495 4.46445
    endloop
  endfacet
  facet normal 0.94156 0 -0.336845
    outer loop
      vertex -1.5311 -11.8896 4.46445
      vertex -1.47821 -3.79387 4.61229
      vertex -1.47821 -11.8974 4.61229
    endloop
  endfacet
  facet normal 0.242964 8.54664e-08 0.970035
    outer loop
      vertex -0.464455 -11.9772 2.46889
      vertex -0.312144 -4.05966 2.43074
      vertex -0.39942 -4.05538 2.4526
    endloop
  endfacet
  facet normal 0.242974 -0 0.970033
    outer loop
      vertex -0.464455 -11.9772 2.46889
      vertex -0.39942 -4.05538 2.4526
      vertex -0.464455 -4.04573 2.46889
    endloop
  endfacet
  facet normal 0.242969 0 0.970034
    outer loop
      vertex -0.312144 -4.05966 2.43074
      vertex -0.464455 -11.9772 2.46889
      vertex -0.312144 -11.9847 2.43074
    endloop
  endfacet
  facet normal -0.242974 0 -0.970033
    outer loop
      vertex 0.464455 -11.9772 5.5311
      vertex 0.39942 -4.05538 5.54739
      vertex 0.464455 -4.04573 5.5311
    endloop
  endfacet
  facet normal -0.243029 -0 -0.970019
    outer loop
      vertex 0.312144 -4.05966 5.56926
      vertex 0.464455 -11.9772 5.5311
      vertex 0.312144 -11.9847 5.56926
    endloop
  endfacet
  facet normal -0.243069 -8.26606e-07 -0.970009
    outer loop
      vertex 0.464455 -11.9772 5.5311
      vertex 0.312144 -4.05966 5.56926
      vertex 0.39942 -4.05538 5.54739
    endloop
  endfacet
  facet normal -0.0491031 -0 -0.998794
    outer loop
      vertex 0 -4.075 5.6
      vertex 0.156827 -11.9923 5.59229
      vertex 0 -12 5.6
    endloop
  endfacet
  facet normal -0.0491031 0 -0.998794
    outer loop
      vertex 0.156827 -11.9923 5.59229
      vertex 0 -4.075 5.6
      vertex 0.156827 -4.0673 5.59229
    endloop
  endfacet
  facet normal 0.989184 0 -0.14668
    outer loop
      vertex -1.56926 -3.76016 4.31214
      vertex -1.59229 -11.8805 4.15683
      vertex -1.59229 -3.74927 4.15683
    endloop
  endfacet
  facet normal 0.989184 0 -0.14668
    outer loop
      vertex -1.59229 -11.8805 4.15683
      vertex -1.56926 -3.76016 4.31214
      vertex -1.56926 -11.8839 4.31214
    endloop
  endfacet
  facet normal 0.903971 0 -0.427594
    outer loop
      vertex -1.41107 -3.81789 4.75423
      vertex -1.47821 -11.8974 4.61229
      vertex -1.47821 -3.79387 4.61229
    endloop
  endfacet
  facet normal 0.903971 0 -0.427594
    outer loop
      vertex -1.47821 -11.8974 4.61229
      vertex -1.41107 -3.81789 4.75423
      vertex -1.41107 -11.9074 4.75423
    endloop
  endfacet
  facet normal -0.671578 0 0.740933
    outer loop
      vertex 1.01503 -3.94158 2.76318
      vertex 1.13137 -11.9444 2.86863
      vertex 1.13137 -3.91244 2.86863
    endloop
  endfacet
  facet normal -0.671578 0 0.740933
    outer loop
      vertex 1.13137 -11.9444 2.86863
      vertex 1.01503 -3.94158 2.76318
      vertex 1.01503 -11.9501 2.76318
    endloop
  endfacet
  facet normal -0.146674 -0 -0.989185
    outer loop
      vertex 0.156827 -4.0673 5.59229
      vertex 0.312144 -11.9847 5.56926
      vertex 0.156827 -11.9923 5.59229
    endloop
  endfacet
  facet normal -0.146674 0 -0.989185
    outer loop
      vertex 0.312144 -11.9847 5.56926
      vertex 0.156827 -4.0673 5.59229
      vertex 0.312144 -4.05966 5.56926
    endloop
  endfacet
  facet normal 0.514089 0 -0.857737
    outer loop
      vertex -0.888912 -11.9563 5.33035
      vertex -0.754234 -4.00275 5.41107
      vertex -0.754234 -11.9629 5.41107
    endloop
  endfacet
  facet normal 0.514112 -5.21994e-07 -0.857723
    outer loop
      vertex -0.754234 -4.00275 5.41107
      vertex -0.888912 -11.9563 5.33035
      vertex -0.794992 -3.9967 5.38664
    endloop
  endfacet
  facet normal 0.514079 0 -0.857743
    outer loop
      vertex -0.794992 -3.9967 5.38664
      vertex -0.888912 -11.9563 5.33035
      vertex -0.888912 -3.97317 5.33035
    endloop
  endfacet
  facet normal 0.857723 -0 0.514112
    outer loop
      vertex -1.41107 -11.9074 3.24576
      vertex -1.33035 -3.84678 3.11109
      vertex -1.41107 -3.81789 3.24576
    endloop
  endfacet
  facet normal 0.857723 0 0.514112
    outer loop
      vertex -1.33035 -3.84678 3.11109
      vertex -1.41107 -11.9074 3.24576
      vertex -1.33035 -11.9194 3.11109
    endloop
  endfacet
  facet normal 0.336905 -0 0.941539
    outer loop
      vertex -0.612293 -11.9699 2.52179
      vertex -0.464455 -4.04573 2.46889
      vertex -0.612293 -4.0238 2.52179
    endloop
  endfacet
  facet normal 0.336905 0 0.941539
    outer loop
      vertex -0.464455 -4.04573 2.46889
      vertex -0.612293 -11.9699 2.52179
      vertex -0.464455 -11.9772 2.46889
    endloop
  endfacet
  facet normal 0.513957 3.03284e-06 0.857816
    outer loop
      vertex -0.888912 -11.9563 2.66965
      vertex -0.754234 -4.00275 2.58893
      vertex -0.794992 -3.9967 2.61335
    endloop
  endfacet
  facet normal 0.514147 -0 0.857702
    outer loop
      vertex -0.888912 -11.9563 2.66965
      vertex -0.794992 -3.9967 2.61335
      vertex -0.888912 -3.97317 2.66965
    endloop
  endfacet
  facet normal 0.514089 0 0.857737
    outer loop
      vertex -0.754234 -4.00275 2.58893
      vertex -0.888912 -11.9563 2.66965
      vertex -0.754234 -11.9629 2.58893
    endloop
  endfacet
  facet normal 0.595677 -0 0.803224
    outer loop
      vertex -1.01503 -11.9501 2.76318
      vertex -0.888912 -3.97317 2.66965
      vertex -1.01503 -3.94158 2.76318
    endloop
  endfacet
  facet normal 0.595677 0 0.803224
    outer loop
      vertex -0.888912 -3.97317 2.66965
      vertex -1.01503 -11.9501 2.76318
      vertex -0.888912 -11.9563 2.66965
    endloop
  endfacet
  facet normal -0.941616 0.336689 0
    outer loop
      vertex 82.4021 -0.994976 0
      vertex 82.488 -0.75474 8
      vertex 82.488 -0.75474 0
    endloop
  endfacet
  facet normal -0.941616 0.336689 0
    outer loop
      vertex 82.488 -0.75474 8
      vertex 82.4021 -0.994976 0
      vertex 82.4021 -0.994976 8
    endloop
  endfacet
  facet normal -0.803196 -0.595715 0
    outer loop
      vertex 82.1618 1.44448 0
      vertex 82.0098 1.64942 8
      vertex 82.0098 1.64942 0
    endloop
  endfacet
  facet normal -0.803196 -0.595715 0
    outer loop
      vertex 82.0098 1.64942 8
      vertex 82.1618 1.44448 0
      vertex 82.1618 1.44448 8
    endloop
  endfacet
  facet normal -0.989142 -0.146966 0
    outer loop
      vertex 82.5875 0.254844 0
      vertex 82.55 0.507235 8
      vertex 82.55 0.507235 0
    endloop
  endfacet
  facet normal -0.989142 -0.146966 0
    outer loop
      vertex 82.55 0.507235 8
      vertex 82.5875 0.254844 0
      vertex 82.5875 0.254844 8
    endloop
  endfacet
  facet normal -0.0490774 0.998795 0
    outer loop
      vertex 80.2548 -2.58748 0
      vertex 80 -2.6 8
      vertex 80.2548 -2.58748 8
    endloop
  endfacet
  facet normal -0.0490774 0.998795 0
    outer loop
      vertex 80 -2.6 8
      vertex 80.2548 -2.58748 0
      vertex 80 -2.6 0
    endloop
  endfacet
  facet normal 0.903976 0.427583 0
    outer loop
      vertex 77.707 -1.22563 8
      vertex 77.5979 -0.994976 0
      vertex 77.5979 -0.994976 8
    endloop
  endfacet
  facet normal 0.903976 0.427583 0
    outer loop
      vertex 77.5979 -0.994976 0
      vertex 77.707 -1.22563 8
      vertex 77.707 -1.22563 0
    endloop
  endfacet
  facet normal 0.336783 -0.941582 0
    outer loop
      vertex 79.005 2.40209 0
      vertex 79.2453 2.48804 8
      vertex 79.005 2.40209 8
    endloop
  endfacet
  facet normal 0.336783 -0.941582 0
    outer loop
      vertex 79.2453 2.48804 8
      vertex 79.005 2.40209 0
      vertex 79.2453 2.48804 0
    endloop
  endfacet
  facet normal -0.514006 0.857787 0
    outer loop
      vertex 81.4445 -2.16182 0
      vertex 81.2256 -2.29299 8
      vertex 81.4445 -2.16182 8
    endloop
  endfacet
  facet normal -0.514006 0.857787 0
    outer loop
      vertex 81.2256 -2.29299 8
      vertex 81.4445 -2.16182 0
      vertex 81.2256 -2.29299 0
    endloop
  endfacet
  facet normal -0.741056 -0.671443 0
    outer loop
      vertex 82.0098 1.64942 0
      vertex 81.8385 1.83848 8
      vertex 81.8385 1.83848 0
    endloop
  endfacet
  facet normal -0.741056 -0.671443 0
    outer loop
      vertex 81.8385 1.83848 8
      vertex 82.0098 1.64942 0
      vertex 82.0098 1.64942 8
    endloop
  endfacet
  facet normal -0.741056 0.671443 0
    outer loop
      vertex 81.8385 -1.83848 0
      vertex 82.0098 -1.64942 8
      vertex 82.0098 -1.64942 0
    endloop
  endfacet
  facet normal -0.741056 0.671443 0
    outer loop
      vertex 82.0098 -1.64942 8
      vertex 81.8385 -1.83848 0
      vertex 81.8385 -1.83848 8
    endloop
  endfacet
  facet normal -0.242997 0.970027 0
    outer loop
      vertex 80.7547 -2.48804 0
      vertex 80.5072 -2.55004 8
      vertex 80.7547 -2.48804 8
    endloop
  endfacet
  facet normal -0.242997 0.970027 0
    outer loop
      vertex 80.5072 -2.55004 8
      vertex 80.7547 -2.48804 0
      vertex 80.5072 -2.55004 0
    endloop
  endfacet
  facet normal 0.803196 0.595715 0
    outer loop
      vertex 77.9902 -1.64942 8
      vertex 77.8382 -1.44448 0
      vertex 77.8382 -1.44448 8
    endloop
  endfacet
  facet normal 0.803196 0.595715 0
    outer loop
      vertex 77.8382 -1.44448 0
      vertex 77.9902 -1.64942 8
      vertex 77.9902 -1.64942 0
    endloop
  endfacet
  facet normal -0.941616 -0.336689 0
    outer loop
      vertex 82.488 0.75474 0
      vertex 82.4021 0.994976 8
      vertex 82.4021 0.994976 0
    endloop
  endfacet
  facet normal -0.941616 -0.336689 0
    outer loop
      vertex 82.4021 0.994976 8
      vertex 82.488 0.75474 0
      vertex 82.488 0.75474 8
    endloop
  endfacet
  facet normal -0.14673 0.989177 0
    outer loop
      vertex 80.5072 -2.55004 0
      vertex 80.2548 -2.58748 8
      vertex 80.5072 -2.55004 8
    endloop
  endfacet
  facet normal -0.14673 0.989177 0
    outer loop
      vertex 80.2548 -2.58748 8
      vertex 80.5072 -2.55004 0
      vertex 80.2548 -2.58748 0
    endloop
  endfacet
  facet normal -0.857683 -0.514179 0
    outer loop
      vertex 82.293 1.22563 0
      vertex 82.1618 1.44448 8
      vertex 82.1618 1.44448 0
    endloop
  endfacet
  facet normal -0.857683 -0.514179 0
    outer loop
      vertex 82.1618 1.44448 8
      vertex 82.293 1.22563 0
      vertex 82.293 1.22563 8
    endloop
  endfacet
  facet normal 0.857683 0.514179 0
    outer loop
      vertex 77.8382 -1.44448 8
      vertex 77.707 -1.22563 0
      vertex 77.707 -1.22563 8
    endloop
  endfacet
  facet normal 0.857683 0.514179 0
    outer loop
      vertex 77.707 -1.22563 0
      vertex 77.8382 -1.44448 8
      vertex 77.8382 -1.44448 0
    endloop
  endfacet
  facet normal 0.514006 0.857787 -0
    outer loop
      vertex 78.7744 -2.29299 0
      vertex 78.5555 -2.16182 8
      vertex 78.7744 -2.29299 8
    endloop
  endfacet
  facet normal 0.514006 0.857787 0
    outer loop
      vertex 78.5555 -2.16182 8
      vertex 78.7744 -2.29299 0
      vertex 78.5555 -2.16182 0
    endloop
  endfacet
  facet normal 0.741056 0.671443 0
    outer loop
      vertex 78.1615 -1.83848 8
      vertex 77.9902 -1.64942 0
      vertex 77.9902 -1.64942 8
    endloop
  endfacet
  facet normal 0.741056 0.671443 0
    outer loop
      vertex 77.9902 -1.64942 0
      vertex 78.1615 -1.83848 8
      vertex 78.1615 -1.83848 0
    endloop
  endfacet
  facet normal -0.903976 -0.427583 0
    outer loop
      vertex 82.4021 0.994976 0
      vertex 82.293 1.22563 8
      vertex 82.293 1.22563 0
    endloop
  endfacet
  facet normal -0.903976 -0.427583 0
    outer loop
      vertex 82.293 1.22563 8
      vertex 82.4021 0.994976 0
      vertex 82.4021 0.994976 8
    endloop
  endfacet
  facet normal -0.998799 -0.0489907 0
    outer loop
      vertex 82.6 0 0
      vertex 82.5875 0.254844 8
      vertex 82.5875 0.254844 0
    endloop
  endfacet
  facet normal -0.998799 -0.0489907 0
    outer loop
      vertex 82.5875 0.254844 8
      vertex 82.6 0 0
      vertex 82.6 0 8
    endloop
  endfacet
  facet normal 0.970028 0.242992 0
    outer loop
      vertex 77.512 -0.75474 8
      vertex 77.45 -0.507235 0
      vertex 77.45 -0.507235 8
    endloop
  endfacet
  facet normal 0.970028 0.242992 0
    outer loop
      vertex 77.45 -0.507235 0
      vertex 77.512 -0.75474 8
      vertex 77.512 -0.75474 0
    endloop
  endfacet
  facet normal -0.989142 0.146966 0
    outer loop
      vertex 82.55 -0.507235 0
      vertex 82.5875 -0.254844 8
      vertex 82.5875 -0.254844 0
    endloop
  endfacet
  facet normal -0.989142 0.146966 0
    outer loop
      vertex 82.5875 -0.254844 8
      vertex 82.55 -0.507235 0
      vertex 82.55 -0.507235 8
    endloop
  endfacet
  facet normal 0.0490774 -0.998795 0
    outer loop
      vertex 79.7452 2.58748 0
      vertex 80 2.6 8
      vertex 79.7452 2.58748 8
    endloop
  endfacet
  facet normal 0.0490774 -0.998795 0
    outer loop
      vertex 80 2.6 8
      vertex 79.7452 2.58748 0
      vertex 80 2.6 0
    endloop
  endfacet
  facet normal 0.242997 0.970027 -0
    outer loop
      vertex 79.4928 -2.55004 0
      vertex 79.2453 -2.48804 8
      vertex 79.4928 -2.55004 8
    endloop
  endfacet
  facet normal 0.242997 0.970027 0
    outer loop
      vertex 79.2453 -2.48804 8
      vertex 79.4928 -2.55004 0
      vertex 79.2453 -2.48804 0
    endloop
  endfacet
  facet normal 0.427665 0.903937 -0
    outer loop
      vertex 79.005 -2.40209 0
      vertex 78.7744 -2.29299 8
      vertex 79.005 -2.40209 8
    endloop
  endfacet
  facet normal 0.427665 0.903937 0
    outer loop
      vertex 78.7744 -2.29299 8
      vertex 79.005 -2.40209 0
      vertex 78.7744 -2.29299 0
    endloop
  endfacet
  facet normal 0.595765 0.803159 -0
    outer loop
      vertex 78.5555 -2.16182 0
      vertex 78.3506 -2.00983 8
      vertex 78.5555 -2.16182 8
    endloop
  endfacet
  facet normal 0.595765 0.803159 0
    outer loop
      vertex 78.3506 -2.00983 8
      vertex 78.5555 -2.16182 0
      vertex 78.3506 -2.00983 0
    endloop
  endfacet
  facet normal -0.998799 0.0489907 0
    outer loop
      vertex 82.5875 -0.254844 0
      vertex 82.6 0 8
      vertex 82.6 0 0
    endloop
  endfacet
  facet normal -0.998799 0.0489907 0
    outer loop
      vertex 82.6 0 8
      vertex 82.5875 -0.254844 0
      vertex 82.5875 -0.254844 8
    endloop
  endfacet
  facet normal -0.970028 -0.242992 0
    outer loop
      vertex 82.55 0.507235 0
      vertex 82.488 0.75474 8
      vertex 82.488 0.75474 0
    endloop
  endfacet
  facet normal -0.970028 -0.242992 0
    outer loop
      vertex 82.488 0.75474 8
      vertex 82.55 0.507235 0
      vertex 82.55 0.507235 8
    endloop
  endfacet
  facet normal 0.989142 -0.146966 0
    outer loop
      vertex 77.4125 0.254844 8
      vertex 77.45 0.507235 0
      vertex 77.45 0.507235 8
    endloop
  endfacet
  facet normal 0.989142 -0.146966 0
    outer loop
      vertex 77.45 0.507235 0
      vertex 77.4125 0.254844 8
      vertex 77.4125 0.254844 0
    endloop
  endfacet
  facet normal 0.14673 -0.989177 0
    outer loop
      vertex 79.4928 2.55004 0
      vertex 79.7452 2.58748 8
      vertex 79.4928 2.55004 8
    endloop
  endfacet
  facet normal 0.14673 -0.989177 0
    outer loop
      vertex 79.7452 2.58748 8
      vertex 79.4928 2.55004 0
      vertex 79.7452 2.58748 0
    endloop
  endfacet
  facet normal 0.970028 -0.242992 0
    outer loop
      vertex 77.45 0.507235 8
      vertex 77.512 0.75474 0
      vertex 77.512 0.75474 8
    endloop
  endfacet
  facet normal 0.970028 -0.242992 0
    outer loop
      vertex 77.512 0.75474 0
      vertex 77.45 0.507235 8
      vertex 77.45 0.507235 0
    endloop
  endfacet
  facet normal 0.941616 -0.336689 0
    outer loop
      vertex 77.512 0.75474 8
      vertex 77.5979 0.994976 0
      vertex 77.5979 0.994976 8
    endloop
  endfacet
  facet normal 0.941616 -0.336689 0
    outer loop
      vertex 77.5979 0.994976 0
      vertex 77.512 0.75474 8
      vertex 77.512 0.75474 0
    endloop
  endfacet
  facet normal -0.857683 0.514179 0
    outer loop
      vertex 82.1618 -1.44448 0
      vertex 82.293 -1.22563 8
      vertex 82.293 -1.22563 0
    endloop
  endfacet
  facet normal -0.857683 0.514179 0
    outer loop
      vertex 82.293 -1.22563 8
      vertex 82.1618 -1.44448 0
      vertex 82.1618 -1.44448 8
    endloop
  endfacet
  facet normal -0.803196 0.595715 0
    outer loop
      vertex 82.0098 -1.64942 0
      vertex 82.1618 -1.44448 8
      vertex 82.1618 -1.44448 0
    endloop
  endfacet
  facet normal -0.803196 0.595715 0
    outer loop
      vertex 82.1618 -1.44448 8
      vertex 82.0098 -1.64942 0
      vertex 82.0098 -1.64942 8
    endloop
  endfacet
  facet normal -0.671472 -0.74103 0
    outer loop
      vertex 81.6494 2.00983 0
      vertex 81.8385 1.83848 8
      vertex 81.6494 2.00983 8
    endloop
  endfacet
  facet normal -0.671472 -0.74103 -0
    outer loop
      vertex 81.8385 1.83848 8
      vertex 81.6494 2.00983 0
      vertex 81.8385 1.83848 0
    endloop
  endfacet
  facet normal 0.595765 -0.803159 0
    outer loop
      vertex 78.3506 2.00983 0
      vertex 78.5555 2.16182 8
      vertex 78.3506 2.00983 8
    endloop
  endfacet
  facet normal 0.595765 -0.803159 0
    outer loop
      vertex 78.5555 2.16182 8
      vertex 78.3506 2.00983 0
      vertex 78.5555 2.16182 0
    endloop
  endfacet
  facet normal -0.595765 0.803159 0
    outer loop
      vertex 81.6494 -2.00983 0
      vertex 81.4445 -2.16182 8
      vertex 81.6494 -2.00983 8
    endloop
  endfacet
  facet normal -0.595765 0.803159 0
    outer loop
      vertex 81.4445 -2.16182 8
      vertex 81.6494 -2.00983 0
      vertex 81.4445 -2.16182 0
    endloop
  endfacet
  facet normal 0.998799 0.0489907 0
    outer loop
      vertex 77.4125 -0.254844 8
      vertex 77.4 0 0
      vertex 77.4 0 8
    endloop
  endfacet
  facet normal 0.998799 0.0489907 0
    outer loop
      vertex 77.4 0 0
      vertex 77.4125 -0.254844 8
      vertex 77.4125 -0.254844 0
    endloop
  endfacet
  facet normal 0.903976 -0.427583 0
    outer loop
      vertex 77.5979 0.994976 8
      vertex 77.707 1.22563 0
      vertex 77.707 1.22563 8
    endloop
  endfacet
  facet normal 0.903976 -0.427583 0
    outer loop
      vertex 77.707 1.22563 0
      vertex 77.5979 0.994976 8
      vertex 77.5979 0.994976 0
    endloop
  endfacet
  facet normal 0.14673 0.989177 -0
    outer loop
      vertex 79.7452 -2.58748 0
      vertex 79.4928 -2.55004 8
      vertex 79.7452 -2.58748 8
    endloop
  endfacet
  facet normal 0.14673 0.989177 0
    outer loop
      vertex 79.4928 -2.55004 8
      vertex 79.7452 -2.58748 0
      vertex 79.4928 -2.55004 0
    endloop
  endfacet
  facet normal -0.14673 -0.989177 0
    outer loop
      vertex 80.2548 2.58748 0
      vertex 80.5072 2.55004 8
      vertex 80.2548 2.58748 8
    endloop
  endfacet
  facet normal -0.14673 -0.989177 -0
    outer loop
      vertex 80.5072 2.55004 8
      vertex 80.2548 2.58748 0
      vertex 80.5072 2.55004 0
    endloop
  endfacet
  facet normal -0.0490774 -0.998795 0
    outer loop
      vertex 80 2.6 0
      vertex 80.2548 2.58748 8
      vertex 80 2.6 8
    endloop
  endfacet
  facet normal -0.0490774 -0.998795 -0
    outer loop
      vertex 80.2548 2.58748 8
      vertex 80 2.6 0
      vertex 80.2548 2.58748 0
    endloop
  endfacet
  facet normal -0.427665 -0.903937 0
    outer loop
      vertex 80.995 2.40209 0
      vertex 81.2256 2.29299 8
      vertex 80.995 2.40209 8
    endloop
  endfacet
  facet normal -0.427665 -0.903937 -0
    outer loop
      vertex 81.2256 2.29299 8
      vertex 80.995 2.40209 0
      vertex 81.2256 2.29299 0
    endloop
  endfacet
  facet normal 0.941616 0.336689 0
    outer loop
      vertex 77.5979 -0.994976 8
      vertex 77.512 -0.75474 0
      vertex 77.512 -0.75474 8
    endloop
  endfacet
  facet normal 0.941616 0.336689 0
    outer loop
      vertex 77.512 -0.75474 0
      vertex 77.5979 -0.994976 8
      vertex 77.5979 -0.994976 0
    endloop
  endfacet
  facet normal -0.595765 -0.803159 0
    outer loop
      vertex 81.4445 2.16182 0
      vertex 81.6494 2.00983 8
      vertex 81.4445 2.16182 8
    endloop
  endfacet
  facet normal -0.595765 -0.803159 -0
    outer loop
      vertex 81.6494 2.00983 8
      vertex 81.4445 2.16182 0
      vertex 81.6494 2.00983 0
    endloop
  endfacet
  facet normal -0.336783 -0.941582 0
    outer loop
      vertex 80.7547 2.48804 0
      vertex 80.995 2.40209 8
      vertex 80.7547 2.48804 8
    endloop
  endfacet
  facet normal -0.336783 -0.941582 -0
    outer loop
      vertex 80.995 2.40209 8
      vertex 80.7547 2.48804 0
      vertex 80.995 2.40209 0
    endloop
  endfacet
  facet normal -0.903976 0.427583 0
    outer loop
      vertex 82.293 -1.22563 0
      vertex 82.4021 -0.994976 8
      vertex 82.4021 -0.994976 0
    endloop
  endfacet
  facet normal -0.903976 0.427583 0
    outer loop
      vertex 82.4021 -0.994976 8
      vertex 82.293 -1.22563 0
      vertex 82.293 -1.22563 8
    endloop
  endfacet
  facet normal 0.0490774 0.998795 -0
    outer loop
      vertex 80 -2.6 0
      vertex 79.7452 -2.58748 8
      vertex 80 -2.6 8
    endloop
  endfacet
  facet normal 0.0490774 0.998795 0
    outer loop
      vertex 79.7452 -2.58748 8
      vertex 80 -2.6 0
      vertex 79.7452 -2.58748 0
    endloop
  endfacet
  facet normal 0.998799 -0.0489907 0
    outer loop
      vertex 77.4 0 8
      vertex 77.4125 0.254844 0
      vertex 77.4125 0.254844 8
    endloop
  endfacet
  facet normal 0.998799 -0.0489907 0
    outer loop
      vertex 77.4125 0.254844 0
      vertex 77.4 0 8
      vertex 77.4 0 0
    endloop
  endfacet
  facet normal -0.514006 -0.857787 0
    outer loop
      vertex 81.2256 2.29299 0
      vertex 81.4445 2.16182 8
      vertex 81.2256 2.29299 8
    endloop
  endfacet
  facet normal -0.514006 -0.857787 -0
    outer loop
      vertex 81.4445 2.16182 8
      vertex 81.2256 2.29299 0
      vertex 81.4445 2.16182 0
    endloop
  endfacet
  facet normal 0.671472 -0.74103 0
    outer loop
      vertex 78.1615 1.83848 0
      vertex 78.3506 2.00983 8
      vertex 78.1615 1.83848 8
    endloop
  endfacet
  facet normal 0.671472 -0.74103 0
    outer loop
      vertex 78.3506 2.00983 8
      vertex 78.1615 1.83848 0
      vertex 78.3506 2.00983 0
    endloop
  endfacet
  facet normal -0.242997 -0.970027 0
    outer loop
      vertex 80.5072 2.55004 0
      vertex 80.7547 2.48804 8
      vertex 80.5072 2.55004 8
    endloop
  endfacet
  facet normal -0.242997 -0.970027 -0
    outer loop
      vertex 80.7547 2.48804 8
      vertex 80.5072 2.55004 0
      vertex 80.7547 2.48804 0
    endloop
  endfacet
  facet normal 0.336783 0.941582 -0
    outer loop
      vertex 79.2453 -2.48804 0
      vertex 79.005 -2.40209 8
      vertex 79.2453 -2.48804 8
    endloop
  endfacet
  facet normal 0.336783 0.941582 0
    outer loop
      vertex 79.005 -2.40209 8
      vertex 79.2453 -2.48804 0
      vertex 79.005 -2.40209 0
    endloop
  endfacet
  facet normal 0.242997 -0.970027 0
    outer loop
      vertex 79.2453 2.48804 0
      vertex 79.4928 2.55004 8
      vertex 79.2453 2.48804 8
    endloop
  endfacet
  facet normal 0.242997 -0.970027 0
    outer loop
      vertex 79.4928 2.55004 8
      vertex 79.2453 2.48804 0
      vertex 79.4928 2.55004 0
    endloop
  endfacet
  facet normal -0.671472 0.74103 0
    outer loop
      vertex 81.8385 -1.83848 0
      vertex 81.6494 -2.00983 8
      vertex 81.8385 -1.83848 8
    endloop
  endfacet
  facet normal -0.671472 0.74103 0
    outer loop
      vertex 81.6494 -2.00983 8
      vertex 81.8385 -1.83848 0
      vertex 81.6494 -2.00983 0
    endloop
  endfacet
  facet normal -0.970028 0.242992 0
    outer loop
      vertex 82.488 -0.75474 0
      vertex 82.55 -0.507235 8
      vertex 82.55 -0.507235 0
    endloop
  endfacet
  facet normal -0.970028 0.242992 0
    outer loop
      vertex 82.55 -0.507235 8
      vertex 82.488 -0.75474 0
      vertex 82.488 -0.75474 8
    endloop
  endfacet
  facet normal 0.671472 0.74103 -0
    outer loop
      vertex 78.3506 -2.00983 0
      vertex 78.1615 -1.83848 8
      vertex 78.3506 -2.00983 8
    endloop
  endfacet
  facet normal 0.671472 0.74103 0
    outer loop
      vertex 78.1615 -1.83848 8
      vertex 78.3506 -2.00983 0
      vertex 78.1615 -1.83848 0
    endloop
  endfacet
  facet normal 0.989142 0.146966 0
    outer loop
      vertex 77.45 -0.507235 8
      vertex 77.4125 -0.254844 0
      vertex 77.4125 -0.254844 8
    endloop
  endfacet
  facet normal 0.989142 0.146966 0
    outer loop
      vertex 77.4125 -0.254844 0
      vertex 77.45 -0.507235 8
      vertex 77.45 -0.507235 0
    endloop
  endfacet
  facet normal -0.336783 0.941582 0
    outer loop
      vertex 80.995 -2.40209 0
      vertex 80.7547 -2.48804 8
      vertex 80.995 -2.40209 8
    endloop
  endfacet
  facet normal -0.336783 0.941582 0
    outer loop
      vertex 80.7547 -2.48804 8
      vertex 80.995 -2.40209 0
      vertex 80.7547 -2.48804 0
    endloop
  endfacet
  facet normal 0.803196 -0.595715 0
    outer loop
      vertex 77.8382 1.44448 8
      vertex 77.9902 1.64942 0
      vertex 77.9902 1.64942 8
    endloop
  endfacet
  facet normal 0.803196 -0.595715 0
    outer loop
      vertex 77.9902 1.64942 0
      vertex 77.8382 1.44448 8
      vertex 77.8382 1.44448 0
    endloop
  endfacet
  facet normal -0.427665 0.903937 0
    outer loop
      vertex 81.2256 -2.29299 0
      vertex 80.995 -2.40209 8
      vertex 81.2256 -2.29299 8
    endloop
  endfacet
  facet normal -0.427665 0.903937 0
    outer loop
      vertex 80.995 -2.40209 8
      vertex 81.2256 -2.29299 0
      vertex 80.995 -2.40209 0
    endloop
  endfacet
  facet normal 0.741056 -0.671443 0
    outer loop
      vertex 77.9902 1.64942 8
      vertex 78.1615 1.83848 0
      vertex 78.1615 1.83848 8
    endloop
  endfacet
  facet normal 0.741056 -0.671443 0
    outer loop
      vertex 78.1615 1.83848 0
      vertex 77.9902 1.64942 8
      vertex 77.9902 1.64942 0
    endloop
  endfacet
  facet normal 0.514006 -0.857787 0
    outer loop
      vertex 78.5555 2.16182 0
      vertex 78.7744 2.29299 8
      vertex 78.5555 2.16182 8
    endloop
  endfacet
  facet normal 0.514006 -0.857787 0
    outer loop
      vertex 78.7744 2.29299 8
      vertex 78.5555 2.16182 0
      vertex 78.7744 2.29299 0
    endloop
  endfacet
  facet normal 0.427665 -0.903937 0
    outer loop
      vertex 78.7744 2.29299 0
      vertex 79.005 2.40209 8
      vertex 78.7744 2.29299 8
    endloop
  endfacet
  facet normal 0.427665 -0.903937 0
    outer loop
      vertex 79.005 2.40209 8
      vertex 78.7744 2.29299 0
      vertex 79.005 2.40209 0
    endloop
  endfacet
  facet normal 0.857683 -0.514179 0
    outer loop
      vertex 77.707 1.22563 8
      vertex 77.8382 1.44448 0
      vertex 77.8382 1.44448 8
    endloop
  endfacet
  facet normal 0.857683 -0.514179 0
    outer loop
      vertex 77.8382 1.44448 0
      vertex 77.707 1.22563 8
      vertex 77.707 1.22563 0
    endloop
  endfacet
endsolid OpenSCAD_Model
