solid OpenSCAD_Model
  facet normal 0.146735 0.989176 -0
    outer loop
      vertex 10.73 53.9432 0
      vertex 5.39094 54.7352 4
      vertex 10.73 53.9432 4
    endloop
  endfacet
  facet normal 0.146735 0.989176 0
    outer loop
      vertex 5.39094 54.7352 4
      vertex 10.73 53.9432 0
      vertex 5.39094 54.7352 0
    endloop
  endfacet
  facet normal 0.989176 0.146735 0
    outer loop
      vertex 54.7352 5.39094 4
      vertex 53.9432 10.73 0
      vertex 53.9432 10.73 4
    endloop
  endfacet
  facet normal 0.989176 0.146735 0
    outer loop
      vertex 53.9432 10.73 0
      vertex 54.7352 5.39094 4
      vertex 54.7352 5.39094 0
    endloop
  endfacet
  facet normal 0.998797 0.0490444 0
    outer loop
      vertex 54.7352 5.39094 4
      vertex 54.8035 4 3
      vertex 54.7352 5.39094 0
    endloop
  endfacet
  facet normal 0.998796 0.0490526 -1.13864e-05
    outer loop
      vertex 54.7352 5.39094 4
      vertex 54.9754 0.5 3.8
      vertex 54.8035 4 3
    endloop
  endfacet
  facet normal 0.998796 0.0490603 -0.000201136
    outer loop
      vertex 55 0 4
      vertex 54.9754 0.5 3.8
      vertex 54.7352 5.39094 4
    endloop
  endfacet
  facet normal 0.998792 0.0491406 0
    outer loop
      vertex 54.9754 0.5 3.8
      vertex 55 0 4
      vertex 55 0 3.8
    endloop
  endfacet
  facet normal 0.998797 0.0490444 0
    outer loop
      vertex 54.7352 5.39094 0
      vertex 54.8035 4 3
      vertex 54.8035 4 0
    endloop
  endfacet
  facet normal 0.998796 0.0490552 0
    outer loop
      vertex 54.8035 4 3
      vertex 54.9754 0.5 3.8
      vertex 54.9754 0.5 3
    endloop
  endfacet
  facet normal 0.97003 0.242985 0
    outer loop
      vertex 53.9432 10.73 4
      vertex 52.6317 15.9657 0
      vertex 52.6317 15.9657 4
    endloop
  endfacet
  facet normal 0.97003 0.242985 0
    outer loop
      vertex 52.6317 15.9657 0
      vertex 53.9432 10.73 4
      vertex 53.9432 10.73 0
    endloop
  endfacet
  facet normal 0.336884 -0.941546 0
    outer loop
      vertex 15.9657 -52.6317 0
      vertex 21.0476 -50.8134 4
      vertex 15.9657 -52.6317 4
    endloop
  endfacet
  facet normal 0.336884 -0.941546 0
    outer loop
      vertex 21.0476 -50.8134 4
      vertex 15.9657 -52.6317 0
      vertex 21.0476 -50.8134 0
    endloop
  endfacet
  facet normal 0.903989 -0.427557 0
    outer loop
      vertex 48.5057 -25.9268 4
      vertex 50.8134 -21.0476 0
      vertex 50.8134 -21.0476 4
    endloop
  endfacet
  facet normal 0.903989 -0.427557 0
    outer loop
      vertex 50.8134 -21.0476 0
      vertex 48.5057 -25.9268 4
      vertex 48.5057 -25.9268 0
    endloop
  endfacet
  facet normal 0.671598 0.740916 0
    outer loop
      vertex 38.52 39.2271 3.8
      vertex 38.8909 38.8909 4
      vertex 38.8909 38.8909 3.8
    endloop
  endfacet
  facet normal 0.671553 0.740956 0.000151395
    outer loop
      vertex 38.8909 38.8909 4
      vertex 38.52 39.2271 3.8
      vertex 34.8916 42.5156 4
    endloop
  endfacet
  facet normal 0.671539 0.74097 0
    outer loop
      vertex 35.9235 41.5803 3
      vertex 38.52 39.2271 3.8
      vertex 38.52 39.2271 3
    endloop
  endfacet
  facet normal 0.671547 0.740962 -5.18302e-05
    outer loop
      vertex 38.52 39.2271 3.8
      vertex 35.9235 41.5803 3
      vertex 34.8916 42.5156 4
    endloop
  endfacet
  facet normal 0.671575 0.740937 0
    outer loop
      vertex 34.8916 42.5156 0
      vertex 35.9235 41.5803 3
      vertex 35.9235 41.5803 0
    endloop
  endfacet
  facet normal 0.671575 0.740937 0
    outer loop
      vertex 35.9235 41.5803 3
      vertex 34.8916 42.5156 0
      vertex 34.8916 42.5156 4
    endloop
  endfacet
  facet normal -0.740937 0.671575 0
    outer loop
      vertex -41.5803 35.9235 0
      vertex -42.5156 34.8916 0
      vertex -41.5803 35.9235 3
    endloop
  endfacet
  facet normal -0.74097 0.671539 0
    outer loop
      vertex -39.2271 38.52 3
      vertex -41.5803 35.9235 3
      vertex -39.2271 38.52 3.8
    endloop
  endfacet
  facet normal -0.740916 0.671598 0
    outer loop
      vertex -39.2271 38.52 3.8
      vertex -38.8909 38.8909 4
      vertex -38.8909 38.8909 3.8
    endloop
  endfacet
  facet normal -0.740962 0.671547 -5.18302e-05
    outer loop
      vertex -42.5156 34.8916 4
      vertex -39.2271 38.52 3.8
      vertex -41.5803 35.9235 3
    endloop
  endfacet
  facet normal -0.740956 0.671553 0.000151395
    outer loop
      vertex -39.2271 38.52 3.8
      vertex -42.5156 34.8916 4
      vertex -38.8909 38.8909 4
    endloop
  endfacet
  facet normal -0.740937 0.671575 0
    outer loop
      vertex -42.5156 34.8916 4
      vertex -41.5803 35.9235 3
      vertex -42.5156 34.8916 0
    endloop
  endfacet
  facet normal -0.146735 -0.989176 0
    outer loop
      vertex -10.73 -53.9432 0
      vertex -5.39094 -54.7352 4
      vertex -10.73 -53.9432 4
    endloop
  endfacet
  facet normal -0.146735 -0.989176 -0
    outer loop
      vertex -5.39094 -54.7352 4
      vertex -10.73 -53.9432 0
      vertex -5.39094 -54.7352 0
    endloop
  endfacet
  facet normal 0.941546 0.336884 0
    outer loop
      vertex 52.6317 15.9657 4
      vertex 50.8134 21.0476 0
      vertex 50.8134 21.0476 4
    endloop
  endfacet
  facet normal 0.941546 0.336884 0
    outer loop
      vertex 50.8134 21.0476 0
      vertex 52.6317 15.9657 4
      vertex 52.6317 15.9657 0
    endloop
  endfacet
  facet normal -0.0491406 0.998792 0
    outer loop
      vertex -0.5 54.9754 3.8
      vertex 0 55 4
      vertex 0 55 3.8
    endloop
  endfacet
  facet normal -0.0490603 0.998796 -0.000201136
    outer loop
      vertex 0 55 4
      vertex -0.5 54.9754 3.8
      vertex -5.39094 54.7352 4
    endloop
  endfacet
  facet normal -0.0490552 0.998796 0
    outer loop
      vertex -4 54.8035 3
      vertex -0.5 54.9754 3.8
      vertex -0.5 54.9754 3
    endloop
  endfacet
  facet normal -0.0490526 0.998796 -1.13864e-05
    outer loop
      vertex -0.5 54.9754 3.8
      vertex -4 54.8035 3
      vertex -5.39094 54.7352 4
    endloop
  endfacet
  facet normal -0.0490444 0.998797 0
    outer loop
      vertex -5.39094 54.7352 0
      vertex -4 54.8035 3
      vertex -4 54.8035 0
    endloop
  endfacet
  facet normal -0.0490444 0.998797 0
    outer loop
      vertex -4 54.8035 3
      vertex -5.39094 54.7352 0
      vertex -5.39094 54.7352 4
    endloop
  endfacet
  facet normal 0.803208 0.595699 0
    outer loop
      vertex 45.7308 30.5564 4
      vertex 42.5156 34.8916 0
      vertex 42.5156 34.8916 4
    endloop
  endfacet
  facet normal 0.803208 0.595699 0
    outer loop
      vertex 42.5156 34.8916 0
      vertex 45.7308 30.5564 4
      vertex 45.7308 30.5564 0
    endloop
  endfacet
  facet normal 0.0491406 -0.998792 0
    outer loop
      vertex 0.5 -54.9754 3.8
      vertex 0 -55 4
      vertex 0 -55 3.8
    endloop
  endfacet
  facet normal 0.0490603 -0.998796 -0.000201136
    outer loop
      vertex 0 -55 4
      vertex 0.5 -54.9754 3.8
      vertex 5.39094 -54.7352 4
    endloop
  endfacet
  facet normal 0.0490552 -0.998796 0
    outer loop
      vertex 4 -54.8035 3
      vertex 0.5 -54.9754 3.8
      vertex 0.5 -54.9754 3
    endloop
  endfacet
  facet normal 0.0490526 -0.998796 -1.13864e-05
    outer loop
      vertex 0.5 -54.9754 3.8
      vertex 4 -54.8035 3
      vertex 5.39094 -54.7352 4
    endloop
  endfacet
  facet normal 0.0490444 -0.998797 0
    outer loop
      vertex 5.39094 -54.7352 0
      vertex 4 -54.8035 3
      vertex 4 -54.8035 0
    endloop
  endfacet
  facet normal 0.0490444 -0.998797 0
    outer loop
      vertex 4 -54.8035 3
      vertex 5.39094 -54.7352 0
      vertex 5.39094 -54.7352 4
    endloop
  endfacet
  facet normal 0.0490603 0.998796 -0.000201136
    outer loop
      vertex 5.39094 54.7352 4
      vertex 0.5 54.9754 3.8
      vertex 0 55 4
    endloop
  endfacet
  facet normal 0.0490526 0.998796 -1.13864e-05
    outer loop
      vertex 5.39094 54.7352 4
      vertex 4 54.8035 3
      vertex 0.5 54.9754 3.8
    endloop
  endfacet
  facet normal 0.0490444 0.998797 -0
    outer loop
      vertex 5.39094 54.7352 0
      vertex 4 54.8035 3
      vertex 5.39094 54.7352 4
    endloop
  endfacet
  facet normal 0.0490444 0.998797 0
    outer loop
      vertex 4 54.8035 3
      vertex 5.39094 54.7352 0
      vertex 4 54.8035 0
    endloop
  endfacet
  facet normal 0.0491406 0.998792 0
    outer loop
      vertex 0 55 4
      vertex 0.5 54.9754 3.8
      vertex 0 55 3.8
    endloop
  endfacet
  facet normal 0.0490552 0.998796 0
    outer loop
      vertex 0.5 54.9754 3.8
      vertex 4 54.8035 3
      vertex 0.5 54.9754 3
    endloop
  endfacet
  facet normal 0.857727 -0.514106 0
    outer loop
      vertex 45.7308 -30.5564 4
      vertex 48.5057 -25.9268 0
      vertex 48.5057 -25.9268 4
    endloop
  endfacet
  facet normal 0.857727 -0.514106 0
    outer loop
      vertex 48.5057 -25.9268 0
      vertex 45.7308 -30.5564 4
      vertex 45.7308 -30.5564 0
    endloop
  endfacet
  facet normal -0.595699 -0.803208 0
    outer loop
      vertex -34.8916 -42.5156 0
      vertex -30.5564 -45.7308 4
      vertex -34.8916 -42.5156 4
    endloop
  endfacet
  facet normal -0.595699 -0.803208 -0
    outer loop
      vertex -30.5564 -45.7308 4
      vertex -34.8916 -42.5156 0
      vertex -30.5564 -45.7308 0
    endloop
  endfacet
  facet normal -0.857727 0.514106 0
    outer loop
      vertex -48.5057 25.9268 0
      vertex -45.7308 30.5564 4
      vertex -45.7308 30.5564 0
    endloop
  endfacet
  facet normal -0.857727 0.514106 0
    outer loop
      vertex -45.7308 30.5564 4
      vertex -48.5057 25.9268 0
      vertex -48.5057 25.9268 4
    endloop
  endfacet
  facet normal -0.242985 -0.97003 0
    outer loop
      vertex -15.9657 -52.6317 0
      vertex -10.73 -53.9432 4
      vertex -15.9657 -52.6317 4
    endloop
  endfacet
  facet normal -0.242985 -0.97003 -0
    outer loop
      vertex -10.73 -53.9432 4
      vertex -15.9657 -52.6317 0
      vertex -10.73 -53.9432 0
    endloop
  endfacet
  facet normal 0.857727 0.514106 0
    outer loop
      vertex 48.5057 25.9268 4
      vertex 45.7308 30.5564 0
      vertex 45.7308 30.5564 4
    endloop
  endfacet
  facet normal 0.857727 0.514106 0
    outer loop
      vertex 45.7308 30.5564 0
      vertex 48.5057 25.9268 4
      vertex 48.5057 25.9268 0
    endloop
  endfacet
  facet normal -0.998797 -0.0490444 0
    outer loop
      vertex -54.8035 -4 0
      vertex -54.7352 -5.39094 0
      vertex -54.8035 -4 3
    endloop
  endfacet
  facet normal -0.998796 -0.0490552 0
    outer loop
      vertex -54.9754 -0.5 3
      vertex -54.8035 -4 3
      vertex -54.9754 -0.5 3.8
    endloop
  endfacet
  facet normal -0.998792 -0.0491406 0
    outer loop
      vertex -54.9754 -0.5 3.8
      vertex -55 0 4
      vertex -55 0 3.8
    endloop
  endfacet
  facet normal -0.998796 -0.0490526 -1.13864e-05
    outer loop
      vertex -54.7352 -5.39094 4
      vertex -54.9754 -0.5 3.8
      vertex -54.8035 -4 3
    endloop
  endfacet
  facet normal -0.998796 -0.0490603 -0.000201136
    outer loop
      vertex -54.9754 -0.5 3.8
      vertex -54.7352 -5.39094 4
      vertex -55 0 4
    endloop
  endfacet
  facet normal -0.998797 -0.0490444 -0
    outer loop
      vertex -54.7352 -5.39094 4
      vertex -54.8035 -4 3
      vertex -54.7352 -5.39094 0
    endloop
  endfacet
  facet normal 0.903989 0.427557 0
    outer loop
      vertex 50.8134 21.0476 4
      vertex 48.5057 25.9268 0
      vertex 48.5057 25.9268 4
    endloop
  endfacet
  facet normal 0.903989 0.427557 0
    outer loop
      vertex 48.5057 25.9268 0
      vertex 50.8134 21.0476 4
      vertex 50.8134 21.0476 0
    endloop
  endfacet
  facet normal 0.97003 -0.242985 0
    outer loop
      vertex 52.6317 -15.9657 4
      vertex 53.9432 -10.73 0
      vertex 53.9432 -10.73 4
    endloop
  endfacet
  facet normal 0.97003 -0.242985 0
    outer loop
      vertex 53.9432 -10.73 0
      vertex 52.6317 -15.9657 4
      vertex 52.6317 -15.9657 0
    endloop
  endfacet
  facet normal -0.97003 0.242985 0
    outer loop
      vertex -53.9432 10.73 0
      vertex -52.6317 15.9657 4
      vertex -52.6317 15.9657 0
    endloop
  endfacet
  facet normal -0.97003 0.242985 0
    outer loop
      vertex -52.6317 15.9657 4
      vertex -53.9432 10.73 0
      vertex -53.9432 10.73 4
    endloop
  endfacet
  facet normal -0.427557 -0.903989 0
    outer loop
      vertex -25.9268 -48.5057 0
      vertex -21.0476 -50.8134 4
      vertex -25.9268 -48.5057 4
    endloop
  endfacet
  facet normal -0.427557 -0.903989 -0
    outer loop
      vertex -21.0476 -50.8134 4
      vertex -25.9268 -48.5057 0
      vertex -21.0476 -50.8134 0
    endloop
  endfacet
  facet normal -0.97003 -0.242985 0
    outer loop
      vertex -52.6317 -15.9657 0
      vertex -53.9432 -10.73 4
      vertex -53.9432 -10.73 0
    endloop
  endfacet
  facet normal -0.97003 -0.242985 0
    outer loop
      vertex -53.9432 -10.73 4
      vertex -52.6317 -15.9657 0
      vertex -52.6317 -15.9657 4
    endloop
  endfacet
  facet normal 0.336884 0.941546 -0
    outer loop
      vertex 21.0476 50.8134 0
      vertex 15.9657 52.6317 4
      vertex 21.0476 50.8134 4
    endloop
  endfacet
  facet normal 0.336884 0.941546 0
    outer loop
      vertex 15.9657 52.6317 4
      vertex 21.0476 50.8134 0
      vertex 15.9657 52.6317 0
    endloop
  endfacet
  facet normal 0.989176 -0.146735 0
    outer loop
      vertex 53.9432 -10.73 4
      vertex 54.7352 -5.39094 0
      vertex 54.7352 -5.39094 4
    endloop
  endfacet
  facet normal 0.989176 -0.146735 0
    outer loop
      vertex 54.7352 -5.39094 0
      vertex 53.9432 -10.73 4
      vertex 53.9432 -10.73 0
    endloop
  endfacet
  facet normal -0.146735 0.989176 0
    outer loop
      vertex -5.39094 54.7352 0
      vertex -10.73 53.9432 4
      vertex -5.39094 54.7352 4
    endloop
  endfacet
  facet normal -0.146735 0.989176 0
    outer loop
      vertex -10.73 53.9432 4
      vertex -5.39094 54.7352 0
      vertex -10.73 53.9432 0
    endloop
  endfacet
  facet normal 0.427557 -0.903989 0
    outer loop
      vertex 21.0476 -50.8134 0
      vertex 25.9268 -48.5057 4
      vertex 21.0476 -50.8134 4
    endloop
  endfacet
  facet normal 0.427557 -0.903989 0
    outer loop
      vertex 25.9268 -48.5057 4
      vertex 21.0476 -50.8134 0
      vertex 25.9268 -48.5057 0
    endloop
  endfacet
  facet normal -0.671553 0.740956 0.000151395
    outer loop
      vertex -34.8916 42.5156 4
      vertex -38.52 39.2271 3.8
      vertex -38.8909 38.8909 4
    endloop
  endfacet
  facet normal -0.671547 0.740962 -5.18302e-05
    outer loop
      vertex -34.8916 42.5156 4
      vertex -35.9235 41.5803 3
      vertex -38.52 39.2271 3.8
    endloop
  endfacet
  facet normal -0.671575 0.740937 0
    outer loop
      vertex -34.8916 42.5156 0
      vertex -35.9235 41.5803 3
      vertex -34.8916 42.5156 4
    endloop
  endfacet
  facet normal -0.671575 0.740937 0
    outer loop
      vertex -35.9235 41.5803 3
      vertex -34.8916 42.5156 0
      vertex -35.9235 41.5803 0
    endloop
  endfacet
  facet normal -0.671598 0.740916 0
    outer loop
      vertex -38.8909 38.8909 4
      vertex -38.52 39.2271 3.8
      vertex -38.8909 38.8909 3.8
    endloop
  endfacet
  facet normal -0.671539 0.74097 0
    outer loop
      vertex -38.52 39.2271 3.8
      vertex -35.9235 41.5803 3
      vertex -38.52 39.2271 3
    endloop
  endfacet
  facet normal -0 0 -1
    outer loop
      vertex 45.2548 -39.598 0
      vertex 39.598 -45.2548 0
      vertex 41.5803 -35.9235 0
    endloop
  endfacet
  facet normal 0 0 -1
    outer loop
      vertex 54.8035 -4 0
      vertex 60 4 0
      vertex 60 -4 0
    endloop
  endfacet
  facet normal 0 0 -1
    outer loop
      vertex 54.8035 -4 0
      vertex 54.8035 4 0
      vertex 60 4 0
    endloop
  endfacet
  facet normal 0 0 -1
    outer loop
      vertex 49.9583 -4.92046 0
      vertex 54.8035 -4 0
      vertex 54.7352 -5.39094 0
    endloop
  endfacet
  facet normal 0 0 -1
    outer loop
      vertex 54.8035 -4 0
      vertex 50.2 0 0
      vertex 54.8035 4 0
    endloop
  endfacet
  facet normal 0 0 -1
    outer loop
      vertex 49.9583 -4.92046 0
      vertex 54.7352 -5.39094 0
      vertex 53.9432 -10.73 0
    endloop
  endfacet
  facet normal 0 0 -1
    outer loop
      vertex 49.9583 4.92046 0
      vertex 54.8035 4 0
      vertex 50.2 0 0
    endloop
  endfacet
  facet normal 0 0 -1
    outer loop
      vertex 49.2354 -9.79353 0
      vertex 53.9432 -10.73 0
      vertex 52.6317 -15.9657 0
    endloop
  endfacet
  facet normal 0 0 -1
    outer loop
      vertex 54.8035 4 0
      vertex 49.9583 4.92046 0
      vertex 54.7352 5.39094 0
    endloop
  endfacet
  facet normal 0 0 -1
    outer loop
      vertex 48.0384 -14.5723 0
      vertex 52.6317 -15.9657 0
      vertex 50.8134 -21.0476 0
    endloop
  endfacet
  facet normal -0 0 -1
    outer loop
      vertex 54.7352 5.39094 0
      vertex 49.9583 4.92046 0
      vertex 53.9432 10.73 0
    endloop
  endfacet
  facet normal 0 0 -1
    outer loop
      vertex 49.2354 9.79353 0
      vertex 53.9432 10.73 0
      vertex 49.9583 4.92046 0
    endloop
  endfacet
  facet normal -0 0 -1
    outer loop
      vertex 54.8035 -4 0
      vertex 49.9583 -4.92046 0
      vertex 50.2 0 0
    endloop
  endfacet
  facet normal 0 0 -1
    outer loop
      vertex 53.9432 -10.73 0
      vertex 49.2354 -9.79353 0
      vertex 49.9583 -4.92046 0
    endloop
  endfacet
  facet normal 0 0 -1
    outer loop
      vertex 46.3788 -19.2107 0
      vertex 50.8134 -21.0476 0
      vertex 48.5057 -25.9268 0
    endloop
  endfacet
  facet normal 0 0 -1
    outer loop
      vertex 52.6317 -15.9657 0
      vertex 48.0384 -14.5723 0
      vertex 49.2354 -9.79353 0
    endloop
  endfacet
  facet normal 0 0 -1
    outer loop
      vertex 50.8134 -21.0476 0
      vertex 46.3788 -19.2107 0
      vertex 48.0384 -14.5723 0
    endloop
  endfacet
  facet normal 0 0 -1
    outer loop
      vertex 44.2724 -23.6641 0
      vertex 48.5057 -25.9268 0
      vertex 45.7308 -30.5564 0
    endloop
  endfacet
  facet normal 0 0 -1
    outer loop
      vertex 48.5057 -25.9268 0
      vertex 44.2724 -23.6641 0
      vertex 46.3788 -19.2107 0
    endloop
  endfacet
  facet normal 0 0 -1
    outer loop
      vertex 41.7398 -27.8896 0
      vertex 45.7308 -30.5564 0
      vertex 42.5156 -34.8916 0
    endloop
  endfacet
  facet normal 0 0 -1
    outer loop
      vertex 45.7308 -30.5564 0
      vertex 41.7398 -27.8896 0
      vertex 44.2724 -23.6641 0
    endloop
  endfacet
  facet normal 0 0 -1
    outer loop
      vertex 38.8051 -31.8465 0
      vertex 42.5156 -34.8916 0
      vertex 41.5803 -35.9235 0
    endloop
  endfacet
  facet normal 0 0 -1
    outer loop
      vertex 35.9235 -41.5803 0
      vertex 41.5803 -35.9235 0
      vertex 39.598 -45.2548 0
    endloop
  endfacet
  facet normal 0 0 -1
    outer loop
      vertex 42.5156 -34.8916 0
      vertex 38.8051 -31.8465 0
      vertex 41.7398 -27.8896 0
    endloop
  endfacet
  facet normal 0 0 -1
    outer loop
      vertex 35.4968 -35.4968 0
      vertex 41.5803 -35.9235 0
      vertex 35.9235 -41.5803 0
    endloop
  endfacet
  facet normal 0 0 -1
    outer loop
      vertex 41.5803 -35.9235 0
      vertex 35.4968 -35.4968 0
      vertex 38.8051 -31.8465 0
    endloop
  endfacet
  facet normal 0 0 -1
    outer loop
      vertex 31.8465 -38.8051 0
      vertex 35.9235 -41.5803 0
      vertex 34.8916 -42.5156 0
    endloop
  endfacet
  facet normal 0 0 -1
    outer loop
      vertex 35.9235 -41.5803 0
      vertex 31.8465 -38.8051 0
      vertex 35.4968 -35.4968 0
    endloop
  endfacet
  facet normal 0 0 -1
    outer loop
      vertex 30.5564 -45.7308 0
      vertex 31.8465 -38.8051 0
      vertex 34.8916 -42.5156 0
    endloop
  endfacet
  facet normal 0 0 -1
    outer loop
      vertex 30.5564 -45.7308 0
      vertex 27.8896 -41.7398 0
      vertex 31.8465 -38.8051 0
    endloop
  endfacet
  facet normal 0 0 -1
    outer loop
      vertex 25.9268 -48.5057 0
      vertex 27.8896 -41.7398 0
      vertex 30.5564 -45.7308 0
    endloop
  endfacet
  facet normal 0 0 -1
    outer loop
      vertex 25.9268 -48.5057 0
      vertex 23.6641 -44.2724 0
      vertex 27.8896 -41.7398 0
    endloop
  endfacet
  facet normal 0 0 -1
    outer loop
      vertex 21.0476 -50.8134 0
      vertex 23.6641 -44.2724 0
      vertex 25.9268 -48.5057 0
    endloop
  endfacet
  facet normal 0 0 -1
    outer loop
      vertex 21.0476 -50.8134 0
      vertex 19.2107 -46.3788 0
      vertex 23.6641 -44.2724 0
    endloop
  endfacet
  facet normal 0 0 -1
    outer loop
      vertex 15.9657 -52.6317 0
      vertex 19.2107 -46.3788 0
      vertex 21.0476 -50.8134 0
    endloop
  endfacet
  facet normal 0 0 -1
    outer loop
      vertex 15.9657 -52.6317 0
      vertex 14.5723 -48.0384 0
      vertex 19.2107 -46.3788 0
    endloop
  endfacet
  facet normal 0 0 -1
    outer loop
      vertex 10.73 -53.9432 0
      vertex 14.5723 -48.0384 0
      vertex 15.9657 -52.6317 0
    endloop
  endfacet
  facet normal 0 0 -1
    outer loop
      vertex 10.73 -53.9432 0
      vertex 9.79353 -49.2354 0
      vertex 14.5723 -48.0384 0
    endloop
  endfacet
  facet normal 0 0 -1
    outer loop
      vertex 5.39094 -54.7352 0
      vertex 9.79353 -49.2354 0
      vertex 10.73 -53.9432 0
    endloop
  endfacet
  facet normal 0 0 -1
    outer loop
      vertex 5.39094 -54.7352 0
      vertex 4.92046 -49.9583 0
      vertex 9.79353 -49.2354 0
    endloop
  endfacet
  facet normal 0 0 -1
    outer loop
      vertex 4 -54.8035 0
      vertex 4.92046 -49.9583 0
      vertex 5.39094 -54.7352 0
    endloop
  endfacet
  facet normal 0 0 -1
    outer loop
      vertex 4.92046 -49.9583 0
      vertex 4 -54.8035 0
      vertex 0 -50.2 0
    endloop
  endfacet
  facet normal -0 0 -1
    outer loop
      vertex 53.9432 10.73 0
      vertex 49.2354 9.79353 0
      vertex 52.6317 15.9657 0
    endloop
  endfacet
  facet normal 0 0 -1
    outer loop
      vertex 48.0384 14.5723 0
      vertex 52.6317 15.9657 0
      vertex 49.2354 9.79353 0
    endloop
  endfacet
  facet normal -0 0 -1
    outer loop
      vertex 52.6317 15.9657 0
      vertex 48.0384 14.5723 0
      vertex 50.8134 21.0476 0
    endloop
  endfacet
  facet normal 0 0 -1
    outer loop
      vertex 46.3788 19.2107 0
      vertex 50.8134 21.0476 0
      vertex 48.0384 14.5723 0
    endloop
  endfacet
  facet normal -0 0 -1
    outer loop
      vertex 50.8134 21.0476 0
      vertex 46.3788 19.2107 0
      vertex 48.5057 25.9268 0
    endloop
  endfacet
  facet normal 0 0 -1
    outer loop
      vertex 44.2724 23.6641 0
      vertex 48.5057 25.9268 0
      vertex 46.3788 19.2107 0
    endloop
  endfacet
  facet normal -0 0 -1
    outer loop
      vertex 48.5057 25.9268 0
      vertex 44.2724 23.6641 0
      vertex 45.7308 30.5564 0
    endloop
  endfacet
  facet normal 0 0 -1
    outer loop
      vertex 41.7398 27.8896 0
      vertex 45.7308 30.5564 0
      vertex 44.2724 23.6641 0
    endloop
  endfacet
  facet normal -0 0 -1
    outer loop
      vertex 45.7308 30.5564 0
      vertex 41.7398 27.8896 0
      vertex 42.5156 34.8916 0
    endloop
  endfacet
  facet normal 0 0 -1
    outer loop
      vertex 38.8051 31.8465 0
      vertex 42.5156 34.8916 0
      vertex 41.7398 27.8896 0
    endloop
  endfacet
  facet normal -0 0 -1
    outer loop
      vertex 42.5156 34.8916 0
      vertex 38.8051 31.8465 0
      vertex 41.5803 35.9235 0
    endloop
  endfacet
  facet normal 0 0 -1
    outer loop
      vertex 35.4968 35.4968 0
      vertex 41.5803 35.9235 0
      vertex 38.8051 31.8465 0
    endloop
  endfacet
  facet normal 0 0 -1
    outer loop
      vertex 41.5803 35.9235 0
      vertex 35.9235 41.5803 0
      vertex 39.598 45.2548 0
    endloop
  endfacet
  facet normal -0 0 -1
    outer loop
      vertex 41.5803 35.9235 0
      vertex 35.4968 35.4968 0
      vertex 35.9235 41.5803 0
    endloop
  endfacet
  facet normal 0 0 -1
    outer loop
      vertex 31.8465 38.8051 0
      vertex 35.9235 41.5803 0
      vertex 35.4968 35.4968 0
    endloop
  endfacet
  facet normal -0 0 -1
    outer loop
      vertex 35.9235 41.5803 0
      vertex 31.8465 38.8051 0
      vertex 34.8916 42.5156 0
    endloop
  endfacet
  facet normal 0 0 -1
    outer loop
      vertex 31.8465 38.8051 0
      vertex 30.5564 45.7308 0
      vertex 34.8916 42.5156 0
    endloop
  endfacet
  facet normal 0 0 -1
    outer loop
      vertex 27.8896 41.7398 0
      vertex 30.5564 45.7308 0
      vertex 31.8465 38.8051 0
    endloop
  endfacet
  facet normal 0 0 -1
    outer loop
      vertex 27.8896 41.7398 0
      vertex 25.9268 48.5057 0
      vertex 30.5564 45.7308 0
    endloop
  endfacet
  facet normal 0 0 -1
    outer loop
      vertex 23.6641 44.2724 0
      vertex 25.9268 48.5057 0
      vertex 27.8896 41.7398 0
    endloop
  endfacet
  facet normal 0 0 -1
    outer loop
      vertex 23.6641 44.2724 0
      vertex 21.0476 50.8134 0
      vertex 25.9268 48.5057 0
    endloop
  endfacet
  facet normal 0 0 -1
    outer loop
      vertex 19.2107 46.3788 0
      vertex 21.0476 50.8134 0
      vertex 23.6641 44.2724 0
    endloop
  endfacet
  facet normal 0 0 -1
    outer loop
      vertex 19.2107 46.3788 0
      vertex 15.9657 52.6317 0
      vertex 21.0476 50.8134 0
    endloop
  endfacet
  facet normal 0 0 -1
    outer loop
      vertex 14.5723 48.0384 0
      vertex 15.9657 52.6317 0
      vertex 19.2107 46.3788 0
    endloop
  endfacet
  facet normal 0 0 -1
    outer loop
      vertex 14.5723 48.0384 0
      vertex 10.73 53.9432 0
      vertex 15.9657 52.6317 0
    endloop
  endfacet
  facet normal 0 0 -1
    outer loop
      vertex 9.79353 49.2354 0
      vertex 10.73 53.9432 0
      vertex 14.5723 48.0384 0
    endloop
  endfacet
  facet normal 0 0 -1
    outer loop
      vertex 9.79353 49.2354 0
      vertex 5.39094 54.7352 0
      vertex 10.73 53.9432 0
    endloop
  endfacet
  facet normal 0 0 -1
    outer loop
      vertex 4.92046 49.9583 0
      vertex 5.39094 54.7352 0
      vertex 9.79353 49.2354 0
    endloop
  endfacet
  facet normal 0 0 -1
    outer loop
      vertex 4.92046 49.9583 0
      vertex 4 54.8035 0
      vertex 5.39094 54.7352 0
    endloop
  endfacet
  facet normal 0 0 -1
    outer loop
      vertex 0 50.2 0
      vertex 4 54.8035 0
      vertex 4.92046 49.9583 0
    endloop
  endfacet
  facet normal 0 0 -1
    outer loop
      vertex -4 54.8035 0
      vertex 4 54.8035 0
      vertex 0 50.2 0
    endloop
  endfacet
  facet normal 0 0 -1
    outer loop
      vertex 4 54.8035 0
      vertex -4 54.8035 0
      vertex 4 60 0
    endloop
  endfacet
  facet normal -0 0 -1
    outer loop
      vertex 4 60 0
      vertex -4 54.8035 0
      vertex -4 60 0
    endloop
  endfacet
  facet normal 0 0 -1
    outer loop
      vertex -39.598 -45.2548 0
      vertex -45.2548 -39.598 0
      vertex -41.5803 -35.9235 0
    endloop
  endfacet
  facet normal 0 0 -1
    outer loop
      vertex -4.92046 49.9583 0
      vertex -4 54.8035 0
      vertex 0 50.2 0
    endloop
  endfacet
  facet normal 0 0 -1
    outer loop
      vertex -4.92046 49.9583 0
      vertex -5.39094 54.7352 0
      vertex -4 54.8035 0
    endloop
  endfacet
  facet normal 0 0 -1
    outer loop
      vertex -9.79353 49.2354 0
      vertex -5.39094 54.7352 0
      vertex -4.92046 49.9583 0
    endloop
  endfacet
  facet normal 0 0 -1
    outer loop
      vertex -9.79353 49.2354 0
      vertex -10.73 53.9432 0
      vertex -5.39094 54.7352 0
    endloop
  endfacet
  facet normal 0 0 -1
    outer loop
      vertex -14.5723 48.0384 0
      vertex -10.73 53.9432 0
      vertex -9.79353 49.2354 0
    endloop
  endfacet
  facet normal 0 0 -1
    outer loop
      vertex -14.5723 48.0384 0
      vertex -15.9657 52.6317 0
      vertex -10.73 53.9432 0
    endloop
  endfacet
  facet normal 0 0 -1
    outer loop
      vertex -19.2107 46.3788 0
      vertex -15.9657 52.6317 0
      vertex -14.5723 48.0384 0
    endloop
  endfacet
  facet normal 0 0 -1
    outer loop
      vertex -19.2107 46.3788 0
      vertex -21.0476 50.8134 0
      vertex -15.9657 52.6317 0
    endloop
  endfacet
  facet normal 0 0 -1
    outer loop
      vertex -23.6641 44.2724 0
      vertex -21.0476 50.8134 0
      vertex -19.2107 46.3788 0
    endloop
  endfacet
  facet normal 0 0 -1
    outer loop
      vertex -23.6641 44.2724 0
      vertex -25.9268 48.5057 0
      vertex -21.0476 50.8134 0
    endloop
  endfacet
  facet normal 0 0 -1
    outer loop
      vertex -27.8896 41.7398 0
      vertex -25.9268 48.5057 0
      vertex -23.6641 44.2724 0
    endloop
  endfacet
  facet normal 0 0 -1
    outer loop
      vertex -27.8896 41.7398 0
      vertex -30.5564 45.7308 0
      vertex -25.9268 48.5057 0
    endloop
  endfacet
  facet normal 0 0 -1
    outer loop
      vertex -31.8465 38.8051 0
      vertex -30.5564 45.7308 0
      vertex -27.8896 41.7398 0
    endloop
  endfacet
  facet normal 0 0 -1
    outer loop
      vertex -31.8465 38.8051 0
      vertex -34.8916 42.5156 0
      vertex -30.5564 45.7308 0
    endloop
  endfacet
  facet normal 0 0 -1
    outer loop
      vertex -35.9235 41.5803 0
      vertex -31.8465 38.8051 0
      vertex -35.4968 35.4968 0
    endloop
  endfacet
  facet normal 0 0 -1
    outer loop
      vertex -31.8465 38.8051 0
      vertex -35.9235 41.5803 0
      vertex -34.8916 42.5156 0
    endloop
  endfacet
  facet normal 0 0 -1
    outer loop
      vertex -41.5803 35.9235 0
      vertex -35.4968 35.4968 0
      vertex -38.8051 31.8465 0
    endloop
  endfacet
  facet normal 0 0 -1
    outer loop
      vertex -35.4968 35.4968 0
      vertex -41.5803 35.9235 0
      vertex -35.9235 41.5803 0
    endloop
  endfacet
  facet normal -0 0 -1
    outer loop
      vertex -35.9235 41.5803 0
      vertex -41.5803 35.9235 0
      vertex -39.598 45.2548 0
    endloop
  endfacet
  facet normal 0 0 -1
    outer loop
      vertex -42.5156 34.8916 0
      vertex -38.8051 31.8465 0
      vertex -41.7398 27.8896 0
    endloop
  endfacet
  facet normal 0 0 -1
    outer loop
      vertex -38.8051 31.8465 0
      vertex -42.5156 34.8916 0
      vertex -41.5803 35.9235 0
    endloop
  endfacet
  facet normal 0 0 -1
    outer loop
      vertex -45.7308 30.5564 0
      vertex -41.7398 27.8896 0
      vertex -44.2724 23.6641 0
    endloop
  endfacet
  facet normal 0 0 -1
    outer loop
      vertex -41.7398 27.8896 0
      vertex -45.7308 30.5564 0
      vertex -42.5156 34.8916 0
    endloop
  endfacet
  facet normal 0 0 -1
    outer loop
      vertex -48.5057 25.9268 0
      vertex -44.2724 23.6641 0
      vertex -46.3788 19.2107 0
    endloop
  endfacet
  facet normal 0 0 -1
    outer loop
      vertex -50.8134 21.0476 0
      vertex -46.3788 19.2107 0
      vertex -48.0384 14.5723 0
    endloop
  endfacet
  facet normal 0 0 -1
    outer loop
      vertex -44.2724 23.6641 0
      vertex -48.5057 25.9268 0
      vertex -45.7308 30.5564 0
    endloop
  endfacet
  facet normal 0 0 -1
    outer loop
      vertex -52.6317 15.9657 0
      vertex -48.0384 14.5723 0
      vertex -49.2354 9.79353 0
    endloop
  endfacet
  facet normal 0 0 -1
    outer loop
      vertex -53.9432 10.73 0
      vertex -49.2354 9.79353 0
      vertex -49.9583 4.92046 0
    endloop
  endfacet
  facet normal 0 0 -1
    outer loop
      vertex -46.3788 19.2107 0
      vertex -50.8134 21.0476 0
      vertex -48.5057 25.9268 0
    endloop
  endfacet
  facet normal 0 0 -1
    outer loop
      vertex -54.8035 4 0
      vertex -49.9583 4.92046 0
      vertex -50.2 0 0
    endloop
  endfacet
  facet normal -0 0 -1
    outer loop
      vertex -49.2354 -9.79353 0
      vertex -53.9432 -10.73 0
      vertex -49.9583 -4.92046 0
    endloop
  endfacet
  facet normal 0 0 -1
    outer loop
      vertex -54.7352 -5.39094 0
      vertex -49.9583 -4.92046 0
      vertex -53.9432 -10.73 0
    endloop
  endfacet
  facet normal 0 0 -1
    outer loop
      vertex -48.0384 14.5723 0
      vertex -52.6317 15.9657 0
      vertex -50.8134 21.0476 0
    endloop
  endfacet
  facet normal 0 0 -1
    outer loop
      vertex -54.8035 -4 0
      vertex -49.9583 -4.92046 0
      vertex -54.7352 -5.39094 0
    endloop
  endfacet
  facet normal 0 0 -1
    outer loop
      vertex -54.8035 4 0
      vertex -50.2 0 0
      vertex -54.8035 -4 0
    endloop
  endfacet
  facet normal 0 0 -1
    outer loop
      vertex -49.9583 -4.92046 0
      vertex -54.8035 -4 0
      vertex -50.2 0 0
    endloop
  endfacet
  facet normal 0 0 -1
    outer loop
      vertex -49.2354 9.79353 0
      vertex -53.9432 10.73 0
      vertex -52.6317 15.9657 0
    endloop
  endfacet
  facet normal -0 0 -1
    outer loop
      vertex -49.9583 4.92046 0
      vertex -54.8035 4 0
      vertex -54.7352 5.39094 0
    endloop
  endfacet
  facet normal 0 0 -1
    outer loop
      vertex -49.9583 4.92046 0
      vertex -54.7352 5.39094 0
      vertex -53.9432 10.73 0
    endloop
  endfacet
  facet normal 0 0 -1
    outer loop
      vertex -60 -4 0
      vertex -54.8035 4 0
      vertex -54.8035 -4 0
    endloop
  endfacet
  facet normal -0 0 -1
    outer loop
      vertex -54.8035 4 0
      vertex -60 -4 0
      vertex -60 4 0
    endloop
  endfacet
  facet normal 0 0 -1
    outer loop
      vertex -4 -54.8035 0
      vertex 4 -54.8035 0
      vertex 4 -60 0
    endloop
  endfacet
  facet normal 0 0 -1
    outer loop
      vertex -4 -54.8035 0
      vertex 4 -60 0
      vertex -4 -60 0
    endloop
  endfacet
  facet normal 0 0 -1
    outer loop
      vertex 4 -54.8035 0
      vertex -4 -54.8035 0
      vertex 0 -50.2 0
    endloop
  endfacet
  facet normal 0 0 -1
    outer loop
      vertex -4 -54.8035 0
      vertex -4.92046 -49.9583 0
      vertex 0 -50.2 0
    endloop
  endfacet
  facet normal 0 0 -1
    outer loop
      vertex -5.39094 -54.7352 0
      vertex -4.92046 -49.9583 0
      vertex -4 -54.8035 0
    endloop
  endfacet
  facet normal 0 0 -1
    outer loop
      vertex -5.39094 -54.7352 0
      vertex -9.79353 -49.2354 0
      vertex -4.92046 -49.9583 0
    endloop
  endfacet
  facet normal 0 0 -1
    outer loop
      vertex -10.73 -53.9432 0
      vertex -9.79353 -49.2354 0
      vertex -5.39094 -54.7352 0
    endloop
  endfacet
  facet normal 0 0 -1
    outer loop
      vertex -10.73 -53.9432 0
      vertex -14.5723 -48.0384 0
      vertex -9.79353 -49.2354 0
    endloop
  endfacet
  facet normal 0 0 -1
    outer loop
      vertex -15.9657 -52.6317 0
      vertex -14.5723 -48.0384 0
      vertex -10.73 -53.9432 0
    endloop
  endfacet
  facet normal 0 0 -1
    outer loop
      vertex -15.9657 -52.6317 0
      vertex -19.2107 -46.3788 0
      vertex -14.5723 -48.0384 0
    endloop
  endfacet
  facet normal 0 0 -1
    outer loop
      vertex -21.0476 -50.8134 0
      vertex -19.2107 -46.3788 0
      vertex -15.9657 -52.6317 0
    endloop
  endfacet
  facet normal 0 0 -1
    outer loop
      vertex -21.0476 -50.8134 0
      vertex -23.6641 -44.2724 0
      vertex -19.2107 -46.3788 0
    endloop
  endfacet
  facet normal 0 0 -1
    outer loop
      vertex -25.9268 -48.5057 0
      vertex -23.6641 -44.2724 0
      vertex -21.0476 -50.8134 0
    endloop
  endfacet
  facet normal 0 0 -1
    outer loop
      vertex -25.9268 -48.5057 0
      vertex -27.8896 -41.7398 0
      vertex -23.6641 -44.2724 0
    endloop
  endfacet
  facet normal 0 0 -1
    outer loop
      vertex -30.5564 -45.7308 0
      vertex -27.8896 -41.7398 0
      vertex -25.9268 -48.5057 0
    endloop
  endfacet
  facet normal 0 0 -1
    outer loop
      vertex -30.5564 -45.7308 0
      vertex -31.8465 -38.8051 0
      vertex -27.8896 -41.7398 0
    endloop
  endfacet
  facet normal 0 0 -1
    outer loop
      vertex -34.8916 -42.5156 0
      vertex -31.8465 -38.8051 0
      vertex -30.5564 -45.7308 0
    endloop
  endfacet
  facet normal 0 0 -1
    outer loop
      vertex -35.9235 -41.5803 0
      vertex -31.8465 -38.8051 0
      vertex -34.8916 -42.5156 0
    endloop
  endfacet
  facet normal -0 0 -1
    outer loop
      vertex -31.8465 -38.8051 0
      vertex -35.9235 -41.5803 0
      vertex -35.4968 -35.4968 0
    endloop
  endfacet
  facet normal 0 0 -1
    outer loop
      vertex -41.5803 -35.9235 0
      vertex -35.4968 -35.4968 0
      vertex -35.9235 -41.5803 0
    endloop
  endfacet
  facet normal 0 0 -1
    outer loop
      vertex -41.5803 -35.9235 0
      vertex -35.9235 -41.5803 0
      vertex -39.598 -45.2548 0
    endloop
  endfacet
  facet normal -0 0 -1
    outer loop
      vertex -35.4968 -35.4968 0
      vertex -41.5803 -35.9235 0
      vertex -38.8051 -31.8465 0
    endloop
  endfacet
  facet normal 0 0 -1
    outer loop
      vertex -42.5156 -34.8916 0
      vertex -38.8051 -31.8465 0
      vertex -41.5803 -35.9235 0
    endloop
  endfacet
  facet normal -0 0 -1
    outer loop
      vertex -38.8051 -31.8465 0
      vertex -42.5156 -34.8916 0
      vertex -41.7398 -27.8896 0
    endloop
  endfacet
  facet normal 0 0 -1
    outer loop
      vertex -45.7308 -30.5564 0
      vertex -41.7398 -27.8896 0
      vertex -42.5156 -34.8916 0
    endloop
  endfacet
  facet normal -0 0 -1
    outer loop
      vertex -41.7398 -27.8896 0
      vertex -45.7308 -30.5564 0
      vertex -44.2724 -23.6641 0
    endloop
  endfacet
  facet normal 0 0 -1
    outer loop
      vertex -48.5057 -25.9268 0
      vertex -44.2724 -23.6641 0
      vertex -45.7308 -30.5564 0
    endloop
  endfacet
  facet normal -0 0 -1
    outer loop
      vertex -44.2724 -23.6641 0
      vertex -48.5057 -25.9268 0
      vertex -46.3788 -19.2107 0
    endloop
  endfacet
  facet normal 0 0 -1
    outer loop
      vertex -50.8134 -21.0476 0
      vertex -46.3788 -19.2107 0
      vertex -48.5057 -25.9268 0
    endloop
  endfacet
  facet normal -0 0 -1
    outer loop
      vertex -46.3788 -19.2107 0
      vertex -50.8134 -21.0476 0
      vertex -48.0384 -14.5723 0
    endloop
  endfacet
  facet normal 0 0 -1
    outer loop
      vertex -52.6317 -15.9657 0
      vertex -48.0384 -14.5723 0
      vertex -50.8134 -21.0476 0
    endloop
  endfacet
  facet normal 0 0 -1
    outer loop
      vertex -53.9432 -10.73 0
      vertex -49.2354 -9.79353 0
      vertex -52.6317 -15.9657 0
    endloop
  endfacet
  facet normal -0 0 -1
    outer loop
      vertex -48.0384 -14.5723 0
      vertex -52.6317 -15.9657 0
      vertex -49.2354 -9.79353 0
    endloop
  endfacet
  facet normal -0 0 -1
    outer loop
      vertex 45.2548 39.598 0
      vertex 41.5803 35.9235 0
      vertex 39.598 45.2548 0
    endloop
  endfacet
  facet normal 0 0 -1
    outer loop
      vertex -39.598 45.2548 0
      vertex -41.5803 35.9235 0
      vertex -45.2548 39.598 0
    endloop
  endfacet
  facet normal -0.595699 0.803208 0
    outer loop
      vertex -30.5564 45.7308 0
      vertex -34.8916 42.5156 4
      vertex -30.5564 45.7308 4
    endloop
  endfacet
  facet normal -0.595699 0.803208 0
    outer loop
      vertex -34.8916 42.5156 4
      vertex -30.5564 45.7308 0
      vertex -34.8916 42.5156 0
    endloop
  endfacet
  facet normal 0.242985 0.97003 -0
    outer loop
      vertex 15.9657 52.6317 0
      vertex 10.73 53.9432 4
      vertex 15.9657 52.6317 4
    endloop
  endfacet
  facet normal 0.242985 0.97003 0
    outer loop
      vertex 10.73 53.9432 4
      vertex 15.9657 52.6317 0
      vertex 10.73 53.9432 0
    endloop
  endfacet
  facet normal 0.998792 -0.0491406 0
    outer loop
      vertex 55 0 4
      vertex 54.9754 -0.5 3.8
      vertex 55 0 3.8
    endloop
  endfacet
  facet normal 0.998796 -0.0490552 0
    outer loop
      vertex 54.9754 -0.5 3.8
      vertex 54.8035 -4 3
      vertex 54.9754 -0.5 3
    endloop
  endfacet
  facet normal 0.998796 -0.0490603 -0.000201136
    outer loop
      vertex 54.7352 -5.39094 4
      vertex 54.9754 -0.5 3.8
      vertex 55 0 4
    endloop
  endfacet
  facet normal 0.998796 -0.0490526 -1.13864e-05
    outer loop
      vertex 54.9754 -0.5 3.8
      vertex 54.7352 -5.39094 4
      vertex 54.8035 -4 3
    endloop
  endfacet
  facet normal 0.998797 -0.0490444 0
    outer loop
      vertex 54.7352 -5.39094 0
      vertex 54.8035 -4 3
      vertex 54.7352 -5.39094 4
    endloop
  endfacet
  facet normal 0.998797 -0.0490444 0
    outer loop
      vertex 54.8035 -4 3
      vertex 54.7352 -5.39094 0
      vertex 54.8035 -4 0
    endloop
  endfacet
  facet normal -0.427557 0.903989 0
    outer loop
      vertex -21.0476 50.8134 0
      vertex -25.9268 48.5057 4
      vertex -21.0476 50.8134 4
    endloop
  endfacet
  facet normal -0.427557 0.903989 0
    outer loop
      vertex -25.9268 48.5057 4
      vertex -21.0476 50.8134 0
      vertex -25.9268 48.5057 0
    endloop
  endfacet
  facet normal -0.941546 -0.336884 0
    outer loop
      vertex -50.8134 -21.0476 0
      vertex -52.6317 -15.9657 4
      vertex -52.6317 -15.9657 0
    endloop
  endfacet
  facet normal -0.941546 -0.336884 0
    outer loop
      vertex -52.6317 -15.9657 4
      vertex -50.8134 -21.0476 0
      vertex -50.8134 -21.0476 4
    endloop
  endfacet
  facet normal 0.514106 0.857727 -0
    outer loop
      vertex 30.5564 45.7308 0
      vertex 25.9268 48.5057 4
      vertex 30.5564 45.7308 4
    endloop
  endfacet
  facet normal 0.514106 0.857727 0
    outer loop
      vertex 25.9268 48.5057 4
      vertex 30.5564 45.7308 0
      vertex 25.9268 48.5057 0
    endloop
  endfacet
  facet normal 0.595699 0.803208 -0
    outer loop
      vertex 34.8916 42.5156 0
      vertex 30.5564 45.7308 4
      vertex 34.8916 42.5156 4
    endloop
  endfacet
  facet normal 0.595699 0.803208 0
    outer loop
      vertex 30.5564 45.7308 4
      vertex 34.8916 42.5156 0
      vertex 30.5564 45.7308 0
    endloop
  endfacet
  facet normal 0.146735 -0.989176 0
    outer loop
      vertex 5.39094 -54.7352 0
      vertex 10.73 -53.9432 4
      vertex 5.39094 -54.7352 4
    endloop
  endfacet
  facet normal 0.146735 -0.989176 0
    outer loop
      vertex 10.73 -53.9432 4
      vertex 5.39094 -54.7352 0
      vertex 10.73 -53.9432 0
    endloop
  endfacet
  facet normal 0.740937 -0.671575 0
    outer loop
      vertex 42.5156 -34.8916 4
      vertex 41.5803 -35.9235 3
      vertex 42.5156 -34.8916 0
    endloop
  endfacet
  facet normal 0.740962 -0.671547 -5.18302e-05
    outer loop
      vertex 42.5156 -34.8916 4
      vertex 39.2271 -38.52 3.8
      vertex 41.5803 -35.9235 3
    endloop
  endfacet
  facet normal 0.740956 -0.671553 0.000151395
    outer loop
      vertex 38.8909 -38.8909 4
      vertex 39.2271 -38.52 3.8
      vertex 42.5156 -34.8916 4
    endloop
  endfacet
  facet normal 0.740916 -0.671598 0
    outer loop
      vertex 39.2271 -38.52 3.8
      vertex 38.8909 -38.8909 4
      vertex 38.8909 -38.8909 3.8
    endloop
  endfacet
  facet normal 0.740937 -0.671575 0
    outer loop
      vertex 42.5156 -34.8916 0
      vertex 41.5803 -35.9235 3
      vertex 41.5803 -35.9235 0
    endloop
  endfacet
  facet normal 0.74097 -0.671539 0
    outer loop
      vertex 41.5803 -35.9235 3
      vertex 39.2271 -38.52 3.8
      vertex 39.2271 -38.52 3
    endloop
  endfacet
  facet normal 0.803208 -0.595699 0
    outer loop
      vertex 42.5156 -34.8916 4
      vertex 45.7308 -30.5564 0
      vertex 45.7308 -30.5564 4
    endloop
  endfacet
  facet normal 0.803208 -0.595699 0
    outer loop
      vertex 45.7308 -30.5564 0
      vertex 42.5156 -34.8916 4
      vertex 42.5156 -34.8916 0
    endloop
  endfacet
  facet normal 0.242985 -0.97003 0
    outer loop
      vertex 10.73 -53.9432 0
      vertex 15.9657 -52.6317 4
      vertex 10.73 -53.9432 4
    endloop
  endfacet
  facet normal 0.242985 -0.97003 0
    outer loop
      vertex 15.9657 -52.6317 4
      vertex 10.73 -53.9432 0
      vertex 15.9657 -52.6317 0
    endloop
  endfacet
  facet normal 0.941546 -0.336884 0
    outer loop
      vertex 50.8134 -21.0476 4
      vertex 52.6317 -15.9657 0
      vertex 52.6317 -15.9657 4
    endloop
  endfacet
  facet normal 0.941546 -0.336884 0
    outer loop
      vertex 52.6317 -15.9657 0
      vertex 50.8134 -21.0476 4
      vertex 50.8134 -21.0476 0
    endloop
  endfacet
  facet normal -0.242985 0.97003 0
    outer loop
      vertex -10.73 53.9432 0
      vertex -15.9657 52.6317 4
      vertex -10.73 53.9432 4
    endloop
  endfacet
  facet normal -0.242985 0.97003 0
    outer loop
      vertex -15.9657 52.6317 4
      vertex -10.73 53.9432 0
      vertex -15.9657 52.6317 0
    endloop
  endfacet
  facet normal -0.903989 -0.427557 0
    outer loop
      vertex -48.5057 -25.9268 0
      vertex -50.8134 -21.0476 4
      vertex -50.8134 -21.0476 0
    endloop
  endfacet
  facet normal -0.903989 -0.427557 0
    outer loop
      vertex -50.8134 -21.0476 4
      vertex -48.5057 -25.9268 0
      vertex -48.5057 -25.9268 4
    endloop
  endfacet
  facet normal -0.989176 0.146735 0
    outer loop
      vertex -54.7352 5.39094 0
      vertex -53.9432 10.73 4
      vertex -53.9432 10.73 0
    endloop
  endfacet
  facet normal -0.989176 0.146735 0
    outer loop
      vertex -53.9432 10.73 4
      vertex -54.7352 5.39094 0
      vertex -54.7352 5.39094 4
    endloop
  endfacet
  facet normal 0.427557 0.903989 -0
    outer loop
      vertex 25.9268 48.5057 0
      vertex 21.0476 50.8134 4
      vertex 25.9268 48.5057 4
    endloop
  endfacet
  facet normal 0.427557 0.903989 0
    outer loop
      vertex 21.0476 50.8134 4
      vertex 25.9268 48.5057 0
      vertex 21.0476 50.8134 0
    endloop
  endfacet
  facet normal -0.740937 -0.671575 -0
    outer loop
      vertex -41.5803 -35.9235 3
      vertex -42.5156 -34.8916 0
      vertex -41.5803 -35.9235 0
    endloop
  endfacet
  facet normal -0.740937 -0.671575 0
    outer loop
      vertex -42.5156 -34.8916 0
      vertex -41.5803 -35.9235 3
      vertex -42.5156 -34.8916 4
    endloop
  endfacet
  facet normal -0.74097 -0.671539 -0
    outer loop
      vertex -39.2271 -38.52 3.8
      vertex -41.5803 -35.9235 3
      vertex -39.2271 -38.52 3
    endloop
  endfacet
  facet normal -0.740962 -0.671547 -5.18302e-05
    outer loop
      vertex -41.5803 -35.9235 3
      vertex -39.2271 -38.52 3.8
      vertex -42.5156 -34.8916 4
    endloop
  endfacet
  facet normal -0.740916 -0.671598 -0
    outer loop
      vertex -38.8909 -38.8909 4
      vertex -39.2271 -38.52 3.8
      vertex -38.8909 -38.8909 3.8
    endloop
  endfacet
  facet normal -0.740956 -0.671553 0.000151395
    outer loop
      vertex -39.2271 -38.52 3.8
      vertex -38.8909 -38.8909 4
      vertex -42.5156 -34.8916 4
    endloop
  endfacet
  facet normal -0.857727 -0.514106 0
    outer loop
      vertex -45.7308 -30.5564 0
      vertex -48.5057 -25.9268 4
      vertex -48.5057 -25.9268 0
    endloop
  endfacet
  facet normal -0.857727 -0.514106 0
    outer loop
      vertex -48.5057 -25.9268 4
      vertex -45.7308 -30.5564 0
      vertex -45.7308 -30.5564 4
    endloop
  endfacet
  facet normal -0.336884 0.941546 0
    outer loop
      vertex -15.9657 52.6317 0
      vertex -21.0476 50.8134 4
      vertex -15.9657 52.6317 4
    endloop
  endfacet
  facet normal -0.336884 0.941546 0
    outer loop
      vertex -21.0476 50.8134 4
      vertex -15.9657 52.6317 0
      vertex -21.0476 50.8134 0
    endloop
  endfacet
  facet normal -0.514106 -0.857727 0
    outer loop
      vertex -30.5564 -45.7308 0
      vertex -25.9268 -48.5057 4
      vertex -30.5564 -45.7308 4
    endloop
  endfacet
  facet normal -0.514106 -0.857727 -0
    outer loop
      vertex -25.9268 -48.5057 4
      vertex -30.5564 -45.7308 0
      vertex -25.9268 -48.5057 0
    endloop
  endfacet
  facet normal -0.941546 0.336884 0
    outer loop
      vertex -52.6317 15.9657 0
      vertex -50.8134 21.0476 4
      vertex -50.8134 21.0476 0
    endloop
  endfacet
  facet normal -0.941546 0.336884 0
    outer loop
      vertex -50.8134 21.0476 4
      vertex -52.6317 15.9657 0
      vertex -52.6317 15.9657 4
    endloop
  endfacet
  facet normal 0.595699 -0.803208 0
    outer loop
      vertex 30.5564 -45.7308 0
      vertex 34.8916 -42.5156 4
      vertex 30.5564 -45.7308 4
    endloop
  endfacet
  facet normal 0.595699 -0.803208 0
    outer loop
      vertex 34.8916 -42.5156 4
      vertex 30.5564 -45.7308 0
      vertex 34.8916 -42.5156 0
    endloop
  endfacet
  facet normal 0.740916 0.671598 0
    outer loop
      vertex 38.8909 38.8909 4
      vertex 39.2271 38.52 3.8
      vertex 38.8909 38.8909 3.8
    endloop
  endfacet
  facet normal 0.74097 0.671539 0
    outer loop
      vertex 39.2271 38.52 3.8
      vertex 41.5803 35.9235 3
      vertex 39.2271 38.52 3
    endloop
  endfacet
  facet normal 0.740956 0.671553 0.000151395
    outer loop
      vertex 42.5156 34.8916 4
      vertex 39.2271 38.52 3.8
      vertex 38.8909 38.8909 4
    endloop
  endfacet
  facet normal 0.740962 0.671547 -5.18302e-05
    outer loop
      vertex 39.2271 38.52 3.8
      vertex 42.5156 34.8916 4
      vertex 41.5803 35.9235 3
    endloop
  endfacet
  facet normal 0.740937 0.671575 -0
    outer loop
      vertex 42.5156 34.8916 0
      vertex 41.5803 35.9235 3
      vertex 42.5156 34.8916 4
    endloop
  endfacet
  facet normal 0.740937 0.671575 0
    outer loop
      vertex 41.5803 35.9235 3
      vertex 42.5156 34.8916 0
      vertex 41.5803 35.9235 0
    endloop
  endfacet
  facet normal -0.803208 -0.595699 0
    outer loop
      vertex -42.5156 -34.8916 0
      vertex -45.7308 -30.5564 4
      vertex -45.7308 -30.5564 0
    endloop
  endfacet
  facet normal -0.803208 -0.595699 0
    outer loop
      vertex -45.7308 -30.5564 4
      vertex -42.5156 -34.8916 0
      vertex -42.5156 -34.8916 4
    endloop
  endfacet
  facet normal -0.514106 0.857727 0
    outer loop
      vertex -25.9268 48.5057 0
      vertex -30.5564 45.7308 4
      vertex -25.9268 48.5057 4
    endloop
  endfacet
  facet normal -0.514106 0.857727 0
    outer loop
      vertex -30.5564 45.7308 4
      vertex -25.9268 48.5057 0
      vertex -30.5564 45.7308 0
    endloop
  endfacet
  facet normal -0.989176 -0.146735 0
    outer loop
      vertex -53.9432 -10.73 0
      vertex -54.7352 -5.39094 4
      vertex -54.7352 -5.39094 0
    endloop
  endfacet
  facet normal -0.989176 -0.146735 0
    outer loop
      vertex -54.7352 -5.39094 4
      vertex -53.9432 -10.73 0
      vertex -53.9432 -10.73 4
    endloop
  endfacet
  facet normal -0.903989 0.427557 0
    outer loop
      vertex -50.8134 21.0476 0
      vertex -48.5057 25.9268 4
      vertex -48.5057 25.9268 0
    endloop
  endfacet
  facet normal -0.903989 0.427557 0
    outer loop
      vertex -48.5057 25.9268 4
      vertex -50.8134 21.0476 0
      vertex -50.8134 21.0476 4
    endloop
  endfacet
  facet normal 0.514106 -0.857727 0
    outer loop
      vertex 25.9268 -48.5057 0
      vertex 30.5564 -45.7308 4
      vertex 25.9268 -48.5057 4
    endloop
  endfacet
  facet normal 0.514106 -0.857727 0
    outer loop
      vertex 30.5564 -45.7308 4
      vertex 25.9268 -48.5057 0
      vertex 30.5564 -45.7308 0
    endloop
  endfacet
  facet normal -0.671598 -0.740916 0
    outer loop
      vertex -38.52 -39.2271 3.8
      vertex -38.8909 -38.8909 4
      vertex -38.8909 -38.8909 3.8
    endloop
  endfacet
  facet normal -0.671553 -0.740956 0.000151395
    outer loop
      vertex -38.8909 -38.8909 4
      vertex -38.52 -39.2271 3.8
      vertex -34.8916 -42.5156 4
    endloop
  endfacet
  facet normal -0.671539 -0.74097 0
    outer loop
      vertex -35.9235 -41.5803 3
      vertex -38.52 -39.2271 3.8
      vertex -38.52 -39.2271 3
    endloop
  endfacet
  facet normal -0.671547 -0.740962 -5.18302e-05
    outer loop
      vertex -38.52 -39.2271 3.8
      vertex -35.9235 -41.5803 3
      vertex -34.8916 -42.5156 4
    endloop
  endfacet
  facet normal -0.671575 -0.740937 0
    outer loop
      vertex -34.8916 -42.5156 0
      vertex -35.9235 -41.5803 3
      vertex -35.9235 -41.5803 0
    endloop
  endfacet
  facet normal -0.671575 -0.740937 0
    outer loop
      vertex -35.9235 -41.5803 3
      vertex -34.8916 -42.5156 0
      vertex -34.8916 -42.5156 4
    endloop
  endfacet
  facet normal -0.803208 0.595699 0
    outer loop
      vertex -45.7308 30.5564 0
      vertex -42.5156 34.8916 4
      vertex -42.5156 34.8916 0
    endloop
  endfacet
  facet normal -0.803208 0.595699 0
    outer loop
      vertex -42.5156 34.8916 4
      vertex -45.7308 30.5564 0
      vertex -45.7308 30.5564 4
    endloop
  endfacet
  facet normal -0.0490603 -0.998796 -0.000201136
    outer loop
      vertex -5.39094 -54.7352 4
      vertex -0.5 -54.9754 3.8
      vertex 0 -55 4
    endloop
  endfacet
  facet normal -0.0490526 -0.998796 -1.13864e-05
    outer loop
      vertex -5.39094 -54.7352 4
      vertex -4 -54.8035 3
      vertex -0.5 -54.9754 3.8
    endloop
  endfacet
  facet normal -0.0490444 -0.998797 0
    outer loop
      vertex -5.39094 -54.7352 0
      vertex -4 -54.8035 3
      vertex -5.39094 -54.7352 4
    endloop
  endfacet
  facet normal -0.0490444 -0.998797 -0
    outer loop
      vertex -4 -54.8035 3
      vertex -5.39094 -54.7352 0
      vertex -4 -54.8035 0
    endloop
  endfacet
  facet normal -0.0491406 -0.998792 -0
    outer loop
      vertex 0 -55 4
      vertex -0.5 -54.9754 3.8
      vertex 0 -55 3.8
    endloop
  endfacet
  facet normal -0.0490552 -0.998796 -0
    outer loop
      vertex -0.5 -54.9754 3.8
      vertex -4 -54.8035 3
      vertex -0.5 -54.9754 3
    endloop
  endfacet
  facet normal 0 0 1
    outer loop
      vertex 50.2 0 4
      vertex 55 0 4
      vertex 54.7352 5.39094 4
    endloop
  endfacet
  facet normal 0 0 1
    outer loop
      vertex 49.9583 4.92046 4
      vertex 54.7352 5.39094 4
      vertex 53.9432 10.73 4
    endloop
  endfacet
  facet normal 0 0 1
    outer loop
      vertex 55 0 4
      vertex 50.2 0 4
      vertex 54.7352 -5.39094 4
    endloop
  endfacet
  facet normal 0 0 1
    outer loop
      vertex 49.2354 9.79353 4
      vertex 53.9432 10.73 4
      vertex 52.6317 15.9657 4
    endloop
  endfacet
  facet normal -0 0 1
    outer loop
      vertex 49.9583 -4.92046 4
      vertex 54.7352 -5.39094 4
      vertex 50.2 0 4
    endloop
  endfacet
  facet normal 0 0 1
    outer loop
      vertex 48.0384 14.5723 4
      vertex 52.6317 15.9657 4
      vertex 50.8134 21.0476 4
    endloop
  endfacet
  facet normal 0 0 1
    outer loop
      vertex 54.7352 -5.39094 4
      vertex 49.9583 -4.92046 4
      vertex 53.9432 -10.73 4
    endloop
  endfacet
  facet normal -0 0 1
    outer loop
      vertex 49.2354 -9.79353 4
      vertex 53.9432 -10.73 4
      vertex 49.9583 -4.92046 4
    endloop
  endfacet
  facet normal 0 0 1
    outer loop
      vertex 54.7352 5.39094 4
      vertex 49.9583 4.92046 4
      vertex 50.2 0 4
    endloop
  endfacet
  facet normal 0 0 1
    outer loop
      vertex 53.9432 10.73 4
      vertex 49.2354 9.79353 4
      vertex 49.9583 4.92046 4
    endloop
  endfacet
  facet normal 0 0 1
    outer loop
      vertex 46.3788 19.2107 4
      vertex 50.8134 21.0476 4
      vertex 48.5057 25.9268 4
    endloop
  endfacet
  facet normal 0 0 1
    outer loop
      vertex 52.6317 15.9657 4
      vertex 48.0384 14.5723 4
      vertex 49.2354 9.79353 4
    endloop
  endfacet
  facet normal 0 0 1
    outer loop
      vertex 50.8134 21.0476 4
      vertex 46.3788 19.2107 4
      vertex 48.0384 14.5723 4
    endloop
  endfacet
  facet normal 0 0 1
    outer loop
      vertex 44.2724 23.6641 4
      vertex 48.5057 25.9268 4
      vertex 45.7308 30.5564 4
    endloop
  endfacet
  facet normal 0 0 1
    outer loop
      vertex 48.5057 25.9268 4
      vertex 44.2724 23.6641 4
      vertex 46.3788 19.2107 4
    endloop
  endfacet
  facet normal 0 0 1
    outer loop
      vertex 41.7398 27.8896 4
      vertex 45.7308 30.5564 4
      vertex 42.5156 34.8916 4
    endloop
  endfacet
  facet normal 0 0 1
    outer loop
      vertex 45.7308 30.5564 4
      vertex 41.7398 27.8896 4
      vertex 44.2724 23.6641 4
    endloop
  endfacet
  facet normal 0 0 1
    outer loop
      vertex 38.8051 31.8465 4
      vertex 42.5156 34.8916 4
      vertex 38.8909 38.8909 4
    endloop
  endfacet
  facet normal 0 0 1
    outer loop
      vertex 42.5156 34.8916 4
      vertex 38.8051 31.8465 4
      vertex 41.7398 27.8896 4
    endloop
  endfacet
  facet normal 0 0 1
    outer loop
      vertex 38.8909 38.8909 4
      vertex 35.4968 35.4968 4
      vertex 38.8051 31.8465 4
    endloop
  endfacet
  facet normal 0 0 1
    outer loop
      vertex 34.8916 42.5156 4
      vertex 35.4968 35.4968 4
      vertex 38.8909 38.8909 4
    endloop
  endfacet
  facet normal 0 0 1
    outer loop
      vertex 34.8916 42.5156 4
      vertex 31.8465 38.8051 4
      vertex 35.4968 35.4968 4
    endloop
  endfacet
  facet normal 0 0 1
    outer loop
      vertex 30.5564 45.7308 4
      vertex 31.8465 38.8051 4
      vertex 34.8916 42.5156 4
    endloop
  endfacet
  facet normal 0 0 1
    outer loop
      vertex 30.5564 45.7308 4
      vertex 27.8896 41.7398 4
      vertex 31.8465 38.8051 4
    endloop
  endfacet
  facet normal 0 0 1
    outer loop
      vertex 25.9268 48.5057 4
      vertex 27.8896 41.7398 4
      vertex 30.5564 45.7308 4
    endloop
  endfacet
  facet normal 0 0 1
    outer loop
      vertex 25.9268 48.5057 4
      vertex 23.6641 44.2724 4
      vertex 27.8896 41.7398 4
    endloop
  endfacet
  facet normal 0 0 1
    outer loop
      vertex 21.0476 50.8134 4
      vertex 23.6641 44.2724 4
      vertex 25.9268 48.5057 4
    endloop
  endfacet
  facet normal 0 0 1
    outer loop
      vertex 21.0476 50.8134 4
      vertex 19.2107 46.3788 4
      vertex 23.6641 44.2724 4
    endloop
  endfacet
  facet normal 0 0 1
    outer loop
      vertex 15.9657 52.6317 4
      vertex 19.2107 46.3788 4
      vertex 21.0476 50.8134 4
    endloop
  endfacet
  facet normal 0 0 1
    outer loop
      vertex 15.9657 52.6317 4
      vertex 14.5723 48.0384 4
      vertex 19.2107 46.3788 4
    endloop
  endfacet
  facet normal 0 0 1
    outer loop
      vertex 10.73 53.9432 4
      vertex 14.5723 48.0384 4
      vertex 15.9657 52.6317 4
    endloop
  endfacet
  facet normal 0 0 1
    outer loop
      vertex 10.73 53.9432 4
      vertex 9.79353 49.2354 4
      vertex 14.5723 48.0384 4
    endloop
  endfacet
  facet normal 0 0 1
    outer loop
      vertex 5.39094 54.7352 4
      vertex 9.79353 49.2354 4
      vertex 10.73 53.9432 4
    endloop
  endfacet
  facet normal 0 0 1
    outer loop
      vertex 5.39094 54.7352 4
      vertex 4.92046 49.9583 4
      vertex 9.79353 49.2354 4
    endloop
  endfacet
  facet normal 0 0 1
    outer loop
      vertex 0 55 4
      vertex 4.92046 49.9583 4
      vertex 5.39094 54.7352 4
    endloop
  endfacet
  facet normal 0 0 1
    outer loop
      vertex 0 55 4
      vertex 0 50.2 4
      vertex 4.92046 49.9583 4
    endloop
  endfacet
  facet normal 0 0 1
    outer loop
      vertex 0 55 4
      vertex -4.92046 49.9583 4
      vertex 0 50.2 4
    endloop
  endfacet
  facet normal -0 0 1
    outer loop
      vertex -5.39094 54.7352 4
      vertex -4.92046 49.9583 4
      vertex 0 55 4
    endloop
  endfacet
  facet normal 0 0 1
    outer loop
      vertex -5.39094 54.7352 4
      vertex -9.79353 49.2354 4
      vertex -4.92046 49.9583 4
    endloop
  endfacet
  facet normal -0 0 1
    outer loop
      vertex -10.73 53.9432 4
      vertex -9.79353 49.2354 4
      vertex -5.39094 54.7352 4
    endloop
  endfacet
  facet normal 0 0 1
    outer loop
      vertex -10.73 53.9432 4
      vertex -14.5723 48.0384 4
      vertex -9.79353 49.2354 4
    endloop
  endfacet
  facet normal -0 0 1
    outer loop
      vertex -15.9657 52.6317 4
      vertex -14.5723 48.0384 4
      vertex -10.73 53.9432 4
    endloop
  endfacet
  facet normal 0 0 1
    outer loop
      vertex -15.9657 52.6317 4
      vertex -19.2107 46.3788 4
      vertex -14.5723 48.0384 4
    endloop
  endfacet
  facet normal -0 0 1
    outer loop
      vertex -21.0476 50.8134 4
      vertex -19.2107 46.3788 4
      vertex -15.9657 52.6317 4
    endloop
  endfacet
  facet normal 0 0 1
    outer loop
      vertex -21.0476 50.8134 4
      vertex -23.6641 44.2724 4
      vertex -19.2107 46.3788 4
    endloop
  endfacet
  facet normal -0 0 1
    outer loop
      vertex -25.9268 48.5057 4
      vertex -23.6641 44.2724 4
      vertex -21.0476 50.8134 4
    endloop
  endfacet
  facet normal 0 0 1
    outer loop
      vertex -25.9268 48.5057 4
      vertex -27.8896 41.7398 4
      vertex -23.6641 44.2724 4
    endloop
  endfacet
  facet normal -0 0 1
    outer loop
      vertex -30.5564 45.7308 4
      vertex -27.8896 41.7398 4
      vertex -25.9268 48.5057 4
    endloop
  endfacet
  facet normal 0 0 1
    outer loop
      vertex -30.5564 45.7308 4
      vertex -31.8465 38.8051 4
      vertex -27.8896 41.7398 4
    endloop
  endfacet
  facet normal -0 0 1
    outer loop
      vertex -34.8916 42.5156 4
      vertex -31.8465 38.8051 4
      vertex -30.5564 45.7308 4
    endloop
  endfacet
  facet normal 0 0 1
    outer loop
      vertex -34.8916 42.5156 4
      vertex -35.4968 35.4968 4
      vertex -31.8465 38.8051 4
    endloop
  endfacet
  facet normal -0 0 1
    outer loop
      vertex -38.8909 38.8909 4
      vertex -35.4968 35.4968 4
      vertex -34.8916 42.5156 4
    endloop
  endfacet
  facet normal 0 0 1
    outer loop
      vertex -35.4968 35.4968 4
      vertex -38.8909 38.8909 4
      vertex -38.8051 31.8465 4
    endloop
  endfacet
  facet normal -0 0 1
    outer loop
      vertex -42.5156 34.8916 4
      vertex -38.8051 31.8465 4
      vertex -38.8909 38.8909 4
    endloop
  endfacet
  facet normal 0 0 1
    outer loop
      vertex -38.8051 31.8465 4
      vertex -42.5156 34.8916 4
      vertex -41.7398 27.8896 4
    endloop
  endfacet
  facet normal -0 0 1
    outer loop
      vertex -45.7308 30.5564 4
      vertex -41.7398 27.8896 4
      vertex -42.5156 34.8916 4
    endloop
  endfacet
  facet normal 0 0 1
    outer loop
      vertex -41.7398 27.8896 4
      vertex -45.7308 30.5564 4
      vertex -44.2724 23.6641 4
    endloop
  endfacet
  facet normal -0 0 1
    outer loop
      vertex -48.5057 25.9268 4
      vertex -44.2724 23.6641 4
      vertex -45.7308 30.5564 4
    endloop
  endfacet
  facet normal 0 0 1
    outer loop
      vertex -44.2724 23.6641 4
      vertex -48.5057 25.9268 4
      vertex -46.3788 19.2107 4
    endloop
  endfacet
  facet normal -0 0 1
    outer loop
      vertex -50.8134 21.0476 4
      vertex -46.3788 19.2107 4
      vertex -48.5057 25.9268 4
    endloop
  endfacet
  facet normal 0 0 1
    outer loop
      vertex -46.3788 19.2107 4
      vertex -50.8134 21.0476 4
      vertex -48.0384 14.5723 4
    endloop
  endfacet
  facet normal -0 0 1
    outer loop
      vertex -52.6317 15.9657 4
      vertex -48.0384 14.5723 4
      vertex -50.8134 21.0476 4
    endloop
  endfacet
  facet normal -0 0 1
    outer loop
      vertex -53.9432 10.73 4
      vertex -49.2354 9.79353 4
      vertex -52.6317 15.9657 4
    endloop
  endfacet
  facet normal 0 0 1
    outer loop
      vertex -48.0384 14.5723 4
      vertex -52.6317 15.9657 4
      vertex -49.2354 9.79353 4
    endloop
  endfacet
  facet normal 0 0 1
    outer loop
      vertex 53.9432 -10.73 4
      vertex 49.2354 -9.79353 4
      vertex 52.6317 -15.9657 4
    endloop
  endfacet
  facet normal -0 0 1
    outer loop
      vertex 48.0384 -14.5723 4
      vertex 52.6317 -15.9657 4
      vertex 49.2354 -9.79353 4
    endloop
  endfacet
  facet normal 0 0 1
    outer loop
      vertex 52.6317 -15.9657 4
      vertex 48.0384 -14.5723 4
      vertex 50.8134 -21.0476 4
    endloop
  endfacet
  facet normal -0 0 1
    outer loop
      vertex 46.3788 -19.2107 4
      vertex 50.8134 -21.0476 4
      vertex 48.0384 -14.5723 4
    endloop
  endfacet
  facet normal 0 0 1
    outer loop
      vertex 50.8134 -21.0476 4
      vertex 46.3788 -19.2107 4
      vertex 48.5057 -25.9268 4
    endloop
  endfacet
  facet normal -0 0 1
    outer loop
      vertex 44.2724 -23.6641 4
      vertex 48.5057 -25.9268 4
      vertex 46.3788 -19.2107 4
    endloop
  endfacet
  facet normal 0 0 1
    outer loop
      vertex 48.5057 -25.9268 4
      vertex 44.2724 -23.6641 4
      vertex 45.7308 -30.5564 4
    endloop
  endfacet
  facet normal -0 0 1
    outer loop
      vertex 41.7398 -27.8896 4
      vertex 45.7308 -30.5564 4
      vertex 44.2724 -23.6641 4
    endloop
  endfacet
  facet normal 0 0 1
    outer loop
      vertex 45.7308 -30.5564 4
      vertex 41.7398 -27.8896 4
      vertex 42.5156 -34.8916 4
    endloop
  endfacet
  facet normal -0 0 1
    outer loop
      vertex 38.8051 -31.8465 4
      vertex 42.5156 -34.8916 4
      vertex 41.7398 -27.8896 4
    endloop
  endfacet
  facet normal 0 0 1
    outer loop
      vertex 42.5156 -34.8916 4
      vertex 38.8051 -31.8465 4
      vertex 38.8909 -38.8909 4
    endloop
  endfacet
  facet normal -0 0 1
    outer loop
      vertex 35.4968 -35.4968 4
      vertex 38.8909 -38.8909 4
      vertex 38.8051 -31.8465 4
    endloop
  endfacet
  facet normal 0 0 1
    outer loop
      vertex 35.4968 -35.4968 4
      vertex 34.8916 -42.5156 4
      vertex 38.8909 -38.8909 4
    endloop
  endfacet
  facet normal -0 0 1
    outer loop
      vertex 31.8465 -38.8051 4
      vertex 34.8916 -42.5156 4
      vertex 35.4968 -35.4968 4
    endloop
  endfacet
  facet normal 0 0 1
    outer loop
      vertex 31.8465 -38.8051 4
      vertex 30.5564 -45.7308 4
      vertex 34.8916 -42.5156 4
    endloop
  endfacet
  facet normal -0 0 1
    outer loop
      vertex 27.8896 -41.7398 4
      vertex 30.5564 -45.7308 4
      vertex 31.8465 -38.8051 4
    endloop
  endfacet
  facet normal 0 0 1
    outer loop
      vertex 27.8896 -41.7398 4
      vertex 25.9268 -48.5057 4
      vertex 30.5564 -45.7308 4
    endloop
  endfacet
  facet normal -0 0 1
    outer loop
      vertex 23.6641 -44.2724 4
      vertex 25.9268 -48.5057 4
      vertex 27.8896 -41.7398 4
    endloop
  endfacet
  facet normal 0 0 1
    outer loop
      vertex 23.6641 -44.2724 4
      vertex 21.0476 -50.8134 4
      vertex 25.9268 -48.5057 4
    endloop
  endfacet
  facet normal -0 0 1
    outer loop
      vertex 19.2107 -46.3788 4
      vertex 21.0476 -50.8134 4
      vertex 23.6641 -44.2724 4
    endloop
  endfacet
  facet normal 0 0 1
    outer loop
      vertex 19.2107 -46.3788 4
      vertex 15.9657 -52.6317 4
      vertex 21.0476 -50.8134 4
    endloop
  endfacet
  facet normal -0 0 1
    outer loop
      vertex 14.5723 -48.0384 4
      vertex 15.9657 -52.6317 4
      vertex 19.2107 -46.3788 4
    endloop
  endfacet
  facet normal 0 0 1
    outer loop
      vertex 14.5723 -48.0384 4
      vertex 10.73 -53.9432 4
      vertex 15.9657 -52.6317 4
    endloop
  endfacet
  facet normal -0 0 1
    outer loop
      vertex 9.79353 -49.2354 4
      vertex 10.73 -53.9432 4
      vertex 14.5723 -48.0384 4
    endloop
  endfacet
  facet normal 0 0 1
    outer loop
      vertex 9.79353 -49.2354 4
      vertex 5.39094 -54.7352 4
      vertex 10.73 -53.9432 4
    endloop
  endfacet
  facet normal -0 0 1
    outer loop
      vertex 4.92046 -49.9583 4
      vertex 5.39094 -54.7352 4
      vertex 9.79353 -49.2354 4
    endloop
  endfacet
  facet normal -0 0 1
    outer loop
      vertex 0 -50.2 4
      vertex 5.39094 -54.7352 4
      vertex 4.92046 -49.9583 4
    endloop
  endfacet
  facet normal 0 0 1
    outer loop
      vertex 0 -50.2 4
      vertex 0 -55 4
      vertex 5.39094 -54.7352 4
    endloop
  endfacet
  facet normal 0 0 1
    outer loop
      vertex -4.92046 -49.9583 4
      vertex 0 -55 4
      vertex 0 -50.2 4
    endloop
  endfacet
  facet normal 0 0 1
    outer loop
      vertex -4.92046 -49.9583 4
      vertex -5.39094 -54.7352 4
      vertex 0 -55 4
    endloop
  endfacet
  facet normal 0 0 1
    outer loop
      vertex -9.79353 -49.2354 4
      vertex -5.39094 -54.7352 4
      vertex -4.92046 -49.9583 4
    endloop
  endfacet
  facet normal 0 0 1
    outer loop
      vertex -9.79353 -49.2354 4
      vertex -10.73 -53.9432 4
      vertex -5.39094 -54.7352 4
    endloop
  endfacet
  facet normal 0 0 1
    outer loop
      vertex -14.5723 -48.0384 4
      vertex -10.73 -53.9432 4
      vertex -9.79353 -49.2354 4
    endloop
  endfacet
  facet normal 0 0 1
    outer loop
      vertex -14.5723 -48.0384 4
      vertex -15.9657 -52.6317 4
      vertex -10.73 -53.9432 4
    endloop
  endfacet
  facet normal 0 0 1
    outer loop
      vertex -19.2107 -46.3788 4
      vertex -15.9657 -52.6317 4
      vertex -14.5723 -48.0384 4
    endloop
  endfacet
  facet normal 0 0 1
    outer loop
      vertex -19.2107 -46.3788 4
      vertex -21.0476 -50.8134 4
      vertex -15.9657 -52.6317 4
    endloop
  endfacet
  facet normal 0 0 1
    outer loop
      vertex -23.6641 -44.2724 4
      vertex -21.0476 -50.8134 4
      vertex -19.2107 -46.3788 4
    endloop
  endfacet
  facet normal 0 0 1
    outer loop
      vertex -23.6641 -44.2724 4
      vertex -25.9268 -48.5057 4
      vertex -21.0476 -50.8134 4
    endloop
  endfacet
  facet normal 0 0 1
    outer loop
      vertex -27.8896 -41.7398 4
      vertex -25.9268 -48.5057 4
      vertex -23.6641 -44.2724 4
    endloop
  endfacet
  facet normal 0 0 1
    outer loop
      vertex -27.8896 -41.7398 4
      vertex -30.5564 -45.7308 4
      vertex -25.9268 -48.5057 4
    endloop
  endfacet
  facet normal 0 0 1
    outer loop
      vertex -31.8465 -38.8051 4
      vertex -30.5564 -45.7308 4
      vertex -27.8896 -41.7398 4
    endloop
  endfacet
  facet normal 0 0 1
    outer loop
      vertex -31.8465 -38.8051 4
      vertex -34.8916 -42.5156 4
      vertex -30.5564 -45.7308 4
    endloop
  endfacet
  facet normal 0 0 1
    outer loop
      vertex -35.4968 -35.4968 4
      vertex -34.8916 -42.5156 4
      vertex -31.8465 -38.8051 4
    endloop
  endfacet
  facet normal 0 0 1
    outer loop
      vertex -38.8909 -38.8909 4
      vertex -35.4968 -35.4968 4
      vertex -38.8051 -31.8465 4
    endloop
  endfacet
  facet normal 0 0 1
    outer loop
      vertex -35.4968 -35.4968 4
      vertex -38.8909 -38.8909 4
      vertex -34.8916 -42.5156 4
    endloop
  endfacet
  facet normal 0 0 1
    outer loop
      vertex -42.5156 -34.8916 4
      vertex -38.8051 -31.8465 4
      vertex -41.7398 -27.8896 4
    endloop
  endfacet
  facet normal 0 0 1
    outer loop
      vertex -38.8051 -31.8465 4
      vertex -42.5156 -34.8916 4
      vertex -38.8909 -38.8909 4
    endloop
  endfacet
  facet normal 0 0 1
    outer loop
      vertex -45.7308 -30.5564 4
      vertex -41.7398 -27.8896 4
      vertex -44.2724 -23.6641 4
    endloop
  endfacet
  facet normal 0 0 1
    outer loop
      vertex -41.7398 -27.8896 4
      vertex -45.7308 -30.5564 4
      vertex -42.5156 -34.8916 4
    endloop
  endfacet
  facet normal 0 0 1
    outer loop
      vertex -48.5057 -25.9268 4
      vertex -44.2724 -23.6641 4
      vertex -46.3788 -19.2107 4
    endloop
  endfacet
  facet normal 0 0 1
    outer loop
      vertex -50.8134 -21.0476 4
      vertex -46.3788 -19.2107 4
      vertex -48.0384 -14.5723 4
    endloop
  endfacet
  facet normal 0 0 1
    outer loop
      vertex -44.2724 -23.6641 4
      vertex -48.5057 -25.9268 4
      vertex -45.7308 -30.5564 4
    endloop
  endfacet
  facet normal 0 0 1
    outer loop
      vertex -52.6317 -15.9657 4
      vertex -48.0384 -14.5723 4
      vertex -49.2354 -9.79353 4
    endloop
  endfacet
  facet normal 0 0 1
    outer loop
      vertex -53.9432 -10.73 4
      vertex -49.2354 -9.79353 4
      vertex -49.9583 -4.92046 4
    endloop
  endfacet
  facet normal 0 0 1
    outer loop
      vertex -46.3788 -19.2107 4
      vertex -50.8134 -21.0476 4
      vertex -48.5057 -25.9268 4
    endloop
  endfacet
  facet normal 0 0 1
    outer loop
      vertex -54.7352 -5.39094 4
      vertex -49.9583 -4.92046 4
      vertex -50.2 0 4
    endloop
  endfacet
  facet normal 0 0 1
    outer loop
      vertex -49.2354 9.79353 4
      vertex -53.9432 10.73 4
      vertex -49.9583 4.92046 4
    endloop
  endfacet
  facet normal -0 0 1
    outer loop
      vertex -54.7352 5.39094 4
      vertex -49.9583 4.92046 4
      vertex -53.9432 10.73 4
    endloop
  endfacet
  facet normal 0 0 1
    outer loop
      vertex -48.0384 -14.5723 4
      vertex -52.6317 -15.9657 4
      vertex -50.8134 -21.0476 4
    endloop
  endfacet
  facet normal 0 0 1
    outer loop
      vertex -49.9583 4.92046 4
      vertex -54.7352 5.39094 4
      vertex -50.2 0 4
    endloop
  endfacet
  facet normal 0 0 1
    outer loop
      vertex -49.2354 -9.79353 4
      vertex -53.9432 -10.73 4
      vertex -52.6317 -15.9657 4
    endloop
  endfacet
  facet normal 0 0 1
    outer loop
      vertex -55 0 4
      vertex -50.2 0 4
      vertex -54.7352 5.39094 4
    endloop
  endfacet
  facet normal 0 0 1
    outer loop
      vertex -49.9583 -4.92046 4
      vertex -54.7352 -5.39094 4
      vertex -53.9432 -10.73 4
    endloop
  endfacet
  facet normal 0 0 1
    outer loop
      vertex -50.2 0 4
      vertex -55 0 4
      vertex -54.7352 -5.39094 4
    endloop
  endfacet
  facet normal -0.998797 0.0490444 0
    outer loop
      vertex -54.8035 4 3
      vertex -54.7352 5.39094 0
      vertex -54.8035 4 0
    endloop
  endfacet
  facet normal -0.998797 0.0490444 0
    outer loop
      vertex -54.7352 5.39094 0
      vertex -54.8035 4 3
      vertex -54.7352 5.39094 4
    endloop
  endfacet
  facet normal -0.998796 0.0490552 0
    outer loop
      vertex -54.9754 0.5 3.8
      vertex -54.8035 4 3
      vertex -54.9754 0.5 3
    endloop
  endfacet
  facet normal -0.998796 0.0490526 -1.13864e-05
    outer loop
      vertex -54.8035 4 3
      vertex -54.9754 0.5 3.8
      vertex -54.7352 5.39094 4
    endloop
  endfacet
  facet normal -0.998792 0.0491406 0
    outer loop
      vertex -55 0 4
      vertex -54.9754 0.5 3.8
      vertex -55 0 3.8
    endloop
  endfacet
  facet normal -0.998796 0.0490603 -0.000201136
    outer loop
      vertex -54.9754 0.5 3.8
      vertex -55 0 4
      vertex -54.7352 5.39094 4
    endloop
  endfacet
  facet normal -0.336884 -0.941546 0
    outer loop
      vertex -21.0476 -50.8134 0
      vertex -15.9657 -52.6317 4
      vertex -21.0476 -50.8134 4
    endloop
  endfacet
  facet normal -0.336884 -0.941546 -0
    outer loop
      vertex -15.9657 -52.6317 4
      vertex -21.0476 -50.8134 0
      vertex -15.9657 -52.6317 0
    endloop
  endfacet
  facet normal 0.671553 -0.740956 0.000151395
    outer loop
      vertex 34.8916 -42.5156 4
      vertex 38.52 -39.2271 3.8
      vertex 38.8909 -38.8909 4
    endloop
  endfacet
  facet normal 0.671547 -0.740962 -5.18302e-05
    outer loop
      vertex 34.8916 -42.5156 4
      vertex 35.9235 -41.5803 3
      vertex 38.52 -39.2271 3.8
    endloop
  endfacet
  facet normal 0.671575 -0.740937 0
    outer loop
      vertex 34.8916 -42.5156 0
      vertex 35.9235 -41.5803 3
      vertex 34.8916 -42.5156 4
    endloop
  endfacet
  facet normal 0.671575 -0.740937 0
    outer loop
      vertex 35.9235 -41.5803 3
      vertex 34.8916 -42.5156 0
      vertex 35.9235 -41.5803 0
    endloop
  endfacet
  facet normal 0.671598 -0.740916 0
    outer loop
      vertex 38.8909 -38.8909 4
      vertex 38.52 -39.2271 3.8
      vertex 38.8909 -38.8909 3.8
    endloop
  endfacet
  facet normal 0.671539 -0.74097 0
    outer loop
      vertex 38.52 -39.2271 3.8
      vertex 35.9235 -41.5803 3
      vertex 38.52 -39.2271 3
    endloop
  endfacet
  facet normal -0.740965 -0.671543 0
    outer loop
      vertex 38.8051 31.8465 0
      vertex 35.4968 35.4968 4
      vertex 35.4968 35.4968 0
    endloop
  endfacet
  facet normal -0.740965 -0.671543 0
    outer loop
      vertex 35.4968 35.4968 4
      vertex 38.8051 31.8465 0
      vertex 38.8051 31.8465 4
    endloop
  endfacet
  facet normal -0.989175 -0.14674 0
    outer loop
      vertex 49.9583 4.92046 0
      vertex 49.2354 9.79353 4
      vertex 49.2354 9.79353 0
    endloop
  endfacet
  facet normal -0.989175 -0.14674 0
    outer loop
      vertex 49.2354 9.79353 4
      vertex 49.9583 4.92046 0
      vertex 49.9583 4.92046 4
    endloop
  endfacet
  facet normal -0.998796 -0.0490623 0
    outer loop
      vertex 50.2 0 0
      vertex 49.9583 4.92046 4
      vertex 49.9583 4.92046 0
    endloop
  endfacet
  facet normal -0.998796 -0.0490623 0
    outer loop
      vertex 49.9583 4.92046 4
      vertex 50.2 0 0
      vertex 50.2 0 4
    endloop
  endfacet
  facet normal -0.970032 -0.242976 0
    outer loop
      vertex 49.2354 9.79353 0
      vertex 48.0384 14.5723 4
      vertex 48.0384 14.5723 0
    endloop
  endfacet
  facet normal -0.970032 -0.242976 0
    outer loop
      vertex 48.0384 14.5723 4
      vertex 49.2354 9.79353 0
      vertex 49.2354 9.79353 4
    endloop
  endfacet
  facet normal -0.336882 0.941547 0
    outer loop
      vertex 19.2107 -46.3788 0
      vertex 14.5723 -48.0384 4
      vertex 19.2107 -46.3788 4
    endloop
  endfacet
  facet normal -0.336882 0.941547 0
    outer loop
      vertex 14.5723 -48.0384 4
      vertex 19.2107 -46.3788 0
      vertex 14.5723 -48.0384 0
    endloop
  endfacet
  facet normal -0.857735 -0.514093 0
    outer loop
      vertex 44.2724 23.6641 0
      vertex 41.7398 27.8896 4
      vertex 41.7398 27.8896 0
    endloop
  endfacet
  facet normal -0.857735 -0.514093 0
    outer loop
      vertex 41.7398 27.8896 4
      vertex 44.2724 23.6641 0
      vertex 44.2724 23.6641 4
    endloop
  endfacet
  facet normal -0.941547 -0.336882 0
    outer loop
      vertex 48.0384 14.5723 0
      vertex 46.3788 19.2107 4
      vertex 46.3788 19.2107 0
    endloop
  endfacet
  facet normal -0.941547 -0.336882 0
    outer loop
      vertex 46.3788 19.2107 4
      vertex 48.0384 14.5723 0
      vertex 48.0384 14.5723 4
    endloop
  endfacet
  facet normal -0.242976 -0.970032 0
    outer loop
      vertex 9.79353 49.2354 0
      vertex 14.5723 48.0384 4
      vertex 9.79353 49.2354 4
    endloop
  endfacet
  facet normal -0.242976 -0.970032 -0
    outer loop
      vertex 14.5723 48.0384 4
      vertex 9.79353 49.2354 0
      vertex 14.5723 48.0384 0
    endloop
  endfacet
  facet normal 0.740965 -0.671543 0
    outer loop
      vertex -38.8051 31.8465 4
      vertex -35.4968 35.4968 0
      vertex -35.4968 35.4968 4
    endloop
  endfacet
  facet normal 0.740965 -0.671543 0
    outer loop
      vertex -35.4968 35.4968 0
      vertex -38.8051 31.8465 4
      vertex -38.8051 31.8465 0
    endloop
  endfacet
  facet normal -0.0490623 0.998796 0
    outer loop
      vertex 4.92046 -49.9583 0
      vertex 0 -50.2 4
      vertex 4.92046 -49.9583 4
    endloop
  endfacet
  facet normal -0.0490623 0.998796 0
    outer loop
      vertex 0 -50.2 4
      vertex 4.92046 -49.9583 0
      vertex 0 -50.2 0
    endloop
  endfacet
  facet normal -0.427571 -0.903982 0
    outer loop
      vertex 19.2107 46.3788 0
      vertex 23.6641 44.2724 4
      vertex 19.2107 46.3788 4
    endloop
  endfacet
  facet normal -0.427571 -0.903982 -0
    outer loop
      vertex 23.6641 44.2724 4
      vertex 19.2107 46.3788 0
      vertex 23.6641 44.2724 0
    endloop
  endfacet
  facet normal -0.671543 -0.740965 0
    outer loop
      vertex 31.8465 38.8051 0
      vertex 35.4968 35.4968 4
      vertex 31.8465 38.8051 4
    endloop
  endfacet
  facet normal -0.671543 -0.740965 -0
    outer loop
      vertex 35.4968 35.4968 4
      vertex 31.8465 38.8051 0
      vertex 35.4968 35.4968 0
    endloop
  endfacet
  facet normal 0.595708 0.803201 -0
    outer loop
      vertex -27.8896 -41.7398 0
      vertex -31.8465 -38.8051 4
      vertex -27.8896 -41.7398 4
    endloop
  endfacet
  facet normal 0.595708 0.803201 0
    outer loop
      vertex -31.8465 -38.8051 4
      vertex -27.8896 -41.7398 0
      vertex -31.8465 -38.8051 0
    endloop
  endfacet
  facet normal -0.242976 0.970032 0
    outer loop
      vertex 14.5723 -48.0384 0
      vertex 9.79353 -49.2354 4
      vertex 14.5723 -48.0384 4
    endloop
  endfacet
  facet normal -0.242976 0.970032 0
    outer loop
      vertex 9.79353 -49.2354 4
      vertex 14.5723 -48.0384 0
      vertex 9.79353 -49.2354 0
    endloop
  endfacet
  facet normal -0.989175 0.14674 0
    outer loop
      vertex 49.2354 -9.79353 0
      vertex 49.9583 -4.92046 4
      vertex 49.9583 -4.92046 0
    endloop
  endfacet
  facet normal -0.989175 0.14674 0
    outer loop
      vertex 49.9583 -4.92046 4
      vertex 49.2354 -9.79353 0
      vertex 49.2354 -9.79353 4
    endloop
  endfacet
  facet normal -0.514093 0.857735 0
    outer loop
      vertex 27.8896 -41.7398 0
      vertex 23.6641 -44.2724 4
      vertex 27.8896 -41.7398 4
    endloop
  endfacet
  facet normal -0.514093 0.857735 0
    outer loop
      vertex 23.6641 -44.2724 4
      vertex 27.8896 -41.7398 0
      vertex 23.6641 -44.2724 0
    endloop
  endfacet
  facet normal 0.242976 0.970032 -0
    outer loop
      vertex -9.79353 -49.2354 0
      vertex -14.5723 -48.0384 4
      vertex -9.79353 -49.2354 4
    endloop
  endfacet
  facet normal 0.242976 0.970032 0
    outer loop
      vertex -14.5723 -48.0384 4
      vertex -9.79353 -49.2354 0
      vertex -14.5723 -48.0384 0
    endloop
  endfacet
  facet normal 0.595708 -0.803201 0
    outer loop
      vertex -31.8465 38.8051 0
      vertex -27.8896 41.7398 4
      vertex -31.8465 38.8051 4
    endloop
  endfacet
  facet normal 0.595708 -0.803201 0
    outer loop
      vertex -27.8896 41.7398 4
      vertex -31.8465 38.8051 0
      vertex -27.8896 41.7398 0
    endloop
  endfacet
  facet normal 0.998796 0.0490623 0
    outer loop
      vertex -49.9583 -4.92046 4
      vertex -50.2 0 0
      vertex -50.2 0 4
    endloop
  endfacet
  facet normal 0.998796 0.0490623 0
    outer loop
      vertex -50.2 0 0
      vertex -49.9583 -4.92046 4
      vertex -49.9583 -4.92046 0
    endloop
  endfacet
  facet normal 0.970032 0.242976 0
    outer loop
      vertex -48.0384 -14.5723 4
      vertex -49.2354 -9.79353 0
      vertex -49.2354 -9.79353 4
    endloop
  endfacet
  facet normal 0.970032 0.242976 0
    outer loop
      vertex -49.2354 -9.79353 0
      vertex -48.0384 -14.5723 4
      vertex -48.0384 -14.5723 0
    endloop
  endfacet
  facet normal -0.970032 0.242976 0
    outer loop
      vertex 48.0384 -14.5723 0
      vertex 49.2354 -9.79353 4
      vertex 49.2354 -9.79353 0
    endloop
  endfacet
  facet normal -0.970032 0.242976 0
    outer loop
      vertex 49.2354 -9.79353 4
      vertex 48.0384 -14.5723 0
      vertex 48.0384 -14.5723 4
    endloop
  endfacet
  facet normal 0.514093 -0.857735 0
    outer loop
      vertex -27.8896 41.7398 0
      vertex -23.6641 44.2724 4
      vertex -27.8896 41.7398 4
    endloop
  endfacet
  facet normal 0.514093 -0.857735 0
    outer loop
      vertex -23.6641 44.2724 4
      vertex -27.8896 41.7398 0
      vertex -23.6641 44.2724 0
    endloop
  endfacet
  facet normal -0.595708 -0.803201 0
    outer loop
      vertex 27.8896 41.7398 0
      vertex 31.8465 38.8051 4
      vertex 27.8896 41.7398 4
    endloop
  endfacet
  facet normal -0.595708 -0.803201 -0
    outer loop
      vertex 31.8465 38.8051 4
      vertex 27.8896 41.7398 0
      vertex 31.8465 38.8051 0
    endloop
  endfacet
  facet normal 0.903982 0.427571 0
    outer loop
      vertex -44.2724 -23.6641 4
      vertex -46.3788 -19.2107 0
      vertex -46.3788 -19.2107 4
    endloop
  endfacet
  facet normal 0.903982 0.427571 0
    outer loop
      vertex -46.3788 -19.2107 0
      vertex -44.2724 -23.6641 4
      vertex -44.2724 -23.6641 0
    endloop
  endfacet
  facet normal -0.941547 0.336882 0
    outer loop
      vertex 46.3788 -19.2107 0
      vertex 48.0384 -14.5723 4
      vertex 48.0384 -14.5723 0
    endloop
  endfacet
  facet normal -0.941547 0.336882 0
    outer loop
      vertex 48.0384 -14.5723 4
      vertex 46.3788 -19.2107 0
      vertex 46.3788 -19.2107 4
    endloop
  endfacet
  facet normal -0.14674 -0.989175 0
    outer loop
      vertex 4.92046 49.9583 0
      vertex 9.79353 49.2354 4
      vertex 4.92046 49.9583 4
    endloop
  endfacet
  facet normal -0.14674 -0.989175 -0
    outer loop
      vertex 9.79353 49.2354 4
      vertex 4.92046 49.9583 0
      vertex 9.79353 49.2354 0
    endloop
  endfacet
  facet normal 0.427571 -0.903982 0
    outer loop
      vertex -23.6641 44.2724 0
      vertex -19.2107 46.3788 4
      vertex -23.6641 44.2724 4
    endloop
  endfacet
  facet normal 0.427571 -0.903982 0
    outer loop
      vertex -19.2107 46.3788 4
      vertex -23.6641 44.2724 0
      vertex -19.2107 46.3788 0
    endloop
  endfacet
  facet normal -0.514093 -0.857735 0
    outer loop
      vertex 23.6641 44.2724 0
      vertex 27.8896 41.7398 4
      vertex 23.6641 44.2724 4
    endloop
  endfacet
  facet normal -0.514093 -0.857735 -0
    outer loop
      vertex 27.8896 41.7398 4
      vertex 23.6641 44.2724 0
      vertex 27.8896 41.7398 0
    endloop
  endfacet
  facet normal -0.427571 0.903982 0
    outer loop
      vertex 23.6641 -44.2724 0
      vertex 19.2107 -46.3788 4
      vertex 23.6641 -44.2724 4
    endloop
  endfacet
  facet normal -0.427571 0.903982 0
    outer loop
      vertex 19.2107 -46.3788 4
      vertex 23.6641 -44.2724 0
      vertex 19.2107 -46.3788 0
    endloop
  endfacet
  facet normal 0.941547 0.336882 0
    outer loop
      vertex -46.3788 -19.2107 4
      vertex -48.0384 -14.5723 0
      vertex -48.0384 -14.5723 4
    endloop
  endfacet
  facet normal 0.941547 0.336882 0
    outer loop
      vertex -48.0384 -14.5723 0
      vertex -46.3788 -19.2107 4
      vertex -46.3788 -19.2107 0
    endloop
  endfacet
  facet normal -0.857735 0.514093 0
    outer loop
      vertex 41.7398 -27.8896 0
      vertex 44.2724 -23.6641 4
      vertex 44.2724 -23.6641 0
    endloop
  endfacet
  facet normal -0.857735 0.514093 0
    outer loop
      vertex 44.2724 -23.6641 4
      vertex 41.7398 -27.8896 0
      vertex 41.7398 -27.8896 4
    endloop
  endfacet
  facet normal -0.903982 0.427571 0
    outer loop
      vertex 44.2724 -23.6641 0
      vertex 46.3788 -19.2107 4
      vertex 46.3788 -19.2107 0
    endloop
  endfacet
  facet normal -0.903982 0.427571 0
    outer loop
      vertex 46.3788 -19.2107 4
      vertex 44.2724 -23.6641 0
      vertex 44.2724 -23.6641 4
    endloop
  endfacet
  facet normal -0.998796 0.0490623 0
    outer loop
      vertex 49.9583 -4.92046 0
      vertex 50.2 0 4
      vertex 50.2 0 0
    endloop
  endfacet
  facet normal -0.998796 0.0490623 0
    outer loop
      vertex 50.2 0 4
      vertex 49.9583 -4.92046 0
      vertex 49.9583 -4.92046 4
    endloop
  endfacet
  facet normal 0.14674 -0.989175 0
    outer loop
      vertex -9.79353 49.2354 0
      vertex -4.92046 49.9583 4
      vertex -9.79353 49.2354 4
    endloop
  endfacet
  facet normal 0.14674 -0.989175 0
    outer loop
      vertex -4.92046 49.9583 4
      vertex -9.79353 49.2354 0
      vertex -4.92046 49.9583 0
    endloop
  endfacet
  facet normal -0.14674 0.989175 0
    outer loop
      vertex 9.79353 -49.2354 0
      vertex 4.92046 -49.9583 4
      vertex 9.79353 -49.2354 4
    endloop
  endfacet
  facet normal -0.14674 0.989175 0
    outer loop
      vertex 4.92046 -49.9583 4
      vertex 9.79353 -49.2354 0
      vertex 4.92046 -49.9583 0
    endloop
  endfacet
  facet normal -0.740965 0.671543 0
    outer loop
      vertex 35.4968 -35.4968 0
      vertex 38.8051 -31.8465 4
      vertex 38.8051 -31.8465 0
    endloop
  endfacet
  facet normal -0.740965 0.671543 0
    outer loop
      vertex 38.8051 -31.8465 4
      vertex 35.4968 -35.4968 0
      vertex 35.4968 -35.4968 4
    endloop
  endfacet
  facet normal -0.803201 0.595708 0
    outer loop
      vertex 38.8051 -31.8465 0
      vertex 41.7398 -27.8896 4
      vertex 41.7398 -27.8896 0
    endloop
  endfacet
  facet normal -0.803201 0.595708 0
    outer loop
      vertex 41.7398 -27.8896 4
      vertex 38.8051 -31.8465 0
      vertex 38.8051 -31.8465 4
    endloop
  endfacet
  facet normal 0.242976 -0.970032 0
    outer loop
      vertex -14.5723 48.0384 0
      vertex -9.79353 49.2354 4
      vertex -14.5723 48.0384 4
    endloop
  endfacet
  facet normal 0.242976 -0.970032 0
    outer loop
      vertex -9.79353 49.2354 4
      vertex -14.5723 48.0384 0
      vertex -9.79353 49.2354 0
    endloop
  endfacet
  facet normal -0.803201 -0.595708 0
    outer loop
      vertex 41.7398 27.8896 0
      vertex 38.8051 31.8465 4
      vertex 38.8051 31.8465 0
    endloop
  endfacet
  facet normal -0.803201 -0.595708 0
    outer loop
      vertex 38.8051 31.8465 4
      vertex 41.7398 27.8896 0
      vertex 41.7398 27.8896 4
    endloop
  endfacet
  facet normal -0.0490623 -0.998796 0
    outer loop
      vertex 0 50.2 0
      vertex 4.92046 49.9583 4
      vertex 0 50.2 4
    endloop
  endfacet
  facet normal -0.0490623 -0.998796 -0
    outer loop
      vertex 4.92046 49.9583 4
      vertex 0 50.2 0
      vertex 4.92046 49.9583 0
    endloop
  endfacet
  facet normal -0.903982 -0.427571 0
    outer loop
      vertex 46.3788 19.2107 0
      vertex 44.2724 23.6641 4
      vertex 44.2724 23.6641 0
    endloop
  endfacet
  facet normal -0.903982 -0.427571 0
    outer loop
      vertex 44.2724 23.6641 4
      vertex 46.3788 19.2107 0
      vertex 46.3788 19.2107 4
    endloop
  endfacet
  facet normal 0.857735 -0.514093 0
    outer loop
      vertex -44.2724 23.6641 4
      vertex -41.7398 27.8896 0
      vertex -41.7398 27.8896 4
    endloop
  endfacet
  facet normal 0.857735 -0.514093 0
    outer loop
      vertex -41.7398 27.8896 0
      vertex -44.2724 23.6641 4
      vertex -44.2724 23.6641 0
    endloop
  endfacet
  facet normal 0.671543 -0.740965 0
    outer loop
      vertex -35.4968 35.4968 0
      vertex -31.8465 38.8051 4
      vertex -35.4968 35.4968 4
    endloop
  endfacet
  facet normal 0.671543 -0.740965 0
    outer loop
      vertex -31.8465 38.8051 4
      vertex -35.4968 35.4968 0
      vertex -31.8465 38.8051 0
    endloop
  endfacet
  facet normal 0.857735 0.514093 0
    outer loop
      vertex -41.7398 -27.8896 4
      vertex -44.2724 -23.6641 0
      vertex -44.2724 -23.6641 4
    endloop
  endfacet
  facet normal 0.857735 0.514093 0
    outer loop
      vertex -44.2724 -23.6641 0
      vertex -41.7398 -27.8896 4
      vertex -41.7398 -27.8896 0
    endloop
  endfacet
  facet normal 0.427571 0.903982 -0
    outer loop
      vertex -19.2107 -46.3788 0
      vertex -23.6641 -44.2724 4
      vertex -19.2107 -46.3788 4
    endloop
  endfacet
  facet normal 0.427571 0.903982 0
    outer loop
      vertex -23.6641 -44.2724 4
      vertex -19.2107 -46.3788 0
      vertex -23.6641 -44.2724 0
    endloop
  endfacet
  facet normal 0.740965 0.671543 0
    outer loop
      vertex -35.4968 -35.4968 4
      vertex -38.8051 -31.8465 0
      vertex -38.8051 -31.8465 4
    endloop
  endfacet
  facet normal 0.740965 0.671543 0
    outer loop
      vertex -38.8051 -31.8465 0
      vertex -35.4968 -35.4968 4
      vertex -35.4968 -35.4968 0
    endloop
  endfacet
  facet normal 0.336882 -0.941547 0
    outer loop
      vertex -19.2107 46.3788 0
      vertex -14.5723 48.0384 4
      vertex -19.2107 46.3788 4
    endloop
  endfacet
  facet normal 0.336882 -0.941547 0
    outer loop
      vertex -14.5723 48.0384 4
      vertex -19.2107 46.3788 0
      vertex -14.5723 48.0384 0
    endloop
  endfacet
  facet normal 0.514093 0.857735 -0
    outer loop
      vertex -23.6641 -44.2724 0
      vertex -27.8896 -41.7398 4
      vertex -23.6641 -44.2724 4
    endloop
  endfacet
  facet normal 0.514093 0.857735 0
    outer loop
      vertex -27.8896 -41.7398 4
      vertex -23.6641 -44.2724 0
      vertex -27.8896 -41.7398 0
    endloop
  endfacet
  facet normal -0.595708 0.803201 0
    outer loop
      vertex 31.8465 -38.8051 0
      vertex 27.8896 -41.7398 4
      vertex 31.8465 -38.8051 4
    endloop
  endfacet
  facet normal -0.595708 0.803201 0
    outer loop
      vertex 27.8896 -41.7398 4
      vertex 31.8465 -38.8051 0
      vertex 27.8896 -41.7398 0
    endloop
  endfacet
  facet normal 0.0490623 -0.998796 0
    outer loop
      vertex -4.92046 49.9583 0
      vertex 0 50.2 4
      vertex -4.92046 49.9583 4
    endloop
  endfacet
  facet normal 0.0490623 -0.998796 0
    outer loop
      vertex 0 50.2 4
      vertex -4.92046 49.9583 0
      vertex 0 50.2 0
    endloop
  endfacet
  facet normal 0.970032 -0.242976 0
    outer loop
      vertex -49.2354 9.79353 4
      vertex -48.0384 14.5723 0
      vertex -48.0384 14.5723 4
    endloop
  endfacet
  facet normal 0.970032 -0.242976 0
    outer loop
      vertex -48.0384 14.5723 0
      vertex -49.2354 9.79353 4
      vertex -49.2354 9.79353 0
    endloop
  endfacet
  facet normal 0.941547 -0.336882 0
    outer loop
      vertex -48.0384 14.5723 4
      vertex -46.3788 19.2107 0
      vertex -46.3788 19.2107 4
    endloop
  endfacet
  facet normal 0.941547 -0.336882 0
    outer loop
      vertex -46.3788 19.2107 0
      vertex -48.0384 14.5723 4
      vertex -48.0384 14.5723 0
    endloop
  endfacet
  facet normal -0.336882 -0.941547 0
    outer loop
      vertex 14.5723 48.0384 0
      vertex 19.2107 46.3788 4
      vertex 14.5723 48.0384 4
    endloop
  endfacet
  facet normal -0.336882 -0.941547 -0
    outer loop
      vertex 19.2107 46.3788 4
      vertex 14.5723 48.0384 0
      vertex 19.2107 46.3788 0
    endloop
  endfacet
  facet normal 0.803201 0.595708 0
    outer loop
      vertex -38.8051 -31.8465 4
      vertex -41.7398 -27.8896 0
      vertex -41.7398 -27.8896 4
    endloop
  endfacet
  facet normal 0.803201 0.595708 0
    outer loop
      vertex -41.7398 -27.8896 0
      vertex -38.8051 -31.8465 4
      vertex -38.8051 -31.8465 0
    endloop
  endfacet
  facet normal 0.989175 0.14674 0
    outer loop
      vertex -49.2354 -9.79353 4
      vertex -49.9583 -4.92046 0
      vertex -49.9583 -4.92046 4
    endloop
  endfacet
  facet normal 0.989175 0.14674 0
    outer loop
      vertex -49.9583 -4.92046 0
      vertex -49.2354 -9.79353 4
      vertex -49.2354 -9.79353 0
    endloop
  endfacet
  facet normal 0.903982 -0.427571 0
    outer loop
      vertex -46.3788 19.2107 4
      vertex -44.2724 23.6641 0
      vertex -44.2724 23.6641 4
    endloop
  endfacet
  facet normal 0.903982 -0.427571 0
    outer loop
      vertex -44.2724 23.6641 0
      vertex -46.3788 19.2107 4
      vertex -46.3788 19.2107 0
    endloop
  endfacet
  facet normal 0.671543 0.740965 -0
    outer loop
      vertex -31.8465 -38.8051 0
      vertex -35.4968 -35.4968 4
      vertex -31.8465 -38.8051 4
    endloop
  endfacet
  facet normal 0.671543 0.740965 0
    outer loop
      vertex -35.4968 -35.4968 4
      vertex -31.8465 -38.8051 0
      vertex -35.4968 -35.4968 0
    endloop
  endfacet
  facet normal 0.803201 -0.595708 0
    outer loop
      vertex -41.7398 27.8896 4
      vertex -38.8051 31.8465 0
      vertex -38.8051 31.8465 4
    endloop
  endfacet
  facet normal 0.803201 -0.595708 0
    outer loop
      vertex -38.8051 31.8465 0
      vertex -41.7398 27.8896 4
      vertex -41.7398 27.8896 0
    endloop
  endfacet
  facet normal 0.0490623 0.998796 -0
    outer loop
      vertex 0 -50.2 0
      vertex -4.92046 -49.9583 4
      vertex 0 -50.2 4
    endloop
  endfacet
  facet normal 0.0490623 0.998796 0
    outer loop
      vertex -4.92046 -49.9583 4
      vertex 0 -50.2 0
      vertex -4.92046 -49.9583 0
    endloop
  endfacet
  facet normal 0.14674 0.989175 -0
    outer loop
      vertex -4.92046 -49.9583 0
      vertex -9.79353 -49.2354 4
      vertex -4.92046 -49.9583 4
    endloop
  endfacet
  facet normal 0.14674 0.989175 0
    outer loop
      vertex -9.79353 -49.2354 4
      vertex -4.92046 -49.9583 0
      vertex -9.79353 -49.2354 0
    endloop
  endfacet
  facet normal 0.989175 -0.14674 0
    outer loop
      vertex -49.9583 4.92046 4
      vertex -49.2354 9.79353 0
      vertex -49.2354 9.79353 4
    endloop
  endfacet
  facet normal 0.989175 -0.14674 0
    outer loop
      vertex -49.2354 9.79353 0
      vertex -49.9583 4.92046 4
      vertex -49.9583 4.92046 0
    endloop
  endfacet
  facet normal 0.998796 -0.0490623 0
    outer loop
      vertex -50.2 0 4
      vertex -49.9583 4.92046 0
      vertex -49.9583 4.92046 4
    endloop
  endfacet
  facet normal 0.998796 -0.0490623 0
    outer loop
      vertex -49.9583 4.92046 0
      vertex -50.2 0 4
      vertex -50.2 0 0
    endloop
  endfacet
  facet normal 0.336882 0.941547 -0
    outer loop
      vertex -14.5723 -48.0384 0
      vertex -19.2107 -46.3788 4
      vertex -14.5723 -48.0384 4
    endloop
  endfacet
  facet normal 0.336882 0.941547 0
    outer loop
      vertex -19.2107 -46.3788 4
      vertex -14.5723 -48.0384 0
      vertex -19.2107 -46.3788 0
    endloop
  endfacet
  facet normal -0.671543 0.740965 0
    outer loop
      vertex 35.4968 -35.4968 0
      vertex 31.8465 -38.8051 4
      vertex 35.4968 -35.4968 4
    endloop
  endfacet
  facet normal -0.671543 0.740965 0
    outer loop
      vertex 31.8465 -38.8051 4
      vertex 35.4968 -35.4968 0
      vertex 31.8465 -38.8051 0
    endloop
  endfacet
  facet normal 1 -0 0
    outer loop
      vertex 60 -4 3
      vertex 60 4 0
      vertex 60 4 3
    endloop
  endfacet
  facet normal 1 0 0
    outer loop
      vertex 60 4 0
      vertex 60 -4 3
      vertex 60 -4 0
    endloop
  endfacet
  facet normal 0 0 1
    outer loop
      vertex 60 4 3
      vertex 58 0.5 3
      vertex 60 -4 3
    endloop
  endfacet
  facet normal -0 0 1
    outer loop
      vertex 54.8035 4 3
      vertex 58 0.5 3
      vertex 60 4 3
    endloop
  endfacet
  facet normal 0 0 1
    outer loop
      vertex 58 0.5 3
      vertex 54.8035 4 3
      vertex 54.9754 0.5 3
    endloop
  endfacet
  facet normal -0 0 1
    outer loop
      vertex 58 -0.5 3
      vertex 60 -4 3
      vertex 58 0.5 3
    endloop
  endfacet
  facet normal 0 0 1
    outer loop
      vertex 54.8035 -4 3
      vertex 58 -0.5 3
      vertex 54.9754 -0.5 3
    endloop
  endfacet
  facet normal 0 0 1
    outer loop
      vertex 58 -0.5 3
      vertex 54.8035 -4 3
      vertex 60 -4 3
    endloop
  endfacet
  facet normal 0 1 -0
    outer loop
      vertex 60 4 0
      vertex 54.8035 4 3
      vertex 60 4 3
    endloop
  endfacet
  facet normal 0 1 0
    outer loop
      vertex 54.8035 4 3
      vertex 60 4 0
      vertex 54.8035 4 0
    endloop
  endfacet
  facet normal 0 -1 0
    outer loop
      vertex 54.8035 -4 0
      vertex 60 -4 3
      vertex 54.8035 -4 3
    endloop
  endfacet
  facet normal 0 -1 -0
    outer loop
      vertex 60 -4 3
      vertex 54.8035 -4 0
      vertex 60 -4 0
    endloop
  endfacet
  facet normal 1 -0 0
    outer loop
      vertex 58 -0.5 3.8
      vertex 58 0.5 3
      vertex 58 0.5 3.8
    endloop
  endfacet
  facet normal 1 0 0
    outer loop
      vertex 58 0.5 3
      vertex 58 -0.5 3.8
      vertex 58 -0.5 3
    endloop
  endfacet
  facet normal 0 0 1
    outer loop
      vertex 58 0.5 3.8
      vertex 55 0 3.8
      vertex 58 -0.5 3.8
    endloop
  endfacet
  facet normal 0 -0 1
    outer loop
      vertex 55 0 3.8
      vertex 58 0.5 3.8
      vertex 54.9754 0.5 3.8
    endloop
  endfacet
  facet normal 0 0 1
    outer loop
      vertex 58 -0.5 3.8
      vertex 55 0 3.8
      vertex 54.9754 -0.5 3.8
    endloop
  endfacet
  facet normal 0 1 -0
    outer loop
      vertex 58 0.5 3
      vertex 54.9754 0.5 3.8
      vertex 58 0.5 3.8
    endloop
  endfacet
  facet normal 0 1 0
    outer loop
      vertex 54.9754 0.5 3.8
      vertex 58 0.5 3
      vertex 54.9754 0.5 3
    endloop
  endfacet
  facet normal 0 -1 0
    outer loop
      vertex 54.9754 -0.5 3
      vertex 58 -0.5 3.8
      vertex 54.9754 -0.5 3.8
    endloop
  endfacet
  facet normal 0 -1 -0
    outer loop
      vertex 58 -0.5 3.8
      vertex 54.9754 -0.5 3
      vertex 58 -0.5 3
    endloop
  endfacet
  facet normal 0.707107 0.707107 0
    outer loop
      vertex 41.3657 40.6586 3.8
      vertex 40.6586 41.3657 3
      vertex 40.6586 41.3657 3.8
    endloop
  endfacet
  facet normal 0.707107 0.707107 0
    outer loop
      vertex 40.6586 41.3657 3
      vertex 41.3657 40.6586 3.8
      vertex 41.3657 40.6586 3
    endloop
  endfacet
  facet normal 0 0 1
    outer loop
      vertex 40.6586 41.3657 3.8
      vertex 40.3051 39.598 3.8
      vertex 41.3657 40.6586 3.8
    endloop
  endfacet
  facet normal 0 -0 1
    outer loop
      vertex 40.3051 39.598 3.8
      vertex 40.6586 41.3657 3.8
      vertex 39.598 40.3051 3.8
    endloop
  endfacet
  facet normal 0 0 1
    outer loop
      vertex 40.3051 39.598 3.8
      vertex 40.6586 37.8302 3.8
      vertex 41.3657 38.5373 3.8
    endloop
  endfacet
  facet normal 0 0 1
    outer loop
      vertex 39.598 38.8909 3.8
      vertex 40.3051 39.598 3.8
      vertex 39.598 40.3051 3.8
    endloop
  endfacet
  facet normal 0 0 1
    outer loop
      vertex 40.3051 39.598 3.8
      vertex 39.598 38.8909 3.8
      vertex 40.6586 37.8302 3.8
    endloop
  endfacet
  facet normal -0 0 1
    outer loop
      vertex 38.8909 39.598 3.8
      vertex 39.598 38.8909 3.8
      vertex 39.598 40.3051 3.8
    endloop
  endfacet
  facet normal 0 0 1
    outer loop
      vertex 38.8909 38.8909 3.8
      vertex 39.598 38.8909 3.8
      vertex 38.8909 39.598 3.8
    endloop
  endfacet
  facet normal 0 0 1
    outer loop
      vertex 38.5373 41.3657 3.8
      vertex 38.8909 39.598 3.8
      vertex 39.598 40.3051 3.8
    endloop
  endfacet
  facet normal 0 0 1
    outer loop
      vertex 38.8909 39.598 3.8
      vertex 38.5373 41.3657 3.8
      vertex 37.8302 40.6586 3.8
    endloop
  endfacet
  facet normal 0 0 1
    outer loop
      vertex 39.598 38.8909 3.8
      vertex 38.8909 38.8909 3.8
      vertex 39.2271 38.52 3.8
    endloop
  endfacet
  facet normal 0 -0 1
    outer loop
      vertex 38.8909 38.8909 3.8
      vertex 38.8909 39.598 3.8
      vertex 38.52 39.2271 3.8
    endloop
  endfacet
  facet normal 0 0 1
    outer loop
      vertex 41.3657 40.6586 3
      vertex 40.3051 39.598 3
      vertex 41.3657 38.5373 3
    endloop
  endfacet
  facet normal 0 0 1
    outer loop
      vertex 41.3657 38.5373 3
      vertex 45.2548 39.598 3
      vertex 41.3657 40.6586 3
    endloop
  endfacet
  facet normal 0 0 1
    outer loop
      vertex 45.2548 39.598 3
      vertex 40.6586 41.3657 3
      vertex 41.3657 40.6586 3
    endloop
  endfacet
  facet normal 0 0 1
    outer loop
      vertex 39.598 45.2548 3
      vertex 40.6586 41.3657 3
      vertex 45.2548 39.598 3
    endloop
  endfacet
  facet normal 0 0 1
    outer loop
      vertex 38.5373 41.3657 3
      vertex 40.6586 41.3657 3
      vertex 39.598 45.2548 3
    endloop
  endfacet
  facet normal 0 0 1
    outer loop
      vertex 40.6586 41.3657 3
      vertex 38.5373 41.3657 3
      vertex 39.598 40.3051 3
    endloop
  endfacet
  facet normal -0 0 1
    outer loop
      vertex 35.9235 41.5803 3
      vertex 38.5373 41.3657 3
      vertex 39.598 45.2548 3
    endloop
  endfacet
  facet normal 0 0 1
    outer loop
      vertex 38.5373 41.3657 3
      vertex 35.9235 41.5803 3
      vertex 37.8302 40.6586 3
    endloop
  endfacet
  facet normal 0 0 1
    outer loop
      vertex 45.2548 39.598 3
      vertex 41.3657 38.5373 3
      vertex 41.5803 35.9235 3
    endloop
  endfacet
  facet normal -0 0 1
    outer loop
      vertex 40.6586 37.8302 3
      vertex 41.5803 35.9235 3
      vertex 41.3657 38.5373 3
    endloop
  endfacet
  facet normal -0 0 1
    outer loop
      vertex 39.2271 38.52 3
      vertex 40.6586 37.8302 3
      vertex 39.598 38.8909 3
    endloop
  endfacet
  facet normal 0 0 1
    outer loop
      vertex 40.6586 37.8302 3
      vertex 39.2271 38.52 3
      vertex 41.5803 35.9235 3
    endloop
  endfacet
  facet normal 0 0 1
    outer loop
      vertex 37.8302 40.6586 3
      vertex 38.52 39.2271 3
      vertex 38.8909 39.598 3
    endloop
  endfacet
  facet normal 0 0 1
    outer loop
      vertex 38.52 39.2271 3
      vertex 37.8302 40.6586 3
      vertex 35.9235 41.5803 3
    endloop
  endfacet
  facet normal -0.707107 0.707107 0
    outer loop
      vertex 38.52 39.2271 3
      vertex 38.8909 39.598 3.8
      vertex 38.8909 39.598 3
    endloop
  endfacet
  facet normal -0.707107 0.707107 0
    outer loop
      vertex 38.8909 39.598 3.8
      vertex 38.52 39.2271 3
      vertex 38.52 39.2271 3.8
    endloop
  endfacet
  facet normal -0.707107 0.707107 0
    outer loop
      vertex 40.6586 41.3657 3
      vertex 39.598 40.3051 3.8
      vertex 40.6586 41.3657 3.8
    endloop
  endfacet
  facet normal -0.707107 0.707107 0
    outer loop
      vertex 39.598 40.3051 3.8
      vertex 40.6586 41.3657 3
      vertex 39.598 40.3051 3
    endloop
  endfacet
  facet normal 0.707107 -0.707107 0
    outer loop
      vertex 39.2271 38.52 3.8
      vertex 39.598 38.8909 3
      vertex 39.598 38.8909 3.8
    endloop
  endfacet
  facet normal 0.707107 -0.707107 0
    outer loop
      vertex 39.598 38.8909 3
      vertex 39.2271 38.52 3.8
      vertex 39.2271 38.52 3
    endloop
  endfacet
  facet normal 0.707107 -0.707107 0
    outer loop
      vertex 40.3051 39.598 3.8
      vertex 41.3657 40.6586 3
      vertex 41.3657 40.6586 3.8
    endloop
  endfacet
  facet normal 0.707107 -0.707107 0
    outer loop
      vertex 41.3657 40.6586 3
      vertex 40.3051 39.598 3.8
      vertex 40.3051 39.598 3
    endloop
  endfacet
  facet normal 0.707073 0.70714 -0
    outer loop
      vertex 39.598 40.3051 3
      vertex 38.5373 41.3657 3.8
      vertex 39.598 40.3051 3.8
    endloop
  endfacet
  facet normal 0.707073 0.70714 0
    outer loop
      vertex 38.5373 41.3657 3.8
      vertex 39.598 40.3051 3
      vertex 38.5373 41.3657 3
    endloop
  endfacet
  facet normal 0.70714 0.707073 0
    outer loop
      vertex 41.3657 38.5373 3.8
      vertex 40.3051 39.598 3
      vertex 40.3051 39.598 3.8
    endloop
  endfacet
  facet normal 0.70714 0.707073 0
    outer loop
      vertex 40.3051 39.598 3
      vertex 41.3657 38.5373 3.8
      vertex 41.3657 38.5373 3
    endloop
  endfacet
  facet normal -0.707073 -0.70714 0
    outer loop
      vertex 38.8909 39.598 3
      vertex 37.8302 40.6586 3.8
      vertex 37.8302 40.6586 3
    endloop
  endfacet
  facet normal -0.707073 -0.70714 0
    outer loop
      vertex 37.8302 40.6586 3.8
      vertex 38.8909 39.598 3
      vertex 38.8909 39.598 3.8
    endloop
  endfacet
  facet normal -0.70714 -0.707073 0
    outer loop
      vertex 40.6586 37.8302 3
      vertex 39.598 38.8909 3.8
      vertex 39.598 38.8909 3
    endloop
  endfacet
  facet normal -0.70714 -0.707073 0
    outer loop
      vertex 39.598 38.8909 3.8
      vertex 40.6586 37.8302 3
      vertex 40.6586 37.8302 3.8
    endloop
  endfacet
  facet normal -0.707107 0.707107 0
    outer loop
      vertex 38.5373 41.3657 3
      vertex 37.8302 40.6586 3.8
      vertex 38.5373 41.3657 3.8
    endloop
  endfacet
  facet normal -0.707107 0.707107 0
    outer loop
      vertex 37.8302 40.6586 3.8
      vertex 38.5373 41.3657 3
      vertex 37.8302 40.6586 3
    endloop
  endfacet
  facet normal 0.707107 -0.707107 0
    outer loop
      vertex 40.6586 37.8302 3.8
      vertex 41.3657 38.5373 3
      vertex 41.3657 38.5373 3.8
    endloop
  endfacet
  facet normal 0.707107 -0.707107 0
    outer loop
      vertex 41.3657 38.5373 3
      vertex 40.6586 37.8302 3.8
      vertex 40.6586 37.8302 3
    endloop
  endfacet
  facet normal 0.707107 0.707107 0
    outer loop
      vertex 45.2548 39.598 3
      vertex 39.598 45.2548 0
      vertex 39.598 45.2548 3
    endloop
  endfacet
  facet normal 0.707107 0.707107 0
    outer loop
      vertex 39.598 45.2548 0
      vertex 45.2548 39.598 3
      vertex 45.2548 39.598 0
    endloop
  endfacet
  facet normal -0.707107 0.707107 0
    outer loop
      vertex 39.598 45.2548 0
      vertex 35.9235 41.5803 3
      vertex 39.598 45.2548 3
    endloop
  endfacet
  facet normal -0.707107 0.707107 0
    outer loop
      vertex 35.9235 41.5803 3
      vertex 39.598 45.2548 0
      vertex 35.9235 41.5803 0
    endloop
  endfacet
  facet normal 0.707107 -0.707107 0
    outer loop
      vertex 41.5803 35.9235 3
      vertex 45.2548 39.598 0
      vertex 45.2548 39.598 3
    endloop
  endfacet
  facet normal 0.707107 -0.707107 0
    outer loop
      vertex 45.2548 39.598 0
      vertex 41.5803 35.9235 3
      vertex 41.5803 35.9235 0
    endloop
  endfacet
  facet normal 0 1 -0
    outer loop
      vertex 4 60 0
      vertex -4 60 3
      vertex 4 60 3
    endloop
  endfacet
  facet normal 0 1 0
    outer loop
      vertex -4 60 3
      vertex 4 60 0
      vertex -4 60 0
    endloop
  endfacet
  facet normal 0 0 1
    outer loop
      vertex 4 60 3
      vertex 0.5 58 3
      vertex 4 54.8035 3
    endloop
  endfacet
  facet normal 0 0 1
    outer loop
      vertex 4 60 3
      vertex -0.5 58 3
      vertex 0.5 58 3
    endloop
  endfacet
  facet normal -0 0 1
    outer loop
      vertex -4 60 3
      vertex -0.5 58 3
      vertex 4 60 3
    endloop
  endfacet
  facet normal 0 0 1
    outer loop
      vertex -4 54.8035 3
      vertex -0.5 58 3
      vertex -4 60 3
    endloop
  endfacet
  facet normal 0 0 1
    outer loop
      vertex -0.5 58 3
      vertex -4 54.8035 3
      vertex -0.5 54.9754 3
    endloop
  endfacet
  facet normal 0 0 1
    outer loop
      vertex 4 54.8035 3
      vertex 0.5 58 3
      vertex 0.5 54.9754 3
    endloop
  endfacet
  facet normal -1 0 0
    outer loop
      vertex -4 54.8035 0
      vertex -4 60 3
      vertex -4 60 0
    endloop
  endfacet
  facet normal -1 -0 0
    outer loop
      vertex -4 60 3
      vertex -4 54.8035 0
      vertex -4 54.8035 3
    endloop
  endfacet
  facet normal 1 -0 0
    outer loop
      vertex 4 54.8035 3
      vertex 4 60 0
      vertex 4 60 3
    endloop
  endfacet
  facet normal 1 0 0
    outer loop
      vertex 4 60 0
      vertex 4 54.8035 3
      vertex 4 54.8035 0
    endloop
  endfacet
  facet normal 0 1 -0
    outer loop
      vertex 0.5 58 3
      vertex -0.5 58 3.8
      vertex 0.5 58 3.8
    endloop
  endfacet
  facet normal 0 1 0
    outer loop
      vertex -0.5 58 3.8
      vertex 0.5 58 3
      vertex -0.5 58 3
    endloop
  endfacet
  facet normal 0 0 1
    outer loop
      vertex 0.5 58 3.8
      vertex 0 55 3.8
      vertex 0.5 54.9754 3.8
    endloop
  endfacet
  facet normal -0 0 1
    outer loop
      vertex -0.5 58 3.8
      vertex 0 55 3.8
      vertex 0.5 58 3.8
    endloop
  endfacet
  facet normal 0 0 1
    outer loop
      vertex 0 55 3.8
      vertex -0.5 58 3.8
      vertex -0.5 54.9754 3.8
    endloop
  endfacet
  facet normal -1 0 0
    outer loop
      vertex -0.5 54.9754 3
      vertex -0.5 58 3.8
      vertex -0.5 58 3
    endloop
  endfacet
  facet normal -1 -0 0
    outer loop
      vertex -0.5 58 3.8
      vertex -0.5 54.9754 3
      vertex -0.5 54.9754 3.8
    endloop
  endfacet
  facet normal 1 -0 0
    outer loop
      vertex 0.5 54.9754 3.8
      vertex 0.5 58 3
      vertex 0.5 58 3.8
    endloop
  endfacet
  facet normal 1 0 0
    outer loop
      vertex 0.5 58 3
      vertex 0.5 54.9754 3.8
      vertex 0.5 54.9754 3
    endloop
  endfacet
  facet normal -0.707107 0.707107 0
    outer loop
      vertex -41.3657 40.6586 3
      vertex -40.6586 41.3657 3.8
      vertex -40.6586 41.3657 3
    endloop
  endfacet
  facet normal -0.707107 0.707107 0
    outer loop
      vertex -40.6586 41.3657 3.8
      vertex -41.3657 40.6586 3
      vertex -41.3657 40.6586 3.8
    endloop
  endfacet
  facet normal 0 0 1
    outer loop
      vertex -38.5373 41.3657 3.8
      vertex -38.8909 39.598 3.8
      vertex -37.8302 40.6586 3.8
    endloop
  endfacet
  facet normal 0 0 1
    outer loop
      vertex -39.598 38.8909 3.8
      vertex -38.8909 38.8909 3.8
      vertex -38.8909 39.598 3.8
    endloop
  endfacet
  facet normal -0 0 1
    outer loop
      vertex -39.598 40.3051 3.8
      vertex -38.8909 39.598 3.8
      vertex -38.5373 41.3657 3.8
    endloop
  endfacet
  facet normal 0 0 1
    outer loop
      vertex -39.598 38.8909 3.8
      vertex -38.8909 39.598 3.8
      vertex -39.598 40.3051 3.8
    endloop
  endfacet
  facet normal 0 0 1
    outer loop
      vertex -38.8909 38.8909 3.8
      vertex -39.598 38.8909 3.8
      vertex -39.2271 38.52 3.8
    endloop
  endfacet
  facet normal 0 0 1
    outer loop
      vertex -39.598 40.3051 3.8
      vertex -40.3051 39.598 3.8
      vertex -39.598 38.8909 3.8
    endloop
  endfacet
  facet normal 0 0 1
    outer loop
      vertex -40.6586 41.3657 3.8
      vertex -40.3051 39.598 3.8
      vertex -39.598 40.3051 3.8
    endloop
  endfacet
  facet normal 0 0 1
    outer loop
      vertex -40.3051 39.598 3.8
      vertex -40.6586 41.3657 3.8
      vertex -41.3657 40.6586 3.8
    endloop
  endfacet
  facet normal 0 0 1
    outer loop
      vertex -38.52 39.2271 3.8
      vertex -38.8909 39.598 3.8
      vertex -38.8909 38.8909 3.8
    endloop
  endfacet
  facet normal 0 0 1
    outer loop
      vertex -40.3051 39.598 3.8
      vertex -40.6586 37.8302 3.8
      vertex -39.598 38.8909 3.8
    endloop
  endfacet
  facet normal 0 -0 1
    outer loop
      vertex -40.6586 37.8302 3.8
      vertex -40.3051 39.598 3.8
      vertex -41.3657 38.5373 3.8
    endloop
  endfacet
  facet normal 0 0 1
    outer loop
      vertex -35.9235 41.5803 3
      vertex -38.5373 41.3657 3
      vertex -37.8302 40.6586 3
    endloop
  endfacet
  facet normal 0 0 1
    outer loop
      vertex -39.598 45.2548 3
      vertex -38.5373 41.3657 3
      vertex -35.9235 41.5803 3
    endloop
  endfacet
  facet normal 0 0 1
    outer loop
      vertex -40.6586 41.3657 3
      vertex -38.5373 41.3657 3
      vertex -39.598 45.2548 3
    endloop
  endfacet
  facet normal 0 0 1
    outer loop
      vertex -38.5373 41.3657 3
      vertex -40.6586 41.3657 3
      vertex -39.598 40.3051 3
    endloop
  endfacet
  facet normal 0 0 1
    outer loop
      vertex -39.598 45.2548 3
      vertex -41.3657 40.6586 3
      vertex -40.6586 41.3657 3
    endloop
  endfacet
  facet normal -0 0 1
    outer loop
      vertex -45.2548 39.598 3
      vertex -41.3657 38.5373 3
      vertex -41.3657 40.6586 3
    endloop
  endfacet
  facet normal 0 0 1
    outer loop
      vertex -41.3657 38.5373 3
      vertex -45.2548 39.598 3
      vertex -41.5803 35.9235 3
    endloop
  endfacet
  facet normal 0 0 1
    outer loop
      vertex -45.2548 39.598 3
      vertex -41.3657 40.6586 3
      vertex -39.598 45.2548 3
    endloop
  endfacet
  facet normal -0 0 1
    outer loop
      vertex -37.8302 40.6586 3
      vertex -38.52 39.2271 3
      vertex -35.9235 41.5803 3
    endloop
  endfacet
  facet normal 0 -0 1
    outer loop
      vertex -38.52 39.2271 3
      vertex -37.8302 40.6586 3
      vertex -38.8909 39.598 3
    endloop
  endfacet
  facet normal 0 0 1
    outer loop
      vertex -40.3051 39.598 3
      vertex -41.3657 40.6586 3
      vertex -41.3657 38.5373 3
    endloop
  endfacet
  facet normal 0 0 1
    outer loop
      vertex -40.6586 37.8302 3
      vertex -39.2271 38.52 3
      vertex -39.598 38.8909 3
    endloop
  endfacet
  facet normal -0 0 1
    outer loop
      vertex -40.6586 37.8302 3
      vertex -41.5803 35.9235 3
      vertex -39.2271 38.52 3
    endloop
  endfacet
  facet normal 0 0 1
    outer loop
      vertex -41.5803 35.9235 3
      vertex -40.6586 37.8302 3
      vertex -41.3657 38.5373 3
    endloop
  endfacet
  facet normal -0.707107 -0.707107 0
    outer loop
      vertex -39.2271 38.52 3
      vertex -39.598 38.8909 3.8
      vertex -39.598 38.8909 3
    endloop
  endfacet
  facet normal -0.707107 -0.707107 0
    outer loop
      vertex -39.598 38.8909 3.8
      vertex -39.2271 38.52 3
      vertex -39.2271 38.52 3.8
    endloop
  endfacet
  facet normal -0.707107 -0.707107 0
    outer loop
      vertex -40.3051 39.598 3
      vertex -41.3657 40.6586 3.8
      vertex -41.3657 40.6586 3
    endloop
  endfacet
  facet normal -0.707107 -0.707107 0
    outer loop
      vertex -41.3657 40.6586 3.8
      vertex -40.3051 39.598 3
      vertex -40.3051 39.598 3.8
    endloop
  endfacet
  facet normal 0.707107 0.707107 0
    outer loop
      vertex -38.52 39.2271 3.8
      vertex -38.8909 39.598 3
      vertex -38.8909 39.598 3.8
    endloop
  endfacet
  facet normal 0.707107 0.707107 0
    outer loop
      vertex -38.8909 39.598 3
      vertex -38.52 39.2271 3.8
      vertex -38.52 39.2271 3
    endloop
  endfacet
  facet normal 0.707107 0.707107 -0
    outer loop
      vertex -39.598 40.3051 3
      vertex -40.6586 41.3657 3.8
      vertex -39.598 40.3051 3.8
    endloop
  endfacet
  facet normal 0.707107 0.707107 0
    outer loop
      vertex -40.6586 41.3657 3.8
      vertex -39.598 40.3051 3
      vertex -40.6586 41.3657 3
    endloop
  endfacet
  facet normal -0.70714 0.707073 0
    outer loop
      vertex -41.3657 38.5373 3
      vertex -40.3051 39.598 3.8
      vertex -40.3051 39.598 3
    endloop
  endfacet
  facet normal -0.70714 0.707073 0
    outer loop
      vertex -40.3051 39.598 3.8
      vertex -41.3657 38.5373 3
      vertex -41.3657 38.5373 3.8
    endloop
  endfacet
  facet normal -0.707073 0.70714 0
    outer loop
      vertex -38.5373 41.3657 3
      vertex -39.598 40.3051 3.8
      vertex -38.5373 41.3657 3.8
    endloop
  endfacet
  facet normal -0.707073 0.70714 0
    outer loop
      vertex -39.598 40.3051 3.8
      vertex -38.5373 41.3657 3
      vertex -39.598 40.3051 3
    endloop
  endfacet
  facet normal 0.70714 -0.707073 0
    outer loop
      vertex -40.6586 37.8302 3.8
      vertex -39.598 38.8909 3
      vertex -39.598 38.8909 3.8
    endloop
  endfacet
  facet normal 0.70714 -0.707073 0
    outer loop
      vertex -39.598 38.8909 3
      vertex -40.6586 37.8302 3.8
      vertex -40.6586 37.8302 3
    endloop
  endfacet
  facet normal 0.707073 -0.70714 0
    outer loop
      vertex -38.8909 39.598 3.8
      vertex -37.8302 40.6586 3
      vertex -37.8302 40.6586 3.8
    endloop
  endfacet
  facet normal 0.707073 -0.70714 0
    outer loop
      vertex -37.8302 40.6586 3
      vertex -38.8909 39.598 3.8
      vertex -38.8909 39.598 3
    endloop
  endfacet
  facet normal -0.707107 -0.707107 0
    outer loop
      vertex -40.6586 37.8302 3
      vertex -41.3657 38.5373 3.8
      vertex -41.3657 38.5373 3
    endloop
  endfacet
  facet normal -0.707107 -0.707107 0
    outer loop
      vertex -41.3657 38.5373 3.8
      vertex -40.6586 37.8302 3
      vertex -40.6586 37.8302 3.8
    endloop
  endfacet
  facet normal 0.707107 0.707107 -0
    outer loop
      vertex -37.8302 40.6586 3
      vertex -38.5373 41.3657 3.8
      vertex -37.8302 40.6586 3.8
    endloop
  endfacet
  facet normal 0.707107 0.707107 0
    outer loop
      vertex -38.5373 41.3657 3.8
      vertex -37.8302 40.6586 3
      vertex -38.5373 41.3657 3
    endloop
  endfacet
  facet normal -0.707107 0.707107 0
    outer loop
      vertex -45.2548 39.598 0
      vertex -39.598 45.2548 3
      vertex -39.598 45.2548 0
    endloop
  endfacet
  facet normal -0.707107 0.707107 0
    outer loop
      vertex -39.598 45.2548 3
      vertex -45.2548 39.598 0
      vertex -45.2548 39.598 3
    endloop
  endfacet
  facet normal -0.707107 -0.707107 0
    outer loop
      vertex -41.5803 35.9235 0
      vertex -45.2548 39.598 3
      vertex -45.2548 39.598 0
    endloop
  endfacet
  facet normal -0.707107 -0.707107 0
    outer loop
      vertex -45.2548 39.598 3
      vertex -41.5803 35.9235 0
      vertex -41.5803 35.9235 3
    endloop
  endfacet
  facet normal 0.707107 0.707107 -0
    outer loop
      vertex -35.9235 41.5803 0
      vertex -39.598 45.2548 3
      vertex -35.9235 41.5803 3
    endloop
  endfacet
  facet normal 0.707107 0.707107 0
    outer loop
      vertex -39.598 45.2548 3
      vertex -35.9235 41.5803 0
      vertex -39.598 45.2548 0
    endloop
  endfacet
  facet normal -1 0 0
    outer loop
      vertex -60 -4 0
      vertex -60 4 3
      vertex -60 4 0
    endloop
  endfacet
  facet normal -1 -0 0
    outer loop
      vertex -60 4 3
      vertex -60 -4 0
      vertex -60 -4 3
    endloop
  endfacet
  facet normal 0 0 1
    outer loop
      vertex -54.8035 4 3
      vertex -58 0.5 3
      vertex -54.9754 0.5 3
    endloop
  endfacet
  facet normal 0 0 1
    outer loop
      vertex -58 0.5 3
      vertex -60 4 3
      vertex -58 -0.5 3
    endloop
  endfacet
  facet normal -0 0 1
    outer loop
      vertex -60 4 3
      vertex -58 0.5 3
      vertex -54.8035 4 3
    endloop
  endfacet
  facet normal -0 0 1
    outer loop
      vertex -58 -0.5 3
      vertex -54.8035 -4 3
      vertex -54.9754 -0.5 3
    endloop
  endfacet
  facet normal 0 0 1
    outer loop
      vertex -58 -0.5 3
      vertex -60 -4 3
      vertex -54.8035 -4 3
    endloop
  endfacet
  facet normal 0 0 1
    outer loop
      vertex -60 -4 3
      vertex -58 -0.5 3
      vertex -60 4 3
    endloop
  endfacet
  facet normal 0 -1 0
    outer loop
      vertex -60 -4 0
      vertex -54.8035 -4 3
      vertex -60 -4 3
    endloop
  endfacet
  facet normal 0 -1 -0
    outer loop
      vertex -54.8035 -4 3
      vertex -60 -4 0
      vertex -54.8035 -4 0
    endloop
  endfacet
  facet normal 0 1 -0
    outer loop
      vertex -54.8035 4 0
      vertex -60 4 3
      vertex -54.8035 4 3
    endloop
  endfacet
  facet normal 0 1 0
    outer loop
      vertex -60 4 3
      vertex -54.8035 4 0
      vertex -60 4 0
    endloop
  endfacet
  facet normal -1 0 0
    outer loop
      vertex -58 -0.5 3
      vertex -58 0.5 3.8
      vertex -58 0.5 3
    endloop
  endfacet
  facet normal -1 -0 0
    outer loop
      vertex -58 0.5 3.8
      vertex -58 -0.5 3
      vertex -58 -0.5 3.8
    endloop
  endfacet
  facet normal 0 0 1
    outer loop
      vertex -54.9754 0.5 3.8
      vertex -58 0.5 3.8
      vertex -55 0 3.8
    endloop
  endfacet
  facet normal 0 0 1
    outer loop
      vertex -58 -0.5 3.8
      vertex -55 0 3.8
      vertex -58 0.5 3.8
    endloop
  endfacet
  facet normal 0 0 1
    outer loop
      vertex -55 0 3.8
      vertex -58 -0.5 3.8
      vertex -54.9754 -0.5 3.8
    endloop
  endfacet
  facet normal 0 -1 0
    outer loop
      vertex -58 -0.5 3
      vertex -54.9754 -0.5 3.8
      vertex -58 -0.5 3.8
    endloop
  endfacet
  facet normal 0 -1 -0
    outer loop
      vertex -54.9754 -0.5 3.8
      vertex -58 -0.5 3
      vertex -54.9754 -0.5 3
    endloop
  endfacet
  facet normal 0 1 -0
    outer loop
      vertex -54.9754 0.5 3
      vertex -58 0.5 3.8
      vertex -54.9754 0.5 3.8
    endloop
  endfacet
  facet normal 0 1 0
    outer loop
      vertex -58 0.5 3.8
      vertex -54.9754 0.5 3
      vertex -58 0.5 3
    endloop
  endfacet
  facet normal -0.707107 -0.707107 0
    outer loop
      vertex -40.6586 -41.3657 3
      vertex -41.3657 -40.6586 3.8
      vertex -41.3657 -40.6586 3
    endloop
  endfacet
  facet normal -0.707107 -0.707107 0
    outer loop
      vertex -41.3657 -40.6586 3.8
      vertex -40.6586 -41.3657 3
      vertex -40.6586 -41.3657 3.8
    endloop
  endfacet
  facet normal 0 0 1
    outer loop
      vertex -38.8909 -38.8909 3.8
      vertex -38.8909 -39.598 3.8
      vertex -38.52 -39.2271 3.8
    endloop
  endfacet
  facet normal 0 0 1
    outer loop
      vertex -39.598 -38.8909 3.8
      vertex -38.8909 -38.8909 3.8
      vertex -39.2271 -38.52 3.8
    endloop
  endfacet
  facet normal 0 0 1
    outer loop
      vertex -38.8909 -39.598 3.8
      vertex -38.5373 -41.3657 3.8
      vertex -37.8302 -40.6586 3.8
    endloop
  endfacet
  facet normal 0 0 1
    outer loop
      vertex -38.8909 -38.8909 3.8
      vertex -39.598 -38.8909 3.8
      vertex -38.8909 -39.598 3.8
    endloop
  endfacet
  facet normal 0 0 1
    outer loop
      vertex -38.8909 -39.598 3.8
      vertex -39.598 -38.8909 3.8
      vertex -39.598 -40.3051 3.8
    endloop
  endfacet
  facet normal 0 0 1
    outer loop
      vertex -38.8909 -39.598 3.8
      vertex -39.598 -40.3051 3.8
      vertex -38.5373 -41.3657 3.8
    endloop
  endfacet
  facet normal 0 0 1
    outer loop
      vertex -39.598 -38.8909 3.8
      vertex -40.3051 -39.598 3.8
      vertex -39.598 -40.3051 3.8
    endloop
  endfacet
  facet normal 0 0 1
    outer loop
      vertex -40.6586 -37.8302 3.8
      vertex -40.3051 -39.598 3.8
      vertex -39.598 -38.8909 3.8
    endloop
  endfacet
  facet normal 0 0 1
    outer loop
      vertex -40.3051 -39.598 3.8
      vertex -40.6586 -37.8302 3.8
      vertex -41.3657 -38.5373 3.8
    endloop
  endfacet
  facet normal 0 0 1
    outer loop
      vertex -40.3051 -39.598 3.8
      vertex -40.6586 -41.3657 3.8
      vertex -39.598 -40.3051 3.8
    endloop
  endfacet
  facet normal 0 -0 1
    outer loop
      vertex -40.6586 -41.3657 3.8
      vertex -40.3051 -39.598 3.8
      vertex -41.3657 -40.6586 3.8
    endloop
  endfacet
  facet normal 0 0 1
    outer loop
      vertex -39.2271 -38.52 3
      vertex -40.6586 -37.8302 3
      vertex -39.598 -38.8909 3
    endloop
  endfacet
  facet normal 0 0 1
    outer loop
      vertex -45.2548 -39.598 3
      vertex -41.3657 -38.5373 3
      vertex -41.5803 -35.9235 3
    endloop
  endfacet
  facet normal 0 0 1
    outer loop
      vertex -40.6586 -37.8302 3
      vertex -41.5803 -35.9235 3
      vertex -41.3657 -38.5373 3
    endloop
  endfacet
  facet normal 0 0 1
    outer loop
      vertex -41.5803 -35.9235 3
      vertex -40.6586 -37.8302 3
      vertex -39.2271 -38.52 3
    endloop
  endfacet
  facet normal 0 0 1
    outer loop
      vertex -40.3051 -39.598 3
      vertex -41.3657 -38.5373 3
      vertex -41.3657 -40.6586 3
    endloop
  endfacet
  facet normal 0 0 1
    outer loop
      vertex -38.52 -39.2271 3
      vertex -37.8302 -40.6586 3
      vertex -35.9235 -41.5803 3
    endloop
  endfacet
  facet normal 0 0 1
    outer loop
      vertex -37.8302 -40.6586 3
      vertex -38.52 -39.2271 3
      vertex -38.8909 -39.598 3
    endloop
  endfacet
  facet normal -0 0 1
    outer loop
      vertex -38.5373 -41.3657 3
      vertex -35.9235 -41.5803 3
      vertex -37.8302 -40.6586 3
    endloop
  endfacet
  facet normal 0 0 1
    outer loop
      vertex -38.5373 -41.3657 3
      vertex -39.598 -45.2548 3
      vertex -35.9235 -41.5803 3
    endloop
  endfacet
  facet normal 0 0 1
    outer loop
      vertex -40.6586 -41.3657 3
      vertex -38.5373 -41.3657 3
      vertex -39.598 -40.3051 3
    endloop
  endfacet
  facet normal 0 0 1
    outer loop
      vertex -38.5373 -41.3657 3
      vertex -40.6586 -41.3657 3
      vertex -39.598 -45.2548 3
    endloop
  endfacet
  facet normal 0 0 1
    outer loop
      vertex -41.3657 -40.6586 3
      vertex -39.598 -45.2548 3
      vertex -40.6586 -41.3657 3
    endloop
  endfacet
  facet normal 0 0 1
    outer loop
      vertex -41.3657 -40.6586 3
      vertex -45.2548 -39.598 3
      vertex -39.598 -45.2548 3
    endloop
  endfacet
  facet normal 0 0 1
    outer loop
      vertex -41.3657 -38.5373 3
      vertex -45.2548 -39.598 3
      vertex -41.3657 -40.6586 3
    endloop
  endfacet
  facet normal 0.707107 -0.707107 0
    outer loop
      vertex -38.8909 -39.598 3.8
      vertex -38.52 -39.2271 3
      vertex -38.52 -39.2271 3.8
    endloop
  endfacet
  facet normal 0.707107 -0.707107 0
    outer loop
      vertex -38.52 -39.2271 3
      vertex -38.8909 -39.598 3.8
      vertex -38.8909 -39.598 3
    endloop
  endfacet
  facet normal 0.707107 -0.707107 0
    outer loop
      vertex -40.6586 -41.3657 3
      vertex -39.598 -40.3051 3.8
      vertex -40.6586 -41.3657 3.8
    endloop
  endfacet
  facet normal 0.707107 -0.707107 0
    outer loop
      vertex -39.598 -40.3051 3.8
      vertex -40.6586 -41.3657 3
      vertex -39.598 -40.3051 3
    endloop
  endfacet
  facet normal -0.707107 0.707107 0
    outer loop
      vertex -39.598 -38.8909 3
      vertex -39.2271 -38.52 3.8
      vertex -39.2271 -38.52 3
    endloop
  endfacet
  facet normal -0.707107 0.707107 0
    outer loop
      vertex -39.2271 -38.52 3.8
      vertex -39.598 -38.8909 3
      vertex -39.598 -38.8909 3.8
    endloop
  endfacet
  facet normal -0.707107 0.707107 0
    outer loop
      vertex -41.3657 -40.6586 3
      vertex -40.3051 -39.598 3.8
      vertex -40.3051 -39.598 3
    endloop
  endfacet
  facet normal -0.707107 0.707107 0
    outer loop
      vertex -40.3051 -39.598 3.8
      vertex -41.3657 -40.6586 3
      vertex -41.3657 -40.6586 3.8
    endloop
  endfacet
  facet normal -0.707073 -0.70714 0
    outer loop
      vertex -39.598 -40.3051 3
      vertex -38.5373 -41.3657 3.8
      vertex -39.598 -40.3051 3.8
    endloop
  endfacet
  facet normal -0.707073 -0.70714 -0
    outer loop
      vertex -38.5373 -41.3657 3.8
      vertex -39.598 -40.3051 3
      vertex -38.5373 -41.3657 3
    endloop
  endfacet
  facet normal -0.70714 -0.707073 0
    outer loop
      vertex -40.3051 -39.598 3
      vertex -41.3657 -38.5373 3.8
      vertex -41.3657 -38.5373 3
    endloop
  endfacet
  facet normal -0.70714 -0.707073 0
    outer loop
      vertex -41.3657 -38.5373 3.8
      vertex -40.3051 -39.598 3
      vertex -40.3051 -39.598 3.8
    endloop
  endfacet
  facet normal 0.707073 0.70714 0
    outer loop
      vertex -37.8302 -40.6586 3.8
      vertex -38.8909 -39.598 3
      vertex -38.8909 -39.598 3.8
    endloop
  endfacet
  facet normal 0.707073 0.70714 0
    outer loop
      vertex -38.8909 -39.598 3
      vertex -37.8302 -40.6586 3.8
      vertex -37.8302 -40.6586 3
    endloop
  endfacet
  facet normal 0.70714 0.707073 0
    outer loop
      vertex -39.598 -38.8909 3.8
      vertex -40.6586 -37.8302 3
      vertex -40.6586 -37.8302 3.8
    endloop
  endfacet
  facet normal 0.70714 0.707073 0
    outer loop
      vertex -40.6586 -37.8302 3
      vertex -39.598 -38.8909 3.8
      vertex -39.598 -38.8909 3
    endloop
  endfacet
  facet normal 0.707107 -0.707107 0
    outer loop
      vertex -38.5373 -41.3657 3
      vertex -37.8302 -40.6586 3.8
      vertex -38.5373 -41.3657 3.8
    endloop
  endfacet
  facet normal 0.707107 -0.707107 0
    outer loop
      vertex -37.8302 -40.6586 3.8
      vertex -38.5373 -41.3657 3
      vertex -37.8302 -40.6586 3
    endloop
  endfacet
  facet normal -0.707107 0.707107 0
    outer loop
      vertex -41.3657 -38.5373 3
      vertex -40.6586 -37.8302 3.8
      vertex -40.6586 -37.8302 3
    endloop
  endfacet
  facet normal -0.707107 0.707107 0
    outer loop
      vertex -40.6586 -37.8302 3.8
      vertex -41.3657 -38.5373 3
      vertex -41.3657 -38.5373 3.8
    endloop
  endfacet
  facet normal -0.707107 -0.707107 0
    outer loop
      vertex -39.598 -45.2548 0
      vertex -45.2548 -39.598 3
      vertex -45.2548 -39.598 0
    endloop
  endfacet
  facet normal -0.707107 -0.707107 0
    outer loop
      vertex -45.2548 -39.598 3
      vertex -39.598 -45.2548 0
      vertex -39.598 -45.2548 3
    endloop
  endfacet
  facet normal 0.707107 -0.707107 0
    outer loop
      vertex -39.598 -45.2548 0
      vertex -35.9235 -41.5803 3
      vertex -39.598 -45.2548 3
    endloop
  endfacet
  facet normal 0.707107 -0.707107 0
    outer loop
      vertex -35.9235 -41.5803 3
      vertex -39.598 -45.2548 0
      vertex -35.9235 -41.5803 0
    endloop
  endfacet
  facet normal -0.707107 0.707107 0
    outer loop
      vertex -45.2548 -39.598 0
      vertex -41.5803 -35.9235 3
      vertex -41.5803 -35.9235 0
    endloop
  endfacet
  facet normal -0.707107 0.707107 0
    outer loop
      vertex -41.5803 -35.9235 3
      vertex -45.2548 -39.598 0
      vertex -45.2548 -39.598 3
    endloop
  endfacet
  facet normal 0 -1 0
    outer loop
      vertex -4 -60 0
      vertex 4 -60 3
      vertex -4 -60 3
    endloop
  endfacet
  facet normal 0 -1 -0
    outer loop
      vertex 4 -60 3
      vertex -4 -60 0
      vertex 4 -60 0
    endloop
  endfacet
  facet normal 0 0 1
    outer loop
      vertex -0.5 -54.9754 3
      vertex -4 -54.8035 3
      vertex -0.5 -58 3
    endloop
  endfacet
  facet normal 0 0 1
    outer loop
      vertex 0.5 -58 3
      vertex 4 -54.8035 3
      vertex 0.5 -54.9754 3
    endloop
  endfacet
  facet normal 0 0 1
    outer loop
      vertex 4 -54.8035 3
      vertex 0.5 -58 3
      vertex 4 -60 3
    endloop
  endfacet
  facet normal -0 0 1
    outer loop
      vertex -0.5 -58 3
      vertex 4 -60 3
      vertex 0.5 -58 3
    endloop
  endfacet
  facet normal 0 0 1
    outer loop
      vertex -0.5 -58 3
      vertex -4 -60 3
      vertex 4 -60 3
    endloop
  endfacet
  facet normal 0 0 1
    outer loop
      vertex -4 -60 3
      vertex -0.5 -58 3
      vertex -4 -54.8035 3
    endloop
  endfacet
  facet normal 1 -0 0
    outer loop
      vertex 4 -60 3
      vertex 4 -54.8035 0
      vertex 4 -54.8035 3
    endloop
  endfacet
  facet normal 1 0 0
    outer loop
      vertex 4 -54.8035 0
      vertex 4 -60 3
      vertex 4 -60 0
    endloop
  endfacet
  facet normal -1 0 0
    outer loop
      vertex -4 -60 0
      vertex -4 -54.8035 3
      vertex -4 -54.8035 0
    endloop
  endfacet
  facet normal -1 -0 0
    outer loop
      vertex -4 -54.8035 3
      vertex -4 -60 0
      vertex -4 -60 3
    endloop
  endfacet
  facet normal 0 -1 0
    outer loop
      vertex -0.5 -58 3
      vertex 0.5 -58 3.8
      vertex -0.5 -58 3.8
    endloop
  endfacet
  facet normal 0 -1 -0
    outer loop
      vertex 0.5 -58 3.8
      vertex -0.5 -58 3
      vertex 0.5 -58 3
    endloop
  endfacet
  facet normal -0 0 1
    outer loop
      vertex 0 -55 3.8
      vertex 0.5 -58 3.8
      vertex 0.5 -54.9754 3.8
    endloop
  endfacet
  facet normal 0 0 1
    outer loop
      vertex -0.5 -58 3.8
      vertex 0 -55 3.8
      vertex -0.5 -54.9754 3.8
    endloop
  endfacet
  facet normal 0 0 1
    outer loop
      vertex 0 -55 3.8
      vertex -0.5 -58 3.8
      vertex 0.5 -58 3.8
    endloop
  endfacet
  facet normal 1 -0 0
    outer loop
      vertex 0.5 -58 3.8
      vertex 0.5 -54.9754 3
      vertex 0.5 -54.9754 3.8
    endloop
  endfacet
  facet normal 1 0 0
    outer loop
      vertex 0.5 -54.9754 3
      vertex 0.5 -58 3.8
      vertex 0.5 -58 3
    endloop
  endfacet
  facet normal -1 0 0
    outer loop
      vertex -0.5 -58 3
      vertex -0.5 -54.9754 3.8
      vertex -0.5 -54.9754 3
    endloop
  endfacet
  facet normal -1 -0 0
    outer loop
      vertex -0.5 -54.9754 3.8
      vertex -0.5 -58 3
      vertex -0.5 -58 3.8
    endloop
  endfacet
  facet normal 0.707107 -0.707107 0
    outer loop
      vertex 40.6586 -41.3657 3.8
      vertex 41.3657 -40.6586 3
      vertex 41.3657 -40.6586 3.8
    endloop
  endfacet
  facet normal 0.707107 -0.707107 0
    outer loop
      vertex 41.3657 -40.6586 3
      vertex 40.6586 -41.3657 3.8
      vertex 40.6586 -41.3657 3
    endloop
  endfacet
  facet normal 0 0 1
    outer loop
      vertex 40.6586 -37.8302 3.8
      vertex 40.3051 -39.598 3.8
      vertex 41.3657 -38.5373 3.8
    endloop
  endfacet
  facet normal 0 -0 1
    outer loop
      vertex 40.3051 -39.598 3.8
      vertex 40.6586 -37.8302 3.8
      vertex 39.598 -38.8909 3.8
    endloop
  endfacet
  facet normal 0 0 1
    outer loop
      vertex 40.3051 -39.598 3.8
      vertex 40.6586 -41.3657 3.8
      vertex 41.3657 -40.6586 3.8
    endloop
  endfacet
  facet normal 0 0 1
    outer loop
      vertex 39.598 -40.3051 3.8
      vertex 40.3051 -39.598 3.8
      vertex 39.598 -38.8909 3.8
    endloop
  endfacet
  facet normal 0 0 1
    outer loop
      vertex 40.3051 -39.598 3.8
      vertex 39.598 -40.3051 3.8
      vertex 40.6586 -41.3657 3.8
    endloop
  endfacet
  facet normal 0 0 1
    outer loop
      vertex 38.8909 -38.8909 3.8
      vertex 39.598 -38.8909 3.8
      vertex 39.2271 -38.52 3.8
    endloop
  endfacet
  facet normal 0 0 1
    outer loop
      vertex 39.598 -38.8909 3.8
      vertex 38.8909 -38.8909 3.8
      vertex 38.8909 -39.598 3.8
    endloop
  endfacet
  facet normal 0 0 1
    outer loop
      vertex 39.598 -38.8909 3.8
      vertex 38.8909 -39.598 3.8
      vertex 39.598 -40.3051 3.8
    endloop
  endfacet
  facet normal 0 0 1
    outer loop
      vertex 38.8909 -39.598 3.8
      vertex 38.5373 -41.3657 3.8
      vertex 39.598 -40.3051 3.8
    endloop
  endfacet
  facet normal 0 -0 1
    outer loop
      vertex 38.5373 -41.3657 3.8
      vertex 38.8909 -39.598 3.8
      vertex 37.8302 -40.6586 3.8
    endloop
  endfacet
  facet normal 0 0 1
    outer loop
      vertex 38.8909 -38.8909 3.8
      vertex 38.52 -39.2271 3.8
      vertex 38.8909 -39.598 3.8
    endloop
  endfacet
  facet normal 0 0 1
    outer loop
      vertex 38.52 -39.2271 3
      vertex 37.8302 -40.6586 3
      vertex 38.8909 -39.598 3
    endloop
  endfacet
  facet normal 0 -0 1
    outer loop
      vertex 37.8302 -40.6586 3
      vertex 38.52 -39.2271 3
      vertex 35.9235 -41.5803 3
    endloop
  endfacet
  facet normal 0 0 1
    outer loop
      vertex 41.3657 -38.5373 3
      vertex 40.3051 -39.598 3
      vertex 41.3657 -40.6586 3
    endloop
  endfacet
  facet normal 0 0 1
    outer loop
      vertex 41.5803 -35.9235 3
      vertex 40.6586 -37.8302 3
      vertex 41.3657 -38.5373 3
    endloop
  endfacet
  facet normal 0 0 1
    outer loop
      vertex 39.2271 -38.52 3
      vertex 40.6586 -37.8302 3
      vertex 41.5803 -35.9235 3
    endloop
  endfacet
  facet normal 0 0 1
    outer loop
      vertex 40.6586 -37.8302 3
      vertex 39.2271 -38.52 3
      vertex 39.598 -38.8909 3
    endloop
  endfacet
  facet normal -0 0 1
    outer loop
      vertex 41.3657 -38.5373 3
      vertex 45.2548 -39.598 3
      vertex 41.5803 -35.9235 3
    endloop
  endfacet
  facet normal 0 0 1
    outer loop
      vertex 41.3657 -40.6586 3
      vertex 45.2548 -39.598 3
      vertex 41.3657 -38.5373 3
    endloop
  endfacet
  facet normal 0 0 1
    outer loop
      vertex 40.6586 -41.3657 3
      vertex 45.2548 -39.598 3
      vertex 41.3657 -40.6586 3
    endloop
  endfacet
  facet normal -0 0 1
    outer loop
      vertex 40.6586 -41.3657 3
      vertex 39.598 -45.2548 3
      vertex 45.2548 -39.598 3
    endloop
  endfacet
  facet normal 0 0 1
    outer loop
      vertex 38.5373 -41.3657 3
      vertex 40.6586 -41.3657 3
      vertex 39.598 -40.3051 3
    endloop
  endfacet
  facet normal 0 0 1
    outer loop
      vertex 40.6586 -41.3657 3
      vertex 38.5373 -41.3657 3
      vertex 39.598 -45.2548 3
    endloop
  endfacet
  facet normal 0 0 1
    outer loop
      vertex 35.9235 -41.5803 3
      vertex 38.5373 -41.3657 3
      vertex 37.8302 -40.6586 3
    endloop
  endfacet
  facet normal 0 0 1
    outer loop
      vertex 38.5373 -41.3657 3
      vertex 35.9235 -41.5803 3
      vertex 39.598 -45.2548 3
    endloop
  endfacet
  facet normal 0.707107 0.707107 0
    outer loop
      vertex 39.598 -38.8909 3.8
      vertex 39.2271 -38.52 3
      vertex 39.2271 -38.52 3.8
    endloop
  endfacet
  facet normal 0.707107 0.707107 0
    outer loop
      vertex 39.2271 -38.52 3
      vertex 39.598 -38.8909 3.8
      vertex 39.598 -38.8909 3
    endloop
  endfacet
  facet normal 0.707107 0.707107 0
    outer loop
      vertex 41.3657 -40.6586 3.8
      vertex 40.3051 -39.598 3
      vertex 40.3051 -39.598 3.8
    endloop
  endfacet
  facet normal 0.707107 0.707107 0
    outer loop
      vertex 40.3051 -39.598 3
      vertex 41.3657 -40.6586 3.8
      vertex 41.3657 -40.6586 3
    endloop
  endfacet
  facet normal -0.707107 -0.707107 0
    outer loop
      vertex 38.8909 -39.598 3
      vertex 38.52 -39.2271 3.8
      vertex 38.52 -39.2271 3
    endloop
  endfacet
  facet normal -0.707107 -0.707107 0
    outer loop
      vertex 38.52 -39.2271 3.8
      vertex 38.8909 -39.598 3
      vertex 38.8909 -39.598 3.8
    endloop
  endfacet
  facet normal -0.707107 -0.707107 0
    outer loop
      vertex 39.598 -40.3051 3
      vertex 40.6586 -41.3657 3.8
      vertex 39.598 -40.3051 3.8
    endloop
  endfacet
  facet normal -0.707107 -0.707107 -0
    outer loop
      vertex 40.6586 -41.3657 3.8
      vertex 39.598 -40.3051 3
      vertex 40.6586 -41.3657 3
    endloop
  endfacet
  facet normal 0.70714 -0.707073 0
    outer loop
      vertex 40.3051 -39.598 3.8
      vertex 41.3657 -38.5373 3
      vertex 41.3657 -38.5373 3.8
    endloop
  endfacet
  facet normal 0.70714 -0.707073 0
    outer loop
      vertex 41.3657 -38.5373 3
      vertex 40.3051 -39.598 3.8
      vertex 40.3051 -39.598 3
    endloop
  endfacet
  facet normal 0.707073 -0.70714 0
    outer loop
      vertex 38.5373 -41.3657 3
      vertex 39.598 -40.3051 3.8
      vertex 38.5373 -41.3657 3.8
    endloop
  endfacet
  facet normal 0.707073 -0.70714 0
    outer loop
      vertex 39.598 -40.3051 3.8
      vertex 38.5373 -41.3657 3
      vertex 39.598 -40.3051 3
    endloop
  endfacet
  facet normal -0.70714 0.707073 0
    outer loop
      vertex 39.598 -38.8909 3
      vertex 40.6586 -37.8302 3.8
      vertex 40.6586 -37.8302 3
    endloop
  endfacet
  facet normal -0.70714 0.707073 0
    outer loop
      vertex 40.6586 -37.8302 3.8
      vertex 39.598 -38.8909 3
      vertex 39.598 -38.8909 3.8
    endloop
  endfacet
  facet normal -0.707073 0.70714 0
    outer loop
      vertex 37.8302 -40.6586 3
      vertex 38.8909 -39.598 3.8
      vertex 38.8909 -39.598 3
    endloop
  endfacet
  facet normal -0.707073 0.70714 0
    outer loop
      vertex 38.8909 -39.598 3.8
      vertex 37.8302 -40.6586 3
      vertex 37.8302 -40.6586 3.8
    endloop
  endfacet
  facet normal 0.707107 0.707107 0
    outer loop
      vertex 41.3657 -38.5373 3.8
      vertex 40.6586 -37.8302 3
      vertex 40.6586 -37.8302 3.8
    endloop
  endfacet
  facet normal 0.707107 0.707107 0
    outer loop
      vertex 40.6586 -37.8302 3
      vertex 41.3657 -38.5373 3.8
      vertex 41.3657 -38.5373 3
    endloop
  endfacet
  facet normal -0.707107 -0.707107 0
    outer loop
      vertex 37.8302 -40.6586 3
      vertex 38.5373 -41.3657 3.8
      vertex 37.8302 -40.6586 3.8
    endloop
  endfacet
  facet normal -0.707107 -0.707107 -0
    outer loop
      vertex 38.5373 -41.3657 3.8
      vertex 37.8302 -40.6586 3
      vertex 38.5373 -41.3657 3
    endloop
  endfacet
  facet normal 0.707107 -0.707107 0
    outer loop
      vertex 39.598 -45.2548 3
      vertex 45.2548 -39.598 0
      vertex 45.2548 -39.598 3
    endloop
  endfacet
  facet normal 0.707107 -0.707107 0
    outer loop
      vertex 45.2548 -39.598 0
      vertex 39.598 -45.2548 3
      vertex 39.598 -45.2548 0
    endloop
  endfacet
  facet normal 0.707107 0.707107 0
    outer loop
      vertex 45.2548 -39.598 3
      vertex 41.5803 -35.9235 0
      vertex 41.5803 -35.9235 3
    endloop
  endfacet
  facet normal 0.707107 0.707107 0
    outer loop
      vertex 41.5803 -35.9235 0
      vertex 45.2548 -39.598 3
      vertex 45.2548 -39.598 0
    endloop
  endfacet
  facet normal -0.707107 -0.707107 0
    outer loop
      vertex 35.9235 -41.5803 0
      vertex 39.598 -45.2548 3
      vertex 35.9235 -41.5803 3
    endloop
  endfacet
  facet normal -0.707107 -0.707107 -0
    outer loop
      vertex 39.598 -45.2548 3
      vertex 35.9235 -41.5803 0
      vertex 39.598 -45.2548 0
    endloop
  endfacet
endsolid OpenSCAD_Model
