solid OpenSCAD_Model
  facet normal 0.242989 0.970029 -0
    outer loop
      vertex 33.0198 -9.95497 2.8
      vertex 32.0536 -9.71294 6
      vertex 33.0198 -9.95497 6
    endloop
  endfacet
  facet normal 0.242989 0.970029 0
    outer loop
      vertex 32.0536 -9.71294 6
      vertex 33.0198 -9.95497 2.8
      vertex 32.0536 -9.71294 2.8
    endloop
  endfacet
  facet normal -0.989185 -0.146676 0
    outer loop
      vertex 45.1011 0.994873 2.8
      vertex 44.955 1.98017 6
      vertex 44.955 1.98017 2.8
    endloop
  endfacet
  facet normal -0.989185 -0.146676 0
    outer loop
      vertex 44.955 1.98017 6
      vertex 45.1011 0.994873 2.8
      vertex 45.1011 0.994873 6
    endloop
  endfacet
  facet normal -0.998794 -0.0490927 0
    outer loop
      vertex 45.15 0 2.8
      vertex 45.1011 0.994873 6
      vertex 45.1011 0.994873 2.8
    endloop
  endfacet
  facet normal -0.998794 -0.0490927 0
    outer loop
      vertex 45.1011 0.994873 6
      vertex 45.15 0 2.8
      vertex 45.15 0 6
    endloop
  endfacet
  facet normal -0.970014 -0.243051 0
    outer loop
      vertex 44.955 1.98017 2.8
      vertex 44.7129 2.94639 6
      vertex 44.7129 2.94639 2.8
    endloop
  endfacet
  facet normal -0.970014 -0.243051 0
    outer loop
      vertex 44.7129 2.94639 6
      vertex 44.955 1.98017 2.8
      vertex 44.955 1.98017 6
    endloop
  endfacet
  facet normal -0.998794 0.0490927 0
    outer loop
      vertex 45.1011 -0.994873 2.8
      vertex 45.15 0 6
      vertex 45.15 0 2.8
    endloop
  endfacet
  facet normal -0.998794 0.0490927 0
    outer loop
      vertex 45.15 0 6
      vertex 45.1011 -0.994873 2.8
      vertex 45.1011 -0.994873 6
    endloop
  endfacet
  facet normal -0.146705 -0.98918 0
    outer loop
      vertex 35.9949 10.1011 2.8
      vertex 36.9802 9.95497 6
      vertex 35.9949 10.1011 6
    endloop
  endfacet
  facet normal -0.146705 -0.98918 -0
    outer loop
      vertex 36.9802 9.95497 6
      vertex 35.9949 10.1011 2.8
      vertex 36.9802 9.95497 2.8
    endloop
  endfacet
  facet normal -0.90398 0.427574 0
    outer loop
      vertex 43.9515 -4.78468 2.8
      vertex 44.3774 -3.88424 6
      vertex 44.3774 -3.88424 2.8
    endloop
  endfacet
  facet normal -0.90398 0.427574 0
    outer loop
      vertex 44.3774 -3.88424 6
      vertex 43.9515 -4.78468 2.8
      vertex 43.9515 -4.78468 6
    endloop
  endfacet
  facet normal -0.595677 0.803224 0
    outer loop
      vertex 41.4391 -7.84606 2.8
      vertex 40.639 -8.43942 6
      vertex 41.4391 -7.84606 6
    endloop
  endfacet
  facet normal -0.595677 0.803224 0
    outer loop
      vertex 40.639 -8.43942 6
      vertex 41.4391 -7.84606 2.8
      vertex 40.639 -8.43942 2.8
    endloop
  endfacet
  facet normal 0.0490914 -0.998794 0
    outer loop
      vertex 34.0051 10.1011 2.8
      vertex 35 10.15 6
      vertex 34.0051 10.1011 6
    endloop
  endfacet
  facet normal 0.0490914 -0.998794 0
    outer loop
      vertex 35 10.15 6
      vertex 34.0051 10.1011 2.8
      vertex 35 10.15 2.8
    endloop
  endfacet
  facet normal 0.427535 0.903999 -0
    outer loop
      vertex 31.1158 -9.37738 2.8
      vertex 30.2153 -8.9515 6
      vertex 31.1158 -9.37738 6
    endloop
  endfacet
  facet normal 0.427535 0.903999 0
    outer loop
      vertex 30.2153 -8.9515 6
      vertex 31.1158 -9.37738 2.8
      vertex 30.2153 -8.9515 2.8
    endloop
  endfacet
  facet normal 0.803235 0.595662 0
    outer loop
      vertex 27.1539 -6.43909 6
      vertex 26.5606 -5.63904 2.8
      vertex 26.5606 -5.63904 6
    endloop
  endfacet
  facet normal 0.803235 0.595662 0
    outer loop
      vertex 26.5606 -5.63904 2.8
      vertex 27.1539 -6.43909 6
      vertex 27.1539 -6.43909 2.8
    endloop
  endfacet
  facet normal -0.803235 0.595662 0
    outer loop
      vertex 42.8461 -6.43909 2.8
      vertex 43.4394 -5.63904 6
      vertex 43.4394 -5.63904 2.8
    endloop
  endfacet
  facet normal -0.803235 0.595662 0
    outer loop
      vertex 43.4394 -5.63904 6
      vertex 42.8461 -6.43909 2.8
      vertex 42.8461 -6.43909 6
    endloop
  endfacet
  facet normal -0.0490914 0.998794 0
    outer loop
      vertex 35.9949 -10.1011 2.8
      vertex 35 -10.15 6
      vertex 35.9949 -10.1011 6
    endloop
  endfacet
  facet normal -0.0490914 0.998794 0
    outer loop
      vertex 35 -10.15 6
      vertex 35.9949 -10.1011 2.8
      vertex 35 -10.15 2.8
    endloop
  endfacet
  facet normal 0.671584 -0.740928 0
    outer loop
      vertex 27.8229 7.17713 2.8
      vertex 28.5609 7.84606 6
      vertex 27.8229 7.17713 6
    endloop
  endfacet
  facet normal 0.671584 -0.740928 0
    outer loop
      vertex 28.5609 7.84606 6
      vertex 27.8229 7.17713 2.8
      vertex 28.5609 7.84606 2.8
    endloop
  endfacet
  facet normal 0.998794 0.0490927 0
    outer loop
      vertex 24.8989 -0.994873 6
      vertex 24.85 0 2.8
      vertex 24.85 0 6
    endloop
  endfacet
  facet normal 0.998794 0.0490927 0
    outer loop
      vertex 24.85 0 2.8
      vertex 24.8989 -0.994873 6
      vertex 24.8989 -0.994873 2.8
    endloop
  endfacet
  facet normal 0.998794 -0.0490927 0
    outer loop
      vertex 24.85 0 6
      vertex 24.8989 0.994873 2.8
      vertex 24.8989 0.994873 6
    endloop
  endfacet
  facet normal 0.998794 -0.0490927 0
    outer loop
      vertex 24.8989 0.994873 2.8
      vertex 24.85 0 6
      vertex 24.85 0 2.8
    endloop
  endfacet
  facet normal -0.740911 -0.671603 0
    outer loop
      vertex 42.8461 6.43909 2.8
      vertex 42.1771 7.17713 6
      vertex 42.1771 7.17713 2.8
    endloop
  endfacet
  facet normal -0.740911 -0.671603 0
    outer loop
      vertex 42.1771 7.17713 6
      vertex 42.8461 6.43909 2.8
      vertex 42.8461 6.43909 6
    endloop
  endfacet
  facet normal -0.989185 0.146676 0
    outer loop
      vertex 44.955 -1.98017 2.8
      vertex 45.1011 -0.994873 6
      vertex 45.1011 -0.994873 2.8
    endloop
  endfacet
  facet normal -0.989185 0.146676 0
    outer loop
      vertex 45.1011 -0.994873 6
      vertex 44.955 -1.98017 2.8
      vertex 44.955 -1.98017 6
    endloop
  endfacet
  facet normal 0.336899 -0.941541 0
    outer loop
      vertex 31.1158 9.37738 2.8
      vertex 32.0536 9.71294 6
      vertex 31.1158 9.37738 6
    endloop
  endfacet
  facet normal 0.336899 -0.941541 0
    outer loop
      vertex 32.0536 9.71294 6
      vertex 31.1158 9.37738 2.8
      vertex 32.0536 9.71294 2.8
    endloop
  endfacet
  facet normal 0.242989 -0.970029 0
    outer loop
      vertex 32.0536 9.71294 2.8
      vertex 33.0198 9.95497 6
      vertex 32.0536 9.71294 6
    endloop
  endfacet
  facet normal 0.242989 -0.970029 0
    outer loop
      vertex 33.0198 9.95497 6
      vertex 32.0536 9.71294 2.8
      vertex 33.0198 9.95497 2.8
    endloop
  endfacet
  facet normal -0.0490914 -0.998794 0
    outer loop
      vertex 35 10.15 2.8
      vertex 35.9949 10.1011 6
      vertex 35 10.15 6
    endloop
  endfacet
  facet normal -0.0490914 -0.998794 -0
    outer loop
      vertex 35.9949 10.1011 6
      vertex 35 10.15 2.8
      vertex 35.9949 10.1011 2.8
    endloop
  endfacet
  facet normal -0.941566 -0.336829 0
    outer loop
      vertex 44.7129 2.94639 2.8
      vertex 44.3774 3.88424 6
      vertex 44.3774 3.88424 2.8
    endloop
  endfacet
  facet normal -0.941566 -0.336829 0
    outer loop
      vertex 44.3774 3.88424 6
      vertex 44.7129 2.94639 2.8
      vertex 44.7129 2.94639 6
    endloop
  endfacet
  facet normal 0.989185 0.146676 0
    outer loop
      vertex 25.045 -1.98017 6
      vertex 24.8989 -0.994873 2.8
      vertex 24.8989 -0.994873 6
    endloop
  endfacet
  facet normal 0.989185 0.146676 0
    outer loop
      vertex 24.8989 -0.994873 2.8
      vertex 25.045 -1.98017 6
      vertex 25.045 -1.98017 2.8
    endloop
  endfacet
  facet normal -0.970014 0.243051 0
    outer loop
      vertex 44.7129 -2.94639 2.8
      vertex 44.955 -1.98017 6
      vertex 44.955 -1.98017 2.8
    endloop
  endfacet
  facet normal -0.970014 0.243051 0
    outer loop
      vertex 44.955 -1.98017 6
      vertex 44.7129 -2.94639 2.8
      vertex 44.7129 -2.94639 6
    endloop
  endfacet
  facet normal 0.857721 -0.514115 0
    outer loop
      vertex 26.0485 4.78468 6
      vertex 26.5606 5.63904 2.8
      vertex 26.5606 5.63904 6
    endloop
  endfacet
  facet normal 0.857721 -0.514115 0
    outer loop
      vertex 26.5606 5.63904 2.8
      vertex 26.0485 4.78468 6
      vertex 26.0485 4.78468 2.8
    endloop
  endfacet
  facet normal 0.146705 -0.98918 0
    outer loop
      vertex 33.0198 9.95497 2.8
      vertex 34.0051 10.1011 6
      vertex 33.0198 9.95497 6
    endloop
  endfacet
  facet normal 0.146705 -0.98918 0
    outer loop
      vertex 34.0051 10.1011 6
      vertex 33.0198 9.95497 2.8
      vertex 34.0051 10.1011 2.8
    endloop
  endfacet
  facet normal -0.90398 -0.427574 0
    outer loop
      vertex 44.3774 3.88424 2.8
      vertex 43.9515 4.78468 6
      vertex 43.9515 4.78468 2.8
    endloop
  endfacet
  facet normal -0.90398 -0.427574 0
    outer loop
      vertex 43.9515 4.78468 6
      vertex 44.3774 3.88424 2.8
      vertex 44.3774 3.88424 6
    endloop
  endfacet
  facet normal 0.595677 -0.803224 0
    outer loop
      vertex 28.5609 7.84606 2.8
      vertex 29.361 8.43942 6
      vertex 28.5609 7.84606 6
    endloop
  endfacet
  facet normal 0.595677 -0.803224 0
    outer loop
      vertex 29.361 8.43942 6
      vertex 28.5609 7.84606 2.8
      vertex 29.361 8.43942 2.8
    endloop
  endfacet
  facet normal -0.427535 -0.903999 0
    outer loop
      vertex 38.8842 9.37738 2.8
      vertex 39.7847 8.9515 6
      vertex 38.8842 9.37738 6
    endloop
  endfacet
  facet normal -0.427535 -0.903999 -0
    outer loop
      vertex 39.7847 8.9515 6
      vertex 38.8842 9.37738 2.8
      vertex 39.7847 8.9515 2.8
    endloop
  endfacet
  facet normal 0.146705 0.98918 -0
    outer loop
      vertex 34.0051 -10.1011 2.8
      vertex 33.0198 -9.95497 6
      vertex 34.0051 -10.1011 6
    endloop
  endfacet
  facet normal 0.146705 0.98918 0
    outer loop
      vertex 33.0198 -9.95497 6
      vertex 34.0051 -10.1011 2.8
      vertex 33.0198 -9.95497 2.8
    endloop
  endfacet
  facet normal -0.857721 0.514115 0
    outer loop
      vertex 43.4394 -5.63904 2.8
      vertex 43.9515 -4.78468 6
      vertex 43.9515 -4.78468 2.8
    endloop
  endfacet
  facet normal -0.857721 0.514115 0
    outer loop
      vertex 43.9515 -4.78468 6
      vertex 43.4394 -5.63904 2.8
      vertex 43.4394 -5.63904 6
    endloop
  endfacet
  facet normal 0.595677 0.803224 -0
    outer loop
      vertex 29.361 -8.43942 2.8
      vertex 28.5609 -7.84606 6
      vertex 29.361 -8.43942 6
    endloop
  endfacet
  facet normal 0.595677 0.803224 0
    outer loop
      vertex 28.5609 -7.84606 6
      vertex 29.361 -8.43942 2.8
      vertex 28.5609 -7.84606 2.8
    endloop
  endfacet
  facet normal 0.857721 0.514115 0
    outer loop
      vertex 26.5606 -5.63904 6
      vertex 26.0485 -4.78468 2.8
      vertex 26.0485 -4.78468 6
    endloop
  endfacet
  facet normal 0.857721 0.514115 0
    outer loop
      vertex 26.0485 -4.78468 2.8
      vertex 26.5606 -5.63904 6
      vertex 26.5606 -5.63904 2.8
    endloop
  endfacet
  facet normal -0.671584 -0.740928 0
    outer loop
      vertex 41.4391 7.84606 2.8
      vertex 42.1771 7.17713 6
      vertex 41.4391 7.84606 6
    endloop
  endfacet
  facet normal -0.671584 -0.740928 -0
    outer loop
      vertex 42.1771 7.17713 6
      vertex 41.4391 7.84606 2.8
      vertex 42.1771 7.17713 2.8
    endloop
  endfacet
  facet normal -0.146705 0.98918 0
    outer loop
      vertex 36.9802 -9.95497 2.8
      vertex 35.9949 -10.1011 6
      vertex 36.9802 -9.95497 6
    endloop
  endfacet
  facet normal -0.146705 0.98918 0
    outer loop
      vertex 35.9949 -10.1011 6
      vertex 36.9802 -9.95497 2.8
      vertex 35.9949 -10.1011 2.8
    endloop
  endfacet
  facet normal -0.595677 -0.803224 0
    outer loop
      vertex 40.639 8.43942 2.8
      vertex 41.4391 7.84606 6
      vertex 40.639 8.43942 6
    endloop
  endfacet
  facet normal -0.595677 -0.803224 -0
    outer loop
      vertex 41.4391 7.84606 6
      vertex 40.639 8.43942 2.8
      vertex 41.4391 7.84606 2.8
    endloop
  endfacet
  facet normal 0.970014 0.243051 0
    outer loop
      vertex 25.2871 -2.94639 6
      vertex 25.045 -1.98017 2.8
      vertex 25.045 -1.98017 6
    endloop
  endfacet
  facet normal 0.970014 0.243051 0
    outer loop
      vertex 25.045 -1.98017 2.8
      vertex 25.2871 -2.94639 6
      vertex 25.2871 -2.94639 2.8
    endloop
  endfacet
  facet normal 0.514127 -0.857714 0
    outer loop
      vertex 29.361 8.43942 2.8
      vertex 30.2153 8.9515 6
      vertex 29.361 8.43942 6
    endloop
  endfacet
  facet normal 0.514127 -0.857714 0
    outer loop
      vertex 30.2153 8.9515 6
      vertex 29.361 8.43942 2.8
      vertex 30.2153 8.9515 2.8
    endloop
  endfacet
  facet normal -0.803235 -0.595662 0
    outer loop
      vertex 43.4394 5.63904 2.8
      vertex 42.8461 6.43909 6
      vertex 42.8461 6.43909 2.8
    endloop
  endfacet
  facet normal -0.803235 -0.595662 0
    outer loop
      vertex 42.8461 6.43909 6
      vertex 43.4394 5.63904 2.8
      vertex 43.4394 5.63904 6
    endloop
  endfacet
  facet normal -0.514127 -0.857714 0
    outer loop
      vertex 39.7847 8.9515 2.8
      vertex 40.639 8.43942 6
      vertex 39.7847 8.9515 6
    endloop
  endfacet
  facet normal -0.514127 -0.857714 -0
    outer loop
      vertex 40.639 8.43942 6
      vertex 39.7847 8.9515 2.8
      vertex 40.639 8.43942 2.8
    endloop
  endfacet
  facet normal -0.336899 -0.941541 0
    outer loop
      vertex 37.9464 9.71294 2.8
      vertex 38.8842 9.37738 6
      vertex 37.9464 9.71294 6
    endloop
  endfacet
  facet normal -0.336899 -0.941541 -0
    outer loop
      vertex 38.8842 9.37738 6
      vertex 37.9464 9.71294 2.8
      vertex 38.8842 9.37738 2.8
    endloop
  endfacet
  facet normal -0.242989 0.970029 0
    outer loop
      vertex 37.9464 -9.71294 2.8
      vertex 36.9802 -9.95497 6
      vertex 37.9464 -9.71294 6
    endloop
  endfacet
  facet normal -0.242989 0.970029 0
    outer loop
      vertex 36.9802 -9.95497 6
      vertex 37.9464 -9.71294 2.8
      vertex 36.9802 -9.95497 2.8
    endloop
  endfacet
  facet normal -0.336899 0.941541 0
    outer loop
      vertex 38.8842 -9.37738 2.8
      vertex 37.9464 -9.71294 6
      vertex 38.8842 -9.37738 6
    endloop
  endfacet
  facet normal -0.336899 0.941541 0
    outer loop
      vertex 37.9464 -9.71294 6
      vertex 38.8842 -9.37738 2.8
      vertex 37.9464 -9.71294 2.8
    endloop
  endfacet
  facet normal -0.857721 -0.514115 0
    outer loop
      vertex 43.9515 4.78468 2.8
      vertex 43.4394 5.63904 6
      vertex 43.4394 5.63904 2.8
    endloop
  endfacet
  facet normal -0.857721 -0.514115 0
    outer loop
      vertex 43.4394 5.63904 6
      vertex 43.9515 4.78468 2.8
      vertex 43.9515 4.78468 6
    endloop
  endfacet
  facet normal 0.803235 -0.595662 0
    outer loop
      vertex 26.5606 5.63904 6
      vertex 27.1539 6.43909 2.8
      vertex 27.1539 6.43909 6
    endloop
  endfacet
  facet normal 0.803235 -0.595662 0
    outer loop
      vertex 27.1539 6.43909 2.8
      vertex 26.5606 5.63904 6
      vertex 26.5606 5.63904 2.8
    endloop
  endfacet
  facet normal 0.671584 0.740928 -0
    outer loop
      vertex 28.5609 -7.84606 2.8
      vertex 27.8229 -7.17713 6
      vertex 28.5609 -7.84606 6
    endloop
  endfacet
  facet normal 0.671584 0.740928 0
    outer loop
      vertex 27.8229 -7.17713 6
      vertex 28.5609 -7.84606 2.8
      vertex 27.8229 -7.17713 2.8
    endloop
  endfacet
  facet normal 0.740911 0.671603 0
    outer loop
      vertex 27.8229 -7.17713 6
      vertex 27.1539 -6.43909 2.8
      vertex 27.1539 -6.43909 6
    endloop
  endfacet
  facet normal 0.740911 0.671603 0
    outer loop
      vertex 27.1539 -6.43909 2.8
      vertex 27.8229 -7.17713 6
      vertex 27.8229 -7.17713 2.8
    endloop
  endfacet
  facet normal 0.427535 -0.903999 0
    outer loop
      vertex 30.2153 8.9515 2.8
      vertex 31.1158 9.37738 6
      vertex 30.2153 8.9515 6
    endloop
  endfacet
  facet normal 0.427535 -0.903999 0
    outer loop
      vertex 31.1158 9.37738 6
      vertex 30.2153 8.9515 2.8
      vertex 31.1158 9.37738 2.8
    endloop
  endfacet
  facet normal 0.514127 0.857714 -0
    outer loop
      vertex 30.2153 -8.9515 2.8
      vertex 29.361 -8.43942 6
      vertex 30.2153 -8.9515 6
    endloop
  endfacet
  facet normal 0.514127 0.857714 0
    outer loop
      vertex 29.361 -8.43942 6
      vertex 30.2153 -8.9515 2.8
      vertex 29.361 -8.43942 2.8
    endloop
  endfacet
  facet normal 0.740911 -0.671603 0
    outer loop
      vertex 27.1539 6.43909 6
      vertex 27.8229 7.17713 2.8
      vertex 27.8229 7.17713 6
    endloop
  endfacet
  facet normal 0.740911 -0.671603 0
    outer loop
      vertex 27.8229 7.17713 2.8
      vertex 27.1539 6.43909 6
      vertex 27.1539 6.43909 2.8
    endloop
  endfacet
  facet normal 0.970014 -0.243051 0
    outer loop
      vertex 25.045 1.98017 6
      vertex 25.2871 2.94639 2.8
      vertex 25.2871 2.94639 6
    endloop
  endfacet
  facet normal 0.970014 -0.243051 0
    outer loop
      vertex 25.2871 2.94639 2.8
      vertex 25.045 1.98017 6
      vertex 25.045 1.98017 2.8
    endloop
  endfacet
  facet normal 0.941566 0.336829 0
    outer loop
      vertex 25.6226 -3.88424 6
      vertex 25.2871 -2.94639 2.8
      vertex 25.2871 -2.94639 6
    endloop
  endfacet
  facet normal 0.941566 0.336829 0
    outer loop
      vertex 25.2871 -2.94639 2.8
      vertex 25.6226 -3.88424 6
      vertex 25.6226 -3.88424 2.8
    endloop
  endfacet
  facet normal -0.941566 0.336829 0
    outer loop
      vertex 44.3774 -3.88424 2.8
      vertex 44.7129 -2.94639 6
      vertex 44.7129 -2.94639 2.8
    endloop
  endfacet
  facet normal -0.941566 0.336829 0
    outer loop
      vertex 44.7129 -2.94639 6
      vertex 44.3774 -3.88424 2.8
      vertex 44.3774 -3.88424 6
    endloop
  endfacet
  facet normal 0.336899 0.941541 -0
    outer loop
      vertex 32.0536 -9.71294 2.8
      vertex 31.1158 -9.37738 6
      vertex 32.0536 -9.71294 6
    endloop
  endfacet
  facet normal 0.336899 0.941541 0
    outer loop
      vertex 31.1158 -9.37738 6
      vertex 32.0536 -9.71294 2.8
      vertex 31.1158 -9.37738 2.8
    endloop
  endfacet
  facet normal -0.514127 0.857714 0
    outer loop
      vertex 40.639 -8.43942 2.8
      vertex 39.7847 -8.9515 6
      vertex 40.639 -8.43942 6
    endloop
  endfacet
  facet normal -0.514127 0.857714 0
    outer loop
      vertex 39.7847 -8.9515 6
      vertex 40.639 -8.43942 2.8
      vertex 39.7847 -8.9515 2.8
    endloop
  endfacet
  facet normal 0.989185 -0.146676 0
    outer loop
      vertex 24.8989 0.994873 6
      vertex 25.045 1.98017 2.8
      vertex 25.045 1.98017 6
    endloop
  endfacet
  facet normal 0.989185 -0.146676 0
    outer loop
      vertex 25.045 1.98017 2.8
      vertex 24.8989 0.994873 6
      vertex 24.8989 0.994873 2.8
    endloop
  endfacet
  facet normal -0.242989 -0.970029 0
    outer loop
      vertex 36.9802 9.95497 2.8
      vertex 37.9464 9.71294 6
      vertex 36.9802 9.95497 6
    endloop
  endfacet
  facet normal -0.242989 -0.970029 -0
    outer loop
      vertex 37.9464 9.71294 6
      vertex 36.9802 9.95497 2.8
      vertex 37.9464 9.71294 2.8
    endloop
  endfacet
  facet normal -0.427535 0.903999 0
    outer loop
      vertex 39.7847 -8.9515 2.8
      vertex 38.8842 -9.37738 6
      vertex 39.7847 -8.9515 6
    endloop
  endfacet
  facet normal -0.427535 0.903999 0
    outer loop
      vertex 38.8842 -9.37738 6
      vertex 39.7847 -8.9515 2.8
      vertex 38.8842 -9.37738 2.8
    endloop
  endfacet
  facet normal 0.90398 -0.427574 0
    outer loop
      vertex 25.6226 3.88424 6
      vertex 26.0485 4.78468 2.8
      vertex 26.0485 4.78468 6
    endloop
  endfacet
  facet normal 0.90398 -0.427574 0
    outer loop
      vertex 26.0485 4.78468 2.8
      vertex 25.6226 3.88424 6
      vertex 25.6226 3.88424 2.8
    endloop
  endfacet
  facet normal 0.941566 -0.336829 0
    outer loop
      vertex 25.2871 2.94639 6
      vertex 25.6226 3.88424 2.8
      vertex 25.6226 3.88424 6
    endloop
  endfacet
  facet normal 0.941566 -0.336829 0
    outer loop
      vertex 25.6226 3.88424 2.8
      vertex 25.2871 2.94639 6
      vertex 25.2871 2.94639 2.8
    endloop
  endfacet
  facet normal -0.671584 0.740928 0
    outer loop
      vertex 42.1771 -7.17713 2.8
      vertex 41.4391 -7.84606 6
      vertex 42.1771 -7.17713 6
    endloop
  endfacet
  facet normal -0.671584 0.740928 0
    outer loop
      vertex 41.4391 -7.84606 6
      vertex 42.1771 -7.17713 2.8
      vertex 41.4391 -7.84606 2.8
    endloop
  endfacet
  facet normal -0.740911 0.671603 0
    outer loop
      vertex 42.1771 -7.17713 2.8
      vertex 42.8461 -6.43909 6
      vertex 42.8461 -6.43909 2.8
    endloop
  endfacet
  facet normal -0.740911 0.671603 0
    outer loop
      vertex 42.8461 -6.43909 6
      vertex 42.1771 -7.17713 2.8
      vertex 42.1771 -7.17713 6
    endloop
  endfacet
  facet normal 0.0490914 0.998794 -0
    outer loop
      vertex 35 -10.15 2.8
      vertex 34.0051 -10.1011 6
      vertex 35 -10.15 6
    endloop
  endfacet
  facet normal 0.0490914 0.998794 0
    outer loop
      vertex 34.0051 -10.1011 6
      vertex 35 -10.15 2.8
      vertex 34.0051 -10.1011 2.8
    endloop
  endfacet
  facet normal 0 0 1
    outer loop
      vertex 45.1011 0.994873 2.8
      vertex 45.1011 -0.994873 2.8
      vertex 45.15 0 2.8
    endloop
  endfacet
  facet normal 0 0 1
    outer loop
      vertex 44.955 1.98017 2.8
      vertex 45.1011 -0.994873 2.8
      vertex 45.1011 0.994873 2.8
    endloop
  endfacet
  facet normal 0 0 1
    outer loop
      vertex 44.955 1.98017 2.8
      vertex 44.955 -1.98017 2.8
      vertex 45.1011 -0.994873 2.8
    endloop
  endfacet
  facet normal 0 0 1
    outer loop
      vertex 44.7129 2.94639 2.8
      vertex 44.955 -1.98017 2.8
      vertex 44.955 1.98017 2.8
    endloop
  endfacet
  facet normal 0 0 1
    outer loop
      vertex 44.7129 2.94639 2.8
      vertex 44.7129 -2.94639 2.8
      vertex 44.955 -1.98017 2.8
    endloop
  endfacet
  facet normal 0 0 1
    outer loop
      vertex 44.3774 3.88424 2.8
      vertex 44.7129 -2.94639 2.8
      vertex 44.7129 2.94639 2.8
    endloop
  endfacet
  facet normal 0 0 1
    outer loop
      vertex 44.3774 3.88424 2.8
      vertex 44.3774 -3.88424 2.8
      vertex 44.7129 -2.94639 2.8
    endloop
  endfacet
  facet normal 0 0 1
    outer loop
      vertex 43.9515 4.78468 2.8
      vertex 44.3774 -3.88424 2.8
      vertex 44.3774 3.88424 2.8
    endloop
  endfacet
  facet normal 0 0 1
    outer loop
      vertex 43.9515 4.78468 2.8
      vertex 43.9515 -4.78468 2.8
      vertex 44.3774 -3.88424 2.8
    endloop
  endfacet
  facet normal 0 0 1
    outer loop
      vertex 43.4394 5.63904 2.8
      vertex 43.9515 -4.78468 2.8
      vertex 43.9515 4.78468 2.8
    endloop
  endfacet
  facet normal 0 0 1
    outer loop
      vertex 43.4394 5.63904 2.8
      vertex 43.4394 -5.63904 2.8
      vertex 43.9515 -4.78468 2.8
    endloop
  endfacet
  facet normal 0 0 1
    outer loop
      vertex 42.8461 6.43909 2.8
      vertex 43.4394 -5.63904 2.8
      vertex 43.4394 5.63904 2.8
    endloop
  endfacet
  facet normal 0 0 1
    outer loop
      vertex 42.8461 6.43909 2.8
      vertex 42.8461 -6.43909 2.8
      vertex 43.4394 -5.63904 2.8
    endloop
  endfacet
  facet normal 0 0 1
    outer loop
      vertex 42.1771 7.17713 2.8
      vertex 42.8461 -6.43909 2.8
      vertex 42.8461 6.43909 2.8
    endloop
  endfacet
  facet normal 0 0 1
    outer loop
      vertex 42.1771 7.17713 2.8
      vertex 42.1771 -7.17713 2.8
      vertex 42.8461 -6.43909 2.8
    endloop
  endfacet
  facet normal 0 0 1
    outer loop
      vertex 41.4391 7.84606 2.8
      vertex 42.1771 -7.17713 2.8
      vertex 42.1771 7.17713 2.8
    endloop
  endfacet
  facet normal 0 0 1
    outer loop
      vertex 41.4391 7.84606 2.8
      vertex 41.4391 -7.84606 2.8
      vertex 42.1771 -7.17713 2.8
    endloop
  endfacet
  facet normal 0 0 1
    outer loop
      vertex 40.639 8.43942 2.8
      vertex 41.4391 -7.84606 2.8
      vertex 41.4391 7.84606 2.8
    endloop
  endfacet
  facet normal 0 0 1
    outer loop
      vertex 40.639 8.43942 2.8
      vertex 40.639 -8.43942 2.8
      vertex 41.4391 -7.84606 2.8
    endloop
  endfacet
  facet normal 0 0 1
    outer loop
      vertex 39.7847 8.9515 2.8
      vertex 40.639 -8.43942 2.8
      vertex 40.639 8.43942 2.8
    endloop
  endfacet
  facet normal 0 0 1
    outer loop
      vertex 39.7847 8.9515 2.8
      vertex 39.7847 -8.9515 2.8
      vertex 40.639 -8.43942 2.8
    endloop
  endfacet
  facet normal 0 0 1
    outer loop
      vertex 38.8842 9.37738 2.8
      vertex 39.7847 -8.9515 2.8
      vertex 39.7847 8.9515 2.8
    endloop
  endfacet
  facet normal 0 0 1
    outer loop
      vertex 38.8842 9.37738 2.8
      vertex 38.8842 -9.37738 2.8
      vertex 39.7847 -8.9515 2.8
    endloop
  endfacet
  facet normal 0 0 1
    outer loop
      vertex 37.9464 9.71294 2.8
      vertex 38.8842 -9.37738 2.8
      vertex 38.8842 9.37738 2.8
    endloop
  endfacet
  facet normal 0 0 1
    outer loop
      vertex 37.9464 9.71294 2.8
      vertex 37.9464 -9.71294 2.8
      vertex 38.8842 -9.37738 2.8
    endloop
  endfacet
  facet normal 0 0 1
    outer loop
      vertex 36.9802 9.95497 2.8
      vertex 37.9464 -9.71294 2.8
      vertex 37.9464 9.71294 2.8
    endloop
  endfacet
  facet normal 0 0 1
    outer loop
      vertex 36.9802 9.95497 2.8
      vertex 36.9802 -9.95497 2.8
      vertex 37.9464 -9.71294 2.8
    endloop
  endfacet
  facet normal 0 0 1
    outer loop
      vertex 35.9949 10.1011 2.8
      vertex 36.9802 -9.95497 2.8
      vertex 36.9802 9.95497 2.8
    endloop
  endfacet
  facet normal 0 0 1
    outer loop
      vertex 35.9949 10.1011 2.8
      vertex 35.9949 -10.1011 2.8
      vertex 36.9802 -9.95497 2.8
    endloop
  endfacet
  facet normal 0 0 1
    outer loop
      vertex 35 10.15 2.8
      vertex 35.9949 -10.1011 2.8
      vertex 35.9949 10.1011 2.8
    endloop
  endfacet
  facet normal 0 0 1
    outer loop
      vertex 35 10.15 2.8
      vertex 35 -10.15 2.8
      vertex 35.9949 -10.1011 2.8
    endloop
  endfacet
  facet normal -0 0 1
    outer loop
      vertex 34.0051 10.1011 2.8
      vertex 35 -10.15 2.8
      vertex 35 10.15 2.8
    endloop
  endfacet
  facet normal 0 0 1
    outer loop
      vertex 34.0051 10.1011 2.8
      vertex 34.0051 -10.1011 2.8
      vertex 35 -10.15 2.8
    endloop
  endfacet
  facet normal -0 0 1
    outer loop
      vertex 33.0198 9.95497 2.8
      vertex 34.0051 -10.1011 2.8
      vertex 34.0051 10.1011 2.8
    endloop
  endfacet
  facet normal 0 0 1
    outer loop
      vertex 33.0198 9.95497 2.8
      vertex 33.0198 -9.95497 2.8
      vertex 34.0051 -10.1011 2.8
    endloop
  endfacet
  facet normal -0 0 1
    outer loop
      vertex 32.0536 9.71294 2.8
      vertex 33.0198 -9.95497 2.8
      vertex 33.0198 9.95497 2.8
    endloop
  endfacet
  facet normal 0 0 1
    outer loop
      vertex 32.0536 9.71294 2.8
      vertex 32.0536 -9.71294 2.8
      vertex 33.0198 -9.95497 2.8
    endloop
  endfacet
  facet normal -0 0 1
    outer loop
      vertex 31.1158 9.37738 2.8
      vertex 32.0536 -9.71294 2.8
      vertex 32.0536 9.71294 2.8
    endloop
  endfacet
  facet normal 0 0 1
    outer loop
      vertex 31.1158 9.37738 2.8
      vertex 31.1158 -9.37738 2.8
      vertex 32.0536 -9.71294 2.8
    endloop
  endfacet
  facet normal -0 0 1
    outer loop
      vertex 30.2153 8.9515 2.8
      vertex 31.1158 -9.37738 2.8
      vertex 31.1158 9.37738 2.8
    endloop
  endfacet
  facet normal 0 0 1
    outer loop
      vertex 30.2153 8.9515 2.8
      vertex 30.2153 -8.9515 2.8
      vertex 31.1158 -9.37738 2.8
    endloop
  endfacet
  facet normal -0 0 1
    outer loop
      vertex 29.361 8.43942 2.8
      vertex 30.2153 -8.9515 2.8
      vertex 30.2153 8.9515 2.8
    endloop
  endfacet
  facet normal 0 0 1
    outer loop
      vertex 29.361 8.43942 2.8
      vertex 29.361 -8.43942 2.8
      vertex 30.2153 -8.9515 2.8
    endloop
  endfacet
  facet normal -0 0 1
    outer loop
      vertex 28.5609 7.84606 2.8
      vertex 29.361 -8.43942 2.8
      vertex 29.361 8.43942 2.8
    endloop
  endfacet
  facet normal 0 0 1
    outer loop
      vertex 28.5609 7.84606 2.8
      vertex 28.5609 -7.84606 2.8
      vertex 29.361 -8.43942 2.8
    endloop
  endfacet
  facet normal -0 0 1
    outer loop
      vertex 27.8229 7.17713 2.8
      vertex 28.5609 -7.84606 2.8
      vertex 28.5609 7.84606 2.8
    endloop
  endfacet
  facet normal 0 0 1
    outer loop
      vertex 27.8229 7.17713 2.8
      vertex 27.8229 -7.17713 2.8
      vertex 28.5609 -7.84606 2.8
    endloop
  endfacet
  facet normal -0 0 1
    outer loop
      vertex 27.1539 6.43909 2.8
      vertex 27.8229 -7.17713 2.8
      vertex 27.8229 7.17713 2.8
    endloop
  endfacet
  facet normal 0 0 1
    outer loop
      vertex 27.1539 6.43909 2.8
      vertex 27.1539 -6.43909 2.8
      vertex 27.8229 -7.17713 2.8
    endloop
  endfacet
  facet normal -0 0 1
    outer loop
      vertex 26.5606 5.63904 2.8
      vertex 27.1539 -6.43909 2.8
      vertex 27.1539 6.43909 2.8
    endloop
  endfacet
  facet normal 0 0 1
    outer loop
      vertex 26.5606 5.63904 2.8
      vertex 26.5606 -5.63904 2.8
      vertex 27.1539 -6.43909 2.8
    endloop
  endfacet
  facet normal -0 0 1
    outer loop
      vertex 26.0485 4.78468 2.8
      vertex 26.5606 -5.63904 2.8
      vertex 26.5606 5.63904 2.8
    endloop
  endfacet
  facet normal 0 0 1
    outer loop
      vertex 26.0485 4.78468 2.8
      vertex 26.0485 -4.78468 2.8
      vertex 26.5606 -5.63904 2.8
    endloop
  endfacet
  facet normal -0 0 1
    outer loop
      vertex 25.6226 3.88424 2.8
      vertex 26.0485 -4.78468 2.8
      vertex 26.0485 4.78468 2.8
    endloop
  endfacet
  facet normal 0 0 1
    outer loop
      vertex 25.6226 3.88424 2.8
      vertex 25.6226 -3.88424 2.8
      vertex 26.0485 -4.78468 2.8
    endloop
  endfacet
  facet normal -0 0 1
    outer loop
      vertex 25.2871 2.94639 2.8
      vertex 25.6226 -3.88424 2.8
      vertex 25.6226 3.88424 2.8
    endloop
  endfacet
  facet normal 0 0 1
    outer loop
      vertex 25.2871 2.94639 2.8
      vertex 25.2871 -2.94639 2.8
      vertex 25.6226 -3.88424 2.8
    endloop
  endfacet
  facet normal -0 0 1
    outer loop
      vertex 25.045 1.98017 2.8
      vertex 25.2871 -2.94639 2.8
      vertex 25.2871 2.94639 2.8
    endloop
  endfacet
  facet normal 0 0 1
    outer loop
      vertex 25.045 1.98017 2.8
      vertex 25.045 -1.98017 2.8
      vertex 25.2871 -2.94639 2.8
    endloop
  endfacet
  facet normal -0 0 1
    outer loop
      vertex 24.8989 0.994873 2.8
      vertex 25.045 -1.98017 2.8
      vertex 25.045 1.98017 2.8
    endloop
  endfacet
  facet normal 0 0 1
    outer loop
      vertex 24.8989 0.994873 2.8
      vertex 24.8989 -0.994873 2.8
      vertex 25.045 -1.98017 2.8
    endloop
  endfacet
  facet normal 0 -0 1
    outer loop
      vertex 24.8989 -0.994873 2.8
      vertex 24.8989 0.994873 2.8
      vertex 24.85 0 2.8
    endloop
  endfacet
  facet normal 0.90398 0.427574 0
    outer loop
      vertex 26.0485 -4.78468 6
      vertex 25.6226 -3.88424 2.8
      vertex 25.6226 -3.88424 6
    endloop
  endfacet
  facet normal 0.90398 0.427574 0
    outer loop
      vertex 25.6226 -3.88424 2.8
      vertex 26.0485 -4.78468 6
      vertex 26.0485 -4.78468 2.8
    endloop
  endfacet
  facet normal 0.336934 0.941528 -0
    outer loop
      vertex 21.8023 15.0358 2.8
      vertex 20.8645 15.3714 6
      vertex 21.8023 15.0358 6
    endloop
  endfacet
  facet normal 0.336934 0.941528 0
    outer loop
      vertex 20.8645 15.3714 6
      vertex 21.8023 15.0358 2.8
      vertex 20.8645 15.3714 2.8
    endloop
  endfacet
  facet normal -0.595751 -0.803169 0
    outer loop
      vertex 30.3878 33.1882 2.8
      vertex 31.1878 32.5948 6
      vertex 30.3878 33.1882 6
    endloop
  endfacet
  facet normal -0.595751 -0.803169 -0
    outer loop
      vertex 31.1878 32.5948 6
      vertex 30.3878 33.1882 2.8
      vertex 31.1878 32.5948 2.8
    endloop
  endfacet
  facet normal -0.671518 -0.740989 0
    outer loop
      vertex 31.1878 32.5948 2.8
      vertex 31.9259 31.9259 6
      vertex 31.1878 32.5948 6
    endloop
  endfacet
  facet normal -0.671518 -0.740989 -0
    outer loop
      vertex 31.9259 31.9259 6
      vertex 31.1878 32.5948 2.8
      vertex 31.9259 31.9259 2.8
    endloop
  endfacet
  facet normal -0.514023 -0.857776 0
    outer loop
      vertex 29.5334 33.7002 2.8
      vertex 30.3878 33.1882 6
      vertex 29.5334 33.7002 6
    endloop
  endfacet
  facet normal -0.514023 -0.857776 -0
    outer loop
      vertex 30.3878 33.1882 6
      vertex 29.5334 33.7002 2.8
      vertex 30.3878 33.1882 2.8
    endloop
  endfacet
  facet normal 0.857732 -0.514097 0
    outer loop
      vertex 15.7972 29.5334 6
      vertex 16.3093 30.3878 2.8
      vertex 16.3093 30.3878 6
    endloop
  endfacet
  facet normal 0.857732 -0.514097 0
    outer loop
      vertex 16.3093 30.3878 2.8
      vertex 15.7972 29.5334 6
      vertex 15.7972 29.5334 2.8
    endloop
  endfacet
  facet normal -0.998799 0.0489962 0
    outer loop
      vertex 34.8499 23.7539 2.8
      vertex 34.8987 24.7487 6
      vertex 34.8987 24.7487 2.8
    endloop
  endfacet
  facet normal -0.998799 0.0489962 0
    outer loop
      vertex 34.8987 24.7487 6
      vertex 34.8499 23.7539 2.8
      vertex 34.8499 23.7539 6
    endloop
  endfacet
  facet normal 0.803169 -0.595751 0
    outer loop
      vertex 16.3093 30.3878 6
      vertex 16.9027 31.1878 2.8
      vertex 16.9027 31.1878 6
    endloop
  endfacet
  facet normal 0.803169 -0.595751 0
    outer loop
      vertex 16.9027 31.1878 2.8
      vertex 16.3093 30.3878 6
      vertex 16.3093 30.3878 2.8
    endloop
  endfacet
  facet normal -0.671518 0.740989 0
    outer loop
      vertex 31.9259 17.5716 2.8
      vertex 31.1878 16.9027 6
      vertex 31.9259 17.5716 6
    endloop
  endfacet
  facet normal -0.671518 0.740989 0
    outer loop
      vertex 31.1878 16.9027 6
      vertex 31.9259 17.5716 2.8
      vertex 31.1878 16.9027 2.8
    endloop
  endfacet
  facet normal 0.42759 -0.903973 0
    outer loop
      vertex 19.9641 33.7002 2.8
      vertex 20.8645 34.1261 6
      vertex 19.9641 33.7002 6
    endloop
  endfacet
  facet normal 0.42759 -0.903973 0
    outer loop
      vertex 20.8645 34.1261 6
      vertex 19.9641 33.7002 2.8
      vertex 20.8645 34.1261 2.8
    endloop
  endfacet
  facet normal 0.242937 -0.970042 0
    outer loop
      vertex 21.8023 34.4617 2.8
      vertex 22.7686 34.7037 6
      vertex 21.8023 34.4617 6
    endloop
  endfacet
  facet normal 0.242937 -0.970042 0
    outer loop
      vertex 22.7686 34.7037 6
      vertex 21.8023 34.4617 2.8
      vertex 22.7686 34.7037 2.8
    endloop
  endfacet
  facet normal -0.740989 -0.671518 0
    outer loop
      vertex 32.5948 31.1878 2.8
      vertex 31.9259 31.9259 6
      vertex 31.9259 31.9259 2.8
    endloop
  endfacet
  facet normal -0.740989 -0.671518 0
    outer loop
      vertex 31.9259 31.9259 6
      vertex 32.5948 31.1878 2.8
      vertex 32.5948 31.1878 6
    endloop
  endfacet
  facet normal -0.857776 0.514023 0
    outer loop
      vertex 33.1882 19.1097 2.8
      vertex 33.7002 19.9641 6
      vertex 33.7002 19.9641 2.8
    endloop
  endfacet
  facet normal -0.857776 0.514023 0
    outer loop
      vertex 33.7002 19.9641 6
      vertex 33.1882 19.1097 2.8
      vertex 33.1882 19.1097 6
    endloop
  endfacet
  facet normal 0.514097 0.857732 -0
    outer loop
      vertex 19.9641 15.7972 2.8
      vertex 19.1097 16.3093 6
      vertex 19.9641 15.7972 6
    endloop
  endfacet
  facet normal 0.514097 0.857732 0
    outer loop
      vertex 19.1097 16.3093 6
      vertex 19.9641 15.7972 2.8
      vertex 19.1097 16.3093 2.8
    endloop
  endfacet
  facet normal 0.595703 -0.803205 0
    outer loop
      vertex 18.3096 32.5948 2.8
      vertex 19.1097 33.1882 6
      vertex 18.3096 32.5948 6
    endloop
  endfacet
  facet normal 0.595703 -0.803205 0
    outer loop
      vertex 19.1097 33.1882 6
      vertex 18.3096 32.5948 2.8
      vertex 19.1097 33.1882 2.8
    endloop
  endfacet
  facet normal -0.903973 -0.42759 0
    outer loop
      vertex 34.1261 28.633 2.8
      vertex 33.7002 29.5334 6
      vertex 33.7002 29.5334 2.8
    endloop
  endfacet
  facet normal -0.903973 -0.42759 0
    outer loop
      vertex 33.7002 29.5334 6
      vertex 34.1261 28.633 2.8
      vertex 34.1261 28.633 6
    endloop
  endfacet
  facet normal -0.0489913 -0.998799 0
    outer loop
      vertex 24.7487 34.8987 2.8
      vertex 25.7436 34.8499 6
      vertex 24.7487 34.8987 6
    endloop
  endfacet
  facet normal -0.0489913 -0.998799 -0
    outer loop
      vertex 25.7436 34.8499 6
      vertex 24.7487 34.8987 2.8
      vertex 25.7436 34.8499 2.8
    endloop
  endfacet
  facet normal 0.998794 -0.0490914 0
    outer loop
      vertex 14.5987 24.7487 6
      vertex 14.6476 25.7436 2.8
      vertex 14.6476 25.7436 6
    endloop
  endfacet
  facet normal 0.998794 -0.0490914 0
    outer loop
      vertex 14.6476 25.7436 2.8
      vertex 14.5987 24.7487 6
      vertex 14.5987 24.7487 2.8
    endloop
  endfacet
  facet normal -0.803205 0.595703 0
    outer loop
      vertex 32.5948 18.3096 2.8
      vertex 33.1882 19.1097 6
      vertex 33.1882 19.1097 2.8
    endloop
  endfacet
  facet normal -0.803205 0.595703 0
    outer loop
      vertex 33.1882 19.1097 6
      vertex 32.5948 18.3096 2.8
      vertex 32.5948 18.3096 6
    endloop
  endfacet
  facet normal 0.146774 0.98917 -0
    outer loop
      vertex 23.7539 14.6476 2.8
      vertex 22.7686 14.7938 6
      vertex 23.7539 14.6476 6
    endloop
  endfacet
  facet normal 0.146774 0.98917 0
    outer loop
      vertex 22.7686 14.7938 6
      vertex 23.7539 14.6476 2.8
      vertex 22.7686 14.7938 2.8
    endloop
  endfacet
  facet normal 0.740989 -0.671518 0
    outer loop
      vertex 16.9027 31.1878 6
      vertex 17.5716 31.9259 2.8
      vertex 17.5716 31.9259 6
    endloop
  endfacet
  facet normal 0.740989 -0.671518 0
    outer loop
      vertex 17.5716 31.9259 2.8
      vertex 16.9027 31.1878 6
      vertex 16.9027 31.1878 2.8
    endloop
  endfacet
  facet normal -0.94154 -0.336902 0
    outer loop
      vertex 34.4617 27.6951 2.8
      vertex 34.1261 28.633 6
      vertex 34.1261 28.633 2.8
    endloop
  endfacet
  facet normal -0.94154 -0.336902 0
    outer loop
      vertex 34.1261 28.633 6
      vertex 34.4617 27.6951 2.8
      vertex 34.4617 27.6951 6
    endloop
  endfacet
  facet normal -0.514097 0.857732 0
    outer loop
      vertex 30.3878 16.3093 2.8
      vertex 29.5334 15.7972 6
      vertex 30.3878 16.3093 6
    endloop
  endfacet
  facet normal -0.514097 0.857732 0
    outer loop
      vertex 29.5334 15.7972 6
      vertex 30.3878 16.3093 2.8
      vertex 29.5334 15.7972 2.8
    endloop
  endfacet
  facet normal -0.941528 0.336934 0
    outer loop
      vertex 34.1261 20.8645 2.8
      vertex 34.4617 21.8023 6
      vertex 34.4617 21.8023 2.8
    endloop
  endfacet
  facet normal -0.941528 0.336934 0
    outer loop
      vertex 34.4617 21.8023 6
      vertex 34.1261 20.8645 2.8
      vertex 34.1261 20.8645 6
    endloop
  endfacet
  facet normal 0.98917 -0.146774 0
    outer loop
      vertex 14.6476 25.7436 6
      vertex 14.7938 26.7289 2.8
      vertex 14.7938 26.7289 6
    endloop
  endfacet
  facet normal 0.98917 -0.146774 0
    outer loop
      vertex 14.7938 26.7289 2.8
      vertex 14.6476 25.7436 6
      vertex 14.6476 25.7436 2.8
    endloop
  endfacet
  facet normal 0.904012 -0.427508 0
    outer loop
      vertex 15.3714 28.633 6
      vertex 15.7972 29.5334 2.8
      vertex 15.7972 29.5334 6
    endloop
  endfacet
  facet normal 0.904012 -0.427508 0
    outer loop
      vertex 15.7972 29.5334 2.8
      vertex 15.3714 28.633 6
      vertex 15.3714 28.633 2.8
    endloop
  endfacet
  facet normal 0.336934 -0.941528 0
    outer loop
      vertex 20.8645 34.1261 2.8
      vertex 21.8023 34.4617 6
      vertex 20.8645 34.1261 6
    endloop
  endfacet
  facet normal 0.336934 -0.941528 0
    outer loop
      vertex 21.8023 34.4617 6
      vertex 20.8645 34.1261 2.8
      vertex 21.8023 34.4617 2.8
    endloop
  endfacet
  facet normal -0.427508 0.904012 0
    outer loop
      vertex 29.5334 15.7972 2.8
      vertex 28.633 15.3714 6
      vertex 29.5334 15.7972 6
    endloop
  endfacet
  facet normal -0.427508 0.904012 0
    outer loop
      vertex 28.633 15.3714 6
      vertex 29.5334 15.7972 2.8
      vertex 28.633 15.3714 2.8
    endloop
  endfacet
  facet normal -0.242961 0.970036 0
    outer loop
      vertex 27.6951 15.0358 2.8
      vertex 26.7289 14.7938 6
      vertex 27.6951 15.0358 6
    endloop
  endfacet
  facet normal -0.242961 0.970036 0
    outer loop
      vertex 26.7289 14.7938 6
      vertex 27.6951 15.0358 2.8
      vertex 26.7289 14.7938 2.8
    endloop
  endfacet
  facet normal 0.98917 0.146774 0
    outer loop
      vertex 14.7938 22.7686 6
      vertex 14.6476 23.7539 2.8
      vertex 14.6476 23.7539 6
    endloop
  endfacet
  facet normal 0.98917 0.146774 0
    outer loop
      vertex 14.6476 23.7539 2.8
      vertex 14.7938 22.7686 6
      vertex 14.7938 22.7686 2.8
    endloop
  endfacet
  facet normal -0.146774 -0.98917 0
    outer loop
      vertex 25.7436 34.8499 2.8
      vertex 26.7289 34.7037 6
      vertex 25.7436 34.8499 6
    endloop
  endfacet
  facet normal -0.146774 -0.98917 -0
    outer loop
      vertex 26.7289 34.7037 6
      vertex 25.7436 34.8499 2.8
      vertex 26.7289 34.7037 2.8
    endloop
  endfacet
  facet normal -0.595751 0.803169 0
    outer loop
      vertex 31.1878 16.9027 2.8
      vertex 30.3878 16.3093 6
      vertex 31.1878 16.9027 6
    endloop
  endfacet
  facet normal -0.595751 0.803169 0
    outer loop
      vertex 30.3878 16.3093 6
      vertex 31.1878 16.9027 2.8
      vertex 30.3878 16.3093 2.8
    endloop
  endfacet
  facet normal 0.671568 -0.740943 0
    outer loop
      vertex 17.5716 31.9259 2.8
      vertex 18.3096 32.5948 6
      vertex 17.5716 31.9259 6
    endloop
  endfacet
  facet normal 0.671568 -0.740943 0
    outer loop
      vertex 18.3096 32.5948 6
      vertex 17.5716 31.9259 2.8
      vertex 18.3096 32.5948 2.8
    endloop
  endfacet
  facet normal -0.903973 0.42759 0
    outer loop
      vertex 33.7002 19.9641 2.8
      vertex 34.1261 20.8645 6
      vertex 34.1261 20.8645 2.8
    endloop
  endfacet
  facet normal -0.903973 0.42759 0
    outer loop
      vertex 34.1261 20.8645 6
      vertex 33.7002 19.9641 2.8
      vertex 33.7002 19.9641 6
    endloop
  endfacet
  facet normal -0.98917 -0.146774 0
    outer loop
      vertex 34.8499 25.7436 2.8
      vertex 34.7037 26.7289 6
      vertex 34.7037 26.7289 2.8
    endloop
  endfacet
  facet normal -0.98917 -0.146774 0
    outer loop
      vertex 34.7037 26.7289 6
      vertex 34.8499 25.7436 2.8
      vertex 34.8499 25.7436 6
    endloop
  endfacet
  facet normal -0.803169 -0.595751 0
    outer loop
      vertex 33.1882 30.3878 2.8
      vertex 32.5948 31.1878 6
      vertex 32.5948 31.1878 2.8
    endloop
  endfacet
  facet normal -0.803169 -0.595751 0
    outer loop
      vertex 32.5948 31.1878 6
      vertex 33.1882 30.3878 2.8
      vertex 33.1882 30.3878 6
    endloop
  endfacet
  facet normal -0.857776 -0.514023 0
    outer loop
      vertex 33.7002 29.5334 2.8
      vertex 33.1882 30.3878 6
      vertex 33.1882 30.3878 2.8
    endloop
  endfacet
  facet normal -0.857776 -0.514023 0
    outer loop
      vertex 33.1882 30.3878 6
      vertex 33.7002 29.5334 2.8
      vertex 33.7002 29.5334 6
    endloop
  endfacet
  facet normal 0.970036 -0.242961 0
    outer loop
      vertex 14.7938 26.7289 6
      vertex 15.0358 27.6951 2.8
      vertex 15.0358 27.6951 6
    endloop
  endfacet
  facet normal 0.970036 -0.242961 0
    outer loop
      vertex 15.0358 27.6951 2.8
      vertex 14.7938 26.7289 6
      vertex 14.7938 26.7289 2.8
    endloop
  endfacet
  facet normal -0.42759 -0.903973 0
    outer loop
      vertex 28.633 34.1261 2.8
      vertex 29.5334 33.7002 6
      vertex 28.633 34.1261 6
    endloop
  endfacet
  facet normal -0.42759 -0.903973 -0
    outer loop
      vertex 29.5334 33.7002 6
      vertex 28.633 34.1261 2.8
      vertex 29.5334 33.7002 2.8
    endloop
  endfacet
  facet normal 0.94154 -0.336902 0
    outer loop
      vertex 15.0358 27.6951 6
      vertex 15.3714 28.633 2.8
      vertex 15.3714 28.633 6
    endloop
  endfacet
  facet normal 0.94154 -0.336902 0
    outer loop
      vertex 15.3714 28.633 2.8
      vertex 15.0358 27.6951 6
      vertex 15.0358 27.6951 2.8
    endloop
  endfacet
  facet normal 0.146774 -0.98917 0
    outer loop
      vertex 22.7686 34.7037 2.8
      vertex 23.7539 34.8499 6
      vertex 22.7686 34.7037 6
    endloop
  endfacet
  facet normal 0.146774 -0.98917 0
    outer loop
      vertex 23.7539 34.8499 6
      vertex 22.7686 34.7037 2.8
      vertex 23.7539 34.8499 2.8
    endloop
  endfacet
  facet normal 0.242937 0.970042 -0
    outer loop
      vertex 22.7686 14.7938 2.8
      vertex 21.8023 15.0358 6
      vertex 22.7686 14.7938 6
    endloop
  endfacet
  facet normal 0.242937 0.970042 0
    outer loop
      vertex 21.8023 15.0358 6
      vertex 22.7686 14.7938 2.8
      vertex 21.8023 15.0358 2.8
    endloop
  endfacet
  facet normal -0.336902 -0.94154 0
    outer loop
      vertex 27.6951 34.4617 2.8
      vertex 28.633 34.1261 6
      vertex 27.6951 34.4617 6
    endloop
  endfacet
  facet normal -0.336902 -0.94154 -0
    outer loop
      vertex 28.633 34.1261 6
      vertex 27.6951 34.4617 2.8
      vertex 28.633 34.1261 2.8
    endloop
  endfacet
  facet normal -0.0490914 0.998794 0
    outer loop
      vertex 25.7436 14.6476 2.8
      vertex 24.7487 14.5987 6
      vertex 25.7436 14.6476 6
    endloop
  endfacet
  facet normal -0.0490914 0.998794 0
    outer loop
      vertex 24.7487 14.5987 6
      vertex 25.7436 14.6476 2.8
      vertex 24.7487 14.5987 2.8
    endloop
  endfacet
  facet normal -0.242961 -0.970036 0
    outer loop
      vertex 26.7289 34.7037 2.8
      vertex 27.6951 34.4617 6
      vertex 26.7289 34.7037 6
    endloop
  endfacet
  facet normal -0.242961 -0.970036 -0
    outer loop
      vertex 27.6951 34.4617 6
      vertex 26.7289 34.7037 2.8
      vertex 27.6951 34.4617 2.8
    endloop
  endfacet
  facet normal 0.0489962 -0.998799 0
    outer loop
      vertex 23.7539 34.8499 2.8
      vertex 24.7487 34.8987 6
      vertex 23.7539 34.8499 6
    endloop
  endfacet
  facet normal 0.0489962 -0.998799 0
    outer loop
      vertex 24.7487 34.8987 6
      vertex 23.7539 34.8499 2.8
      vertex 24.7487 34.8987 2.8
    endloop
  endfacet
  facet normal 0.514023 -0.857776 0
    outer loop
      vertex 19.1097 33.1882 2.8
      vertex 19.9641 33.7002 6
      vertex 19.1097 33.1882 6
    endloop
  endfacet
  facet normal 0.514023 -0.857776 0
    outer loop
      vertex 19.9641 33.7002 6
      vertex 19.1097 33.1882 2.8
      vertex 19.9641 33.7002 2.8
    endloop
  endfacet
  facet normal -0.970036 -0.242961 0
    outer loop
      vertex 34.7037 26.7289 2.8
      vertex 34.4617 27.6951 6
      vertex 34.4617 27.6951 2.8
    endloop
  endfacet
  facet normal -0.970036 -0.242961 0
    outer loop
      vertex 34.4617 27.6951 6
      vertex 34.7037 26.7289 2.8
      vertex 34.7037 26.7289 6
    endloop
  endfacet
  facet normal 0.998794 0.0490963 0
    outer loop
      vertex 14.6476 23.7539 6
      vertex 14.5987 24.7487 2.8
      vertex 14.5987 24.7487 6
    endloop
  endfacet
  facet normal 0.998794 0.0490963 0
    outer loop
      vertex 14.5987 24.7487 2.8
      vertex 14.6476 23.7539 6
      vertex 14.6476 23.7539 2.8
    endloop
  endfacet
  facet normal 0.0490963 0.998794 -0
    outer loop
      vertex 24.7487 14.5987 2.8
      vertex 23.7539 14.6476 6
      vertex 24.7487 14.5987 6
    endloop
  endfacet
  facet normal 0.0490963 0.998794 0
    outer loop
      vertex 23.7539 14.6476 6
      vertex 24.7487 14.5987 2.8
      vertex 23.7539 14.6476 2.8
    endloop
  endfacet
  facet normal 0.427508 0.904012 -0
    outer loop
      vertex 20.8645 15.3714 2.8
      vertex 19.9641 15.7972 6
      vertex 20.8645 15.3714 6
    endloop
  endfacet
  facet normal 0.427508 0.904012 0
    outer loop
      vertex 19.9641 15.7972 6
      vertex 20.8645 15.3714 2.8
      vertex 19.9641 15.7972 2.8
    endloop
  endfacet
  facet normal -0.336902 0.94154 0
    outer loop
      vertex 28.633 15.3714 2.8
      vertex 27.6951 15.0358 6
      vertex 28.633 15.3714 6
    endloop
  endfacet
  facet normal -0.336902 0.94154 0
    outer loop
      vertex 27.6951 15.0358 6
      vertex 28.633 15.3714 2.8
      vertex 27.6951 15.0358 2.8
    endloop
  endfacet
  facet normal 0.671568 0.740943 -0
    outer loop
      vertex 18.3096 16.9027 2.8
      vertex 17.5716 17.5716 6
      vertex 18.3096 16.9027 6
    endloop
  endfacet
  facet normal 0.671568 0.740943 0
    outer loop
      vertex 17.5716 17.5716 6
      vertex 18.3096 16.9027 2.8
      vertex 17.5716 17.5716 2.8
    endloop
  endfacet
  facet normal -0.740943 0.671568 0
    outer loop
      vertex 31.9259 17.5716 2.8
      vertex 32.5948 18.3096 6
      vertex 32.5948 18.3096 2.8
    endloop
  endfacet
  facet normal -0.740943 0.671568 0
    outer loop
      vertex 32.5948 18.3096 6
      vertex 31.9259 17.5716 2.8
      vertex 31.9259 17.5716 6
    endloop
  endfacet
  facet normal -0.146774 0.98917 0
    outer loop
      vertex 26.7289 14.7938 2.8
      vertex 25.7436 14.6476 6
      vertex 26.7289 14.7938 6
    endloop
  endfacet
  facet normal -0.146774 0.98917 0
    outer loop
      vertex 25.7436 14.6476 6
      vertex 26.7289 14.7938 2.8
      vertex 25.7436 14.6476 2.8
    endloop
  endfacet
  facet normal 0.941528 0.336934 0
    outer loop
      vertex 15.3714 20.8645 6
      vertex 15.0358 21.8023 2.8
      vertex 15.0358 21.8023 6
    endloop
  endfacet
  facet normal 0.941528 0.336934 0
    outer loop
      vertex 15.0358 21.8023 2.8
      vertex 15.3714 20.8645 6
      vertex 15.3714 20.8645 2.8
    endloop
  endfacet
  facet normal 0.904012 0.427508 0
    outer loop
      vertex 15.7972 19.9641 6
      vertex 15.3714 20.8645 2.8
      vertex 15.3714 20.8645 6
    endloop
  endfacet
  facet normal 0.904012 0.427508 0
    outer loop
      vertex 15.3714 20.8645 2.8
      vertex 15.7972 19.9641 6
      vertex 15.7972 19.9641 2.8
    endloop
  endfacet
  facet normal 0.857732 0.514097 0
    outer loop
      vertex 16.3093 19.1097 6
      vertex 15.7972 19.9641 2.8
      vertex 15.7972 19.9641 6
    endloop
  endfacet
  facet normal 0.857732 0.514097 0
    outer loop
      vertex 15.7972 19.9641 2.8
      vertex 16.3093 19.1097 6
      vertex 16.3093 19.1097 2.8
    endloop
  endfacet
  facet normal 0.970042 0.242937 0
    outer loop
      vertex 15.0358 21.8023 6
      vertex 14.7938 22.7686 2.8
      vertex 14.7938 22.7686 6
    endloop
  endfacet
  facet normal 0.970042 0.242937 0
    outer loop
      vertex 14.7938 22.7686 2.8
      vertex 15.0358 21.8023 6
      vertex 15.0358 21.8023 2.8
    endloop
  endfacet
  facet normal 0.595703 0.803205 -0
    outer loop
      vertex 19.1097 16.3093 2.8
      vertex 18.3096 16.9027 6
      vertex 19.1097 16.3093 6
    endloop
  endfacet
  facet normal 0.595703 0.803205 0
    outer loop
      vertex 18.3096 16.9027 6
      vertex 19.1097 16.3093 2.8
      vertex 18.3096 16.9027 2.8
    endloop
  endfacet
  facet normal -0.98917 0.146774 0
    outer loop
      vertex 34.7037 22.7686 2.8
      vertex 34.8499 23.7539 6
      vertex 34.8499 23.7539 2.8
    endloop
  endfacet
  facet normal -0.98917 0.146774 0
    outer loop
      vertex 34.8499 23.7539 6
      vertex 34.7037 22.7686 2.8
      vertex 34.7037 22.7686 6
    endloop
  endfacet
  facet normal -0.970042 0.242937 0
    outer loop
      vertex 34.4617 21.8023 2.8
      vertex 34.7037 22.7686 6
      vertex 34.7037 22.7686 2.8
    endloop
  endfacet
  facet normal -0.970042 0.242937 0
    outer loop
      vertex 34.7037 22.7686 6
      vertex 34.4617 21.8023 2.8
      vertex 34.4617 21.8023 6
    endloop
  endfacet
  facet normal 0.803205 0.595703 0
    outer loop
      vertex 16.9027 18.3096 6
      vertex 16.3093 19.1097 2.8
      vertex 16.3093 19.1097 6
    endloop
  endfacet
  facet normal 0.803205 0.595703 0
    outer loop
      vertex 16.3093 19.1097 2.8
      vertex 16.9027 18.3096 6
      vertex 16.9027 18.3096 2.8
    endloop
  endfacet
  facet normal 0.740943 0.671568 0
    outer loop
      vertex 17.5716 17.5716 6
      vertex 16.9027 18.3096 2.8
      vertex 16.9027 18.3096 6
    endloop
  endfacet
  facet normal 0.740943 0.671568 0
    outer loop
      vertex 16.9027 18.3096 2.8
      vertex 17.5716 17.5716 6
      vertex 17.5716 17.5716 2.8
    endloop
  endfacet
  facet normal -0.998799 -0.0489913 0
    outer loop
      vertex 34.8987 24.7487 2.8
      vertex 34.8499 25.7436 6
      vertex 34.8499 25.7436 2.8
    endloop
  endfacet
  facet normal -0.998799 -0.0489913 0
    outer loop
      vertex 34.8499 25.7436 6
      vertex 34.8987 24.7487 2.8
      vertex 34.8987 24.7487 6
    endloop
  endfacet
  facet normal 0 0 1
    outer loop
      vertex 34.8499 25.7436 2.8
      vertex 34.8499 23.7539 2.8
      vertex 34.8987 24.7487 2.8
    endloop
  endfacet
  facet normal 0 0 1
    outer loop
      vertex 34.7037 26.7289 2.8
      vertex 34.8499 23.7539 2.8
      vertex 34.8499 25.7436 2.8
    endloop
  endfacet
  facet normal 0 0 1
    outer loop
      vertex 34.7037 26.7289 2.8
      vertex 34.7037 22.7686 2.8
      vertex 34.8499 23.7539 2.8
    endloop
  endfacet
  facet normal 0 0 1
    outer loop
      vertex 34.4617 27.6951 2.8
      vertex 34.7037 22.7686 2.8
      vertex 34.7037 26.7289 2.8
    endloop
  endfacet
  facet normal 0 0 1
    outer loop
      vertex 34.4617 27.6951 2.8
      vertex 34.4617 21.8023 2.8
      vertex 34.7037 22.7686 2.8
    endloop
  endfacet
  facet normal 0 0 1
    outer loop
      vertex 34.1261 28.633 2.8
      vertex 34.4617 21.8023 2.8
      vertex 34.4617 27.6951 2.8
    endloop
  endfacet
  facet normal 0 0 1
    outer loop
      vertex 34.1261 28.633 2.8
      vertex 34.1261 20.8645 2.8
      vertex 34.4617 21.8023 2.8
    endloop
  endfacet
  facet normal 0 0 1
    outer loop
      vertex 33.7002 29.5334 2.8
      vertex 34.1261 20.8645 2.8
      vertex 34.1261 28.633 2.8
    endloop
  endfacet
  facet normal 0 0 1
    outer loop
      vertex 33.7002 29.5334 2.8
      vertex 33.7002 19.9641 2.8
      vertex 34.1261 20.8645 2.8
    endloop
  endfacet
  facet normal 0 0 1
    outer loop
      vertex 33.1882 30.3878 2.8
      vertex 33.7002 19.9641 2.8
      vertex 33.7002 29.5334 2.8
    endloop
  endfacet
  facet normal 0 0 1
    outer loop
      vertex 33.1882 30.3878 2.8
      vertex 33.1882 19.1097 2.8
      vertex 33.7002 19.9641 2.8
    endloop
  endfacet
  facet normal 0 0 1
    outer loop
      vertex 32.5948 31.1878 2.8
      vertex 33.1882 19.1097 2.8
      vertex 33.1882 30.3878 2.8
    endloop
  endfacet
  facet normal 0 0 1
    outer loop
      vertex 32.5948 31.1878 2.8
      vertex 32.5948 18.3096 2.8
      vertex 33.1882 19.1097 2.8
    endloop
  endfacet
  facet normal 0 0 1
    outer loop
      vertex 31.9259 31.9259 2.8
      vertex 32.5948 18.3096 2.8
      vertex 32.5948 31.1878 2.8
    endloop
  endfacet
  facet normal 0 0 1
    outer loop
      vertex 31.9259 31.9259 2.8
      vertex 31.9259 17.5716 2.8
      vertex 32.5948 18.3096 2.8
    endloop
  endfacet
  facet normal 0 0 1
    outer loop
      vertex 31.1878 32.5948 2.8
      vertex 31.9259 17.5716 2.8
      vertex 31.9259 31.9259 2.8
    endloop
  endfacet
  facet normal 0 0 1
    outer loop
      vertex 31.1878 32.5948 2.8
      vertex 31.1878 16.9027 2.8
      vertex 31.9259 17.5716 2.8
    endloop
  endfacet
  facet normal 0 0 1
    outer loop
      vertex 30.3878 33.1882 2.8
      vertex 31.1878 16.9027 2.8
      vertex 31.1878 32.5948 2.8
    endloop
  endfacet
  facet normal 0 0 1
    outer loop
      vertex 30.3878 33.1882 2.8
      vertex 30.3878 16.3093 2.8
      vertex 31.1878 16.9027 2.8
    endloop
  endfacet
  facet normal 0 0 1
    outer loop
      vertex 29.5334 33.7002 2.8
      vertex 30.3878 16.3093 2.8
      vertex 30.3878 33.1882 2.8
    endloop
  endfacet
  facet normal 0 0 1
    outer loop
      vertex 29.5334 33.7002 2.8
      vertex 29.5334 15.7972 2.8
      vertex 30.3878 16.3093 2.8
    endloop
  endfacet
  facet normal 0 0 1
    outer loop
      vertex 28.633 34.1261 2.8
      vertex 29.5334 15.7972 2.8
      vertex 29.5334 33.7002 2.8
    endloop
  endfacet
  facet normal 0 0 1
    outer loop
      vertex 28.633 34.1261 2.8
      vertex 28.633 15.3714 2.8
      vertex 29.5334 15.7972 2.8
    endloop
  endfacet
  facet normal 0 0 1
    outer loop
      vertex 27.6951 34.4617 2.8
      vertex 28.633 15.3714 2.8
      vertex 28.633 34.1261 2.8
    endloop
  endfacet
  facet normal 0 0 1
    outer loop
      vertex 27.6951 34.4617 2.8
      vertex 27.6951 15.0358 2.8
      vertex 28.633 15.3714 2.8
    endloop
  endfacet
  facet normal 0 0 1
    outer loop
      vertex 26.7289 34.7037 2.8
      vertex 27.6951 15.0358 2.8
      vertex 27.6951 34.4617 2.8
    endloop
  endfacet
  facet normal 0 0 1
    outer loop
      vertex 26.7289 34.7037 2.8
      vertex 26.7289 14.7938 2.8
      vertex 27.6951 15.0358 2.8
    endloop
  endfacet
  facet normal 0 0 1
    outer loop
      vertex 25.7436 34.8499 2.8
      vertex 26.7289 14.7938 2.8
      vertex 26.7289 34.7037 2.8
    endloop
  endfacet
  facet normal 0 0 1
    outer loop
      vertex 25.7436 34.8499 2.8
      vertex 25.7436 14.6476 2.8
      vertex 26.7289 14.7938 2.8
    endloop
  endfacet
  facet normal 0 0 1
    outer loop
      vertex 24.7487 34.8987 2.8
      vertex 25.7436 14.6476 2.8
      vertex 25.7436 34.8499 2.8
    endloop
  endfacet
  facet normal 0 0 1
    outer loop
      vertex 24.7487 34.8987 2.8
      vertex 24.7487 14.5987 2.8
      vertex 25.7436 14.6476 2.8
    endloop
  endfacet
  facet normal -0 0 1
    outer loop
      vertex 23.7539 34.8499 2.8
      vertex 24.7487 14.5987 2.8
      vertex 24.7487 34.8987 2.8
    endloop
  endfacet
  facet normal 0 0 1
    outer loop
      vertex 23.7539 34.8499 2.8
      vertex 23.7539 14.6476 2.8
      vertex 24.7487 14.5987 2.8
    endloop
  endfacet
  facet normal -0 0 1
    outer loop
      vertex 22.7686 34.7037 2.8
      vertex 23.7539 14.6476 2.8
      vertex 23.7539 34.8499 2.8
    endloop
  endfacet
  facet normal 0 0 1
    outer loop
      vertex 22.7686 34.7037 2.8
      vertex 22.7686 14.7938 2.8
      vertex 23.7539 14.6476 2.8
    endloop
  endfacet
  facet normal -0 0 1
    outer loop
      vertex 21.8023 34.4617 2.8
      vertex 22.7686 14.7938 2.8
      vertex 22.7686 34.7037 2.8
    endloop
  endfacet
  facet normal 0 0 1
    outer loop
      vertex 21.8023 34.4617 2.8
      vertex 21.8023 15.0358 2.8
      vertex 22.7686 14.7938 2.8
    endloop
  endfacet
  facet normal -0 0 1
    outer loop
      vertex 20.8645 34.1261 2.8
      vertex 21.8023 15.0358 2.8
      vertex 21.8023 34.4617 2.8
    endloop
  endfacet
  facet normal 0 0 1
    outer loop
      vertex 20.8645 34.1261 2.8
      vertex 20.8645 15.3714 2.8
      vertex 21.8023 15.0358 2.8
    endloop
  endfacet
  facet normal -0 0 1
    outer loop
      vertex 19.9641 33.7002 2.8
      vertex 20.8645 15.3714 2.8
      vertex 20.8645 34.1261 2.8
    endloop
  endfacet
  facet normal 0 0 1
    outer loop
      vertex 19.9641 33.7002 2.8
      vertex 19.9641 15.7972 2.8
      vertex 20.8645 15.3714 2.8
    endloop
  endfacet
  facet normal -0 0 1
    outer loop
      vertex 19.1097 33.1882 2.8
      vertex 19.9641 15.7972 2.8
      vertex 19.9641 33.7002 2.8
    endloop
  endfacet
  facet normal 0 0 1
    outer loop
      vertex 19.1097 33.1882 2.8
      vertex 19.1097 16.3093 2.8
      vertex 19.9641 15.7972 2.8
    endloop
  endfacet
  facet normal -0 0 1
    outer loop
      vertex 18.3096 32.5948 2.8
      vertex 19.1097 16.3093 2.8
      vertex 19.1097 33.1882 2.8
    endloop
  endfacet
  facet normal 0 0 1
    outer loop
      vertex 18.3096 32.5948 2.8
      vertex 18.3096 16.9027 2.8
      vertex 19.1097 16.3093 2.8
    endloop
  endfacet
  facet normal -0 0 1
    outer loop
      vertex 17.5716 31.9259 2.8
      vertex 18.3096 16.9027 2.8
      vertex 18.3096 32.5948 2.8
    endloop
  endfacet
  facet normal 0 0 1
    outer loop
      vertex 17.5716 31.9259 2.8
      vertex 17.5716 17.5716 2.8
      vertex 18.3096 16.9027 2.8
    endloop
  endfacet
  facet normal -0 0 1
    outer loop
      vertex 16.9027 31.1878 2.8
      vertex 17.5716 17.5716 2.8
      vertex 17.5716 31.9259 2.8
    endloop
  endfacet
  facet normal 0 0 1
    outer loop
      vertex 16.9027 31.1878 2.8
      vertex 16.9027 18.3096 2.8
      vertex 17.5716 17.5716 2.8
    endloop
  endfacet
  facet normal -0 0 1
    outer loop
      vertex 16.3093 30.3878 2.8
      vertex 16.9027 18.3096 2.8
      vertex 16.9027 31.1878 2.8
    endloop
  endfacet
  facet normal 0 0 1
    outer loop
      vertex 16.3093 30.3878 2.8
      vertex 16.3093 19.1097 2.8
      vertex 16.9027 18.3096 2.8
    endloop
  endfacet
  facet normal -0 0 1
    outer loop
      vertex 15.7972 29.5334 2.8
      vertex 16.3093 19.1097 2.8
      vertex 16.3093 30.3878 2.8
    endloop
  endfacet
  facet normal 0 0 1
    outer loop
      vertex 15.7972 29.5334 2.8
      vertex 15.7972 19.9641 2.8
      vertex 16.3093 19.1097 2.8
    endloop
  endfacet
  facet normal -0 0 1
    outer loop
      vertex 15.3714 28.633 2.8
      vertex 15.7972 19.9641 2.8
      vertex 15.7972 29.5334 2.8
    endloop
  endfacet
  facet normal 0 0 1
    outer loop
      vertex 15.3714 28.633 2.8
      vertex 15.3714 20.8645 2.8
      vertex 15.7972 19.9641 2.8
    endloop
  endfacet
  facet normal -0 0 1
    outer loop
      vertex 15.0358 27.6951 2.8
      vertex 15.3714 20.8645 2.8
      vertex 15.3714 28.633 2.8
    endloop
  endfacet
  facet normal 0 0 1
    outer loop
      vertex 15.0358 27.6951 2.8
      vertex 15.0358 21.8023 2.8
      vertex 15.3714 20.8645 2.8
    endloop
  endfacet
  facet normal -0 0 1
    outer loop
      vertex 14.7938 26.7289 2.8
      vertex 15.0358 21.8023 2.8
      vertex 15.0358 27.6951 2.8
    endloop
  endfacet
  facet normal 0 0 1
    outer loop
      vertex 14.7938 26.7289 2.8
      vertex 14.7938 22.7686 2.8
      vertex 15.0358 21.8023 2.8
    endloop
  endfacet
  facet normal -0 0 1
    outer loop
      vertex 14.6476 25.7436 2.8
      vertex 14.7938 22.7686 2.8
      vertex 14.7938 26.7289 2.8
    endloop
  endfacet
  facet normal 0 0 1
    outer loop
      vertex 14.6476 25.7436 2.8
      vertex 14.6476 23.7539 2.8
      vertex 14.7938 22.7686 2.8
    endloop
  endfacet
  facet normal 0 -0 1
    outer loop
      vertex 14.6476 23.7539 2.8
      vertex 14.6476 25.7436 2.8
      vertex 14.5987 24.7487 2.8
    endloop
  endfacet
  facet normal -0.970029 0.242989 0
    outer loop
      vertex 9.71294 32.0536 2.8
      vertex 9.95497 33.0198 6
      vertex 9.95497 33.0198 2.8
    endloop
  endfacet
  facet normal -0.970029 0.242989 0
    outer loop
      vertex 9.95497 33.0198 6
      vertex 9.71294 32.0536 2.8
      vertex 9.71294 32.0536 6
    endloop
  endfacet
  facet normal 0.146676 -0.989185 0
    outer loop
      vertex -1.98017 44.955 2.8
      vertex -0.994873 45.1011 6
      vertex -1.98017 44.955 6
    endloop
  endfacet
  facet normal 0.146676 -0.989185 0
    outer loop
      vertex -0.994873 45.1011 6
      vertex -1.98017 44.955 2.8
      vertex -0.994873 45.1011 2.8
    endloop
  endfacet
  facet normal 0.0490927 -0.998794 0
    outer loop
      vertex -0.994873 45.1011 2.8
      vertex 0 45.15 6
      vertex -0.994873 45.1011 6
    endloop
  endfacet
  facet normal 0.0490927 -0.998794 0
    outer loop
      vertex 0 45.15 6
      vertex -0.994873 45.1011 2.8
      vertex 0 45.15 2.8
    endloop
  endfacet
  facet normal 0.243051 -0.970014 0
    outer loop
      vertex -2.94639 44.7129 2.8
      vertex -1.98017 44.955 6
      vertex -2.94639 44.7129 6
    endloop
  endfacet
  facet normal 0.243051 -0.970014 0
    outer loop
      vertex -1.98017 44.955 6
      vertex -2.94639 44.7129 2.8
      vertex -1.98017 44.955 2.8
    endloop
  endfacet
  facet normal -0.0490927 -0.998794 0
    outer loop
      vertex 0 45.15 2.8
      vertex 0.994873 45.1011 6
      vertex 0 45.15 6
    endloop
  endfacet
  facet normal -0.0490927 -0.998794 -0
    outer loop
      vertex 0.994873 45.1011 6
      vertex 0 45.15 2.8
      vertex 0.994873 45.1011 2.8
    endloop
  endfacet
  facet normal 0.98918 -0.146705 0
    outer loop
      vertex -10.1011 35.9949 6
      vertex -9.95497 36.9802 2.8
      vertex -9.95497 36.9802 6
    endloop
  endfacet
  facet normal 0.98918 -0.146705 0
    outer loop
      vertex -9.95497 36.9802 2.8
      vertex -10.1011 35.9949 6
      vertex -10.1011 35.9949 2.8
    endloop
  endfacet
  facet normal -0.427574 -0.90398 0
    outer loop
      vertex 3.88424 44.3774 2.8
      vertex 4.78468 43.9515 6
      vertex 3.88424 44.3774 6
    endloop
  endfacet
  facet normal -0.427574 -0.90398 -0
    outer loop
      vertex 4.78468 43.9515 6
      vertex 3.88424 44.3774 2.8
      vertex 4.78468 43.9515 2.8
    endloop
  endfacet
  facet normal 0.903999 0.427535 0
    outer loop
      vertex -8.9515 30.2153 6
      vertex -9.37738 31.1158 2.8
      vertex -9.37738 31.1158 6
    endloop
  endfacet
  facet normal 0.903999 0.427535 0
    outer loop
      vertex -9.37738 31.1158 2.8
      vertex -8.9515 30.2153 6
      vertex -8.9515 30.2153 2.8
    endloop
  endfacet
  facet normal -0.740928 -0.671584 0
    outer loop
      vertex 7.84606 41.4391 2.8
      vertex 7.17713 42.1771 6
      vertex 7.17713 42.1771 2.8
    endloop
  endfacet
  facet normal -0.740928 -0.671584 0
    outer loop
      vertex 7.17713 42.1771 6
      vertex 7.84606 41.4391 2.8
      vertex 7.84606 41.4391 6
    endloop
  endfacet
  facet normal 0.998794 0.0490914 0
    outer loop
      vertex -10.1011 34.0051 6
      vertex -10.15 35 2.8
      vertex -10.15 35 6
    endloop
  endfacet
  facet normal 0.998794 0.0490914 0
    outer loop
      vertex -10.15 35 2.8
      vertex -10.1011 34.0051 6
      vertex -10.1011 34.0051 2.8
    endloop
  endfacet
  facet normal -0.903999 0.427535 0
    outer loop
      vertex 8.9515 30.2153 2.8
      vertex 9.37738 31.1158 6
      vertex 9.37738 31.1158 2.8
    endloop
  endfacet
  facet normal -0.903999 0.427535 0
    outer loop
      vertex 9.37738 31.1158 6
      vertex 8.9515 30.2153 2.8
      vertex 8.9515 30.2153 6
    endloop
  endfacet
  facet normal -0.595662 0.803235 0
    outer loop
      vertex 6.43909 27.1539 2.8
      vertex 5.63904 26.5606 6
      vertex 6.43909 27.1539 6
    endloop
  endfacet
  facet normal -0.595662 0.803235 0
    outer loop
      vertex 5.63904 26.5606 6
      vertex 6.43909 27.1539 2.8
      vertex 5.63904 26.5606 2.8
    endloop
  endfacet
  facet normal -0.595662 -0.803235 0
    outer loop
      vertex 5.63904 43.4394 2.8
      vertex 6.43909 42.8461 6
      vertex 5.63904 43.4394 6
    endloop
  endfacet
  facet normal -0.595662 -0.803235 -0
    outer loop
      vertex 6.43909 42.8461 6
      vertex 5.63904 43.4394 2.8
      vertex 6.43909 42.8461 2.8
    endloop
  endfacet
  facet normal -0.671603 -0.740911 0
    outer loop
      vertex 6.43909 42.8461 2.8
      vertex 7.17713 42.1771 6
      vertex 6.43909 42.8461 6
    endloop
  endfacet
  facet normal -0.671603 -0.740911 -0
    outer loop
      vertex 7.17713 42.1771 6
      vertex 6.43909 42.8461 2.8
      vertex 7.17713 42.1771 2.8
    endloop
  endfacet
  facet normal 0.740928 0.671584 0
    outer loop
      vertex -7.17713 27.8229 6
      vertex -7.84606 28.5609 2.8
      vertex -7.84606 28.5609 6
    endloop
  endfacet
  facet normal 0.740928 0.671584 0
    outer loop
      vertex -7.84606 28.5609 2.8
      vertex -7.17713 27.8229 6
      vertex -7.17713 27.8229 2.8
    endloop
  endfacet
  facet normal -0.0490927 0.998794 0
    outer loop
      vertex 0.994873 24.8989 2.8
      vertex 0 24.85 6
      vertex 0.994873 24.8989 6
    endloop
  endfacet
  facet normal -0.0490927 0.998794 0
    outer loop
      vertex 0 24.85 6
      vertex 0.994873 24.8989 2.8
      vertex 0 24.85 2.8
    endloop
  endfacet
  facet normal 0.0490927 0.998794 -0
    outer loop
      vertex 0 24.85 2.8
      vertex -0.994873 24.8989 6
      vertex 0 24.85 6
    endloop
  endfacet
  facet normal 0.0490927 0.998794 0
    outer loop
      vertex -0.994873 24.8989 6
      vertex 0 24.85 2.8
      vertex -0.994873 24.8989 2.8
    endloop
  endfacet
  facet normal 0.671603 -0.740911 0
    outer loop
      vertex -7.17713 42.1771 2.8
      vertex -6.43909 42.8461 6
      vertex -7.17713 42.1771 6
    endloop
  endfacet
  facet normal 0.671603 -0.740911 0
    outer loop
      vertex -6.43909 42.8461 6
      vertex -7.17713 42.1771 2.8
      vertex -6.43909 42.8461 2.8
    endloop
  endfacet
  facet normal -0.514115 -0.857721 0
    outer loop
      vertex 4.78468 43.9515 2.8
      vertex 5.63904 43.4394 6
      vertex 4.78468 43.9515 6
    endloop
  endfacet
  facet normal -0.514115 -0.857721 -0
    outer loop
      vertex 5.63904 43.4394 6
      vertex 4.78468 43.9515 2.8
      vertex 5.63904 43.4394 2.8
    endloop
  endfacet
  facet normal 0.941541 0.336899 0
    outer loop
      vertex -9.37738 31.1158 6
      vertex -9.71294 32.0536 2.8
      vertex -9.71294 32.0536 6
    endloop
  endfacet
  facet normal 0.941541 0.336899 0
    outer loop
      vertex -9.71294 32.0536 2.8
      vertex -9.37738 31.1158 6
      vertex -9.37738 31.1158 2.8
    endloop
  endfacet
  facet normal 0.998794 -0.0490914 0
    outer loop
      vertex -10.15 35 6
      vertex -10.1011 35.9949 2.8
      vertex -10.1011 35.9949 6
    endloop
  endfacet
  facet normal 0.998794 -0.0490914 0
    outer loop
      vertex -10.1011 35.9949 2.8
      vertex -10.15 35 6
      vertex -10.15 35 2.8
    endloop
  endfacet
  facet normal 0.336829 -0.941566 0
    outer loop
      vertex -3.88424 44.3774 2.8
      vertex -2.94639 44.7129 6
      vertex -3.88424 44.3774 6
    endloop
  endfacet
  facet normal 0.336829 -0.941566 0
    outer loop
      vertex -2.94639 44.7129 6
      vertex -3.88424 44.3774 2.8
      vertex -2.94639 44.7129 2.8
    endloop
  endfacet
  facet normal -0.146676 0.989185 0
    outer loop
      vertex 1.98017 25.045 2.8
      vertex 0.994873 24.8989 6
      vertex 1.98017 25.045 6
    endloop
  endfacet
  facet normal -0.146676 0.989185 0
    outer loop
      vertex 0.994873 24.8989 6
      vertex 1.98017 25.045 2.8
      vertex 0.994873 24.8989 2.8
    endloop
  endfacet
  facet normal -0.243051 -0.970014 0
    outer loop
      vertex 1.98017 44.955 2.8
      vertex 2.94639 44.7129 6
      vertex 1.98017 44.955 6
    endloop
  endfacet
  facet normal -0.243051 -0.970014 -0
    outer loop
      vertex 2.94639 44.7129 6
      vertex 1.98017 44.955 2.8
      vertex 2.94639 44.7129 2.8
    endloop
  endfacet
  facet normal 0.98918 0.146705 0
    outer loop
      vertex -9.95497 33.0198 6
      vertex -10.1011 34.0051 2.8
      vertex -10.1011 34.0051 6
    endloop
  endfacet
  facet normal 0.98918 0.146705 0
    outer loop
      vertex -10.1011 34.0051 2.8
      vertex -9.95497 33.0198 6
      vertex -9.95497 33.0198 2.8
    endloop
  endfacet
  facet normal 0.427574 -0.90398 0
    outer loop
      vertex -4.78468 43.9515 2.8
      vertex -3.88424 44.3774 6
      vertex -4.78468 43.9515 6
    endloop
  endfacet
  facet normal 0.427574 -0.90398 0
    outer loop
      vertex -3.88424 44.3774 6
      vertex -4.78468 43.9515 2.8
      vertex -3.88424 44.3774 2.8
    endloop
  endfacet
  facet normal -0.998794 -0.0490914 0
    outer loop
      vertex 10.15 35 2.8
      vertex 10.1011 35.9949 6
      vertex 10.1011 35.9949 2.8
    endloop
  endfacet
  facet normal -0.998794 -0.0490914 0
    outer loop
      vertex 10.1011 35.9949 6
      vertex 10.15 35 2.8
      vertex 10.15 35 6
    endloop
  endfacet
  facet normal 0.903999 -0.427535 0
    outer loop
      vertex -9.37738 38.8842 6
      vertex -8.9515 39.7847 2.8
      vertex -8.9515 39.7847 6
    endloop
  endfacet
  facet normal 0.903999 -0.427535 0
    outer loop
      vertex -8.9515 39.7847 2.8
      vertex -9.37738 38.8842 6
      vertex -9.37738 38.8842 2.8
    endloop
  endfacet
  facet normal 0.514115 0.857721 -0
    outer loop
      vertex -4.78468 26.0485 2.8
      vertex -5.63904 26.5606 6
      vertex -4.78468 26.0485 6
    endloop
  endfacet
  facet normal 0.514115 0.857721 0
    outer loop
      vertex -5.63904 26.5606 6
      vertex -4.78468 26.0485 2.8
      vertex -5.63904 26.5606 2.8
    endloop
  endfacet
  facet normal -0.98918 0.146705 0
    outer loop
      vertex 9.95497 33.0198 2.8
      vertex 10.1011 34.0051 6
      vertex 10.1011 34.0051 2.8
    endloop
  endfacet
  facet normal -0.98918 0.146705 0
    outer loop
      vertex 10.1011 34.0051 6
      vertex 9.95497 33.0198 2.8
      vertex 9.95497 33.0198 6
    endloop
  endfacet
  facet normal -0.803224 0.595677 0
    outer loop
      vertex 7.84606 28.5609 2.8
      vertex 8.43942 29.361 6
      vertex 8.43942 29.361 2.8
    endloop
  endfacet
  facet normal -0.803224 0.595677 0
    outer loop
      vertex 8.43942 29.361 6
      vertex 7.84606 28.5609 2.8
      vertex 7.84606 28.5609 6
    endloop
  endfacet
  facet normal -0.514115 0.857721 0
    outer loop
      vertex 5.63904 26.5606 2.8
      vertex 4.78468 26.0485 6
      vertex 5.63904 26.5606 6
    endloop
  endfacet
  facet normal -0.514115 0.857721 0
    outer loop
      vertex 4.78468 26.0485 6
      vertex 5.63904 26.5606 2.8
      vertex 4.78468 26.0485 2.8
    endloop
  endfacet
  facet normal 0.740928 -0.671584 0
    outer loop
      vertex -7.84606 41.4391 6
      vertex -7.17713 42.1771 2.8
      vertex -7.17713 42.1771 6
    endloop
  endfacet
  facet normal 0.740928 -0.671584 0
    outer loop
      vertex -7.17713 42.1771 2.8
      vertex -7.84606 41.4391 6
      vertex -7.84606 41.4391 2.8
    endloop
  endfacet
  facet normal -0.98918 -0.146705 0
    outer loop
      vertex 10.1011 35.9949 2.8
      vertex 9.95497 36.9802 6
      vertex 9.95497 36.9802 2.8
    endloop
  endfacet
  facet normal -0.98918 -0.146705 0
    outer loop
      vertex 9.95497 36.9802 6
      vertex 10.1011 35.9949 2.8
      vertex 10.1011 35.9949 6
    endloop
  endfacet
  facet normal 0.803224 -0.595677 0
    outer loop
      vertex -8.43942 40.639 6
      vertex -7.84606 41.4391 2.8
      vertex -7.84606 41.4391 6
    endloop
  endfacet
  facet normal 0.803224 -0.595677 0
    outer loop
      vertex -7.84606 41.4391 2.8
      vertex -8.43942 40.639 6
      vertex -8.43942 40.639 2.8
    endloop
  endfacet
  facet normal -0.146676 -0.989185 0
    outer loop
      vertex 0.994873 45.1011 2.8
      vertex 1.98017 44.955 6
      vertex 0.994873 45.1011 6
    endloop
  endfacet
  facet normal -0.146676 -0.989185 -0
    outer loop
      vertex 1.98017 44.955 6
      vertex 0.994873 45.1011 2.8
      vertex 1.98017 44.955 2.8
    endloop
  endfacet
  facet normal 0 0 1
    outer loop
      vertex 10.1011 35.9949 2.8
      vertex 10.1011 34.0051 2.8
      vertex 10.15 35 2.8
    endloop
  endfacet
  facet normal 0 0 1
    outer loop
      vertex 9.95497 36.9802 2.8
      vertex 10.1011 34.0051 2.8
      vertex 10.1011 35.9949 2.8
    endloop
  endfacet
  facet normal 0 0 1
    outer loop
      vertex 9.95497 36.9802 2.8
      vertex 9.95497 33.0198 2.8
      vertex 10.1011 34.0051 2.8
    endloop
  endfacet
  facet normal 0 0 1
    outer loop
      vertex 9.71294 37.9464 2.8
      vertex 9.95497 33.0198 2.8
      vertex 9.95497 36.9802 2.8
    endloop
  endfacet
  facet normal 0 0 1
    outer loop
      vertex 9.71294 37.9464 2.8
      vertex 9.71294 32.0536 2.8
      vertex 9.95497 33.0198 2.8
    endloop
  endfacet
  facet normal 0 0 1
    outer loop
      vertex 9.37738 38.8842 2.8
      vertex 9.71294 32.0536 2.8
      vertex 9.71294 37.9464 2.8
    endloop
  endfacet
  facet normal 0 0 1
    outer loop
      vertex 9.37738 38.8842 2.8
      vertex 9.37738 31.1158 2.8
      vertex 9.71294 32.0536 2.8
    endloop
  endfacet
  facet normal 0 0 1
    outer loop
      vertex 8.9515 39.7847 2.8
      vertex 9.37738 31.1158 2.8
      vertex 9.37738 38.8842 2.8
    endloop
  endfacet
  facet normal 0 0 1
    outer loop
      vertex 8.9515 39.7847 2.8
      vertex 8.9515 30.2153 2.8
      vertex 9.37738 31.1158 2.8
    endloop
  endfacet
  facet normal 0 0 1
    outer loop
      vertex 8.43942 40.639 2.8
      vertex 8.9515 30.2153 2.8
      vertex 8.9515 39.7847 2.8
    endloop
  endfacet
  facet normal 0 0 1
    outer loop
      vertex 8.43942 40.639 2.8
      vertex 8.43942 29.361 2.8
      vertex 8.9515 30.2153 2.8
    endloop
  endfacet
  facet normal 0 0 1
    outer loop
      vertex 7.84606 41.4391 2.8
      vertex 8.43942 29.361 2.8
      vertex 8.43942 40.639 2.8
    endloop
  endfacet
  facet normal 0 0 1
    outer loop
      vertex 7.84606 41.4391 2.8
      vertex 7.84606 28.5609 2.8
      vertex 8.43942 29.361 2.8
    endloop
  endfacet
  facet normal 0 0 1
    outer loop
      vertex 7.17713 42.1771 2.8
      vertex 7.84606 28.5609 2.8
      vertex 7.84606 41.4391 2.8
    endloop
  endfacet
  facet normal 0 0 1
    outer loop
      vertex 7.17713 42.1771 2.8
      vertex 7.17713 27.8229 2.8
      vertex 7.84606 28.5609 2.8
    endloop
  endfacet
  facet normal 0 0 1
    outer loop
      vertex 6.43909 42.8461 2.8
      vertex 7.17713 27.8229 2.8
      vertex 7.17713 42.1771 2.8
    endloop
  endfacet
  facet normal 0 0 1
    outer loop
      vertex 6.43909 42.8461 2.8
      vertex 6.43909 27.1539 2.8
      vertex 7.17713 27.8229 2.8
    endloop
  endfacet
  facet normal 0 0 1
    outer loop
      vertex 5.63904 43.4394 2.8
      vertex 6.43909 27.1539 2.8
      vertex 6.43909 42.8461 2.8
    endloop
  endfacet
  facet normal 0 0 1
    outer loop
      vertex 5.63904 43.4394 2.8
      vertex 5.63904 26.5606 2.8
      vertex 6.43909 27.1539 2.8
    endloop
  endfacet
  facet normal 0 0 1
    outer loop
      vertex 4.78468 43.9515 2.8
      vertex 5.63904 26.5606 2.8
      vertex 5.63904 43.4394 2.8
    endloop
  endfacet
  facet normal 0 0 1
    outer loop
      vertex 4.78468 43.9515 2.8
      vertex 4.78468 26.0485 2.8
      vertex 5.63904 26.5606 2.8
    endloop
  endfacet
  facet normal 0 0 1
    outer loop
      vertex 3.88424 44.3774 2.8
      vertex 4.78468 26.0485 2.8
      vertex 4.78468 43.9515 2.8
    endloop
  endfacet
  facet normal 0 0 1
    outer loop
      vertex 3.88424 44.3774 2.8
      vertex 3.88424 25.6226 2.8
      vertex 4.78468 26.0485 2.8
    endloop
  endfacet
  facet normal 0 0 1
    outer loop
      vertex 2.94639 44.7129 2.8
      vertex 3.88424 25.6226 2.8
      vertex 3.88424 44.3774 2.8
    endloop
  endfacet
  facet normal 0 0 1
    outer loop
      vertex 2.94639 44.7129 2.8
      vertex 2.94639 25.2871 2.8
      vertex 3.88424 25.6226 2.8
    endloop
  endfacet
  facet normal 0 0 1
    outer loop
      vertex 1.98017 44.955 2.8
      vertex 2.94639 25.2871 2.8
      vertex 2.94639 44.7129 2.8
    endloop
  endfacet
  facet normal 0 0 1
    outer loop
      vertex 1.98017 44.955 2.8
      vertex 1.98017 25.045 2.8
      vertex 2.94639 25.2871 2.8
    endloop
  endfacet
  facet normal 0 0 1
    outer loop
      vertex 0.994873 45.1011 2.8
      vertex 1.98017 25.045 2.8
      vertex 1.98017 44.955 2.8
    endloop
  endfacet
  facet normal 0 0 1
    outer loop
      vertex 0.994873 45.1011 2.8
      vertex 0.994873 24.8989 2.8
      vertex 1.98017 25.045 2.8
    endloop
  endfacet
  facet normal 0 0 1
    outer loop
      vertex 0 45.15 2.8
      vertex 0.994873 24.8989 2.8
      vertex 0.994873 45.1011 2.8
    endloop
  endfacet
  facet normal 0 0 1
    outer loop
      vertex 0 45.15 2.8
      vertex 0 24.85 2.8
      vertex 0.994873 24.8989 2.8
    endloop
  endfacet
  facet normal -0 0 1
    outer loop
      vertex -0.994873 45.1011 2.8
      vertex 0 24.85 2.8
      vertex 0 45.15 2.8
    endloop
  endfacet
  facet normal 0 0 1
    outer loop
      vertex -0.994873 45.1011 2.8
      vertex -0.994873 24.8989 2.8
      vertex 0 24.85 2.8
    endloop
  endfacet
  facet normal -0 0 1
    outer loop
      vertex -1.98017 44.955 2.8
      vertex -0.994873 24.8989 2.8
      vertex -0.994873 45.1011 2.8
    endloop
  endfacet
  facet normal 0 0 1
    outer loop
      vertex -1.98017 44.955 2.8
      vertex -1.98017 25.045 2.8
      vertex -0.994873 24.8989 2.8
    endloop
  endfacet
  facet normal -0 0 1
    outer loop
      vertex -2.94639 44.7129 2.8
      vertex -1.98017 25.045 2.8
      vertex -1.98017 44.955 2.8
    endloop
  endfacet
  facet normal 0 0 1
    outer loop
      vertex -2.94639 44.7129 2.8
      vertex -2.94639 25.2871 2.8
      vertex -1.98017 25.045 2.8
    endloop
  endfacet
  facet normal -0 0 1
    outer loop
      vertex -3.88424 44.3774 2.8
      vertex -2.94639 25.2871 2.8
      vertex -2.94639 44.7129 2.8
    endloop
  endfacet
  facet normal 0 0 1
    outer loop
      vertex -3.88424 44.3774 2.8
      vertex -3.88424 25.6226 2.8
      vertex -2.94639 25.2871 2.8
    endloop
  endfacet
  facet normal -0 0 1
    outer loop
      vertex -4.78468 43.9515 2.8
      vertex -3.88424 25.6226 2.8
      vertex -3.88424 44.3774 2.8
    endloop
  endfacet
  facet normal 0 0 1
    outer loop
      vertex -4.78468 43.9515 2.8
      vertex -4.78468 26.0485 2.8
      vertex -3.88424 25.6226 2.8
    endloop
  endfacet
  facet normal -0 0 1
    outer loop
      vertex -5.63904 43.4394 2.8
      vertex -4.78468 26.0485 2.8
      vertex -4.78468 43.9515 2.8
    endloop
  endfacet
  facet normal 0 0 1
    outer loop
      vertex -5.63904 43.4394 2.8
      vertex -5.63904 26.5606 2.8
      vertex -4.78468 26.0485 2.8
    endloop
  endfacet
  facet normal -0 0 1
    outer loop
      vertex -6.43909 42.8461 2.8
      vertex -5.63904 26.5606 2.8
      vertex -5.63904 43.4394 2.8
    endloop
  endfacet
  facet normal 0 0 1
    outer loop
      vertex -6.43909 42.8461 2.8
      vertex -6.43909 27.1539 2.8
      vertex -5.63904 26.5606 2.8
    endloop
  endfacet
  facet normal -0 0 1
    outer loop
      vertex -7.17713 42.1771 2.8
      vertex -6.43909 27.1539 2.8
      vertex -6.43909 42.8461 2.8
    endloop
  endfacet
  facet normal 0 0 1
    outer loop
      vertex -7.17713 42.1771 2.8
      vertex -7.17713 27.8229 2.8
      vertex -6.43909 27.1539 2.8
    endloop
  endfacet
  facet normal -0 0 1
    outer loop
      vertex -7.84606 41.4391 2.8
      vertex -7.17713 27.8229 2.8
      vertex -7.17713 42.1771 2.8
    endloop
  endfacet
  facet normal 0 0 1
    outer loop
      vertex -7.84606 41.4391 2.8
      vertex -7.84606 28.5609 2.8
      vertex -7.17713 27.8229 2.8
    endloop
  endfacet
  facet normal -0 0 1
    outer loop
      vertex -8.43942 40.639 2.8
      vertex -7.84606 28.5609 2.8
      vertex -7.84606 41.4391 2.8
    endloop
  endfacet
  facet normal 0 0 1
    outer loop
      vertex -8.43942 40.639 2.8
      vertex -8.43942 29.361 2.8
      vertex -7.84606 28.5609 2.8
    endloop
  endfacet
  facet normal -0 0 1
    outer loop
      vertex -8.9515 39.7847 2.8
      vertex -8.43942 29.361 2.8
      vertex -8.43942 40.639 2.8
    endloop
  endfacet
  facet normal 0 0 1
    outer loop
      vertex -8.9515 39.7847 2.8
      vertex -8.9515 30.2153 2.8
      vertex -8.43942 29.361 2.8
    endloop
  endfacet
  facet normal -0 0 1
    outer loop
      vertex -9.37738 38.8842 2.8
      vertex -8.9515 30.2153 2.8
      vertex -8.9515 39.7847 2.8
    endloop
  endfacet
  facet normal 0 0 1
    outer loop
      vertex -9.37738 38.8842 2.8
      vertex -9.37738 31.1158 2.8
      vertex -8.9515 30.2153 2.8
    endloop
  endfacet
  facet normal -0 0 1
    outer loop
      vertex -9.71294 37.9464 2.8
      vertex -9.37738 31.1158 2.8
      vertex -9.37738 38.8842 2.8
    endloop
  endfacet
  facet normal 0 0 1
    outer loop
      vertex -9.71294 37.9464 2.8
      vertex -9.71294 32.0536 2.8
      vertex -9.37738 31.1158 2.8
    endloop
  endfacet
  facet normal -0 0 1
    outer loop
      vertex -9.95497 36.9802 2.8
      vertex -9.71294 32.0536 2.8
      vertex -9.71294 37.9464 2.8
    endloop
  endfacet
  facet normal 0 0 1
    outer loop
      vertex -9.95497 36.9802 2.8
      vertex -9.95497 33.0198 2.8
      vertex -9.71294 32.0536 2.8
    endloop
  endfacet
  facet normal -0 0 1
    outer loop
      vertex -10.1011 35.9949 2.8
      vertex -9.95497 33.0198 2.8
      vertex -9.95497 36.9802 2.8
    endloop
  endfacet
  facet normal 0 0 1
    outer loop
      vertex -10.1011 35.9949 2.8
      vertex -10.1011 34.0051 2.8
      vertex -9.95497 33.0198 2.8
    endloop
  endfacet
  facet normal 0 -0 1
    outer loop
      vertex -10.1011 34.0051 2.8
      vertex -10.1011 35.9949 2.8
      vertex -10.15 35 2.8
    endloop
  endfacet
  facet normal -0.243051 0.970014 0
    outer loop
      vertex 2.94639 25.2871 2.8
      vertex 1.98017 25.045 6
      vertex 2.94639 25.2871 6
    endloop
  endfacet
  facet normal -0.243051 0.970014 0
    outer loop
      vertex 1.98017 25.045 6
      vertex 2.94639 25.2871 2.8
      vertex 1.98017 25.045 2.8
    endloop
  endfacet
  facet normal -0.941541 -0.336899 0
    outer loop
      vertex 9.71294 37.9464 2.8
      vertex 9.37738 38.8842 6
      vertex 9.37738 38.8842 2.8
    endloop
  endfacet
  facet normal -0.941541 -0.336899 0
    outer loop
      vertex 9.37738 38.8842 6
      vertex 9.71294 37.9464 2.8
      vertex 9.71294 37.9464 6
    endloop
  endfacet
  facet normal 0.595662 -0.803235 0
    outer loop
      vertex -6.43909 42.8461 2.8
      vertex -5.63904 43.4394 6
      vertex -6.43909 42.8461 6
    endloop
  endfacet
  facet normal 0.595662 -0.803235 0
    outer loop
      vertex -5.63904 43.4394 6
      vertex -6.43909 42.8461 2.8
      vertex -5.63904 43.4394 2.8
    endloop
  endfacet
  facet normal 0.857714 -0.514127 0
    outer loop
      vertex -8.9515 39.7847 6
      vertex -8.43942 40.639 2.8
      vertex -8.43942 40.639 6
    endloop
  endfacet
  facet normal 0.857714 -0.514127 0
    outer loop
      vertex -8.43942 40.639 2.8
      vertex -8.9515 39.7847 6
      vertex -8.9515 39.7847 2.8
    endloop
  endfacet
  facet normal 0.941541 -0.336899 0
    outer loop
      vertex -9.71294 37.9464 6
      vertex -9.37738 38.8842 2.8
      vertex -9.37738 38.8842 6
    endloop
  endfacet
  facet normal 0.941541 -0.336899 0
    outer loop
      vertex -9.37738 38.8842 2.8
      vertex -9.71294 37.9464 6
      vertex -9.71294 37.9464 2.8
    endloop
  endfacet
  facet normal -0.970029 -0.242989 0
    outer loop
      vertex 9.95497 36.9802 2.8
      vertex 9.71294 37.9464 6
      vertex 9.71294 37.9464 2.8
    endloop
  endfacet
  facet normal -0.970029 -0.242989 0
    outer loop
      vertex 9.71294 37.9464 6
      vertex 9.95497 36.9802 2.8
      vertex 9.95497 36.9802 6
    endloop
  endfacet
  facet normal 0.514115 -0.857721 0
    outer loop
      vertex -5.63904 43.4394 2.8
      vertex -4.78468 43.9515 6
      vertex -5.63904 43.4394 6
    endloop
  endfacet
  facet normal 0.514115 -0.857721 0
    outer loop
      vertex -4.78468 43.9515 6
      vertex -5.63904 43.4394 2.8
      vertex -4.78468 43.9515 2.8
    endloop
  endfacet
  facet normal 0.595662 0.803235 -0
    outer loop
      vertex -5.63904 26.5606 2.8
      vertex -6.43909 27.1539 6
      vertex -5.63904 26.5606 6
    endloop
  endfacet
  facet normal 0.595662 0.803235 0
    outer loop
      vertex -6.43909 27.1539 6
      vertex -5.63904 26.5606 2.8
      vertex -6.43909 27.1539 2.8
    endloop
  endfacet
  facet normal -0.740928 0.671584 0
    outer loop
      vertex 7.17713 27.8229 2.8
      vertex 7.84606 28.5609 6
      vertex 7.84606 28.5609 2.8
    endloop
  endfacet
  facet normal -0.740928 0.671584 0
    outer loop
      vertex 7.84606 28.5609 6
      vertex 7.17713 27.8229 2.8
      vertex 7.17713 27.8229 6
    endloop
  endfacet
  facet normal -0.671603 0.740911 0
    outer loop
      vertex 7.17713 27.8229 2.8
      vertex 6.43909 27.1539 6
      vertex 7.17713 27.8229 6
    endloop
  endfacet
  facet normal -0.671603 0.740911 0
    outer loop
      vertex 6.43909 27.1539 6
      vertex 7.17713 27.8229 2.8
      vertex 6.43909 27.1539 2.8
    endloop
  endfacet
  facet normal 0.857714 0.514127 0
    outer loop
      vertex -8.43942 29.361 6
      vertex -8.9515 30.2153 2.8
      vertex -8.9515 30.2153 6
    endloop
  endfacet
  facet normal 0.857714 0.514127 0
    outer loop
      vertex -8.9515 30.2153 2.8
      vertex -8.43942 29.361 6
      vertex -8.43942 29.361 2.8
    endloop
  endfacet
  facet normal -0.857714 0.514127 0
    outer loop
      vertex 8.43942 29.361 2.8
      vertex 8.9515 30.2153 6
      vertex 8.9515 30.2153 2.8
    endloop
  endfacet
  facet normal -0.857714 0.514127 0
    outer loop
      vertex 8.9515 30.2153 6
      vertex 8.43942 29.361 2.8
      vertex 8.43942 29.361 6
    endloop
  endfacet
  facet normal 0.970029 0.242989 0
    outer loop
      vertex -9.71294 32.0536 6
      vertex -9.95497 33.0198 2.8
      vertex -9.95497 33.0198 6
    endloop
  endfacet
  facet normal 0.970029 0.242989 0
    outer loop
      vertex -9.95497 33.0198 2.8
      vertex -9.71294 32.0536 6
      vertex -9.71294 32.0536 2.8
    endloop
  endfacet
  facet normal 0.671603 0.740911 -0
    outer loop
      vertex -6.43909 27.1539 2.8
      vertex -7.17713 27.8229 6
      vertex -6.43909 27.1539 6
    endloop
  endfacet
  facet normal 0.671603 0.740911 0
    outer loop
      vertex -7.17713 27.8229 6
      vertex -6.43909 27.1539 2.8
      vertex -7.17713 27.8229 2.8
    endloop
  endfacet
  facet normal 0.243051 0.970014 -0
    outer loop
      vertex -1.98017 25.045 2.8
      vertex -2.94639 25.2871 6
      vertex -1.98017 25.045 6
    endloop
  endfacet
  facet normal 0.243051 0.970014 0
    outer loop
      vertex -2.94639 25.2871 6
      vertex -1.98017 25.045 2.8
      vertex -2.94639 25.2871 2.8
    endloop
  endfacet
  facet normal -0.336829 0.941566 0
    outer loop
      vertex 3.88424 25.6226 2.8
      vertex 2.94639 25.2871 6
      vertex 3.88424 25.6226 6
    endloop
  endfacet
  facet normal -0.336829 0.941566 0
    outer loop
      vertex 2.94639 25.2871 6
      vertex 3.88424 25.6226 2.8
      vertex 2.94639 25.2871 2.8
    endloop
  endfacet
  facet normal -0.941541 0.336899 0
    outer loop
      vertex 9.37738 31.1158 2.8
      vertex 9.71294 32.0536 6
      vertex 9.71294 32.0536 2.8
    endloop
  endfacet
  facet normal -0.941541 0.336899 0
    outer loop
      vertex 9.71294 32.0536 6
      vertex 9.37738 31.1158 2.8
      vertex 9.37738 31.1158 6
    endloop
  endfacet
  facet normal -0.857714 -0.514127 0
    outer loop
      vertex 8.9515 39.7847 2.8
      vertex 8.43942 40.639 6
      vertex 8.43942 40.639 2.8
    endloop
  endfacet
  facet normal -0.857714 -0.514127 0
    outer loop
      vertex 8.43942 40.639 6
      vertex 8.9515 39.7847 2.8
      vertex 8.9515 39.7847 6
    endloop
  endfacet
  facet normal -0.336829 -0.941566 0
    outer loop
      vertex 2.94639 44.7129 2.8
      vertex 3.88424 44.3774 6
      vertex 2.94639 44.7129 6
    endloop
  endfacet
  facet normal -0.336829 -0.941566 -0
    outer loop
      vertex 3.88424 44.3774 6
      vertex 2.94639 44.7129 2.8
      vertex 3.88424 44.3774 2.8
    endloop
  endfacet
  facet normal 0.970029 -0.242989 0
    outer loop
      vertex -9.95497 36.9802 6
      vertex -9.71294 37.9464 2.8
      vertex -9.71294 37.9464 6
    endloop
  endfacet
  facet normal 0.970029 -0.242989 0
    outer loop
      vertex -9.71294 37.9464 2.8
      vertex -9.95497 36.9802 6
      vertex -9.95497 36.9802 2.8
    endloop
  endfacet
  facet normal -0.903999 -0.427535 0
    outer loop
      vertex 9.37738 38.8842 2.8
      vertex 8.9515 39.7847 6
      vertex 8.9515 39.7847 2.8
    endloop
  endfacet
  facet normal -0.903999 -0.427535 0
    outer loop
      vertex 8.9515 39.7847 6
      vertex 9.37738 38.8842 2.8
      vertex 9.37738 38.8842 6
    endloop
  endfacet
  facet normal -0.803224 -0.595677 0
    outer loop
      vertex 8.43942 40.639 2.8
      vertex 7.84606 41.4391 6
      vertex 7.84606 41.4391 2.8
    endloop
  endfacet
  facet normal -0.803224 -0.595677 0
    outer loop
      vertex 7.84606 41.4391 6
      vertex 8.43942 40.639 2.8
      vertex 8.43942 40.639 6
    endloop
  endfacet
  facet normal 0.427574 0.90398 -0
    outer loop
      vertex -3.88424 25.6226 2.8
      vertex -4.78468 26.0485 6
      vertex -3.88424 25.6226 6
    endloop
  endfacet
  facet normal 0.427574 0.90398 0
    outer loop
      vertex -4.78468 26.0485 6
      vertex -3.88424 25.6226 2.8
      vertex -4.78468 26.0485 2.8
    endloop
  endfacet
  facet normal 0.146676 0.989185 -0
    outer loop
      vertex -0.994873 24.8989 2.8
      vertex -1.98017 25.045 6
      vertex -0.994873 24.8989 6
    endloop
  endfacet
  facet normal 0.146676 0.989185 0
    outer loop
      vertex -1.98017 25.045 6
      vertex -0.994873 24.8989 2.8
      vertex -1.98017 25.045 2.8
    endloop
  endfacet
  facet normal 0.336829 0.941566 -0
    outer loop
      vertex -2.94639 25.2871 2.8
      vertex -3.88424 25.6226 6
      vertex -2.94639 25.2871 6
    endloop
  endfacet
  facet normal 0.336829 0.941566 0
    outer loop
      vertex -3.88424 25.6226 6
      vertex -2.94639 25.2871 2.8
      vertex -3.88424 25.6226 2.8
    endloop
  endfacet
  facet normal 0.803224 0.595677 0
    outer loop
      vertex -7.84606 28.5609 6
      vertex -8.43942 29.361 2.8
      vertex -8.43942 29.361 6
    endloop
  endfacet
  facet normal 0.803224 0.595677 0
    outer loop
      vertex -8.43942 29.361 2.8
      vertex -7.84606 28.5609 6
      vertex -7.84606 28.5609 2.8
    endloop
  endfacet
  facet normal -0.998794 0.0490914 0
    outer loop
      vertex 10.1011 34.0051 2.8
      vertex 10.15 35 6
      vertex 10.15 35 2.8
    endloop
  endfacet
  facet normal -0.998794 0.0490914 0
    outer loop
      vertex 10.15 35 6
      vertex 10.1011 34.0051 2.8
      vertex 10.1011 34.0051 6
    endloop
  endfacet
  facet normal -0.427574 0.90398 0
    outer loop
      vertex 4.78468 26.0485 2.8
      vertex 3.88424 25.6226 6
      vertex 4.78468 26.0485 6
    endloop
  endfacet
  facet normal -0.427574 0.90398 0
    outer loop
      vertex 3.88424 25.6226 6
      vertex 4.78468 26.0485 2.8
      vertex 3.88424 25.6226 2.8
    endloop
  endfacet
  facet normal -0.941528 0.336934 0
    outer loop
      vertex -15.3714 20.8645 2.8
      vertex -15.0358 21.8023 6
      vertex -15.0358 21.8023 2.8
    endloop
  endfacet
  facet normal -0.941528 0.336934 0
    outer loop
      vertex -15.0358 21.8023 6
      vertex -15.3714 20.8645 2.8
      vertex -15.3714 20.8645 6
    endloop
  endfacet
  facet normal 0.803169 -0.595751 0
    outer loop
      vertex -33.1882 30.3878 6
      vertex -32.5948 31.1878 2.8
      vertex -32.5948 31.1878 6
    endloop
  endfacet
  facet normal 0.803169 -0.595751 0
    outer loop
      vertex -32.5948 31.1878 2.8
      vertex -33.1882 30.3878 6
      vertex -33.1882 30.3878 2.8
    endloop
  endfacet
  facet normal 0.740989 -0.671518 0
    outer loop
      vertex -32.5948 31.1878 6
      vertex -31.9259 31.9259 2.8
      vertex -31.9259 31.9259 6
    endloop
  endfacet
  facet normal 0.740989 -0.671518 0
    outer loop
      vertex -31.9259 31.9259 2.8
      vertex -32.5948 31.1878 6
      vertex -32.5948 31.1878 2.8
    endloop
  endfacet
  facet normal 0.857776 -0.514023 0
    outer loop
      vertex -33.7002 29.5334 6
      vertex -33.1882 30.3878 2.8
      vertex -33.1882 30.3878 6
    endloop
  endfacet
  facet normal 0.857776 -0.514023 0
    outer loop
      vertex -33.1882 30.3878 2.8
      vertex -33.7002 29.5334 6
      vertex -33.7002 29.5334 2.8
    endloop
  endfacet
  facet normal -0.0489962 -0.998799 0
    outer loop
      vertex -24.7487 34.8987 2.8
      vertex -23.7539 34.8499 6
      vertex -24.7487 34.8987 6
    endloop
  endfacet
  facet normal -0.0489962 -0.998799 -0
    outer loop
      vertex -23.7539 34.8499 6
      vertex -24.7487 34.8987 2.8
      vertex -23.7539 34.8499 2.8
    endloop
  endfacet
  facet normal 0.595751 0.803169 -0
    outer loop
      vertex -30.3878 16.3093 2.8
      vertex -31.1878 16.9027 6
      vertex -30.3878 16.3093 6
    endloop
  endfacet
  facet normal 0.595751 0.803169 0
    outer loop
      vertex -31.1878 16.9027 6
      vertex -30.3878 16.3093 2.8
      vertex -31.1878 16.9027 2.8
    endloop
  endfacet
  facet normal -0.740989 -0.671518 0
    outer loop
      vertex -16.9027 31.1878 2.8
      vertex -17.5716 31.9259 6
      vertex -17.5716 31.9259 2.8
    endloop
  endfacet
  facet normal -0.740989 -0.671518 0
    outer loop
      vertex -17.5716 31.9259 6
      vertex -16.9027 31.1878 2.8
      vertex -16.9027 31.1878 6
    endloop
  endfacet
  facet normal 0.671518 -0.740989 0
    outer loop
      vertex -31.9259 31.9259 2.8
      vertex -31.1878 32.5948 6
      vertex -31.9259 31.9259 6
    endloop
  endfacet
  facet normal 0.671518 -0.740989 0
    outer loop
      vertex -31.1878 32.5948 6
      vertex -31.9259 31.9259 2.8
      vertex -31.1878 32.5948 2.8
    endloop
  endfacet
  facet normal -0.514023 -0.857776 0
    outer loop
      vertex -19.9641 33.7002 2.8
      vertex -19.1097 33.1882 6
      vertex -19.9641 33.7002 6
    endloop
  endfacet
  facet normal -0.514023 -0.857776 -0
    outer loop
      vertex -19.1097 33.1882 6
      vertex -19.9641 33.7002 2.8
      vertex -19.1097 33.1882 2.8
    endloop
  endfacet
  facet normal -0.857732 0.514097 0
    outer loop
      vertex -16.3093 19.1097 2.8
      vertex -15.7972 19.9641 6
      vertex -15.7972 19.9641 2.8
    endloop
  endfacet
  facet normal -0.857732 0.514097 0
    outer loop
      vertex -15.7972 19.9641 6
      vertex -16.3093 19.1097 2.8
      vertex -16.3093 19.1097 6
    endloop
  endfacet
  facet normal 0 0 1
    outer loop
      vertex -14.6476 25.7436 2.8
      vertex -14.6476 23.7539 2.8
      vertex -14.5987 24.7487 2.8
    endloop
  endfacet
  facet normal 0 0 1
    outer loop
      vertex -14.7938 26.7289 2.8
      vertex -14.6476 23.7539 2.8
      vertex -14.6476 25.7436 2.8
    endloop
  endfacet
  facet normal 0 0 1
    outer loop
      vertex -14.7938 26.7289 2.8
      vertex -14.7938 22.7686 2.8
      vertex -14.6476 23.7539 2.8
    endloop
  endfacet
  facet normal 0 0 1
    outer loop
      vertex -15.0358 27.6951 2.8
      vertex -14.7938 22.7686 2.8
      vertex -14.7938 26.7289 2.8
    endloop
  endfacet
  facet normal 0 0 1
    outer loop
      vertex -15.0358 27.6951 2.8
      vertex -15.0358 21.8023 2.8
      vertex -14.7938 22.7686 2.8
    endloop
  endfacet
  facet normal 0 0 1
    outer loop
      vertex -15.3714 28.633 2.8
      vertex -15.0358 21.8023 2.8
      vertex -15.0358 27.6951 2.8
    endloop
  endfacet
  facet normal 0 0 1
    outer loop
      vertex -15.3714 28.633 2.8
      vertex -15.3714 20.8645 2.8
      vertex -15.0358 21.8023 2.8
    endloop
  endfacet
  facet normal 0 0 1
    outer loop
      vertex -15.7972 29.5334 2.8
      vertex -15.3714 20.8645 2.8
      vertex -15.3714 28.633 2.8
    endloop
  endfacet
  facet normal 0 0 1
    outer loop
      vertex -15.7972 29.5334 2.8
      vertex -15.7972 19.9641 2.8
      vertex -15.3714 20.8645 2.8
    endloop
  endfacet
  facet normal 0 0 1
    outer loop
      vertex -16.3093 30.3878 2.8
      vertex -15.7972 19.9641 2.8
      vertex -15.7972 29.5334 2.8
    endloop
  endfacet
  facet normal 0 0 1
    outer loop
      vertex -16.3093 30.3878 2.8
      vertex -16.3093 19.1097 2.8
      vertex -15.7972 19.9641 2.8
    endloop
  endfacet
  facet normal 0 0 1
    outer loop
      vertex -16.9027 31.1878 2.8
      vertex -16.3093 19.1097 2.8
      vertex -16.3093 30.3878 2.8
    endloop
  endfacet
  facet normal 0 0 1
    outer loop
      vertex -16.9027 31.1878 2.8
      vertex -16.9027 18.3096 2.8
      vertex -16.3093 19.1097 2.8
    endloop
  endfacet
  facet normal 0 0 1
    outer loop
      vertex -17.5716 31.9259 2.8
      vertex -16.9027 18.3096 2.8
      vertex -16.9027 31.1878 2.8
    endloop
  endfacet
  facet normal 0 0 1
    outer loop
      vertex -17.5716 31.9259 2.8
      vertex -17.5716 17.5716 2.8
      vertex -16.9027 18.3096 2.8
    endloop
  endfacet
  facet normal 0 0 1
    outer loop
      vertex -18.3096 32.5948 2.8
      vertex -17.5716 17.5716 2.8
      vertex -17.5716 31.9259 2.8
    endloop
  endfacet
  facet normal 0 0 1
    outer loop
      vertex -18.3096 32.5948 2.8
      vertex -18.3096 16.9027 2.8
      vertex -17.5716 17.5716 2.8
    endloop
  endfacet
  facet normal 0 0 1
    outer loop
      vertex -19.1097 33.1882 2.8
      vertex -18.3096 16.9027 2.8
      vertex -18.3096 32.5948 2.8
    endloop
  endfacet
  facet normal 0 0 1
    outer loop
      vertex -19.1097 33.1882 2.8
      vertex -19.1097 16.3093 2.8
      vertex -18.3096 16.9027 2.8
    endloop
  endfacet
  facet normal 0 0 1
    outer loop
      vertex -19.9641 33.7002 2.8
      vertex -19.1097 16.3093 2.8
      vertex -19.1097 33.1882 2.8
    endloop
  endfacet
  facet normal 0 0 1
    outer loop
      vertex -19.9641 33.7002 2.8
      vertex -19.9641 15.7972 2.8
      vertex -19.1097 16.3093 2.8
    endloop
  endfacet
  facet normal 0 0 1
    outer loop
      vertex -20.8645 34.1261 2.8
      vertex -19.9641 15.7972 2.8
      vertex -19.9641 33.7002 2.8
    endloop
  endfacet
  facet normal 0 0 1
    outer loop
      vertex -20.8645 34.1261 2.8
      vertex -20.8645 15.3714 2.8
      vertex -19.9641 15.7972 2.8
    endloop
  endfacet
  facet normal 0 0 1
    outer loop
      vertex -21.8023 34.4617 2.8
      vertex -20.8645 15.3714 2.8
      vertex -20.8645 34.1261 2.8
    endloop
  endfacet
  facet normal 0 0 1
    outer loop
      vertex -21.8023 34.4617 2.8
      vertex -21.8023 15.0358 2.8
      vertex -20.8645 15.3714 2.8
    endloop
  endfacet
  facet normal 0 0 1
    outer loop
      vertex -22.7686 34.7037 2.8
      vertex -21.8023 15.0358 2.8
      vertex -21.8023 34.4617 2.8
    endloop
  endfacet
  facet normal 0 0 1
    outer loop
      vertex -22.7686 34.7037 2.8
      vertex -22.7686 14.7938 2.8
      vertex -21.8023 15.0358 2.8
    endloop
  endfacet
  facet normal 0 0 1
    outer loop
      vertex -23.7539 34.8499 2.8
      vertex -22.7686 14.7938 2.8
      vertex -22.7686 34.7037 2.8
    endloop
  endfacet
  facet normal 0 0 1
    outer loop
      vertex -23.7539 34.8499 2.8
      vertex -23.7539 14.6476 2.8
      vertex -22.7686 14.7938 2.8
    endloop
  endfacet
  facet normal 0 0 1
    outer loop
      vertex -24.7487 34.8987 2.8
      vertex -23.7539 14.6476 2.8
      vertex -23.7539 34.8499 2.8
    endloop
  endfacet
  facet normal 0 0 1
    outer loop
      vertex -24.7487 34.8987 2.8
      vertex -24.7487 14.5987 2.8
      vertex -23.7539 14.6476 2.8
    endloop
  endfacet
  facet normal -0 0 1
    outer loop
      vertex -25.7436 34.8499 2.8
      vertex -24.7487 14.5987 2.8
      vertex -24.7487 34.8987 2.8
    endloop
  endfacet
  facet normal 0 0 1
    outer loop
      vertex -25.7436 34.8499 2.8
      vertex -25.7436 14.6476 2.8
      vertex -24.7487 14.5987 2.8
    endloop
  endfacet
  facet normal -0 0 1
    outer loop
      vertex -26.7289 34.7037 2.8
      vertex -25.7436 14.6476 2.8
      vertex -25.7436 34.8499 2.8
    endloop
  endfacet
  facet normal 0 0 1
    outer loop
      vertex -26.7289 34.7037 2.8
      vertex -26.7289 14.7938 2.8
      vertex -25.7436 14.6476 2.8
    endloop
  endfacet
  facet normal -0 0 1
    outer loop
      vertex -27.6951 34.4617 2.8
      vertex -26.7289 14.7938 2.8
      vertex -26.7289 34.7037 2.8
    endloop
  endfacet
  facet normal 0 0 1
    outer loop
      vertex -27.6951 34.4617 2.8
      vertex -27.6951 15.0358 2.8
      vertex -26.7289 14.7938 2.8
    endloop
  endfacet
  facet normal -0 0 1
    outer loop
      vertex -28.633 34.1261 2.8
      vertex -27.6951 15.0358 2.8
      vertex -27.6951 34.4617 2.8
    endloop
  endfacet
  facet normal 0 0 1
    outer loop
      vertex -28.633 34.1261 2.8
      vertex -28.633 15.3714 2.8
      vertex -27.6951 15.0358 2.8
    endloop
  endfacet
  facet normal -0 0 1
    outer loop
      vertex -29.5334 33.7002 2.8
      vertex -28.633 15.3714 2.8
      vertex -28.633 34.1261 2.8
    endloop
  endfacet
  facet normal 0 0 1
    outer loop
      vertex -29.5334 33.7002 2.8
      vertex -29.5334 15.7972 2.8
      vertex -28.633 15.3714 2.8
    endloop
  endfacet
  facet normal -0 0 1
    outer loop
      vertex -30.3878 33.1882 2.8
      vertex -29.5334 15.7972 2.8
      vertex -29.5334 33.7002 2.8
    endloop
  endfacet
  facet normal 0 0 1
    outer loop
      vertex -30.3878 33.1882 2.8
      vertex -30.3878 16.3093 2.8
      vertex -29.5334 15.7972 2.8
    endloop
  endfacet
  facet normal -0 0 1
    outer loop
      vertex -31.1878 32.5948 2.8
      vertex -30.3878 16.3093 2.8
      vertex -30.3878 33.1882 2.8
    endloop
  endfacet
  facet normal 0 0 1
    outer loop
      vertex -31.1878 32.5948 2.8
      vertex -31.1878 16.9027 2.8
      vertex -30.3878 16.3093 2.8
    endloop
  endfacet
  facet normal -0 0 1
    outer loop
      vertex -31.9259 31.9259 2.8
      vertex -31.1878 16.9027 2.8
      vertex -31.1878 32.5948 2.8
    endloop
  endfacet
  facet normal 0 0 1
    outer loop
      vertex -31.9259 31.9259 2.8
      vertex -31.9259 17.5716 2.8
      vertex -31.1878 16.9027 2.8
    endloop
  endfacet
  facet normal -0 0 1
    outer loop
      vertex -32.5948 31.1878 2.8
      vertex -31.9259 17.5716 2.8
      vertex -31.9259 31.9259 2.8
    endloop
  endfacet
  facet normal 0 0 1
    outer loop
      vertex -32.5948 31.1878 2.8
      vertex -32.5948 18.3096 2.8
      vertex -31.9259 17.5716 2.8
    endloop
  endfacet
  facet normal -0 0 1
    outer loop
      vertex -33.1882 30.3878 2.8
      vertex -32.5948 18.3096 2.8
      vertex -32.5948 31.1878 2.8
    endloop
  endfacet
  facet normal 0 0 1
    outer loop
      vertex -33.1882 30.3878 2.8
      vertex -33.1882 19.1097 2.8
      vertex -32.5948 18.3096 2.8
    endloop
  endfacet
  facet normal -0 0 1
    outer loop
      vertex -33.7002 29.5334 2.8
      vertex -33.1882 19.1097 2.8
      vertex -33.1882 30.3878 2.8
    endloop
  endfacet
  facet normal 0 0 1
    outer loop
      vertex -33.7002 29.5334 2.8
      vertex -33.7002 19.9641 2.8
      vertex -33.1882 19.1097 2.8
    endloop
  endfacet
  facet normal -0 0 1
    outer loop
      vertex -34.1261 28.633 2.8
      vertex -33.7002 19.9641 2.8
      vertex -33.7002 29.5334 2.8
    endloop
  endfacet
  facet normal 0 0 1
    outer loop
      vertex -34.1261 28.633 2.8
      vertex -34.1261 20.8645 2.8
      vertex -33.7002 19.9641 2.8
    endloop
  endfacet
  facet normal -0 0 1
    outer loop
      vertex -34.4617 27.6951 2.8
      vertex -34.1261 20.8645 2.8
      vertex -34.1261 28.633 2.8
    endloop
  endfacet
  facet normal 0 0 1
    outer loop
      vertex -34.4617 27.6951 2.8
      vertex -34.4617 21.8023 2.8
      vertex -34.1261 20.8645 2.8
    endloop
  endfacet
  facet normal -0 0 1
    outer loop
      vertex -34.7037 26.7289 2.8
      vertex -34.4617 21.8023 2.8
      vertex -34.4617 27.6951 2.8
    endloop
  endfacet
  facet normal 0 0 1
    outer loop
      vertex -34.7037 26.7289 2.8
      vertex -34.7037 22.7686 2.8
      vertex -34.4617 21.8023 2.8
    endloop
  endfacet
  facet normal -0 0 1
    outer loop
      vertex -34.8499 25.7436 2.8
      vertex -34.7037 22.7686 2.8
      vertex -34.7037 26.7289 2.8
    endloop
  endfacet
  facet normal 0 0 1
    outer loop
      vertex -34.8499 25.7436 2.8
      vertex -34.8499 23.7539 2.8
      vertex -34.7037 22.7686 2.8
    endloop
  endfacet
  facet normal 0 -0 1
    outer loop
      vertex -34.8499 23.7539 2.8
      vertex -34.8499 25.7436 2.8
      vertex -34.8987 24.7487 2.8
    endloop
  endfacet
  facet normal -0.803169 -0.595751 0
    outer loop
      vertex -16.3093 30.3878 2.8
      vertex -16.9027 31.1878 6
      vertex -16.9027 31.1878 2.8
    endloop
  endfacet
  facet normal -0.803169 -0.595751 0
    outer loop
      vertex -16.9027 31.1878 6
      vertex -16.3093 30.3878 2.8
      vertex -16.3093 30.3878 6
    endloop
  endfacet
  facet normal 0.42759 -0.903973 0
    outer loop
      vertex -29.5334 33.7002 2.8
      vertex -28.633 34.1261 6
      vertex -29.5334 33.7002 6
    endloop
  endfacet
  facet normal 0.42759 -0.903973 0
    outer loop
      vertex -28.633 34.1261 6
      vertex -29.5334 33.7002 2.8
      vertex -28.633 34.1261 2.8
    endloop
  endfacet
  facet normal 0.970042 0.242937 0
    outer loop
      vertex -34.4617 21.8023 6
      vertex -34.7037 22.7686 2.8
      vertex -34.7037 22.7686 6
    endloop
  endfacet
  facet normal 0.970042 0.242937 0
    outer loop
      vertex -34.7037 22.7686 2.8
      vertex -34.4617 21.8023 6
      vertex -34.4617 21.8023 2.8
    endloop
  endfacet
  facet normal 0.514097 0.857732 -0
    outer loop
      vertex -29.5334 15.7972 2.8
      vertex -30.3878 16.3093 6
      vertex -29.5334 15.7972 6
    endloop
  endfacet
  facet normal 0.514097 0.857732 0
    outer loop
      vertex -30.3878 16.3093 6
      vertex -29.5334 15.7972 2.8
      vertex -30.3878 16.3093 2.8
    endloop
  endfacet
  facet normal 0.242961 0.970036 -0
    outer loop
      vertex -26.7289 14.7938 2.8
      vertex -27.6951 15.0358 6
      vertex -26.7289 14.7938 6
    endloop
  endfacet
  facet normal 0.242961 0.970036 0
    outer loop
      vertex -27.6951 15.0358 6
      vertex -26.7289 14.7938 2.8
      vertex -27.6951 15.0358 2.8
    endloop
  endfacet
  facet normal 0.998799 -0.0489913 0
    outer loop
      vertex -34.8987 24.7487 6
      vertex -34.8499 25.7436 2.8
      vertex -34.8499 25.7436 6
    endloop
  endfacet
  facet normal 0.998799 -0.0489913 0
    outer loop
      vertex -34.8499 25.7436 2.8
      vertex -34.8987 24.7487 6
      vertex -34.8987 24.7487 2.8
    endloop
  endfacet
  facet normal -0.595703 -0.803205 0
    outer loop
      vertex -19.1097 33.1882 2.8
      vertex -18.3096 32.5948 6
      vertex -19.1097 33.1882 6
    endloop
  endfacet
  facet normal -0.595703 -0.803205 -0
    outer loop
      vertex -18.3096 32.5948 6
      vertex -19.1097 33.1882 2.8
      vertex -18.3096 32.5948 2.8
    endloop
  endfacet
  facet normal -0.98917 0.146774 0
    outer loop
      vertex -14.7938 22.7686 2.8
      vertex -14.6476 23.7539 6
      vertex -14.6476 23.7539 2.8
    endloop
  endfacet
  facet normal -0.98917 0.146774 0
    outer loop
      vertex -14.6476 23.7539 6
      vertex -14.7938 22.7686 2.8
      vertex -14.7938 22.7686 6
    endloop
  endfacet
  facet normal 0.671518 0.740989 -0
    outer loop
      vertex -31.1878 16.9027 2.8
      vertex -31.9259 17.5716 6
      vertex -31.1878 16.9027 6
    endloop
  endfacet
  facet normal 0.671518 0.740989 0
    outer loop
      vertex -31.9259 17.5716 6
      vertex -31.1878 16.9027 2.8
      vertex -31.9259 17.5716 2.8
    endloop
  endfacet
  facet normal -0.595703 0.803205 0
    outer loop
      vertex -18.3096 16.9027 2.8
      vertex -19.1097 16.3093 6
      vertex -18.3096 16.9027 6
    endloop
  endfacet
  facet normal -0.595703 0.803205 0
    outer loop
      vertex -19.1097 16.3093 6
      vertex -18.3096 16.9027 2.8
      vertex -19.1097 16.3093 2.8
    endloop
  endfacet
  facet normal -0.857732 -0.514097 0
    outer loop
      vertex -15.7972 29.5334 2.8
      vertex -16.3093 30.3878 6
      vertex -16.3093 30.3878 2.8
    endloop
  endfacet
  facet normal -0.857732 -0.514097 0
    outer loop
      vertex -16.3093 30.3878 6
      vertex -15.7972 29.5334 2.8
      vertex -15.7972 29.5334 6
    endloop
  endfacet
  facet normal -0.336934 -0.941528 0
    outer loop
      vertex -21.8023 34.4617 2.8
      vertex -20.8645 34.1261 6
      vertex -21.8023 34.4617 6
    endloop
  endfacet
  facet normal -0.336934 -0.941528 -0
    outer loop
      vertex -20.8645 34.1261 6
      vertex -21.8023 34.4617 2.8
      vertex -20.8645 34.1261 2.8
    endloop
  endfacet
  facet normal 0.146774 0.98917 -0
    outer loop
      vertex -25.7436 14.6476 2.8
      vertex -26.7289 14.7938 6
      vertex -25.7436 14.6476 6
    endloop
  endfacet
  facet normal 0.146774 0.98917 0
    outer loop
      vertex -26.7289 14.7938 6
      vertex -25.7436 14.6476 2.8
      vertex -26.7289 14.7938 2.8
    endloop
  endfacet
  facet normal -0.146774 -0.98917 0
    outer loop
      vertex -23.7539 34.8499 2.8
      vertex -22.7686 34.7037 6
      vertex -23.7539 34.8499 6
    endloop
  endfacet
  facet normal -0.146774 -0.98917 -0
    outer loop
      vertex -22.7686 34.7037 6
      vertex -23.7539 34.8499 2.8
      vertex -22.7686 34.7037 2.8
    endloop
  endfacet
  facet normal 0.427508 0.904012 -0
    outer loop
      vertex -28.633 15.3714 2.8
      vertex -29.5334 15.7972 6
      vertex -28.633 15.3714 6
    endloop
  endfacet
  facet normal 0.427508 0.904012 0
    outer loop
      vertex -29.5334 15.7972 6
      vertex -28.633 15.3714 2.8
      vertex -29.5334 15.7972 2.8
    endloop
  endfacet
  facet normal 0.941528 0.336934 0
    outer loop
      vertex -34.1261 20.8645 6
      vertex -34.4617 21.8023 2.8
      vertex -34.4617 21.8023 6
    endloop
  endfacet
  facet normal 0.941528 0.336934 0
    outer loop
      vertex -34.4617 21.8023 2.8
      vertex -34.1261 20.8645 6
      vertex -34.1261 20.8645 2.8
    endloop
  endfacet
  facet normal 0.803205 0.595703 0
    outer loop
      vertex -32.5948 18.3096 6
      vertex -33.1882 19.1097 2.8
      vertex -33.1882 19.1097 6
    endloop
  endfacet
  facet normal 0.803205 0.595703 0
    outer loop
      vertex -33.1882 19.1097 2.8
      vertex -32.5948 18.3096 6
      vertex -32.5948 18.3096 2.8
    endloop
  endfacet
  facet normal -0.146774 0.98917 0
    outer loop
      vertex -22.7686 14.7938 2.8
      vertex -23.7539 14.6476 6
      vertex -22.7686 14.7938 6
    endloop
  endfacet
  facet normal -0.146774 0.98917 0
    outer loop
      vertex -23.7539 14.6476 6
      vertex -22.7686 14.7938 2.8
      vertex -23.7539 14.6476 2.8
    endloop
  endfacet
  facet normal 0.98917 -0.146774 0
    outer loop
      vertex -34.8499 25.7436 6
      vertex -34.7037 26.7289 2.8
      vertex -34.7037 26.7289 6
    endloop
  endfacet
  facet normal 0.98917 -0.146774 0
    outer loop
      vertex -34.7037 26.7289 2.8
      vertex -34.8499 25.7436 6
      vertex -34.8499 25.7436 2.8
    endloop
  endfacet
  facet normal 0.903973 0.42759 0
    outer loop
      vertex -33.7002 19.9641 6
      vertex -34.1261 20.8645 2.8
      vertex -34.1261 20.8645 6
    endloop
  endfacet
  facet normal 0.903973 0.42759 0
    outer loop
      vertex -34.1261 20.8645 2.8
      vertex -33.7002 19.9641 6
      vertex -33.7002 19.9641 2.8
    endloop
  endfacet
  facet normal -0.42759 -0.903973 0
    outer loop
      vertex -20.8645 34.1261 2.8
      vertex -19.9641 33.7002 6
      vertex -20.8645 34.1261 6
    endloop
  endfacet
  facet normal -0.42759 -0.903973 -0
    outer loop
      vertex -19.9641 33.7002 6
      vertex -20.8645 34.1261 2.8
      vertex -19.9641 33.7002 2.8
    endloop
  endfacet
  facet normal -0.998794 -0.0490914 0
    outer loop
      vertex -14.5987 24.7487 2.8
      vertex -14.6476 25.7436 6
      vertex -14.6476 25.7436 2.8
    endloop
  endfacet
  facet normal -0.998794 -0.0490914 0
    outer loop
      vertex -14.6476 25.7436 6
      vertex -14.5987 24.7487 2.8
      vertex -14.5987 24.7487 6
    endloop
  endfacet
  facet normal 0.146774 -0.98917 0
    outer loop
      vertex -26.7289 34.7037 2.8
      vertex -25.7436 34.8499 6
      vertex -26.7289 34.7037 6
    endloop
  endfacet
  facet normal 0.146774 -0.98917 0
    outer loop
      vertex -25.7436 34.8499 6
      vertex -26.7289 34.7037 2.8
      vertex -25.7436 34.8499 2.8
    endloop
  endfacet
  facet normal 0.595751 -0.803169 0
    outer loop
      vertex -31.1878 32.5948 2.8
      vertex -30.3878 33.1882 6
      vertex -31.1878 32.5948 6
    endloop
  endfacet
  facet normal 0.595751 -0.803169 0
    outer loop
      vertex -30.3878 33.1882 6
      vertex -31.1878 32.5948 2.8
      vertex -30.3878 33.1882 2.8
    endloop
  endfacet
  facet normal 0.514023 -0.857776 0
    outer loop
      vertex -30.3878 33.1882 2.8
      vertex -29.5334 33.7002 6
      vertex -30.3878 33.1882 6
    endloop
  endfacet
  facet normal 0.514023 -0.857776 0
    outer loop
      vertex -29.5334 33.7002 6
      vertex -30.3878 33.1882 2.8
      vertex -29.5334 33.7002 2.8
    endloop
  endfacet
  facet normal 0.740943 0.671568 0
    outer loop
      vertex -31.9259 17.5716 6
      vertex -32.5948 18.3096 2.8
      vertex -32.5948 18.3096 6
    endloop
  endfacet
  facet normal 0.740943 0.671568 0
    outer loop
      vertex -32.5948 18.3096 2.8
      vertex -31.9259 17.5716 6
      vertex -31.9259 17.5716 2.8
    endloop
  endfacet
  facet normal 0.903973 -0.42759 0
    outer loop
      vertex -34.1261 28.633 6
      vertex -33.7002 29.5334 2.8
      vertex -33.7002 29.5334 6
    endloop
  endfacet
  facet normal 0.903973 -0.42759 0
    outer loop
      vertex -33.7002 29.5334 2.8
      vertex -34.1261 28.633 6
      vertex -34.1261 28.633 2.8
    endloop
  endfacet
  facet normal 0.98917 0.146774 0
    outer loop
      vertex -34.7037 22.7686 6
      vertex -34.8499 23.7539 2.8
      vertex -34.8499 23.7539 6
    endloop
  endfacet
  facet normal 0.98917 0.146774 0
    outer loop
      vertex -34.8499 23.7539 2.8
      vertex -34.7037 22.7686 6
      vertex -34.7037 22.7686 2.8
    endloop
  endfacet
  facet normal -0.970042 0.242937 0
    outer loop
      vertex -15.0358 21.8023 2.8
      vertex -14.7938 22.7686 6
      vertex -14.7938 22.7686 2.8
    endloop
  endfacet
  facet normal -0.970042 0.242937 0
    outer loop
      vertex -14.7938 22.7686 6
      vertex -15.0358 21.8023 2.8
      vertex -15.0358 21.8023 6
    endloop
  endfacet
  facet normal 0.336902 0.94154 -0
    outer loop
      vertex -27.6951 15.0358 2.8
      vertex -28.633 15.3714 6
      vertex -27.6951 15.0358 6
    endloop
  endfacet
  facet normal 0.336902 0.94154 0
    outer loop
      vertex -28.633 15.3714 6
      vertex -27.6951 15.0358 2.8
      vertex -28.633 15.3714 2.8
    endloop
  endfacet
  facet normal 0.94154 -0.336902 0
    outer loop
      vertex -34.4617 27.6951 6
      vertex -34.1261 28.633 2.8
      vertex -34.1261 28.633 6
    endloop
  endfacet
  facet normal 0.94154 -0.336902 0
    outer loop
      vertex -34.1261 28.633 2.8
      vertex -34.4617 27.6951 6
      vertex -34.4617 27.6951 2.8
    endloop
  endfacet
  facet normal 0.970036 -0.242961 0
    outer loop
      vertex -34.7037 26.7289 6
      vertex -34.4617 27.6951 2.8
      vertex -34.4617 27.6951 6
    endloop
  endfacet
  facet normal 0.970036 -0.242961 0
    outer loop
      vertex -34.4617 27.6951 2.8
      vertex -34.7037 26.7289 6
      vertex -34.7037 26.7289 2.8
    endloop
  endfacet
  facet normal -0.970036 -0.242961 0
    outer loop
      vertex -14.7938 26.7289 2.8
      vertex -15.0358 27.6951 6
      vertex -15.0358 27.6951 2.8
    endloop
  endfacet
  facet normal -0.970036 -0.242961 0
    outer loop
      vertex -15.0358 27.6951 6
      vertex -14.7938 26.7289 2.8
      vertex -14.7938 26.7289 6
    endloop
  endfacet
  facet normal 0.0490914 0.998794 -0
    outer loop
      vertex -24.7487 14.5987 2.8
      vertex -25.7436 14.6476 6
      vertex -24.7487 14.5987 6
    endloop
  endfacet
  facet normal 0.0490914 0.998794 0
    outer loop
      vertex -25.7436 14.6476 6
      vertex -24.7487 14.5987 2.8
      vertex -25.7436 14.6476 2.8
    endloop
  endfacet
  facet normal 0.998799 0.0489962 0
    outer loop
      vertex -34.8499 23.7539 6
      vertex -34.8987 24.7487 2.8
      vertex -34.8987 24.7487 6
    endloop
  endfacet
  facet normal 0.998799 0.0489962 0
    outer loop
      vertex -34.8987 24.7487 2.8
      vertex -34.8499 23.7539 6
      vertex -34.8499 23.7539 2.8
    endloop
  endfacet
  facet normal 0.857776 0.514023 0
    outer loop
      vertex -33.1882 19.1097 6
      vertex -33.7002 19.9641 2.8
      vertex -33.7002 19.9641 6
    endloop
  endfacet
  facet normal 0.857776 0.514023 0
    outer loop
      vertex -33.7002 19.9641 2.8
      vertex -33.1882 19.1097 6
      vertex -33.1882 19.1097 2.8
    endloop
  endfacet
  facet normal 0.242961 -0.970036 0
    outer loop
      vertex -27.6951 34.4617 2.8
      vertex -26.7289 34.7037 6
      vertex -27.6951 34.4617 6
    endloop
  endfacet
  facet normal 0.242961 -0.970036 0
    outer loop
      vertex -26.7289 34.7037 6
      vertex -27.6951 34.4617 2.8
      vertex -26.7289 34.7037 2.8
    endloop
  endfacet
  facet normal -0.0490963 0.998794 0
    outer loop
      vertex -23.7539 14.6476 2.8
      vertex -24.7487 14.5987 6
      vertex -23.7539 14.6476 6
    endloop
  endfacet
  facet normal -0.0490963 0.998794 0
    outer loop
      vertex -24.7487 14.5987 6
      vertex -23.7539 14.6476 2.8
      vertex -24.7487 14.5987 2.8
    endloop
  endfacet
  facet normal -0.998794 0.0490963 0
    outer loop
      vertex -14.6476 23.7539 2.8
      vertex -14.5987 24.7487 6
      vertex -14.5987 24.7487 2.8
    endloop
  endfacet
  facet normal -0.998794 0.0490963 0
    outer loop
      vertex -14.5987 24.7487 6
      vertex -14.6476 23.7539 2.8
      vertex -14.6476 23.7539 6
    endloop
  endfacet
  facet normal -0.671568 -0.740943 0
    outer loop
      vertex -18.3096 32.5948 2.8
      vertex -17.5716 31.9259 6
      vertex -18.3096 32.5948 6
    endloop
  endfacet
  facet normal -0.671568 -0.740943 -0
    outer loop
      vertex -17.5716 31.9259 6
      vertex -18.3096 32.5948 2.8
      vertex -17.5716 31.9259 2.8
    endloop
  endfacet
  facet normal -0.904012 0.427508 0
    outer loop
      vertex -15.7972 19.9641 2.8
      vertex -15.3714 20.8645 6
      vertex -15.3714 20.8645 2.8
    endloop
  endfacet
  facet normal -0.904012 0.427508 0
    outer loop
      vertex -15.3714 20.8645 6
      vertex -15.7972 19.9641 2.8
      vertex -15.7972 19.9641 6
    endloop
  endfacet
  facet normal -0.94154 -0.336902 0
    outer loop
      vertex -15.0358 27.6951 2.8
      vertex -15.3714 28.633 6
      vertex -15.3714 28.633 2.8
    endloop
  endfacet
  facet normal -0.94154 -0.336902 0
    outer loop
      vertex -15.3714 28.633 6
      vertex -15.0358 27.6951 2.8
      vertex -15.0358 27.6951 6
    endloop
  endfacet
  facet normal -0.740943 0.671568 0
    outer loop
      vertex -17.5716 17.5716 2.8
      vertex -16.9027 18.3096 6
      vertex -16.9027 18.3096 2.8
    endloop
  endfacet
  facet normal -0.740943 0.671568 0
    outer loop
      vertex -16.9027 18.3096 6
      vertex -17.5716 17.5716 2.8
      vertex -17.5716 17.5716 6
    endloop
  endfacet
  facet normal -0.98917 -0.146774 0
    outer loop
      vertex -14.6476 25.7436 2.8
      vertex -14.7938 26.7289 6
      vertex -14.7938 26.7289 2.8
    endloop
  endfacet
  facet normal -0.98917 -0.146774 0
    outer loop
      vertex -14.7938 26.7289 6
      vertex -14.6476 25.7436 2.8
      vertex -14.6476 25.7436 6
    endloop
  endfacet
  facet normal -0.336934 0.941528 0
    outer loop
      vertex -20.8645 15.3714 2.8
      vertex -21.8023 15.0358 6
      vertex -20.8645 15.3714 6
    endloop
  endfacet
  facet normal -0.336934 0.941528 0
    outer loop
      vertex -21.8023 15.0358 6
      vertex -20.8645 15.3714 2.8
      vertex -21.8023 15.0358 2.8
    endloop
  endfacet
  facet normal -0.427508 0.904012 0
    outer loop
      vertex -19.9641 15.7972 2.8
      vertex -20.8645 15.3714 6
      vertex -19.9641 15.7972 6
    endloop
  endfacet
  facet normal -0.427508 0.904012 0
    outer loop
      vertex -20.8645 15.3714 6
      vertex -19.9641 15.7972 2.8
      vertex -20.8645 15.3714 2.8
    endloop
  endfacet
  facet normal -0.514097 0.857732 0
    outer loop
      vertex -19.1097 16.3093 2.8
      vertex -19.9641 15.7972 6
      vertex -19.1097 16.3093 6
    endloop
  endfacet
  facet normal -0.514097 0.857732 0
    outer loop
      vertex -19.9641 15.7972 6
      vertex -19.1097 16.3093 2.8
      vertex -19.9641 15.7972 2.8
    endloop
  endfacet
  facet normal -0.242937 0.970042 0
    outer loop
      vertex -21.8023 15.0358 2.8
      vertex -22.7686 14.7938 6
      vertex -21.8023 15.0358 6
    endloop
  endfacet
  facet normal -0.242937 0.970042 0
    outer loop
      vertex -22.7686 14.7938 6
      vertex -21.8023 15.0358 2.8
      vertex -22.7686 14.7938 2.8
    endloop
  endfacet
  facet normal -0.803205 0.595703 0
    outer loop
      vertex -16.9027 18.3096 2.8
      vertex -16.3093 19.1097 6
      vertex -16.3093 19.1097 2.8
    endloop
  endfacet
  facet normal -0.803205 0.595703 0
    outer loop
      vertex -16.3093 19.1097 6
      vertex -16.9027 18.3096 2.8
      vertex -16.9027 18.3096 6
    endloop
  endfacet
  facet normal -0.242937 -0.970042 0
    outer loop
      vertex -22.7686 34.7037 2.8
      vertex -21.8023 34.4617 6
      vertex -22.7686 34.7037 6
    endloop
  endfacet
  facet normal -0.242937 -0.970042 -0
    outer loop
      vertex -21.8023 34.4617 6
      vertex -22.7686 34.7037 2.8
      vertex -21.8023 34.4617 2.8
    endloop
  endfacet
  facet normal 0.336902 -0.94154 0
    outer loop
      vertex -28.633 34.1261 2.8
      vertex -27.6951 34.4617 6
      vertex -28.633 34.1261 6
    endloop
  endfacet
  facet normal 0.336902 -0.94154 0
    outer loop
      vertex -27.6951 34.4617 6
      vertex -28.633 34.1261 2.8
      vertex -27.6951 34.4617 2.8
    endloop
  endfacet
  facet normal -0.671568 0.740943 0
    outer loop
      vertex -17.5716 17.5716 2.8
      vertex -18.3096 16.9027 6
      vertex -17.5716 17.5716 6
    endloop
  endfacet
  facet normal -0.671568 0.740943 0
    outer loop
      vertex -18.3096 16.9027 6
      vertex -17.5716 17.5716 2.8
      vertex -18.3096 16.9027 2.8
    endloop
  endfacet
  facet normal 0.0489913 -0.998799 0
    outer loop
      vertex -25.7436 34.8499 2.8
      vertex -24.7487 34.8987 6
      vertex -25.7436 34.8499 6
    endloop
  endfacet
  facet normal 0.0489913 -0.998799 0
    outer loop
      vertex -24.7487 34.8987 6
      vertex -25.7436 34.8499 2.8
      vertex -24.7487 34.8987 2.8
    endloop
  endfacet
  facet normal -0.904012 -0.427508 0
    outer loop
      vertex -15.3714 28.633 2.8
      vertex -15.7972 29.5334 6
      vertex -15.7972 29.5334 2.8
    endloop
  endfacet
  facet normal -0.904012 -0.427508 0
    outer loop
      vertex -15.7972 29.5334 6
      vertex -15.3714 28.633 2.8
      vertex -15.3714 28.633 6
    endloop
  endfacet
  facet normal -0.242989 -0.970029 0
    outer loop
      vertex -33.0198 9.95497 2.8
      vertex -32.0536 9.71294 6
      vertex -33.0198 9.95497 6
    endloop
  endfacet
  facet normal -0.242989 -0.970029 -0
    outer loop
      vertex -32.0536 9.71294 6
      vertex -33.0198 9.95497 2.8
      vertex -32.0536 9.71294 2.8
    endloop
  endfacet
  facet normal 0.970014 0.243051 0
    outer loop
      vertex -44.7129 -2.94639 6
      vertex -44.955 -1.98017 2.8
      vertex -44.955 -1.98017 6
    endloop
  endfacet
  facet normal 0.970014 0.243051 0
    outer loop
      vertex -44.955 -1.98017 2.8
      vertex -44.7129 -2.94639 6
      vertex -44.7129 -2.94639 2.8
    endloop
  endfacet
  facet normal 0.998794 -0.0490927 0
    outer loop
      vertex -45.15 0 6
      vertex -45.1011 0.994873 2.8
      vertex -45.1011 0.994873 6
    endloop
  endfacet
  facet normal 0.998794 -0.0490927 0
    outer loop
      vertex -45.1011 0.994873 2.8
      vertex -45.15 0 6
      vertex -45.15 0 2.8
    endloop
  endfacet
  facet normal 0.146705 0.98918 -0
    outer loop
      vertex -35.9949 -10.1011 2.8
      vertex -36.9802 -9.95497 6
      vertex -35.9949 -10.1011 6
    endloop
  endfacet
  facet normal 0.146705 0.98918 0
    outer loop
      vertex -36.9802 -9.95497 6
      vertex -35.9949 -10.1011 2.8
      vertex -36.9802 -9.95497 2.8
    endloop
  endfacet
  facet normal -0.803235 -0.595662 0
    outer loop
      vertex -26.5606 5.63904 2.8
      vertex -27.1539 6.43909 6
      vertex -27.1539 6.43909 2.8
    endloop
  endfacet
  facet normal -0.803235 -0.595662 0
    outer loop
      vertex -27.1539 6.43909 6
      vertex -26.5606 5.63904 2.8
      vertex -26.5606 5.63904 6
    endloop
  endfacet
  facet normal 0.740911 0.671603 0
    outer loop
      vertex -42.1771 -7.17713 6
      vertex -42.8461 -6.43909 2.8
      vertex -42.8461 -6.43909 6
    endloop
  endfacet
  facet normal 0.740911 0.671603 0
    outer loop
      vertex -42.8461 -6.43909 2.8
      vertex -42.1771 -7.17713 6
      vertex -42.1771 -7.17713 2.8
    endloop
  endfacet
  facet normal 0.90398 -0.427574 0
    outer loop
      vertex -44.3774 3.88424 6
      vertex -43.9515 4.78468 2.8
      vertex -43.9515 4.78468 6
    endloop
  endfacet
  facet normal 0.90398 -0.427574 0
    outer loop
      vertex -43.9515 4.78468 2.8
      vertex -44.3774 3.88424 6
      vertex -44.3774 3.88424 2.8
    endloop
  endfacet
  facet normal -0.427535 0.903999 0
    outer loop
      vertex -30.2153 -8.9515 2.8
      vertex -31.1158 -9.37738 6
      vertex -30.2153 -8.9515 6
    endloop
  endfacet
  facet normal -0.427535 0.903999 0
    outer loop
      vertex -31.1158 -9.37738 6
      vertex -30.2153 -8.9515 2.8
      vertex -31.1158 -9.37738 2.8
    endloop
  endfacet
  facet normal 0.998794 0.0490927 0
    outer loop
      vertex -45.1011 -0.994873 6
      vertex -45.15 0 2.8
      vertex -45.15 0 6
    endloop
  endfacet
  facet normal 0.998794 0.0490927 0
    outer loop
      vertex -45.15 0 2.8
      vertex -45.1011 -0.994873 6
      vertex -45.1011 -0.994873 2.8
    endloop
  endfacet
  facet normal -0.336899 -0.941541 0
    outer loop
      vertex -32.0536 9.71294 2.8
      vertex -31.1158 9.37738 6
      vertex -32.0536 9.71294 6
    endloop
  endfacet
  facet normal -0.336899 -0.941541 -0
    outer loop
      vertex -31.1158 9.37738 6
      vertex -32.0536 9.71294 2.8
      vertex -31.1158 9.37738 2.8
    endloop
  endfacet
  facet normal -0.671584 -0.740928 0
    outer loop
      vertex -28.5609 7.84606 2.8
      vertex -27.8229 7.17713 6
      vertex -28.5609 7.84606 6
    endloop
  endfacet
  facet normal -0.671584 -0.740928 -0
    outer loop
      vertex -27.8229 7.17713 6
      vertex -28.5609 7.84606 2.8
      vertex -27.8229 7.17713 2.8
    endloop
  endfacet
  facet normal 0.671584 -0.740928 0
    outer loop
      vertex -42.1771 7.17713 2.8
      vertex -41.4391 7.84606 6
      vertex -42.1771 7.17713 6
    endloop
  endfacet
  facet normal 0.671584 -0.740928 0
    outer loop
      vertex -41.4391 7.84606 6
      vertex -42.1771 7.17713 2.8
      vertex -41.4391 7.84606 2.8
    endloop
  endfacet
  facet normal -0.0490914 0.998794 0
    outer loop
      vertex -34.0051 -10.1011 2.8
      vertex -35 -10.15 6
      vertex -34.0051 -10.1011 6
    endloop
  endfacet
  facet normal -0.0490914 0.998794 0
    outer loop
      vertex -35 -10.15 6
      vertex -34.0051 -10.1011 2.8
      vertex -35 -10.15 2.8
    endloop
  endfacet
  facet normal -0.427535 -0.903999 0
    outer loop
      vertex -31.1158 9.37738 2.8
      vertex -30.2153 8.9515 6
      vertex -31.1158 9.37738 6
    endloop
  endfacet
  facet normal -0.427535 -0.903999 -0
    outer loop
      vertex -30.2153 8.9515 6
      vertex -31.1158 9.37738 2.8
      vertex -30.2153 8.9515 2.8
    endloop
  endfacet
  facet normal 0.803235 -0.595662 0
    outer loop
      vertex -43.4394 5.63904 6
      vertex -42.8461 6.43909 2.8
      vertex -42.8461 6.43909 6
    endloop
  endfacet
  facet normal 0.803235 -0.595662 0
    outer loop
      vertex -42.8461 6.43909 2.8
      vertex -43.4394 5.63904 6
      vertex -43.4394 5.63904 2.8
    endloop
  endfacet
  facet normal -0.514127 -0.857714 0
    outer loop
      vertex -30.2153 8.9515 2.8
      vertex -29.361 8.43942 6
      vertex -30.2153 8.9515 6
    endloop
  endfacet
  facet normal -0.514127 -0.857714 -0
    outer loop
      vertex -29.361 8.43942 6
      vertex -30.2153 8.9515 2.8
      vertex -29.361 8.43942 2.8
    endloop
  endfacet
  facet normal 0.740911 -0.671603 0
    outer loop
      vertex -42.8461 6.43909 6
      vertex -42.1771 7.17713 2.8
      vertex -42.1771 7.17713 6
    endloop
  endfacet
  facet normal 0.740911 -0.671603 0
    outer loop
      vertex -42.1771 7.17713 2.8
      vertex -42.8461 6.43909 6
      vertex -42.8461 6.43909 2.8
    endloop
  endfacet
  facet normal -0.671584 0.740928 0
    outer loop
      vertex -27.8229 -7.17713 2.8
      vertex -28.5609 -7.84606 6
      vertex -27.8229 -7.17713 6
    endloop
  endfacet
  facet normal -0.671584 0.740928 0
    outer loop
      vertex -28.5609 -7.84606 6
      vertex -27.8229 -7.17713 2.8
      vertex -28.5609 -7.84606 2.8
    endloop
  endfacet
  facet normal -0.998794 -0.0490927 0
    outer loop
      vertex -24.85 0 2.8
      vertex -24.8989 0.994873 6
      vertex -24.8989 0.994873 2.8
    endloop
  endfacet
  facet normal -0.998794 -0.0490927 0
    outer loop
      vertex -24.8989 0.994873 6
      vertex -24.85 0 2.8
      vertex -24.85 0 6
    endloop
  endfacet
  facet normal -0.998794 0.0490927 0
    outer loop
      vertex -24.8989 -0.994873 2.8
      vertex -24.85 0 6
      vertex -24.85 0 2.8
    endloop
  endfacet
  facet normal -0.998794 0.0490927 0
    outer loop
      vertex -24.85 0 6
      vertex -24.8989 -0.994873 2.8
      vertex -24.8989 -0.994873 6
    endloop
  endfacet
  facet normal 0.803235 0.595662 0
    outer loop
      vertex -42.8461 -6.43909 6
      vertex -43.4394 -5.63904 2.8
      vertex -43.4394 -5.63904 6
    endloop
  endfacet
  facet normal 0.803235 0.595662 0
    outer loop
      vertex -43.4394 -5.63904 2.8
      vertex -42.8461 -6.43909 6
      vertex -42.8461 -6.43909 2.8
    endloop
  endfacet
  facet normal 0.857721 -0.514115 0
    outer loop
      vertex -43.9515 4.78468 6
      vertex -43.4394 5.63904 2.8
      vertex -43.4394 5.63904 6
    endloop
  endfacet
  facet normal 0.857721 -0.514115 0
    outer loop
      vertex -43.4394 5.63904 2.8
      vertex -43.9515 4.78468 6
      vertex -43.9515 4.78468 2.8
    endloop
  endfacet
  facet normal -0.336899 0.941541 0
    outer loop
      vertex -31.1158 -9.37738 2.8
      vertex -32.0536 -9.71294 6
      vertex -31.1158 -9.37738 6
    endloop
  endfacet
  facet normal -0.336899 0.941541 0
    outer loop
      vertex -32.0536 -9.71294 6
      vertex -31.1158 -9.37738 2.8
      vertex -32.0536 -9.71294 2.8
    endloop
  endfacet
  facet normal 0.336899 0.941541 -0
    outer loop
      vertex -37.9464 -9.71294 2.8
      vertex -38.8842 -9.37738 6
      vertex -37.9464 -9.71294 6
    endloop
  endfacet
  facet normal 0.336899 0.941541 0
    outer loop
      vertex -38.8842 -9.37738 6
      vertex -37.9464 -9.71294 2.8
      vertex -38.8842 -9.37738 2.8
    endloop
  endfacet
  facet normal 0.941566 0.336829 0
    outer loop
      vertex -44.3774 -3.88424 6
      vertex -44.7129 -2.94639 2.8
      vertex -44.7129 -2.94639 6
    endloop
  endfacet
  facet normal 0.941566 0.336829 0
    outer loop
      vertex -44.7129 -2.94639 2.8
      vertex -44.3774 -3.88424 6
      vertex -44.3774 -3.88424 2.8
    endloop
  endfacet
  facet normal 0.970014 -0.243051 0
    outer loop
      vertex -44.955 1.98017 6
      vertex -44.7129 2.94639 2.8
      vertex -44.7129 2.94639 6
    endloop
  endfacet
  facet normal 0.970014 -0.243051 0
    outer loop
      vertex -44.7129 2.94639 2.8
      vertex -44.955 1.98017 6
      vertex -44.955 1.98017 2.8
    endloop
  endfacet
  facet normal -0.146705 0.98918 0
    outer loop
      vertex -33.0198 -9.95497 2.8
      vertex -34.0051 -10.1011 6
      vertex -33.0198 -9.95497 6
    endloop
  endfacet
  facet normal -0.146705 0.98918 0
    outer loop
      vertex -34.0051 -10.1011 6
      vertex -33.0198 -9.95497 2.8
      vertex -34.0051 -10.1011 2.8
    endloop
  endfacet
  facet normal 0.0490914 -0.998794 0
    outer loop
      vertex -35.9949 10.1011 2.8
      vertex -35 10.15 6
      vertex -35.9949 10.1011 6
    endloop
  endfacet
  facet normal 0.0490914 -0.998794 0
    outer loop
      vertex -35 10.15 6
      vertex -35.9949 10.1011 2.8
      vertex -35 10.15 2.8
    endloop
  endfacet
  facet normal 0.427535 0.903999 -0
    outer loop
      vertex -38.8842 -9.37738 2.8
      vertex -39.7847 -8.9515 6
      vertex -38.8842 -9.37738 6
    endloop
  endfacet
  facet normal 0.427535 0.903999 0
    outer loop
      vertex -39.7847 -8.9515 6
      vertex -38.8842 -9.37738 2.8
      vertex -39.7847 -8.9515 2.8
    endloop
  endfacet
  facet normal -0.857721 -0.514115 0
    outer loop
      vertex -26.0485 4.78468 2.8
      vertex -26.5606 5.63904 6
      vertex -26.5606 5.63904 2.8
    endloop
  endfacet
  facet normal -0.857721 -0.514115 0
    outer loop
      vertex -26.5606 5.63904 6
      vertex -26.0485 4.78468 2.8
      vertex -26.0485 4.78468 6
    endloop
  endfacet
  facet normal 0.989185 0.146676 0
    outer loop
      vertex -44.955 -1.98017 6
      vertex -45.1011 -0.994873 2.8
      vertex -45.1011 -0.994873 6
    endloop
  endfacet
  facet normal 0.989185 0.146676 0
    outer loop
      vertex -45.1011 -0.994873 2.8
      vertex -44.955 -1.98017 6
      vertex -44.955 -1.98017 2.8
    endloop
  endfacet
  facet normal -0.857721 0.514115 0
    outer loop
      vertex -26.5606 -5.63904 2.8
      vertex -26.0485 -4.78468 6
      vertex -26.0485 -4.78468 2.8
    endloop
  endfacet
  facet normal -0.857721 0.514115 0
    outer loop
      vertex -26.0485 -4.78468 6
      vertex -26.5606 -5.63904 2.8
      vertex -26.5606 -5.63904 6
    endloop
  endfacet
  facet normal 0.0490914 0.998794 -0
    outer loop
      vertex -35 -10.15 2.8
      vertex -35.9949 -10.1011 6
      vertex -35 -10.15 6
    endloop
  endfacet
  facet normal 0.0490914 0.998794 0
    outer loop
      vertex -35.9949 -10.1011 6
      vertex -35 -10.15 2.8
      vertex -35.9949 -10.1011 2.8
    endloop
  endfacet
  facet normal -0.595677 -0.803224 0
    outer loop
      vertex -29.361 8.43942 2.8
      vertex -28.5609 7.84606 6
      vertex -29.361 8.43942 6
    endloop
  endfacet
  facet normal -0.595677 -0.803224 -0
    outer loop
      vertex -28.5609 7.84606 6
      vertex -29.361 8.43942 2.8
      vertex -28.5609 7.84606 2.8
    endloop
  endfacet
  facet normal 0.671584 0.740928 -0
    outer loop
      vertex -41.4391 -7.84606 2.8
      vertex -42.1771 -7.17713 6
      vertex -41.4391 -7.84606 6
    endloop
  endfacet
  facet normal 0.671584 0.740928 0
    outer loop
      vertex -42.1771 -7.17713 6
      vertex -41.4391 -7.84606 2.8
      vertex -42.1771 -7.17713 2.8
    endloop
  endfacet
  facet normal 0.146705 -0.98918 0
    outer loop
      vertex -36.9802 9.95497 2.8
      vertex -35.9949 10.1011 6
      vertex -36.9802 9.95497 6
    endloop
  endfacet
  facet normal 0.146705 -0.98918 0
    outer loop
      vertex -35.9949 10.1011 6
      vertex -36.9802 9.95497 2.8
      vertex -35.9949 10.1011 2.8
    endloop
  endfacet
  facet normal 0.989185 -0.146676 0
    outer loop
      vertex -45.1011 0.994873 6
      vertex -44.955 1.98017 2.8
      vertex -44.955 1.98017 6
    endloop
  endfacet
  facet normal 0.989185 -0.146676 0
    outer loop
      vertex -44.955 1.98017 2.8
      vertex -45.1011 0.994873 6
      vertex -45.1011 0.994873 2.8
    endloop
  endfacet
  facet normal 0.90398 0.427574 0
    outer loop
      vertex -43.9515 -4.78468 6
      vertex -44.3774 -3.88424 2.8
      vertex -44.3774 -3.88424 6
    endloop
  endfacet
  facet normal 0.90398 0.427574 0
    outer loop
      vertex -44.3774 -3.88424 2.8
      vertex -43.9515 -4.78468 6
      vertex -43.9515 -4.78468 2.8
    endloop
  endfacet
  facet normal 0.595677 0.803224 -0
    outer loop
      vertex -40.639 -8.43942 2.8
      vertex -41.4391 -7.84606 6
      vertex -40.639 -8.43942 6
    endloop
  endfacet
  facet normal 0.595677 0.803224 0
    outer loop
      vertex -41.4391 -7.84606 6
      vertex -40.639 -8.43942 2.8
      vertex -41.4391 -7.84606 2.8
    endloop
  endfacet
  facet normal -0.0490914 -0.998794 0
    outer loop
      vertex -35 10.15 2.8
      vertex -34.0051 10.1011 6
      vertex -35 10.15 6
    endloop
  endfacet
  facet normal -0.0490914 -0.998794 -0
    outer loop
      vertex -34.0051 10.1011 6
      vertex -35 10.15 2.8
      vertex -34.0051 10.1011 2.8
    endloop
  endfacet
  facet normal -0.146705 -0.98918 0
    outer loop
      vertex -34.0051 10.1011 2.8
      vertex -33.0198 9.95497 6
      vertex -34.0051 10.1011 6
    endloop
  endfacet
  facet normal -0.146705 -0.98918 -0
    outer loop
      vertex -33.0198 9.95497 6
      vertex -34.0051 10.1011 2.8
      vertex -33.0198 9.95497 2.8
    endloop
  endfacet
  facet normal 0.336899 -0.941541 0
    outer loop
      vertex -38.8842 9.37738 2.8
      vertex -37.9464 9.71294 6
      vertex -38.8842 9.37738 6
    endloop
  endfacet
  facet normal 0.336899 -0.941541 0
    outer loop
      vertex -37.9464 9.71294 6
      vertex -38.8842 9.37738 2.8
      vertex -37.9464 9.71294 2.8
    endloop
  endfacet
  facet normal 0.242989 -0.970029 0
    outer loop
      vertex -37.9464 9.71294 2.8
      vertex -36.9802 9.95497 6
      vertex -37.9464 9.71294 6
    endloop
  endfacet
  facet normal 0.242989 -0.970029 0
    outer loop
      vertex -36.9802 9.95497 6
      vertex -37.9464 9.71294 2.8
      vertex -36.9802 9.95497 2.8
    endloop
  endfacet
  facet normal 0.514127 0.857714 -0
    outer loop
      vertex -39.7847 -8.9515 2.8
      vertex -40.639 -8.43942 6
      vertex -39.7847 -8.9515 6
    endloop
  endfacet
  facet normal 0.514127 0.857714 0
    outer loop
      vertex -40.639 -8.43942 6
      vertex -39.7847 -8.9515 2.8
      vertex -40.639 -8.43942 2.8
    endloop
  endfacet
  facet normal 0.857721 0.514115 0
    outer loop
      vertex -43.4394 -5.63904 6
      vertex -43.9515 -4.78468 2.8
      vertex -43.9515 -4.78468 6
    endloop
  endfacet
  facet normal 0.857721 0.514115 0
    outer loop
      vertex -43.9515 -4.78468 2.8
      vertex -43.4394 -5.63904 6
      vertex -43.4394 -5.63904 2.8
    endloop
  endfacet
  facet normal -0.803235 0.595662 0
    outer loop
      vertex -27.1539 -6.43909 2.8
      vertex -26.5606 -5.63904 6
      vertex -26.5606 -5.63904 2.8
    endloop
  endfacet
  facet normal -0.803235 0.595662 0
    outer loop
      vertex -26.5606 -5.63904 6
      vertex -27.1539 -6.43909 2.8
      vertex -27.1539 -6.43909 6
    endloop
  endfacet
  facet normal -0.740911 -0.671603 0
    outer loop
      vertex -27.1539 6.43909 2.8
      vertex -27.8229 7.17713 6
      vertex -27.8229 7.17713 2.8
    endloop
  endfacet
  facet normal -0.740911 -0.671603 0
    outer loop
      vertex -27.8229 7.17713 6
      vertex -27.1539 6.43909 2.8
      vertex -27.1539 6.43909 6
    endloop
  endfacet
  facet normal -0.970014 -0.243051 0
    outer loop
      vertex -25.045 1.98017 2.8
      vertex -25.2871 2.94639 6
      vertex -25.2871 2.94639 2.8
    endloop
  endfacet
  facet normal -0.970014 -0.243051 0
    outer loop
      vertex -25.2871 2.94639 6
      vertex -25.045 1.98017 2.8
      vertex -25.045 1.98017 6
    endloop
  endfacet
  facet normal -0.514127 0.857714 0
    outer loop
      vertex -29.361 -8.43942 2.8
      vertex -30.2153 -8.9515 6
      vertex -29.361 -8.43942 6
    endloop
  endfacet
  facet normal -0.514127 0.857714 0
    outer loop
      vertex -30.2153 -8.9515 6
      vertex -29.361 -8.43942 2.8
      vertex -30.2153 -8.9515 2.8
    endloop
  endfacet
  facet normal 0 0 1
    outer loop
      vertex -24.8989 0.994873 2.8
      vertex -24.8989 -0.994873 2.8
      vertex -24.85 0 2.8
    endloop
  endfacet
  facet normal 0 0 1
    outer loop
      vertex -25.045 1.98017 2.8
      vertex -24.8989 -0.994873 2.8
      vertex -24.8989 0.994873 2.8
    endloop
  endfacet
  facet normal 0 0 1
    outer loop
      vertex -25.045 1.98017 2.8
      vertex -25.045 -1.98017 2.8
      vertex -24.8989 -0.994873 2.8
    endloop
  endfacet
  facet normal 0 0 1
    outer loop
      vertex -25.2871 2.94639 2.8
      vertex -25.045 -1.98017 2.8
      vertex -25.045 1.98017 2.8
    endloop
  endfacet
  facet normal 0 0 1
    outer loop
      vertex -25.2871 2.94639 2.8
      vertex -25.2871 -2.94639 2.8
      vertex -25.045 -1.98017 2.8
    endloop
  endfacet
  facet normal 0 0 1
    outer loop
      vertex -25.6226 3.88424 2.8
      vertex -25.2871 -2.94639 2.8
      vertex -25.2871 2.94639 2.8
    endloop
  endfacet
  facet normal 0 0 1
    outer loop
      vertex -25.6226 3.88424 2.8
      vertex -25.6226 -3.88424 2.8
      vertex -25.2871 -2.94639 2.8
    endloop
  endfacet
  facet normal 0 0 1
    outer loop
      vertex -26.0485 4.78468 2.8
      vertex -25.6226 -3.88424 2.8
      vertex -25.6226 3.88424 2.8
    endloop
  endfacet
  facet normal 0 0 1
    outer loop
      vertex -26.0485 4.78468 2.8
      vertex -26.0485 -4.78468 2.8
      vertex -25.6226 -3.88424 2.8
    endloop
  endfacet
  facet normal 0 0 1
    outer loop
      vertex -26.5606 5.63904 2.8
      vertex -26.0485 -4.78468 2.8
      vertex -26.0485 4.78468 2.8
    endloop
  endfacet
  facet normal 0 0 1
    outer loop
      vertex -26.5606 5.63904 2.8
      vertex -26.5606 -5.63904 2.8
      vertex -26.0485 -4.78468 2.8
    endloop
  endfacet
  facet normal 0 0 1
    outer loop
      vertex -27.1539 6.43909 2.8
      vertex -26.5606 -5.63904 2.8
      vertex -26.5606 5.63904 2.8
    endloop
  endfacet
  facet normal 0 0 1
    outer loop
      vertex -27.1539 6.43909 2.8
      vertex -27.1539 -6.43909 2.8
      vertex -26.5606 -5.63904 2.8
    endloop
  endfacet
  facet normal 0 0 1
    outer loop
      vertex -27.8229 7.17713 2.8
      vertex -27.1539 -6.43909 2.8
      vertex -27.1539 6.43909 2.8
    endloop
  endfacet
  facet normal 0 0 1
    outer loop
      vertex -27.8229 7.17713 2.8
      vertex -27.8229 -7.17713 2.8
      vertex -27.1539 -6.43909 2.8
    endloop
  endfacet
  facet normal 0 0 1
    outer loop
      vertex -28.5609 7.84606 2.8
      vertex -27.8229 -7.17713 2.8
      vertex -27.8229 7.17713 2.8
    endloop
  endfacet
  facet normal 0 0 1
    outer loop
      vertex -28.5609 7.84606 2.8
      vertex -28.5609 -7.84606 2.8
      vertex -27.8229 -7.17713 2.8
    endloop
  endfacet
  facet normal 0 0 1
    outer loop
      vertex -29.361 8.43942 2.8
      vertex -28.5609 -7.84606 2.8
      vertex -28.5609 7.84606 2.8
    endloop
  endfacet
  facet normal 0 0 1
    outer loop
      vertex -29.361 8.43942 2.8
      vertex -29.361 -8.43942 2.8
      vertex -28.5609 -7.84606 2.8
    endloop
  endfacet
  facet normal 0 0 1
    outer loop
      vertex -30.2153 8.9515 2.8
      vertex -29.361 -8.43942 2.8
      vertex -29.361 8.43942 2.8
    endloop
  endfacet
  facet normal 0 0 1
    outer loop
      vertex -30.2153 8.9515 2.8
      vertex -30.2153 -8.9515 2.8
      vertex -29.361 -8.43942 2.8
    endloop
  endfacet
  facet normal 0 0 1
    outer loop
      vertex -31.1158 9.37738 2.8
      vertex -30.2153 -8.9515 2.8
      vertex -30.2153 8.9515 2.8
    endloop
  endfacet
  facet normal 0 0 1
    outer loop
      vertex -31.1158 9.37738 2.8
      vertex -31.1158 -9.37738 2.8
      vertex -30.2153 -8.9515 2.8
    endloop
  endfacet
  facet normal 0 0 1
    outer loop
      vertex -32.0536 9.71294 2.8
      vertex -31.1158 -9.37738 2.8
      vertex -31.1158 9.37738 2.8
    endloop
  endfacet
  facet normal 0 0 1
    outer loop
      vertex -32.0536 9.71294 2.8
      vertex -32.0536 -9.71294 2.8
      vertex -31.1158 -9.37738 2.8
    endloop
  endfacet
  facet normal 0 0 1
    outer loop
      vertex -33.0198 9.95497 2.8
      vertex -32.0536 -9.71294 2.8
      vertex -32.0536 9.71294 2.8
    endloop
  endfacet
  facet normal 0 0 1
    outer loop
      vertex -33.0198 9.95497 2.8
      vertex -33.0198 -9.95497 2.8
      vertex -32.0536 -9.71294 2.8
    endloop
  endfacet
  facet normal 0 0 1
    outer loop
      vertex -34.0051 10.1011 2.8
      vertex -33.0198 -9.95497 2.8
      vertex -33.0198 9.95497 2.8
    endloop
  endfacet
  facet normal 0 0 1
    outer loop
      vertex -34.0051 10.1011 2.8
      vertex -34.0051 -10.1011 2.8
      vertex -33.0198 -9.95497 2.8
    endloop
  endfacet
  facet normal 0 0 1
    outer loop
      vertex -35 10.15 2.8
      vertex -34.0051 -10.1011 2.8
      vertex -34.0051 10.1011 2.8
    endloop
  endfacet
  facet normal 0 0 1
    outer loop
      vertex -35 10.15 2.8
      vertex -35 -10.15 2.8
      vertex -34.0051 -10.1011 2.8
    endloop
  endfacet
  facet normal -0 0 1
    outer loop
      vertex -35.9949 10.1011 2.8
      vertex -35 -10.15 2.8
      vertex -35 10.15 2.8
    endloop
  endfacet
  facet normal 0 0 1
    outer loop
      vertex -35.9949 10.1011 2.8
      vertex -35.9949 -10.1011 2.8
      vertex -35 -10.15 2.8
    endloop
  endfacet
  facet normal -0 0 1
    outer loop
      vertex -36.9802 9.95497 2.8
      vertex -35.9949 -10.1011 2.8
      vertex -35.9949 10.1011 2.8
    endloop
  endfacet
  facet normal 0 0 1
    outer loop
      vertex -36.9802 9.95497 2.8
      vertex -36.9802 -9.95497 2.8
      vertex -35.9949 -10.1011 2.8
    endloop
  endfacet
  facet normal -0 0 1
    outer loop
      vertex -37.9464 9.71294 2.8
      vertex -36.9802 -9.95497 2.8
      vertex -36.9802 9.95497 2.8
    endloop
  endfacet
  facet normal 0 0 1
    outer loop
      vertex -37.9464 9.71294 2.8
      vertex -37.9464 -9.71294 2.8
      vertex -36.9802 -9.95497 2.8
    endloop
  endfacet
  facet normal -0 0 1
    outer loop
      vertex -38.8842 9.37738 2.8
      vertex -37.9464 -9.71294 2.8
      vertex -37.9464 9.71294 2.8
    endloop
  endfacet
  facet normal 0 0 1
    outer loop
      vertex -38.8842 9.37738 2.8
      vertex -38.8842 -9.37738 2.8
      vertex -37.9464 -9.71294 2.8
    endloop
  endfacet
  facet normal -0 0 1
    outer loop
      vertex -39.7847 8.9515 2.8
      vertex -38.8842 -9.37738 2.8
      vertex -38.8842 9.37738 2.8
    endloop
  endfacet
  facet normal 0 0 1
    outer loop
      vertex -39.7847 8.9515 2.8
      vertex -39.7847 -8.9515 2.8
      vertex -38.8842 -9.37738 2.8
    endloop
  endfacet
  facet normal -0 0 1
    outer loop
      vertex -40.639 8.43942 2.8
      vertex -39.7847 -8.9515 2.8
      vertex -39.7847 8.9515 2.8
    endloop
  endfacet
  facet normal 0 0 1
    outer loop
      vertex -40.639 8.43942 2.8
      vertex -40.639 -8.43942 2.8
      vertex -39.7847 -8.9515 2.8
    endloop
  endfacet
  facet normal -0 0 1
    outer loop
      vertex -41.4391 7.84606 2.8
      vertex -40.639 -8.43942 2.8
      vertex -40.639 8.43942 2.8
    endloop
  endfacet
  facet normal 0 0 1
    outer loop
      vertex -41.4391 7.84606 2.8
      vertex -41.4391 -7.84606 2.8
      vertex -40.639 -8.43942 2.8
    endloop
  endfacet
  facet normal -0 0 1
    outer loop
      vertex -42.1771 7.17713 2.8
      vertex -41.4391 -7.84606 2.8
      vertex -41.4391 7.84606 2.8
    endloop
  endfacet
  facet normal 0 0 1
    outer loop
      vertex -42.1771 7.17713 2.8
      vertex -42.1771 -7.17713 2.8
      vertex -41.4391 -7.84606 2.8
    endloop
  endfacet
  facet normal -0 0 1
    outer loop
      vertex -42.8461 6.43909 2.8
      vertex -42.1771 -7.17713 2.8
      vertex -42.1771 7.17713 2.8
    endloop
  endfacet
  facet normal 0 0 1
    outer loop
      vertex -42.8461 6.43909 2.8
      vertex -42.8461 -6.43909 2.8
      vertex -42.1771 -7.17713 2.8
    endloop
  endfacet
  facet normal -0 0 1
    outer loop
      vertex -43.4394 5.63904 2.8
      vertex -42.8461 -6.43909 2.8
      vertex -42.8461 6.43909 2.8
    endloop
  endfacet
  facet normal 0 0 1
    outer loop
      vertex -43.4394 5.63904 2.8
      vertex -43.4394 -5.63904 2.8
      vertex -42.8461 -6.43909 2.8
    endloop
  endfacet
  facet normal -0 0 1
    outer loop
      vertex -43.9515 4.78468 2.8
      vertex -43.4394 -5.63904 2.8
      vertex -43.4394 5.63904 2.8
    endloop
  endfacet
  facet normal 0 0 1
    outer loop
      vertex -43.9515 4.78468 2.8
      vertex -43.9515 -4.78468 2.8
      vertex -43.4394 -5.63904 2.8
    endloop
  endfacet
  facet normal -0 0 1
    outer loop
      vertex -44.3774 3.88424 2.8
      vertex -43.9515 -4.78468 2.8
      vertex -43.9515 4.78468 2.8
    endloop
  endfacet
  facet normal 0 0 1
    outer loop
      vertex -44.3774 3.88424 2.8
      vertex -44.3774 -3.88424 2.8
      vertex -43.9515 -4.78468 2.8
    endloop
  endfacet
  facet normal -0 0 1
    outer loop
      vertex -44.7129 2.94639 2.8
      vertex -44.3774 -3.88424 2.8
      vertex -44.3774 3.88424 2.8
    endloop
  endfacet
  facet normal 0 0 1
    outer loop
      vertex -44.7129 2.94639 2.8
      vertex -44.7129 -2.94639 2.8
      vertex -44.3774 -3.88424 2.8
    endloop
  endfacet
  facet normal -0 0 1
    outer loop
      vertex -44.955 1.98017 2.8
      vertex -44.7129 -2.94639 2.8
      vertex -44.7129 2.94639 2.8
    endloop
  endfacet
  facet normal 0 0 1
    outer loop
      vertex -44.955 1.98017 2.8
      vertex -44.955 -1.98017 2.8
      vertex -44.7129 -2.94639 2.8
    endloop
  endfacet
  facet normal -0 0 1
    outer loop
      vertex -45.1011 0.994873 2.8
      vertex -44.955 -1.98017 2.8
      vertex -44.955 1.98017 2.8
    endloop
  endfacet
  facet normal 0 0 1
    outer loop
      vertex -45.1011 0.994873 2.8
      vertex -45.1011 -0.994873 2.8
      vertex -44.955 -1.98017 2.8
    endloop
  endfacet
  facet normal 0 -0 1
    outer loop
      vertex -45.1011 -0.994873 2.8
      vertex -45.1011 0.994873 2.8
      vertex -45.15 0 2.8
    endloop
  endfacet
  facet normal -0.242989 0.970029 0
    outer loop
      vertex -32.0536 -9.71294 2.8
      vertex -33.0198 -9.95497 6
      vertex -32.0536 -9.71294 6
    endloop
  endfacet
  facet normal -0.242989 0.970029 0
    outer loop
      vertex -33.0198 -9.95497 6
      vertex -32.0536 -9.71294 2.8
      vertex -33.0198 -9.95497 2.8
    endloop
  endfacet
  facet normal -0.740911 0.671603 0
    outer loop
      vertex -27.8229 -7.17713 2.8
      vertex -27.1539 -6.43909 6
      vertex -27.1539 -6.43909 2.8
    endloop
  endfacet
  facet normal -0.740911 0.671603 0
    outer loop
      vertex -27.1539 -6.43909 6
      vertex -27.8229 -7.17713 2.8
      vertex -27.8229 -7.17713 6
    endloop
  endfacet
  facet normal -0.970014 0.243051 0
    outer loop
      vertex -25.2871 -2.94639 2.8
      vertex -25.045 -1.98017 6
      vertex -25.045 -1.98017 2.8
    endloop
  endfacet
  facet normal -0.970014 0.243051 0
    outer loop
      vertex -25.045 -1.98017 6
      vertex -25.2871 -2.94639 2.8
      vertex -25.2871 -2.94639 6
    endloop
  endfacet
  facet normal -0.941566 -0.336829 0
    outer loop
      vertex -25.2871 2.94639 2.8
      vertex -25.6226 3.88424 6
      vertex -25.6226 3.88424 2.8
    endloop
  endfacet
  facet normal -0.941566 -0.336829 0
    outer loop
      vertex -25.6226 3.88424 6
      vertex -25.2871 2.94639 2.8
      vertex -25.2871 2.94639 6
    endloop
  endfacet
  facet normal 0.514127 -0.857714 0
    outer loop
      vertex -40.639 8.43942 2.8
      vertex -39.7847 8.9515 6
      vertex -40.639 8.43942 6
    endloop
  endfacet
  facet normal 0.514127 -0.857714 0
    outer loop
      vertex -39.7847 8.9515 6
      vertex -40.639 8.43942 2.8
      vertex -39.7847 8.9515 2.8
    endloop
  endfacet
  facet normal 0.941566 -0.336829 0
    outer loop
      vertex -44.7129 2.94639 6
      vertex -44.3774 3.88424 2.8
      vertex -44.3774 3.88424 6
    endloop
  endfacet
  facet normal 0.941566 -0.336829 0
    outer loop
      vertex -44.3774 3.88424 2.8
      vertex -44.7129 2.94639 6
      vertex -44.7129 2.94639 2.8
    endloop
  endfacet
  facet normal -0.989185 -0.146676 0
    outer loop
      vertex -24.8989 0.994873 2.8
      vertex -25.045 1.98017 6
      vertex -25.045 1.98017 2.8
    endloop
  endfacet
  facet normal -0.989185 -0.146676 0
    outer loop
      vertex -25.045 1.98017 6
      vertex -24.8989 0.994873 2.8
      vertex -24.8989 0.994873 6
    endloop
  endfacet
  facet normal 0.242989 0.970029 -0
    outer loop
      vertex -36.9802 -9.95497 2.8
      vertex -37.9464 -9.71294 6
      vertex -36.9802 -9.95497 6
    endloop
  endfacet
  facet normal 0.242989 0.970029 0
    outer loop
      vertex -37.9464 -9.71294 6
      vertex -36.9802 -9.95497 2.8
      vertex -37.9464 -9.71294 2.8
    endloop
  endfacet
  facet normal 0.427535 -0.903999 0
    outer loop
      vertex -39.7847 8.9515 2.8
      vertex -38.8842 9.37738 6
      vertex -39.7847 8.9515 6
    endloop
  endfacet
  facet normal 0.427535 -0.903999 0
    outer loop
      vertex -38.8842 9.37738 6
      vertex -39.7847 8.9515 2.8
      vertex -38.8842 9.37738 2.8
    endloop
  endfacet
  facet normal 0.595677 -0.803224 0
    outer loop
      vertex -41.4391 7.84606 2.8
      vertex -40.639 8.43942 6
      vertex -41.4391 7.84606 6
    endloop
  endfacet
  facet normal 0.595677 -0.803224 0
    outer loop
      vertex -40.639 8.43942 6
      vertex -41.4391 7.84606 2.8
      vertex -40.639 8.43942 2.8
    endloop
  endfacet
  facet normal -0.90398 0.427574 0
    outer loop
      vertex -26.0485 -4.78468 2.8
      vertex -25.6226 -3.88424 6
      vertex -25.6226 -3.88424 2.8
    endloop
  endfacet
  facet normal -0.90398 0.427574 0
    outer loop
      vertex -25.6226 -3.88424 6
      vertex -26.0485 -4.78468 2.8
      vertex -26.0485 -4.78468 6
    endloop
  endfacet
  facet normal -0.989185 0.146676 0
    outer loop
      vertex -25.045 -1.98017 2.8
      vertex -24.8989 -0.994873 6
      vertex -24.8989 -0.994873 2.8
    endloop
  endfacet
  facet normal -0.989185 0.146676 0
    outer loop
      vertex -24.8989 -0.994873 6
      vertex -25.045 -1.98017 2.8
      vertex -25.045 -1.98017 6
    endloop
  endfacet
  facet normal -0.941566 0.336829 0
    outer loop
      vertex -25.6226 -3.88424 2.8
      vertex -25.2871 -2.94639 6
      vertex -25.2871 -2.94639 2.8
    endloop
  endfacet
  facet normal -0.941566 0.336829 0
    outer loop
      vertex -25.2871 -2.94639 6
      vertex -25.6226 -3.88424 2.8
      vertex -25.6226 -3.88424 6
    endloop
  endfacet
  facet normal -0.595677 0.803224 0
    outer loop
      vertex -28.5609 -7.84606 2.8
      vertex -29.361 -8.43942 6
      vertex -28.5609 -7.84606 6
    endloop
  endfacet
  facet normal -0.595677 0.803224 0
    outer loop
      vertex -29.361 -8.43942 6
      vertex -28.5609 -7.84606 2.8
      vertex -29.361 -8.43942 2.8
    endloop
  endfacet
  facet normal -0.90398 -0.427574 0
    outer loop
      vertex -25.6226 3.88424 2.8
      vertex -26.0485 4.78468 6
      vertex -26.0485 4.78468 2.8
    endloop
  endfacet
  facet normal -0.90398 -0.427574 0
    outer loop
      vertex -26.0485 4.78468 6
      vertex -25.6226 3.88424 2.8
      vertex -25.6226 3.88424 6
    endloop
  endfacet
  facet normal 0.514023 0.857776 -0
    outer loop
      vertex -29.5334 -33.7002 2.8
      vertex -30.3878 -33.1882 6
      vertex -29.5334 -33.7002 6
    endloop
  endfacet
  facet normal 0.514023 0.857776 0
    outer loop
      vertex -30.3878 -33.1882 6
      vertex -29.5334 -33.7002 2.8
      vertex -30.3878 -33.1882 2.8
    endloop
  endfacet
  facet normal 0.998799 -0.0489962 0
    outer loop
      vertex -34.8987 -24.7487 6
      vertex -34.8499 -23.7539 2.8
      vertex -34.8499 -23.7539 6
    endloop
  endfacet
  facet normal 0.998799 -0.0489962 0
    outer loop
      vertex -34.8499 -23.7539 2.8
      vertex -34.8987 -24.7487 6
      vertex -34.8987 -24.7487 2.8
    endloop
  endfacet
  facet normal -0.803169 0.595751 0
    outer loop
      vertex -16.9027 -31.1878 2.8
      vertex -16.3093 -30.3878 6
      vertex -16.3093 -30.3878 2.8
    endloop
  endfacet
  facet normal -0.803169 0.595751 0
    outer loop
      vertex -16.3093 -30.3878 6
      vertex -16.9027 -31.1878 2.8
      vertex -16.9027 -31.1878 6
    endloop
  endfacet
  facet normal 0.671518 -0.740989 0
    outer loop
      vertex -31.9259 -17.5716 2.8
      vertex -31.1878 -16.9027 6
      vertex -31.9259 -17.5716 6
    endloop
  endfacet
  facet normal 0.671518 -0.740989 0
    outer loop
      vertex -31.1878 -16.9027 6
      vertex -31.9259 -17.5716 2.8
      vertex -31.1878 -16.9027 2.8
    endloop
  endfacet
  facet normal -0.595703 -0.803205 0
    outer loop
      vertex -19.1097 -16.3093 2.8
      vertex -18.3096 -16.9027 6
      vertex -19.1097 -16.3093 6
    endloop
  endfacet
  facet normal -0.595703 -0.803205 -0
    outer loop
      vertex -18.3096 -16.9027 6
      vertex -19.1097 -16.3093 2.8
      vertex -18.3096 -16.9027 2.8
    endloop
  endfacet
  facet normal -0.857732 -0.514097 0
    outer loop
      vertex -15.7972 -19.9641 2.8
      vertex -16.3093 -19.1097 6
      vertex -16.3093 -19.1097 2.8
    endloop
  endfacet
  facet normal -0.857732 -0.514097 0
    outer loop
      vertex -16.3093 -19.1097 6
      vertex -15.7972 -19.9641 2.8
      vertex -15.7972 -19.9641 6
    endloop
  endfacet
  facet normal 0.740989 0.671518 0
    outer loop
      vertex -31.9259 -31.9259 6
      vertex -32.5948 -31.1878 2.8
      vertex -32.5948 -31.1878 6
    endloop
  endfacet
  facet normal 0.740989 0.671518 0
    outer loop
      vertex -32.5948 -31.1878 2.8
      vertex -31.9259 -31.9259 6
      vertex -31.9259 -31.9259 2.8
    endloop
  endfacet
  facet normal 0.857776 -0.514023 0
    outer loop
      vertex -33.7002 -19.9641 6
      vertex -33.1882 -19.1097 2.8
      vertex -33.1882 -19.1097 6
    endloop
  endfacet
  facet normal 0.857776 -0.514023 0
    outer loop
      vertex -33.1882 -19.1097 2.8
      vertex -33.7002 -19.9641 6
      vertex -33.7002 -19.9641 2.8
    endloop
  endfacet
  facet normal 0.671518 0.740989 -0
    outer loop
      vertex -31.1878 -32.5948 2.8
      vertex -31.9259 -31.9259 6
      vertex -31.1878 -32.5948 6
    endloop
  endfacet
  facet normal 0.671518 0.740989 0
    outer loop
      vertex -31.9259 -31.9259 6
      vertex -31.1878 -32.5948 2.8
      vertex -31.9259 -31.9259 2.8
    endloop
  endfacet
  facet normal 0.595751 -0.803169 0
    outer loop
      vertex -31.1878 -16.9027 2.8
      vertex -30.3878 -16.3093 6
      vertex -31.1878 -16.9027 6
    endloop
  endfacet
  facet normal 0.595751 -0.803169 0
    outer loop
      vertex -30.3878 -16.3093 6
      vertex -31.1878 -16.9027 2.8
      vertex -30.3878 -16.3093 2.8
    endloop
  endfacet
  facet normal -0.242937 0.970042 0
    outer loop
      vertex -21.8023 -34.4617 2.8
      vertex -22.7686 -34.7037 6
      vertex -21.8023 -34.4617 6
    endloop
  endfacet
  facet normal -0.242937 0.970042 0
    outer loop
      vertex -22.7686 -34.7037 6
      vertex -21.8023 -34.4617 2.8
      vertex -22.7686 -34.7037 2.8
    endloop
  endfacet
  facet normal -0.857732 0.514097 0
    outer loop
      vertex -16.3093 -30.3878 2.8
      vertex -15.7972 -29.5334 6
      vertex -15.7972 -29.5334 2.8
    endloop
  endfacet
  facet normal -0.857732 0.514097 0
    outer loop
      vertex -15.7972 -29.5334 6
      vertex -16.3093 -30.3878 2.8
      vertex -16.3093 -30.3878 6
    endloop
  endfacet
  facet normal -0.970036 0.242961 0
    outer loop
      vertex -15.0358 -27.6951 2.8
      vertex -14.7938 -26.7289 6
      vertex -14.7938 -26.7289 2.8
    endloop
  endfacet
  facet normal -0.970036 0.242961 0
    outer loop
      vertex -14.7938 -26.7289 6
      vertex -15.0358 -27.6951 2.8
      vertex -15.0358 -27.6951 6
    endloop
  endfacet
  facet normal 0.146774 0.98917 -0
    outer loop
      vertex -25.7436 -34.8499 2.8
      vertex -26.7289 -34.7037 6
      vertex -25.7436 -34.8499 6
    endloop
  endfacet
  facet normal 0.146774 0.98917 0
    outer loop
      vertex -26.7289 -34.7037 6
      vertex -25.7436 -34.8499 2.8
      vertex -26.7289 -34.7037 2.8
    endloop
  endfacet
  facet normal -0.514097 -0.857732 0
    outer loop
      vertex -19.9641 -15.7972 2.8
      vertex -19.1097 -16.3093 6
      vertex -19.9641 -15.7972 6
    endloop
  endfacet
  facet normal -0.514097 -0.857732 -0
    outer loop
      vertex -19.1097 -16.3093 6
      vertex -19.9641 -15.7972 2.8
      vertex -19.1097 -16.3093 2.8
    endloop
  endfacet
  facet normal 0.803205 -0.595703 0
    outer loop
      vertex -33.1882 -19.1097 6
      vertex -32.5948 -18.3096 2.8
      vertex -32.5948 -18.3096 6
    endloop
  endfacet
  facet normal 0.803205 -0.595703 0
    outer loop
      vertex -32.5948 -18.3096 2.8
      vertex -33.1882 -19.1097 6
      vertex -33.1882 -19.1097 2.8
    endloop
  endfacet
  facet normal 0.970036 0.242961 0
    outer loop
      vertex -34.4617 -27.6951 6
      vertex -34.7037 -26.7289 2.8
      vertex -34.7037 -26.7289 6
    endloop
  endfacet
  facet normal 0.970036 0.242961 0
    outer loop
      vertex -34.7037 -26.7289 2.8
      vertex -34.4617 -27.6951 6
      vertex -34.4617 -27.6951 2.8
    endloop
  endfacet
  facet normal -0.740989 0.671518 0
    outer loop
      vertex -17.5716 -31.9259 2.8
      vertex -16.9027 -31.1878 6
      vertex -16.9027 -31.1878 2.8
    endloop
  endfacet
  facet normal -0.740989 0.671518 0
    outer loop
      vertex -16.9027 -31.1878 6
      vertex -17.5716 -31.9259 2.8
      vertex -17.5716 -31.9259 6
    endloop
  endfacet
  facet normal 0.94154 0.336902 0
    outer loop
      vertex -34.1261 -28.633 6
      vertex -34.4617 -27.6951 2.8
      vertex -34.4617 -27.6951 6
    endloop
  endfacet
  facet normal 0.94154 0.336902 0
    outer loop
      vertex -34.4617 -27.6951 2.8
      vertex -34.1261 -28.633 6
      vertex -34.1261 -28.633 2.8
    endloop
  endfacet
  facet normal -0.904012 -0.427508 0
    outer loop
      vertex -15.3714 -20.8645 2.8
      vertex -15.7972 -19.9641 6
      vertex -15.7972 -19.9641 2.8
    endloop
  endfacet
  facet normal -0.904012 -0.427508 0
    outer loop
      vertex -15.7972 -19.9641 6
      vertex -15.3714 -20.8645 2.8
      vertex -15.3714 -20.8645 6
    endloop
  endfacet
  facet normal 0.336902 0.94154 -0
    outer loop
      vertex -27.6951 -34.4617 2.8
      vertex -28.633 -34.1261 6
      vertex -27.6951 -34.4617 6
    endloop
  endfacet
  facet normal 0.336902 0.94154 0
    outer loop
      vertex -28.633 -34.1261 6
      vertex -27.6951 -34.4617 2.8
      vertex -28.633 -34.1261 2.8
    endloop
  endfacet
  facet normal 0.514097 -0.857732 0
    outer loop
      vertex -30.3878 -16.3093 2.8
      vertex -29.5334 -15.7972 6
      vertex -30.3878 -16.3093 6
    endloop
  endfacet
  facet normal 0.514097 -0.857732 0
    outer loop
      vertex -29.5334 -15.7972 6
      vertex -30.3878 -16.3093 2.8
      vertex -29.5334 -15.7972 2.8
    endloop
  endfacet
  facet normal 0.941528 -0.336934 0
    outer loop
      vertex -34.4617 -21.8023 6
      vertex -34.1261 -20.8645 2.8
      vertex -34.1261 -20.8645 6
    endloop
  endfacet
  facet normal 0.941528 -0.336934 0
    outer loop
      vertex -34.1261 -20.8645 2.8
      vertex -34.4617 -21.8023 6
      vertex -34.4617 -21.8023 2.8
    endloop
  endfacet
  facet normal -0.98917 0.146774 0
    outer loop
      vertex -14.7938 -26.7289 2.8
      vertex -14.6476 -25.7436 6
      vertex -14.6476 -25.7436 2.8
    endloop
  endfacet
  facet normal -0.98917 0.146774 0
    outer loop
      vertex -14.6476 -25.7436 6
      vertex -14.7938 -26.7289 2.8
      vertex -14.7938 -26.7289 6
    endloop
  endfacet
  facet normal 0.0489913 0.998799 -0
    outer loop
      vertex -24.7487 -34.8987 2.8
      vertex -25.7436 -34.8499 6
      vertex -24.7487 -34.8987 6
    endloop
  endfacet
  facet normal 0.0489913 0.998799 0
    outer loop
      vertex -25.7436 -34.8499 6
      vertex -24.7487 -34.8987 2.8
      vertex -25.7436 -34.8499 2.8
    endloop
  endfacet
  facet normal 0.98917 -0.146774 0
    outer loop
      vertex -34.8499 -23.7539 6
      vertex -34.7037 -22.7686 2.8
      vertex -34.7037 -22.7686 6
    endloop
  endfacet
  facet normal 0.98917 -0.146774 0
    outer loop
      vertex -34.7037 -22.7686 2.8
      vertex -34.8499 -23.7539 6
      vertex -34.8499 -23.7539 2.8
    endloop
  endfacet
  facet normal -0.904012 0.427508 0
    outer loop
      vertex -15.7972 -29.5334 2.8
      vertex -15.3714 -28.633 6
      vertex -15.3714 -28.633 2.8
    endloop
  endfacet
  facet normal -0.904012 0.427508 0
    outer loop
      vertex -15.3714 -28.633 6
      vertex -15.7972 -29.5334 2.8
      vertex -15.7972 -29.5334 6
    endloop
  endfacet
  facet normal -0.336934 0.941528 0
    outer loop
      vertex -20.8645 -34.1261 2.8
      vertex -21.8023 -34.4617 6
      vertex -20.8645 -34.1261 6
    endloop
  endfacet
  facet normal -0.336934 0.941528 0
    outer loop
      vertex -21.8023 -34.4617 6
      vertex -20.8645 -34.1261 2.8
      vertex -21.8023 -34.4617 2.8
    endloop
  endfacet
  facet normal -0.595703 0.803205 0
    outer loop
      vertex -18.3096 -32.5948 2.8
      vertex -19.1097 -33.1882 6
      vertex -18.3096 -32.5948 6
    endloop
  endfacet
  facet normal -0.595703 0.803205 0
    outer loop
      vertex -19.1097 -33.1882 6
      vertex -18.3096 -32.5948 2.8
      vertex -19.1097 -33.1882 2.8
    endloop
  endfacet
  facet normal -0.98917 -0.146774 0
    outer loop
      vertex -14.6476 -23.7539 2.8
      vertex -14.7938 -22.7686 6
      vertex -14.7938 -22.7686 2.8
    endloop
  endfacet
  facet normal -0.98917 -0.146774 0
    outer loop
      vertex -14.7938 -22.7686 6
      vertex -14.6476 -23.7539 2.8
      vertex -14.6476 -23.7539 6
    endloop
  endfacet
  facet normal 0.595751 0.803169 -0
    outer loop
      vertex -30.3878 -33.1882 2.8
      vertex -31.1878 -32.5948 6
      vertex -30.3878 -33.1882 6
    endloop
  endfacet
  facet normal 0.595751 0.803169 0
    outer loop
      vertex -31.1878 -32.5948 6
      vertex -30.3878 -33.1882 2.8
      vertex -31.1878 -32.5948 2.8
    endloop
  endfacet
  facet normal -0.42759 0.903973 0
    outer loop
      vertex -19.9641 -33.7002 2.8
      vertex -20.8645 -34.1261 6
      vertex -19.9641 -33.7002 6
    endloop
  endfacet
  facet normal -0.42759 0.903973 0
    outer loop
      vertex -20.8645 -34.1261 6
      vertex -19.9641 -33.7002 2.8
      vertex -20.8645 -34.1261 2.8
    endloop
  endfacet
  facet normal 0.903973 -0.42759 0
    outer loop
      vertex -34.1261 -20.8645 6
      vertex -33.7002 -19.9641 2.8
      vertex -33.7002 -19.9641 6
    endloop
  endfacet
  facet normal 0.903973 -0.42759 0
    outer loop
      vertex -33.7002 -19.9641 2.8
      vertex -34.1261 -20.8645 6
      vertex -34.1261 -20.8645 2.8
    endloop
  endfacet
  facet normal 0.0490914 -0.998794 0
    outer loop
      vertex -25.7436 -14.6476 2.8
      vertex -24.7487 -14.5987 6
      vertex -25.7436 -14.6476 6
    endloop
  endfacet
  facet normal 0.0490914 -0.998794 0
    outer loop
      vertex -24.7487 -14.5987 6
      vertex -25.7436 -14.6476 2.8
      vertex -24.7487 -14.5987 2.8
    endloop
  endfacet
  facet normal -0.941528 -0.336934 0
    outer loop
      vertex -15.0358 -21.8023 2.8
      vertex -15.3714 -20.8645 6
      vertex -15.3714 -20.8645 2.8
    endloop
  endfacet
  facet normal -0.941528 -0.336934 0
    outer loop
      vertex -15.3714 -20.8645 6
      vertex -15.0358 -21.8023 2.8
      vertex -15.0358 -21.8023 6
    endloop
  endfacet
  facet normal 0.98917 0.146774 0
    outer loop
      vertex -34.7037 -26.7289 6
      vertex -34.8499 -25.7436 2.8
      vertex -34.8499 -25.7436 6
    endloop
  endfacet
  facet normal 0.98917 0.146774 0
    outer loop
      vertex -34.8499 -25.7436 2.8
      vertex -34.7037 -26.7289 6
      vertex -34.7037 -26.7289 2.8
    endloop
  endfacet
  facet normal 0.857776 0.514023 0
    outer loop
      vertex -33.1882 -30.3878 6
      vertex -33.7002 -29.5334 2.8
      vertex -33.7002 -29.5334 6
    endloop
  endfacet
  facet normal 0.857776 0.514023 0
    outer loop
      vertex -33.7002 -29.5334 2.8
      vertex -33.1882 -30.3878 6
      vertex -33.1882 -30.3878 2.8
    endloop
  endfacet
  facet normal 0.903973 0.42759 0
    outer loop
      vertex -33.7002 -29.5334 6
      vertex -34.1261 -28.633 2.8
      vertex -34.1261 -28.633 6
    endloop
  endfacet
  facet normal 0.903973 0.42759 0
    outer loop
      vertex -34.1261 -28.633 2.8
      vertex -33.7002 -29.5334 6
      vertex -33.7002 -29.5334 2.8
    endloop
  endfacet
  facet normal -0.146774 -0.98917 0
    outer loop
      vertex -23.7539 -14.6476 2.8
      vertex -22.7686 -14.7938 6
      vertex -23.7539 -14.6476 6
    endloop
  endfacet
  facet normal -0.146774 -0.98917 -0
    outer loop
      vertex -22.7686 -14.7938 6
      vertex -23.7539 -14.6476 2.8
      vertex -22.7686 -14.7938 2.8
    endloop
  endfacet
  facet normal -0.671568 0.740943 0
    outer loop
      vertex -17.5716 -31.9259 2.8
      vertex -18.3096 -32.5948 6
      vertex -17.5716 -31.9259 6
    endloop
  endfacet
  facet normal -0.671568 0.740943 0
    outer loop
      vertex -18.3096 -32.5948 6
      vertex -17.5716 -31.9259 2.8
      vertex -18.3096 -32.5948 2.8
    endloop
  endfacet
  facet normal -0.970042 -0.242937 0
    outer loop
      vertex -14.7938 -22.7686 2.8
      vertex -15.0358 -21.8023 6
      vertex -15.0358 -21.8023 2.8
    endloop
  endfacet
  facet normal -0.970042 -0.242937 0
    outer loop
      vertex -15.0358 -21.8023 6
      vertex -14.7938 -22.7686 2.8
      vertex -14.7938 -22.7686 6
    endloop
  endfacet
  facet normal 0.42759 0.903973 -0
    outer loop
      vertex -28.633 -34.1261 2.8
      vertex -29.5334 -33.7002 6
      vertex -28.633 -34.1261 6
    endloop
  endfacet
  facet normal 0.42759 0.903973 0
    outer loop
      vertex -29.5334 -33.7002 6
      vertex -28.633 -34.1261 2.8
      vertex -29.5334 -33.7002 2.8
    endloop
  endfacet
  facet normal -0.146774 0.98917 0
    outer loop
      vertex -22.7686 -34.7037 2.8
      vertex -23.7539 -34.8499 6
      vertex -22.7686 -34.7037 6
    endloop
  endfacet
  facet normal -0.146774 0.98917 0
    outer loop
      vertex -23.7539 -34.8499 6
      vertex -22.7686 -34.7037 2.8
      vertex -23.7539 -34.8499 2.8
    endloop
  endfacet
  facet normal -0.242937 -0.970042 0
    outer loop
      vertex -22.7686 -14.7938 2.8
      vertex -21.8023 -15.0358 6
      vertex -22.7686 -14.7938 6
    endloop
  endfacet
  facet normal -0.242937 -0.970042 -0
    outer loop
      vertex -21.8023 -15.0358 6
      vertex -22.7686 -14.7938 2.8
      vertex -21.8023 -15.0358 2.8
    endloop
  endfacet
  facet normal -0.94154 0.336902 0
    outer loop
      vertex -15.3714 -28.633 2.8
      vertex -15.0358 -27.6951 6
      vertex -15.0358 -27.6951 2.8
    endloop
  endfacet
  facet normal -0.94154 0.336902 0
    outer loop
      vertex -15.0358 -27.6951 6
      vertex -15.3714 -28.633 2.8
      vertex -15.3714 -28.633 6
    endloop
  endfacet
  facet normal 0.803169 0.595751 0
    outer loop
      vertex -32.5948 -31.1878 6
      vertex -33.1882 -30.3878 2.8
      vertex -33.1882 -30.3878 6
    endloop
  endfacet
  facet normal 0.803169 0.595751 0
    outer loop
      vertex -33.1882 -30.3878 2.8
      vertex -32.5948 -31.1878 6
      vertex -32.5948 -31.1878 2.8
    endloop
  endfacet
  facet normal -0.0490963 -0.998794 0
    outer loop
      vertex -24.7487 -14.5987 2.8
      vertex -23.7539 -14.6476 6
      vertex -24.7487 -14.5987 6
    endloop
  endfacet
  facet normal -0.0490963 -0.998794 -0
    outer loop
      vertex -23.7539 -14.6476 6
      vertex -24.7487 -14.5987 2.8
      vertex -23.7539 -14.6476 2.8
    endloop
  endfacet
  facet normal 0.242961 0.970036 -0
    outer loop
      vertex -26.7289 -34.7037 2.8
      vertex -27.6951 -34.4617 6
      vertex -26.7289 -34.7037 6
    endloop
  endfacet
  facet normal 0.242961 0.970036 0
    outer loop
      vertex -27.6951 -34.4617 6
      vertex -26.7289 -34.7037 2.8
      vertex -27.6951 -34.4617 2.8
    endloop
  endfacet
  facet normal 0.242961 -0.970036 0
    outer loop
      vertex -27.6951 -15.0358 2.8
      vertex -26.7289 -14.7938 6
      vertex -27.6951 -15.0358 6
    endloop
  endfacet
  facet normal 0.242961 -0.970036 0
    outer loop
      vertex -26.7289 -14.7938 6
      vertex -27.6951 -15.0358 2.8
      vertex -26.7289 -14.7938 2.8
    endloop
  endfacet
  facet normal -0.998794 0.0490914 0
    outer loop
      vertex -14.6476 -25.7436 2.8
      vertex -14.5987 -24.7487 6
      vertex -14.5987 -24.7487 2.8
    endloop
  endfacet
  facet normal -0.998794 0.0490914 0
    outer loop
      vertex -14.5987 -24.7487 6
      vertex -14.6476 -25.7436 2.8
      vertex -14.6476 -25.7436 6
    endloop
  endfacet
  facet normal -0.0489962 0.998799 0
    outer loop
      vertex -23.7539 -34.8499 2.8
      vertex -24.7487 -34.8987 6
      vertex -23.7539 -34.8499 6
    endloop
  endfacet
  facet normal -0.0489962 0.998799 0
    outer loop
      vertex -24.7487 -34.8987 6
      vertex -23.7539 -34.8499 2.8
      vertex -24.7487 -34.8987 2.8
    endloop
  endfacet
  facet normal -0.514023 0.857776 0
    outer loop
      vertex -19.1097 -33.1882 2.8
      vertex -19.9641 -33.7002 6
      vertex -19.1097 -33.1882 6
    endloop
  endfacet
  facet normal -0.514023 0.857776 0
    outer loop
      vertex -19.9641 -33.7002 6
      vertex -19.1097 -33.1882 2.8
      vertex -19.9641 -33.7002 2.8
    endloop
  endfacet
  facet normal -0.998794 -0.0490963 0
    outer loop
      vertex -14.5987 -24.7487 2.8
      vertex -14.6476 -23.7539 6
      vertex -14.6476 -23.7539 2.8
    endloop
  endfacet
  facet normal -0.998794 -0.0490963 0
    outer loop
      vertex -14.6476 -23.7539 6
      vertex -14.5987 -24.7487 2.8
      vertex -14.5987 -24.7487 6
    endloop
  endfacet
  facet normal 0.740943 -0.671568 0
    outer loop
      vertex -32.5948 -18.3096 6
      vertex -31.9259 -17.5716 2.8
      vertex -31.9259 -17.5716 6
    endloop
  endfacet
  facet normal 0.740943 -0.671568 0
    outer loop
      vertex -31.9259 -17.5716 2.8
      vertex -32.5948 -18.3096 6
      vertex -32.5948 -18.3096 2.8
    endloop
  endfacet
  facet normal -0.427508 -0.904012 0
    outer loop
      vertex -20.8645 -15.3714 2.8
      vertex -19.9641 -15.7972 6
      vertex -20.8645 -15.3714 6
    endloop
  endfacet
  facet normal -0.427508 -0.904012 -0
    outer loop
      vertex -19.9641 -15.7972 6
      vertex -20.8645 -15.3714 2.8
      vertex -19.9641 -15.7972 2.8
    endloop
  endfacet
  facet normal 0.336902 -0.94154 0
    outer loop
      vertex -28.633 -15.3714 2.8
      vertex -27.6951 -15.0358 6
      vertex -28.633 -15.3714 6
    endloop
  endfacet
  facet normal 0.336902 -0.94154 0
    outer loop
      vertex -27.6951 -15.0358 6
      vertex -28.633 -15.3714 2.8
      vertex -27.6951 -15.0358 2.8
    endloop
  endfacet
  facet normal -0.671568 -0.740943 0
    outer loop
      vertex -18.3096 -16.9027 2.8
      vertex -17.5716 -17.5716 6
      vertex -18.3096 -16.9027 6
    endloop
  endfacet
  facet normal -0.671568 -0.740943 -0
    outer loop
      vertex -17.5716 -17.5716 6
      vertex -18.3096 -16.9027 2.8
      vertex -17.5716 -17.5716 2.8
    endloop
  endfacet
  facet normal 0.146774 -0.98917 0
    outer loop
      vertex -26.7289 -14.7938 2.8
      vertex -25.7436 -14.6476 6
      vertex -26.7289 -14.7938 6
    endloop
  endfacet
  facet normal 0.146774 -0.98917 0
    outer loop
      vertex -25.7436 -14.6476 6
      vertex -26.7289 -14.7938 2.8
      vertex -25.7436 -14.6476 2.8
    endloop
  endfacet
  facet normal 0.998799 0.0489913 0
    outer loop
      vertex -34.8499 -25.7436 6
      vertex -34.8987 -24.7487 2.8
      vertex -34.8987 -24.7487 6
    endloop
  endfacet
  facet normal 0.998799 0.0489913 0
    outer loop
      vertex -34.8987 -24.7487 2.8
      vertex -34.8499 -25.7436 6
      vertex -34.8499 -25.7436 2.8
    endloop
  endfacet
  facet normal 0.970042 -0.242937 0
    outer loop
      vertex -34.7037 -22.7686 6
      vertex -34.4617 -21.8023 2.8
      vertex -34.4617 -21.8023 6
    endloop
  endfacet
  facet normal 0.970042 -0.242937 0
    outer loop
      vertex -34.4617 -21.8023 2.8
      vertex -34.7037 -22.7686 6
      vertex -34.7037 -22.7686 2.8
    endloop
  endfacet
  facet normal -0.336934 -0.941528 0
    outer loop
      vertex -21.8023 -15.0358 2.8
      vertex -20.8645 -15.3714 6
      vertex -21.8023 -15.0358 6
    endloop
  endfacet
  facet normal -0.336934 -0.941528 -0
    outer loop
      vertex -20.8645 -15.3714 6
      vertex -21.8023 -15.0358 2.8
      vertex -20.8645 -15.3714 2.8
    endloop
  endfacet
  facet normal -0.803205 -0.595703 0
    outer loop
      vertex -16.3093 -19.1097 2.8
      vertex -16.9027 -18.3096 6
      vertex -16.9027 -18.3096 2.8
    endloop
  endfacet
  facet normal -0.803205 -0.595703 0
    outer loop
      vertex -16.9027 -18.3096 6
      vertex -16.3093 -19.1097 2.8
      vertex -16.3093 -19.1097 6
    endloop
  endfacet
  facet normal -0.740943 -0.671568 0
    outer loop
      vertex -16.9027 -18.3096 2.8
      vertex -17.5716 -17.5716 6
      vertex -17.5716 -17.5716 2.8
    endloop
  endfacet
  facet normal -0.740943 -0.671568 0
    outer loop
      vertex -17.5716 -17.5716 6
      vertex -16.9027 -18.3096 2.8
      vertex -16.9027 -18.3096 6
    endloop
  endfacet
  facet normal 0.427508 -0.904012 0
    outer loop
      vertex -29.5334 -15.7972 2.8
      vertex -28.633 -15.3714 6
      vertex -29.5334 -15.7972 6
    endloop
  endfacet
  facet normal 0.427508 -0.904012 0
    outer loop
      vertex -28.633 -15.3714 6
      vertex -29.5334 -15.7972 2.8
      vertex -28.633 -15.3714 2.8
    endloop
  endfacet
  facet normal 0 0 1
    outer loop
      vertex -14.6476 -23.7539 2.8
      vertex -14.6476 -25.7436 2.8
      vertex -14.5987 -24.7487 2.8
    endloop
  endfacet
  facet normal 0 0 1
    outer loop
      vertex -14.7938 -22.7686 2.8
      vertex -14.6476 -25.7436 2.8
      vertex -14.6476 -23.7539 2.8
    endloop
  endfacet
  facet normal 0 0 1
    outer loop
      vertex -14.7938 -22.7686 2.8
      vertex -14.7938 -26.7289 2.8
      vertex -14.6476 -25.7436 2.8
    endloop
  endfacet
  facet normal 0 0 1
    outer loop
      vertex -15.0358 -21.8023 2.8
      vertex -14.7938 -26.7289 2.8
      vertex -14.7938 -22.7686 2.8
    endloop
  endfacet
  facet normal 0 0 1
    outer loop
      vertex -15.0358 -21.8023 2.8
      vertex -15.0358 -27.6951 2.8
      vertex -14.7938 -26.7289 2.8
    endloop
  endfacet
  facet normal 0 0 1
    outer loop
      vertex -15.3714 -20.8645 2.8
      vertex -15.0358 -27.6951 2.8
      vertex -15.0358 -21.8023 2.8
    endloop
  endfacet
  facet normal 0 0 1
    outer loop
      vertex -15.3714 -20.8645 2.8
      vertex -15.3714 -28.633 2.8
      vertex -15.0358 -27.6951 2.8
    endloop
  endfacet
  facet normal 0 0 1
    outer loop
      vertex -15.7972 -19.9641 2.8
      vertex -15.3714 -28.633 2.8
      vertex -15.3714 -20.8645 2.8
    endloop
  endfacet
  facet normal 0 0 1
    outer loop
      vertex -15.7972 -19.9641 2.8
      vertex -15.7972 -29.5334 2.8
      vertex -15.3714 -28.633 2.8
    endloop
  endfacet
  facet normal 0 0 1
    outer loop
      vertex -16.3093 -19.1097 2.8
      vertex -15.7972 -29.5334 2.8
      vertex -15.7972 -19.9641 2.8
    endloop
  endfacet
  facet normal 0 0 1
    outer loop
      vertex -16.3093 -19.1097 2.8
      vertex -16.3093 -30.3878 2.8
      vertex -15.7972 -29.5334 2.8
    endloop
  endfacet
  facet normal 0 0 1
    outer loop
      vertex -16.9027 -18.3096 2.8
      vertex -16.3093 -30.3878 2.8
      vertex -16.3093 -19.1097 2.8
    endloop
  endfacet
  facet normal 0 0 1
    outer loop
      vertex -16.9027 -18.3096 2.8
      vertex -16.9027 -31.1878 2.8
      vertex -16.3093 -30.3878 2.8
    endloop
  endfacet
  facet normal 0 0 1
    outer loop
      vertex -17.5716 -17.5716 2.8
      vertex -16.9027 -31.1878 2.8
      vertex -16.9027 -18.3096 2.8
    endloop
  endfacet
  facet normal 0 0 1
    outer loop
      vertex -17.5716 -17.5716 2.8
      vertex -17.5716 -31.9259 2.8
      vertex -16.9027 -31.1878 2.8
    endloop
  endfacet
  facet normal 0 0 1
    outer loop
      vertex -18.3096 -16.9027 2.8
      vertex -17.5716 -31.9259 2.8
      vertex -17.5716 -17.5716 2.8
    endloop
  endfacet
  facet normal 0 0 1
    outer loop
      vertex -18.3096 -16.9027 2.8
      vertex -18.3096 -32.5948 2.8
      vertex -17.5716 -31.9259 2.8
    endloop
  endfacet
  facet normal 0 0 1
    outer loop
      vertex -19.1097 -16.3093 2.8
      vertex -18.3096 -32.5948 2.8
      vertex -18.3096 -16.9027 2.8
    endloop
  endfacet
  facet normal 0 0 1
    outer loop
      vertex -19.1097 -16.3093 2.8
      vertex -19.1097 -33.1882 2.8
      vertex -18.3096 -32.5948 2.8
    endloop
  endfacet
  facet normal 0 0 1
    outer loop
      vertex -19.9641 -15.7972 2.8
      vertex -19.1097 -33.1882 2.8
      vertex -19.1097 -16.3093 2.8
    endloop
  endfacet
  facet normal 0 0 1
    outer loop
      vertex -19.9641 -15.7972 2.8
      vertex -19.9641 -33.7002 2.8
      vertex -19.1097 -33.1882 2.8
    endloop
  endfacet
  facet normal 0 0 1
    outer loop
      vertex -20.8645 -15.3714 2.8
      vertex -19.9641 -33.7002 2.8
      vertex -19.9641 -15.7972 2.8
    endloop
  endfacet
  facet normal 0 0 1
    outer loop
      vertex -20.8645 -15.3714 2.8
      vertex -20.8645 -34.1261 2.8
      vertex -19.9641 -33.7002 2.8
    endloop
  endfacet
  facet normal 0 0 1
    outer loop
      vertex -21.8023 -15.0358 2.8
      vertex -20.8645 -34.1261 2.8
      vertex -20.8645 -15.3714 2.8
    endloop
  endfacet
  facet normal 0 0 1
    outer loop
      vertex -21.8023 -15.0358 2.8
      vertex -21.8023 -34.4617 2.8
      vertex -20.8645 -34.1261 2.8
    endloop
  endfacet
  facet normal 0 0 1
    outer loop
      vertex -22.7686 -14.7938 2.8
      vertex -21.8023 -34.4617 2.8
      vertex -21.8023 -15.0358 2.8
    endloop
  endfacet
  facet normal 0 0 1
    outer loop
      vertex -22.7686 -14.7938 2.8
      vertex -22.7686 -34.7037 2.8
      vertex -21.8023 -34.4617 2.8
    endloop
  endfacet
  facet normal 0 0 1
    outer loop
      vertex -23.7539 -14.6476 2.8
      vertex -22.7686 -34.7037 2.8
      vertex -22.7686 -14.7938 2.8
    endloop
  endfacet
  facet normal 0 0 1
    outer loop
      vertex -23.7539 -14.6476 2.8
      vertex -23.7539 -34.8499 2.8
      vertex -22.7686 -34.7037 2.8
    endloop
  endfacet
  facet normal 0 0 1
    outer loop
      vertex -24.7487 -14.5987 2.8
      vertex -23.7539 -34.8499 2.8
      vertex -23.7539 -14.6476 2.8
    endloop
  endfacet
  facet normal 0 0 1
    outer loop
      vertex -24.7487 -14.5987 2.8
      vertex -24.7487 -34.8987 2.8
      vertex -23.7539 -34.8499 2.8
    endloop
  endfacet
  facet normal -0 0 1
    outer loop
      vertex -25.7436 -14.6476 2.8
      vertex -24.7487 -34.8987 2.8
      vertex -24.7487 -14.5987 2.8
    endloop
  endfacet
  facet normal 0 0 1
    outer loop
      vertex -25.7436 -14.6476 2.8
      vertex -25.7436 -34.8499 2.8
      vertex -24.7487 -34.8987 2.8
    endloop
  endfacet
  facet normal -0 0 1
    outer loop
      vertex -26.7289 -14.7938 2.8
      vertex -25.7436 -34.8499 2.8
      vertex -25.7436 -14.6476 2.8
    endloop
  endfacet
  facet normal 0 0 1
    outer loop
      vertex -26.7289 -14.7938 2.8
      vertex -26.7289 -34.7037 2.8
      vertex -25.7436 -34.8499 2.8
    endloop
  endfacet
  facet normal -0 0 1
    outer loop
      vertex -27.6951 -15.0358 2.8
      vertex -26.7289 -34.7037 2.8
      vertex -26.7289 -14.7938 2.8
    endloop
  endfacet
  facet normal 0 0 1
    outer loop
      vertex -27.6951 -15.0358 2.8
      vertex -27.6951 -34.4617 2.8
      vertex -26.7289 -34.7037 2.8
    endloop
  endfacet
  facet normal -0 0 1
    outer loop
      vertex -28.633 -15.3714 2.8
      vertex -27.6951 -34.4617 2.8
      vertex -27.6951 -15.0358 2.8
    endloop
  endfacet
  facet normal 0 0 1
    outer loop
      vertex -28.633 -15.3714 2.8
      vertex -28.633 -34.1261 2.8
      vertex -27.6951 -34.4617 2.8
    endloop
  endfacet
  facet normal -0 0 1
    outer loop
      vertex -29.5334 -15.7972 2.8
      vertex -28.633 -34.1261 2.8
      vertex -28.633 -15.3714 2.8
    endloop
  endfacet
  facet normal 0 0 1
    outer loop
      vertex -29.5334 -15.7972 2.8
      vertex -29.5334 -33.7002 2.8
      vertex -28.633 -34.1261 2.8
    endloop
  endfacet
  facet normal -0 0 1
    outer loop
      vertex -30.3878 -16.3093 2.8
      vertex -29.5334 -33.7002 2.8
      vertex -29.5334 -15.7972 2.8
    endloop
  endfacet
  facet normal 0 0 1
    outer loop
      vertex -30.3878 -16.3093 2.8
      vertex -30.3878 -33.1882 2.8
      vertex -29.5334 -33.7002 2.8
    endloop
  endfacet
  facet normal -0 0 1
    outer loop
      vertex -31.1878 -16.9027 2.8
      vertex -30.3878 -33.1882 2.8
      vertex -30.3878 -16.3093 2.8
    endloop
  endfacet
  facet normal 0 0 1
    outer loop
      vertex -31.1878 -16.9027 2.8
      vertex -31.1878 -32.5948 2.8
      vertex -30.3878 -33.1882 2.8
    endloop
  endfacet
  facet normal -0 0 1
    outer loop
      vertex -31.9259 -17.5716 2.8
      vertex -31.1878 -32.5948 2.8
      vertex -31.1878 -16.9027 2.8
    endloop
  endfacet
  facet normal 0 0 1
    outer loop
      vertex -31.9259 -17.5716 2.8
      vertex -31.9259 -31.9259 2.8
      vertex -31.1878 -32.5948 2.8
    endloop
  endfacet
  facet normal -0 0 1
    outer loop
      vertex -32.5948 -18.3096 2.8
      vertex -31.9259 -31.9259 2.8
      vertex -31.9259 -17.5716 2.8
    endloop
  endfacet
  facet normal 0 0 1
    outer loop
      vertex -32.5948 -18.3096 2.8
      vertex -32.5948 -31.1878 2.8
      vertex -31.9259 -31.9259 2.8
    endloop
  endfacet
  facet normal -0 0 1
    outer loop
      vertex -33.1882 -19.1097 2.8
      vertex -32.5948 -31.1878 2.8
      vertex -32.5948 -18.3096 2.8
    endloop
  endfacet
  facet normal 0 0 1
    outer loop
      vertex -33.1882 -19.1097 2.8
      vertex -33.1882 -30.3878 2.8
      vertex -32.5948 -31.1878 2.8
    endloop
  endfacet
  facet normal -0 0 1
    outer loop
      vertex -33.7002 -19.9641 2.8
      vertex -33.1882 -30.3878 2.8
      vertex -33.1882 -19.1097 2.8
    endloop
  endfacet
  facet normal 0 0 1
    outer loop
      vertex -33.7002 -19.9641 2.8
      vertex -33.7002 -29.5334 2.8
      vertex -33.1882 -30.3878 2.8
    endloop
  endfacet
  facet normal -0 0 1
    outer loop
      vertex -34.1261 -20.8645 2.8
      vertex -33.7002 -29.5334 2.8
      vertex -33.7002 -19.9641 2.8
    endloop
  endfacet
  facet normal 0 0 1
    outer loop
      vertex -34.1261 -20.8645 2.8
      vertex -34.1261 -28.633 2.8
      vertex -33.7002 -29.5334 2.8
    endloop
  endfacet
  facet normal -0 0 1
    outer loop
      vertex -34.4617 -21.8023 2.8
      vertex -34.1261 -28.633 2.8
      vertex -34.1261 -20.8645 2.8
    endloop
  endfacet
  facet normal 0 0 1
    outer loop
      vertex -34.4617 -21.8023 2.8
      vertex -34.4617 -27.6951 2.8
      vertex -34.1261 -28.633 2.8
    endloop
  endfacet
  facet normal -0 0 1
    outer loop
      vertex -34.7037 -22.7686 2.8
      vertex -34.4617 -27.6951 2.8
      vertex -34.4617 -21.8023 2.8
    endloop
  endfacet
  facet normal 0 0 1
    outer loop
      vertex -34.7037 -22.7686 2.8
      vertex -34.7037 -26.7289 2.8
      vertex -34.4617 -27.6951 2.8
    endloop
  endfacet
  facet normal -0 0 1
    outer loop
      vertex -34.8499 -23.7539 2.8
      vertex -34.7037 -26.7289 2.8
      vertex -34.7037 -22.7686 2.8
    endloop
  endfacet
  facet normal 0 0 1
    outer loop
      vertex -34.8499 -23.7539 2.8
      vertex -34.8499 -25.7436 2.8
      vertex -34.7037 -26.7289 2.8
    endloop
  endfacet
  facet normal 0 -0 1
    outer loop
      vertex -34.8499 -25.7436 2.8
      vertex -34.8499 -23.7539 2.8
      vertex -34.8987 -24.7487 2.8
    endloop
  endfacet
  facet normal -0.243051 0.970014 0
    outer loop
      vertex 2.94639 -44.7129 2.8
      vertex 1.98017 -44.955 6
      vertex 2.94639 -44.7129 6
    endloop
  endfacet
  facet normal -0.243051 0.970014 0
    outer loop
      vertex 1.98017 -44.955 6
      vertex 2.94639 -44.7129 2.8
      vertex 1.98017 -44.955 2.8
    endloop
  endfacet
  facet normal 0.0490927 0.998794 -0
    outer loop
      vertex 0 -45.15 2.8
      vertex -0.994873 -45.1011 6
      vertex 0 -45.15 6
    endloop
  endfacet
  facet normal 0.0490927 0.998794 0
    outer loop
      vertex -0.994873 -45.1011 6
      vertex 0 -45.15 2.8
      vertex -0.994873 -45.1011 2.8
    endloop
  endfacet
  facet normal -0.98918 0.146705 0
    outer loop
      vertex 9.95497 -36.9802 2.8
      vertex 10.1011 -35.9949 6
      vertex 10.1011 -35.9949 2.8
    endloop
  endfacet
  facet normal -0.98918 0.146705 0
    outer loop
      vertex 10.1011 -35.9949 6
      vertex 9.95497 -36.9802 2.8
      vertex 9.95497 -36.9802 6
    endloop
  endfacet
  facet normal 0.595662 -0.803235 0
    outer loop
      vertex -6.43909 -27.1539 2.8
      vertex -5.63904 -26.5606 6
      vertex -6.43909 -27.1539 6
    endloop
  endfacet
  facet normal 0.595662 -0.803235 0
    outer loop
      vertex -5.63904 -26.5606 6
      vertex -6.43909 -27.1539 2.8
      vertex -5.63904 -26.5606 2.8
    endloop
  endfacet
  facet normal -0.671603 0.740911 0
    outer loop
      vertex 7.17713 -42.1771 2.8
      vertex 6.43909 -42.8461 6
      vertex 7.17713 -42.1771 6
    endloop
  endfacet
  facet normal -0.671603 0.740911 0
    outer loop
      vertex 6.43909 -42.8461 6
      vertex 7.17713 -42.1771 2.8
      vertex 6.43909 -42.8461 2.8
    endloop
  endfacet
  facet normal 0.427574 0.90398 -0
    outer loop
      vertex -3.88424 -44.3774 2.8
      vertex -4.78468 -43.9515 6
      vertex -3.88424 -44.3774 6
    endloop
  endfacet
  facet normal 0.427574 0.90398 0
    outer loop
      vertex -4.78468 -43.9515 6
      vertex -3.88424 -44.3774 2.8
      vertex -4.78468 -43.9515 2.8
    endloop
  endfacet
  facet normal 0.803224 0.595677 0
    outer loop
      vertex -7.84606 -41.4391 6
      vertex -8.43942 -40.639 2.8
      vertex -8.43942 -40.639 6
    endloop
  endfacet
  facet normal 0.803224 0.595677 0
    outer loop
      vertex -8.43942 -40.639 2.8
      vertex -7.84606 -41.4391 6
      vertex -7.84606 -41.4391 2.8
    endloop
  endfacet
  facet normal -0.0490927 0.998794 0
    outer loop
      vertex 0.994873 -45.1011 2.8
      vertex 0 -45.15 6
      vertex 0.994873 -45.1011 6
    endloop
  endfacet
  facet normal -0.0490927 0.998794 0
    outer loop
      vertex 0 -45.15 6
      vertex 0.994873 -45.1011 2.8
      vertex 0 -45.15 2.8
    endloop
  endfacet
  facet normal 0.941541 -0.336899 0
    outer loop
      vertex -9.71294 -32.0536 6
      vertex -9.37738 -31.1158 2.8
      vertex -9.37738 -31.1158 6
    endloop
  endfacet
  facet normal 0.941541 -0.336899 0
    outer loop
      vertex -9.37738 -31.1158 2.8
      vertex -9.71294 -32.0536 6
      vertex -9.71294 -32.0536 2.8
    endloop
  endfacet
  facet normal 0.740928 -0.671584 0
    outer loop
      vertex -7.84606 -28.5609 6
      vertex -7.17713 -27.8229 2.8
      vertex -7.17713 -27.8229 6
    endloop
  endfacet
  facet normal 0.740928 -0.671584 0
    outer loop
      vertex -7.17713 -27.8229 2.8
      vertex -7.84606 -28.5609 6
      vertex -7.84606 -28.5609 2.8
    endloop
  endfacet
  facet normal -0.998794 -0.0490914 0
    outer loop
      vertex 10.15 -35 2.8
      vertex 10.1011 -34.0051 6
      vertex 10.1011 -34.0051 2.8
    endloop
  endfacet
  facet normal -0.998794 -0.0490914 0
    outer loop
      vertex 10.1011 -34.0051 6
      vertex 10.15 -35 2.8
      vertex 10.15 -35 6
    endloop
  endfacet
  facet normal 0.903999 -0.427535 0
    outer loop
      vertex -9.37738 -31.1158 6
      vertex -8.9515 -30.2153 2.8
      vertex -8.9515 -30.2153 6
    endloop
  endfacet
  facet normal 0.903999 -0.427535 0
    outer loop
      vertex -8.9515 -30.2153 2.8
      vertex -9.37738 -31.1158 6
      vertex -9.37738 -31.1158 2.8
    endloop
  endfacet
  facet normal 0.595662 0.803235 -0
    outer loop
      vertex -5.63904 -43.4394 2.8
      vertex -6.43909 -42.8461 6
      vertex -5.63904 -43.4394 6
    endloop
  endfacet
  facet normal 0.595662 0.803235 0
    outer loop
      vertex -6.43909 -42.8461 6
      vertex -5.63904 -43.4394 2.8
      vertex -6.43909 -42.8461 2.8
    endloop
  endfacet
  facet normal 0.857714 -0.514127 0
    outer loop
      vertex -8.9515 -30.2153 6
      vertex -8.43942 -29.361 2.8
      vertex -8.43942 -29.361 6
    endloop
  endfacet
  facet normal 0.857714 -0.514127 0
    outer loop
      vertex -8.43942 -29.361 2.8
      vertex -8.9515 -30.2153 6
      vertex -8.9515 -30.2153 2.8
    endloop
  endfacet
  facet normal 0.998794 0.0490914 0
    outer loop
      vertex -10.1011 -35.9949 6
      vertex -10.15 -35 2.8
      vertex -10.15 -35 6
    endloop
  endfacet
  facet normal 0.998794 0.0490914 0
    outer loop
      vertex -10.15 -35 2.8
      vertex -10.1011 -35.9949 6
      vertex -10.1011 -35.9949 2.8
    endloop
  endfacet
  facet normal -0.740928 -0.671584 0
    outer loop
      vertex 7.84606 -28.5609 2.8
      vertex 7.17713 -27.8229 6
      vertex 7.17713 -27.8229 2.8
    endloop
  endfacet
  facet normal -0.740928 -0.671584 0
    outer loop
      vertex 7.17713 -27.8229 6
      vertex 7.84606 -28.5609 2.8
      vertex 7.84606 -28.5609 6
    endloop
  endfacet
  facet normal 0.0490927 -0.998794 0
    outer loop
      vertex -0.994873 -24.8989 2.8
      vertex 0 -24.85 6
      vertex -0.994873 -24.8989 6
    endloop
  endfacet
  facet normal 0.0490927 -0.998794 0
    outer loop
      vertex 0 -24.85 6
      vertex -0.994873 -24.8989 2.8
      vertex 0 -24.85 2.8
    endloop
  endfacet
  facet normal -0.0490927 -0.998794 0
    outer loop
      vertex 0 -24.85 2.8
      vertex 0.994873 -24.8989 6
      vertex 0 -24.85 6
    endloop
  endfacet
  facet normal -0.0490927 -0.998794 -0
    outer loop
      vertex 0.994873 -24.8989 6
      vertex 0 -24.85 2.8
      vertex 0.994873 -24.8989 2.8
    endloop
  endfacet
  facet normal -0.595662 0.803235 0
    outer loop
      vertex 6.43909 -42.8461 2.8
      vertex 5.63904 -43.4394 6
      vertex 6.43909 -42.8461 6
    endloop
  endfacet
  facet normal -0.595662 0.803235 0
    outer loop
      vertex 5.63904 -43.4394 6
      vertex 6.43909 -42.8461 2.8
      vertex 5.63904 -43.4394 2.8
    endloop
  endfacet
  facet normal 0.146676 0.989185 -0
    outer loop
      vertex -0.994873 -45.1011 2.8
      vertex -1.98017 -44.955 6
      vertex -0.994873 -45.1011 6
    endloop
  endfacet
  facet normal 0.146676 0.989185 0
    outer loop
      vertex -1.98017 -44.955 6
      vertex -0.994873 -45.1011 2.8
      vertex -1.98017 -44.955 2.8
    endloop
  endfacet
  facet normal -0.941541 -0.336899 0
    outer loop
      vertex 9.71294 -32.0536 2.8
      vertex 9.37738 -31.1158 6
      vertex 9.37738 -31.1158 2.8
    endloop
  endfacet
  facet normal -0.941541 -0.336899 0
    outer loop
      vertex 9.37738 -31.1158 6
      vertex 9.71294 -32.0536 2.8
      vertex 9.71294 -32.0536 6
    endloop
  endfacet
  facet normal -0.970029 -0.242989 0
    outer loop
      vertex 9.95497 -33.0198 2.8
      vertex 9.71294 -32.0536 6
      vertex 9.71294 -32.0536 2.8
    endloop
  endfacet
  facet normal -0.970029 -0.242989 0
    outer loop
      vertex 9.71294 -32.0536 6
      vertex 9.95497 -33.0198 2.8
      vertex 9.95497 -33.0198 6
    endloop
  endfacet
  facet normal -0.941541 0.336899 0
    outer loop
      vertex 9.37738 -38.8842 2.8
      vertex 9.71294 -37.9464 6
      vertex 9.71294 -37.9464 2.8
    endloop
  endfacet
  facet normal -0.941541 0.336899 0
    outer loop
      vertex 9.71294 -37.9464 6
      vertex 9.37738 -38.8842 2.8
      vertex 9.37738 -38.8842 6
    endloop
  endfacet
  facet normal -0.336829 0.941566 0
    outer loop
      vertex 3.88424 -44.3774 2.8
      vertex 2.94639 -44.7129 6
      vertex 3.88424 -44.3774 6
    endloop
  endfacet
  facet normal -0.336829 0.941566 0
    outer loop
      vertex 2.94639 -44.7129 6
      vertex 3.88424 -44.3774 2.8
      vertex 2.94639 -44.7129 2.8
    endloop
  endfacet
  facet normal 0 0 1
    outer loop
      vertex 10.1011 -34.0051 2.8
      vertex 10.1011 -35.9949 2.8
      vertex 10.15 -35 2.8
    endloop
  endfacet
  facet normal 0 0 1
    outer loop
      vertex 9.95497 -33.0198 2.8
      vertex 10.1011 -35.9949 2.8
      vertex 10.1011 -34.0051 2.8
    endloop
  endfacet
  facet normal 0 0 1
    outer loop
      vertex 9.95497 -33.0198 2.8
      vertex 9.95497 -36.9802 2.8
      vertex 10.1011 -35.9949 2.8
    endloop
  endfacet
  facet normal 0 0 1
    outer loop
      vertex 9.71294 -32.0536 2.8
      vertex 9.95497 -36.9802 2.8
      vertex 9.95497 -33.0198 2.8
    endloop
  endfacet
  facet normal 0 0 1
    outer loop
      vertex 9.71294 -32.0536 2.8
      vertex 9.71294 -37.9464 2.8
      vertex 9.95497 -36.9802 2.8
    endloop
  endfacet
  facet normal 0 0 1
    outer loop
      vertex 9.37738 -31.1158 2.8
      vertex 9.71294 -37.9464 2.8
      vertex 9.71294 -32.0536 2.8
    endloop
  endfacet
  facet normal 0 0 1
    outer loop
      vertex 9.37738 -31.1158 2.8
      vertex 9.37738 -38.8842 2.8
      vertex 9.71294 -37.9464 2.8
    endloop
  endfacet
  facet normal 0 0 1
    outer loop
      vertex 8.9515 -30.2153 2.8
      vertex 9.37738 -38.8842 2.8
      vertex 9.37738 -31.1158 2.8
    endloop
  endfacet
  facet normal 0 0 1
    outer loop
      vertex 8.9515 -30.2153 2.8
      vertex 8.9515 -39.7847 2.8
      vertex 9.37738 -38.8842 2.8
    endloop
  endfacet
  facet normal 0 0 1
    outer loop
      vertex 8.43942 -29.361 2.8
      vertex 8.9515 -39.7847 2.8
      vertex 8.9515 -30.2153 2.8
    endloop
  endfacet
  facet normal 0 0 1
    outer loop
      vertex 8.43942 -29.361 2.8
      vertex 8.43942 -40.639 2.8
      vertex 8.9515 -39.7847 2.8
    endloop
  endfacet
  facet normal 0 0 1
    outer loop
      vertex 7.84606 -28.5609 2.8
      vertex 8.43942 -40.639 2.8
      vertex 8.43942 -29.361 2.8
    endloop
  endfacet
  facet normal 0 0 1
    outer loop
      vertex 7.84606 -28.5609 2.8
      vertex 7.84606 -41.4391 2.8
      vertex 8.43942 -40.639 2.8
    endloop
  endfacet
  facet normal 0 0 1
    outer loop
      vertex 7.17713 -27.8229 2.8
      vertex 7.84606 -41.4391 2.8
      vertex 7.84606 -28.5609 2.8
    endloop
  endfacet
  facet normal 0 0 1
    outer loop
      vertex 7.17713 -27.8229 2.8
      vertex 7.17713 -42.1771 2.8
      vertex 7.84606 -41.4391 2.8
    endloop
  endfacet
  facet normal 0 0 1
    outer loop
      vertex 6.43909 -27.1539 2.8
      vertex 7.17713 -42.1771 2.8
      vertex 7.17713 -27.8229 2.8
    endloop
  endfacet
  facet normal 0 0 1
    outer loop
      vertex 6.43909 -27.1539 2.8
      vertex 6.43909 -42.8461 2.8
      vertex 7.17713 -42.1771 2.8
    endloop
  endfacet
  facet normal 0 0 1
    outer loop
      vertex 5.63904 -26.5606 2.8
      vertex 6.43909 -42.8461 2.8
      vertex 6.43909 -27.1539 2.8
    endloop
  endfacet
  facet normal 0 0 1
    outer loop
      vertex 5.63904 -26.5606 2.8
      vertex 5.63904 -43.4394 2.8
      vertex 6.43909 -42.8461 2.8
    endloop
  endfacet
  facet normal 0 0 1
    outer loop
      vertex 4.78468 -26.0485 2.8
      vertex 5.63904 -43.4394 2.8
      vertex 5.63904 -26.5606 2.8
    endloop
  endfacet
  facet normal 0 0 1
    outer loop
      vertex 4.78468 -26.0485 2.8
      vertex 4.78468 -43.9515 2.8
      vertex 5.63904 -43.4394 2.8
    endloop
  endfacet
  facet normal 0 0 1
    outer loop
      vertex 3.88424 -25.6226 2.8
      vertex 4.78468 -43.9515 2.8
      vertex 4.78468 -26.0485 2.8
    endloop
  endfacet
  facet normal 0 0 1
    outer loop
      vertex 3.88424 -25.6226 2.8
      vertex 3.88424 -44.3774 2.8
      vertex 4.78468 -43.9515 2.8
    endloop
  endfacet
  facet normal 0 0 1
    outer loop
      vertex 2.94639 -25.2871 2.8
      vertex 3.88424 -44.3774 2.8
      vertex 3.88424 -25.6226 2.8
    endloop
  endfacet
  facet normal 0 0 1
    outer loop
      vertex 2.94639 -25.2871 2.8
      vertex 2.94639 -44.7129 2.8
      vertex 3.88424 -44.3774 2.8
    endloop
  endfacet
  facet normal 0 0 1
    outer loop
      vertex 1.98017 -25.045 2.8
      vertex 2.94639 -44.7129 2.8
      vertex 2.94639 -25.2871 2.8
    endloop
  endfacet
  facet normal 0 0 1
    outer loop
      vertex 1.98017 -25.045 2.8
      vertex 1.98017 -44.955 2.8
      vertex 2.94639 -44.7129 2.8
    endloop
  endfacet
  facet normal 0 0 1
    outer loop
      vertex 0.994873 -24.8989 2.8
      vertex 1.98017 -44.955 2.8
      vertex 1.98017 -25.045 2.8
    endloop
  endfacet
  facet normal 0 0 1
    outer loop
      vertex 0.994873 -24.8989 2.8
      vertex 0.994873 -45.1011 2.8
      vertex 1.98017 -44.955 2.8
    endloop
  endfacet
  facet normal 0 0 1
    outer loop
      vertex 0 -24.85 2.8
      vertex 0.994873 -45.1011 2.8
      vertex 0.994873 -24.8989 2.8
    endloop
  endfacet
  facet normal 0 0 1
    outer loop
      vertex 0 -24.85 2.8
      vertex 0 -45.15 2.8
      vertex 0.994873 -45.1011 2.8
    endloop
  endfacet
  facet normal -0 0 1
    outer loop
      vertex -0.994873 -24.8989 2.8
      vertex 0 -45.15 2.8
      vertex 0 -24.85 2.8
    endloop
  endfacet
  facet normal 0 0 1
    outer loop
      vertex -0.994873 -24.8989 2.8
      vertex -0.994873 -45.1011 2.8
      vertex 0 -45.15 2.8
    endloop
  endfacet
  facet normal -0 0 1
    outer loop
      vertex -1.98017 -25.045 2.8
      vertex -0.994873 -45.1011 2.8
      vertex -0.994873 -24.8989 2.8
    endloop
  endfacet
  facet normal 0 0 1
    outer loop
      vertex -1.98017 -25.045 2.8
      vertex -1.98017 -44.955 2.8
      vertex -0.994873 -45.1011 2.8
    endloop
  endfacet
  facet normal -0 0 1
    outer loop
      vertex -2.94639 -25.2871 2.8
      vertex -1.98017 -44.955 2.8
      vertex -1.98017 -25.045 2.8
    endloop
  endfacet
  facet normal 0 0 1
    outer loop
      vertex -2.94639 -25.2871 2.8
      vertex -2.94639 -44.7129 2.8
      vertex -1.98017 -44.955 2.8
    endloop
  endfacet
  facet normal -0 0 1
    outer loop
      vertex -3.88424 -25.6226 2.8
      vertex -2.94639 -44.7129 2.8
      vertex -2.94639 -25.2871 2.8
    endloop
  endfacet
  facet normal 0 0 1
    outer loop
      vertex -3.88424 -25.6226 2.8
      vertex -3.88424 -44.3774 2.8
      vertex -2.94639 -44.7129 2.8
    endloop
  endfacet
  facet normal -0 0 1
    outer loop
      vertex -4.78468 -26.0485 2.8
      vertex -3.88424 -44.3774 2.8
      vertex -3.88424 -25.6226 2.8
    endloop
  endfacet
  facet normal 0 0 1
    outer loop
      vertex -4.78468 -26.0485 2.8
      vertex -4.78468 -43.9515 2.8
      vertex -3.88424 -44.3774 2.8
    endloop
  endfacet
  facet normal -0 0 1
    outer loop
      vertex -5.63904 -26.5606 2.8
      vertex -4.78468 -43.9515 2.8
      vertex -4.78468 -26.0485 2.8
    endloop
  endfacet
  facet normal 0 0 1
    outer loop
      vertex -5.63904 -26.5606 2.8
      vertex -5.63904 -43.4394 2.8
      vertex -4.78468 -43.9515 2.8
    endloop
  endfacet
  facet normal -0 0 1
    outer loop
      vertex -6.43909 -27.1539 2.8
      vertex -5.63904 -43.4394 2.8
      vertex -5.63904 -26.5606 2.8
    endloop
  endfacet
  facet normal 0 0 1
    outer loop
      vertex -6.43909 -27.1539 2.8
      vertex -6.43909 -42.8461 2.8
      vertex -5.63904 -43.4394 2.8
    endloop
  endfacet
  facet normal -0 0 1
    outer loop
      vertex -7.17713 -27.8229 2.8
      vertex -6.43909 -42.8461 2.8
      vertex -6.43909 -27.1539 2.8
    endloop
  endfacet
  facet normal 0 0 1
    outer loop
      vertex -7.17713 -27.8229 2.8
      vertex -7.17713 -42.1771 2.8
      vertex -6.43909 -42.8461 2.8
    endloop
  endfacet
  facet normal -0 0 1
    outer loop
      vertex -7.84606 -28.5609 2.8
      vertex -7.17713 -42.1771 2.8
      vertex -7.17713 -27.8229 2.8
    endloop
  endfacet
  facet normal 0 0 1
    outer loop
      vertex -7.84606 -28.5609 2.8
      vertex -7.84606 -41.4391 2.8
      vertex -7.17713 -42.1771 2.8
    endloop
  endfacet
  facet normal -0 0 1
    outer loop
      vertex -8.43942 -29.361 2.8
      vertex -7.84606 -41.4391 2.8
      vertex -7.84606 -28.5609 2.8
    endloop
  endfacet
  facet normal 0 0 1
    outer loop
      vertex -8.43942 -29.361 2.8
      vertex -8.43942 -40.639 2.8
      vertex -7.84606 -41.4391 2.8
    endloop
  endfacet
  facet normal -0 0 1
    outer loop
      vertex -8.9515 -30.2153 2.8
      vertex -8.43942 -40.639 2.8
      vertex -8.43942 -29.361 2.8
    endloop
  endfacet
  facet normal 0 0 1
    outer loop
      vertex -8.9515 -30.2153 2.8
      vertex -8.9515 -39.7847 2.8
      vertex -8.43942 -40.639 2.8
    endloop
  endfacet
  facet normal -0 0 1
    outer loop
      vertex -9.37738 -31.1158 2.8
      vertex -8.9515 -39.7847 2.8
      vertex -8.9515 -30.2153 2.8
    endloop
  endfacet
  facet normal 0 0 1
    outer loop
      vertex -9.37738 -31.1158 2.8
      vertex -9.37738 -38.8842 2.8
      vertex -8.9515 -39.7847 2.8
    endloop
  endfacet
  facet normal -0 0 1
    outer loop
      vertex -9.71294 -32.0536 2.8
      vertex -9.37738 -38.8842 2.8
      vertex -9.37738 -31.1158 2.8
    endloop
  endfacet
  facet normal 0 0 1
    outer loop
      vertex -9.71294 -32.0536 2.8
      vertex -9.71294 -37.9464 2.8
      vertex -9.37738 -38.8842 2.8
    endloop
  endfacet
  facet normal -0 0 1
    outer loop
      vertex -9.95497 -33.0198 2.8
      vertex -9.71294 -37.9464 2.8
      vertex -9.71294 -32.0536 2.8
    endloop
  endfacet
  facet normal 0 0 1
    outer loop
      vertex -9.95497 -33.0198 2.8
      vertex -9.95497 -36.9802 2.8
      vertex -9.71294 -37.9464 2.8
    endloop
  endfacet
  facet normal -0 0 1
    outer loop
      vertex -10.1011 -34.0051 2.8
      vertex -9.95497 -36.9802 2.8
      vertex -9.95497 -33.0198 2.8
    endloop
  endfacet
  facet normal 0 0 1
    outer loop
      vertex -10.1011 -34.0051 2.8
      vertex -10.1011 -35.9949 2.8
      vertex -9.95497 -36.9802 2.8
    endloop
  endfacet
  facet normal 0 -0 1
    outer loop
      vertex -10.1011 -35.9949 2.8
      vertex -10.1011 -34.0051 2.8
      vertex -10.15 -35 2.8
    endloop
  endfacet
  facet normal 0.671603 -0.740911 0
    outer loop
      vertex -7.17713 -27.8229 2.8
      vertex -6.43909 -27.1539 6
      vertex -7.17713 -27.8229 6
    endloop
  endfacet
  facet normal 0.671603 -0.740911 0
    outer loop
      vertex -6.43909 -27.1539 6
      vertex -7.17713 -27.8229 2.8
      vertex -6.43909 -27.1539 2.8
    endloop
  endfacet
  facet normal 0.243051 0.970014 -0
    outer loop
      vertex -1.98017 -44.955 2.8
      vertex -2.94639 -44.7129 6
      vertex -1.98017 -44.955 6
    endloop
  endfacet
  facet normal 0.243051 0.970014 0
    outer loop
      vertex -2.94639 -44.7129 6
      vertex -1.98017 -44.955 2.8
      vertex -2.94639 -44.7129 2.8
    endloop
  endfacet
  facet normal -0.514115 -0.857721 0
    outer loop
      vertex 4.78468 -26.0485 2.8
      vertex 5.63904 -26.5606 6
      vertex 4.78468 -26.0485 6
    endloop
  endfacet
  facet normal -0.514115 -0.857721 -0
    outer loop
      vertex 5.63904 -26.5606 6
      vertex 4.78468 -26.0485 2.8
      vertex 5.63904 -26.5606 2.8
    endloop
  endfacet
  facet normal -0.98918 -0.146705 0
    outer loop
      vertex 10.1011 -34.0051 2.8
      vertex 9.95497 -33.0198 6
      vertex 9.95497 -33.0198 2.8
    endloop
  endfacet
  facet normal -0.98918 -0.146705 0
    outer loop
      vertex 9.95497 -33.0198 6
      vertex 10.1011 -34.0051 2.8
      vertex 10.1011 -34.0051 6
    endloop
  endfacet
  facet normal -0.803224 -0.595677 0
    outer loop
      vertex 8.43942 -29.361 2.8
      vertex 7.84606 -28.5609 6
      vertex 7.84606 -28.5609 2.8
    endloop
  endfacet
  facet normal -0.803224 -0.595677 0
    outer loop
      vertex 7.84606 -28.5609 6
      vertex 8.43942 -29.361 2.8
      vertex 8.43942 -29.361 6
    endloop
  endfacet
  facet normal -0.903999 0.427535 0
    outer loop
      vertex 8.9515 -39.7847 2.8
      vertex 9.37738 -38.8842 6
      vertex 9.37738 -38.8842 2.8
    endloop
  endfacet
  facet normal -0.903999 0.427535 0
    outer loop
      vertex 9.37738 -38.8842 6
      vertex 8.9515 -39.7847 2.8
      vertex 8.9515 -39.7847 6
    endloop
  endfacet
  facet normal 0.514115 -0.857721 0
    outer loop
      vertex -5.63904 -26.5606 2.8
      vertex -4.78468 -26.0485 6
      vertex -5.63904 -26.5606 6
    endloop
  endfacet
  facet normal 0.514115 -0.857721 0
    outer loop
      vertex -4.78468 -26.0485 6
      vertex -5.63904 -26.5606 2.8
      vertex -4.78468 -26.0485 2.8
    endloop
  endfacet
  facet normal -0.146676 0.989185 0
    outer loop
      vertex 1.98017 -44.955 2.8
      vertex 0.994873 -45.1011 6
      vertex 1.98017 -44.955 6
    endloop
  endfacet
  facet normal -0.146676 0.989185 0
    outer loop
      vertex 0.994873 -45.1011 6
      vertex 1.98017 -44.955 2.8
      vertex 0.994873 -45.1011 2.8
    endloop
  endfacet
  facet normal 0.514115 0.857721 -0
    outer loop
      vertex -4.78468 -43.9515 2.8
      vertex -5.63904 -43.4394 6
      vertex -4.78468 -43.9515 6
    endloop
  endfacet
  facet normal 0.514115 0.857721 0
    outer loop
      vertex -5.63904 -43.4394 6
      vertex -4.78468 -43.9515 2.8
      vertex -5.63904 -43.4394 2.8
    endloop
  endfacet
  facet normal -0.998794 0.0490914 0
    outer loop
      vertex 10.1011 -35.9949 2.8
      vertex 10.15 -35 6
      vertex 10.15 -35 2.8
    endloop
  endfacet
  facet normal -0.998794 0.0490914 0
    outer loop
      vertex 10.15 -35 6
      vertex 10.1011 -35.9949 2.8
      vertex 10.1011 -35.9949 6
    endloop
  endfacet
  facet normal 0.803224 -0.595677 0
    outer loop
      vertex -8.43942 -29.361 6
      vertex -7.84606 -28.5609 2.8
      vertex -7.84606 -28.5609 6
    endloop
  endfacet
  facet normal 0.803224 -0.595677 0
    outer loop
      vertex -7.84606 -28.5609 2.8
      vertex -8.43942 -29.361 6
      vertex -8.43942 -29.361 2.8
    endloop
  endfacet
  facet normal -0.740928 0.671584 0
    outer loop
      vertex 7.17713 -42.1771 2.8
      vertex 7.84606 -41.4391 6
      vertex 7.84606 -41.4391 2.8
    endloop
  endfacet
  facet normal -0.740928 0.671584 0
    outer loop
      vertex 7.84606 -41.4391 6
      vertex 7.17713 -42.1771 2.8
      vertex 7.17713 -42.1771 6
    endloop
  endfacet
  facet normal 0.98918 0.146705 0
    outer loop
      vertex -9.95497 -36.9802 6
      vertex -10.1011 -35.9949 2.8
      vertex -10.1011 -35.9949 6
    endloop
  endfacet
  facet normal 0.98918 0.146705 0
    outer loop
      vertex -10.1011 -35.9949 2.8
      vertex -9.95497 -36.9802 6
      vertex -9.95497 -36.9802 2.8
    endloop
  endfacet
  facet normal -0.427574 0.90398 0
    outer loop
      vertex 4.78468 -43.9515 2.8
      vertex 3.88424 -44.3774 6
      vertex 4.78468 -43.9515 6
    endloop
  endfacet
  facet normal -0.427574 0.90398 0
    outer loop
      vertex 3.88424 -44.3774 6
      vertex 4.78468 -43.9515 2.8
      vertex 3.88424 -44.3774 2.8
    endloop
  endfacet
  facet normal -0.803224 0.595677 0
    outer loop
      vertex 7.84606 -41.4391 2.8
      vertex 8.43942 -40.639 6
      vertex 8.43942 -40.639 2.8
    endloop
  endfacet
  facet normal -0.803224 0.595677 0
    outer loop
      vertex 8.43942 -40.639 6
      vertex 7.84606 -41.4391 2.8
      vertex 7.84606 -41.4391 6
    endloop
  endfacet
  facet normal 0.998794 -0.0490914 0
    outer loop
      vertex -10.15 -35 6
      vertex -10.1011 -34.0051 2.8
      vertex -10.1011 -34.0051 6
    endloop
  endfacet
  facet normal 0.998794 -0.0490914 0
    outer loop
      vertex -10.1011 -34.0051 2.8
      vertex -10.15 -35 6
      vertex -10.15 -35 2.8
    endloop
  endfacet
  facet normal 0.98918 -0.146705 0
    outer loop
      vertex -10.1011 -34.0051 6
      vertex -9.95497 -33.0198 2.8
      vertex -9.95497 -33.0198 6
    endloop
  endfacet
  facet normal 0.98918 -0.146705 0
    outer loop
      vertex -9.95497 -33.0198 2.8
      vertex -10.1011 -34.0051 6
      vertex -10.1011 -34.0051 2.8
    endloop
  endfacet
  facet normal -0.857714 -0.514127 0
    outer loop
      vertex 8.9515 -30.2153 2.8
      vertex 8.43942 -29.361 6
      vertex 8.43942 -29.361 2.8
    endloop
  endfacet
  facet normal -0.857714 -0.514127 0
    outer loop
      vertex 8.43942 -29.361 6
      vertex 8.9515 -30.2153 2.8
      vertex 8.9515 -30.2153 6
    endloop
  endfacet
  facet normal 0.970029 -0.242989 0
    outer loop
      vertex -9.95497 -33.0198 6
      vertex -9.71294 -32.0536 2.8
      vertex -9.71294 -32.0536 6
    endloop
  endfacet
  facet normal 0.970029 -0.242989 0
    outer loop
      vertex -9.71294 -32.0536 2.8
      vertex -9.95497 -33.0198 6
      vertex -9.95497 -33.0198 2.8
    endloop
  endfacet
  facet normal 0.970029 0.242989 0
    outer loop
      vertex -9.71294 -37.9464 6
      vertex -9.95497 -36.9802 2.8
      vertex -9.95497 -36.9802 6
    endloop
  endfacet
  facet normal 0.970029 0.242989 0
    outer loop
      vertex -9.95497 -36.9802 2.8
      vertex -9.71294 -37.9464 6
      vertex -9.71294 -37.9464 2.8
    endloop
  endfacet
  facet normal -0.857714 0.514127 0
    outer loop
      vertex 8.43942 -40.639 2.8
      vertex 8.9515 -39.7847 6
      vertex 8.9515 -39.7847 2.8
    endloop
  endfacet
  facet normal -0.857714 0.514127 0
    outer loop
      vertex 8.9515 -39.7847 6
      vertex 8.43942 -40.639 2.8
      vertex 8.43942 -40.639 6
    endloop
  endfacet
  facet normal 0.941541 0.336899 0
    outer loop
      vertex -9.37738 -38.8842 6
      vertex -9.71294 -37.9464 2.8
      vertex -9.71294 -37.9464 6
    endloop
  endfacet
  facet normal 0.941541 0.336899 0
    outer loop
      vertex -9.71294 -37.9464 2.8
      vertex -9.37738 -38.8842 6
      vertex -9.37738 -38.8842 2.8
    endloop
  endfacet
  facet normal -0.514115 0.857721 0
    outer loop
      vertex 5.63904 -43.4394 2.8
      vertex 4.78468 -43.9515 6
      vertex 5.63904 -43.4394 6
    endloop
  endfacet
  facet normal -0.514115 0.857721 0
    outer loop
      vertex 4.78468 -43.9515 6
      vertex 5.63904 -43.4394 2.8
      vertex 4.78468 -43.9515 2.8
    endloop
  endfacet
  facet normal -0.595662 -0.803235 0
    outer loop
      vertex 5.63904 -26.5606 2.8
      vertex 6.43909 -27.1539 6
      vertex 5.63904 -26.5606 6
    endloop
  endfacet
  facet normal -0.595662 -0.803235 -0
    outer loop
      vertex 6.43909 -27.1539 6
      vertex 5.63904 -26.5606 2.8
      vertex 6.43909 -27.1539 2.8
    endloop
  endfacet
  facet normal -0.903999 -0.427535 0
    outer loop
      vertex 9.37738 -31.1158 2.8
      vertex 8.9515 -30.2153 6
      vertex 8.9515 -30.2153 2.8
    endloop
  endfacet
  facet normal -0.903999 -0.427535 0
    outer loop
      vertex 8.9515 -30.2153 6
      vertex 9.37738 -31.1158 2.8
      vertex 9.37738 -31.1158 6
    endloop
  endfacet
  facet normal 0.243051 -0.970014 0
    outer loop
      vertex -2.94639 -25.2871 2.8
      vertex -1.98017 -25.045 6
      vertex -2.94639 -25.2871 6
    endloop
  endfacet
  facet normal 0.243051 -0.970014 0
    outer loop
      vertex -1.98017 -25.045 6
      vertex -2.94639 -25.2871 2.8
      vertex -1.98017 -25.045 2.8
    endloop
  endfacet
  facet normal -0.671603 -0.740911 0
    outer loop
      vertex 6.43909 -27.1539 2.8
      vertex 7.17713 -27.8229 6
      vertex 6.43909 -27.1539 6
    endloop
  endfacet
  facet normal -0.671603 -0.740911 -0
    outer loop
      vertex 7.17713 -27.8229 6
      vertex 6.43909 -27.1539 2.8
      vertex 7.17713 -27.8229 2.8
    endloop
  endfacet
  facet normal -0.243051 -0.970014 0
    outer loop
      vertex 1.98017 -25.045 2.8
      vertex 2.94639 -25.2871 6
      vertex 1.98017 -25.045 6
    endloop
  endfacet
  facet normal -0.243051 -0.970014 -0
    outer loop
      vertex 2.94639 -25.2871 6
      vertex 1.98017 -25.045 2.8
      vertex 2.94639 -25.2871 2.8
    endloop
  endfacet
  facet normal 0.336829 -0.941566 0
    outer loop
      vertex -3.88424 -25.6226 2.8
      vertex -2.94639 -25.2871 6
      vertex -3.88424 -25.6226 6
    endloop
  endfacet
  facet normal 0.336829 -0.941566 0
    outer loop
      vertex -2.94639 -25.2871 6
      vertex -3.88424 -25.6226 2.8
      vertex -2.94639 -25.2871 2.8
    endloop
  endfacet
  facet normal 0.336829 0.941566 -0
    outer loop
      vertex -2.94639 -44.7129 2.8
      vertex -3.88424 -44.3774 6
      vertex -2.94639 -44.7129 6
    endloop
  endfacet
  facet normal 0.336829 0.941566 0
    outer loop
      vertex -3.88424 -44.3774 6
      vertex -2.94639 -44.7129 2.8
      vertex -3.88424 -44.3774 2.8
    endloop
  endfacet
  facet normal 0.857714 0.514127 0
    outer loop
      vertex -8.43942 -40.639 6
      vertex -8.9515 -39.7847 2.8
      vertex -8.9515 -39.7847 6
    endloop
  endfacet
  facet normal 0.857714 0.514127 0
    outer loop
      vertex -8.9515 -39.7847 2.8
      vertex -8.43942 -40.639 6
      vertex -8.43942 -40.639 2.8
    endloop
  endfacet
  facet normal 0.146676 -0.989185 0
    outer loop
      vertex -1.98017 -25.045 2.8
      vertex -0.994873 -24.8989 6
      vertex -1.98017 -25.045 6
    endloop
  endfacet
  facet normal 0.146676 -0.989185 0
    outer loop
      vertex -0.994873 -24.8989 6
      vertex -1.98017 -25.045 2.8
      vertex -0.994873 -24.8989 2.8
    endloop
  endfacet
  facet normal -0.146676 -0.989185 0
    outer loop
      vertex 0.994873 -24.8989 2.8
      vertex 1.98017 -25.045 6
      vertex 0.994873 -24.8989 6
    endloop
  endfacet
  facet normal -0.146676 -0.989185 -0
    outer loop
      vertex 1.98017 -25.045 6
      vertex 0.994873 -24.8989 2.8
      vertex 1.98017 -25.045 2.8
    endloop
  endfacet
  facet normal -0.970029 0.242989 0
    outer loop
      vertex 9.71294 -37.9464 2.8
      vertex 9.95497 -36.9802 6
      vertex 9.95497 -36.9802 2.8
    endloop
  endfacet
  facet normal -0.970029 0.242989 0
    outer loop
      vertex 9.95497 -36.9802 6
      vertex 9.71294 -37.9464 2.8
      vertex 9.71294 -37.9464 6
    endloop
  endfacet
  facet normal 0.903999 0.427535 0
    outer loop
      vertex -8.9515 -39.7847 6
      vertex -9.37738 -38.8842 2.8
      vertex -9.37738 -38.8842 6
    endloop
  endfacet
  facet normal 0.903999 0.427535 0
    outer loop
      vertex -9.37738 -38.8842 2.8
      vertex -8.9515 -39.7847 6
      vertex -8.9515 -39.7847 2.8
    endloop
  endfacet
  facet normal -0.427574 -0.90398 0
    outer loop
      vertex 3.88424 -25.6226 2.8
      vertex 4.78468 -26.0485 6
      vertex 3.88424 -25.6226 6
    endloop
  endfacet
  facet normal -0.427574 -0.90398 -0
    outer loop
      vertex 4.78468 -26.0485 6
      vertex 3.88424 -25.6226 2.8
      vertex 4.78468 -26.0485 2.8
    endloop
  endfacet
  facet normal -0.336829 -0.941566 0
    outer loop
      vertex 2.94639 -25.2871 2.8
      vertex 3.88424 -25.6226 6
      vertex 2.94639 -25.2871 6
    endloop
  endfacet
  facet normal -0.336829 -0.941566 -0
    outer loop
      vertex 3.88424 -25.6226 6
      vertex 2.94639 -25.2871 2.8
      vertex 3.88424 -25.6226 2.8
    endloop
  endfacet
  facet normal 0.740928 0.671584 0
    outer loop
      vertex -7.17713 -42.1771 6
      vertex -7.84606 -41.4391 2.8
      vertex -7.84606 -41.4391 6
    endloop
  endfacet
  facet normal 0.740928 0.671584 0
    outer loop
      vertex -7.84606 -41.4391 2.8
      vertex -7.17713 -42.1771 6
      vertex -7.17713 -42.1771 2.8
    endloop
  endfacet
  facet normal 0.671603 0.740911 -0
    outer loop
      vertex -6.43909 -42.8461 2.8
      vertex -7.17713 -42.1771 6
      vertex -6.43909 -42.8461 6
    endloop
  endfacet
  facet normal 0.671603 0.740911 0
    outer loop
      vertex -7.17713 -42.1771 6
      vertex -6.43909 -42.8461 2.8
      vertex -7.17713 -42.1771 2.8
    endloop
  endfacet
  facet normal 0.427574 -0.90398 0
    outer loop
      vertex -4.78468 -26.0485 2.8
      vertex -3.88424 -25.6226 6
      vertex -4.78468 -26.0485 6
    endloop
  endfacet
  facet normal 0.427574 -0.90398 0
    outer loop
      vertex -3.88424 -25.6226 6
      vertex -4.78468 -26.0485 2.8
      vertex -3.88424 -25.6226 2.8
    endloop
  endfacet
  facet normal -0.857776 0.514023 0
    outer loop
      vertex 33.1882 -30.3878 2.8
      vertex 33.7002 -29.5334 6
      vertex 33.7002 -29.5334 2.8
    endloop
  endfacet
  facet normal -0.857776 0.514023 0
    outer loop
      vertex 33.7002 -29.5334 6
      vertex 33.1882 -30.3878 2.8
      vertex 33.1882 -30.3878 6
    endloop
  endfacet
  facet normal -0.514097 -0.857732 0
    outer loop
      vertex 29.5334 -15.7972 2.8
      vertex 30.3878 -16.3093 6
      vertex 29.5334 -15.7972 6
    endloop
  endfacet
  facet normal -0.514097 -0.857732 -0
    outer loop
      vertex 30.3878 -16.3093 6
      vertex 29.5334 -15.7972 2.8
      vertex 30.3878 -16.3093 2.8
    endloop
  endfacet
  facet normal 0.0489962 0.998799 -0
    outer loop
      vertex 24.7487 -34.8987 2.8
      vertex 23.7539 -34.8499 6
      vertex 24.7487 -34.8987 6
    endloop
  endfacet
  facet normal 0.0489962 0.998799 0
    outer loop
      vertex 23.7539 -34.8499 6
      vertex 24.7487 -34.8987 2.8
      vertex 23.7539 -34.8499 2.8
    endloop
  endfacet
  facet normal -0.595751 -0.803169 0
    outer loop
      vertex 30.3878 -16.3093 2.8
      vertex 31.1878 -16.9027 6
      vertex 30.3878 -16.3093 6
    endloop
  endfacet
  facet normal -0.595751 -0.803169 -0
    outer loop
      vertex 31.1878 -16.9027 6
      vertex 30.3878 -16.3093 2.8
      vertex 31.1878 -16.9027 2.8
    endloop
  endfacet
  facet normal 0.740989 0.671518 0
    outer loop
      vertex 17.5716 -31.9259 6
      vertex 16.9027 -31.1878 2.8
      vertex 16.9027 -31.1878 6
    endloop
  endfacet
  facet normal 0.740989 0.671518 0
    outer loop
      vertex 16.9027 -31.1878 2.8
      vertex 17.5716 -31.9259 6
      vertex 17.5716 -31.9259 2.8
    endloop
  endfacet
  facet normal 0.803205 -0.595703 0
    outer loop
      vertex 16.3093 -19.1097 6
      vertex 16.9027 -18.3096 2.8
      vertex 16.9027 -18.3096 6
    endloop
  endfacet
  facet normal 0.803205 -0.595703 0
    outer loop
      vertex 16.9027 -18.3096 2.8
      vertex 16.3093 -19.1097 6
      vertex 16.3093 -19.1097 2.8
    endloop
  endfacet
  facet normal 0.514097 -0.857732 0
    outer loop
      vertex 19.1097 -16.3093 2.8
      vertex 19.9641 -15.7972 6
      vertex 19.1097 -16.3093 6
    endloop
  endfacet
  facet normal 0.514097 -0.857732 0
    outer loop
      vertex 19.9641 -15.7972 6
      vertex 19.1097 -16.3093 2.8
      vertex 19.9641 -15.7972 2.8
    endloop
  endfacet
  facet normal -0.903973 -0.42759 0
    outer loop
      vertex 34.1261 -20.8645 2.8
      vertex 33.7002 -19.9641 6
      vertex 33.7002 -19.9641 2.8
    endloop
  endfacet
  facet normal -0.903973 -0.42759 0
    outer loop
      vertex 33.7002 -19.9641 6
      vertex 34.1261 -20.8645 2.8
      vertex 34.1261 -20.8645 6
    endloop
  endfacet
  facet normal -0.970042 -0.242937 0
    outer loop
      vertex 34.7037 -22.7686 2.8
      vertex 34.4617 -21.8023 6
      vertex 34.4617 -21.8023 2.8
    endloop
  endfacet
  facet normal -0.970042 -0.242937 0
    outer loop
      vertex 34.4617 -21.8023 6
      vertex 34.7037 -22.7686 2.8
      vertex 34.7037 -22.7686 6
    endloop
  endfacet
  facet normal -0.671518 0.740989 0
    outer loop
      vertex 31.9259 -31.9259 2.8
      vertex 31.1878 -32.5948 6
      vertex 31.9259 -31.9259 6
    endloop
  endfacet
  facet normal -0.671518 0.740989 0
    outer loop
      vertex 31.1878 -32.5948 6
      vertex 31.9259 -31.9259 2.8
      vertex 31.1878 -32.5948 2.8
    endloop
  endfacet
  facet normal 0.514023 0.857776 -0
    outer loop
      vertex 19.9641 -33.7002 2.8
      vertex 19.1097 -33.1882 6
      vertex 19.9641 -33.7002 6
    endloop
  endfacet
  facet normal 0.514023 0.857776 0
    outer loop
      vertex 19.1097 -33.1882 6
      vertex 19.9641 -33.7002 2.8
      vertex 19.1097 -33.1882 2.8
    endloop
  endfacet
  facet normal -0.740989 0.671518 0
    outer loop
      vertex 31.9259 -31.9259 2.8
      vertex 32.5948 -31.1878 6
      vertex 32.5948 -31.1878 2.8
    endloop
  endfacet
  facet normal -0.740989 0.671518 0
    outer loop
      vertex 32.5948 -31.1878 6
      vertex 31.9259 -31.9259 2.8
      vertex 31.9259 -31.9259 6
    endloop
  endfacet
  facet normal -0.803205 -0.595703 0
    outer loop
      vertex 33.1882 -19.1097 2.8
      vertex 32.5948 -18.3096 6
      vertex 32.5948 -18.3096 2.8
    endloop
  endfacet
  facet normal -0.803205 -0.595703 0
    outer loop
      vertex 32.5948 -18.3096 6
      vertex 33.1882 -19.1097 2.8
      vertex 33.1882 -19.1097 6
    endloop
  endfacet
  facet normal -0.98917 0.146774 0
    outer loop
      vertex 34.7037 -26.7289 2.8
      vertex 34.8499 -25.7436 6
      vertex 34.8499 -25.7436 2.8
    endloop
  endfacet
  facet normal -0.98917 0.146774 0
    outer loop
      vertex 34.8499 -25.7436 6
      vertex 34.7037 -26.7289 2.8
      vertex 34.7037 -26.7289 6
    endloop
  endfacet
  facet normal 0.857732 -0.514097 0
    outer loop
      vertex 15.7972 -19.9641 6
      vertex 16.3093 -19.1097 2.8
      vertex 16.3093 -19.1097 6
    endloop
  endfacet
  facet normal 0.857732 -0.514097 0
    outer loop
      vertex 16.3093 -19.1097 2.8
      vertex 15.7972 -19.9641 6
      vertex 15.7972 -19.9641 2.8
    endloop
  endfacet
  facet normal 0.595703 0.803205 -0
    outer loop
      vertex 19.1097 -33.1882 2.8
      vertex 18.3096 -32.5948 6
      vertex 19.1097 -33.1882 6
    endloop
  endfacet
  facet normal 0.595703 0.803205 0
    outer loop
      vertex 18.3096 -32.5948 6
      vertex 19.1097 -33.1882 2.8
      vertex 18.3096 -32.5948 2.8
    endloop
  endfacet
  facet normal -0.242961 0.970036 0
    outer loop
      vertex 27.6951 -34.4617 2.8
      vertex 26.7289 -34.7037 6
      vertex 27.6951 -34.4617 6
    endloop
  endfacet
  facet normal -0.242961 0.970036 0
    outer loop
      vertex 26.7289 -34.7037 6
      vertex 27.6951 -34.4617 2.8
      vertex 26.7289 -34.7037 2.8
    endloop
  endfacet
  facet normal -0.671518 -0.740989 0
    outer loop
      vertex 31.1878 -16.9027 2.8
      vertex 31.9259 -17.5716 6
      vertex 31.1878 -16.9027 6
    endloop
  endfacet
  facet normal -0.671518 -0.740989 -0
    outer loop
      vertex 31.9259 -17.5716 6
      vertex 31.1878 -16.9027 2.8
      vertex 31.9259 -17.5716 2.8
    endloop
  endfacet
  facet normal -0.336902 0.94154 0
    outer loop
      vertex 28.633 -34.1261 2.8
      vertex 27.6951 -34.4617 6
      vertex 28.633 -34.1261 6
    endloop
  endfacet
  facet normal -0.336902 0.94154 0
    outer loop
      vertex 27.6951 -34.4617 6
      vertex 28.633 -34.1261 2.8
      vertex 27.6951 -34.4617 2.8
    endloop
  endfacet
  facet normal 0.427508 -0.904012 0
    outer loop
      vertex 19.9641 -15.7972 2.8
      vertex 20.8645 -15.3714 6
      vertex 19.9641 -15.7972 6
    endloop
  endfacet
  facet normal 0.427508 -0.904012 0
    outer loop
      vertex 20.8645 -15.3714 6
      vertex 19.9641 -15.7972 2.8
      vertex 20.8645 -15.3714 2.8
    endloop
  endfacet
  facet normal 0.857732 0.514097 0
    outer loop
      vertex 16.3093 -30.3878 6
      vertex 15.7972 -29.5334 2.8
      vertex 15.7972 -29.5334 6
    endloop
  endfacet
  facet normal 0.857732 0.514097 0
    outer loop
      vertex 15.7972 -29.5334 2.8
      vertex 16.3093 -30.3878 6
      vertex 16.3093 -30.3878 2.8
    endloop
  endfacet
  facet normal 0.336934 0.941528 -0
    outer loop
      vertex 21.8023 -34.4617 2.8
      vertex 20.8645 -34.1261 6
      vertex 21.8023 -34.4617 6
    endloop
  endfacet
  facet normal 0.336934 0.941528 0
    outer loop
      vertex 20.8645 -34.1261 6
      vertex 21.8023 -34.4617 2.8
      vertex 20.8645 -34.1261 2.8
    endloop
  endfacet
  facet normal -0.146774 -0.98917 0
    outer loop
      vertex 25.7436 -14.6476 2.8
      vertex 26.7289 -14.7938 6
      vertex 25.7436 -14.6476 6
    endloop
  endfacet
  facet normal -0.146774 -0.98917 -0
    outer loop
      vertex 26.7289 -14.7938 6
      vertex 25.7436 -14.6476 2.8
      vertex 26.7289 -14.7938 2.8
    endloop
  endfacet
  facet normal -0.998799 0.0489913 0
    outer loop
      vertex 34.8499 -25.7436 2.8
      vertex 34.8987 -24.7487 6
      vertex 34.8987 -24.7487 2.8
    endloop
  endfacet
  facet normal -0.998799 0.0489913 0
    outer loop
      vertex 34.8987 -24.7487 6
      vertex 34.8499 -25.7436 2.8
      vertex 34.8499 -25.7436 6
    endloop
  endfacet
  facet normal -0.427508 -0.904012 0
    outer loop
      vertex 28.633 -15.3714 2.8
      vertex 29.5334 -15.7972 6
      vertex 28.633 -15.3714 6
    endloop
  endfacet
  facet normal -0.427508 -0.904012 -0
    outer loop
      vertex 29.5334 -15.7972 6
      vertex 28.633 -15.3714 2.8
      vertex 29.5334 -15.7972 2.8
    endloop
  endfacet
  facet normal -0.941528 -0.336934 0
    outer loop
      vertex 34.4617 -21.8023 2.8
      vertex 34.1261 -20.8645 6
      vertex 34.1261 -20.8645 2.8
    endloop
  endfacet
  facet normal -0.941528 -0.336934 0
    outer loop
      vertex 34.1261 -20.8645 6
      vertex 34.4617 -21.8023 2.8
      vertex 34.4617 -21.8023 6
    endloop
  endfacet
  facet normal 0.904012 0.427508 0
    outer loop
      vertex 15.7972 -29.5334 6
      vertex 15.3714 -28.633 2.8
      vertex 15.3714 -28.633 6
    endloop
  endfacet
  facet normal 0.904012 0.427508 0
    outer loop
      vertex 15.3714 -28.633 2.8
      vertex 15.7972 -29.5334 6
      vertex 15.7972 -29.5334 2.8
    endloop
  endfacet
  facet normal 0.970036 0.242961 0
    outer loop
      vertex 15.0358 -27.6951 6
      vertex 14.7938 -26.7289 2.8
      vertex 14.7938 -26.7289 6
    endloop
  endfacet
  facet normal 0.970036 0.242961 0
    outer loop
      vertex 14.7938 -26.7289 2.8
      vertex 15.0358 -27.6951 6
      vertex 15.0358 -27.6951 2.8
    endloop
  endfacet
  facet normal 0.146774 -0.98917 0
    outer loop
      vertex 22.7686 -14.7938 2.8
      vertex 23.7539 -14.6476 6
      vertex 22.7686 -14.7938 6
    endloop
  endfacet
  facet normal 0.146774 -0.98917 0
    outer loop
      vertex 23.7539 -14.6476 6
      vertex 22.7686 -14.7938 2.8
      vertex 23.7539 -14.6476 2.8
    endloop
  endfacet
  facet normal -0.803169 0.595751 0
    outer loop
      vertex 32.5948 -31.1878 2.8
      vertex 33.1882 -30.3878 6
      vertex 33.1882 -30.3878 2.8
    endloop
  endfacet
  facet normal -0.803169 0.595751 0
    outer loop
      vertex 33.1882 -30.3878 6
      vertex 32.5948 -31.1878 2.8
      vertex 32.5948 -31.1878 6
    endloop
  endfacet
  facet normal 0.803169 0.595751 0
    outer loop
      vertex 16.9027 -31.1878 6
      vertex 16.3093 -30.3878 2.8
      vertex 16.3093 -30.3878 6
    endloop
  endfacet
  facet normal 0.803169 0.595751 0
    outer loop
      vertex 16.3093 -30.3878 2.8
      vertex 16.9027 -31.1878 6
      vertex 16.9027 -31.1878 2.8
    endloop
  endfacet
  facet normal -0.740943 -0.671568 0
    outer loop
      vertex 32.5948 -18.3096 2.8
      vertex 31.9259 -17.5716 6
      vertex 31.9259 -17.5716 2.8
    endloop
  endfacet
  facet normal -0.740943 -0.671568 0
    outer loop
      vertex 31.9259 -17.5716 6
      vertex 32.5948 -18.3096 2.8
      vertex 32.5948 -18.3096 6
    endloop
  endfacet
  facet normal 0.42759 0.903973 -0
    outer loop
      vertex 20.8645 -34.1261 2.8
      vertex 19.9641 -33.7002 6
      vertex 20.8645 -34.1261 6
    endloop
  endfacet
  facet normal 0.42759 0.903973 0
    outer loop
      vertex 19.9641 -33.7002 6
      vertex 20.8645 -34.1261 2.8
      vertex 19.9641 -33.7002 2.8
    endloop
  endfacet
  facet normal 0.336934 -0.941528 0
    outer loop
      vertex 20.8645 -15.3714 2.8
      vertex 21.8023 -15.0358 6
      vertex 20.8645 -15.3714 6
    endloop
  endfacet
  facet normal 0.336934 -0.941528 0
    outer loop
      vertex 21.8023 -15.0358 6
      vertex 20.8645 -15.3714 2.8
      vertex 21.8023 -15.0358 2.8
    endloop
  endfacet
  facet normal -0.146774 0.98917 0
    outer loop
      vertex 26.7289 -34.7037 2.8
      vertex 25.7436 -34.8499 6
      vertex 26.7289 -34.7037 6
    endloop
  endfacet
  facet normal -0.146774 0.98917 0
    outer loop
      vertex 25.7436 -34.8499 6
      vertex 26.7289 -34.7037 2.8
      vertex 25.7436 -34.8499 2.8
    endloop
  endfacet
  facet normal -0.514023 0.857776 0
    outer loop
      vertex 30.3878 -33.1882 2.8
      vertex 29.5334 -33.7002 6
      vertex 30.3878 -33.1882 6
    endloop
  endfacet
  facet normal -0.514023 0.857776 0
    outer loop
      vertex 29.5334 -33.7002 6
      vertex 30.3878 -33.1882 2.8
      vertex 29.5334 -33.7002 2.8
    endloop
  endfacet
  facet normal -0.42759 0.903973 0
    outer loop
      vertex 29.5334 -33.7002 2.8
      vertex 28.633 -34.1261 6
      vertex 29.5334 -33.7002 6
    endloop
  endfacet
  facet normal -0.42759 0.903973 0
    outer loop
      vertex 28.633 -34.1261 6
      vertex 29.5334 -33.7002 2.8
      vertex 28.633 -34.1261 2.8
    endloop
  endfacet
  facet normal -0.242961 -0.970036 0
    outer loop
      vertex 26.7289 -14.7938 2.8
      vertex 27.6951 -15.0358 6
      vertex 26.7289 -14.7938 6
    endloop
  endfacet
  facet normal -0.242961 -0.970036 -0
    outer loop
      vertex 27.6951 -15.0358 6
      vertex 26.7289 -14.7938 2.8
      vertex 27.6951 -15.0358 2.8
    endloop
  endfacet
  facet normal 0.98917 -0.146774 0
    outer loop
      vertex 14.6476 -23.7539 6
      vertex 14.7938 -22.7686 2.8
      vertex 14.7938 -22.7686 6
    endloop
  endfacet
  facet normal 0.98917 -0.146774 0
    outer loop
      vertex 14.7938 -22.7686 2.8
      vertex 14.6476 -23.7539 6
      vertex 14.6476 -23.7539 2.8
    endloop
  endfacet
  facet normal 0.242937 -0.970042 0
    outer loop
      vertex 21.8023 -15.0358 2.8
      vertex 22.7686 -14.7938 6
      vertex 21.8023 -15.0358 6
    endloop
  endfacet
  facet normal 0.242937 -0.970042 0
    outer loop
      vertex 22.7686 -14.7938 6
      vertex 21.8023 -15.0358 2.8
      vertex 22.7686 -14.7938 2.8
    endloop
  endfacet
  facet normal -0.903973 0.42759 0
    outer loop
      vertex 33.7002 -29.5334 2.8
      vertex 34.1261 -28.633 6
      vertex 34.1261 -28.633 2.8
    endloop
  endfacet
  facet normal -0.903973 0.42759 0
    outer loop
      vertex 34.1261 -28.633 6
      vertex 33.7002 -29.5334 2.8
      vertex 33.7002 -29.5334 6
    endloop
  endfacet
  facet normal -0.336902 -0.94154 0
    outer loop
      vertex 27.6951 -15.0358 2.8
      vertex 28.633 -15.3714 6
      vertex 27.6951 -15.0358 6
    endloop
  endfacet
  facet normal -0.336902 -0.94154 -0
    outer loop
      vertex 28.633 -15.3714 6
      vertex 27.6951 -15.0358 2.8
      vertex 28.633 -15.3714 2.8
    endloop
  endfacet
  facet normal -0.98917 -0.146774 0
    outer loop
      vertex 34.8499 -23.7539 2.8
      vertex 34.7037 -22.7686 6
      vertex 34.7037 -22.7686 2.8
    endloop
  endfacet
  facet normal -0.98917 -0.146774 0
    outer loop
      vertex 34.7037 -22.7686 6
      vertex 34.8499 -23.7539 2.8
      vertex 34.8499 -23.7539 6
    endloop
  endfacet
  facet normal 0.970042 -0.242937 0
    outer loop
      vertex 14.7938 -22.7686 6
      vertex 15.0358 -21.8023 2.8
      vertex 15.0358 -21.8023 6
    endloop
  endfacet
  facet normal 0.970042 -0.242937 0
    outer loop
      vertex 15.0358 -21.8023 2.8
      vertex 14.7938 -22.7686 6
      vertex 14.7938 -22.7686 2.8
    endloop
  endfacet
  facet normal -0.94154 0.336902 0
    outer loop
      vertex 34.1261 -28.633 2.8
      vertex 34.4617 -27.6951 6
      vertex 34.4617 -27.6951 2.8
    endloop
  endfacet
  facet normal -0.94154 0.336902 0
    outer loop
      vertex 34.4617 -27.6951 6
      vertex 34.1261 -28.633 2.8
      vertex 34.1261 -28.633 6
    endloop
  endfacet
  facet normal 0.998794 0.0490914 0
    outer loop
      vertex 14.6476 -25.7436 6
      vertex 14.5987 -24.7487 2.8
      vertex 14.5987 -24.7487 6
    endloop
  endfacet
  facet normal 0.998794 0.0490914 0
    outer loop
      vertex 14.5987 -24.7487 2.8
      vertex 14.6476 -25.7436 6
      vertex 14.6476 -25.7436 2.8
    endloop
  endfacet
  facet normal -0.595751 0.803169 0
    outer loop
      vertex 31.1878 -32.5948 2.8
      vertex 30.3878 -33.1882 6
      vertex 31.1878 -32.5948 6
    endloop
  endfacet
  facet normal -0.595751 0.803169 0
    outer loop
      vertex 30.3878 -33.1882 6
      vertex 31.1878 -32.5948 2.8
      vertex 30.3878 -33.1882 2.8
    endloop
  endfacet
  facet normal 0.998794 -0.0490963 0
    outer loop
      vertex 14.5987 -24.7487 6
      vertex 14.6476 -23.7539 2.8
      vertex 14.6476 -23.7539 6
    endloop
  endfacet
  facet normal 0.998794 -0.0490963 0
    outer loop
      vertex 14.6476 -23.7539 2.8
      vertex 14.5987 -24.7487 6
      vertex 14.5987 -24.7487 2.8
    endloop
  endfacet
  facet normal -0.970036 0.242961 0
    outer loop
      vertex 34.4617 -27.6951 2.8
      vertex 34.7037 -26.7289 6
      vertex 34.7037 -26.7289 2.8
    endloop
  endfacet
  facet normal -0.970036 0.242961 0
    outer loop
      vertex 34.7037 -26.7289 6
      vertex 34.4617 -27.6951 2.8
      vertex 34.4617 -27.6951 6
    endloop
  endfacet
  facet normal -0.0490914 -0.998794 0
    outer loop
      vertex 24.7487 -14.5987 2.8
      vertex 25.7436 -14.6476 6
      vertex 24.7487 -14.5987 6
    endloop
  endfacet
  facet normal -0.0490914 -0.998794 -0
    outer loop
      vertex 25.7436 -14.6476 6
      vertex 24.7487 -14.5987 2.8
      vertex 25.7436 -14.6476 2.8
    endloop
  endfacet
  facet normal -0.998799 -0.0489962 0
    outer loop
      vertex 34.8987 -24.7487 2.8
      vertex 34.8499 -23.7539 6
      vertex 34.8499 -23.7539 2.8
    endloop
  endfacet
  facet normal -0.998799 -0.0489962 0
    outer loop
      vertex 34.8499 -23.7539 6
      vertex 34.8987 -24.7487 2.8
      vertex 34.8987 -24.7487 6
    endloop
  endfacet
  facet normal 0.0490963 -0.998794 0
    outer loop
      vertex 23.7539 -14.6476 2.8
      vertex 24.7487 -14.5987 6
      vertex 23.7539 -14.6476 6
    endloop
  endfacet
  facet normal 0.0490963 -0.998794 0
    outer loop
      vertex 24.7487 -14.5987 6
      vertex 23.7539 -14.6476 2.8
      vertex 24.7487 -14.5987 2.8
    endloop
  endfacet
  facet normal 0.904012 -0.427508 0
    outer loop
      vertex 15.3714 -20.8645 6
      vertex 15.7972 -19.9641 2.8
      vertex 15.7972 -19.9641 6
    endloop
  endfacet
  facet normal 0.904012 -0.427508 0
    outer loop
      vertex 15.7972 -19.9641 2.8
      vertex 15.3714 -20.8645 6
      vertex 15.3714 -20.8645 2.8
    endloop
  endfacet
  facet normal 0.94154 0.336902 0
    outer loop
      vertex 15.3714 -28.633 6
      vertex 15.0358 -27.6951 2.8
      vertex 15.0358 -27.6951 6
    endloop
  endfacet
  facet normal 0.94154 0.336902 0
    outer loop
      vertex 15.0358 -27.6951 2.8
      vertex 15.3714 -28.633 6
      vertex 15.3714 -28.633 2.8
    endloop
  endfacet
  facet normal 0.740943 -0.671568 0
    outer loop
      vertex 16.9027 -18.3096 6
      vertex 17.5716 -17.5716 2.8
      vertex 17.5716 -17.5716 6
    endloop
  endfacet
  facet normal 0.740943 -0.671568 0
    outer loop
      vertex 17.5716 -17.5716 2.8
      vertex 16.9027 -18.3096 6
      vertex 16.9027 -18.3096 2.8
    endloop
  endfacet
  facet normal 0.671568 0.740943 -0
    outer loop
      vertex 18.3096 -32.5948 2.8
      vertex 17.5716 -31.9259 6
      vertex 18.3096 -32.5948 6
    endloop
  endfacet
  facet normal 0.671568 0.740943 0
    outer loop
      vertex 17.5716 -31.9259 6
      vertex 18.3096 -32.5948 2.8
      vertex 17.5716 -31.9259 2.8
    endloop
  endfacet
  facet normal 0.98917 0.146774 0
    outer loop
      vertex 14.7938 -26.7289 6
      vertex 14.6476 -25.7436 2.8
      vertex 14.6476 -25.7436 6
    endloop
  endfacet
  facet normal 0.98917 0.146774 0
    outer loop
      vertex 14.6476 -25.7436 2.8
      vertex 14.7938 -26.7289 6
      vertex 14.7938 -26.7289 2.8
    endloop
  endfacet
  facet normal -0.0489913 0.998799 0
    outer loop
      vertex 25.7436 -34.8499 2.8
      vertex 24.7487 -34.8987 6
      vertex 25.7436 -34.8499 6
    endloop
  endfacet
  facet normal -0.0489913 0.998799 0
    outer loop
      vertex 24.7487 -34.8987 6
      vertex 25.7436 -34.8499 2.8
      vertex 24.7487 -34.8987 2.8
    endloop
  endfacet
  facet normal 0.146774 0.98917 -0
    outer loop
      vertex 23.7539 -34.8499 2.8
      vertex 22.7686 -34.7037 6
      vertex 23.7539 -34.8499 6
    endloop
  endfacet
  facet normal 0.146774 0.98917 0
    outer loop
      vertex 22.7686 -34.7037 6
      vertex 23.7539 -34.8499 2.8
      vertex 22.7686 -34.7037 2.8
    endloop
  endfacet
  facet normal 0.242937 0.970042 -0
    outer loop
      vertex 22.7686 -34.7037 2.8
      vertex 21.8023 -34.4617 6
      vertex 22.7686 -34.7037 6
    endloop
  endfacet
  facet normal 0.242937 0.970042 0
    outer loop
      vertex 21.8023 -34.4617 6
      vertex 22.7686 -34.7037 2.8
      vertex 21.8023 -34.4617 2.8
    endloop
  endfacet
  facet normal 0.941528 -0.336934 0
    outer loop
      vertex 15.0358 -21.8023 6
      vertex 15.3714 -20.8645 2.8
      vertex 15.3714 -20.8645 6
    endloop
  endfacet
  facet normal 0.941528 -0.336934 0
    outer loop
      vertex 15.3714 -20.8645 2.8
      vertex 15.0358 -21.8023 6
      vertex 15.0358 -21.8023 2.8
    endloop
  endfacet
  facet normal 0.595703 -0.803205 0
    outer loop
      vertex 18.3096 -16.9027 2.8
      vertex 19.1097 -16.3093 6
      vertex 18.3096 -16.9027 6
    endloop
  endfacet
  facet normal 0.595703 -0.803205 0
    outer loop
      vertex 19.1097 -16.3093 6
      vertex 18.3096 -16.9027 2.8
      vertex 19.1097 -16.3093 2.8
    endloop
  endfacet
  facet normal 0.671568 -0.740943 0
    outer loop
      vertex 17.5716 -17.5716 2.8
      vertex 18.3096 -16.9027 6
      vertex 17.5716 -17.5716 6
    endloop
  endfacet
  facet normal 0.671568 -0.740943 0
    outer loop
      vertex 18.3096 -16.9027 6
      vertex 17.5716 -17.5716 2.8
      vertex 18.3096 -16.9027 2.8
    endloop
  endfacet
  facet normal -0.857776 -0.514023 0
    outer loop
      vertex 33.7002 -19.9641 2.8
      vertex 33.1882 -19.1097 6
      vertex 33.1882 -19.1097 2.8
    endloop
  endfacet
  facet normal -0.857776 -0.514023 0
    outer loop
      vertex 33.1882 -19.1097 6
      vertex 33.7002 -19.9641 2.8
      vertex 33.7002 -19.9641 6
    endloop
  endfacet
  facet normal 0 0 1
    outer loop
      vertex 34.8499 -23.7539 2.8
      vertex 34.8499 -25.7436 2.8
      vertex 34.8987 -24.7487 2.8
    endloop
  endfacet
  facet normal 0 0 1
    outer loop
      vertex 34.7037 -22.7686 2.8
      vertex 34.8499 -25.7436 2.8
      vertex 34.8499 -23.7539 2.8
    endloop
  endfacet
  facet normal 0 0 1
    outer loop
      vertex 34.7037 -22.7686 2.8
      vertex 34.7037 -26.7289 2.8
      vertex 34.8499 -25.7436 2.8
    endloop
  endfacet
  facet normal 0 0 1
    outer loop
      vertex 34.4617 -21.8023 2.8
      vertex 34.7037 -26.7289 2.8
      vertex 34.7037 -22.7686 2.8
    endloop
  endfacet
  facet normal 0 0 1
    outer loop
      vertex 34.4617 -21.8023 2.8
      vertex 34.4617 -27.6951 2.8
      vertex 34.7037 -26.7289 2.8
    endloop
  endfacet
  facet normal 0 0 1
    outer loop
      vertex 34.1261 -20.8645 2.8
      vertex 34.4617 -27.6951 2.8
      vertex 34.4617 -21.8023 2.8
    endloop
  endfacet
  facet normal 0 0 1
    outer loop
      vertex 34.1261 -20.8645 2.8
      vertex 34.1261 -28.633 2.8
      vertex 34.4617 -27.6951 2.8
    endloop
  endfacet
  facet normal 0 0 1
    outer loop
      vertex 33.7002 -19.9641 2.8
      vertex 34.1261 -28.633 2.8
      vertex 34.1261 -20.8645 2.8
    endloop
  endfacet
  facet normal 0 0 1
    outer loop
      vertex 33.7002 -19.9641 2.8
      vertex 33.7002 -29.5334 2.8
      vertex 34.1261 -28.633 2.8
    endloop
  endfacet
  facet normal 0 0 1
    outer loop
      vertex 33.1882 -19.1097 2.8
      vertex 33.7002 -29.5334 2.8
      vertex 33.7002 -19.9641 2.8
    endloop
  endfacet
  facet normal 0 0 1
    outer loop
      vertex 33.1882 -19.1097 2.8
      vertex 33.1882 -30.3878 2.8
      vertex 33.7002 -29.5334 2.8
    endloop
  endfacet
  facet normal 0 0 1
    outer loop
      vertex 32.5948 -18.3096 2.8
      vertex 33.1882 -30.3878 2.8
      vertex 33.1882 -19.1097 2.8
    endloop
  endfacet
  facet normal 0 0 1
    outer loop
      vertex 32.5948 -18.3096 2.8
      vertex 32.5948 -31.1878 2.8
      vertex 33.1882 -30.3878 2.8
    endloop
  endfacet
  facet normal 0 0 1
    outer loop
      vertex 31.9259 -17.5716 2.8
      vertex 32.5948 -31.1878 2.8
      vertex 32.5948 -18.3096 2.8
    endloop
  endfacet
  facet normal 0 0 1
    outer loop
      vertex 31.9259 -17.5716 2.8
      vertex 31.9259 -31.9259 2.8
      vertex 32.5948 -31.1878 2.8
    endloop
  endfacet
  facet normal 0 0 1
    outer loop
      vertex 31.1878 -16.9027 2.8
      vertex 31.9259 -31.9259 2.8
      vertex 31.9259 -17.5716 2.8
    endloop
  endfacet
  facet normal 0 0 1
    outer loop
      vertex 31.1878 -16.9027 2.8
      vertex 31.1878 -32.5948 2.8
      vertex 31.9259 -31.9259 2.8
    endloop
  endfacet
  facet normal 0 0 1
    outer loop
      vertex 30.3878 -16.3093 2.8
      vertex 31.1878 -32.5948 2.8
      vertex 31.1878 -16.9027 2.8
    endloop
  endfacet
  facet normal 0 0 1
    outer loop
      vertex 30.3878 -16.3093 2.8
      vertex 30.3878 -33.1882 2.8
      vertex 31.1878 -32.5948 2.8
    endloop
  endfacet
  facet normal 0 0 1
    outer loop
      vertex 29.5334 -15.7972 2.8
      vertex 30.3878 -33.1882 2.8
      vertex 30.3878 -16.3093 2.8
    endloop
  endfacet
  facet normal 0 0 1
    outer loop
      vertex 29.5334 -15.7972 2.8
      vertex 29.5334 -33.7002 2.8
      vertex 30.3878 -33.1882 2.8
    endloop
  endfacet
  facet normal 0 0 1
    outer loop
      vertex 28.633 -15.3714 2.8
      vertex 29.5334 -33.7002 2.8
      vertex 29.5334 -15.7972 2.8
    endloop
  endfacet
  facet normal 0 0 1
    outer loop
      vertex 28.633 -15.3714 2.8
      vertex 28.633 -34.1261 2.8
      vertex 29.5334 -33.7002 2.8
    endloop
  endfacet
  facet normal 0 0 1
    outer loop
      vertex 27.6951 -15.0358 2.8
      vertex 28.633 -34.1261 2.8
      vertex 28.633 -15.3714 2.8
    endloop
  endfacet
  facet normal 0 0 1
    outer loop
      vertex 27.6951 -15.0358 2.8
      vertex 27.6951 -34.4617 2.8
      vertex 28.633 -34.1261 2.8
    endloop
  endfacet
  facet normal 0 0 1
    outer loop
      vertex 26.7289 -14.7938 2.8
      vertex 27.6951 -34.4617 2.8
      vertex 27.6951 -15.0358 2.8
    endloop
  endfacet
  facet normal 0 0 1
    outer loop
      vertex 26.7289 -14.7938 2.8
      vertex 26.7289 -34.7037 2.8
      vertex 27.6951 -34.4617 2.8
    endloop
  endfacet
  facet normal 0 0 1
    outer loop
      vertex 25.7436 -14.6476 2.8
      vertex 26.7289 -34.7037 2.8
      vertex 26.7289 -14.7938 2.8
    endloop
  endfacet
  facet normal 0 0 1
    outer loop
      vertex 25.7436 -14.6476 2.8
      vertex 25.7436 -34.8499 2.8
      vertex 26.7289 -34.7037 2.8
    endloop
  endfacet
  facet normal 0 0 1
    outer loop
      vertex 24.7487 -14.5987 2.8
      vertex 25.7436 -34.8499 2.8
      vertex 25.7436 -14.6476 2.8
    endloop
  endfacet
  facet normal 0 0 1
    outer loop
      vertex 24.7487 -14.5987 2.8
      vertex 24.7487 -34.8987 2.8
      vertex 25.7436 -34.8499 2.8
    endloop
  endfacet
  facet normal -0 0 1
    outer loop
      vertex 23.7539 -14.6476 2.8
      vertex 24.7487 -34.8987 2.8
      vertex 24.7487 -14.5987 2.8
    endloop
  endfacet
  facet normal 0 0 1
    outer loop
      vertex 23.7539 -14.6476 2.8
      vertex 23.7539 -34.8499 2.8
      vertex 24.7487 -34.8987 2.8
    endloop
  endfacet
  facet normal -0 0 1
    outer loop
      vertex 22.7686 -14.7938 2.8
      vertex 23.7539 -34.8499 2.8
      vertex 23.7539 -14.6476 2.8
    endloop
  endfacet
  facet normal 0 0 1
    outer loop
      vertex 22.7686 -14.7938 2.8
      vertex 22.7686 -34.7037 2.8
      vertex 23.7539 -34.8499 2.8
    endloop
  endfacet
  facet normal -0 0 1
    outer loop
      vertex 21.8023 -15.0358 2.8
      vertex 22.7686 -34.7037 2.8
      vertex 22.7686 -14.7938 2.8
    endloop
  endfacet
  facet normal 0 0 1
    outer loop
      vertex 21.8023 -15.0358 2.8
      vertex 21.8023 -34.4617 2.8
      vertex 22.7686 -34.7037 2.8
    endloop
  endfacet
  facet normal -0 0 1
    outer loop
      vertex 20.8645 -15.3714 2.8
      vertex 21.8023 -34.4617 2.8
      vertex 21.8023 -15.0358 2.8
    endloop
  endfacet
  facet normal 0 0 1
    outer loop
      vertex 20.8645 -15.3714 2.8
      vertex 20.8645 -34.1261 2.8
      vertex 21.8023 -34.4617 2.8
    endloop
  endfacet
  facet normal -0 0 1
    outer loop
      vertex 19.9641 -15.7972 2.8
      vertex 20.8645 -34.1261 2.8
      vertex 20.8645 -15.3714 2.8
    endloop
  endfacet
  facet normal 0 0 1
    outer loop
      vertex 19.9641 -15.7972 2.8
      vertex 19.9641 -33.7002 2.8
      vertex 20.8645 -34.1261 2.8
    endloop
  endfacet
  facet normal -0 0 1
    outer loop
      vertex 19.1097 -16.3093 2.8
      vertex 19.9641 -33.7002 2.8
      vertex 19.9641 -15.7972 2.8
    endloop
  endfacet
  facet normal 0 0 1
    outer loop
      vertex 19.1097 -16.3093 2.8
      vertex 19.1097 -33.1882 2.8
      vertex 19.9641 -33.7002 2.8
    endloop
  endfacet
  facet normal -0 0 1
    outer loop
      vertex 18.3096 -16.9027 2.8
      vertex 19.1097 -33.1882 2.8
      vertex 19.1097 -16.3093 2.8
    endloop
  endfacet
  facet normal 0 0 1
    outer loop
      vertex 18.3096 -16.9027 2.8
      vertex 18.3096 -32.5948 2.8
      vertex 19.1097 -33.1882 2.8
    endloop
  endfacet
  facet normal -0 0 1
    outer loop
      vertex 17.5716 -17.5716 2.8
      vertex 18.3096 -32.5948 2.8
      vertex 18.3096 -16.9027 2.8
    endloop
  endfacet
  facet normal 0 0 1
    outer loop
      vertex 17.5716 -17.5716 2.8
      vertex 17.5716 -31.9259 2.8
      vertex 18.3096 -32.5948 2.8
    endloop
  endfacet
  facet normal -0 0 1
    outer loop
      vertex 16.9027 -18.3096 2.8
      vertex 17.5716 -31.9259 2.8
      vertex 17.5716 -17.5716 2.8
    endloop
  endfacet
  facet normal 0 0 1
    outer loop
      vertex 16.9027 -18.3096 2.8
      vertex 16.9027 -31.1878 2.8
      vertex 17.5716 -31.9259 2.8
    endloop
  endfacet
  facet normal -0 0 1
    outer loop
      vertex 16.3093 -19.1097 2.8
      vertex 16.9027 -31.1878 2.8
      vertex 16.9027 -18.3096 2.8
    endloop
  endfacet
  facet normal 0 0 1
    outer loop
      vertex 16.3093 -19.1097 2.8
      vertex 16.3093 -30.3878 2.8
      vertex 16.9027 -31.1878 2.8
    endloop
  endfacet
  facet normal -0 0 1
    outer loop
      vertex 15.7972 -19.9641 2.8
      vertex 16.3093 -30.3878 2.8
      vertex 16.3093 -19.1097 2.8
    endloop
  endfacet
  facet normal 0 0 1
    outer loop
      vertex 15.7972 -19.9641 2.8
      vertex 15.7972 -29.5334 2.8
      vertex 16.3093 -30.3878 2.8
    endloop
  endfacet
  facet normal -0 0 1
    outer loop
      vertex 15.3714 -20.8645 2.8
      vertex 15.7972 -29.5334 2.8
      vertex 15.7972 -19.9641 2.8
    endloop
  endfacet
  facet normal 0 0 1
    outer loop
      vertex 15.3714 -20.8645 2.8
      vertex 15.3714 -28.633 2.8
      vertex 15.7972 -29.5334 2.8
    endloop
  endfacet
  facet normal -0 0 1
    outer loop
      vertex 15.0358 -21.8023 2.8
      vertex 15.3714 -28.633 2.8
      vertex 15.3714 -20.8645 2.8
    endloop
  endfacet
  facet normal 0 0 1
    outer loop
      vertex 15.0358 -21.8023 2.8
      vertex 15.0358 -27.6951 2.8
      vertex 15.3714 -28.633 2.8
    endloop
  endfacet
  facet normal -0 0 1
    outer loop
      vertex 14.7938 -22.7686 2.8
      vertex 15.0358 -27.6951 2.8
      vertex 15.0358 -21.8023 2.8
    endloop
  endfacet
  facet normal 0 0 1
    outer loop
      vertex 14.7938 -22.7686 2.8
      vertex 14.7938 -26.7289 2.8
      vertex 15.0358 -27.6951 2.8
    endloop
  endfacet
  facet normal -0 0 1
    outer loop
      vertex 14.6476 -23.7539 2.8
      vertex 14.7938 -26.7289 2.8
      vertex 14.7938 -22.7686 2.8
    endloop
  endfacet
  facet normal 0 0 1
    outer loop
      vertex 14.6476 -23.7539 2.8
      vertex 14.6476 -25.7436 2.8
      vertex 14.7938 -26.7289 2.8
    endloop
  endfacet
  facet normal 0 -0 1
    outer loop
      vertex 14.6476 -25.7436 2.8
      vertex 14.6476 -23.7539 2.8
      vertex 14.5987 -24.7487 2.8
    endloop
  endfacet
  facet normal -0.707107 -0.707107 0
    outer loop
      vertex 27.2943 26.4458 0
      vertex 26.4458 27.2943 0.249999
      vertex 26.4458 27.2943 0
    endloop
  endfacet
  facet normal -0.707107 -0.707107 0
    outer loop
      vertex 26.4458 27.2943 0.249999
      vertex 27.2943 26.4458 0
      vertex 27.2943 26.4458 0.249999
    endloop
  endfacet
  facet normal 0 0 -1
    outer loop
      vertex 26.4458 22.2032 0.249999
      vertex 25.5973 24.7487 0.249999
      vertex 27.2943 23.0517 0.249999
    endloop
  endfacet
  facet normal 0 -0 -1
    outer loop
      vertex 25.5973 24.7487 0.249999
      vertex 26.4458 22.2032 0.249999
      vertex 24.7487 23.9002 0.249999
    endloop
  endfacet
  facet normal 0 0 -1
    outer loop
      vertex 25.5973 24.7487 0.249999
      vertex 26.4458 27.2943 0.249999
      vertex 27.2943 26.4458 0.249999
    endloop
  endfacet
  facet normal 0 0 -1
    outer loop
      vertex 24.7487 25.5973 0.249999
      vertex 25.5973 24.7487 0.249999
      vertex 24.7487 23.9002 0.249999
    endloop
  endfacet
  facet normal 0 0 -1
    outer loop
      vertex 25.5973 24.7487 0.249999
      vertex 24.7487 25.5973 0.249999
      vertex 26.4458 27.2943 0.249999
    endloop
  endfacet
  facet normal 0 0 -1
    outer loop
      vertex 24.7487 23.9002 0.249999
      vertex 23.9002 24.7487 0.249999
      vertex 24.7487 25.5973 0.249999
    endloop
  endfacet
  facet normal 0 0 -1
    outer loop
      vertex 23.0517 22.2032 0.249999
      vertex 23.9002 24.7487 0.249999
      vertex 24.7487 23.9002 0.249999
    endloop
  endfacet
  facet normal 0 0 -1
    outer loop
      vertex 23.9002 24.7487 0.249999
      vertex 23.0517 22.2032 0.249999
      vertex 22.2032 23.0517 0.249999
    endloop
  endfacet
  facet normal 0 0 -1
    outer loop
      vertex 23.9002 24.7487 0.249999
      vertex 23.0517 27.2943 0.249999
      vertex 24.7487 25.5973 0.249999
    endloop
  endfacet
  facet normal 0 -0 -1
    outer loop
      vertex 23.0517 27.2943 0.249999
      vertex 23.9002 24.7487 0.249999
      vertex 22.2032 26.4458 0.249999
    endloop
  endfacet
  facet normal 0.707107 0.707107 0
    outer loop
      vertex 23.0517 22.2032 0.249999
      vertex 22.2032 23.0517 0
      vertex 22.2032 23.0517 0.249999
    endloop
  endfacet
  facet normal 0.707107 0.707107 0
    outer loop
      vertex 22.2032 23.0517 0
      vertex 23.0517 22.2032 0.249999
      vertex 23.0517 22.2032 0
    endloop
  endfacet
  facet normal 0.707107 -0.707107 0
    outer loop
      vertex 22.2032 23.0517 0.249999
      vertex 23.9002 24.7487 0
      vertex 23.9002 24.7487 0.249999
    endloop
  endfacet
  facet normal 0.707107 -0.707107 0
    outer loop
      vertex 23.9002 24.7487 0
      vertex 22.2032 23.0517 0.249999
      vertex 22.2032 23.0517 0
    endloop
  endfacet
  facet normal 0.707086 -0.707128 0
    outer loop
      vertex 24.7487 25.5973 0.249999
      vertex 26.4458 27.2943 0
      vertex 26.4458 27.2943 0.249999
    endloop
  endfacet
  facet normal 0.707086 -0.707128 0
    outer loop
      vertex 26.4458 27.2943 0
      vertex 24.7487 25.5973 0.249999
      vertex 24.7487 25.5973 0
    endloop
  endfacet
  facet normal -0.707107 0.707107 0
    outer loop
      vertex 23.0517 22.2032 0
      vertex 24.7487 23.9002 0.249999
      vertex 24.7487 23.9002 0
    endloop
  endfacet
  facet normal -0.707107 0.707107 0
    outer loop
      vertex 24.7487 23.9002 0.249999
      vertex 23.0517 22.2032 0
      vertex 23.0517 22.2032 0.249999
    endloop
  endfacet
  facet normal -0.707128 0.707086 0
    outer loop
      vertex 25.5973 24.7487 0
      vertex 27.2943 26.4458 0.249999
      vertex 27.2943 26.4458 0
    endloop
  endfacet
  facet normal -0.707128 0.707086 0
    outer loop
      vertex 27.2943 26.4458 0.249999
      vertex 25.5973 24.7487 0
      vertex 25.5973 24.7487 0.249999
    endloop
  endfacet
  facet normal -0.707107 -0.707107 0
    outer loop
      vertex 24.7487 25.5973 0
      vertex 23.0517 27.2943 0.249999
      vertex 23.0517 27.2943 0
    endloop
  endfacet
  facet normal -0.707107 -0.707107 0
    outer loop
      vertex 23.0517 27.2943 0.249999
      vertex 24.7487 25.5973 0
      vertex 24.7487 25.5973 0.249999
    endloop
  endfacet
  facet normal -0.707107 -0.707107 0
    outer loop
      vertex 27.2943 23.0517 0
      vertex 25.5973 24.7487 0.249999
      vertex 25.5973 24.7487 0
    endloop
  endfacet
  facet normal -0.707107 -0.707107 0
    outer loop
      vertex 25.5973 24.7487 0.249999
      vertex 27.2943 23.0517 0
      vertex 27.2943 23.0517 0.249999
    endloop
  endfacet
  facet normal 0.707128 0.707086 0
    outer loop
      vertex 23.9002 24.7487 0.249999
      vertex 22.2032 26.4458 0
      vertex 22.2032 26.4458 0.249999
    endloop
  endfacet
  facet normal 0.707128 0.707086 0
    outer loop
      vertex 22.2032 26.4458 0
      vertex 23.9002 24.7487 0.249999
      vertex 23.9002 24.7487 0
    endloop
  endfacet
  facet normal 0.707086 0.707128 0
    outer loop
      vertex 26.4458 22.2032 0.249999
      vertex 24.7487 23.9002 0
      vertex 24.7487 23.9002 0.249999
    endloop
  endfacet
  facet normal 0.707086 0.707128 0
    outer loop
      vertex 24.7487 23.9002 0
      vertex 26.4458 22.2032 0.249999
      vertex 26.4458 22.2032 0
    endloop
  endfacet
  facet normal 0.707107 -0.707107 0
    outer loop
      vertex 22.2032 26.4458 0.249999
      vertex 23.0517 27.2943 0
      vertex 23.0517 27.2943 0.249999
    endloop
  endfacet
  facet normal 0.707107 -0.707107 0
    outer loop
      vertex 23.0517 27.2943 0
      vertex 22.2032 26.4458 0.249999
      vertex 22.2032 26.4458 0
    endloop
  endfacet
  facet normal -0.707107 0.707107 0
    outer loop
      vertex 26.4458 22.2032 0
      vertex 27.2943 23.0517 0.249999
      vertex 27.2943 23.0517 0
    endloop
  endfacet
  facet normal -0.707107 0.707107 0
    outer loop
      vertex 27.2943 23.0517 0.249999
      vertex 26.4458 22.2032 0
      vertex 26.4458 22.2032 0.249999
    endloop
  endfacet
  facet normal 0.707107 -0.707107 0
    outer loop
      vertex -27.2943 26.4458 0.249999
      vertex -26.4458 27.2943 0
      vertex -26.4458 27.2943 0.249999
    endloop
  endfacet
  facet normal 0.707107 -0.707107 0
    outer loop
      vertex -26.4458 27.2943 0
      vertex -27.2943 26.4458 0.249999
      vertex -27.2943 26.4458 0
    endloop
  endfacet
  facet normal 0 0 -1
    outer loop
      vertex -23.0517 22.2032 0.249999
      vertex -23.9002 24.7487 0.249999
      vertex -22.2032 23.0517 0.249999
    endloop
  endfacet
  facet normal 0 -0 -1
    outer loop
      vertex -23.9002 24.7487 0.249999
      vertex -23.0517 22.2032 0.249999
      vertex -24.7487 23.9002 0.249999
    endloop
  endfacet
  facet normal 0 0 -1
    outer loop
      vertex -23.9002 24.7487 0.249999
      vertex -23.0517 27.2943 0.249999
      vertex -22.2032 26.4458 0.249999
    endloop
  endfacet
  facet normal 0 0 -1
    outer loop
      vertex -24.7487 25.5973 0.249999
      vertex -23.9002 24.7487 0.249999
      vertex -24.7487 23.9002 0.249999
    endloop
  endfacet
  facet normal 0 0 -1
    outer loop
      vertex -23.9002 24.7487 0.249999
      vertex -24.7487 25.5973 0.249999
      vertex -23.0517 27.2943 0.249999
    endloop
  endfacet
  facet normal 0 0 -1
    outer loop
      vertex -24.7487 23.9002 0.249999
      vertex -25.5973 24.7487 0.249999
      vertex -24.7487 25.5973 0.249999
    endloop
  endfacet
  facet normal 0 0 -1
    outer loop
      vertex -26.4458 22.2032 0.249999
      vertex -25.5973 24.7487 0.249999
      vertex -24.7487 23.9002 0.249999
    endloop
  endfacet
  facet normal 0 0 -1
    outer loop
      vertex -25.5973 24.7487 0.249999
      vertex -26.4458 22.2032 0.249999
      vertex -27.2943 23.0517 0.249999
    endloop
  endfacet
  facet normal 0 0 -1
    outer loop
      vertex -25.5973 24.7487 0.249999
      vertex -26.4458 27.2943 0.249999
      vertex -24.7487 25.5973 0.249999
    endloop
  endfacet
  facet normal 0 -0 -1
    outer loop
      vertex -26.4458 27.2943 0.249999
      vertex -25.5973 24.7487 0.249999
      vertex -27.2943 26.4458 0.249999
    endloop
  endfacet
  facet normal -0.707107 0.707107 0
    outer loop
      vertex -23.0517 22.2032 0
      vertex -22.2032 23.0517 0.249999
      vertex -22.2032 23.0517 0
    endloop
  endfacet
  facet normal -0.707107 0.707107 0
    outer loop
      vertex -22.2032 23.0517 0.249999
      vertex -23.0517 22.2032 0
      vertex -23.0517 22.2032 0.249999
    endloop
  endfacet
  facet normal 0.707107 0.707107 0
    outer loop
      vertex -23.0517 22.2032 0.249999
      vertex -24.7487 23.9002 0
      vertex -24.7487 23.9002 0.249999
    endloop
  endfacet
  facet normal 0.707107 0.707107 0
    outer loop
      vertex -24.7487 23.9002 0
      vertex -23.0517 22.2032 0.249999
      vertex -23.0517 22.2032 0
    endloop
  endfacet
  facet normal 0.707128 0.707086 0
    outer loop
      vertex -25.5973 24.7487 0.249999
      vertex -27.2943 26.4458 0
      vertex -27.2943 26.4458 0.249999
    endloop
  endfacet
  facet normal 0.707128 0.707086 0
    outer loop
      vertex -27.2943 26.4458 0
      vertex -25.5973 24.7487 0.249999
      vertex -25.5973 24.7487 0
    endloop
  endfacet
  facet normal -0.707107 -0.707107 0
    outer loop
      vertex -22.2032 23.0517 0
      vertex -23.9002 24.7487 0.249999
      vertex -23.9002 24.7487 0
    endloop
  endfacet
  facet normal -0.707107 -0.707107 0
    outer loop
      vertex -23.9002 24.7487 0.249999
      vertex -22.2032 23.0517 0
      vertex -22.2032 23.0517 0.249999
    endloop
  endfacet
  facet normal -0.707086 -0.707128 0
    outer loop
      vertex -24.7487 25.5973 0
      vertex -26.4458 27.2943 0.249999
      vertex -26.4458 27.2943 0
    endloop
  endfacet
  facet normal -0.707086 -0.707128 0
    outer loop
      vertex -26.4458 27.2943 0.249999
      vertex -24.7487 25.5973 0
      vertex -24.7487 25.5973 0.249999
    endloop
  endfacet
  facet normal 0.707107 -0.707107 0
    outer loop
      vertex -27.2943 23.0517 0.249999
      vertex -25.5973 24.7487 0
      vertex -25.5973 24.7487 0.249999
    endloop
  endfacet
  facet normal 0.707107 -0.707107 0
    outer loop
      vertex -25.5973 24.7487 0
      vertex -27.2943 23.0517 0.249999
      vertex -27.2943 23.0517 0
    endloop
  endfacet
  facet normal 0.707107 -0.707107 0
    outer loop
      vertex -24.7487 25.5973 0.249999
      vertex -23.0517 27.2943 0
      vertex -23.0517 27.2943 0.249999
    endloop
  endfacet
  facet normal 0.707107 -0.707107 0
    outer loop
      vertex -23.0517 27.2943 0
      vertex -24.7487 25.5973 0.249999
      vertex -24.7487 25.5973 0
    endloop
  endfacet
  facet normal -0.707086 0.707128 0
    outer loop
      vertex -26.4458 22.2032 0
      vertex -24.7487 23.9002 0.249999
      vertex -24.7487 23.9002 0
    endloop
  endfacet
  facet normal -0.707086 0.707128 0
    outer loop
      vertex -24.7487 23.9002 0.249999
      vertex -26.4458 22.2032 0
      vertex -26.4458 22.2032 0.249999
    endloop
  endfacet
  facet normal -0.707128 0.707086 0
    outer loop
      vertex -23.9002 24.7487 0
      vertex -22.2032 26.4458 0.249999
      vertex -22.2032 26.4458 0
    endloop
  endfacet
  facet normal -0.707128 0.707086 0
    outer loop
      vertex -22.2032 26.4458 0.249999
      vertex -23.9002 24.7487 0
      vertex -23.9002 24.7487 0.249999
    endloop
  endfacet
  facet normal 0.707107 0.707107 0
    outer loop
      vertex -26.4458 22.2032 0.249999
      vertex -27.2943 23.0517 0
      vertex -27.2943 23.0517 0.249999
    endloop
  endfacet
  facet normal 0.707107 0.707107 0
    outer loop
      vertex -27.2943 23.0517 0
      vertex -26.4458 22.2032 0.249999
      vertex -26.4458 22.2032 0
    endloop
  endfacet
  facet normal -0.707107 -0.707107 0
    outer loop
      vertex -22.2032 26.4458 0
      vertex -23.0517 27.2943 0.249999
      vertex -23.0517 27.2943 0
    endloop
  endfacet
  facet normal -0.707107 -0.707107 0
    outer loop
      vertex -23.0517 27.2943 0.249999
      vertex -22.2032 26.4458 0
      vertex -22.2032 26.4458 0.249999
    endloop
  endfacet
  facet normal 0.707107 0.707107 0
    outer loop
      vertex -26.4458 -27.2943 0.249999
      vertex -27.2943 -26.4458 0
      vertex -27.2943 -26.4458 0.249999
    endloop
  endfacet
  facet normal 0.707107 0.707107 0
    outer loop
      vertex -27.2943 -26.4458 0
      vertex -26.4458 -27.2943 0.249999
      vertex -26.4458 -27.2943 0
    endloop
  endfacet
  facet normal 0 0 -1
    outer loop
      vertex -23.0517 -27.2943 0.249999
      vertex -23.9002 -24.7487 0.249999
      vertex -22.2032 -26.4458 0.249999
    endloop
  endfacet
  facet normal 0 -0 -1
    outer loop
      vertex -23.9002 -24.7487 0.249999
      vertex -23.0517 -27.2943 0.249999
      vertex -24.7487 -25.5973 0.249999
    endloop
  endfacet
  facet normal 0 0 -1
    outer loop
      vertex -23.9002 -24.7487 0.249999
      vertex -23.0517 -22.2032 0.249999
      vertex -22.2032 -23.0517 0.249999
    endloop
  endfacet
  facet normal 0 0 -1
    outer loop
      vertex -24.7487 -23.9002 0.249999
      vertex -23.9002 -24.7487 0.249999
      vertex -24.7487 -25.5973 0.249999
    endloop
  endfacet
  facet normal 0 0 -1
    outer loop
      vertex -23.9002 -24.7487 0.249999
      vertex -24.7487 -23.9002 0.249999
      vertex -23.0517 -22.2032 0.249999
    endloop
  endfacet
  facet normal 0 0 -1
    outer loop
      vertex -24.7487 -25.5973 0.249999
      vertex -25.5973 -24.7487 0.249999
      vertex -24.7487 -23.9002 0.249999
    endloop
  endfacet
  facet normal 0 0 -1
    outer loop
      vertex -26.4458 -27.2943 0.249999
      vertex -25.5973 -24.7487 0.249999
      vertex -24.7487 -25.5973 0.249999
    endloop
  endfacet
  facet normal 0 0 -1
    outer loop
      vertex -25.5973 -24.7487 0.249999
      vertex -26.4458 -27.2943 0.249999
      vertex -27.2943 -26.4458 0.249999
    endloop
  endfacet
  facet normal 0 0 -1
    outer loop
      vertex -25.5973 -24.7487 0.249999
      vertex -26.4458 -22.2032 0.249999
      vertex -24.7487 -23.9002 0.249999
    endloop
  endfacet
  facet normal 0 -0 -1
    outer loop
      vertex -26.4458 -22.2032 0.249999
      vertex -25.5973 -24.7487 0.249999
      vertex -27.2943 -23.0517 0.249999
    endloop
  endfacet
  facet normal -0.707107 -0.707107 0
    outer loop
      vertex -22.2032 -23.0517 0
      vertex -23.0517 -22.2032 0.249999
      vertex -23.0517 -22.2032 0
    endloop
  endfacet
  facet normal -0.707107 -0.707107 0
    outer loop
      vertex -23.0517 -22.2032 0.249999
      vertex -22.2032 -23.0517 0
      vertex -22.2032 -23.0517 0.249999
    endloop
  endfacet
  facet normal -0.707107 0.707107 0
    outer loop
      vertex -23.9002 -24.7487 0
      vertex -22.2032 -23.0517 0.249999
      vertex -22.2032 -23.0517 0
    endloop
  endfacet
  facet normal -0.707107 0.707107 0
    outer loop
      vertex -22.2032 -23.0517 0.249999
      vertex -23.9002 -24.7487 0
      vertex -23.9002 -24.7487 0.249999
    endloop
  endfacet
  facet normal -0.707086 0.707128 0
    outer loop
      vertex -26.4458 -27.2943 0
      vertex -24.7487 -25.5973 0.249999
      vertex -24.7487 -25.5973 0
    endloop
  endfacet
  facet normal -0.707086 0.707128 0
    outer loop
      vertex -24.7487 -25.5973 0.249999
      vertex -26.4458 -27.2943 0
      vertex -26.4458 -27.2943 0.249999
    endloop
  endfacet
  facet normal 0.707107 -0.707107 0
    outer loop
      vertex -24.7487 -23.9002 0.249999
      vertex -23.0517 -22.2032 0
      vertex -23.0517 -22.2032 0.249999
    endloop
  endfacet
  facet normal 0.707107 -0.707107 0
    outer loop
      vertex -23.0517 -22.2032 0
      vertex -24.7487 -23.9002 0.249999
      vertex -24.7487 -23.9002 0
    endloop
  endfacet
  facet normal 0.707128 -0.707086 0
    outer loop
      vertex -27.2943 -26.4458 0.249999
      vertex -25.5973 -24.7487 0
      vertex -25.5973 -24.7487 0.249999
    endloop
  endfacet
  facet normal 0.707128 -0.707086 0
    outer loop
      vertex -25.5973 -24.7487 0
      vertex -27.2943 -26.4458 0.249999
      vertex -27.2943 -26.4458 0
    endloop
  endfacet
  facet normal 0.707107 0.707107 0
    outer loop
      vertex -23.0517 -27.2943 0.249999
      vertex -24.7487 -25.5973 0
      vertex -24.7487 -25.5973 0.249999
    endloop
  endfacet
  facet normal 0.707107 0.707107 0
    outer loop
      vertex -24.7487 -25.5973 0
      vertex -23.0517 -27.2943 0.249999
      vertex -23.0517 -27.2943 0
    endloop
  endfacet
  facet normal 0.707107 0.707107 0
    outer loop
      vertex -25.5973 -24.7487 0.249999
      vertex -27.2943 -23.0517 0
      vertex -27.2943 -23.0517 0.249999
    endloop
  endfacet
  facet normal 0.707107 0.707107 0
    outer loop
      vertex -27.2943 -23.0517 0
      vertex -25.5973 -24.7487 0.249999
      vertex -25.5973 -24.7487 0
    endloop
  endfacet
  facet normal -0.707128 -0.707086 0
    outer loop
      vertex -22.2032 -26.4458 0
      vertex -23.9002 -24.7487 0.249999
      vertex -23.9002 -24.7487 0
    endloop
  endfacet
  facet normal -0.707128 -0.707086 0
    outer loop
      vertex -23.9002 -24.7487 0.249999
      vertex -22.2032 -26.4458 0
      vertex -22.2032 -26.4458 0.249999
    endloop
  endfacet
  facet normal -0.707086 -0.707128 0
    outer loop
      vertex -24.7487 -23.9002 0
      vertex -26.4458 -22.2032 0.249999
      vertex -26.4458 -22.2032 0
    endloop
  endfacet
  facet normal -0.707086 -0.707128 0
    outer loop
      vertex -26.4458 -22.2032 0.249999
      vertex -24.7487 -23.9002 0
      vertex -24.7487 -23.9002 0.249999
    endloop
  endfacet
  facet normal -0.707107 0.707107 0
    outer loop
      vertex -23.0517 -27.2943 0
      vertex -22.2032 -26.4458 0.249999
      vertex -22.2032 -26.4458 0
    endloop
  endfacet
  facet normal -0.707107 0.707107 0
    outer loop
      vertex -22.2032 -26.4458 0.249999
      vertex -23.0517 -27.2943 0
      vertex -23.0517 -27.2943 0.249999
    endloop
  endfacet
  facet normal 0.707107 -0.707107 0
    outer loop
      vertex -27.2943 -23.0517 0.249999
      vertex -26.4458 -22.2032 0
      vertex -26.4458 -22.2032 0.249999
    endloop
  endfacet
  facet normal 0.707107 -0.707107 0
    outer loop
      vertex -26.4458 -22.2032 0
      vertex -27.2943 -23.0517 0.249999
      vertex -27.2943 -23.0517 0
    endloop
  endfacet
  facet normal -0.707107 0.707107 0
    outer loop
      vertex 26.4458 -27.2943 0
      vertex 27.2943 -26.4458 0.249999
      vertex 27.2943 -26.4458 0
    endloop
  endfacet
  facet normal -0.707107 0.707107 0
    outer loop
      vertex 27.2943 -26.4458 0.249999
      vertex 26.4458 -27.2943 0
      vertex 26.4458 -27.2943 0.249999
    endloop
  endfacet
  facet normal 0 0 -1
    outer loop
      vertex 26.4458 -27.2943 0.249999
      vertex 25.5973 -24.7487 0.249999
      vertex 27.2943 -26.4458 0.249999
    endloop
  endfacet
  facet normal 0 -0 -1
    outer loop
      vertex 25.5973 -24.7487 0.249999
      vertex 26.4458 -27.2943 0.249999
      vertex 24.7487 -25.5973 0.249999
    endloop
  endfacet
  facet normal 0 0 -1
    outer loop
      vertex 25.5973 -24.7487 0.249999
      vertex 26.4458 -22.2032 0.249999
      vertex 27.2943 -23.0517 0.249999
    endloop
  endfacet
  facet normal 0 0 -1
    outer loop
      vertex 24.7487 -23.9002 0.249999
      vertex 25.5973 -24.7487 0.249999
      vertex 24.7487 -25.5973 0.249999
    endloop
  endfacet
  facet normal 0 0 -1
    outer loop
      vertex 25.5973 -24.7487 0.249999
      vertex 24.7487 -23.9002 0.249999
      vertex 26.4458 -22.2032 0.249999
    endloop
  endfacet
  facet normal 0 0 -1
    outer loop
      vertex 24.7487 -25.5973 0.249999
      vertex 23.9002 -24.7487 0.249999
      vertex 24.7487 -23.9002 0.249999
    endloop
  endfacet
  facet normal 0 0 -1
    outer loop
      vertex 23.0517 -27.2943 0.249999
      vertex 23.9002 -24.7487 0.249999
      vertex 24.7487 -25.5973 0.249999
    endloop
  endfacet
  facet normal 0 0 -1
    outer loop
      vertex 23.9002 -24.7487 0.249999
      vertex 23.0517 -27.2943 0.249999
      vertex 22.2032 -26.4458 0.249999
    endloop
  endfacet
  facet normal 0 0 -1
    outer loop
      vertex 23.9002 -24.7487 0.249999
      vertex 23.0517 -22.2032 0.249999
      vertex 24.7487 -23.9002 0.249999
    endloop
  endfacet
  facet normal 0 -0 -1
    outer loop
      vertex 23.0517 -22.2032 0.249999
      vertex 23.9002 -24.7487 0.249999
      vertex 22.2032 -23.0517 0.249999
    endloop
  endfacet
  facet normal 0.707107 -0.707107 0
    outer loop
      vertex 22.2032 -23.0517 0.249999
      vertex 23.0517 -22.2032 0
      vertex 23.0517 -22.2032 0.249999
    endloop
  endfacet
  facet normal 0.707107 -0.707107 0
    outer loop
      vertex 23.0517 -22.2032 0
      vertex 22.2032 -23.0517 0.249999
      vertex 22.2032 -23.0517 0
    endloop
  endfacet
  facet normal -0.707107 -0.707107 0
    outer loop
      vertex 24.7487 -23.9002 0
      vertex 23.0517 -22.2032 0.249999
      vertex 23.0517 -22.2032 0
    endloop
  endfacet
  facet normal -0.707107 -0.707107 0
    outer loop
      vertex 23.0517 -22.2032 0.249999
      vertex 24.7487 -23.9002 0
      vertex 24.7487 -23.9002 0.249999
    endloop
  endfacet
  facet normal -0.707128 -0.707086 0
    outer loop
      vertex 27.2943 -26.4458 0
      vertex 25.5973 -24.7487 0.249999
      vertex 25.5973 -24.7487 0
    endloop
  endfacet
  facet normal -0.707128 -0.707086 0
    outer loop
      vertex 25.5973 -24.7487 0.249999
      vertex 27.2943 -26.4458 0
      vertex 27.2943 -26.4458 0.249999
    endloop
  endfacet
  facet normal 0.707107 0.707107 0
    outer loop
      vertex 23.9002 -24.7487 0.249999
      vertex 22.2032 -23.0517 0
      vertex 22.2032 -23.0517 0.249999
    endloop
  endfacet
  facet normal 0.707107 0.707107 0
    outer loop
      vertex 22.2032 -23.0517 0
      vertex 23.9002 -24.7487 0.249999
      vertex 23.9002 -24.7487 0
    endloop
  endfacet
  facet normal 0.707086 0.707128 0
    outer loop
      vertex 26.4458 -27.2943 0.249999
      vertex 24.7487 -25.5973 0
      vertex 24.7487 -25.5973 0.249999
    endloop
  endfacet
  facet normal 0.707086 0.707128 0
    outer loop
      vertex 24.7487 -25.5973 0
      vertex 26.4458 -27.2943 0.249999
      vertex 26.4458 -27.2943 0
    endloop
  endfacet
  facet normal -0.707107 0.707107 0
    outer loop
      vertex 25.5973 -24.7487 0
      vertex 27.2943 -23.0517 0.249999
      vertex 27.2943 -23.0517 0
    endloop
  endfacet
  facet normal -0.707107 0.707107 0
    outer loop
      vertex 27.2943 -23.0517 0.249999
      vertex 25.5973 -24.7487 0
      vertex 25.5973 -24.7487 0.249999
    endloop
  endfacet
  facet normal -0.707107 0.707107 0
    outer loop
      vertex 23.0517 -27.2943 0
      vertex 24.7487 -25.5973 0.249999
      vertex 24.7487 -25.5973 0
    endloop
  endfacet
  facet normal -0.707107 0.707107 0
    outer loop
      vertex 24.7487 -25.5973 0.249999
      vertex 23.0517 -27.2943 0
      vertex 23.0517 -27.2943 0.249999
    endloop
  endfacet
  facet normal 0.707086 -0.707128 0
    outer loop
      vertex 24.7487 -23.9002 0.249999
      vertex 26.4458 -22.2032 0
      vertex 26.4458 -22.2032 0.249999
    endloop
  endfacet
  facet normal 0.707086 -0.707128 0
    outer loop
      vertex 26.4458 -22.2032 0
      vertex 24.7487 -23.9002 0.249999
      vertex 24.7487 -23.9002 0
    endloop
  endfacet
  facet normal 0.707128 -0.707086 0
    outer loop
      vertex 22.2032 -26.4458 0.249999
      vertex 23.9002 -24.7487 0
      vertex 23.9002 -24.7487 0.249999
    endloop
  endfacet
  facet normal 0.707128 -0.707086 0
    outer loop
      vertex 23.9002 -24.7487 0
      vertex 22.2032 -26.4458 0.249999
      vertex 22.2032 -26.4458 0
    endloop
  endfacet
  facet normal -0.707107 -0.707107 0
    outer loop
      vertex 27.2943 -23.0517 0
      vertex 26.4458 -22.2032 0.249999
      vertex 26.4458 -22.2032 0
    endloop
  endfacet
  facet normal -0.707107 -0.707107 0
    outer loop
      vertex 26.4458 -22.2032 0.249999
      vertex 27.2943 -23.0517 0
      vertex 27.2943 -23.0517 0.249999
    endloop
  endfacet
  facet normal 0.707107 0.707107 0
    outer loop
      vertex 23.0517 -27.2943 0.249999
      vertex 22.2032 -26.4458 0
      vertex 22.2032 -26.4458 0.249999
    endloop
  endfacet
  facet normal 0.707107 0.707107 0
    outer loop
      vertex 22.2032 -26.4458 0
      vertex 23.0517 -27.2943 0.249999
      vertex 23.0517 -27.2943 0
    endloop
  endfacet
  facet normal -1 0 0
    outer loop
      vertex 38 -0.599999 0
      vertex 38 0.599999 0.25
      vertex 38 0.599999 0
    endloop
  endfacet
  facet normal -1 -0 0
    outer loop
      vertex 38 0.599999 0.25
      vertex 38 -0.599999 0
      vertex 38 -0.599999 0.25
    endloop
  endfacet
  facet normal 0 0 -1
    outer loop
      vertex 32 -0.599999 0.25
      vertex 38 0.599999 0.25
      vertex 38 -0.599999 0.25
    endloop
  endfacet
  facet normal -0 0 -1
    outer loop
      vertex 38 0.599999 0.25
      vertex 32 -0.599999 0.25
      vertex 32 0.599999 0.25
    endloop
  endfacet
  facet normal 1 -0 0
    outer loop
      vertex 32 -0.599999 0.25
      vertex 32 0.599999 0
      vertex 32 0.599999 0.25
    endloop
  endfacet
  facet normal 1 0 0
    outer loop
      vertex 32 0.599999 0
      vertex 32 -0.599999 0.25
      vertex 32 -0.599999 0
    endloop
  endfacet
  facet normal 0 -1 0
    outer loop
      vertex 32 0.599999 0
      vertex 38 0.599999 0.25
      vertex 32 0.599999 0.25
    endloop
  endfacet
  facet normal 0 -1 -0
    outer loop
      vertex 38 0.599999 0.25
      vertex 32 0.599999 0
      vertex 38 0.599999 0
    endloop
  endfacet
  facet normal 0 1 -0
    outer loop
      vertex 38 -0.599999 0
      vertex 32 -0.599999 0.25
      vertex 38 -0.599999 0.25
    endloop
  endfacet
  facet normal 0 1 0
    outer loop
      vertex 32 -0.599999 0.25
      vertex 38 -0.599999 0
      vertex 32 -0.599999 0
    endloop
  endfacet
  facet normal 0 0 -1
    outer loop
      vertex -0.599999 32 0.25
      vertex 0.599999 38 0.25
      vertex 0.599999 32 0.25
    endloop
  endfacet
  facet normal -0 0 -1
    outer loop
      vertex 0.599999 38 0.25
      vertex -0.599999 32 0.25
      vertex -0.599999 38 0.25
    endloop
  endfacet
  facet normal 0 1 -0
    outer loop
      vertex 0.599999 32 0
      vertex -0.599999 32 0.25
      vertex 0.599999 32 0.25
    endloop
  endfacet
  facet normal 0 1 0
    outer loop
      vertex -0.599999 32 0.25
      vertex 0.599999 32 0
      vertex -0.599999 32 0
    endloop
  endfacet
  facet normal 1 -0 0
    outer loop
      vertex -0.599999 32 0.25
      vertex -0.599999 38 0
      vertex -0.599999 38 0.25
    endloop
  endfacet
  facet normal 1 0 0
    outer loop
      vertex -0.599999 38 0
      vertex -0.599999 32 0.25
      vertex -0.599999 32 0
    endloop
  endfacet
  facet normal -1 0 0
    outer loop
      vertex 0.599999 32 0
      vertex 0.599999 38 0.25
      vertex 0.599999 38 0
    endloop
  endfacet
  facet normal -1 -0 0
    outer loop
      vertex 0.599999 38 0.25
      vertex 0.599999 32 0
      vertex 0.599999 32 0.25
    endloop
  endfacet
  facet normal 0 -1 0
    outer loop
      vertex -0.599999 38 0
      vertex 0.599999 38 0.25
      vertex -0.599999 38 0.25
    endloop
  endfacet
  facet normal 0 -1 -0
    outer loop
      vertex 0.599999 38 0.25
      vertex -0.599999 38 0
      vertex 0.599999 38 0
    endloop
  endfacet
  facet normal 0 0 -1
    outer loop
      vertex -38 -0.599999 0.25
      vertex -32 0.599999 0.25
      vertex -32 -0.599999 0.25
    endloop
  endfacet
  facet normal -0 0 -1
    outer loop
      vertex -32 0.599999 0.25
      vertex -38 -0.599999 0.25
      vertex -38 0.599999 0.25
    endloop
  endfacet
  facet normal 1 -0 0
    outer loop
      vertex -38 -0.599999 0.25
      vertex -38 0.599999 0
      vertex -38 0.599999 0.25
    endloop
  endfacet
  facet normal 1 0 0
    outer loop
      vertex -38 0.599999 0
      vertex -38 -0.599999 0.25
      vertex -38 -0.599999 0
    endloop
  endfacet
  facet normal -1 0 0
    outer loop
      vertex -32 -0.599999 0
      vertex -32 0.599999 0.25
      vertex -32 0.599999 0
    endloop
  endfacet
  facet normal -1 -0 0
    outer loop
      vertex -32 0.599999 0.25
      vertex -32 -0.599999 0
      vertex -32 -0.599999 0.25
    endloop
  endfacet
  facet normal 0 1 -0
    outer loop
      vertex -32 -0.599999 0
      vertex -38 -0.599999 0.25
      vertex -32 -0.599999 0.25
    endloop
  endfacet
  facet normal 0 1 0
    outer loop
      vertex -38 -0.599999 0.25
      vertex -32 -0.599999 0
      vertex -38 -0.599999 0
    endloop
  endfacet
  facet normal 0 -1 0
    outer loop
      vertex -38 0.599999 0
      vertex -32 0.599999 0.25
      vertex -38 0.599999 0.25
    endloop
  endfacet
  facet normal 0 -1 -0
    outer loop
      vertex -32 0.599999 0.25
      vertex -38 0.599999 0
      vertex -32 0.599999 0
    endloop
  endfacet
  facet normal 0 1 -0
    outer loop
      vertex 0.599999 -38 0
      vertex -0.599999 -38 0.25
      vertex 0.599999 -38 0.25
    endloop
  endfacet
  facet normal 0 1 0
    outer loop
      vertex -0.599999 -38 0.25
      vertex 0.599999 -38 0
      vertex -0.599999 -38 0
    endloop
  endfacet
  facet normal 0 0 -1
    outer loop
      vertex -0.599999 -38 0.25
      vertex 0.599999 -32 0.25
      vertex 0.599999 -38 0.25
    endloop
  endfacet
  facet normal -0 0 -1
    outer loop
      vertex 0.599999 -32 0.25
      vertex -0.599999 -38 0.25
      vertex -0.599999 -32 0.25
    endloop
  endfacet
  facet normal 0 -1 0
    outer loop
      vertex -0.599999 -32 0
      vertex 0.599999 -32 0.25
      vertex -0.599999 -32 0.25
    endloop
  endfacet
  facet normal 0 -1 -0
    outer loop
      vertex 0.599999 -32 0.25
      vertex -0.599999 -32 0
      vertex 0.599999 -32 0
    endloop
  endfacet
  facet normal -1 0 0
    outer loop
      vertex 0.599999 -38 0
      vertex 0.599999 -32 0.25
      vertex 0.599999 -32 0
    endloop
  endfacet
  facet normal -1 -0 0
    outer loop
      vertex 0.599999 -32 0.25
      vertex 0.599999 -38 0
      vertex 0.599999 -38 0.25
    endloop
  endfacet
  facet normal 1 -0 0
    outer loop
      vertex -0.599999 -38 0.25
      vertex -0.599999 -32 0
      vertex -0.599999 -32 0.25
    endloop
  endfacet
  facet normal 1 0 0
    outer loop
      vertex -0.599999 -32 0
      vertex -0.599999 -38 0.25
      vertex -0.599999 -38 0
    endloop
  endfacet
  facet normal -0.989213 -0.146487 0
    outer loop
      vertex 11.5923 0.156827 0
      vertex 11.5693 0.312144 6
      vertex 11.5693 0.312144 0
    endloop
  endfacet
  facet normal -0.989213 -0.146487 0
    outer loop
      vertex 11.5693 0.312144 6
      vertex 11.5923 0.156827 0
      vertex 11.5923 0.156827 6
    endloop
  endfacet
  facet normal -0.998797 -0.0490396 0
    outer loop
      vertex 11.6 0 0
      vertex 11.5923 0.156827 6
      vertex 11.5923 0.156827 0
    endloop
  endfacet
  facet normal -0.998797 -0.0490396 0
    outer loop
      vertex 11.5923 0.156827 6
      vertex 11.6 0 0
      vertex 11.6 0 6
    endloop
  endfacet
  facet normal -0.969959 -0.243268 0
    outer loop
      vertex 11.5693 0.312144 0
      vertex 11.5311 0.464455 6
      vertex 11.5311 0.464455 0
    endloop
  endfacet
  facet normal -0.969959 -0.243268 0
    outer loop
      vertex 11.5311 0.464455 6
      vertex 11.5693 0.312144 0
      vertex 11.5693 0.312144 6
    endloop
  endfacet
  facet normal -0.427692 -0.903925 0
    outer loop
      vertex 10.6123 1.47821 0
      vertex 10.7542 1.41107 6
      vertex 10.6123 1.47821 6
    endloop
  endfacet
  facet normal -0.427692 -0.903925 -0
    outer loop
      vertex 10.7542 1.41107 6
      vertex 10.6123 1.47821 0
      vertex 10.7542 1.41107 0
    endloop
  endfacet
  facet normal 0.24303 0.970019 -0
    outer loop
      vertex 9.68785 -1.56926 0
      vertex 9.53554 -1.5311 6
      vertex 9.68785 -1.56926 6
    endloop
  endfacet
  facet normal 0.24303 0.970019 0
    outer loop
      vertex 9.53554 -1.5311 6
      vertex 9.68785 -1.56926 0
      vertex 9.53554 -1.5311 0
    endloop
  endfacet
  facet normal 0.857737 0.514089 0
    outer loop
      vertex 8.66965 -0.888912 6
      vertex 8.58893 -0.754234 0
      vertex 8.58893 -0.754234 6
    endloop
  endfacet
  facet normal 0.857737 0.514089 0
    outer loop
      vertex 8.58893 -0.754234 0
      vertex 8.66965 -0.888912 6
      vertex 8.66965 -0.888912 0
    endloop
  endfacet
  facet normal -0.146689 0.989183 0
    outer loop
      vertex 10.3121 -1.56926 0
      vertex 10.1568 -1.59229 6
      vertex 10.3121 -1.56926 6
    endloop
  endfacet
  facet normal -0.146689 0.989183 0
    outer loop
      vertex 10.1568 -1.59229 6
      vertex 10.3121 -1.56926 0
      vertex 10.1568 -1.59229 0
    endloop
  endfacet
  facet normal -0.741092 -0.671404 0
    outer loop
      vertex 11.2368 1.01503 0
      vertex 11.1314 1.13137 6
      vertex 11.1314 1.13137 0
    endloop
  endfacet
  facet normal -0.741092 -0.671404 0
    outer loop
      vertex 11.1314 1.13137 6
      vertex 11.2368 1.01503 0
      vertex 11.2368 1.01503 6
    endloop
  endfacet
  facet normal 0.514112 -0.857723 0
    outer loop
      vertex 9.11109 1.33035 0
      vertex 9.24576 1.41107 6
      vertex 9.11109 1.33035 6
    endloop
  endfacet
  facet normal 0.514112 -0.857723 0
    outer loop
      vertex 9.24576 1.41107 6
      vertex 9.11109 1.33035 0
      vertex 9.24576 1.41107 0
    endloop
  endfacet
  facet normal -0.741092 0.671404 0
    outer loop
      vertex 11.1314 -1.13137 0
      vertex 11.2368 -1.01503 6
      vertex 11.2368 -1.01503 0
    endloop
  endfacet
  facet normal -0.741092 0.671404 0
    outer loop
      vertex 11.2368 -1.01503 6
      vertex 11.1314 -1.13137 0
      vertex 11.1314 -1.13137 6
    endloop
  endfacet
  facet normal -0.514027 0.857774 0
    outer loop
      vertex 10.8889 -1.33035 0
      vertex 10.7542 -1.41107 6
      vertex 10.8889 -1.33035 6
    endloop
  endfacet
  facet normal -0.514027 0.857774 0
    outer loop
      vertex 10.7542 -1.41107 6
      vertex 10.8889 -1.33035 0
      vertex 10.7542 -1.41107 0
    endloop
  endfacet
  facet normal -0.242895 -0.970053 0
    outer loop
      vertex 10.3121 1.56926 0
      vertex 10.4645 1.5311 6
      vertex 10.3121 1.56926 6
    endloop
  endfacet
  facet normal -0.242895 -0.970053 -0
    outer loop
      vertex 10.4645 1.5311 6
      vertex 10.3121 1.56926 0
      vertex 10.4645 1.5311 0
    endloop
  endfacet
  facet normal 0.989176 -0.146736 0
    outer loop
      vertex 8.4077 0.156827 6
      vertex 8.43074 0.312144 0
      vertex 8.43074 0.312144 6
    endloop
  endfacet
  facet normal 0.989176 -0.146736 0
    outer loop
      vertex 8.43074 0.312144 0
      vertex 8.4077 0.156827 6
      vertex 8.4077 0.156827 0
    endloop
  endfacet
  facet normal -0.857793 -0.513995 0
    outer loop
      vertex 11.4111 0.754234 0
      vertex 11.3304 0.888912 6
      vertex 11.3304 0.888912 0
    endloop
  endfacet
  facet normal -0.857793 -0.513995 0
    outer loop
      vertex 11.3304 0.888912 6
      vertex 11.4111 0.754234 0
      vertex 11.4111 0.754234 6
    endloop
  endfacet
  facet normal -0.969959 0.243268 0
    outer loop
      vertex 11.5311 -0.464455 0
      vertex 11.5693 -0.312144 6
      vertex 11.5693 -0.312144 0
    endloop
  endfacet
  facet normal -0.969959 0.243268 0
    outer loop
      vertex 11.5693 -0.312144 6
      vertex 11.5311 -0.464455 0
      vertex 11.5311 -0.464455 6
    endloop
  endfacet
  facet normal 0.146671 0.989185 -0
    outer loop
      vertex 9.84317 -1.59229 0
      vertex 9.68785 -1.56926 6
      vertex 9.84317 -1.59229 6
    endloop
  endfacet
  facet normal 0.146671 0.989185 0
    outer loop
      vertex 9.68785 -1.56926 6
      vertex 9.84317 -1.59229 0
      vertex 9.68785 -1.56926 0
    endloop
  endfacet
  facet normal 0.998797 0.0490396 0
    outer loop
      vertex 8.4077 -0.156827 6
      vertex 8.4 0 0
      vertex 8.4 0 6
    endloop
  endfacet
  facet normal 0.998797 0.0490396 0
    outer loop
      vertex 8.4 0 0
      vertex 8.4077 -0.156827 6
      vertex 8.4077 -0.156827 0
    endloop
  endfacet
  facet normal -0.146689 -0.989183 0
    outer loop
      vertex 10.1568 1.59229 0
      vertex 10.3121 1.56926 6
      vertex 10.1568 1.59229 6
    endloop
  endfacet
  facet normal -0.146689 -0.989183 -0
    outer loop
      vertex 10.3121 1.56926 6
      vertex 10.1568 1.59229 0
      vertex 10.3121 1.56926 0
    endloop
  endfacet
  facet normal -0.941539 -0.336905 0
    outer loop
      vertex 11.5311 0.464455 0
      vertex 11.4782 0.612293 6
      vertex 11.4782 0.612293 0
    endloop
  endfacet
  facet normal -0.941539 -0.336905 0
    outer loop
      vertex 11.4782 0.612293 6
      vertex 11.5311 0.464455 0
      vertex 11.5311 0.464455 6
    endloop
  endfacet
  facet normal -0.671388 -0.741106 0
    outer loop
      vertex 11.015 1.23682 0
      vertex 11.1314 1.13137 6
      vertex 11.015 1.23682 6
    endloop
  endfacet
  facet normal -0.671388 -0.741106 -0
    outer loop
      vertex 11.1314 1.13137 6
      vertex 11.015 1.23682 0
      vertex 11.1314 1.13137 0
    endloop
  endfacet
  facet normal 0.740933 -0.671578 0
    outer loop
      vertex 8.76318 1.01503 6
      vertex 8.86863 1.13137 0
      vertex 8.86863 1.13137 6
    endloop
  endfacet
  facet normal 0.740933 -0.671578 0
    outer loop
      vertex 8.86863 1.13137 0
      vertex 8.76318 1.01503 6
      vertex 8.76318 1.01503 0
    endloop
  endfacet
  facet normal 0.970034 0.242969 0
    outer loop
      vertex 8.46889 -0.464455 6
      vertex 8.43074 -0.312144 0
      vertex 8.43074 -0.312144 6
    endloop
  endfacet
  facet normal 0.970034 0.242969 0
    outer loop
      vertex 8.43074 -0.312144 0
      vertex 8.46889 -0.464455 6
      vertex 8.46889 -0.464455 0
    endloop
  endfacet
  facet normal 0.336865 -0.941553 0
    outer loop
      vertex 9.38771 1.47821 0
      vertex 9.53554 1.5311 6
      vertex 9.38771 1.47821 6
    endloop
  endfacet
  facet normal 0.336865 -0.941553 0
    outer loop
      vertex 9.53554 1.5311 6
      vertex 9.38771 1.47821 0
      vertex 9.53554 1.5311 0
    endloop
  endfacet
  facet normal 0.941539 0.336905 0
    outer loop
      vertex 8.52179 -0.612293 6
      vertex 8.46889 -0.464455 0
      vertex 8.46889 -0.464455 6
    endloop
  endfacet
  facet normal 0.941539 0.336905 0
    outer loop
      vertex 8.46889 -0.464455 0
      vertex 8.52179 -0.612293 6
      vertex 8.52179 -0.612293 0
    endloop
  endfacet
  facet normal -0.336926 -0.941531 0
    outer loop
      vertex 10.4645 1.5311 0
      vertex 10.6123 1.47821 6
      vertex 10.4645 1.5311 6
    endloop
  endfacet
  facet normal -0.336926 -0.941531 -0
    outer loop
      vertex 10.6123 1.47821 6
      vertex 10.4645 1.5311 0
      vertex 10.6123 1.47821 0
    endloop
  endfacet
  facet normal 0.803224 -0.595677 0
    outer loop
      vertex 8.66965 0.888912 6
      vertex 8.76318 1.01503 0
      vertex 8.76318 1.01503 6
    endloop
  endfacet
  facet normal 0.803224 -0.595677 0
    outer loop
      vertex 8.76318 1.01503 0
      vertex 8.66965 0.888912 6
      vertex 8.66965 0.888912 0
    endloop
  endfacet
  facet normal -0.803011 -0.595964 0
    outer loop
      vertex 11.3304 0.888912 0
      vertex 11.2368 1.01503 6
      vertex 11.2368 1.01503 0
    endloop
  endfacet
  facet normal -0.803011 -0.595964 0
    outer loop
      vertex 11.2368 1.01503 6
      vertex 11.3304 0.888912 0
      vertex 11.3304 0.888912 6
    endloop
  endfacet
  facet normal 0.970034 -0.242969 0
    outer loop
      vertex 8.43074 0.312144 6
      vertex 8.46889 0.464455 0
      vertex 8.46889 0.464455 6
    endloop
  endfacet
  facet normal 0.970034 -0.242969 0
    outer loop
      vertex 8.46889 0.464455 0
      vertex 8.43074 0.312144 6
      vertex 8.43074 0.312144 0
    endloop
  endfacet
  facet normal 0.671578 -0.740933 0
    outer loop
      vertex 8.86863 1.13137 0
      vertex 8.98497 1.23682 6
      vertex 8.86863 1.13137 6
    endloop
  endfacet
  facet normal 0.671578 -0.740933 0
    outer loop
      vertex 8.98497 1.23682 6
      vertex 8.86863 1.13137 0
      vertex 8.98497 1.23682 0
    endloop
  endfacet
  facet normal -0.427692 0.903925 0
    outer loop
      vertex 10.7542 -1.41107 0
      vertex 10.6123 -1.47821 6
      vertex 10.7542 -1.41107 6
    endloop
  endfacet
  facet normal -0.427692 0.903925 0
    outer loop
      vertex 10.6123 -1.47821 6
      vertex 10.7542 -1.41107 0
      vertex 10.6123 -1.47821 0
    endloop
  endfacet
  facet normal 0.24303 -0.970019 0
    outer loop
      vertex 9.53554 1.5311 0
      vertex 9.68785 1.56926 6
      vertex 9.53554 1.5311 6
    endloop
  endfacet
  facet normal 0.24303 -0.970019 0
    outer loop
      vertex 9.68785 1.56926 6
      vertex 9.53554 1.5311 0
      vertex 9.68785 1.56926 0
    endloop
  endfacet
  facet normal 0.941539 -0.336905 0
    outer loop
      vertex 8.46889 0.464455 6
      vertex 8.52179 0.612293 0
      vertex 8.52179 0.612293 6
    endloop
  endfacet
  facet normal 0.941539 -0.336905 0
    outer loop
      vertex 8.52179 0.612293 0
      vertex 8.46889 0.464455 6
      vertex 8.46889 0.464455 0
    endloop
  endfacet
  facet normal -0.514027 -0.857774 0
    outer loop
      vertex 10.7542 1.41107 0
      vertex 10.8889 1.33035 6
      vertex 10.7542 1.41107 6
    endloop
  endfacet
  facet normal -0.514027 -0.857774 -0
    outer loop
      vertex 10.8889 1.33035 6
      vertex 10.7542 1.41107 0
      vertex 10.8889 1.33035 0
    endloop
  endfacet
  facet normal 0.514112 0.857723 -0
    outer loop
      vertex 9.24576 -1.41107 0
      vertex 9.11109 -1.33035 6
      vertex 9.24576 -1.41107 6
    endloop
  endfacet
  facet normal 0.514112 0.857723 0
    outer loop
      vertex 9.11109 -1.33035 6
      vertex 9.24576 -1.41107 0
      vertex 9.11109 -1.33035 0
    endloop
  endfacet
  facet normal 0.595671 -0.803229 0
    outer loop
      vertex 8.98497 1.23682 0
      vertex 9.11109 1.33035 6
      vertex 8.98497 1.23682 6
    endloop
  endfacet
  facet normal 0.595671 -0.803229 0
    outer loop
      vertex 9.11109 1.33035 6
      vertex 8.98497 1.23682 0
      vertex 9.11109 1.33035 0
    endloop
  endfacet
  facet normal -0.0491116 0.998793 0
    outer loop
      vertex 10.1568 -1.59229 0
      vertex 10 -1.6 6
      vertex 10.1568 -1.59229 6
    endloop
  endfacet
  facet normal -0.0491116 0.998793 0
    outer loop
      vertex 10 -1.6 6
      vertex 10.1568 -1.59229 0
      vertex 10 -1.6 0
    endloop
  endfacet
  facet normal -0.941539 0.336905 0
    outer loop
      vertex 11.4782 -0.612293 0
      vertex 11.5311 -0.464455 6
      vertex 11.5311 -0.464455 0
    endloop
  endfacet
  facet normal -0.941539 0.336905 0
    outer loop
      vertex 11.5311 -0.464455 6
      vertex 11.4782 -0.612293 0
      vertex 11.4782 -0.612293 6
    endloop
  endfacet
  facet normal -0.803011 0.595964 0
    outer loop
      vertex 11.2368 -1.01503 0
      vertex 11.3304 -0.888912 6
      vertex 11.3304 -0.888912 0
    endloop
  endfacet
  facet normal -0.803011 0.595964 0
    outer loop
      vertex 11.3304 -0.888912 6
      vertex 11.2368 -1.01503 0
      vertex 11.2368 -1.01503 6
    endloop
  endfacet
  facet normal -0.989213 0.146487 0
    outer loop
      vertex 11.5693 -0.312144 0
      vertex 11.5923 -0.156827 6
      vertex 11.5923 -0.156827 0
    endloop
  endfacet
  facet normal -0.989213 0.146487 0
    outer loop
      vertex 11.5923 -0.156827 6
      vertex 11.5693 -0.312144 0
      vertex 11.5693 -0.312144 6
    endloop
  endfacet
  facet normal 0.857737 -0.514089 0
    outer loop
      vertex 8.58893 0.754234 6
      vertex 8.66965 0.888912 0
      vertex 8.66965 0.888912 6
    endloop
  endfacet
  facet normal 0.857737 -0.514089 0
    outer loop
      vertex 8.66965 0.888912 0
      vertex 8.58893 0.754234 6
      vertex 8.58893 0.754234 0
    endloop
  endfacet
  facet normal 0.336865 0.941553 -0
    outer loop
      vertex 9.53554 -1.5311 0
      vertex 9.38771 -1.47821 6
      vertex 9.53554 -1.5311 6
    endloop
  endfacet
  facet normal 0.336865 0.941553 0
    outer loop
      vertex 9.38771 -1.47821 6
      vertex 9.53554 -1.5311 0
      vertex 9.38771 -1.47821 0
    endloop
  endfacet
  facet normal -0.904071 -0.427383 0
    outer loop
      vertex 11.4782 0.612293 0
      vertex 11.4111 0.754234 6
      vertex 11.4111 0.754234 0
    endloop
  endfacet
  facet normal -0.904071 -0.427383 0
    outer loop
      vertex 11.4111 0.754234 6
      vertex 11.4782 0.612293 0
      vertex 11.4782 0.612293 6
    endloop
  endfacet
  facet normal 0.427569 -0.903983 0
    outer loop
      vertex 9.24576 1.41107 0
      vertex 9.38771 1.47821 6
      vertex 9.24576 1.41107 6
    endloop
  endfacet
  facet normal 0.427569 -0.903983 0
    outer loop
      vertex 9.38771 1.47821 6
      vertex 9.24576 1.41107 0
      vertex 9.38771 1.47821 0
    endloop
  endfacet
  facet normal -0.595732 0.803184 0
    outer loop
      vertex 11.015 -1.23682 0
      vertex 10.8889 -1.33035 6
      vertex 11.015 -1.23682 6
    endloop
  endfacet
  facet normal -0.595732 0.803184 0
    outer loop
      vertex 10.8889 -1.33035 6
      vertex 11.015 -1.23682 0
      vertex 10.8889 -1.33035 0
    endloop
  endfacet
  facet normal -0.595732 -0.803184 0
    outer loop
      vertex 10.8889 1.33035 0
      vertex 11.015 1.23682 6
      vertex 10.8889 1.33035 6
    endloop
  endfacet
  facet normal -0.595732 -0.803184 -0
    outer loop
      vertex 11.015 1.23682 6
      vertex 10.8889 1.33035 0
      vertex 11.015 1.23682 0
    endloop
  endfacet
  facet normal 0.671578 0.740933 -0
    outer loop
      vertex 8.98497 -1.23682 0
      vertex 8.86863 -1.13137 6
      vertex 8.98497 -1.23682 6
    endloop
  endfacet
  facet normal 0.671578 0.740933 0
    outer loop
      vertex 8.86863 -1.13137 6
      vertex 8.98497 -1.23682 0
      vertex 8.86863 -1.13137 0
    endloop
  endfacet
  facet normal -0.998797 0.0490396 0
    outer loop
      vertex 11.5923 -0.156827 0
      vertex 11.6 0 6
      vertex 11.6 0 0
    endloop
  endfacet
  facet normal -0.998797 0.0490396 0
    outer loop
      vertex 11.6 0 6
      vertex 11.5923 -0.156827 0
      vertex 11.5923 -0.156827 6
    endloop
  endfacet
  facet normal 0.803224 0.595677 0
    outer loop
      vertex 8.76318 -1.01503 6
      vertex 8.66965 -0.888912 0
      vertex 8.66965 -0.888912 6
    endloop
  endfacet
  facet normal 0.803224 0.595677 0
    outer loop
      vertex 8.66965 -0.888912 0
      vertex 8.76318 -1.01503 6
      vertex 8.76318 -1.01503 0
    endloop
  endfacet
  facet normal 0.903972 0.427591 0
    outer loop
      vertex 8.58893 -0.754234 6
      vertex 8.52179 -0.612293 0
      vertex 8.52179 -0.612293 6
    endloop
  endfacet
  facet normal 0.903972 0.427591 0
    outer loop
      vertex 8.52179 -0.612293 0
      vertex 8.58893 -0.754234 6
      vertex 8.58893 -0.754234 0
    endloop
  endfacet
  facet normal 0.0491022 -0.998794 0
    outer loop
      vertex 9.84317 1.59229 0
      vertex 10 1.6 6
      vertex 9.84317 1.59229 6
    endloop
  endfacet
  facet normal 0.0491022 -0.998794 0
    outer loop
      vertex 10 1.6 6
      vertex 9.84317 1.59229 0
      vertex 10 1.6 0
    endloop
  endfacet
  facet normal 0.427569 0.903983 -0
    outer loop
      vertex 9.38771 -1.47821 0
      vertex 9.24576 -1.41107 6
      vertex 9.38771 -1.47821 6
    endloop
  endfacet
  facet normal 0.427569 0.903983 0
    outer loop
      vertex 9.24576 -1.41107 6
      vertex 9.38771 -1.47821 0
      vertex 9.24576 -1.41107 0
    endloop
  endfacet
  facet normal 0.146671 -0.989185 0
    outer loop
      vertex 9.68785 1.56926 0
      vertex 9.84317 1.59229 6
      vertex 9.68785 1.56926 6
    endloop
  endfacet
  facet normal 0.146671 -0.989185 0
    outer loop
      vertex 9.84317 1.59229 6
      vertex 9.68785 1.56926 0
      vertex 9.84317 1.59229 0
    endloop
  endfacet
  facet normal 0.989176 0.146736 0
    outer loop
      vertex 8.43074 -0.312144 6
      vertex 8.4077 -0.156827 0
      vertex 8.4077 -0.156827 6
    endloop
  endfacet
  facet normal 0.989176 0.146736 0
    outer loop
      vertex 8.4077 -0.156827 0
      vertex 8.43074 -0.312144 6
      vertex 8.43074 -0.312144 0
    endloop
  endfacet
  facet normal -0.336926 0.941531 0
    outer loop
      vertex 10.6123 -1.47821 0
      vertex 10.4645 -1.5311 6
      vertex 10.6123 -1.47821 6
    endloop
  endfacet
  facet normal -0.336926 0.941531 0
    outer loop
      vertex 10.4645 -1.5311 6
      vertex 10.6123 -1.47821 0
      vertex 10.4645 -1.5311 0
    endloop
  endfacet
  facet normal -0.242895 0.970053 0
    outer loop
      vertex 10.4645 -1.5311 0
      vertex 10.3121 -1.56926 6
      vertex 10.4645 -1.5311 6
    endloop
  endfacet
  facet normal -0.242895 0.970053 0
    outer loop
      vertex 10.3121 -1.56926 6
      vertex 10.4645 -1.5311 0
      vertex 10.3121 -1.56926 0
    endloop
  endfacet
  facet normal 0.903972 -0.427591 0
    outer loop
      vertex 8.52179 0.612293 6
      vertex 8.58893 0.754234 0
      vertex 8.58893 0.754234 6
    endloop
  endfacet
  facet normal 0.903972 -0.427591 0
    outer loop
      vertex 8.58893 0.754234 0
      vertex 8.52179 0.612293 6
      vertex 8.52179 0.612293 0
    endloop
  endfacet
  facet normal 0.740933 0.671578 0
    outer loop
      vertex 8.86863 -1.13137 6
      vertex 8.76318 -1.01503 0
      vertex 8.76318 -1.01503 6
    endloop
  endfacet
  facet normal 0.740933 0.671578 0
    outer loop
      vertex 8.76318 -1.01503 0
      vertex 8.86863 -1.13137 6
      vertex 8.86863 -1.13137 0
    endloop
  endfacet
  facet normal 0.595671 0.803229 -0
    outer loop
      vertex 9.11109 -1.33035 0
      vertex 8.98497 -1.23682 6
      vertex 9.11109 -1.33035 6
    endloop
  endfacet
  facet normal 0.595671 0.803229 0
    outer loop
      vertex 8.98497 -1.23682 6
      vertex 9.11109 -1.33035 0
      vertex 8.98497 -1.23682 0
    endloop
  endfacet
  facet normal -0.904071 0.427383 0
    outer loop
      vertex 11.4111 -0.754234 0
      vertex 11.4782 -0.612293 6
      vertex 11.4782 -0.612293 0
    endloop
  endfacet
  facet normal -0.904071 0.427383 0
    outer loop
      vertex 11.4782 -0.612293 6
      vertex 11.4111 -0.754234 0
      vertex 11.4111 -0.754234 6
    endloop
  endfacet
  facet normal -0.857793 0.513995 0
    outer loop
      vertex 11.3304 -0.888912 0
      vertex 11.4111 -0.754234 6
      vertex 11.4111 -0.754234 0
    endloop
  endfacet
  facet normal -0.857793 0.513995 0
    outer loop
      vertex 11.4111 -0.754234 6
      vertex 11.3304 -0.888912 0
      vertex 11.3304 -0.888912 6
    endloop
  endfacet
  facet normal -0.0491116 -0.998793 0
    outer loop
      vertex 10 1.6 0
      vertex 10.1568 1.59229 6
      vertex 10 1.6 6
    endloop
  endfacet
  facet normal -0.0491116 -0.998793 -0
    outer loop
      vertex 10.1568 1.59229 6
      vertex 10 1.6 0
      vertex 10.1568 1.59229 0
    endloop
  endfacet
  facet normal 0.0491022 0.998794 -0
    outer loop
      vertex 10 -1.6 0
      vertex 9.84317 -1.59229 6
      vertex 10 -1.6 6
    endloop
  endfacet
  facet normal 0.0491022 0.998794 0
    outer loop
      vertex 9.84317 -1.59229 6
      vertex 10 -1.6 0
      vertex 9.84317 -1.59229 0
    endloop
  endfacet
  facet normal 0.998797 -0.0490396 0
    outer loop
      vertex 8.4 0 6
      vertex 8.4077 0.156827 0
      vertex 8.4077 0.156827 6
    endloop
  endfacet
  facet normal 0.998797 -0.0490396 0
    outer loop
      vertex 8.4077 0.156827 0
      vertex 8.4 0 6
      vertex 8.4 0 0
    endloop
  endfacet
  facet normal -0.671388 0.741106 0
    outer loop
      vertex 11.1314 -1.13137 0
      vertex 11.015 -1.23682 6
      vertex 11.1314 -1.13137 6
    endloop
  endfacet
  facet normal -0.671388 0.741106 0
    outer loop
      vertex 11.015 -1.23682 6
      vertex 11.1314 -1.13137 0
      vertex 11.015 -1.23682 0
    endloop
  endfacet
  facet normal 0.146487 -0.989213 0
    outer loop
      vertex -0.312144 11.5693 0
      vertex -0.156827 11.5923 6
      vertex -0.312144 11.5693 6
    endloop
  endfacet
  facet normal 0.146487 -0.989213 0
    outer loop
      vertex -0.156827 11.5923 6
      vertex -0.312144 11.5693 0
      vertex -0.156827 11.5923 0
    endloop
  endfacet
  facet normal 0.0490396 -0.998797 0
    outer loop
      vertex -0.156827 11.5923 0
      vertex 0 11.6 6
      vertex -0.156827 11.5923 6
    endloop
  endfacet
  facet normal 0.0490396 -0.998797 0
    outer loop
      vertex 0 11.6 6
      vertex -0.156827 11.5923 0
      vertex 0 11.6 0
    endloop
  endfacet
  facet normal 0.243268 -0.969959 0
    outer loop
      vertex -0.464455 11.5311 0
      vertex -0.312144 11.5693 6
      vertex -0.464455 11.5311 6
    endloop
  endfacet
  facet normal 0.243268 -0.969959 0
    outer loop
      vertex -0.312144 11.5693 6
      vertex -0.464455 11.5311 0
      vertex -0.312144 11.5693 0
    endloop
  endfacet
  facet normal -0.941531 -0.336926 0
    outer loop
      vertex 1.5311 10.4645 0
      vertex 1.47821 10.6123 6
      vertex 1.47821 10.6123 0
    endloop
  endfacet
  facet normal -0.941531 -0.336926 0
    outer loop
      vertex 1.47821 10.6123 6
      vertex 1.5311 10.4645 0
      vertex 1.5311 10.4645 6
    endloop
  endfacet
  facet normal 0.903925 -0.427692 0
    outer loop
      vertex -1.47821 10.6123 6
      vertex -1.41107 10.7542 0
      vertex -1.41107 10.7542 6
    endloop
  endfacet
  facet normal 0.903925 -0.427692 0
    outer loop
      vertex -1.41107 10.7542 0
      vertex -1.47821 10.6123 6
      vertex -1.47821 10.6123 0
    endloop
  endfacet
  facet normal -0.970019 0.24303 0
    outer loop
      vertex 1.5311 9.53554 0
      vertex 1.56926 9.68785 6
      vertex 1.56926 9.68785 0
    endloop
  endfacet
  facet normal -0.970019 0.24303 0
    outer loop
      vertex 1.56926 9.68785 6
      vertex 1.5311 9.53554 0
      vertex 1.5311 9.53554 6
    endloop
  endfacet
  facet normal -0.514089 0.857737 0
    outer loop
      vertex 0.888912 8.66965 0
      vertex 0.754234 8.58893 6
      vertex 0.888912 8.66965 6
    endloop
  endfacet
  facet normal -0.514089 0.857737 0
    outer loop
      vertex 0.754234 8.58893 6
      vertex 0.888912 8.66965 0
      vertex 0.754234 8.58893 0
    endloop
  endfacet
  facet normal -0.989183 -0.146689 0
    outer loop
      vertex 1.59229 10.1568 0
      vertex 1.56926 10.3121 6
      vertex 1.56926 10.3121 0
    endloop
  endfacet
  facet normal -0.989183 -0.146689 0
    outer loop
      vertex 1.56926 10.3121 6
      vertex 1.59229 10.1568 0
      vertex 1.59229 10.1568 6
    endloop
  endfacet
  facet normal 0.671404 -0.741092 0
    outer loop
      vertex -1.13137 11.1314 0
      vertex -1.01503 11.2368 6
      vertex -1.13137 11.1314 6
    endloop
  endfacet
  facet normal 0.671404 -0.741092 0
    outer loop
      vertex -1.01503 11.2368 6
      vertex -1.13137 11.1314 0
      vertex -1.01503 11.2368 0
    endloop
  endfacet
  facet normal 0.595677 0.803224 -0
    outer loop
      vertex -0.888912 8.66965 0
      vertex -1.01503 8.76318 6
      vertex -0.888912 8.66965 6
    endloop
  endfacet
  facet normal 0.595677 0.803224 0
    outer loop
      vertex -1.01503 8.76318 6
      vertex -0.888912 8.66965 0
      vertex -1.01503 8.76318 0
    endloop
  endfacet
  facet normal 0.857723 0.514112 0
    outer loop
      vertex -1.33035 9.11109 6
      vertex -1.41107 9.24576 0
      vertex -1.41107 9.24576 6
    endloop
  endfacet
  facet normal 0.857723 0.514112 0
    outer loop
      vertex -1.41107 9.24576 0
      vertex -1.33035 9.11109 6
      vertex -1.33035 9.11109 0
    endloop
  endfacet
  facet normal 0.970053 -0.242895 0
    outer loop
      vertex -1.56926 10.3121 6
      vertex -1.5311 10.4645 0
      vertex -1.5311 10.4645 6
    endloop
  endfacet
  facet normal 0.970053 -0.242895 0
    outer loop
      vertex -1.5311 10.4645 0
      vertex -1.56926 10.3121 6
      vertex -1.56926 10.3121 0
    endloop
  endfacet
  facet normal 0.513995 -0.857793 0
    outer loop
      vertex -0.888912 11.3304 0
      vertex -0.754234 11.4111 6
      vertex -0.888912 11.3304 6
    endloop
  endfacet
  facet normal 0.513995 -0.857793 0
    outer loop
      vertex -0.754234 11.4111 6
      vertex -0.888912 11.3304 0
      vertex -0.754234 11.4111 0
    endloop
  endfacet
  facet normal -0.989185 0.146671 0
    outer loop
      vertex 1.56926 9.68785 0
      vertex 1.59229 9.84317 6
      vertex 1.59229 9.84317 0
    endloop
  endfacet
  facet normal -0.989185 0.146671 0
    outer loop
      vertex 1.59229 9.84317 6
      vertex 1.56926 9.68785 0
      vertex 1.56926 9.68785 6
    endloop
  endfacet
  facet normal 0.146736 0.989176 -0
    outer loop
      vertex -0.156827 8.4077 0
      vertex -0.312144 8.43074 6
      vertex -0.156827 8.4077 6
    endloop
  endfacet
  facet normal 0.146736 0.989176 0
    outer loop
      vertex -0.312144 8.43074 6
      vertex -0.156827 8.4077 0
      vertex -0.312144 8.43074 0
    endloop
  endfacet
  facet normal 0.336905 0.941539 -0
    outer loop
      vertex -0.464455 8.46889 0
      vertex -0.612293 8.52179 6
      vertex -0.464455 8.46889 6
    endloop
  endfacet
  facet normal 0.336905 0.941539 0
    outer loop
      vertex -0.612293 8.52179 6
      vertex -0.464455 8.46889 0
      vertex -0.612293 8.52179 0
    endloop
  endfacet
  facet normal 0.740933 0.671578 0
    outer loop
      vertex -1.13137 8.86863 6
      vertex -1.23682 8.98497 0
      vertex -1.23682 8.98497 6
    endloop
  endfacet
  facet normal 0.740933 0.671578 0
    outer loop
      vertex -1.23682 8.98497 0
      vertex -1.13137 8.86863 6
      vertex -1.13137 8.86863 0
    endloop
  endfacet
  facet normal -0.0490396 0.998797 0
    outer loop
      vertex 0.156827 8.4077 0
      vertex 0 8.4 6
      vertex 0.156827 8.4077 6
    endloop
  endfacet
  facet normal -0.0490396 0.998797 0
    outer loop
      vertex 0 8.4 6
      vertex 0.156827 8.4077 0
      vertex 0 8.4 0
    endloop
  endfacet
  facet normal -0.146487 -0.989213 0
    outer loop
      vertex 0.156827 11.5923 0
      vertex 0.312144 11.5693 6
      vertex 0.156827 11.5923 6
    endloop
  endfacet
  facet normal -0.146487 -0.989213 -0
    outer loop
      vertex 0.312144 11.5693 6
      vertex 0.156827 11.5923 0
      vertex 0.312144 11.5693 0
    endloop
  endfacet
  facet normal 0.989183 -0.146689 0
    outer loop
      vertex -1.59229 10.1568 6
      vertex -1.56926 10.3121 0
      vertex -1.56926 10.3121 6
    endloop
  endfacet
  facet normal 0.989183 -0.146689 0
    outer loop
      vertex -1.56926 10.3121 0
      vertex -1.59229 10.1568 6
      vertex -1.59229 10.1568 0
    endloop
  endfacet
  facet normal 0.336905 -0.941539 0
    outer loop
      vertex -0.612293 11.4782 0
      vertex -0.464455 11.5311 6
      vertex -0.612293 11.4782 6
    endloop
  endfacet
  facet normal 0.336905 -0.941539 0
    outer loop
      vertex -0.464455 11.5311 6
      vertex -0.612293 11.4782 0
      vertex -0.464455 11.5311 0
    endloop
  endfacet
  facet normal 0.741106 -0.671388 0
    outer loop
      vertex -1.23682 11.015 6
      vertex -1.13137 11.1314 0
      vertex -1.13137 11.1314 6
    endloop
  endfacet
  facet normal 0.741106 -0.671388 0
    outer loop
      vertex -1.13137 11.1314 0
      vertex -1.23682 11.015 6
      vertex -1.23682 11.015 0
    endloop
  endfacet
  facet normal -0.242969 0.970034 0
    outer loop
      vertex 0.464455 8.46889 0
      vertex 0.312144 8.43074 6
      vertex 0.464455 8.46889 6
    endloop
  endfacet
  facet normal -0.242969 0.970034 0
    outer loop
      vertex 0.312144 8.43074 6
      vertex 0.464455 8.46889 0
      vertex 0.312144 8.43074 0
    endloop
  endfacet
  facet normal -0.336905 0.941539 0
    outer loop
      vertex 0.612293 8.52179 0
      vertex 0.464455 8.46889 6
      vertex 0.612293 8.52179 6
    endloop
  endfacet
  facet normal -0.336905 0.941539 0
    outer loop
      vertex 0.464455 8.46889 6
      vertex 0.612293 8.52179 0
      vertex 0.464455 8.46889 0
    endloop
  endfacet
  facet normal 0.941531 -0.336926 0
    outer loop
      vertex -1.5311 10.4645 6
      vertex -1.47821 10.6123 0
      vertex -1.47821 10.6123 6
    endloop
  endfacet
  facet normal 0.941531 -0.336926 0
    outer loop
      vertex -1.47821 10.6123 0
      vertex -1.5311 10.4645 6
      vertex -1.5311 10.4645 0
    endloop
  endfacet
  facet normal 0.514089 0.857737 -0
    outer loop
      vertex -0.754234 8.58893 0
      vertex -0.888912 8.66965 6
      vertex -0.754234 8.58893 6
    endloop
  endfacet
  facet normal 0.514089 0.857737 0
    outer loop
      vertex -0.888912 8.66965 6
      vertex -0.754234 8.58893 0
      vertex -0.888912 8.66965 0
    endloop
  endfacet
  facet normal 0.595964 -0.803011 0
    outer loop
      vertex -1.01503 11.2368 0
      vertex -0.888912 11.3304 6
      vertex -1.01503 11.2368 6
    endloop
  endfacet
  facet normal 0.595964 -0.803011 0
    outer loop
      vertex -0.888912 11.3304 6
      vertex -1.01503 11.2368 0
      vertex -0.888912 11.3304 0
    endloop
  endfacet
  facet normal 0.242969 0.970034 -0
    outer loop
      vertex -0.312144 8.43074 0
      vertex -0.464455 8.46889 6
      vertex -0.312144 8.43074 6
    endloop
  endfacet
  facet normal 0.242969 0.970034 0
    outer loop
      vertex -0.464455 8.46889 6
      vertex -0.312144 8.43074 0
      vertex -0.464455 8.46889 0
    endloop
  endfacet
  facet normal -0.857774 -0.514027 0
    outer loop
      vertex 1.41107 10.7542 0
      vertex 1.33035 10.8889 6
      vertex 1.33035 10.8889 0
    endloop
  endfacet
  facet normal -0.857774 -0.514027 0
    outer loop
      vertex 1.33035 10.8889 6
      vertex 1.41107 10.7542 0
      vertex 1.41107 10.7542 6
    endloop
  endfacet
  facet normal -0.903925 -0.427692 0
    outer loop
      vertex 1.47821 10.6123 0
      vertex 1.41107 10.7542 6
      vertex 1.41107 10.7542 0
    endloop
  endfacet
  facet normal -0.903925 -0.427692 0
    outer loop
      vertex 1.41107 10.7542 6
      vertex 1.47821 10.6123 0
      vertex 1.47821 10.6123 6
    endloop
  endfacet
  facet normal 0.989185 0.146671 0
    outer loop
      vertex -1.56926 9.68785 6
      vertex -1.59229 9.84317 0
      vertex -1.59229 9.84317 6
    endloop
  endfacet
  facet normal 0.989185 0.146671 0
    outer loop
      vertex -1.59229 9.84317 0
      vertex -1.56926 9.68785 6
      vertex -1.56926 9.68785 0
    endloop
  endfacet
  facet normal 0.970019 0.24303 0
    outer loop
      vertex -1.5311 9.53554 6
      vertex -1.56926 9.68785 0
      vertex -1.56926 9.68785 6
    endloop
  endfacet
  facet normal 0.970019 0.24303 0
    outer loop
      vertex -1.56926 9.68785 0
      vertex -1.5311 9.53554 6
      vertex -1.5311 9.53554 0
    endloop
  endfacet
  facet normal -0.243268 -0.969959 0
    outer loop
      vertex 0.312144 11.5693 0
      vertex 0.464455 11.5311 6
      vertex 0.312144 11.5693 6
    endloop
  endfacet
  facet normal -0.243268 -0.969959 -0
    outer loop
      vertex 0.464455 11.5311 6
      vertex 0.312144 11.5693 0
      vertex 0.464455 11.5311 0
    endloop
  endfacet
  facet normal 0.857774 -0.514027 0
    outer loop
      vertex -1.41107 10.7542 6
      vertex -1.33035 10.8889 0
      vertex -1.33035 10.8889 6
    endloop
  endfacet
  facet normal 0.857774 -0.514027 0
    outer loop
      vertex -1.33035 10.8889 0
      vertex -1.41107 10.7542 6
      vertex -1.41107 10.7542 0
    endloop
  endfacet
  facet normal -0.857723 0.514112 0
    outer loop
      vertex 1.33035 9.11109 0
      vertex 1.41107 9.24576 6
      vertex 1.41107 9.24576 0
    endloop
  endfacet
  facet normal -0.857723 0.514112 0
    outer loop
      vertex 1.41107 9.24576 6
      vertex 1.33035 9.11109 0
      vertex 1.33035 9.11109 6
    endloop
  endfacet
  facet normal 0.803229 0.595671 0
    outer loop
      vertex -1.23682 8.98497 6
      vertex -1.33035 9.11109 0
      vertex -1.33035 9.11109 6
    endloop
  endfacet
  facet normal 0.803229 0.595671 0
    outer loop
      vertex -1.33035 9.11109 0
      vertex -1.23682 8.98497 6
      vertex -1.23682 8.98497 0
    endloop
  endfacet
  facet normal -0.998793 -0.0491116 0
    outer loop
      vertex 1.6 10 0
      vertex 1.59229 10.1568 6
      vertex 1.59229 10.1568 0
    endloop
  endfacet
  facet normal -0.998793 -0.0491116 0
    outer loop
      vertex 1.59229 10.1568 6
      vertex 1.6 10 0
      vertex 1.6 10 6
    endloop
  endfacet
  facet normal -0.336905 -0.941539 0
    outer loop
      vertex 0.464455 11.5311 0
      vertex 0.612293 11.4782 6
      vertex 0.464455 11.5311 6
    endloop
  endfacet
  facet normal -0.336905 -0.941539 -0
    outer loop
      vertex 0.612293 11.4782 6
      vertex 0.464455 11.5311 0
      vertex 0.612293 11.4782 0
    endloop
  endfacet
  facet normal -0.595964 -0.803011 0
    outer loop
      vertex 0.888912 11.3304 0
      vertex 1.01503 11.2368 6
      vertex 0.888912 11.3304 6
    endloop
  endfacet
  facet normal -0.595964 -0.803011 -0
    outer loop
      vertex 1.01503 11.2368 6
      vertex 0.888912 11.3304 0
      vertex 1.01503 11.2368 0
    endloop
  endfacet
  facet normal -0.671404 -0.741092 0
    outer loop
      vertex 1.01503 11.2368 0
      vertex 1.13137 11.1314 6
      vertex 1.01503 11.2368 6
    endloop
  endfacet
  facet normal -0.671404 -0.741092 -0
    outer loop
      vertex 1.13137 11.1314 6
      vertex 1.01503 11.2368 0
      vertex 1.13137 11.1314 0
    endloop
  endfacet
  facet normal 0.941553 0.336865 0
    outer loop
      vertex -1.47821 9.38771 6
      vertex -1.5311 9.53554 0
      vertex -1.5311 9.53554 6
    endloop
  endfacet
  facet normal 0.941553 0.336865 0
    outer loop
      vertex -1.5311 9.53554 0
      vertex -1.47821 9.38771 6
      vertex -1.47821 9.38771 0
    endloop
  endfacet
  facet normal 0.427383 -0.904071 0
    outer loop
      vertex -0.754234 11.4111 0
      vertex -0.612293 11.4782 6
      vertex -0.754234 11.4111 6
    endloop
  endfacet
  facet normal 0.427383 -0.904071 0
    outer loop
      vertex -0.612293 11.4782 6
      vertex -0.754234 11.4111 0
      vertex -0.612293 11.4782 0
    endloop
  endfacet
  facet normal 0.903983 0.427569 0
    outer loop
      vertex -1.41107 9.24576 6
      vertex -1.47821 9.38771 0
      vertex -1.47821 9.38771 6
    endloop
  endfacet
  facet normal 0.903983 0.427569 0
    outer loop
      vertex -1.47821 9.38771 0
      vertex -1.41107 9.24576 6
      vertex -1.41107 9.24576 0
    endloop
  endfacet
  facet normal 0.803184 -0.595732 0
    outer loop
      vertex -1.33035 10.8889 6
      vertex -1.23682 11.015 0
      vertex -1.23682 11.015 6
    endloop
  endfacet
  facet normal 0.803184 -0.595732 0
    outer loop
      vertex -1.23682 11.015 0
      vertex -1.33035 10.8889 6
      vertex -1.33035 10.8889 0
    endloop
  endfacet
  facet normal -0.740933 0.671578 0
    outer loop
      vertex 1.13137 8.86863 0
      vertex 1.23682 8.98497 6
      vertex 1.23682 8.98497 0
    endloop
  endfacet
  facet normal -0.740933 0.671578 0
    outer loop
      vertex 1.23682 8.98497 6
      vertex 1.13137 8.86863 0
      vertex 1.13137 8.86863 6
    endloop
  endfacet
  facet normal -0.595677 0.803224 0
    outer loop
      vertex 1.01503 8.76318 0
      vertex 0.888912 8.66965 6
      vertex 1.01503 8.76318 6
    endloop
  endfacet
  facet normal -0.595677 0.803224 0
    outer loop
      vertex 0.888912 8.66965 6
      vertex 1.01503 8.76318 0
      vertex 0.888912 8.66965 0
    endloop
  endfacet
  facet normal -0.427591 0.903972 0
    outer loop
      vertex 0.754234 8.58893 0
      vertex 0.612293 8.52179 6
      vertex 0.754234 8.58893 6
    endloop
  endfacet
  facet normal -0.427591 0.903972 0
    outer loop
      vertex 0.612293 8.52179 6
      vertex 0.754234 8.58893 0
      vertex 0.612293 8.52179 0
    endloop
  endfacet
  facet normal 0.998793 -0.0491116 0
    outer loop
      vertex -1.6 10 6
      vertex -1.59229 10.1568 0
      vertex -1.59229 10.1568 6
    endloop
  endfacet
  facet normal 0.998793 -0.0491116 0
    outer loop
      vertex -1.59229 10.1568 0
      vertex -1.6 10 6
      vertex -1.6 10 0
    endloop
  endfacet
  facet normal 0.998794 0.0491022 0
    outer loop
      vertex -1.59229 9.84317 6
      vertex -1.6 10 0
      vertex -1.6 10 6
    endloop
  endfacet
  facet normal 0.998794 0.0491022 0
    outer loop
      vertex -1.6 10 0
      vertex -1.59229 9.84317 6
      vertex -1.59229 9.84317 0
    endloop
  endfacet
  facet normal -0.903983 0.427569 0
    outer loop
      vertex 1.41107 9.24576 0
      vertex 1.47821 9.38771 6
      vertex 1.47821 9.38771 0
    endloop
  endfacet
  facet normal -0.903983 0.427569 0
    outer loop
      vertex 1.47821 9.38771 6
      vertex 1.41107 9.24576 0
      vertex 1.41107 9.24576 6
    endloop
  endfacet
  facet normal -0.803184 -0.595732 0
    outer loop
      vertex 1.33035 10.8889 0
      vertex 1.23682 11.015 6
      vertex 1.23682 11.015 0
    endloop
  endfacet
  facet normal -0.803184 -0.595732 0
    outer loop
      vertex 1.23682 11.015 6
      vertex 1.33035 10.8889 0
      vertex 1.33035 10.8889 6
    endloop
  endfacet
  facet normal -0.146736 0.989176 0
    outer loop
      vertex 0.312144 8.43074 0
      vertex 0.156827 8.4077 6
      vertex 0.312144 8.43074 6
    endloop
  endfacet
  facet normal -0.146736 0.989176 0
    outer loop
      vertex 0.156827 8.4077 6
      vertex 0.312144 8.43074 0
      vertex 0.156827 8.4077 0
    endloop
  endfacet
  facet normal -0.970053 -0.242895 0
    outer loop
      vertex 1.56926 10.3121 0
      vertex 1.5311 10.4645 6
      vertex 1.5311 10.4645 0
    endloop
  endfacet
  facet normal -0.970053 -0.242895 0
    outer loop
      vertex 1.5311 10.4645 6
      vertex 1.56926 10.3121 0
      vertex 1.56926 10.3121 6
    endloop
  endfacet
  facet normal 0.427591 0.903972 -0
    outer loop
      vertex -0.612293 8.52179 0
      vertex -0.754234 8.58893 6
      vertex -0.612293 8.52179 6
    endloop
  endfacet
  facet normal 0.427591 0.903972 0
    outer loop
      vertex -0.754234 8.58893 6
      vertex -0.612293 8.52179 0
      vertex -0.754234 8.58893 0
    endloop
  endfacet
  facet normal -0.671578 0.740933 0
    outer loop
      vertex 1.13137 8.86863 0
      vertex 1.01503 8.76318 6
      vertex 1.13137 8.86863 6
    endloop
  endfacet
  facet normal -0.671578 0.740933 0
    outer loop
      vertex 1.01503 8.76318 6
      vertex 1.13137 8.86863 0
      vertex 1.01503 8.76318 0
    endloop
  endfacet
  facet normal -0.803229 0.595671 0
    outer loop
      vertex 1.23682 8.98497 0
      vertex 1.33035 9.11109 6
      vertex 1.33035 9.11109 0
    endloop
  endfacet
  facet normal -0.803229 0.595671 0
    outer loop
      vertex 1.33035 9.11109 6
      vertex 1.23682 8.98497 0
      vertex 1.23682 8.98497 6
    endloop
  endfacet
  facet normal -0.513995 -0.857793 0
    outer loop
      vertex 0.754234 11.4111 0
      vertex 0.888912 11.3304 6
      vertex 0.754234 11.4111 6
    endloop
  endfacet
  facet normal -0.513995 -0.857793 -0
    outer loop
      vertex 0.888912 11.3304 6
      vertex 0.754234 11.4111 0
      vertex 0.888912 11.3304 0
    endloop
  endfacet
  facet normal 0.671578 0.740933 -0
    outer loop
      vertex -1.01503 8.76318 0
      vertex -1.13137 8.86863 6
      vertex -1.01503 8.76318 6
    endloop
  endfacet
  facet normal 0.671578 0.740933 0
    outer loop
      vertex -1.13137 8.86863 6
      vertex -1.01503 8.76318 0
      vertex -1.13137 8.86863 0
    endloop
  endfacet
  facet normal -0.427383 -0.904071 0
    outer loop
      vertex 0.612293 11.4782 0
      vertex 0.754234 11.4111 6
      vertex 0.612293 11.4782 6
    endloop
  endfacet
  facet normal -0.427383 -0.904071 -0
    outer loop
      vertex 0.754234 11.4111 6
      vertex 0.612293 11.4782 0
      vertex 0.754234 11.4111 0
    endloop
  endfacet
  facet normal -0.0490396 -0.998797 0
    outer loop
      vertex 0 11.6 0
      vertex 0.156827 11.5923 6
      vertex 0 11.6 6
    endloop
  endfacet
  facet normal -0.0490396 -0.998797 -0
    outer loop
      vertex 0.156827 11.5923 6
      vertex 0 11.6 0
      vertex 0.156827 11.5923 0
    endloop
  endfacet
  facet normal -0.998794 0.0491022 0
    outer loop
      vertex 1.59229 9.84317 0
      vertex 1.6 10 6
      vertex 1.6 10 0
    endloop
  endfacet
  facet normal -0.998794 0.0491022 0
    outer loop
      vertex 1.6 10 6
      vertex 1.59229 9.84317 0
      vertex 1.59229 9.84317 6
    endloop
  endfacet
  facet normal 0.0490396 0.998797 -0
    outer loop
      vertex 0 8.4 0
      vertex -0.156827 8.4077 6
      vertex 0 8.4 6
    endloop
  endfacet
  facet normal 0.0490396 0.998797 0
    outer loop
      vertex -0.156827 8.4077 6
      vertex 0 8.4 0
      vertex -0.156827 8.4077 0
    endloop
  endfacet
  facet normal -0.941553 0.336865 0
    outer loop
      vertex 1.47821 9.38771 0
      vertex 1.5311 9.53554 6
      vertex 1.5311 9.53554 0
    endloop
  endfacet
  facet normal -0.941553 0.336865 0
    outer loop
      vertex 1.5311 9.53554 6
      vertex 1.47821 9.38771 0
      vertex 1.47821 9.38771 6
    endloop
  endfacet
  facet normal -0.741106 -0.671388 0
    outer loop
      vertex 1.23682 11.015 0
      vertex 1.13137 11.1314 6
      vertex 1.13137 11.1314 0
    endloop
  endfacet
  facet normal -0.741106 -0.671388 0
    outer loop
      vertex 1.13137 11.1314 6
      vertex 1.23682 11.015 0
      vertex 1.23682 11.015 6
    endloop
  endfacet
  facet normal 0.969959 0.243268 0
    outer loop
      vertex -11.5311 -0.464455 6
      vertex -11.5693 -0.312144 0
      vertex -11.5693 -0.312144 6
    endloop
  endfacet
  facet normal 0.969959 0.243268 0
    outer loop
      vertex -11.5693 -0.312144 0
      vertex -11.5311 -0.464455 6
      vertex -11.5311 -0.464455 0
    endloop
  endfacet
  facet normal 0.336926 -0.941531 0
    outer loop
      vertex -10.6123 1.47821 0
      vertex -10.4645 1.5311 6
      vertex -10.6123 1.47821 6
    endloop
  endfacet
  facet normal 0.336926 -0.941531 0
    outer loop
      vertex -10.4645 1.5311 6
      vertex -10.6123 1.47821 0
      vertex -10.4645 1.5311 0
    endloop
  endfacet
  facet normal 0.904071 0.427383 0
    outer loop
      vertex -11.4111 -0.754234 6
      vertex -11.4782 -0.612293 0
      vertex -11.4782 -0.612293 6
    endloop
  endfacet
  facet normal 0.904071 0.427383 0
    outer loop
      vertex -11.4782 -0.612293 0
      vertex -11.4111 -0.754234 6
      vertex -11.4111 -0.754234 0
    endloop
  endfacet
  facet normal 0.998797 0.0490396 0
    outer loop
      vertex -11.5923 -0.156827 6
      vertex -11.6 0 0
      vertex -11.6 0 6
    endloop
  endfacet
  facet normal 0.998797 0.0490396 0
    outer loop
      vertex -11.6 0 0
      vertex -11.5923 -0.156827 6
      vertex -11.5923 -0.156827 0
    endloop
  endfacet
  facet normal 0.242895 0.970053 -0
    outer loop
      vertex -10.3121 -1.56926 0
      vertex -10.4645 -1.5311 6
      vertex -10.3121 -1.56926 6
    endloop
  endfacet
  facet normal 0.242895 0.970053 0
    outer loop
      vertex -10.4645 -1.5311 6
      vertex -10.3121 -1.56926 0
      vertex -10.4645 -1.5311 0
    endloop
  endfacet
  facet normal -0.24303 -0.970019 0
    outer loop
      vertex -9.68785 1.56926 0
      vertex -9.53554 1.5311 6
      vertex -9.68785 1.56926 6
    endloop
  endfacet
  facet normal -0.24303 -0.970019 -0
    outer loop
      vertex -9.53554 1.5311 6
      vertex -9.68785 1.56926 0
      vertex -9.53554 1.5311 0
    endloop
  endfacet
  facet normal -0.857737 -0.514089 0
    outer loop
      vertex -8.58893 0.754234 0
      vertex -8.66965 0.888912 6
      vertex -8.66965 0.888912 0
    endloop
  endfacet
  facet normal -0.857737 -0.514089 0
    outer loop
      vertex -8.66965 0.888912 6
      vertex -8.58893 0.754234 0
      vertex -8.58893 0.754234 6
    endloop
  endfacet
  facet normal 0.146689 -0.989183 0
    outer loop
      vertex -10.3121 1.56926 0
      vertex -10.1568 1.59229 6
      vertex -10.3121 1.56926 6
    endloop
  endfacet
  facet normal 0.146689 -0.989183 0
    outer loop
      vertex -10.1568 1.59229 6
      vertex -10.3121 1.56926 0
      vertex -10.1568 1.59229 0
    endloop
  endfacet
  facet normal -0.803224 0.595677 0
    outer loop
      vertex -8.76318 -1.01503 0
      vertex -8.66965 -0.888912 6
      vertex -8.66965 -0.888912 0
    endloop
  endfacet
  facet normal -0.803224 0.595677 0
    outer loop
      vertex -8.66965 -0.888912 6
      vertex -8.76318 -1.01503 0
      vertex -8.76318 -1.01503 6
    endloop
  endfacet
  facet normal -0.514112 0.857723 0
    outer loop
      vertex -9.11109 -1.33035 0
      vertex -9.24576 -1.41107 6
      vertex -9.11109 -1.33035 6
    endloop
  endfacet
  facet normal -0.514112 0.857723 0
    outer loop
      vertex -9.24576 -1.41107 6
      vertex -9.11109 -1.33035 0
      vertex -9.24576 -1.41107 0
    endloop
  endfacet
  facet normal -0.941539 -0.336905 0
    outer loop
      vertex -8.46889 0.464455 0
      vertex -8.52179 0.612293 6
      vertex -8.52179 0.612293 0
    endloop
  endfacet
  facet normal -0.941539 -0.336905 0
    outer loop
      vertex -8.52179 0.612293 6
      vertex -8.46889 0.464455 0
      vertex -8.46889 0.464455 6
    endloop
  endfacet
  facet normal 0.857793 0.513995 0
    outer loop
      vertex -11.3304 -0.888912 6
      vertex -11.4111 -0.754234 0
      vertex -11.4111 -0.754234 6
    endloop
  endfacet
  facet normal 0.857793 0.513995 0
    outer loop
      vertex -11.4111 -0.754234 0
      vertex -11.3304 -0.888912 6
      vertex -11.3304 -0.888912 0
    endloop
  endfacet
  facet normal 0.803011 0.595964 0
    outer loop
      vertex -11.2368 -1.01503 6
      vertex -11.3304 -0.888912 0
      vertex -11.3304 -0.888912 6
    endloop
  endfacet
  facet normal 0.803011 0.595964 0
    outer loop
      vertex -11.3304 -0.888912 0
      vertex -11.2368 -1.01503 6
      vertex -11.2368 -1.01503 0
    endloop
  endfacet
  facet normal -0.989176 0.146736 0
    outer loop
      vertex -8.43074 -0.312144 0
      vertex -8.4077 -0.156827 6
      vertex -8.4077 -0.156827 0
    endloop
  endfacet
  facet normal -0.989176 0.146736 0
    outer loop
      vertex -8.4077 -0.156827 6
      vertex -8.43074 -0.312144 0
      vertex -8.43074 -0.312144 6
    endloop
  endfacet
  facet normal -0.941539 0.336905 0
    outer loop
      vertex -8.52179 -0.612293 0
      vertex -8.46889 -0.464455 6
      vertex -8.46889 -0.464455 0
    endloop
  endfacet
  facet normal -0.941539 0.336905 0
    outer loop
      vertex -8.46889 -0.464455 6
      vertex -8.52179 -0.612293 0
      vertex -8.52179 -0.612293 6
    endloop
  endfacet
  facet normal -0.671578 0.740933 0
    outer loop
      vertex -8.86863 -1.13137 0
      vertex -8.98497 -1.23682 6
      vertex -8.86863 -1.13137 6
    endloop
  endfacet
  facet normal -0.671578 0.740933 0
    outer loop
      vertex -8.98497 -1.23682 6
      vertex -8.86863 -1.13137 0
      vertex -8.98497 -1.23682 0
    endloop
  endfacet
  facet normal -0.998797 -0.0490396 0
    outer loop
      vertex -8.4 0 0
      vertex -8.4077 0.156827 6
      vertex -8.4077 0.156827 0
    endloop
  endfacet
  facet normal -0.998797 -0.0490396 0
    outer loop
      vertex -8.4077 0.156827 6
      vertex -8.4 0 0
      vertex -8.4 0 6
    endloop
  endfacet
  facet normal 0.989213 -0.146487 0
    outer loop
      vertex -11.5923 0.156827 6
      vertex -11.5693 0.312144 0
      vertex -11.5693 0.312144 6
    endloop
  endfacet
  facet normal 0.989213 -0.146487 0
    outer loop
      vertex -11.5693 0.312144 0
      vertex -11.5923 0.156827 6
      vertex -11.5923 0.156827 0
    endloop
  endfacet
  facet normal 0.595732 0.803184 -0
    outer loop
      vertex -10.8889 -1.33035 0
      vertex -11.015 -1.23682 6
      vertex -10.8889 -1.33035 6
    endloop
  endfacet
  facet normal 0.595732 0.803184 0
    outer loop
      vertex -11.015 -1.23682 6
      vertex -10.8889 -1.33035 0
      vertex -11.015 -1.23682 0
    endloop
  endfacet
  facet normal 0.941539 0.336905 0
    outer loop
      vertex -11.4782 -0.612293 6
      vertex -11.5311 -0.464455 0
      vertex -11.5311 -0.464455 6
    endloop
  endfacet
  facet normal 0.941539 0.336905 0
    outer loop
      vertex -11.5311 -0.464455 0
      vertex -11.4782 -0.612293 6
      vertex -11.4782 -0.612293 0
    endloop
  endfacet
  facet normal 0.671388 0.741106 -0
    outer loop
      vertex -11.015 -1.23682 0
      vertex -11.1314 -1.13137 6
      vertex -11.015 -1.23682 6
    endloop
  endfacet
  facet normal 0.671388 0.741106 0
    outer loop
      vertex -11.1314 -1.13137 6
      vertex -11.015 -1.23682 0
      vertex -11.1314 -1.13137 0
    endloop
  endfacet
  facet normal -0.970034 -0.242969 0
    outer loop
      vertex -8.43074 0.312144 0
      vertex -8.46889 0.464455 6
      vertex -8.46889 0.464455 0
    endloop
  endfacet
  facet normal -0.970034 -0.242969 0
    outer loop
      vertex -8.46889 0.464455 6
      vertex -8.43074 0.312144 0
      vertex -8.43074 0.312144 6
    endloop
  endfacet
  facet normal 0.741092 0.671404 0
    outer loop
      vertex -11.1314 -1.13137 6
      vertex -11.2368 -1.01503 0
      vertex -11.2368 -1.01503 6
    endloop
  endfacet
  facet normal 0.741092 0.671404 0
    outer loop
      vertex -11.2368 -1.01503 0
      vertex -11.1314 -1.13137 6
      vertex -11.1314 -1.13137 0
    endloop
  endfacet
  facet normal -0.989176 -0.146736 0
    outer loop
      vertex -8.4077 0.156827 0
      vertex -8.43074 0.312144 6
      vertex -8.43074 0.312144 0
    endloop
  endfacet
  facet normal -0.989176 -0.146736 0
    outer loop
      vertex -8.43074 0.312144 6
      vertex -8.4077 0.156827 0
      vertex -8.4077 0.156827 6
    endloop
  endfacet
  facet normal 0.336926 0.941531 -0
    outer loop
      vertex -10.4645 -1.5311 0
      vertex -10.6123 -1.47821 6
      vertex -10.4645 -1.5311 6
    endloop
  endfacet
  facet normal 0.336926 0.941531 0
    outer loop
      vertex -10.6123 -1.47821 6
      vertex -10.4645 -1.5311 0
      vertex -10.6123 -1.47821 0
    endloop
  endfacet
  facet normal 0.989213 0.146487 0
    outer loop
      vertex -11.5693 -0.312144 6
      vertex -11.5923 -0.156827 0
      vertex -11.5923 -0.156827 6
    endloop
  endfacet
  facet normal 0.989213 0.146487 0
    outer loop
      vertex -11.5923 -0.156827 0
      vertex -11.5693 -0.312144 6
      vertex -11.5693 -0.312144 0
    endloop
  endfacet
  facet normal -0.857737 0.514089 0
    outer loop
      vertex -8.66965 -0.888912 0
      vertex -8.58893 -0.754234 6
      vertex -8.58893 -0.754234 0
    endloop
  endfacet
  facet normal -0.857737 0.514089 0
    outer loop
      vertex -8.58893 -0.754234 6
      vertex -8.66965 -0.888912 0
      vertex -8.66965 -0.888912 6
    endloop
  endfacet
  facet normal -0.970034 0.242969 0
    outer loop
      vertex -8.46889 -0.464455 0
      vertex -8.43074 -0.312144 6
      vertex -8.43074 -0.312144 0
    endloop
  endfacet
  facet normal -0.970034 0.242969 0
    outer loop
      vertex -8.43074 -0.312144 6
      vertex -8.46889 -0.464455 0
      vertex -8.46889 -0.464455 6
    endloop
  endfacet
  facet normal 0.514027 -0.857774 0
    outer loop
      vertex -10.8889 1.33035 0
      vertex -10.7542 1.41107 6
      vertex -10.8889 1.33035 6
    endloop
  endfacet
  facet normal 0.514027 -0.857774 0
    outer loop
      vertex -10.7542 1.41107 6
      vertex -10.8889 1.33035 0
      vertex -10.7542 1.41107 0
    endloop
  endfacet
  facet normal 0.427692 -0.903925 0
    outer loop
      vertex -10.7542 1.41107 0
      vertex -10.6123 1.47821 6
      vertex -10.7542 1.41107 6
    endloop
  endfacet
  facet normal 0.427692 -0.903925 0
    outer loop
      vertex -10.6123 1.47821 6
      vertex -10.7542 1.41107 0
      vertex -10.6123 1.47821 0
    endloop
  endfacet
  facet normal -0.146671 0.989185 0
    outer loop
      vertex -9.68785 -1.56926 0
      vertex -9.84317 -1.59229 6
      vertex -9.68785 -1.56926 6
    endloop
  endfacet
  facet normal -0.146671 0.989185 0
    outer loop
      vertex -9.84317 -1.59229 6
      vertex -9.68785 -1.56926 0
      vertex -9.84317 -1.59229 0
    endloop
  endfacet
  facet normal -0.24303 0.970019 0
    outer loop
      vertex -9.53554 -1.5311 0
      vertex -9.68785 -1.56926 6
      vertex -9.53554 -1.5311 6
    endloop
  endfacet
  facet normal -0.24303 0.970019 0
    outer loop
      vertex -9.68785 -1.56926 6
      vertex -9.53554 -1.5311 0
      vertex -9.68785 -1.56926 0
    endloop
  endfacet
  facet normal 0.969959 -0.243268 0
    outer loop
      vertex -11.5693 0.312144 6
      vertex -11.5311 0.464455 0
      vertex -11.5311 0.464455 6
    endloop
  endfacet
  facet normal 0.969959 -0.243268 0
    outer loop
      vertex -11.5311 0.464455 0
      vertex -11.5693 0.312144 6
      vertex -11.5693 0.312144 0
    endloop
  endfacet
  facet normal 0.514027 0.857774 -0
    outer loop
      vertex -10.7542 -1.41107 0
      vertex -10.8889 -1.33035 6
      vertex -10.7542 -1.41107 6
    endloop
  endfacet
  facet normal 0.514027 0.857774 0
    outer loop
      vertex -10.8889 -1.33035 6
      vertex -10.7542 -1.41107 0
      vertex -10.8889 -1.33035 0
    endloop
  endfacet
  facet normal 0.427692 0.903925 -0
    outer loop
      vertex -10.6123 -1.47821 0
      vertex -10.7542 -1.41107 6
      vertex -10.6123 -1.47821 6
    endloop
  endfacet
  facet normal 0.427692 0.903925 0
    outer loop
      vertex -10.7542 -1.41107 6
      vertex -10.6123 -1.47821 0
      vertex -10.7542 -1.41107 0
    endloop
  endfacet
  facet normal -0.595671 0.803229 0
    outer loop
      vertex -8.98497 -1.23682 0
      vertex -9.11109 -1.33035 6
      vertex -8.98497 -1.23682 6
    endloop
  endfacet
  facet normal -0.595671 0.803229 0
    outer loop
      vertex -9.11109 -1.33035 6
      vertex -8.98497 -1.23682 0
      vertex -9.11109 -1.33035 0
    endloop
  endfacet
  facet normal 0.0491116 -0.998793 0
    outer loop
      vertex -10.1568 1.59229 0
      vertex -10 1.6 6
      vertex -10.1568 1.59229 6
    endloop
  endfacet
  facet normal 0.0491116 -0.998793 0
    outer loop
      vertex -10 1.6 6
      vertex -10.1568 1.59229 0
      vertex -10 1.6 0
    endloop
  endfacet
  facet normal 0.941539 -0.336905 0
    outer loop
      vertex -11.5311 0.464455 6
      vertex -11.4782 0.612293 0
      vertex -11.4782 0.612293 6
    endloop
  endfacet
  facet normal 0.941539 -0.336905 0
    outer loop
      vertex -11.4782 0.612293 0
      vertex -11.5311 0.464455 6
      vertex -11.5311 0.464455 0
    endloop
  endfacet
  facet normal 0.803011 -0.595964 0
    outer loop
      vertex -11.3304 0.888912 6
      vertex -11.2368 1.01503 0
      vertex -11.2368 1.01503 6
    endloop
  endfacet
  facet normal 0.803011 -0.595964 0
    outer loop
      vertex -11.2368 1.01503 0
      vertex -11.3304 0.888912 6
      vertex -11.3304 0.888912 0
    endloop
  endfacet
  facet normal 0.741092 -0.671404 0
    outer loop
      vertex -11.2368 1.01503 6
      vertex -11.1314 1.13137 0
      vertex -11.1314 1.13137 6
    endloop
  endfacet
  facet normal 0.741092 -0.671404 0
    outer loop
      vertex -11.1314 1.13137 0
      vertex -11.2368 1.01503 6
      vertex -11.2368 1.01503 0
    endloop
  endfacet
  facet normal -0.336865 0.941553 0
    outer loop
      vertex -9.38771 -1.47821 0
      vertex -9.53554 -1.5311 6
      vertex -9.38771 -1.47821 6
    endloop
  endfacet
  facet normal -0.336865 0.941553 0
    outer loop
      vertex -9.53554 -1.5311 6
      vertex -9.38771 -1.47821 0
      vertex -9.53554 -1.5311 0
    endloop
  endfacet
  facet normal -0.427569 0.903983 0
    outer loop
      vertex -9.24576 -1.41107 0
      vertex -9.38771 -1.47821 6
      vertex -9.24576 -1.41107 6
    endloop
  endfacet
  facet normal -0.427569 0.903983 0
    outer loop
      vertex -9.38771 -1.47821 6
      vertex -9.24576 -1.41107 0
      vertex -9.38771 -1.47821 0
    endloop
  endfacet
  facet normal -0.671578 -0.740933 0
    outer loop
      vertex -8.98497 1.23682 0
      vertex -8.86863 1.13137 6
      vertex -8.98497 1.23682 6
    endloop
  endfacet
  facet normal -0.671578 -0.740933 -0
    outer loop
      vertex -8.86863 1.13137 6
      vertex -8.98497 1.23682 0
      vertex -8.86863 1.13137 0
    endloop
  endfacet
  facet normal 0.146689 0.989183 -0
    outer loop
      vertex -10.1568 -1.59229 0
      vertex -10.3121 -1.56926 6
      vertex -10.1568 -1.59229 6
    endloop
  endfacet
  facet normal 0.146689 0.989183 0
    outer loop
      vertex -10.3121 -1.56926 6
      vertex -10.1568 -1.59229 0
      vertex -10.3121 -1.56926 0
    endloop
  endfacet
  facet normal -0.903972 -0.427591 0
    outer loop
      vertex -8.52179 0.612293 0
      vertex -8.58893 0.754234 6
      vertex -8.58893 0.754234 0
    endloop
  endfacet
  facet normal -0.903972 -0.427591 0
    outer loop
      vertex -8.58893 0.754234 6
      vertex -8.52179 0.612293 0
      vertex -8.52179 0.612293 6
    endloop
  endfacet
  facet normal -0.803224 -0.595677 0
    outer loop
      vertex -8.66965 0.888912 0
      vertex -8.76318 1.01503 6
      vertex -8.76318 1.01503 0
    endloop
  endfacet
  facet normal -0.803224 -0.595677 0
    outer loop
      vertex -8.76318 1.01503 6
      vertex -8.66965 0.888912 0
      vertex -8.66965 0.888912 6
    endloop
  endfacet
  facet normal -0.0491022 0.998794 0
    outer loop
      vertex -9.84317 -1.59229 0
      vertex -10 -1.6 6
      vertex -9.84317 -1.59229 6
    endloop
  endfacet
  facet normal -0.0491022 0.998794 0
    outer loop
      vertex -10 -1.6 6
      vertex -9.84317 -1.59229 0
      vertex -10 -1.6 0
    endloop
  endfacet
  facet normal -0.427569 -0.903983 0
    outer loop
      vertex -9.38771 1.47821 0
      vertex -9.24576 1.41107 6
      vertex -9.38771 1.47821 6
    endloop
  endfacet
  facet normal -0.427569 -0.903983 -0
    outer loop
      vertex -9.24576 1.41107 6
      vertex -9.38771 1.47821 0
      vertex -9.24576 1.41107 0
    endloop
  endfacet
  facet normal -0.514112 -0.857723 0
    outer loop
      vertex -9.24576 1.41107 0
      vertex -9.11109 1.33035 6
      vertex -9.24576 1.41107 6
    endloop
  endfacet
  facet normal -0.514112 -0.857723 -0
    outer loop
      vertex -9.11109 1.33035 6
      vertex -9.24576 1.41107 0
      vertex -9.11109 1.33035 0
    endloop
  endfacet
  facet normal 0.595732 -0.803184 0
    outer loop
      vertex -11.015 1.23682 0
      vertex -10.8889 1.33035 6
      vertex -11.015 1.23682 6
    endloop
  endfacet
  facet normal 0.595732 -0.803184 0
    outer loop
      vertex -10.8889 1.33035 6
      vertex -11.015 1.23682 0
      vertex -10.8889 1.33035 0
    endloop
  endfacet
  facet normal 0.242895 -0.970053 0
    outer loop
      vertex -10.4645 1.5311 0
      vertex -10.3121 1.56926 6
      vertex -10.4645 1.5311 6
    endloop
  endfacet
  facet normal 0.242895 -0.970053 0
    outer loop
      vertex -10.3121 1.56926 6
      vertex -10.4645 1.5311 0
      vertex -10.3121 1.56926 0
    endloop
  endfacet
  facet normal -0.903972 0.427591 0
    outer loop
      vertex -8.58893 -0.754234 0
      vertex -8.52179 -0.612293 6
      vertex -8.52179 -0.612293 0
    endloop
  endfacet
  facet normal -0.903972 0.427591 0
    outer loop
      vertex -8.52179 -0.612293 6
      vertex -8.58893 -0.754234 0
      vertex -8.58893 -0.754234 6
    endloop
  endfacet
  facet normal -0.740933 -0.671578 0
    outer loop
      vertex -8.76318 1.01503 0
      vertex -8.86863 1.13137 6
      vertex -8.86863 1.13137 0
    endloop
  endfacet
  facet normal -0.740933 -0.671578 0
    outer loop
      vertex -8.86863 1.13137 6
      vertex -8.76318 1.01503 0
      vertex -8.76318 1.01503 6
    endloop
  endfacet
  facet normal 0.857793 -0.513995 0
    outer loop
      vertex -11.4111 0.754234 6
      vertex -11.3304 0.888912 0
      vertex -11.3304 0.888912 6
    endloop
  endfacet
  facet normal 0.857793 -0.513995 0
    outer loop
      vertex -11.3304 0.888912 0
      vertex -11.4111 0.754234 6
      vertex -11.4111 0.754234 0
    endloop
  endfacet
  facet normal -0.740933 0.671578 0
    outer loop
      vertex -8.86863 -1.13137 0
      vertex -8.76318 -1.01503 6
      vertex -8.76318 -1.01503 0
    endloop
  endfacet
  facet normal -0.740933 0.671578 0
    outer loop
      vertex -8.76318 -1.01503 6
      vertex -8.86863 -1.13137 0
      vertex -8.86863 -1.13137 6
    endloop
  endfacet
  facet normal -0.595671 -0.803229 0
    outer loop
      vertex -9.11109 1.33035 0
      vertex -8.98497 1.23682 6
      vertex -9.11109 1.33035 6
    endloop
  endfacet
  facet normal -0.595671 -0.803229 -0
    outer loop
      vertex -8.98497 1.23682 6
      vertex -9.11109 1.33035 0
      vertex -8.98497 1.23682 0
    endloop
  endfacet
  facet normal 0.904071 -0.427383 0
    outer loop
      vertex -11.4782 0.612293 6
      vertex -11.4111 0.754234 0
      vertex -11.4111 0.754234 6
    endloop
  endfacet
  facet normal 0.904071 -0.427383 0
    outer loop
      vertex -11.4111 0.754234 0
      vertex -11.4782 0.612293 6
      vertex -11.4782 0.612293 0
    endloop
  endfacet
  facet normal 0.998797 -0.0490396 0
    outer loop
      vertex -11.6 0 6
      vertex -11.5923 0.156827 0
      vertex -11.5923 0.156827 6
    endloop
  endfacet
  facet normal 0.998797 -0.0490396 0
    outer loop
      vertex -11.5923 0.156827 0
      vertex -11.6 0 6
      vertex -11.6 0 0
    endloop
  endfacet
  facet normal 0.0491116 0.998793 -0
    outer loop
      vertex -10 -1.6 0
      vertex -10.1568 -1.59229 6
      vertex -10 -1.6 6
    endloop
  endfacet
  facet normal 0.0491116 0.998793 0
    outer loop
      vertex -10.1568 -1.59229 6
      vertex -10 -1.6 0
      vertex -10.1568 -1.59229 0
    endloop
  endfacet
  facet normal -0.0491022 -0.998794 0
    outer loop
      vertex -10 1.6 0
      vertex -9.84317 1.59229 6
      vertex -10 1.6 6
    endloop
  endfacet
  facet normal -0.0491022 -0.998794 -0
    outer loop
      vertex -9.84317 1.59229 6
      vertex -10 1.6 0
      vertex -9.84317 1.59229 0
    endloop
  endfacet
  facet normal -0.146671 -0.989185 0
    outer loop
      vertex -9.84317 1.59229 0
      vertex -9.68785 1.56926 6
      vertex -9.84317 1.59229 6
    endloop
  endfacet
  facet normal -0.146671 -0.989185 -0
    outer loop
      vertex -9.68785 1.56926 6
      vertex -9.84317 1.59229 0
      vertex -9.68785 1.56926 0
    endloop
  endfacet
  facet normal -0.998797 0.0490396 0
    outer loop
      vertex -8.4077 -0.156827 0
      vertex -8.4 0 6
      vertex -8.4 0 0
    endloop
  endfacet
  facet normal -0.998797 0.0490396 0
    outer loop
      vertex -8.4 0 6
      vertex -8.4077 -0.156827 0
      vertex -8.4077 -0.156827 6
    endloop
  endfacet
  facet normal -0.336865 -0.941553 0
    outer loop
      vertex -9.53554 1.5311 0
      vertex -9.38771 1.47821 6
      vertex -9.53554 1.5311 6
    endloop
  endfacet
  facet normal -0.336865 -0.941553 -0
    outer loop
      vertex -9.38771 1.47821 6
      vertex -9.53554 1.5311 0
      vertex -9.38771 1.47821 0
    endloop
  endfacet
  facet normal 0.671388 -0.741106 0
    outer loop
      vertex -11.1314 1.13137 0
      vertex -11.015 1.23682 6
      vertex -11.1314 1.13137 6
    endloop
  endfacet
  facet normal 0.671388 -0.741106 0
    outer loop
      vertex -11.015 1.23682 6
      vertex -11.1314 1.13137 0
      vertex -11.015 1.23682 0
    endloop
  endfacet
  facet normal -0.243268 0.969959 0
    outer loop
      vertex 0.464455 -11.5311 0
      vertex 0.312144 -11.5693 6
      vertex 0.464455 -11.5311 6
    endloop
  endfacet
  facet normal -0.243268 0.969959 0
    outer loop
      vertex 0.312144 -11.5693 6
      vertex 0.464455 -11.5311 0
      vertex 0.312144 -11.5693 0
    endloop
  endfacet
  facet normal -0.427383 0.904071 0
    outer loop
      vertex 0.754234 -11.4111 0
      vertex 0.612293 -11.4782 6
      vertex 0.754234 -11.4111 6
    endloop
  endfacet
  facet normal -0.427383 0.904071 0
    outer loop
      vertex 0.612293 -11.4782 6
      vertex 0.754234 -11.4111 0
      vertex 0.612293 -11.4782 0
    endloop
  endfacet
  facet normal -0.0490396 0.998797 0
    outer loop
      vertex 0.156827 -11.5923 0
      vertex 0 -11.6 6
      vertex 0.156827 -11.5923 6
    endloop
  endfacet
  facet normal -0.0490396 0.998797 0
    outer loop
      vertex 0 -11.6 6
      vertex 0.156827 -11.5923 0
      vertex 0 -11.6 0
    endloop
  endfacet
  facet normal -0.970053 0.242895 0
    outer loop
      vertex 1.5311 -10.4645 0
      vertex 1.56926 -10.3121 6
      vertex 1.56926 -10.3121 0
    endloop
  endfacet
  facet normal -0.970053 0.242895 0
    outer loop
      vertex 1.56926 -10.3121 6
      vertex 1.5311 -10.4645 0
      vertex 1.5311 -10.4645 6
    endloop
  endfacet
  facet normal 0.970019 -0.24303 0
    outer loop
      vertex -1.56926 -9.68785 6
      vertex -1.5311 -9.53554 0
      vertex -1.5311 -9.53554 6
    endloop
  endfacet
  facet normal 0.970019 -0.24303 0
    outer loop
      vertex -1.5311 -9.53554 0
      vertex -1.56926 -9.68785 6
      vertex -1.56926 -9.68785 0
    endloop
  endfacet
  facet normal 0.514089 -0.857737 0
    outer loop
      vertex -0.888912 -8.66965 0
      vertex -0.754234 -8.58893 6
      vertex -0.888912 -8.66965 6
    endloop
  endfacet
  facet normal 0.514089 -0.857737 0
    outer loop
      vertex -0.754234 -8.58893 6
      vertex -0.888912 -8.66965 0
      vertex -0.754234 -8.58893 0
    endloop
  endfacet
  facet normal 0.989183 0.146689 0
    outer loop
      vertex -1.56926 -10.3121 6
      vertex -1.59229 -10.1568 0
      vertex -1.59229 -10.1568 6
    endloop
  endfacet
  facet normal 0.989183 0.146689 0
    outer loop
      vertex -1.59229 -10.1568 0
      vertex -1.56926 -10.3121 6
      vertex -1.56926 -10.3121 0
    endloop
  endfacet
  facet normal -0.857723 -0.514112 0
    outer loop
      vertex 1.41107 -9.24576 0
      vertex 1.33035 -9.11109 6
      vertex 1.33035 -9.11109 0
    endloop
  endfacet
  facet normal -0.857723 -0.514112 0
    outer loop
      vertex 1.33035 -9.11109 6
      vertex 1.41107 -9.24576 0
      vertex 1.41107 -9.24576 6
    endloop
  endfacet
  facet normal 0.336905 -0.941539 0
    outer loop
      vertex -0.612293 -8.52179 0
      vertex -0.464455 -8.46889 6
      vertex -0.612293 -8.52179 6
    endloop
  endfacet
  facet normal 0.336905 -0.941539 0
    outer loop
      vertex -0.464455 -8.46889 6
      vertex -0.612293 -8.52179 0
      vertex -0.464455 -8.46889 0
    endloop
  endfacet
  facet normal 0.671404 0.741092 -0
    outer loop
      vertex -1.01503 -11.2368 0
      vertex -1.13137 -11.1314 6
      vertex -1.01503 -11.2368 6
    endloop
  endfacet
  facet normal 0.671404 0.741092 0
    outer loop
      vertex -1.13137 -11.1314 6
      vertex -1.01503 -11.2368 0
      vertex -1.13137 -11.1314 0
    endloop
  endfacet
  facet normal 0.857774 0.514027 0
    outer loop
      vertex -1.33035 -10.8889 6
      vertex -1.41107 -10.7542 0
      vertex -1.41107 -10.7542 6
    endloop
  endfacet
  facet normal 0.857774 0.514027 0
    outer loop
      vertex -1.41107 -10.7542 0
      vertex -1.33035 -10.8889 6
      vertex -1.33035 -10.8889 0
    endloop
  endfacet
  facet normal -0.146736 -0.989176 0
    outer loop
      vertex 0.156827 -8.4077 0
      vertex 0.312144 -8.43074 6
      vertex 0.156827 -8.4077 6
    endloop
  endfacet
  facet normal -0.146736 -0.989176 -0
    outer loop
      vertex 0.312144 -8.43074 6
      vertex 0.156827 -8.4077 0
      vertex 0.312144 -8.43074 0
    endloop
  endfacet
  facet normal -0.513995 0.857793 0
    outer loop
      vertex 0.888912 -11.3304 0
      vertex 0.754234 -11.4111 6
      vertex 0.888912 -11.3304 6
    endloop
  endfacet
  facet normal -0.513995 0.857793 0
    outer loop
      vertex 0.754234 -11.4111 6
      vertex 0.888912 -11.3304 0
      vertex 0.754234 -11.4111 0
    endloop
  endfacet
  facet normal -0.595964 0.803011 0
    outer loop
      vertex 1.01503 -11.2368 0
      vertex 0.888912 -11.3304 6
      vertex 1.01503 -11.2368 6
    endloop
  endfacet
  facet normal -0.595964 0.803011 0
    outer loop
      vertex 0.888912 -11.3304 6
      vertex 1.01503 -11.2368 0
      vertex 0.888912 -11.3304 0
    endloop
  endfacet
  facet normal 0.243268 0.969959 -0
    outer loop
      vertex -0.312144 -11.5693 0
      vertex -0.464455 -11.5311 6
      vertex -0.312144 -11.5693 6
    endloop
  endfacet
  facet normal 0.243268 0.969959 0
    outer loop
      vertex -0.464455 -11.5311 6
      vertex -0.312144 -11.5693 0
      vertex -0.464455 -11.5311 0
    endloop
  endfacet
  facet normal 0.0490396 -0.998797 0
    outer loop
      vertex -0.156827 -8.4077 0
      vertex 0 -8.4 6
      vertex -0.156827 -8.4077 6
    endloop
  endfacet
  facet normal 0.0490396 -0.998797 0
    outer loop
      vertex 0 -8.4 6
      vertex -0.156827 -8.4077 0
      vertex 0 -8.4 0
    endloop
  endfacet
  facet normal -0.803184 0.595732 0
    outer loop
      vertex 1.23682 -11.015 0
      vertex 1.33035 -10.8889 6
      vertex 1.33035 -10.8889 0
    endloop
  endfacet
  facet normal -0.803184 0.595732 0
    outer loop
      vertex 1.33035 -10.8889 6
      vertex 1.23682 -11.015 0
      vertex 1.23682 -11.015 6
    endloop
  endfacet
  facet normal -0.336905 0.941539 0
    outer loop
      vertex 0.612293 -11.4782 0
      vertex 0.464455 -11.5311 6
      vertex 0.612293 -11.4782 6
    endloop
  endfacet
  facet normal -0.336905 0.941539 0
    outer loop
      vertex 0.464455 -11.5311 6
      vertex 0.612293 -11.4782 0
      vertex 0.464455 -11.5311 0
    endloop
  endfacet
  facet normal -0.741106 0.671388 0
    outer loop
      vertex 1.13137 -11.1314 0
      vertex 1.23682 -11.015 6
      vertex 1.23682 -11.015 0
    endloop
  endfacet
  facet normal -0.741106 0.671388 0
    outer loop
      vertex 1.23682 -11.015 6
      vertex 1.13137 -11.1314 0
      vertex 1.13137 -11.1314 6
    endloop
  endfacet
  facet normal -0.671578 -0.740933 0
    outer loop
      vertex 1.01503 -8.76318 0
      vertex 1.13137 -8.86863 6
      vertex 1.01503 -8.76318 6
    endloop
  endfacet
  facet normal -0.671578 -0.740933 -0
    outer loop
      vertex 1.13137 -8.86863 6
      vertex 1.01503 -8.76318 0
      vertex 1.13137 -8.86863 0
    endloop
  endfacet
  facet normal 0.242969 -0.970034 0
    outer loop
      vertex -0.464455 -8.46889 0
      vertex -0.312144 -8.43074 6
      vertex -0.464455 -8.46889 6
    endloop
  endfacet
  facet normal 0.242969 -0.970034 0
    outer loop
      vertex -0.312144 -8.43074 6
      vertex -0.464455 -8.46889 0
      vertex -0.312144 -8.43074 0
    endloop
  endfacet
  facet normal -0.671404 0.741092 0
    outer loop
      vertex 1.13137 -11.1314 0
      vertex 1.01503 -11.2368 6
      vertex 1.13137 -11.1314 6
    endloop
  endfacet
  facet normal -0.671404 0.741092 0
    outer loop
      vertex 1.01503 -11.2368 6
      vertex 1.13137 -11.1314 0
      vertex 1.01503 -11.2368 0
    endloop
  endfacet
  facet normal -0.941553 -0.336865 0
    outer loop
      vertex 1.5311 -9.53554 0
      vertex 1.47821 -9.38771 6
      vertex 1.47821 -9.38771 0
    endloop
  endfacet
  facet normal -0.941553 -0.336865 0
    outer loop
      vertex 1.47821 -9.38771 6
      vertex 1.5311 -9.53554 0
      vertex 1.5311 -9.53554 6
    endloop
  endfacet
  facet normal 0.146736 -0.989176 0
    outer loop
      vertex -0.312144 -8.43074 0
      vertex -0.156827 -8.4077 6
      vertex -0.312144 -8.43074 6
    endloop
  endfacet
  facet normal 0.146736 -0.989176 0
    outer loop
      vertex -0.156827 -8.4077 6
      vertex -0.312144 -8.43074 0
      vertex -0.156827 -8.4077 0
    endloop
  endfacet
  facet normal -0.941531 0.336926 0
    outer loop
      vertex 1.47821 -10.6123 0
      vertex 1.5311 -10.4645 6
      vertex 1.5311 -10.4645 0
    endloop
  endfacet
  facet normal -0.941531 0.336926 0
    outer loop
      vertex 1.5311 -10.4645 6
      vertex 1.47821 -10.6123 0
      vertex 1.47821 -10.6123 6
    endloop
  endfacet
  facet normal -0.146487 0.989213 0
    outer loop
      vertex 0.312144 -11.5693 0
      vertex 0.156827 -11.5923 6
      vertex 0.312144 -11.5693 6
    endloop
  endfacet
  facet normal -0.146487 0.989213 0
    outer loop
      vertex 0.156827 -11.5923 6
      vertex 0.312144 -11.5693 0
      vertex 0.156827 -11.5923 0
    endloop
  endfacet
  facet normal -0.595677 -0.803224 0
    outer loop
      vertex 0.888912 -8.66965 0
      vertex 1.01503 -8.76318 6
      vertex 0.888912 -8.66965 6
    endloop
  endfacet
  facet normal -0.595677 -0.803224 -0
    outer loop
      vertex 1.01503 -8.76318 6
      vertex 0.888912 -8.66965 0
      vertex 1.01503 -8.76318 0
    endloop
  endfacet
  facet normal -0.242969 -0.970034 0
    outer loop
      vertex 0.312144 -8.43074 0
      vertex 0.464455 -8.46889 6
      vertex 0.312144 -8.43074 6
    endloop
  endfacet
  facet normal -0.242969 -0.970034 -0
    outer loop
      vertex 0.464455 -8.46889 6
      vertex 0.312144 -8.43074 0
      vertex 0.464455 -8.46889 0
    endloop
  endfacet
  facet normal -0.740933 -0.671578 0
    outer loop
      vertex 1.23682 -8.98497 0
      vertex 1.13137 -8.86863 6
      vertex 1.13137 -8.86863 0
    endloop
  endfacet
  facet normal -0.740933 -0.671578 0
    outer loop
      vertex 1.13137 -8.86863 6
      vertex 1.23682 -8.98497 0
      vertex 1.23682 -8.98497 6
    endloop
  endfacet
  facet normal 0.903925 0.427692 0
    outer loop
      vertex -1.41107 -10.7542 6
      vertex -1.47821 -10.6123 0
      vertex -1.47821 -10.6123 6
    endloop
  endfacet
  facet normal 0.903925 0.427692 0
    outer loop
      vertex -1.47821 -10.6123 0
      vertex -1.41107 -10.7542 6
      vertex -1.41107 -10.7542 0
    endloop
  endfacet
  facet normal -0.970019 -0.24303 0
    outer loop
      vertex 1.56926 -9.68785 0
      vertex 1.5311 -9.53554 6
      vertex 1.5311 -9.53554 0
    endloop
  endfacet
  facet normal -0.970019 -0.24303 0
    outer loop
      vertex 1.5311 -9.53554 6
      vertex 1.56926 -9.68785 0
      vertex 1.56926 -9.68785 6
    endloop
  endfacet
  facet normal -0.336905 -0.941539 0
    outer loop
      vertex 0.464455 -8.46889 0
      vertex 0.612293 -8.52179 6
      vertex 0.464455 -8.46889 6
    endloop
  endfacet
  facet normal -0.336905 -0.941539 -0
    outer loop
      vertex 0.612293 -8.52179 6
      vertex 0.464455 -8.46889 0
      vertex 0.612293 -8.52179 0
    endloop
  endfacet
  facet normal -0.857774 0.514027 0
    outer loop
      vertex 1.33035 -10.8889 0
      vertex 1.41107 -10.7542 6
      vertex 1.41107 -10.7542 0
    endloop
  endfacet
  facet normal -0.857774 0.514027 0
    outer loop
      vertex 1.41107 -10.7542 6
      vertex 1.33035 -10.8889 0
      vertex 1.33035 -10.8889 6
    endloop
  endfacet
  facet normal -0.903925 0.427692 0
    outer loop
      vertex 1.41107 -10.7542 0
      vertex 1.47821 -10.6123 6
      vertex 1.47821 -10.6123 0
    endloop
  endfacet
  facet normal -0.903925 0.427692 0
    outer loop
      vertex 1.47821 -10.6123 6
      vertex 1.41107 -10.7542 0
      vertex 1.41107 -10.7542 6
    endloop
  endfacet
  facet normal -0.803229 -0.595671 0
    outer loop
      vertex 1.33035 -9.11109 0
      vertex 1.23682 -8.98497 6
      vertex 1.23682 -8.98497 0
    endloop
  endfacet
  facet normal -0.803229 -0.595671 0
    outer loop
      vertex 1.23682 -8.98497 6
      vertex 1.33035 -9.11109 0
      vertex 1.33035 -9.11109 6
    endloop
  endfacet
  facet normal -0.998794 -0.0491022 0
    outer loop
      vertex 1.6 -10 0
      vertex 1.59229 -9.84317 6
      vertex 1.59229 -9.84317 0
    endloop
  endfacet
  facet normal -0.998794 -0.0491022 0
    outer loop
      vertex 1.59229 -9.84317 6
      vertex 1.6 -10 0
      vertex 1.6 -10 6
    endloop
  endfacet
  facet normal 0.998793 0.0491116 0
    outer loop
      vertex -1.59229 -10.1568 6
      vertex -1.6 -10 0
      vertex -1.6 -10 6
    endloop
  endfacet
  facet normal 0.998793 0.0491116 0
    outer loop
      vertex -1.6 -10 0
      vertex -1.59229 -10.1568 6
      vertex -1.59229 -10.1568 0
    endloop
  endfacet
  facet normal 0.336905 0.941539 -0
    outer loop
      vertex -0.464455 -11.5311 0
      vertex -0.612293 -11.4782 6
      vertex -0.464455 -11.5311 6
    endloop
  endfacet
  facet normal 0.336905 0.941539 0
    outer loop
      vertex -0.612293 -11.4782 6
      vertex -0.464455 -11.5311 0
      vertex -0.612293 -11.4782 0
    endloop
  endfacet
  facet normal 0.595964 0.803011 -0
    outer loop
      vertex -0.888912 -11.3304 0
      vertex -1.01503 -11.2368 6
      vertex -0.888912 -11.3304 6
    endloop
  endfacet
  facet normal 0.595964 0.803011 0
    outer loop
      vertex -1.01503 -11.2368 6
      vertex -0.888912 -11.3304 0
      vertex -1.01503 -11.2368 0
    endloop
  endfacet
  facet normal 0.146487 0.989213 -0
    outer loop
      vertex -0.156827 -11.5923 0
      vertex -0.312144 -11.5693 6
      vertex -0.156827 -11.5923 6
    endloop
  endfacet
  facet normal 0.146487 0.989213 0
    outer loop
      vertex -0.312144 -11.5693 6
      vertex -0.156827 -11.5923 0
      vertex -0.312144 -11.5693 0
    endloop
  endfacet
  facet normal -0.514089 -0.857737 0
    outer loop
      vertex 0.754234 -8.58893 0
      vertex 0.888912 -8.66965 6
      vertex 0.754234 -8.58893 6
    endloop
  endfacet
  facet normal -0.514089 -0.857737 -0
    outer loop
      vertex 0.888912 -8.66965 6
      vertex 0.754234 -8.58893 0
      vertex 0.888912 -8.66965 0
    endloop
  endfacet
  facet normal -0.903983 -0.427569 0
    outer loop
      vertex 1.47821 -9.38771 0
      vertex 1.41107 -9.24576 6
      vertex 1.41107 -9.24576 0
    endloop
  endfacet
  facet normal -0.903983 -0.427569 0
    outer loop
      vertex 1.41107 -9.24576 6
      vertex 1.47821 -9.38771 0
      vertex 1.47821 -9.38771 6
    endloop
  endfacet
  facet normal 0.803184 0.595732 0
    outer loop
      vertex -1.23682 -11.015 6
      vertex -1.33035 -10.8889 0
      vertex -1.33035 -10.8889 6
    endloop
  endfacet
  facet normal 0.803184 0.595732 0
    outer loop
      vertex -1.33035 -10.8889 0
      vertex -1.23682 -11.015 6
      vertex -1.23682 -11.015 0
    endloop
  endfacet
  facet normal 0.740933 -0.671578 0
    outer loop
      vertex -1.23682 -8.98497 6
      vertex -1.13137 -8.86863 0
      vertex -1.13137 -8.86863 6
    endloop
  endfacet
  facet normal 0.740933 -0.671578 0
    outer loop
      vertex -1.13137 -8.86863 0
      vertex -1.23682 -8.98497 6
      vertex -1.23682 -8.98497 0
    endloop
  endfacet
  facet normal -0.989183 0.146689 0
    outer loop
      vertex 1.56926 -10.3121 0
      vertex 1.59229 -10.1568 6
      vertex 1.59229 -10.1568 0
    endloop
  endfacet
  facet normal -0.989183 0.146689 0
    outer loop
      vertex 1.59229 -10.1568 6
      vertex 1.56926 -10.3121 0
      vertex 1.56926 -10.3121 6
    endloop
  endfacet
  facet normal 0.0490396 0.998797 -0
    outer loop
      vertex 0 -11.6 0
      vertex -0.156827 -11.5923 6
      vertex 0 -11.6 6
    endloop
  endfacet
  facet normal 0.0490396 0.998797 0
    outer loop
      vertex -0.156827 -11.5923 6
      vertex 0 -11.6 0
      vertex -0.156827 -11.5923 0
    endloop
  endfacet
  facet normal 0.427591 -0.903972 0
    outer loop
      vertex -0.754234 -8.58893 0
      vertex -0.612293 -8.52179 6
      vertex -0.754234 -8.58893 6
    endloop
  endfacet
  facet normal 0.427591 -0.903972 0
    outer loop
      vertex -0.612293 -8.52179 6
      vertex -0.754234 -8.58893 0
      vertex -0.612293 -8.52179 0
    endloop
  endfacet
  facet normal 0.595677 -0.803224 0
    outer loop
      vertex -1.01503 -8.76318 0
      vertex -0.888912 -8.66965 6
      vertex -1.01503 -8.76318 6
    endloop
  endfacet
  facet normal 0.595677 -0.803224 0
    outer loop
      vertex -0.888912 -8.66965 6
      vertex -1.01503 -8.76318 0
      vertex -0.888912 -8.66965 0
    endloop
  endfacet
  facet normal 0.903983 -0.427569 0
    outer loop
      vertex -1.47821 -9.38771 6
      vertex -1.41107 -9.24576 0
      vertex -1.41107 -9.24576 6
    endloop
  endfacet
  facet normal 0.903983 -0.427569 0
    outer loop
      vertex -1.41107 -9.24576 0
      vertex -1.47821 -9.38771 6
      vertex -1.47821 -9.38771 0
    endloop
  endfacet
  facet normal 0.857723 -0.514112 0
    outer loop
      vertex -1.41107 -9.24576 6
      vertex -1.33035 -9.11109 0
      vertex -1.33035 -9.11109 6
    endloop
  endfacet
  facet normal 0.857723 -0.514112 0
    outer loop
      vertex -1.33035 -9.11109 0
      vertex -1.41107 -9.24576 6
      vertex -1.41107 -9.24576 0
    endloop
  endfacet
  facet normal -0.989185 -0.146671 0
    outer loop
      vertex 1.59229 -9.84317 0
      vertex 1.56926 -9.68785 6
      vertex 1.56926 -9.68785 0
    endloop
  endfacet
  facet normal -0.989185 -0.146671 0
    outer loop
      vertex 1.56926 -9.68785 6
      vertex 1.59229 -9.84317 0
      vertex 1.59229 -9.84317 6
    endloop
  endfacet
  facet normal 0.941531 0.336926 0
    outer loop
      vertex -1.47821 -10.6123 6
      vertex -1.5311 -10.4645 0
      vertex -1.5311 -10.4645 6
    endloop
  endfacet
  facet normal 0.941531 0.336926 0
    outer loop
      vertex -1.5311 -10.4645 0
      vertex -1.47821 -10.6123 6
      vertex -1.47821 -10.6123 0
    endloop
  endfacet
  facet normal 0.970053 0.242895 0
    outer loop
      vertex -1.5311 -10.4645 6
      vertex -1.56926 -10.3121 0
      vertex -1.56926 -10.3121 6
    endloop
  endfacet
  facet normal 0.970053 0.242895 0
    outer loop
      vertex -1.56926 -10.3121 0
      vertex -1.5311 -10.4645 6
      vertex -1.5311 -10.4645 0
    endloop
  endfacet
  facet normal -0.427591 -0.903972 0
    outer loop
      vertex 0.612293 -8.52179 0
      vertex 0.754234 -8.58893 6
      vertex 0.612293 -8.52179 6
    endloop
  endfacet
  facet normal -0.427591 -0.903972 -0
    outer loop
      vertex 0.754234 -8.58893 6
      vertex 0.612293 -8.52179 0
      vertex 0.754234 -8.58893 0
    endloop
  endfacet
  facet normal 0.671578 -0.740933 0
    outer loop
      vertex -1.13137 -8.86863 0
      vertex -1.01503 -8.76318 6
      vertex -1.13137 -8.86863 6
    endloop
  endfacet
  facet normal 0.671578 -0.740933 0
    outer loop
      vertex -1.01503 -8.76318 6
      vertex -1.13137 -8.86863 0
      vertex -1.01503 -8.76318 0
    endloop
  endfacet
  facet normal 0.427383 0.904071 -0
    outer loop
      vertex -0.612293 -11.4782 0
      vertex -0.754234 -11.4111 6
      vertex -0.612293 -11.4782 6
    endloop
  endfacet
  facet normal 0.427383 0.904071 0
    outer loop
      vertex -0.754234 -11.4111 6
      vertex -0.612293 -11.4782 0
      vertex -0.754234 -11.4111 0
    endloop
  endfacet
  facet normal 0.513995 0.857793 -0
    outer loop
      vertex -0.754234 -11.4111 0
      vertex -0.888912 -11.3304 6
      vertex -0.754234 -11.4111 6
    endloop
  endfacet
  facet normal 0.513995 0.857793 0
    outer loop
      vertex -0.888912 -11.3304 6
      vertex -0.754234 -11.4111 0
      vertex -0.888912 -11.3304 0
    endloop
  endfacet
  facet normal 0.803229 -0.595671 0
    outer loop
      vertex -1.33035 -9.11109 6
      vertex -1.23682 -8.98497 0
      vertex -1.23682 -8.98497 6
    endloop
  endfacet
  facet normal 0.803229 -0.595671 0
    outer loop
      vertex -1.23682 -8.98497 0
      vertex -1.33035 -9.11109 6
      vertex -1.33035 -9.11109 0
    endloop
  endfacet
  facet normal -0.998793 0.0491116 0
    outer loop
      vertex 1.59229 -10.1568 0
      vertex 1.6 -10 6
      vertex 1.6 -10 0
    endloop
  endfacet
  facet normal -0.998793 0.0491116 0
    outer loop
      vertex 1.6 -10 6
      vertex 1.59229 -10.1568 0
      vertex 1.59229 -10.1568 6
    endloop
  endfacet
  facet normal 0.998794 -0.0491022 0
    outer loop
      vertex -1.6 -10 6
      vertex -1.59229 -9.84317 0
      vertex -1.59229 -9.84317 6
    endloop
  endfacet
  facet normal 0.998794 -0.0491022 0
    outer loop
      vertex -1.59229 -9.84317 0
      vertex -1.6 -10 6
      vertex -1.6 -10 0
    endloop
  endfacet
  facet normal 0.989185 -0.146671 0
    outer loop
      vertex -1.59229 -9.84317 6
      vertex -1.56926 -9.68785 0
      vertex -1.56926 -9.68785 6
    endloop
  endfacet
  facet normal 0.989185 -0.146671 0
    outer loop
      vertex -1.56926 -9.68785 0
      vertex -1.59229 -9.84317 6
      vertex -1.59229 -9.84317 0
    endloop
  endfacet
  facet normal -0.0490396 -0.998797 0
    outer loop
      vertex 0 -8.4 0
      vertex 0.156827 -8.4077 6
      vertex 0 -8.4 6
    endloop
  endfacet
  facet normal -0.0490396 -0.998797 -0
    outer loop
      vertex 0.156827 -8.4077 6
      vertex 0 -8.4 0
      vertex 0.156827 -8.4077 0
    endloop
  endfacet
  facet normal 0.941553 -0.336865 0
    outer loop
      vertex -1.5311 -9.53554 6
      vertex -1.47821 -9.38771 0
      vertex -1.47821 -9.38771 6
    endloop
  endfacet
  facet normal 0.941553 -0.336865 0
    outer loop
      vertex -1.47821 -9.38771 0
      vertex -1.5311 -9.53554 6
      vertex -1.5311 -9.53554 0
    endloop
  endfacet
  facet normal 0.741106 0.671388 0
    outer loop
      vertex -1.13137 -11.1314 6
      vertex -1.23682 -11.015 0
      vertex -1.23682 -11.015 6
    endloop
  endfacet
  facet normal 0.741106 0.671388 0
    outer loop
      vertex -1.23682 -11.015 0
      vertex -1.13137 -11.1314 6
      vertex -1.13137 -11.1314 0
    endloop
  endfacet
  facet normal -0.671568 -0.740943 0
    outer loop
      vertex -35.3553 -35.3553 0
      vertex -31.7197 -38.6505 6
      vertex -35.3553 -35.3553 6
    endloop
  endfacet
  facet normal -0.671568 -0.740943 -0
    outer loop
      vertex -31.7197 -38.6505 6
      vertex -35.3553 -35.3553 0
      vertex -31.7197 -38.6505 0
    endloop
  endfacet
  facet normal -0.941548 0.336879 0
    outer loop
      vertex -47.847 14.5142 0
      vertex -46.194 19.1342 6
      vertex -46.194 19.1342 0
    endloop
  endfacet
  facet normal -0.941548 0.336879 0
    outer loop
      vertex -46.194 19.1342 6
      vertex -47.847 14.5142 0
      vertex -47.847 14.5142 6
    endloop
  endfacet
  facet normal 0.989179 0.146716 0
    outer loop
      vertex 49.7592 4.90086 6
      vertex 49.0393 9.75452 0
      vertex 49.0393 9.75452 6
    endloop
  endfacet
  facet normal 0.989179 0.146716 0
    outer loop
      vertex 49.0393 9.75452 0
      vertex 49.7592 4.90086 6
      vertex 49.7592 4.90086 0
    endloop
  endfacet
  facet normal 0.998795 0.049075 0
    outer loop
      vertex 50 0 6
      vertex 49.7592 4.90086 0
      vertex 49.7592 4.90086 6
    endloop
  endfacet
  facet normal 0.998795 0.049075 0
    outer loop
      vertex 49.7592 4.90086 0
      vertex 50 0 6
      vertex 50 0 0
    endloop
  endfacet
  facet normal -0.514103 -0.857728 0
    outer loop
      vertex -27.7785 -41.5735 0
      vertex -23.5698 -44.0961 6
      vertex -27.7785 -41.5735 6
    endloop
  endfacet
  facet normal -0.514103 -0.857728 -0
    outer loop
      vertex -23.5698 -44.0961 6
      vertex -27.7785 -41.5735 0
      vertex -23.5698 -44.0961 0
    endloop
  endfacet
  facet normal 0.671568 0.740943 -0
    outer loop
      vertex 35.3553 35.3553 0
      vertex 31.7197 38.6505 6
      vertex 35.3553 35.3553 6
    endloop
  endfacet
  facet normal 0.671568 0.740943 0
    outer loop
      vertex 31.7197 38.6505 6
      vertex 35.3553 35.3553 0
      vertex 31.7197 38.6505 0
    endloop
  endfacet
  facet normal -0.146716 -0.989179 0
    outer loop
      vertex -9.75452 -49.0393 0
      vertex -4.90086 -49.7592 6
      vertex -9.75452 -49.0393 6
    endloop
  endfacet
  facet normal -0.146716 -0.989179 -0
    outer loop
      vertex -4.90086 -49.7592 6
      vertex -9.75452 -49.0393 0
      vertex -4.90086 -49.7592 0
    endloop
  endfacet
  facet normal 0.740943 0.671568 0
    outer loop
      vertex 38.6505 31.7197 6
      vertex 35.3553 35.3553 0
      vertex 35.3553 35.3553 6
    endloop
  endfacet
  facet normal 0.740943 0.671568 0
    outer loop
      vertex 35.3553 35.3553 0
      vertex 38.6505 31.7197 6
      vertex 38.6505 31.7197 0
    endloop
  endfacet
  facet normal 0.427558 0.903988 -0
    outer loop
      vertex 23.5698 44.0961 0
      vertex 19.1342 46.194 6
      vertex 23.5698 44.0961 6
    endloop
  endfacet
  facet normal 0.427558 0.903988 0
    outer loop
      vertex 19.1342 46.194 6
      vertex 23.5698 44.0961 0
      vertex 19.1342 46.194 0
    endloop
  endfacet
  facet normal 0.049075 -0.998795 0
    outer loop
      vertex 0 -50 0
      vertex 4.90086 -49.7592 6
      vertex 0 -50 6
    endloop
  endfacet
  facet normal 0.049075 -0.998795 0
    outer loop
      vertex 4.90086 -49.7592 6
      vertex 0 -50 0
      vertex 4.90086 -49.7592 0
    endloop
  endfacet
  facet normal -0.740943 0.671568 0
    outer loop
      vertex -38.6505 31.7197 0
      vertex -35.3553 35.3553 6
      vertex -35.3553 35.3553 0
    endloop
  endfacet
  facet normal -0.740943 0.671568 0
    outer loop
      vertex -35.3553 35.3553 6
      vertex -38.6505 31.7197 0
      vertex -38.6505 31.7197 6
    endloop
  endfacet
  facet normal 0.989179 -0.146716 0
    outer loop
      vertex 49.0393 -9.75452 6
      vertex 49.7592 -4.90086 0
      vertex 49.7592 -4.90086 6
    endloop
  endfacet
  facet normal 0.989179 -0.146716 0
    outer loop
      vertex 49.7592 -4.90086 0
      vertex 49.0393 -9.75452 6
      vertex 49.0393 -9.75452 0
    endloop
  endfacet
  facet normal 0.903988 0.427558 0
    outer loop
      vertex 46.194 19.1342 6
      vertex 44.0961 23.5698 0
      vertex 44.0961 23.5698 6
    endloop
  endfacet
  facet normal 0.903988 0.427558 0
    outer loop
      vertex 44.0961 23.5698 0
      vertex 46.194 19.1342 6
      vertex 46.194 19.1342 0
    endloop
  endfacet
  facet normal -0.242992 0.970028 0
    outer loop
      vertex -9.75452 49.0393 0
      vertex -14.5142 47.847 6
      vertex -9.75452 49.0393 6
    endloop
  endfacet
  facet normal -0.242992 0.970028 0
    outer loop
      vertex -14.5142 47.847 6
      vertex -9.75452 49.0393 0
      vertex -14.5142 47.847 0
    endloop
  endfacet
  facet normal -0.803207 0.5957 0
    outer loop
      vertex -41.5735 27.7785 0
      vertex -38.6505 31.7197 6
      vertex -38.6505 31.7197 0
    endloop
  endfacet
  facet normal -0.803207 0.5957 0
    outer loop
      vertex -38.6505 31.7197 6
      vertex -41.5735 27.7785 0
      vertex -41.5735 27.7785 6
    endloop
  endfacet
  facet normal 0.242992 0.970028 -0
    outer loop
      vertex 14.5142 47.847 0
      vertex 9.75452 49.0393 6
      vertex 14.5142 47.847 6
    endloop
  endfacet
  facet normal 0.242992 0.970028 0
    outer loop
      vertex 9.75452 49.0393 6
      vertex 14.5142 47.847 0
      vertex 9.75452 49.0393 0
    endloop
  endfacet
  facet normal 0.336879 0.941548 -0
    outer loop
      vertex 19.1342 46.194 0
      vertex 14.5142 47.847 6
      vertex 19.1342 46.194 6
    endloop
  endfacet
  facet normal 0.336879 0.941548 0
    outer loop
      vertex 14.5142 47.847 6
      vertex 19.1342 46.194 0
      vertex 14.5142 47.847 0
    endloop
  endfacet
  facet normal 0.941548 0.336879 0
    outer loop
      vertex 47.847 14.5142 6
      vertex 46.194 19.1342 0
      vertex 46.194 19.1342 6
    endloop
  endfacet
  facet normal 0.941548 0.336879 0
    outer loop
      vertex 46.194 19.1342 0
      vertex 47.847 14.5142 6
      vertex 47.847 14.5142 0
    endloop
  endfacet
  facet normal 0.5957 0.803207 -0
    outer loop
      vertex 31.7197 38.6505 0
      vertex 27.7785 41.5735 6
      vertex 31.7197 38.6505 6
    endloop
  endfacet
  facet normal 0.5957 0.803207 0
    outer loop
      vertex 27.7785 41.5735 6
      vertex 31.7197 38.6505 0
      vertex 27.7785 41.5735 0
    endloop
  endfacet
  facet normal -0.857728 -0.514103 0
    outer loop
      vertex -41.5735 -27.7785 0
      vertex -44.0961 -23.5698 6
      vertex -44.0961 -23.5698 0
    endloop
  endfacet
  facet normal -0.857728 -0.514103 0
    outer loop
      vertex -44.0961 -23.5698 6
      vertex -41.5735 -27.7785 0
      vertex -41.5735 -27.7785 6
    endloop
  endfacet
  facet normal 0.514103 0.857728 -0
    outer loop
      vertex 27.7785 41.5735 0
      vertex 23.5698 44.0961 6
      vertex 27.7785 41.5735 6
    endloop
  endfacet
  facet normal 0.514103 0.857728 0
    outer loop
      vertex 23.5698 44.0961 6
      vertex 27.7785 41.5735 0
      vertex 23.5698 44.0961 0
    endloop
  endfacet
  facet normal 0.941548 -0.336879 0
    outer loop
      vertex 46.194 -19.1342 6
      vertex 47.847 -14.5142 0
      vertex 47.847 -14.5142 6
    endloop
  endfacet
  facet normal 0.941548 -0.336879 0
    outer loop
      vertex 47.847 -14.5142 0
      vertex 46.194 -19.1342 6
      vertex 46.194 -19.1342 0
    endloop
  endfacet
  facet normal -0.857728 0.514103 0
    outer loop
      vertex -44.0961 23.5698 0
      vertex -41.5735 27.7785 6
      vertex -41.5735 27.7785 0
    endloop
  endfacet
  facet normal -0.857728 0.514103 0
    outer loop
      vertex -41.5735 27.7785 6
      vertex -44.0961 23.5698 0
      vertex -44.0961 23.5698 6
    endloop
  endfacet
  facet normal -0.970028 -0.242992 0
    outer loop
      vertex -47.847 -14.5142 0
      vertex -49.0393 -9.75452 6
      vertex -49.0393 -9.75452 0
    endloop
  endfacet
  facet normal -0.970028 -0.242992 0
    outer loop
      vertex -49.0393 -9.75452 6
      vertex -47.847 -14.5142 0
      vertex -47.847 -14.5142 6
    endloop
  endfacet
  facet normal 0.049075 0.998795 -0
    outer loop
      vertex 4.90086 49.7592 0
      vertex 0 50 6
      vertex 4.90086 49.7592 6
    endloop
  endfacet
  facet normal 0.049075 0.998795 0
    outer loop
      vertex 0 50 6
      vertex 4.90086 49.7592 0
      vertex 0 50 0
    endloop
  endfacet
  facet normal 0.857728 0.514103 0
    outer loop
      vertex 44.0961 23.5698 6
      vertex 41.5735 27.7785 0
      vertex 41.5735 27.7785 6
    endloop
  endfacet
  facet normal 0.857728 0.514103 0
    outer loop
      vertex 41.5735 27.7785 0
      vertex 44.0961 23.5698 6
      vertex 44.0961 23.5698 0
    endloop
  endfacet
  facet normal -0.941548 -0.336879 0
    outer loop
      vertex -46.194 -19.1342 0
      vertex -47.847 -14.5142 6
      vertex -47.847 -14.5142 0
    endloop
  endfacet
  facet normal -0.941548 -0.336879 0
    outer loop
      vertex -47.847 -14.5142 6
      vertex -46.194 -19.1342 0
      vertex -46.194 -19.1342 6
    endloop
  endfacet
  facet normal -0.671568 0.740943 0
    outer loop
      vertex -31.7197 38.6505 0
      vertex -35.3553 35.3553 6
      vertex -31.7197 38.6505 6
    endloop
  endfacet
  facet normal -0.671568 0.740943 0
    outer loop
      vertex -35.3553 35.3553 6
      vertex -31.7197 38.6505 0
      vertex -35.3553 35.3553 0
    endloop
  endfacet
  facet normal 0.970028 -0.242992 0
    outer loop
      vertex 47.847 -14.5142 6
      vertex 49.0393 -9.75452 0
      vertex 49.0393 -9.75452 6
    endloop
  endfacet
  facet normal 0.970028 -0.242992 0
    outer loop
      vertex 49.0393 -9.75452 0
      vertex 47.847 -14.5142 6
      vertex 47.847 -14.5142 0
    endloop
  endfacet
  facet normal -0 0 -1
    outer loop
      vertex -26.4458 22.2032 0
      vertex -46.194 19.1342 0
      vertex -27.2943 23.0517 0
    endloop
  endfacet
  facet normal 0 0 -1
    outer loop
      vertex -27.2943 23.0517 0
      vertex -35.3553 35.3553 0
      vertex -31.7197 38.6505 0
    endloop
  endfacet
  facet normal 0 0 -1
    outer loop
      vertex -46.194 19.1342 0
      vertex -32 0.599999 0
      vertex -38 0.599999 0
    endloop
  endfacet
  facet normal 0 0 -1
    outer loop
      vertex -27.2943 23.0517 0
      vertex -38.6505 31.7197 0
      vertex -35.3553 35.3553 0
    endloop
  endfacet
  facet normal 0 0 -1
    outer loop
      vertex -46.194 -19.1342 0
      vertex -32 -0.599999 0
      vertex -44.0961 -23.5698 0
    endloop
  endfacet
  facet normal -0 0 -1
    outer loop
      vertex -32 -0.599999 0
      vertex -46.194 -19.1342 0
      vertex -38 -0.599999 0
    endloop
  endfacet
  facet normal 0 0 -1
    outer loop
      vertex -27.2943 23.0517 0
      vertex -41.5735 27.7785 0
      vertex -38.6505 31.7197 0
    endloop
  endfacet
  facet normal 0 0 -1
    outer loop
      vertex -47.847 -14.5142 0
      vertex -38 -0.599999 0
      vertex -46.194 -19.1342 0
    endloop
  endfacet
  facet normal 0 0 -1
    outer loop
      vertex -27.2943 23.0517 0
      vertex -44.0961 23.5698 0
      vertex -41.5735 27.7785 0
    endloop
  endfacet
  facet normal 0 0 -1
    outer loop
      vertex -49.0393 -9.75452 0
      vertex -38 -0.599999 0
      vertex -47.847 -14.5142 0
    endloop
  endfacet
  facet normal -0 0 -1
    outer loop
      vertex -27.2943 23.0517 0
      vertex -46.194 19.1342 0
      vertex -44.0961 23.5698 0
    endloop
  endfacet
  facet normal 0 0 -1
    outer loop
      vertex -49.7592 -4.90086 0
      vertex -38 -0.599999 0
      vertex -49.0393 -9.75452 0
    endloop
  endfacet
  facet normal 0 0 -1
    outer loop
      vertex -38 0.599999 0
      vertex -47.847 14.5142 0
      vertex -46.194 19.1342 0
    endloop
  endfacet
  facet normal 0 0 -1
    outer loop
      vertex -50 0 0
      vertex -38 -0.599999 0
      vertex -49.7592 -4.90086 0
    endloop
  endfacet
  facet normal 0 0 -1
    outer loop
      vertex -38 0.599999 0
      vertex -49.0393 9.75452 0
      vertex -47.847 14.5142 0
    endloop
  endfacet
  facet normal 0 0 -1
    outer loop
      vertex -38 -0.599999 0
      vertex -50 0 0
      vertex -38 0.599999 0
    endloop
  endfacet
  facet normal 0 0 -1
    outer loop
      vertex -38 0.599999 0
      vertex -49.7592 4.90086 0
      vertex -49.0393 9.75452 0
    endloop
  endfacet
  facet normal -0 0 -1
    outer loop
      vertex -38 0.599999 0
      vertex -50 0 0
      vertex -49.7592 4.90086 0
    endloop
  endfacet
  facet normal 0 0 -1
    outer loop
      vertex -22.2032 23.0517 0
      vertex -23.9002 24.7487 0
      vertex -22.2032 26.4458 0
    endloop
  endfacet
  facet normal -0 0 -1
    outer loop
      vertex -11.5923 -0.156827 0
      vertex -32 -0.599999 0
      vertex -11.6 0 0
    endloop
  endfacet
  facet normal 0 0 -1
    outer loop
      vertex -11.6 0 0
      vertex -23.0517 22.2032 0
      vertex -22.2032 23.0517 0
    endloop
  endfacet
  facet normal 0 0 -1
    outer loop
      vertex -26.4458 -22.2032 0
      vertex -23.0517 -22.2032 0
      vertex -24.7487 -23.9002 0
    endloop
  endfacet
  facet normal 0 0 -1
    outer loop
      vertex -32 0.599999 0
      vertex -11.6 0 0
      vertex -32 -0.599999 0
    endloop
  endfacet
  facet normal 0 0 -1
    outer loop
      vertex -23.0517 -22.2032 0
      vertex -26.4458 -22.2032 0
      vertex -32 -0.599999 0
    endloop
  endfacet
  facet normal 0 0 -1
    outer loop
      vertex -11.6 0 0
      vertex -32 0.599999 0
      vertex -23.0517 22.2032 0
    endloop
  endfacet
  facet normal 0 0 -1
    outer loop
      vertex -32 -0.599999 0
      vertex -26.4458 -22.2032 0
      vertex -27.2943 -23.0517 0
    endloop
  endfacet
  facet normal 0 0 -1
    outer loop
      vertex -23.0517 22.2032 0
      vertex -26.4458 22.2032 0
      vertex -24.7487 23.9002 0
    endloop
  endfacet
  facet normal 0 0 -1
    outer loop
      vertex -22.2032 -26.4458 0
      vertex -23.9002 -24.7487 0
      vertex -22.2032 -23.0517 0
    endloop
  endfacet
  facet normal 0 0 -1
    outer loop
      vertex -11.5923 0.156827 0
      vertex -22.2032 23.0517 0
      vertex -11.5693 0.312144 0
    endloop
  endfacet
  facet normal 0 0 -1
    outer loop
      vertex -22.2032 26.4458 0
      vertex -11.5693 0.312144 0
      vertex -22.2032 23.0517 0
    endloop
  endfacet
  facet normal 0 0 -1
    outer loop
      vertex -11.5693 0.312144 0
      vertex -22.2032 26.4458 0
      vertex -19.1342 46.194 0
    endloop
  endfacet
  facet normal 0 0 -1
    outer loop
      vertex -23.0517 27.2943 0
      vertex -19.1342 46.194 0
      vertex -22.2032 26.4458 0
    endloop
  endfacet
  facet normal 0 0 -1
    outer loop
      vertex -23.0517 27.2943 0
      vertex -23.5698 44.0961 0
      vertex -19.1342 46.194 0
    endloop
  endfacet
  facet normal 0 0 -1
    outer loop
      vertex -26.4458 27.2943 0
      vertex -23.0517 27.2943 0
      vertex -24.7487 25.5973 0
    endloop
  endfacet
  facet normal 0 0 -1
    outer loop
      vertex -27.7785 41.5735 0
      vertex -23.0517 27.2943 0
      vertex -26.4458 27.2943 0
    endloop
  endfacet
  facet normal 0 0 -1
    outer loop
      vertex -27.7785 41.5735 0
      vertex -26.4458 27.2943 0
      vertex -27.2943 26.4458 0
    endloop
  endfacet
  facet normal 0 0 -1
    outer loop
      vertex -23.0517 27.2943 0
      vertex -27.7785 41.5735 0
      vertex -23.5698 44.0961 0
    endloop
  endfacet
  facet normal 0 0 -1
    outer loop
      vertex -27.2943 23.0517 0
      vertex -27.7785 41.5735 0
      vertex -27.2943 26.4458 0
    endloop
  endfacet
  facet normal 0 0 -1
    outer loop
      vertex -32 -0.599999 0
      vertex -27.7785 -41.5735 0
      vertex -31.7197 -38.6505 0
    endloop
  endfacet
  facet normal 0 0 -1
    outer loop
      vertex -46.194 19.1342 0
      vertex -26.4458 22.2032 0
      vertex -32 0.599999 0
    endloop
  endfacet
  facet normal 0 0 -1
    outer loop
      vertex -27.2943 23.0517 0
      vertex -31.7197 38.6505 0
      vertex -27.7785 41.5735 0
    endloop
  endfacet
  facet normal 0 0 -1
    outer loop
      vertex -35.3553 -35.3553 0
      vertex -32 -0.599999 0
      vertex -31.7197 -38.6505 0
    endloop
  endfacet
  facet normal 0 0 -1
    outer loop
      vertex -38.6505 -31.7197 0
      vertex -32 -0.599999 0
      vertex -35.3553 -35.3553 0
    endloop
  endfacet
  facet normal 0 0 -1
    outer loop
      vertex -44.0961 -23.5698 0
      vertex -32 -0.599999 0
      vertex -41.5735 -27.7785 0
    endloop
  endfacet
  facet normal 0 0 -1
    outer loop
      vertex -41.5735 -27.7785 0
      vertex -32 -0.599999 0
      vertex -38.6505 -31.7197 0
    endloop
  endfacet
  facet normal -0 0 -1
    outer loop
      vertex -25.5973 -24.7487 0
      vertex -27.2943 -26.4458 0
      vertex -27.2943 -23.0517 0
    endloop
  endfacet
  facet normal -0 0 -1
    outer loop
      vertex -25.5973 24.7487 0
      vertex -27.2943 23.0517 0
      vertex -27.2943 26.4458 0
    endloop
  endfacet
  facet normal 0 0 -1
    outer loop
      vertex 0.464455 11.5311 0
      vertex 0.599999 32 0
      vertex 0.612293 11.4782 0
    endloop
  endfacet
  facet normal 0 0 -1
    outer loop
      vertex 0.312144 11.5693 0
      vertex 0.599999 32 0
      vertex 0.464455 11.5311 0
    endloop
  endfacet
  facet normal 0 0 -1
    outer loop
      vertex 0.156827 11.5923 0
      vertex 0.599999 32 0
      vertex 0.312144 11.5693 0
    endloop
  endfacet
  facet normal 0 0 -1
    outer loop
      vertex 0 11.6 0
      vertex 0.599999 32 0
      vertex 0.156827 11.5923 0
    endloop
  endfacet
  facet normal 0 0 -1
    outer loop
      vertex -0.599999 32 0
      vertex 0 11.6 0
      vertex -0.156827 11.5923 0
    endloop
  endfacet
  facet normal 0 0 -1
    outer loop
      vertex -0.599999 32 0
      vertex -0.156827 11.5923 0
      vertex -0.312144 11.5693 0
    endloop
  endfacet
  facet normal 0 0 -1
    outer loop
      vertex -0.599999 32 0
      vertex -0.312144 11.5693 0
      vertex -0.464455 11.5311 0
    endloop
  endfacet
  facet normal 0 0 -1
    outer loop
      vertex 0 11.6 0
      vertex -0.599999 32 0
      vertex 0.599999 32 0
    endloop
  endfacet
  facet normal 0 0 -1
    outer loop
      vertex -0.754234 11.4111 0
      vertex -0.599999 32 0
      vertex -0.612293 11.4782 0
    endloop
  endfacet
  facet normal 0 0 -1
    outer loop
      vertex -0.612293 11.4782 0
      vertex -0.599999 32 0
      vertex -0.464455 11.5311 0
    endloop
  endfacet
  facet normal 0 0 -1
    outer loop
      vertex 3.80636 4.63806 0
      vertex 1.59229 9.84317 0
      vertex 1.6 10 0
    endloop
  endfacet
  facet normal 0 0 -1
    outer loop
      vertex 2.2961 5.54328 0
      vertex 1.56926 9.68785 0
      vertex 1.59229 9.84317 0
    endloop
  endfacet
  facet normal 0 0 -1
    outer loop
      vertex 2.2961 5.54328 0
      vertex 1.5311 9.53554 0
      vertex 1.56926 9.68785 0
    endloop
  endfacet
  facet normal 0 0 -1
    outer loop
      vertex 2.2961 5.54328 0
      vertex 1.47821 9.38771 0
      vertex 1.5311 9.53554 0
    endloop
  endfacet
  facet normal 0 0 -1
    outer loop
      vertex 2.2961 5.54328 0
      vertex 1.41107 9.24576 0
      vertex 1.47821 9.38771 0
    endloop
  endfacet
  facet normal 0 0 -1
    outer loop
      vertex 2.2961 5.54328 0
      vertex 1.33035 9.11109 0
      vertex 1.41107 9.24576 0
    endloop
  endfacet
  facet normal 0 0 -1
    outer loop
      vertex 2.2961 5.54328 0
      vertex 1.23682 8.98497 0
      vertex 1.33035 9.11109 0
    endloop
  endfacet
  facet normal 0 0 -1
    outer loop
      vertex 0.888912 8.66965 0
      vertex 1.74171 5.74164 0
      vertex 1.17054 5.88471 0
    endloop
  endfacet
  facet normal 0 0 -1
    outer loop
      vertex 1.74171 5.74164 0
      vertex 1.13137 8.86863 0
      vertex 1.23682 8.98497 0
    endloop
  endfacet
  facet normal 0 0 -1
    outer loop
      vertex 1.74171 5.74164 0
      vertex 1.01503 8.76318 0
      vertex 1.13137 8.86863 0
    endloop
  endfacet
  facet normal 0 0 -1
    outer loop
      vertex 1.74171 5.74164 0
      vertex 0.888912 8.66965 0
      vertex 1.01503 8.76318 0
    endloop
  endfacet
  facet normal 0 0 -1
    outer loop
      vertex 1.17054 5.88471 0
      vertex 0.754234 8.58893 0
      vertex 0.888912 8.66965 0
    endloop
  endfacet
  facet normal 0 0 -1
    outer loop
      vertex 1.17054 5.88471 0
      vertex 0.612293 8.52179 0
      vertex 0.754234 8.58893 0
    endloop
  endfacet
  facet normal 0 0 -1
    outer loop
      vertex 0.588102 5.97111 0
      vertex 0.612293 8.52179 0
      vertex 1.17054 5.88471 0
    endloop
  endfacet
  facet normal 0 0 -1
    outer loop
      vertex 0.588102 5.97111 0
      vertex 0.464455 8.46889 0
      vertex 0.612293 8.52179 0
    endloop
  endfacet
  facet normal 0 0 -1
    outer loop
      vertex 0.588102 5.97111 0
      vertex 0.312144 8.43074 0
      vertex 0.464455 8.46889 0
    endloop
  endfacet
  facet normal 0 0 -1
    outer loop
      vertex 0.588102 5.97111 0
      vertex 0.156827 8.4077 0
      vertex 0.312144 8.43074 0
    endloop
  endfacet
  facet normal 0 0 -1
    outer loop
      vertex 0 6 0
      vertex 0.156827 8.4077 0
      vertex 0.588102 5.97111 0
    endloop
  endfacet
  facet normal 0 0 -1
    outer loop
      vertex 0 6 0
      vertex 0 8.4 0
      vertex 0.156827 8.4077 0
    endloop
  endfacet
  facet normal 0 0 -1
    outer loop
      vertex 0 6 0
      vertex -0.156827 8.4077 0
      vertex 0 8.4 0
    endloop
  endfacet
  facet normal 0 0 -1
    outer loop
      vertex -0.588102 5.97111 0
      vertex -0.156827 8.4077 0
      vertex 0 6 0
    endloop
  endfacet
  facet normal -0 0 -1
    outer loop
      vertex -0.156827 8.4077 0
      vertex -0.588102 5.97111 0
      vertex -0.312144 8.43074 0
    endloop
  endfacet
  facet normal -0 0 -1
    outer loop
      vertex -0.312144 8.43074 0
      vertex -0.588102 5.97111 0
      vertex -0.464455 8.46889 0
    endloop
  endfacet
  facet normal 0 0 -1
    outer loop
      vertex -0.588102 5.97111 0
      vertex -0.612293 8.52179 0
      vertex -0.464455 8.46889 0
    endloop
  endfacet
  facet normal 0 0 -1
    outer loop
      vertex -1.17054 5.88471 0
      vertex -0.612293 8.52179 0
      vertex -0.588102 5.97111 0
    endloop
  endfacet
  facet normal -0 0 -1
    outer loop
      vertex -0.612293 8.52179 0
      vertex -1.17054 5.88471 0
      vertex -0.754234 8.58893 0
    endloop
  endfacet
  facet normal -0 0 -1
    outer loop
      vertex -0.754234 8.58893 0
      vertex -1.17054 5.88471 0
      vertex -0.888912 8.66965 0
    endloop
  endfacet
  facet normal 0 0 -1
    outer loop
      vertex -1.74171 5.74164 0
      vertex -0.888912 8.66965 0
      vertex -1.17054 5.88471 0
    endloop
  endfacet
  facet normal -0 0 -1
    outer loop
      vertex -0.888912 8.66965 0
      vertex -1.74171 5.74164 0
      vertex -1.01503 8.76318 0
    endloop
  endfacet
  facet normal -0 0 -1
    outer loop
      vertex -1.01503 8.76318 0
      vertex -1.74171 5.74164 0
      vertex -1.13137 8.86863 0
    endloop
  endfacet
  facet normal -0 0 -1
    outer loop
      vertex -1.13137 8.86863 0
      vertex -1.74171 5.74164 0
      vertex -1.23682 8.98497 0
    endloop
  endfacet
  facet normal 0 0 -1
    outer loop
      vertex -2.2961 5.54328 0
      vertex -1.23682 8.98497 0
      vertex -1.74171 5.74164 0
    endloop
  endfacet
  facet normal -0 0 -1
    outer loop
      vertex -1.23682 8.98497 0
      vertex -2.2961 5.54328 0
      vertex -1.33035 9.11109 0
    endloop
  endfacet
  facet normal -0 0 -1
    outer loop
      vertex -1.33035 9.11109 0
      vertex -2.2961 5.54328 0
      vertex -1.41107 9.24576 0
    endloop
  endfacet
  facet normal 0 0 -1
    outer loop
      vertex -2.82838 5.29153 0
      vertex -1.41107 9.24576 0
      vertex -2.2961 5.54328 0
    endloop
  endfacet
  facet normal -0 0 -1
    outer loop
      vertex -1.41107 9.24576 0
      vertex -2.82838 5.29153 0
      vertex -1.47821 9.38771 0
    endloop
  endfacet
  facet normal 0 0 -1
    outer loop
      vertex -3.33342 4.98882 0
      vertex -1.5311 9.53554 0
      vertex -2.82838 5.29153 0
    endloop
  endfacet
  facet normal -0 0 -1
    outer loop
      vertex -1.47821 9.38771 0
      vertex -2.82838 5.29153 0
      vertex -1.5311 9.53554 0
    endloop
  endfacet
  facet normal 0 0 -1
    outer loop
      vertex 11.4782 0.612293 0
      vertex 32 0.599999 0
      vertex 11.5311 0.464455 0
    endloop
  endfacet
  facet normal 0 0 -1
    outer loop
      vertex 11.4111 0.754234 0
      vertex 32 0.599999 0
      vertex 11.4782 0.612293 0
    endloop
  endfacet
  facet normal 0 0 -1
    outer loop
      vertex 11.3304 0.888912 0
      vertex 32 0.599999 0
      vertex 11.4111 0.754234 0
    endloop
  endfacet
  facet normal 0 0 -1
    outer loop
      vertex 11.2368 1.01503 0
      vertex 32 0.599999 0
      vertex 11.3304 0.888912 0
    endloop
  endfacet
  facet normal 0 0 -1
    outer loop
      vertex 32 0.599999 0
      vertex 11.2368 1.01503 0
      vertex 23.0517 22.2032 0
    endloop
  endfacet
  facet normal 0 0 -1
    outer loop
      vertex 11.1314 1.13137 0
      vertex 23.0517 22.2032 0
      vertex 11.2368 1.01503 0
    endloop
  endfacet
  facet normal 0 0 -1
    outer loop
      vertex 11.015 1.23682 0
      vertex 23.0517 22.2032 0
      vertex 11.1314 1.13137 0
    endloop
  endfacet
  facet normal 0 0 -1
    outer loop
      vertex 10.8889 1.33035 0
      vertex 23.0517 22.2032 0
      vertex 11.015 1.23682 0
    endloop
  endfacet
  facet normal 0 0 -1
    outer loop
      vertex 10.7542 1.41107 0
      vertex 23.0517 22.2032 0
      vertex 10.8889 1.33035 0
    endloop
  endfacet
  facet normal 0 0 -1
    outer loop
      vertex 10.6123 1.47821 0
      vertex 23.0517 22.2032 0
      vertex 10.7542 1.41107 0
    endloop
  endfacet
  facet normal 0 0 -1
    outer loop
      vertex 10.4645 1.5311 0
      vertex 23.0517 22.2032 0
      vertex 10.6123 1.47821 0
    endloop
  endfacet
  facet normal -0 0 -1
    outer loop
      vertex 23.0517 22.2032 0
      vertex 10.4645 1.5311 0
      vertex 22.2032 23.0517 0
    endloop
  endfacet
  facet normal 0 0 -1
    outer loop
      vertex 1.5311 10.4645 0
      vertex 22.2032 23.0517 0
      vertex 10.4645 1.5311 0
    endloop
  endfacet
  facet normal 0 0 -1
    outer loop
      vertex 1.5311 10.4645 0
      vertex 10.4645 1.5311 0
      vertex 10.3121 1.56926 0
    endloop
  endfacet
  facet normal 0 0 -1
    outer loop
      vertex 1.56926 10.3121 0
      vertex 10.3121 1.56926 0
      vertex 10.1568 1.59229 0
    endloop
  endfacet
  facet normal 0 0 -1
    outer loop
      vertex 4.24264 4.24264 0
      vertex 10.1568 1.59229 0
      vertex 10 1.6 0
    endloop
  endfacet
  facet normal 0 0 -1
    outer loop
      vertex 4.63806 3.80636 0
      vertex 10 1.6 0
      vertex 9.84317 1.59229 0
    endloop
  endfacet
  facet normal 0 0 -1
    outer loop
      vertex 22.2032 23.0517 0
      vertex 0.599999 32 0
      vertex 14.5142 47.847 0
    endloop
  endfacet
  facet normal 0 0 -1
    outer loop
      vertex 4.63806 3.80636 0
      vertex 9.84317 1.59229 0
      vertex 9.68785 1.56926 0
    endloop
  endfacet
  facet normal 0 0 -1
    outer loop
      vertex 4.98882 3.33342 0
      vertex 9.68785 1.56926 0
      vertex 9.53554 1.5311 0
    endloop
  endfacet
  facet normal 0 0 -1
    outer loop
      vertex 4.98882 3.33342 0
      vertex 9.53554 1.5311 0
      vertex 9.38771 1.47821 0
    endloop
  endfacet
  facet normal 0 0 -1
    outer loop
      vertex 5.29153 2.82838 0
      vertex 9.38771 1.47821 0
      vertex 9.24576 1.41107 0
    endloop
  endfacet
  facet normal 0 0 -1
    outer loop
      vertex 5.54328 2.2961 0
      vertex 9.24576 1.41107 0
      vertex 9.11109 1.33035 0
    endloop
  endfacet
  facet normal 0 0 -1
    outer loop
      vertex 5.54328 2.2961 0
      vertex 9.11109 1.33035 0
      vertex 8.98497 1.23682 0
    endloop
  endfacet
  facet normal 0 0 -1
    outer loop
      vertex 5.54328 2.2961 0
      vertex 8.98497 1.23682 0
      vertex 8.86863 1.13137 0
    endloop
  endfacet
  facet normal 0 0 -1
    outer loop
      vertex 5.74164 1.74171 0
      vertex 8.86863 1.13137 0
      vertex 8.76318 1.01503 0
    endloop
  endfacet
  facet normal 0 0 -1
    outer loop
      vertex 5.74164 1.74171 0
      vertex 8.76318 1.01503 0
      vertex 8.66965 0.888912 0
    endloop
  endfacet
  facet normal 0 0 -1
    outer loop
      vertex 5.88471 1.17054 0
      vertex 8.66965 0.888912 0
      vertex 8.58893 0.754234 0
    endloop
  endfacet
  facet normal 0 0 -1
    outer loop
      vertex 5.88471 1.17054 0
      vertex 8.58893 0.754234 0
      vertex 8.52179 0.612293 0
    endloop
  endfacet
  facet normal 0 0 -1
    outer loop
      vertex 5.97111 0.588102 0
      vertex 8.52179 0.612293 0
      vertex 8.46889 0.464455 0
    endloop
  endfacet
  facet normal 0 0 -1
    outer loop
      vertex 5.97111 0.588102 0
      vertex 8.46889 0.464455 0
      vertex 8.43074 0.312144 0
    endloop
  endfacet
  facet normal 0 0 -1
    outer loop
      vertex 5.97111 0.588102 0
      vertex 8.43074 0.312144 0
      vertex 8.4077 0.156827 0
    endloop
  endfacet
  facet normal 0 0 -1
    outer loop
      vertex 6 0 0
      vertex 8.4077 0.156827 0
      vertex 8.4 0 0
    endloop
  endfacet
  facet normal -0 0 -1
    outer loop
      vertex 8.4077 0.156827 0
      vertex 6 0 0
      vertex 5.97111 0.588102 0
    endloop
  endfacet
  facet normal -0 0 -1
    outer loop
      vertex 8.52179 0.612293 0
      vertex 5.97111 0.588102 0
      vertex 5.88471 1.17054 0
    endloop
  endfacet
  facet normal 0 0 -1
    outer loop
      vertex 8.66965 0.888912 0
      vertex 5.88471 1.17054 0
      vertex 5.74164 1.74171 0
    endloop
  endfacet
  facet normal 0 0 -1
    outer loop
      vertex 8.86863 1.13137 0
      vertex 5.74164 1.74171 0
      vertex 5.54328 2.2961 0
    endloop
  endfacet
  facet normal 0 0 -1
    outer loop
      vertex 9.24576 1.41107 0
      vertex 5.54328 2.2961 0
      vertex 5.29153 2.82838 0
    endloop
  endfacet
  facet normal 0 0 -1
    outer loop
      vertex 9.38771 1.47821 0
      vertex 5.29153 2.82838 0
      vertex 4.98882 3.33342 0
    endloop
  endfacet
  facet normal 0 0 -1
    outer loop
      vertex 9.68785 1.56926 0
      vertex 4.98882 3.33342 0
      vertex 4.63806 3.80636 0
    endloop
  endfacet
  facet normal 0 0 -1
    outer loop
      vertex 0.599999 38 0
      vertex 14.5142 47.847 0
      vertex 0.599999 32 0
    endloop
  endfacet
  facet normal 0 0 -1
    outer loop
      vertex 10 1.6 0
      vertex 4.63806 3.80636 0
      vertex 4.24264 4.24264 0
    endloop
  endfacet
  facet normal 0 0 -1
    outer loop
      vertex 10.1568 1.59229 0
      vertex 4.24264 4.24264 0
      vertex 1.59229 10.1568 0
    endloop
  endfacet
  facet normal 0 0 -1
    outer loop
      vertex 1.6 10 0
      vertex 4.24264 4.24264 0
      vertex 3.80636 4.63806 0
    endloop
  endfacet
  facet normal 0 0 -1
    outer loop
      vertex 1.59229 9.84317 0
      vertex 3.80636 4.63806 0
      vertex 3.33342 4.98882 0
    endloop
  endfacet
  facet normal 0 0 -1
    outer loop
      vertex 1.59229 9.84317 0
      vertex 3.33342 4.98882 0
      vertex 2.82838 5.29153 0
    endloop
  endfacet
  facet normal 0 0 -1
    outer loop
      vertex 1.59229 9.84317 0
      vertex 2.82838 5.29153 0
      vertex 2.2961 5.54328 0
    endloop
  endfacet
  facet normal 0 0 -1
    outer loop
      vertex 1.23682 8.98497 0
      vertex 2.2961 5.54328 0
      vertex 1.74171 5.74164 0
    endloop
  endfacet
  facet normal 0 0 -1
    outer loop
      vertex 4.24264 4.24264 0
      vertex 1.6 10 0
      vertex 1.59229 10.1568 0
    endloop
  endfacet
  facet normal 0 0 -1
    outer loop
      vertex 10.1568 1.59229 0
      vertex 1.59229 10.1568 0
      vertex 1.56926 10.3121 0
    endloop
  endfacet
  facet normal 0 0 -1
    outer loop
      vertex 10.3121 1.56926 0
      vertex 1.56926 10.3121 0
      vertex 1.5311 10.4645 0
    endloop
  endfacet
  facet normal 0 0 -1
    outer loop
      vertex 22.2032 23.0517 0
      vertex 1.5311 10.4645 0
      vertex 1.47821 10.6123 0
    endloop
  endfacet
  facet normal 0 0 -1
    outer loop
      vertex 22.2032 23.0517 0
      vertex 1.47821 10.6123 0
      vertex 1.41107 10.7542 0
    endloop
  endfacet
  facet normal 0 0 -1
    outer loop
      vertex 1.33035 10.8889 0
      vertex 22.2032 23.0517 0
      vertex 1.41107 10.7542 0
    endloop
  endfacet
  facet normal 0 0 -1
    outer loop
      vertex 1.23682 11.015 0
      vertex 22.2032 23.0517 0
      vertex 1.33035 10.8889 0
    endloop
  endfacet
  facet normal 0 0 -1
    outer loop
      vertex 1.13137 11.1314 0
      vertex 22.2032 23.0517 0
      vertex 1.23682 11.015 0
    endloop
  endfacet
  facet normal 0 0 -1
    outer loop
      vertex 1.01503 11.2368 0
      vertex 22.2032 23.0517 0
      vertex 1.13137 11.1314 0
    endloop
  endfacet
  facet normal -0 0 -1
    outer loop
      vertex 22.2032 23.0517 0
      vertex 1.01503 11.2368 0
      vertex 0.599999 32 0
    endloop
  endfacet
  facet normal 0 0 -1
    outer loop
      vertex 0.599999 32 0
      vertex 1.01503 11.2368 0
      vertex 0.888912 11.3304 0
    endloop
  endfacet
  facet normal 0 0 -1
    outer loop
      vertex 0.599999 32 0
      vertex 0.888912 11.3304 0
      vertex 0.754234 11.4111 0
    endloop
  endfacet
  facet normal 0 0 -1
    outer loop
      vertex 0.599999 32 0
      vertex 0.754234 11.4111 0
      vertex 0.612293 11.4782 0
    endloop
  endfacet
  facet normal -0 0 -1
    outer loop
      vertex 14.5142 47.847 0
      vertex 0.599999 38 0
      vertex 9.75452 49.0393 0
    endloop
  endfacet
  facet normal -0 0 -1
    outer loop
      vertex 9.75452 49.0393 0
      vertex 0.599999 38 0
      vertex 4.90086 49.7592 0
    endloop
  endfacet
  facet normal 0 0 -1
    outer loop
      vertex 0.599999 38 0
      vertex 0 50 0
      vertex 4.90086 49.7592 0
    endloop
  endfacet
  facet normal 0 0 -1
    outer loop
      vertex -0.599999 38 0
      vertex 0 50 0
      vertex 0.599999 38 0
    endloop
  endfacet
  facet normal 0 0 -1
    outer loop
      vertex -0.888912 11.3304 0
      vertex -0.599999 32 0
      vertex -0.754234 11.4111 0
    endloop
  endfacet
  facet normal 0 0 -1
    outer loop
      vertex -1.01503 11.2368 0
      vertex -0.599999 32 0
      vertex -0.888912 11.3304 0
    endloop
  endfacet
  facet normal 0 0 -1
    outer loop
      vertex -1.13137 11.1314 0
      vertex -0.599999 32 0
      vertex -1.01503 11.2368 0
    endloop
  endfacet
  facet normal 0 0 -1
    outer loop
      vertex -1.23682 11.015 0
      vertex -0.599999 32 0
      vertex -1.13137 11.1314 0
    endloop
  endfacet
  facet normal 0 0 -1
    outer loop
      vertex -1.33035 10.8889 0
      vertex -0.599999 32 0
      vertex -1.23682 11.015 0
    endloop
  endfacet
  facet normal 0 0 -1
    outer loop
      vertex -1.41107 10.7542 0
      vertex -0.599999 32 0
      vertex -1.33035 10.8889 0
    endloop
  endfacet
  facet normal 0 0 -1
    outer loop
      vertex -10.7542 1.41107 0
      vertex -0.599999 32 0
      vertex -1.41107 10.7542 0
    endloop
  endfacet
  facet normal 0 0 -1
    outer loop
      vertex -10.7542 1.41107 0
      vertex -1.41107 10.7542 0
      vertex -1.47821 10.6123 0
    endloop
  endfacet
  facet normal 0 0 -1
    outer loop
      vertex -10.6123 1.47821 0
      vertex -1.47821 10.6123 0
      vertex -1.5311 10.4645 0
    endloop
  endfacet
  facet normal 0 0 -1
    outer loop
      vertex -10.4645 1.5311 0
      vertex -1.5311 10.4645 0
      vertex -1.56926 10.3121 0
    endloop
  endfacet
  facet normal 0 0 -1
    outer loop
      vertex -10.3121 1.56926 0
      vertex -1.56926 10.3121 0
      vertex -1.59229 10.1568 0
    endloop
  endfacet
  facet normal 0 0 -1
    outer loop
      vertex -4.24264 4.24264 0
      vertex -1.59229 10.1568 0
      vertex -1.6 10 0
    endloop
  endfacet
  facet normal -0 0 -1
    outer loop
      vertex -1.5311 9.53554 0
      vertex -3.33342 4.98882 0
      vertex -1.56926 9.68785 0
    endloop
  endfacet
  facet normal 0 0 -1
    outer loop
      vertex -3.80636 4.63806 0
      vertex -1.56926 9.68785 0
      vertex -3.33342 4.98882 0
    endloop
  endfacet
  facet normal -0 0 -1
    outer loop
      vertex -1.56926 9.68785 0
      vertex -3.80636 4.63806 0
      vertex -1.59229 9.84317 0
    endloop
  endfacet
  facet normal -0 0 -1
    outer loop
      vertex -1.59229 9.84317 0
      vertex -3.80636 4.63806 0
      vertex -1.6 10 0
    endloop
  endfacet
  facet normal 0 0 -1
    outer loop
      vertex -1.5311 10.4645 0
      vertex -10.4645 1.5311 0
      vertex -10.6123 1.47821 0
    endloop
  endfacet
  facet normal 0 0 -1
    outer loop
      vertex -4.24264 4.24264 0
      vertex -1.6 10 0
      vertex -3.80636 4.63806 0
    endloop
  endfacet
  facet normal 0 0 -1
    outer loop
      vertex -1.59229 10.1568 0
      vertex -4.24264 4.24264 0
      vertex -10.1568 1.59229 0
    endloop
  endfacet
  facet normal 0 0 -1
    outer loop
      vertex -10 1.6 0
      vertex -4.24264 4.24264 0
      vertex -4.63806 3.80636 0
    endloop
  endfacet
  facet normal 0 0 -1
    outer loop
      vertex -0.599999 38 0
      vertex -4.90086 49.7592 0
      vertex 0 50 0
    endloop
  endfacet
  facet normal 0 0 -1
    outer loop
      vertex -9.68785 1.56926 0
      vertex -4.63806 3.80636 0
      vertex -4.98882 3.33342 0
    endloop
  endfacet
  facet normal 0 0 -1
    outer loop
      vertex -9.53554 1.5311 0
      vertex -4.98882 3.33342 0
      vertex -5.29153 2.82838 0
    endloop
  endfacet
  facet normal 0 0 -1
    outer loop
      vertex -9.24576 1.41107 0
      vertex -5.29153 2.82838 0
      vertex -5.54328 2.2961 0
    endloop
  endfacet
  facet normal 0 0 -1
    outer loop
      vertex -8.98497 1.23682 0
      vertex -5.54328 2.2961 0
      vertex -5.74164 1.74171 0
    endloop
  endfacet
  facet normal 0 0 -1
    outer loop
      vertex -8.66965 0.888912 0
      vertex -5.74164 1.74171 0
      vertex -5.88471 1.17054 0
    endloop
  endfacet
  facet normal 0 0 -1
    outer loop
      vertex -8.52179 0.612293 0
      vertex -5.88471 1.17054 0
      vertex -5.97111 0.588102 0
    endloop
  endfacet
  facet normal 0 0 -1
    outer loop
      vertex -8.4077 0.156827 0
      vertex -5.97111 0.588102 0
      vertex -6 0 0
    endloop
  endfacet
  facet normal 0 0 -1
    outer loop
      vertex -8.4077 0.156827 0
      vertex -6 0 0
      vertex -8.4 0 0
    endloop
  endfacet
  facet normal 0 0 -1
    outer loop
      vertex -5.97111 0.588102 0
      vertex -8.4077 0.156827 0
      vertex -8.43074 0.312144 0
    endloop
  endfacet
  facet normal 0 0 -1
    outer loop
      vertex -5.97111 0.588102 0
      vertex -8.43074 0.312144 0
      vertex -8.46889 0.464455 0
    endloop
  endfacet
  facet normal -0 0 -1
    outer loop
      vertex -5.97111 0.588102 0
      vertex -8.46889 0.464455 0
      vertex -8.52179 0.612293 0
    endloop
  endfacet
  facet normal 0 0 -1
    outer loop
      vertex -5.88471 1.17054 0
      vertex -8.52179 0.612293 0
      vertex -8.58893 0.754234 0
    endloop
  endfacet
  facet normal 0 0 -1
    outer loop
      vertex -5.88471 1.17054 0
      vertex -8.58893 0.754234 0
      vertex -8.66965 0.888912 0
    endloop
  endfacet
  facet normal 0 0 -1
    outer loop
      vertex -5.74164 1.74171 0
      vertex -8.66965 0.888912 0
      vertex -8.76318 1.01503 0
    endloop
  endfacet
  facet normal 0 0 -1
    outer loop
      vertex -5.74164 1.74171 0
      vertex -8.76318 1.01503 0
      vertex -8.86863 1.13137 0
    endloop
  endfacet
  facet normal 0 0 -1
    outer loop
      vertex -5.74164 1.74171 0
      vertex -8.86863 1.13137 0
      vertex -8.98497 1.23682 0
    endloop
  endfacet
  facet normal 0 0 -1
    outer loop
      vertex -5.54328 2.2961 0
      vertex -8.98497 1.23682 0
      vertex -9.11109 1.33035 0
    endloop
  endfacet
  facet normal 0 0 -1
    outer loop
      vertex -5.54328 2.2961 0
      vertex -9.11109 1.33035 0
      vertex -9.24576 1.41107 0
    endloop
  endfacet
  facet normal 0 0 -1
    outer loop
      vertex -5.29153 2.82838 0
      vertex -9.24576 1.41107 0
      vertex -9.38771 1.47821 0
    endloop
  endfacet
  facet normal 0 0 -1
    outer loop
      vertex -5.29153 2.82838 0
      vertex -9.38771 1.47821 0
      vertex -9.53554 1.5311 0
    endloop
  endfacet
  facet normal 0 0 -1
    outer loop
      vertex -4.98882 3.33342 0
      vertex -9.53554 1.5311 0
      vertex -9.68785 1.56926 0
    endloop
  endfacet
  facet normal 0 0 -1
    outer loop
      vertex -4.63806 3.80636 0
      vertex -9.68785 1.56926 0
      vertex -9.84317 1.59229 0
    endloop
  endfacet
  facet normal 0 0 -1
    outer loop
      vertex -0.599999 38 0
      vertex -9.75452 49.0393 0
      vertex -4.90086 49.7592 0
    endloop
  endfacet
  facet normal 0 0 -1
    outer loop
      vertex -4.63806 3.80636 0
      vertex -9.84317 1.59229 0
      vertex -10 1.6 0
    endloop
  endfacet
  facet normal 0 0 -1
    outer loop
      vertex -4.24264 4.24264 0
      vertex -10 1.6 0
      vertex -10.1568 1.59229 0
    endloop
  endfacet
  facet normal 0 0 -1
    outer loop
      vertex -1.59229 10.1568 0
      vertex -10.1568 1.59229 0
      vertex -10.3121 1.56926 0
    endloop
  endfacet
  facet normal 0 0 -1
    outer loop
      vertex -1.56926 10.3121 0
      vertex -10.3121 1.56926 0
      vertex -10.4645 1.5311 0
    endloop
  endfacet
  facet normal 0 0 -1
    outer loop
      vertex -0.599999 32 0
      vertex -19.1342 46.194 0
      vertex -0.599999 38 0
    endloop
  endfacet
  facet normal 0 0 -1
    outer loop
      vertex -1.47821 10.6123 0
      vertex -10.6123 1.47821 0
      vertex -10.7542 1.41107 0
    endloop
  endfacet
  facet normal -0 0 -1
    outer loop
      vertex -0.599999 32 0
      vertex -10.7542 1.41107 0
      vertex -19.1342 46.194 0
    endloop
  endfacet
  facet normal 0 0 -1
    outer loop
      vertex -19.1342 46.194 0
      vertex -10.7542 1.41107 0
      vertex -10.8889 1.33035 0
    endloop
  endfacet
  facet normal 0 0 -1
    outer loop
      vertex -19.1342 46.194 0
      vertex -10.8889 1.33035 0
      vertex -11.015 1.23682 0
    endloop
  endfacet
  facet normal 0 0 -1
    outer loop
      vertex -19.1342 46.194 0
      vertex -11.015 1.23682 0
      vertex -11.1314 1.13137 0
    endloop
  endfacet
  facet normal 0 0 -1
    outer loop
      vertex -19.1342 46.194 0
      vertex -11.1314 1.13137 0
      vertex -11.2368 1.01503 0
    endloop
  endfacet
  facet normal 0 0 -1
    outer loop
      vertex -19.1342 46.194 0
      vertex -11.2368 1.01503 0
      vertex -11.3304 0.888912 0
    endloop
  endfacet
  facet normal 0 0 -1
    outer loop
      vertex -19.1342 46.194 0
      vertex -11.3304 0.888912 0
      vertex -11.4111 0.754234 0
    endloop
  endfacet
  facet normal 0 0 -1
    outer loop
      vertex -19.1342 46.194 0
      vertex -11.4111 0.754234 0
      vertex -11.4782 0.612293 0
    endloop
  endfacet
  facet normal 0 0 -1
    outer loop
      vertex -19.1342 46.194 0
      vertex -11.4782 0.612293 0
      vertex -11.5311 0.464455 0
    endloop
  endfacet
  facet normal 0 0 -1
    outer loop
      vertex -19.1342 46.194 0
      vertex -11.5311 0.464455 0
      vertex -11.5693 0.312144 0
    endloop
  endfacet
  facet normal -0 0 -1
    outer loop
      vertex -11.5693 -0.312144 0
      vertex -32 -0.599999 0
      vertex -11.5923 -0.156827 0
    endloop
  endfacet
  facet normal -0 0 -1
    outer loop
      vertex -11.5311 -0.464455 0
      vertex -32 -0.599999 0
      vertex -11.5693 -0.312144 0
    endloop
  endfacet
  facet normal 0 0 -1
    outer loop
      vertex -11.4782 -0.612293 0
      vertex -32 -0.599999 0
      vertex -11.5311 -0.464455 0
    endloop
  endfacet
  facet normal 0 0 -1
    outer loop
      vertex -11.6 0 0
      vertex -22.2032 23.0517 0
      vertex -11.5923 0.156827 0
    endloop
  endfacet
  facet normal 0 0 -1
    outer loop
      vertex -22.2032 -26.4458 0
      vertex -14.5142 -47.847 0
      vertex -19.1342 -46.194 0
    endloop
  endfacet
  facet normal 0 0 -1
    outer loop
      vertex -0.599999 38 0
      vertex -14.5142 47.847 0
      vertex -9.75452 49.0393 0
    endloop
  endfacet
  facet normal 0 0 -1
    outer loop
      vertex -0.599999 38 0
      vertex -19.1342 46.194 0
      vertex -14.5142 47.847 0
    endloop
  endfacet
  facet normal 0 0 -1
    outer loop
      vertex -19.1342 -46.194 0
      vertex -23.0517 -27.2943 0
      vertex -22.2032 -26.4458 0
    endloop
  endfacet
  facet normal 0 0 -1
    outer loop
      vertex -23.5698 -44.0961 0
      vertex -23.0517 -27.2943 0
      vertex -19.1342 -46.194 0
    endloop
  endfacet
  facet normal 0 0 -1
    outer loop
      vertex -27.7785 -41.5735 0
      vertex -23.0517 -27.2943 0
      vertex -23.5698 -44.0961 0
    endloop
  endfacet
  facet normal 0 0 -1
    outer loop
      vertex -23.0517 -27.2943 0
      vertex -26.4458 -27.2943 0
      vertex -24.7487 -25.5973 0
    endloop
  endfacet
  facet normal -0 0 -1
    outer loop
      vertex -23.0517 -27.2943 0
      vertex -27.7785 -41.5735 0
      vertex -26.4458 -27.2943 0
    endloop
  endfacet
  facet normal 0 0 -1
    outer loop
      vertex -32 -0.599999 0
      vertex -27.2943 -26.4458 0
      vertex -27.7785 -41.5735 0
    endloop
  endfacet
  facet normal 0 0 -1
    outer loop
      vertex -27.2943 -26.4458 0
      vertex -32 -0.599999 0
      vertex -27.2943 -23.0517 0
    endloop
  endfacet
  facet normal -0 0 -1
    outer loop
      vertex -23.0517 22.2032 0
      vertex -32 0.599999 0
      vertex -26.4458 22.2032 0
    endloop
  endfacet
  facet normal -0 0 -1
    outer loop
      vertex -26.4458 -27.2943 0
      vertex -27.7785 -41.5735 0
      vertex -27.2943 -26.4458 0
    endloop
  endfacet
  facet normal 0 0 -1
    outer loop
      vertex 3.33342 -4.98882 0
      vertex 1.5311 -9.53554 0
      vertex 2.82838 -5.29153 0
    endloop
  endfacet
  facet normal 0 0 -1
    outer loop
      vertex 1.47821 -9.38771 0
      vertex 2.82838 -5.29153 0
      vertex 1.5311 -9.53554 0
    endloop
  endfacet
  facet normal 0 0 -1
    outer loop
      vertex 1.41107 -9.24576 0
      vertex 2.82838 -5.29153 0
      vertex 1.47821 -9.38771 0
    endloop
  endfacet
  facet normal 0 0 -1
    outer loop
      vertex 2.82838 -5.29153 0
      vertex 1.41107 -9.24576 0
      vertex 2.2961 -5.54328 0
    endloop
  endfacet
  facet normal 0 0 -1
    outer loop
      vertex 1.33035 -9.11109 0
      vertex 2.2961 -5.54328 0
      vertex 1.41107 -9.24576 0
    endloop
  endfacet
  facet normal 0 0 -1
    outer loop
      vertex 1.23682 -8.98497 0
      vertex 2.2961 -5.54328 0
      vertex 1.33035 -9.11109 0
    endloop
  endfacet
  facet normal 0 0 -1
    outer loop
      vertex 2.2961 -5.54328 0
      vertex 1.23682 -8.98497 0
      vertex 1.74171 -5.74164 0
    endloop
  endfacet
  facet normal 0 0 -1
    outer loop
      vertex 1.13137 -8.86863 0
      vertex 1.74171 -5.74164 0
      vertex 1.23682 -8.98497 0
    endloop
  endfacet
  facet normal 0 0 -1
    outer loop
      vertex 1.01503 -8.76318 0
      vertex 1.74171 -5.74164 0
      vertex 1.13137 -8.86863 0
    endloop
  endfacet
  facet normal 0 0 -1
    outer loop
      vertex 0.888912 -8.66965 0
      vertex 1.74171 -5.74164 0
      vertex 1.01503 -8.76318 0
    endloop
  endfacet
  facet normal 0 0 -1
    outer loop
      vertex 1.74171 -5.74164 0
      vertex 0.888912 -8.66965 0
      vertex 1.17054 -5.88471 0
    endloop
  endfacet
  facet normal 0 0 -1
    outer loop
      vertex 0.754234 -8.58893 0
      vertex 1.17054 -5.88471 0
      vertex 0.888912 -8.66965 0
    endloop
  endfacet
  facet normal 0 0 -1
    outer loop
      vertex 0.612293 -8.52179 0
      vertex 1.17054 -5.88471 0
      vertex 0.754234 -8.58893 0
    endloop
  endfacet
  facet normal 0 0 -1
    outer loop
      vertex 0.612293 -8.52179 0
      vertex 0.588102 -5.97111 0
      vertex 1.17054 -5.88471 0
    endloop
  endfacet
  facet normal 0 0 -1
    outer loop
      vertex 0.464455 -8.46889 0
      vertex 0.588102 -5.97111 0
      vertex 0.612293 -8.52179 0
    endloop
  endfacet
  facet normal 0 0 -1
    outer loop
      vertex 0.312144 -8.43074 0
      vertex 0.588102 -5.97111 0
      vertex 0.464455 -8.46889 0
    endloop
  endfacet
  facet normal 0 0 -1
    outer loop
      vertex 0.156827 -8.4077 0
      vertex 0.588102 -5.97111 0
      vertex 0.312144 -8.43074 0
    endloop
  endfacet
  facet normal 0 0 -1
    outer loop
      vertex 0 -6 0
      vertex 0.156827 -8.4077 0
      vertex 0 -8.4 0
    endloop
  endfacet
  facet normal 0 0 -1
    outer loop
      vertex 0.156827 -8.4077 0
      vertex 0 -6 0
      vertex 0.588102 -5.97111 0
    endloop
  endfacet
  facet normal 0 0 -1
    outer loop
      vertex -0.156827 -8.4077 0
      vertex 0 -6 0
      vertex 0 -8.4 0
    endloop
  endfacet
  facet normal 0 0 -1
    outer loop
      vertex -0.588102 -5.97111 0
      vertex -0.156827 -8.4077 0
      vertex -0.312144 -8.43074 0
    endloop
  endfacet
  facet normal 0 0 -1
    outer loop
      vertex -0.588102 -5.97111 0
      vertex -0.312144 -8.43074 0
      vertex -0.464455 -8.46889 0
    endloop
  endfacet
  facet normal 0 0 -1
    outer loop
      vertex -0.156827 -8.4077 0
      vertex -0.588102 -5.97111 0
      vertex 0 -6 0
    endloop
  endfacet
  facet normal 0 0 -1
    outer loop
      vertex -0.612293 -8.52179 0
      vertex -0.588102 -5.97111 0
      vertex -0.464455 -8.46889 0
    endloop
  endfacet
  facet normal 0 0 -1
    outer loop
      vertex -1.17054 -5.88471 0
      vertex -0.612293 -8.52179 0
      vertex -0.754234 -8.58893 0
    endloop
  endfacet
  facet normal 0 0 -1
    outer loop
      vertex -1.17054 -5.88471 0
      vertex -0.754234 -8.58893 0
      vertex -0.888912 -8.66965 0
    endloop
  endfacet
  facet normal 0 0 -1
    outer loop
      vertex -1.74171 -5.74164 0
      vertex -0.888912 -8.66965 0
      vertex -1.01503 -8.76318 0
    endloop
  endfacet
  facet normal 0 0 -1
    outer loop
      vertex -1.74171 -5.74164 0
      vertex -1.01503 -8.76318 0
      vertex -1.13137 -8.86863 0
    endloop
  endfacet
  facet normal 0 0 -1
    outer loop
      vertex -0.612293 -8.52179 0
      vertex -1.17054 -5.88471 0
      vertex -0.588102 -5.97111 0
    endloop
  endfacet
  facet normal 0 0 -1
    outer loop
      vertex -1.74171 -5.74164 0
      vertex -1.13137 -8.86863 0
      vertex -1.23682 -8.98497 0
    endloop
  endfacet
  facet normal 0 0 -1
    outer loop
      vertex -2.2961 -5.54328 0
      vertex -1.23682 -8.98497 0
      vertex -1.33035 -9.11109 0
    endloop
  endfacet
  facet normal 0 0 -1
    outer loop
      vertex -2.2961 -5.54328 0
      vertex -1.33035 -9.11109 0
      vertex -1.41107 -9.24576 0
    endloop
  endfacet
  facet normal 0 0 -1
    outer loop
      vertex -2.82838 -5.29153 0
      vertex -1.41107 -9.24576 0
      vertex -1.47821 -9.38771 0
    endloop
  endfacet
  facet normal 0 0 -1
    outer loop
      vertex -2.82838 -5.29153 0
      vertex -1.47821 -9.38771 0
      vertex -1.5311 -9.53554 0
    endloop
  endfacet
  facet normal 0 0 -1
    outer loop
      vertex -3.33342 -4.98882 0
      vertex -1.5311 -9.53554 0
      vertex -1.56926 -9.68785 0
    endloop
  endfacet
  facet normal 0 0 -1
    outer loop
      vertex -3.80636 -4.63806 0
      vertex -1.56926 -9.68785 0
      vertex -1.59229 -9.84317 0
    endloop
  endfacet
  facet normal 0 0 -1
    outer loop
      vertex -0.888912 -8.66965 0
      vertex -1.74171 -5.74164 0
      vertex -1.17054 -5.88471 0
    endloop
  endfacet
  facet normal 0 0 -1
    outer loop
      vertex -3.80636 -4.63806 0
      vertex -1.59229 -9.84317 0
      vertex -1.6 -10 0
    endloop
  endfacet
  facet normal 0 0 -1
    outer loop
      vertex 0.754234 -11.4111 0
      vertex 0.599999 -32 0
      vertex 0.612293 -11.4782 0
    endloop
  endfacet
  facet normal 0 0 -1
    outer loop
      vertex 0.599999 -32 0
      vertex 0.464455 -11.5311 0
      vertex 0.612293 -11.4782 0
    endloop
  endfacet
  facet normal 0 0 -1
    outer loop
      vertex 0.599999 -32 0
      vertex 0.312144 -11.5693 0
      vertex 0.464455 -11.5311 0
    endloop
  endfacet
  facet normal 0 0 -1
    outer loop
      vertex 0.599999 -32 0
      vertex 0.156827 -11.5923 0
      vertex 0.312144 -11.5693 0
    endloop
  endfacet
  facet normal 0 0 -1
    outer loop
      vertex 0.599999 -32 0
      vertex 0 -11.6 0
      vertex 0.156827 -11.5923 0
    endloop
  endfacet
  facet normal 0 0 -1
    outer loop
      vertex -0.599999 -32 0
      vertex 0 -11.6 0
      vertex 0.599999 -32 0
    endloop
  endfacet
  facet normal -0 0 -1
    outer loop
      vertex 0 -11.6 0
      vertex -0.599999 -32 0
      vertex -0.156827 -11.5923 0
    endloop
  endfacet
  facet normal -0 0 -1
    outer loop
      vertex -0.156827 -11.5923 0
      vertex -0.599999 -32 0
      vertex -0.312144 -11.5693 0
    endloop
  endfacet
  facet normal -0 0 -1
    outer loop
      vertex -0.312144 -11.5693 0
      vertex -0.599999 -32 0
      vertex -0.464455 -11.5311 0
    endloop
  endfacet
  facet normal -0 0 -1
    outer loop
      vertex -0.464455 -11.5311 0
      vertex -0.599999 -32 0
      vertex -0.612293 -11.4782 0
    endloop
  endfacet
  facet normal 0 0 -1
    outer loop
      vertex 27.2943 23.0517 0
      vertex 25.5973 24.7487 0
      vertex 27.2943 26.4458 0
    endloop
  endfacet
  facet normal 0 0 -1
    outer loop
      vertex 11.5693 -0.312144 0
      vertex 32 -0.599999 0
      vertex 23.0517 -22.2032 0
    endloop
  endfacet
  facet normal 0 0 -1
    outer loop
      vertex 32 0.599999 0
      vertex 26.4458 22.2032 0
      vertex 27.2943 23.0517 0
    endloop
  endfacet
  facet normal 0 0 -1
    outer loop
      vertex 23.0517 -22.2032 0
      vertex 26.4458 -22.2032 0
      vertex 24.7487 -23.9002 0
    endloop
  endfacet
  facet normal 0 -0 -1
    outer loop
      vertex 11.5923 -0.156827 0
      vertex 32 -0.599999 0
      vertex 11.5693 -0.312144 0
    endloop
  endfacet
  facet normal 0 0 -1
    outer loop
      vertex 11.5923 0.156827 0
      vertex 32 0.599999 0
      vertex 11.6 0 0
    endloop
  endfacet
  facet normal 0 0 -1
    outer loop
      vertex 26.4458 22.2032 0
      vertex 23.0517 22.2032 0
      vertex 24.7487 23.9002 0
    endloop
  endfacet
  facet normal 0 0 -1
    outer loop
      vertex 11.5693 -0.312144 0
      vertex 23.0517 -22.2032 0
      vertex 22.2032 -23.0517 0
    endloop
  endfacet
  facet normal 0 0 -1
    outer loop
      vertex 32 0.599999 0
      vertex 23.0517 22.2032 0
      vertex 26.4458 22.2032 0
    endloop
  endfacet
  facet normal 0 0 -1
    outer loop
      vertex 27.2943 -26.4458 0
      vertex 25.5973 -24.7487 0
      vertex 27.2943 -23.0517 0
    endloop
  endfacet
  facet normal 0 0 -1
    outer loop
      vertex 23.0517 -22.2032 0
      vertex 32 -0.599999 0
      vertex 26.4458 -22.2032 0
    endloop
  endfacet
  facet normal 0 0 -1
    outer loop
      vertex 27.2943 26.4458 0
      vertex 32 0.599999 0
      vertex 27.2943 23.0517 0
    endloop
  endfacet
  facet normal 0 0 -1
    outer loop
      vertex 32 0.599999 0
      vertex 27.2943 26.4458 0
      vertex 27.7785 41.5735 0
    endloop
  endfacet
  facet normal 0 0 -1
    outer loop
      vertex 26.4458 27.2943 0
      vertex 27.7785 41.5735 0
      vertex 27.2943 26.4458 0
    endloop
  endfacet
  facet normal 0 0 -1
    outer loop
      vertex 23.0517 27.2943 0
      vertex 26.4458 27.2943 0
      vertex 24.7487 25.5973 0
    endloop
  endfacet
  facet normal 0 0 -1
    outer loop
      vertex 26.4458 27.2943 0
      vertex 23.0517 27.2943 0
      vertex 27.7785 41.5735 0
    endloop
  endfacet
  facet normal -0 0 -1
    outer loop
      vertex 27.7785 41.5735 0
      vertex 23.0517 27.2943 0
      vertex 23.5698 44.0961 0
    endloop
  endfacet
  facet normal 0 0 -1
    outer loop
      vertex 19.1342 46.194 0
      vertex 23.0517 27.2943 0
      vertex 22.2032 26.4458 0
    endloop
  endfacet
  facet normal 0 0 -1
    outer loop
      vertex 23.0517 27.2943 0
      vertex 19.1342 46.194 0
      vertex 23.5698 44.0961 0
    endloop
  endfacet
  facet normal 0 0 -1
    outer loop
      vertex 22.2032 23.0517 0
      vertex 19.1342 46.194 0
      vertex 22.2032 26.4458 0
    endloop
  endfacet
  facet normal 0 0 -1
    outer loop
      vertex 0.599999 -38 0
      vertex 19.1342 -46.194 0
      vertex 14.5142 -47.847 0
    endloop
  endfacet
  facet normal 0 0 -1
    outer loop
      vertex 11.5311 0.464455 0
      vertex 32 0.599999 0
      vertex 11.5693 0.312144 0
    endloop
  endfacet
  facet normal 0 0 -1
    outer loop
      vertex 22.2032 23.0517 0
      vertex 14.5142 47.847 0
      vertex 19.1342 46.194 0
    endloop
  endfacet
  facet normal 0 0 -1
    outer loop
      vertex 11.5693 0.312144 0
      vertex 32 0.599999 0
      vertex 11.5923 0.156827 0
    endloop
  endfacet
  facet normal 0 0 -1
    outer loop
      vertex 32 -0.599999 0
      vertex 11.6 0 0
      vertex 32 0.599999 0
    endloop
  endfacet
  facet normal 0 0 -1
    outer loop
      vertex 19.1342 -46.194 0
      vertex 11.5311 -0.464455 0
      vertex 11.5693 -0.312144 0
    endloop
  endfacet
  facet normal 0 0 -1
    outer loop
      vertex 19.1342 -46.194 0
      vertex 11.4782 -0.612293 0
      vertex 11.5311 -0.464455 0
    endloop
  endfacet
  facet normal 0 0 -1
    outer loop
      vertex 19.1342 -46.194 0
      vertex 11.4111 -0.754234 0
      vertex 11.4782 -0.612293 0
    endloop
  endfacet
  facet normal 0 0 -1
    outer loop
      vertex 19.1342 -46.194 0
      vertex 11.3304 -0.888912 0
      vertex 11.4111 -0.754234 0
    endloop
  endfacet
  facet normal 0 0 -1
    outer loop
      vertex 19.1342 -46.194 0
      vertex 11.2368 -1.01503 0
      vertex 11.3304 -0.888912 0
    endloop
  endfacet
  facet normal 0 0 -1
    outer loop
      vertex 19.1342 -46.194 0
      vertex 11.1314 -1.13137 0
      vertex 11.2368 -1.01503 0
    endloop
  endfacet
  facet normal 0 0 -1
    outer loop
      vertex 19.1342 -46.194 0
      vertex 11.015 -1.23682 0
      vertex 11.1314 -1.13137 0
    endloop
  endfacet
  facet normal 0 0 -1
    outer loop
      vertex 19.1342 -46.194 0
      vertex 10.8889 -1.33035 0
      vertex 11.015 -1.23682 0
    endloop
  endfacet
  facet normal 0 0 -1
    outer loop
      vertex 19.1342 -46.194 0
      vertex 10.7542 -1.41107 0
      vertex 10.8889 -1.33035 0
    endloop
  endfacet
  facet normal 0 0 -1
    outer loop
      vertex 0.599999 -32 0
      vertex 10.7542 -1.41107 0
      vertex 19.1342 -46.194 0
    endloop
  endfacet
  facet normal 0 0 -1
    outer loop
      vertex 10.7542 -1.41107 0
      vertex 1.41107 -10.7542 0
      vertex 10.6123 -1.47821 0
    endloop
  endfacet
  facet normal 0 -0 -1
    outer loop
      vertex 1.47821 -10.6123 0
      vertex 10.6123 -1.47821 0
      vertex 1.41107 -10.7542 0
    endloop
  endfacet
  facet normal 0 0 -1
    outer loop
      vertex 10.6123 -1.47821 0
      vertex 1.47821 -10.6123 0
      vertex 10.4645 -1.5311 0
    endloop
  endfacet
  facet normal 0 -0 -1
    outer loop
      vertex 1.5311 -10.4645 0
      vertex 10.4645 -1.5311 0
      vertex 1.47821 -10.6123 0
    endloop
  endfacet
  facet normal 0 0 -1
    outer loop
      vertex 10.4645 -1.5311 0
      vertex 1.5311 -10.4645 0
      vertex 10.3121 -1.56926 0
    endloop
  endfacet
  facet normal 0 0 -1
    outer loop
      vertex 0.599999 -38 0
      vertex 14.5142 -47.847 0
      vertex 9.75452 -49.0393 0
    endloop
  endfacet
  facet normal 0 0 -1
    outer loop
      vertex 0.599999 -32 0
      vertex 19.1342 -46.194 0
      vertex 0.599999 -38 0
    endloop
  endfacet
  facet normal 0 -0 -1
    outer loop
      vertex 1.56926 -10.3121 0
      vertex 10.3121 -1.56926 0
      vertex 1.5311 -10.4645 0
    endloop
  endfacet
  facet normal 0 -0 -1
    outer loop
      vertex 1.59229 -10.1568 0
      vertex 10.1568 -1.59229 0
      vertex 1.56926 -10.3121 0
    endloop
  endfacet
  facet normal 0 -0 -1
    outer loop
      vertex 4.24264 -4.24264 0
      vertex 10.1568 -1.59229 0
      vertex 1.59229 -10.1568 0
    endloop
  endfacet
  facet normal 0 0 -1
    outer loop
      vertex 10.1568 -1.59229 0
      vertex 4.24264 -4.24264 0
      vertex 10 -1.6 0
    endloop
  endfacet
  facet normal 0 -0 -1
    outer loop
      vertex 4.63806 -3.80636 0
      vertex 10 -1.6 0
      vertex 4.24264 -4.24264 0
    endloop
  endfacet
  facet normal -0 0 -1
    outer loop
      vertex 10 -1.6 0
      vertex 4.63806 -3.80636 0
      vertex 9.84317 -1.59229 0
    endloop
  endfacet
  facet normal -0 0 -1
    outer loop
      vertex 9.84317 -1.59229 0
      vertex 4.63806 -3.80636 0
      vertex 9.68785 -1.56926 0
    endloop
  endfacet
  facet normal 0 -0 -1
    outer loop
      vertex 4.98882 -3.33342 0
      vertex 9.68785 -1.56926 0
      vertex 4.63806 -3.80636 0
    endloop
  endfacet
  facet normal -0 0 -1
    outer loop
      vertex 9.53554 -1.5311 0
      vertex 4.98882 -3.33342 0
      vertex 9.38771 -1.47821 0
    endloop
  endfacet
  facet normal 0 -0 -1
    outer loop
      vertex 5.29153 -2.82838 0
      vertex 9.38771 -1.47821 0
      vertex 4.98882 -3.33342 0
    endloop
  endfacet
  facet normal -0 0 -1
    outer loop
      vertex 9.38771 -1.47821 0
      vertex 5.29153 -2.82838 0
      vertex 9.24576 -1.41107 0
    endloop
  endfacet
  facet normal -0 0 -1
    outer loop
      vertex 9.11109 -1.33035 0
      vertex 5.54328 -2.2961 0
      vertex 8.98497 -1.23682 0
    endloop
  endfacet
  facet normal -0 0 -1
    outer loop
      vertex 8.98497 -1.23682 0
      vertex 5.54328 -2.2961 0
      vertex 8.86863 -1.13137 0
    endloop
  endfacet
  facet normal 0 -0 -1
    outer loop
      vertex 5.74164 -1.74171 0
      vertex 8.86863 -1.13137 0
      vertex 5.54328 -2.2961 0
    endloop
  endfacet
  facet normal -0 0 -1
    outer loop
      vertex 8.86863 -1.13137 0
      vertex 5.74164 -1.74171 0
      vertex 8.76318 -1.01503 0
    endloop
  endfacet
  facet normal 0 0 -1
    outer loop
      vertex 8.4077 -0.156827 0
      vertex 6 0 0
      vertex 8.4 0 0
    endloop
  endfacet
  facet normal 0 -0 -1
    outer loop
      vertex 6 0 0
      vertex 8.4077 -0.156827 0
      vertex 5.97111 -0.588102 0
    endloop
  endfacet
  facet normal -0 0 -1
    outer loop
      vertex 8.43074 -0.312144 0
      vertex 5.97111 -0.588102 0
      vertex 8.4077 -0.156827 0
    endloop
  endfacet
  facet normal -0 0 -1
    outer loop
      vertex 8.46889 -0.464455 0
      vertex 5.97111 -0.588102 0
      vertex 8.43074 -0.312144 0
    endloop
  endfacet
  facet normal 0 0 -1
    outer loop
      vertex 8.52179 -0.612293 0
      vertex 5.97111 -0.588102 0
      vertex 8.46889 -0.464455 0
    endloop
  endfacet
  facet normal 0 -0 -1
    outer loop
      vertex 5.97111 -0.588102 0
      vertex 8.52179 -0.612293 0
      vertex 5.88471 -1.17054 0
    endloop
  endfacet
  facet normal 0 0 -1
    outer loop
      vertex 0.599999 -38 0
      vertex 9.75452 -49.0393 0
      vertex 4.90086 -49.7592 0
    endloop
  endfacet
  facet normal 0 0 -1
    outer loop
      vertex 10.3121 -1.56926 0
      vertex 1.56926 -10.3121 0
      vertex 10.1568 -1.59229 0
    endloop
  endfacet
  facet normal -0 0 -1
    outer loop
      vertex 8.76318 -1.01503 0
      vertex 5.74164 -1.74171 0
      vertex 8.66965 -0.888912 0
    endloop
  endfacet
  facet normal -0 0 -1
    outer loop
      vertex 8.58893 -0.754234 0
      vertex 5.88471 -1.17054 0
      vertex 8.52179 -0.612293 0
    endloop
  endfacet
  facet normal 0 -0 -1
    outer loop
      vertex 5.88471 -1.17054 0
      vertex 8.66965 -0.888912 0
      vertex 5.74164 -1.74171 0
    endloop
  endfacet
  facet normal 0 -0 -1
    outer loop
      vertex 5.54328 -2.2961 0
      vertex 9.24576 -1.41107 0
      vertex 5.29153 -2.82838 0
    endloop
  endfacet
  facet normal 0 0 -1
    outer loop
      vertex 4.24264 -4.24264 0
      vertex 1.6 -10 0
      vertex 3.80636 -4.63806 0
    endloop
  endfacet
  facet normal 0 0 -1
    outer loop
      vertex 1.56926 -9.68785 0
      vertex 3.80636 -4.63806 0
      vertex 1.59229 -9.84317 0
    endloop
  endfacet
  facet normal 0 0 -1
    outer loop
      vertex 1.5311 -9.53554 0
      vertex 3.33342 -4.98882 0
      vertex 1.56926 -9.68785 0
    endloop
  endfacet
  facet normal 0 0 -1
    outer loop
      vertex 3.80636 -4.63806 0
      vertex 1.56926 -9.68785 0
      vertex 3.33342 -4.98882 0
    endloop
  endfacet
  facet normal 0 0 -1
    outer loop
      vertex 1.59229 -9.84317 0
      vertex 3.80636 -4.63806 0
      vertex 1.6 -10 0
    endloop
  endfacet
  facet normal 0 -0 -1
    outer loop
      vertex 1.6 -10 0
      vertex 4.24264 -4.24264 0
      vertex 1.59229 -10.1568 0
    endloop
  endfacet
  facet normal -0 0 -1
    outer loop
      vertex 9.24576 -1.41107 0
      vertex 5.54328 -2.2961 0
      vertex 9.11109 -1.33035 0
    endloop
  endfacet
  facet normal -0 0 -1
    outer loop
      vertex 8.66965 -0.888912 0
      vertex 5.88471 -1.17054 0
      vertex 8.58893 -0.754234 0
    endloop
  endfacet
  facet normal -0 0 -1
    outer loop
      vertex 9.68785 -1.56926 0
      vertex 4.98882 -3.33342 0
      vertex 9.53554 -1.5311 0
    endloop
  endfacet
  facet normal 0 0 -1
    outer loop
      vertex 10.7542 -1.41107 0
      vertex 0.599999 -32 0
      vertex 1.41107 -10.7542 0
    endloop
  endfacet
  facet normal 0 0 -1
    outer loop
      vertex 1.41107 -10.7542 0
      vertex 0.599999 -32 0
      vertex 1.33035 -10.8889 0
    endloop
  endfacet
  facet normal 0 0 -1
    outer loop
      vertex 1.33035 -10.8889 0
      vertex 0.599999 -32 0
      vertex 1.23682 -11.015 0
    endloop
  endfacet
  facet normal 0 0 -1
    outer loop
      vertex 1.23682 -11.015 0
      vertex 0.599999 -32 0
      vertex 1.13137 -11.1314 0
    endloop
  endfacet
  facet normal 0 0 -1
    outer loop
      vertex 1.13137 -11.1314 0
      vertex 0.599999 -32 0
      vertex 1.01503 -11.2368 0
    endloop
  endfacet
  facet normal 0 0 -1
    outer loop
      vertex 1.01503 -11.2368 0
      vertex 0.599999 -32 0
      vertex 0.888912 -11.3304 0
    endloop
  endfacet
  facet normal 0 0 -1
    outer loop
      vertex 0.888912 -11.3304 0
      vertex 0.599999 -32 0
      vertex 0.754234 -11.4111 0
    endloop
  endfacet
  facet normal 0 0 -1
    outer loop
      vertex 0 -50 0
      vertex 0.599999 -38 0
      vertex 4.90086 -49.7592 0
    endloop
  endfacet
  facet normal 0 0 -1
    outer loop
      vertex 0 -50 0
      vertex -0.599999 -38 0
      vertex 0.599999 -38 0
    endloop
  endfacet
  facet normal 0 0 -1
    outer loop
      vertex -22.2032 -26.4458 0
      vertex -0.599999 -38 0
      vertex -14.5142 -47.847 0
    endloop
  endfacet
  facet normal 0 0 -1
    outer loop
      vertex -0.599999 -32 0
      vertex -0.754234 -11.4111 0
      vertex -0.612293 -11.4782 0
    endloop
  endfacet
  facet normal 0 0 -1
    outer loop
      vertex -0.599999 -32 0
      vertex -0.888912 -11.3304 0
      vertex -0.754234 -11.4111 0
    endloop
  endfacet
  facet normal 0 0 -1
    outer loop
      vertex -0.599999 -32 0
      vertex -1.01503 -11.2368 0
      vertex -0.888912 -11.3304 0
    endloop
  endfacet
  facet normal 0 0 -1
    outer loop
      vertex -22.2032 -23.0517 0
      vertex -0.599999 -32 0
      vertex -22.2032 -26.4458 0
    endloop
  endfacet
  facet normal 0 0 -1
    outer loop
      vertex -0.599999 -32 0
      vertex -22.2032 -23.0517 0
      vertex -1.01503 -11.2368 0
    endloop
  endfacet
  facet normal -0 0 -1
    outer loop
      vertex -1.01503 -11.2368 0
      vertex -22.2032 -23.0517 0
      vertex -1.13137 -11.1314 0
    endloop
  endfacet
  facet normal 0 0 -1
    outer loop
      vertex -0.599999 -38 0
      vertex -22.2032 -26.4458 0
      vertex -0.599999 -32 0
    endloop
  endfacet
  facet normal -0 0 -1
    outer loop
      vertex -1.13137 -11.1314 0
      vertex -22.2032 -23.0517 0
      vertex -1.23682 -11.015 0
    endloop
  endfacet
  facet normal -0 0 -1
    outer loop
      vertex -1.23682 -11.015 0
      vertex -22.2032 -23.0517 0
      vertex -1.33035 -10.8889 0
    endloop
  endfacet
  facet normal -0 0 -1
    outer loop
      vertex -1.33035 -10.8889 0
      vertex -22.2032 -23.0517 0
      vertex -1.41107 -10.7542 0
    endloop
  endfacet
  facet normal -0 0 -1
    outer loop
      vertex -1.5311 -10.4645 0
      vertex -22.2032 -23.0517 0
      vertex -10.4645 -1.5311 0
    endloop
  endfacet
  facet normal -0 0 -1
    outer loop
      vertex -1.41107 -10.7542 0
      vertex -22.2032 -23.0517 0
      vertex -1.47821 -10.6123 0
    endloop
  endfacet
  facet normal 0 0 -1
    outer loop
      vertex -1.23682 -8.98497 0
      vertex -2.2961 -5.54328 0
      vertex -1.74171 -5.74164 0
    endloop
  endfacet
  facet normal -0 0 -1
    outer loop
      vertex -1.47821 -10.6123 0
      vertex -22.2032 -23.0517 0
      vertex -1.5311 -10.4645 0
    endloop
  endfacet
  facet normal 0 0 -1
    outer loop
      vertex -4.90086 -49.7592 0
      vertex -0.599999 -38 0
      vertex 0 -50 0
    endloop
  endfacet
  facet normal 0 0 -1
    outer loop
      vertex -9.75452 -49.0393 0
      vertex -0.599999 -38 0
      vertex -4.90086 -49.7592 0
    endloop
  endfacet
  facet normal 0 0 -1
    outer loop
      vertex -14.5142 -47.847 0
      vertex -0.599999 -38 0
      vertex -9.75452 -49.0393 0
    endloop
  endfacet
  facet normal 0 0 -1
    outer loop
      vertex -1.5311 -10.4645 0
      vertex -10.4645 -1.5311 0
      vertex -1.56926 -10.3121 0
    endloop
  endfacet
  facet normal 0 0 -1
    outer loop
      vertex -1.41107 -9.24576 0
      vertex -2.82838 -5.29153 0
      vertex -2.2961 -5.54328 0
    endloop
  endfacet
  facet normal 0 0 -1
    outer loop
      vertex -1.5311 -9.53554 0
      vertex -3.33342 -4.98882 0
      vertex -2.82838 -5.29153 0
    endloop
  endfacet
  facet normal -0 -0 -1
    outer loop
      vertex -10.1568 -1.59229 0
      vertex -1.59229 -10.1568 0
      vertex -10.3121 -1.56926 0
    endloop
  endfacet
  facet normal 0 0 -1
    outer loop
      vertex -1.56926 -9.68785 0
      vertex -3.80636 -4.63806 0
      vertex -3.33342 -4.98882 0
    endloop
  endfacet
  facet normal -0 -0 -1
    outer loop
      vertex -4.24264 -4.24264 0
      vertex -1.59229 -10.1568 0
      vertex -10.1568 -1.59229 0
    endloop
  endfacet
  facet normal 0 0 -1
    outer loop
      vertex -1.6 -10 0
      vertex -4.24264 -4.24264 0
      vertex -3.80636 -4.63806 0
    endloop
  endfacet
  facet normal -0 -0 -1
    outer loop
      vertex -10 -1.6 0
      vertex -4.24264 -4.24264 0
      vertex -10.1568 -1.59229 0
    endloop
  endfacet
  facet normal 0 -0 -1
    outer loop
      vertex -9.84317 -1.59229 0
      vertex -4.63806 -3.80636 0
      vertex -10 -1.6 0
    endloop
  endfacet
  facet normal 0 0 -1
    outer loop
      vertex -4.63806 -3.80636 0
      vertex -9.68785 -1.56926 0
      vertex -4.98882 -3.33342 0
    endloop
  endfacet
  facet normal 0 -0 -1
    outer loop
      vertex -9.11109 -1.33035 0
      vertex -5.54328 -2.2961 0
      vertex -9.24576 -1.41107 0
    endloop
  endfacet
  facet normal 0 -0 -1
    outer loop
      vertex -8.86863 -1.13137 0
      vertex -5.74164 -1.74171 0
      vertex -8.98497 -1.23682 0
    endloop
  endfacet
  facet normal -0 0 -1
    outer loop
      vertex -6 0 0
      vertex -8.4077 -0.156827 0
      vertex -8.4 0 0
    endloop
  endfacet
  facet normal 0 0 -1
    outer loop
      vertex -5.97111 -0.588102 0
      vertex -8.4077 -0.156827 0
      vertex -6 0 0
    endloop
  endfacet
  facet normal 0 -0 -1
    outer loop
      vertex -8.4077 -0.156827 0
      vertex -5.97111 -0.588102 0
      vertex -8.43074 -0.312144 0
    endloop
  endfacet
  facet normal 0 -0 -1
    outer loop
      vertex -8.43074 -0.312144 0
      vertex -5.97111 -0.588102 0
      vertex -8.46889 -0.464455 0
    endloop
  endfacet
  facet normal 0 -0 -1
    outer loop
      vertex -8.46889 -0.464455 0
      vertex -5.97111 -0.588102 0
      vertex -8.52179 -0.612293 0
    endloop
  endfacet
  facet normal 0 0 -1
    outer loop
      vertex -5.88471 -1.17054 0
      vertex -8.52179 -0.612293 0
      vertex -5.97111 -0.588102 0
    endloop
  endfacet
  facet normal 0 -0 -1
    outer loop
      vertex -8.52179 -0.612293 0
      vertex -5.88471 -1.17054 0
      vertex -8.58893 -0.754234 0
    endloop
  endfacet
  facet normal 0 -0 -1
    outer loop
      vertex -8.58893 -0.754234 0
      vertex -5.88471 -1.17054 0
      vertex -8.66965 -0.888912 0
    endloop
  endfacet
  facet normal 0 0 -1
    outer loop
      vertex -5.74164 -1.74171 0
      vertex -8.66965 -0.888912 0
      vertex -5.88471 -1.17054 0
    endloop
  endfacet
  facet normal 0 -0 -1
    outer loop
      vertex -8.66965 -0.888912 0
      vertex -5.74164 -1.74171 0
      vertex -8.76318 -1.01503 0
    endloop
  endfacet
  facet normal 0 -0 -1
    outer loop
      vertex -8.76318 -1.01503 0
      vertex -5.74164 -1.74171 0
      vertex -8.86863 -1.13137 0
    endloop
  endfacet
  facet normal 0 0 -1
    outer loop
      vertex -5.54328 -2.2961 0
      vertex -8.98497 -1.23682 0
      vertex -5.74164 -1.74171 0
    endloop
  endfacet
  facet normal 0 -0 -1
    outer loop
      vertex -8.98497 -1.23682 0
      vertex -5.54328 -2.2961 0
      vertex -9.11109 -1.33035 0
    endloop
  endfacet
  facet normal 0 0 -1
    outer loop
      vertex -5.29153 -2.82838 0
      vertex -9.24576 -1.41107 0
      vertex -5.54328 -2.2961 0
    endloop
  endfacet
  facet normal 0 -0 -1
    outer loop
      vertex -9.24576 -1.41107 0
      vertex -5.29153 -2.82838 0
      vertex -9.38771 -1.47821 0
    endloop
  endfacet
  facet normal 0 -0 -1
    outer loop
      vertex -9.38771 -1.47821 0
      vertex -5.29153 -2.82838 0
      vertex -9.53554 -1.5311 0
    endloop
  endfacet
  facet normal 0 0 -1
    outer loop
      vertex -4.98882 -3.33342 0
      vertex -9.53554 -1.5311 0
      vertex -5.29153 -2.82838 0
    endloop
  endfacet
  facet normal 0 -0 -1
    outer loop
      vertex -9.53554 -1.5311 0
      vertex -4.98882 -3.33342 0
      vertex -9.68785 -1.56926 0
    endloop
  endfacet
  facet normal 0 -0 -1
    outer loop
      vertex -9.68785 -1.56926 0
      vertex -4.63806 -3.80636 0
      vertex -9.84317 -1.59229 0
    endloop
  endfacet
  facet normal 0 0 -1
    outer loop
      vertex -4.24264 -4.24264 0
      vertex -10 -1.6 0
      vertex -4.63806 -3.80636 0
    endloop
  endfacet
  facet normal 0 0 -1
    outer loop
      vertex -1.59229 -10.1568 0
      vertex -4.24264 -4.24264 0
      vertex -1.6 -10 0
    endloop
  endfacet
  facet normal 0 0 -1
    outer loop
      vertex -1.56926 -10.3121 0
      vertex -10.3121 -1.56926 0
      vertex -1.59229 -10.1568 0
    endloop
  endfacet
  facet normal -0 -0 -1
    outer loop
      vertex -10.3121 -1.56926 0
      vertex -1.56926 -10.3121 0
      vertex -10.4645 -1.5311 0
    endloop
  endfacet
  facet normal 0 0 -1
    outer loop
      vertex -23.0517 -22.2032 0
      vertex -10.4645 -1.5311 0
      vertex -22.2032 -23.0517 0
    endloop
  endfacet
  facet normal -0 0 -1
    outer loop
      vertex -10.4645 -1.5311 0
      vertex -23.0517 -22.2032 0
      vertex -10.6123 -1.47821 0
    endloop
  endfacet
  facet normal -0 0 -1
    outer loop
      vertex -10.6123 -1.47821 0
      vertex -23.0517 -22.2032 0
      vertex -10.7542 -1.41107 0
    endloop
  endfacet
  facet normal -0 0 -1
    outer loop
      vertex -10.7542 -1.41107 0
      vertex -23.0517 -22.2032 0
      vertex -10.8889 -1.33035 0
    endloop
  endfacet
  facet normal -0 0 -1
    outer loop
      vertex -10.8889 -1.33035 0
      vertex -23.0517 -22.2032 0
      vertex -11.015 -1.23682 0
    endloop
  endfacet
  facet normal -0 0 -1
    outer loop
      vertex -11.015 -1.23682 0
      vertex -23.0517 -22.2032 0
      vertex -11.1314 -1.13137 0
    endloop
  endfacet
  facet normal -0 0 -1
    outer loop
      vertex -11.1314 -1.13137 0
      vertex -23.0517 -22.2032 0
      vertex -11.2368 -1.01503 0
    endloop
  endfacet
  facet normal 0 0 -1
    outer loop
      vertex -32 -0.599999 0
      vertex -11.2368 -1.01503 0
      vertex -23.0517 -22.2032 0
    endloop
  endfacet
  facet normal 0 0 -1
    outer loop
      vertex -11.2368 -1.01503 0
      vertex -32 -0.599999 0
      vertex -11.3304 -0.888912 0
    endloop
  endfacet
  facet normal 0 0 -1
    outer loop
      vertex -11.3304 -0.888912 0
      vertex -32 -0.599999 0
      vertex -11.4111 -0.754234 0
    endloop
  endfacet
  facet normal 0 0 -1
    outer loop
      vertex -11.4111 -0.754234 0
      vertex -32 -0.599999 0
      vertex -11.4782 -0.612293 0
    endloop
  endfacet
  facet normal -0 0 -1
    outer loop
      vertex 23.9002 -24.7487 0
      vertex 22.2032 -26.4458 0
      vertex 22.2032 -23.0517 0
    endloop
  endfacet
  facet normal -0 0 -1
    outer loop
      vertex 23.9002 24.7487 0
      vertex 22.2032 23.0517 0
      vertex 22.2032 26.4458 0
    endloop
  endfacet
  facet normal 0 0 -1
    outer loop
      vertex 38 -0.599999 0
      vertex 50 0 0
      vertex 49.7592 -4.90086 0
    endloop
  endfacet
  facet normal 0 0 -1
    outer loop
      vertex 38 -0.599999 0
      vertex 49.7592 -4.90086 0
      vertex 49.0393 -9.75452 0
    endloop
  endfacet
  facet normal 0 0 -1
    outer loop
      vertex 38 0.599999 0
      vertex 50 0 0
      vertex 38 -0.599999 0
    endloop
  endfacet
  facet normal 0 0 -1
    outer loop
      vertex 38 -0.599999 0
      vertex 49.0393 -9.75452 0
      vertex 47.847 -14.5142 0
    endloop
  endfacet
  facet normal 0 0 -1
    outer loop
      vertex 50 0 0
      vertex 38 0.599999 0
      vertex 49.7592 4.90086 0
    endloop
  endfacet
  facet normal 0 0 -1
    outer loop
      vertex 38 -0.599999 0
      vertex 47.847 -14.5142 0
      vertex 46.194 -19.1342 0
    endloop
  endfacet
  facet normal -0 0 -1
    outer loop
      vertex 49.7592 4.90086 0
      vertex 38 0.599999 0
      vertex 49.0393 9.75452 0
    endloop
  endfacet
  facet normal 0 0 -1
    outer loop
      vertex 41.5735 -27.7785 0
      vertex 27.2943 -23.0517 0
      vertex 44.0961 -23.5698 0
    endloop
  endfacet
  facet normal -0 0 -1
    outer loop
      vertex 49.0393 9.75452 0
      vertex 38 0.599999 0
      vertex 47.847 14.5142 0
    endloop
  endfacet
  facet normal 0 0 -1
    outer loop
      vertex 27.2943 -23.0517 0
      vertex 41.5735 -27.7785 0
      vertex 27.2943 -26.4458 0
    endloop
  endfacet
  facet normal -0 0 -1
    outer loop
      vertex 47.847 14.5142 0
      vertex 38 0.599999 0
      vertex 46.194 19.1342 0
    endloop
  endfacet
  facet normal 0 0 -1
    outer loop
      vertex 27.2943 -26.4458 0
      vertex 41.5735 -27.7785 0
      vertex 38.6505 -31.7197 0
    endloop
  endfacet
  facet normal 0 0 -1
    outer loop
      vertex 32 0.599999 0
      vertex 46.194 19.1342 0
      vertex 38 0.599999 0
    endloop
  endfacet
  facet normal -0 0 -1
    outer loop
      vertex 46.194 19.1342 0
      vertex 32 0.599999 0
      vertex 44.0961 23.5698 0
    endloop
  endfacet
  facet normal 0 0 -1
    outer loop
      vertex 27.2943 -26.4458 0
      vertex 38.6505 -31.7197 0
      vertex 35.3553 -35.3553 0
    endloop
  endfacet
  facet normal 0 0 -1
    outer loop
      vertex 44.0961 -23.5698 0
      vertex 27.2943 -23.0517 0
      vertex 46.194 -19.1342 0
    endloop
  endfacet
  facet normal 0 0 -1
    outer loop
      vertex 26.4458 -22.2032 0
      vertex 38 -0.599999 0
      vertex 46.194 -19.1342 0
    endloop
  endfacet
  facet normal 0 0 -1
    outer loop
      vertex 27.2943 -26.4458 0
      vertex 35.3553 -35.3553 0
      vertex 31.7197 -38.6505 0
    endloop
  endfacet
  facet normal -0 0 -1
    outer loop
      vertex 44.0961 23.5698 0
      vertex 32 0.599999 0
      vertex 41.5735 27.7785 0
    endloop
  endfacet
  facet normal -0 0 -1
    outer loop
      vertex 41.5735 27.7785 0
      vertex 32 0.599999 0
      vertex 38.6505 31.7197 0
    endloop
  endfacet
  facet normal -0 0 -1
    outer loop
      vertex 38.6505 31.7197 0
      vertex 32 0.599999 0
      vertex 35.3553 35.3553 0
    endloop
  endfacet
  facet normal 0 0 -1
    outer loop
      vertex 32 0.599999 0
      vertex 31.7197 38.6505 0
      vertex 35.3553 35.3553 0
    endloop
  endfacet
  facet normal 0 0 -1
    outer loop
      vertex 26.4458 -22.2032 0
      vertex 46.194 -19.1342 0
      vertex 27.2943 -23.0517 0
    endloop
  endfacet
  facet normal 0 0 -1
    outer loop
      vertex 26.4458 -27.2943 0
      vertex 31.7197 -38.6505 0
      vertex 27.7785 -41.5735 0
    endloop
  endfacet
  facet normal -0 0 -1
    outer loop
      vertex 38 -0.599999 0
      vertex 26.4458 -22.2032 0
      vertex 32 -0.599999 0
    endloop
  endfacet
  facet normal 0 0 -1
    outer loop
      vertex 32 0.599999 0
      vertex 27.7785 41.5735 0
      vertex 31.7197 38.6505 0
    endloop
  endfacet
  facet normal 0 0 -1
    outer loop
      vertex 31.7197 -38.6505 0
      vertex 26.4458 -27.2943 0
      vertex 27.2943 -26.4458 0
    endloop
  endfacet
  facet normal 0 0 -1
    outer loop
      vertex 23.0517 -27.2943 0
      vertex 26.4458 -27.2943 0
      vertex 27.7785 -41.5735 0
    endloop
  endfacet
  facet normal 0 0 -1
    outer loop
      vertex 23.0517 -27.2943 0
      vertex 27.7785 -41.5735 0
      vertex 23.5698 -44.0961 0
    endloop
  endfacet
  facet normal 0 0 -1
    outer loop
      vertex 26.4458 -27.2943 0
      vertex 23.0517 -27.2943 0
      vertex 24.7487 -25.5973 0
    endloop
  endfacet
  facet normal 0 0 -1
    outer loop
      vertex 19.1342 -46.194 0
      vertex 23.0517 -27.2943 0
      vertex 23.5698 -44.0961 0
    endloop
  endfacet
  facet normal 0 0 -1
    outer loop
      vertex 11.5693 -0.312144 0
      vertex 22.2032 -26.4458 0
      vertex 19.1342 -46.194 0
    endloop
  endfacet
  facet normal 0 0 -1
    outer loop
      vertex 22.2032 -26.4458 0
      vertex 11.5693 -0.312144 0
      vertex 22.2032 -23.0517 0
    endloop
  endfacet
  facet normal 0 -0 -1
    outer loop
      vertex 11.6 0 0
      vertex 32 -0.599999 0
      vertex 11.5923 -0.156827 0
    endloop
  endfacet
  facet normal -0 0 -1
    outer loop
      vertex 23.0517 -27.2943 0
      vertex 19.1342 -46.194 0
      vertex 22.2032 -26.4458 0
    endloop
  endfacet
  facet normal -0.514103 0.857728 0
    outer loop
      vertex -23.5698 44.0961 0
      vertex -27.7785 41.5735 6
      vertex -23.5698 44.0961 6
    endloop
  endfacet
  facet normal -0.514103 0.857728 0
    outer loop
      vertex -27.7785 41.5735 6
      vertex -23.5698 44.0961 0
      vertex -27.7785 41.5735 0
    endloop
  endfacet
  facet normal -0.998795 -0.049075 0
    outer loop
      vertex -49.7592 -4.90086 0
      vertex -50 0 6
      vertex -50 0 0
    endloop
  endfacet
  facet normal -0.998795 -0.049075 0
    outer loop
      vertex -50 0 6
      vertex -49.7592 -4.90086 0
      vertex -49.7592 -4.90086 6
    endloop
  endfacet
  facet normal -0.970028 0.242992 0
    outer loop
      vertex -49.0393 9.75452 0
      vertex -47.847 14.5142 6
      vertex -47.847 14.5142 0
    endloop
  endfacet
  facet normal -0.970028 0.242992 0
    outer loop
      vertex -47.847 14.5142 6
      vertex -49.0393 9.75452 0
      vertex -49.0393 9.75452 6
    endloop
  endfacet
  facet normal 0.427558 -0.903988 0
    outer loop
      vertex 19.1342 -46.194 0
      vertex 23.5698 -44.0961 6
      vertex 19.1342 -46.194 6
    endloop
  endfacet
  facet normal 0.427558 -0.903988 0
    outer loop
      vertex 23.5698 -44.0961 6
      vertex 19.1342 -46.194 0
      vertex 23.5698 -44.0961 0
    endloop
  endfacet
  facet normal -0.336879 0.941548 0
    outer loop
      vertex -14.5142 47.847 0
      vertex -19.1342 46.194 6
      vertex -14.5142 47.847 6
    endloop
  endfacet
  facet normal -0.336879 0.941548 0
    outer loop
      vertex -19.1342 46.194 6
      vertex -14.5142 47.847 0
      vertex -19.1342 46.194 0
    endloop
  endfacet
  facet normal 0.514103 -0.857728 0
    outer loop
      vertex 23.5698 -44.0961 0
      vertex 27.7785 -41.5735 6
      vertex 23.5698 -44.0961 6
    endloop
  endfacet
  facet normal 0.514103 -0.857728 0
    outer loop
      vertex 27.7785 -41.5735 6
      vertex 23.5698 -44.0961 0
      vertex 27.7785 -41.5735 0
    endloop
  endfacet
  facet normal 0.146716 -0.989179 0
    outer loop
      vertex 4.90086 -49.7592 0
      vertex 9.75452 -49.0393 6
      vertex 4.90086 -49.7592 6
    endloop
  endfacet
  facet normal 0.146716 -0.989179 0
    outer loop
      vertex 9.75452 -49.0393 6
      vertex 4.90086 -49.7592 0
      vertex 9.75452 -49.0393 0
    endloop
  endfacet
  facet normal 0.740943 -0.671568 0
    outer loop
      vertex 35.3553 -35.3553 6
      vertex 38.6505 -31.7197 0
      vertex 38.6505 -31.7197 6
    endloop
  endfacet
  facet normal 0.740943 -0.671568 0
    outer loop
      vertex 38.6505 -31.7197 0
      vertex 35.3553 -35.3553 6
      vertex 35.3553 -35.3553 0
    endloop
  endfacet
  facet normal 0.803207 -0.5957 0
    outer loop
      vertex 38.6505 -31.7197 6
      vertex 41.5735 -27.7785 0
      vertex 41.5735 -27.7785 6
    endloop
  endfacet
  facet normal 0.803207 -0.5957 0
    outer loop
      vertex 41.5735 -27.7785 0
      vertex 38.6505 -31.7197 6
      vertex 38.6505 -31.7197 0
    endloop
  endfacet
  facet normal -0.049075 0.998795 0
    outer loop
      vertex 0 50 0
      vertex -4.90086 49.7592 6
      vertex 0 50 6
    endloop
  endfacet
  facet normal -0.049075 0.998795 0
    outer loop
      vertex -4.90086 49.7592 6
      vertex 0 50 0
      vertex -4.90086 49.7592 0
    endloop
  endfacet
  facet normal -0.427558 0.903988 0
    outer loop
      vertex -19.1342 46.194 0
      vertex -23.5698 44.0961 6
      vertex -19.1342 46.194 6
    endloop
  endfacet
  facet normal -0.427558 0.903988 0
    outer loop
      vertex -23.5698 44.0961 6
      vertex -19.1342 46.194 0
      vertex -23.5698 44.0961 0
    endloop
  endfacet
  facet normal -0.5957 0.803207 0
    outer loop
      vertex -27.7785 41.5735 0
      vertex -31.7197 38.6505 6
      vertex -27.7785 41.5735 6
    endloop
  endfacet
  facet normal -0.5957 0.803207 0
    outer loop
      vertex -31.7197 38.6505 6
      vertex -27.7785 41.5735 0
      vertex -31.7197 38.6505 0
    endloop
  endfacet
  facet normal -0.989179 0.146716 0
    outer loop
      vertex -49.7592 4.90086 0
      vertex -49.0393 9.75452 6
      vertex -49.0393 9.75452 0
    endloop
  endfacet
  facet normal -0.989179 0.146716 0
    outer loop
      vertex -49.0393 9.75452 6
      vertex -49.7592 4.90086 0
      vertex -49.7592 4.90086 6
    endloop
  endfacet
  facet normal -0.242992 -0.970028 0
    outer loop
      vertex -14.5142 -47.847 0
      vertex -9.75452 -49.0393 6
      vertex -14.5142 -47.847 6
    endloop
  endfacet
  facet normal -0.242992 -0.970028 -0
    outer loop
      vertex -9.75452 -49.0393 6
      vertex -14.5142 -47.847 0
      vertex -9.75452 -49.0393 0
    endloop
  endfacet
  facet normal 0.970028 0.242992 0
    outer loop
      vertex 49.0393 9.75452 6
      vertex 47.847 14.5142 0
      vertex 47.847 14.5142 6
    endloop
  endfacet
  facet normal 0.970028 0.242992 0
    outer loop
      vertex 47.847 14.5142 0
      vertex 49.0393 9.75452 6
      vertex 49.0393 9.75452 0
    endloop
  endfacet
  facet normal 0.803207 0.5957 0
    outer loop
      vertex 41.5735 27.7785 6
      vertex 38.6505 31.7197 0
      vertex 38.6505 31.7197 6
    endloop
  endfacet
  facet normal 0.803207 0.5957 0
    outer loop
      vertex 38.6505 31.7197 0
      vertex 41.5735 27.7785 6
      vertex 41.5735 27.7785 0
    endloop
  endfacet
  facet normal -0.803207 -0.5957 0
    outer loop
      vertex -38.6505 -31.7197 0
      vertex -41.5735 -27.7785 6
      vertex -41.5735 -27.7785 0
    endloop
  endfacet
  facet normal -0.803207 -0.5957 0
    outer loop
      vertex -41.5735 -27.7785 6
      vertex -38.6505 -31.7197 0
      vertex -38.6505 -31.7197 6
    endloop
  endfacet
  facet normal -0.903988 -0.427558 0
    outer loop
      vertex -44.0961 -23.5698 0
      vertex -46.194 -19.1342 6
      vertex -46.194 -19.1342 0
    endloop
  endfacet
  facet normal -0.903988 -0.427558 0
    outer loop
      vertex -46.194 -19.1342 6
      vertex -44.0961 -23.5698 0
      vertex -44.0961 -23.5698 6
    endloop
  endfacet
  facet normal 0.146716 0.989179 -0
    outer loop
      vertex 9.75452 49.0393 0
      vertex 4.90086 49.7592 6
      vertex 9.75452 49.0393 6
    endloop
  endfacet
  facet normal 0.146716 0.989179 0
    outer loop
      vertex 4.90086 49.7592 6
      vertex 9.75452 49.0393 0
      vertex 4.90086 49.7592 0
    endloop
  endfacet
  facet normal -0.427558 -0.903988 0
    outer loop
      vertex -23.5698 -44.0961 0
      vertex -19.1342 -46.194 6
      vertex -23.5698 -44.0961 6
    endloop
  endfacet
  facet normal -0.427558 -0.903988 -0
    outer loop
      vertex -19.1342 -46.194 6
      vertex -23.5698 -44.0961 0
      vertex -19.1342 -46.194 0
    endloop
  endfacet
  facet normal 0.5957 -0.803207 0
    outer loop
      vertex 27.7785 -41.5735 0
      vertex 31.7197 -38.6505 6
      vertex 27.7785 -41.5735 6
    endloop
  endfacet
  facet normal 0.5957 -0.803207 0
    outer loop
      vertex 31.7197 -38.6505 6
      vertex 27.7785 -41.5735 0
      vertex 31.7197 -38.6505 0
    endloop
  endfacet
  facet normal 0.998795 -0.049075 0
    outer loop
      vertex 49.7592 -4.90086 6
      vertex 50 0 0
      vertex 50 0 6
    endloop
  endfacet
  facet normal 0.998795 -0.049075 0
    outer loop
      vertex 50 0 0
      vertex 49.7592 -4.90086 6
      vertex 49.7592 -4.90086 0
    endloop
  endfacet
  facet normal -0.146716 0.989179 0
    outer loop
      vertex -4.90086 49.7592 0
      vertex -9.75452 49.0393 6
      vertex -4.90086 49.7592 6
    endloop
  endfacet
  facet normal -0.146716 0.989179 0
    outer loop
      vertex -9.75452 49.0393 6
      vertex -4.90086 49.7592 0
      vertex -9.75452 49.0393 0
    endloop
  endfacet
  facet normal -0.989179 -0.146716 0
    outer loop
      vertex -49.0393 -9.75452 0
      vertex -49.7592 -4.90086 6
      vertex -49.7592 -4.90086 0
    endloop
  endfacet
  facet normal -0.989179 -0.146716 0
    outer loop
      vertex -49.7592 -4.90086 6
      vertex -49.0393 -9.75452 0
      vertex -49.0393 -9.75452 6
    endloop
  endfacet
  facet normal 0.336879 -0.941548 0
    outer loop
      vertex 14.5142 -47.847 0
      vertex 19.1342 -46.194 6
      vertex 14.5142 -47.847 6
    endloop
  endfacet
  facet normal 0.336879 -0.941548 0
    outer loop
      vertex 19.1342 -46.194 6
      vertex 14.5142 -47.847 0
      vertex 19.1342 -46.194 0
    endloop
  endfacet
  facet normal 0.242992 -0.970028 0
    outer loop
      vertex 9.75452 -49.0393 0
      vertex 14.5142 -47.847 6
      vertex 9.75452 -49.0393 6
    endloop
  endfacet
  facet normal 0.242992 -0.970028 0
    outer loop
      vertex 14.5142 -47.847 6
      vertex 9.75452 -49.0393 0
      vertex 14.5142 -47.847 0
    endloop
  endfacet
  facet normal -0.740943 -0.671568 0
    outer loop
      vertex -35.3553 -35.3553 0
      vertex -38.6505 -31.7197 6
      vertex -38.6505 -31.7197 0
    endloop
  endfacet
  facet normal -0.740943 -0.671568 0
    outer loop
      vertex -38.6505 -31.7197 6
      vertex -35.3553 -35.3553 0
      vertex -35.3553 -35.3553 6
    endloop
  endfacet
  facet normal -0.903988 0.427558 0
    outer loop
      vertex -46.194 19.1342 0
      vertex -44.0961 23.5698 6
      vertex -44.0961 23.5698 0
    endloop
  endfacet
  facet normal -0.903988 0.427558 0
    outer loop
      vertex -44.0961 23.5698 6
      vertex -46.194 19.1342 0
      vertex -46.194 19.1342 6
    endloop
  endfacet
  facet normal -0.5957 -0.803207 0
    outer loop
      vertex -31.7197 -38.6505 0
      vertex -27.7785 -41.5735 6
      vertex -31.7197 -38.6505 6
    endloop
  endfacet
  facet normal -0.5957 -0.803207 -0
    outer loop
      vertex -27.7785 -41.5735 6
      vertex -31.7197 -38.6505 0
      vertex -27.7785 -41.5735 0
    endloop
  endfacet
  facet normal 0.903988 -0.427558 0
    outer loop
      vertex 44.0961 -23.5698 6
      vertex 46.194 -19.1342 0
      vertex 46.194 -19.1342 6
    endloop
  endfacet
  facet normal 0.903988 -0.427558 0
    outer loop
      vertex 46.194 -19.1342 0
      vertex 44.0961 -23.5698 6
      vertex 44.0961 -23.5698 0
    endloop
  endfacet
  facet normal 0.857728 -0.514103 0
    outer loop
      vertex 41.5735 -27.7785 6
      vertex 44.0961 -23.5698 0
      vertex 44.0961 -23.5698 6
    endloop
  endfacet
  facet normal 0.857728 -0.514103 0
    outer loop
      vertex 44.0961 -23.5698 0
      vertex 41.5735 -27.7785 6
      vertex 41.5735 -27.7785 0
    endloop
  endfacet
  facet normal -0.049075 -0.998795 0
    outer loop
      vertex -4.90086 -49.7592 0
      vertex 0 -50 6
      vertex -4.90086 -49.7592 6
    endloop
  endfacet
  facet normal -0.049075 -0.998795 -0
    outer loop
      vertex 0 -50 6
      vertex -4.90086 -49.7592 0
      vertex 0 -50 0
    endloop
  endfacet
  facet normal 0 0 1
    outer loop
      vertex -10.8889 1.33035 6
      vertex -19.9641 15.7972 6
      vertex -11.015 1.23682 6
    endloop
  endfacet
  facet normal 0 0 1
    outer loop
      vertex -11.6 0 6
      vertex -14.6476 -23.7539 6
      vertex -14.5987 -24.7487 6
    endloop
  endfacet
  facet normal -0 0 1
    outer loop
      vertex -20.8645 15.3714 6
      vertex -11.015 1.23682 6
      vertex -19.9641 15.7972 6
    endloop
  endfacet
  facet normal 0 0 1
    outer loop
      vertex -11.6 0 6
      vertex -14.7938 -22.7686 6
      vertex -14.6476 -23.7539 6
    endloop
  endfacet
  facet normal 0 0 1
    outer loop
      vertex -11.015 1.23682 6
      vertex -20.8645 15.3714 6
      vertex -11.1314 1.13137 6
    endloop
  endfacet
  facet normal 0 0 1
    outer loop
      vertex -11.6 0 6
      vertex -15.0358 -21.8023 6
      vertex -14.7938 -22.7686 6
    endloop
  endfacet
  facet normal -0 0 1
    outer loop
      vertex -25.6226 3.88424 6
      vertex -11.1314 1.13137 6
      vertex -20.8645 15.3714 6
    endloop
  endfacet
  facet normal 0 0 1
    outer loop
      vertex -11.6 0 6
      vertex -15.3714 -20.8645 6
      vertex -15.0358 -21.8023 6
    endloop
  endfacet
  facet normal 0 0 1
    outer loop
      vertex -11.1314 1.13137 6
      vertex -25.6226 3.88424 6
      vertex -11.2368 1.01503 6
    endloop
  endfacet
  facet normal 0 0 1
    outer loop
      vertex -11.6 0 6
      vertex -15.7972 -19.9641 6
      vertex -15.3714 -20.8645 6
    endloop
  endfacet
  facet normal -0 -0 1
    outer loop
      vertex -25.2871 2.94639 6
      vertex -11.2368 1.01503 6
      vertex -25.6226 3.88424 6
    endloop
  endfacet
  facet normal 0 0 1
    outer loop
      vertex -11.6 0 6
      vertex -16.3093 -19.1097 6
      vertex -15.7972 -19.9641 6
    endloop
  endfacet
  facet normal 0 0 1
    outer loop
      vertex -11.2368 1.01503 6
      vertex -25.2871 2.94639 6
      vertex -11.3304 0.888912 6
    endloop
  endfacet
  facet normal 0 0 1
    outer loop
      vertex -11.6 0 6
      vertex -16.9027 -18.3096 6
      vertex -16.3093 -19.1097 6
    endloop
  endfacet
  facet normal 0 0 1
    outer loop
      vertex -11.3304 0.888912 6
      vertex -25.2871 2.94639 6
      vertex -11.4111 0.754234 6
    endloop
  endfacet
  facet normal 0 0 1
    outer loop
      vertex -11.6 0 6
      vertex -17.5716 -17.5716 6
      vertex -16.9027 -18.3096 6
    endloop
  endfacet
  facet normal -0 -0 1
    outer loop
      vertex -25.045 1.98017 6
      vertex -11.4111 0.754234 6
      vertex -25.2871 2.94639 6
    endloop
  endfacet
  facet normal 0 0 1
    outer loop
      vertex -24.8989 -0.994873 6
      vertex -11.6 0 6
      vertex -24.85 0 6
    endloop
  endfacet
  facet normal 0 0 1
    outer loop
      vertex -11.4111 0.754234 6
      vertex -25.045 1.98017 6
      vertex -11.4782 0.612293 6
    endloop
  endfacet
  facet normal 0 0 1
    outer loop
      vertex -11.6 0 6
      vertex -18.3096 -16.9027 6
      vertex -17.5716 -17.5716 6
    endloop
  endfacet
  facet normal 0 0 1
    outer loop
      vertex -11.4782 0.612293 6
      vertex -25.045 1.98017 6
      vertex -11.5311 0.464455 6
    endloop
  endfacet
  facet normal 0 0 1
    outer loop
      vertex -25.045 -1.98017 6
      vertex -11.6 0 6
      vertex -24.8989 -0.994873 6
    endloop
  endfacet
  facet normal -0 -0 1
    outer loop
      vertex -24.8989 0.994873 6
      vertex -11.5311 0.464455 6
      vertex -25.045 1.98017 6
    endloop
  endfacet
  facet normal 0 0 1
    outer loop
      vertex -11.6 0 6
      vertex -19.1097 -16.3093 6
      vertex -18.3096 -16.9027 6
    endloop
  endfacet
  facet normal 0 0 1
    outer loop
      vertex -25.6226 3.88424 6
      vertex -20.8645 15.3714 6
      vertex -21.8023 15.0358 6
    endloop
  endfacet
  facet normal 0 0 1
    outer loop
      vertex -25.2871 -2.94639 6
      vertex -11.6 0 6
      vertex -25.045 -1.98017 6
    endloop
  endfacet
  facet normal 0 0 1
    outer loop
      vertex -26.0485 4.78468 6
      vertex -21.8023 15.0358 6
      vertex -22.7686 14.7938 6
    endloop
  endfacet
  facet normal 0 0 1
    outer loop
      vertex -11.6 0 6
      vertex -19.9641 -15.7972 6
      vertex -19.1097 -16.3093 6
    endloop
  endfacet
  facet normal 0 0 1
    outer loop
      vertex -26.5606 5.63904 6
      vertex -22.7686 14.7938 6
      vertex -23.7539 14.6476 6
    endloop
  endfacet
  facet normal 0 0 1
    outer loop
      vertex -25.6226 -3.88424 6
      vertex -11.6 0 6
      vertex -25.2871 -2.94639 6
    endloop
  endfacet
  facet normal 0 0 1
    outer loop
      vertex -27.1539 6.43909 6
      vertex -23.7539 14.6476 6
      vertex -24.7487 14.5987 6
    endloop
  endfacet
  facet normal 0 0 1
    outer loop
      vertex -11.6 0 6
      vertex -20.8645 -15.3714 6
      vertex -19.9641 -15.7972 6
    endloop
  endfacet
  facet normal 0 0 1
    outer loop
      vertex -11.6 0 6
      vertex -25.6226 -3.88424 6
      vertex -20.8645 -15.3714 6
    endloop
  endfacet
  facet normal 0 0 1
    outer loop
      vertex -11.5923 0.156827 6
      vertex -24.85 0 6
      vertex -11.6 0 6
    endloop
  endfacet
  facet normal 0 -0 1
    outer loop
      vertex -24.85 0 6
      vertex -11.5923 0.156827 6
      vertex -24.8989 0.994873 6
    endloop
  endfacet
  facet normal 0 0 1
    outer loop
      vertex -11.5693 0.312144 6
      vertex -24.8989 0.994873 6
      vertex -11.5923 0.156827 6
    endloop
  endfacet
  facet normal 0 0 1
    outer loop
      vertex -11.5311 0.464455 6
      vertex -24.8989 0.994873 6
      vertex -11.5693 0.312144 6
    endloop
  endfacet
  facet normal 0 0 1
    outer loop
      vertex -27.8229 7.17713 6
      vertex -24.7487 14.5987 6
      vertex -25.7436 14.6476 6
    endloop
  endfacet
  facet normal 0 0 1
    outer loop
      vertex -21.8023 15.0358 6
      vertex -26.0485 4.78468 6
      vertex -25.6226 3.88424 6
    endloop
  endfacet
  facet normal 0 0 1
    outer loop
      vertex -22.7686 14.7938 6
      vertex -26.5606 5.63904 6
      vertex -26.0485 4.78468 6
    endloop
  endfacet
  facet normal 0 0 1
    outer loop
      vertex -28.5609 7.84606 6
      vertex -25.7436 14.6476 6
      vertex -26.7289 14.7938 6
    endloop
  endfacet
  facet normal 0 0 1
    outer loop
      vertex -23.7539 14.6476 6
      vertex -27.1539 6.43909 6
      vertex -26.5606 5.63904 6
    endloop
  endfacet
  facet normal 0 0 1
    outer loop
      vertex -29.361 8.43942 6
      vertex -26.7289 14.7938 6
      vertex -27.6951 15.0358 6
    endloop
  endfacet
  facet normal 0 0 1
    outer loop
      vertex -24.7487 14.5987 6
      vertex -27.8229 7.17713 6
      vertex -27.1539 6.43909 6
    endloop
  endfacet
  facet normal 0 0 1
    outer loop
      vertex -25.7436 14.6476 6
      vertex -28.5609 7.84606 6
      vertex -27.8229 7.17713 6
    endloop
  endfacet
  facet normal 0 0 1
    outer loop
      vertex -30.2153 8.9515 6
      vertex -27.6951 15.0358 6
      vertex -28.633 15.3714 6
    endloop
  endfacet
  facet normal 0 0 1
    outer loop
      vertex -26.7289 14.7938 6
      vertex -29.361 8.43942 6
      vertex -28.5609 7.84606 6
    endloop
  endfacet
  facet normal 0 0 1
    outer loop
      vertex -31.1158 9.37738 6
      vertex -28.633 15.3714 6
      vertex -29.5334 15.7972 6
    endloop
  endfacet
  facet normal 0 0 1
    outer loop
      vertex -27.6951 15.0358 6
      vertex -30.2153 8.9515 6
      vertex -29.361 8.43942 6
    endloop
  endfacet
  facet normal 0 0 1
    outer loop
      vertex -32.0536 9.71294 6
      vertex -29.5334 15.7972 6
      vertex -30.3878 16.3093 6
    endloop
  endfacet
  facet normal 0 0 1
    outer loop
      vertex -28.633 15.3714 6
      vertex -31.1158 9.37738 6
      vertex -30.2153 8.9515 6
    endloop
  endfacet
  facet normal 0 0 1
    outer loop
      vertex -33.0198 9.95497 6
      vertex -30.3878 16.3093 6
      vertex -31.1878 16.9027 6
    endloop
  endfacet
  facet normal 0 0 1
    outer loop
      vertex -34.0051 10.1011 6
      vertex -31.1878 16.9027 6
      vertex -31.9259 17.5716 6
    endloop
  endfacet
  facet normal 0 0 1
    outer loop
      vertex -29.5334 15.7972 6
      vertex -32.0536 9.71294 6
      vertex -31.1158 9.37738 6
    endloop
  endfacet
  facet normal 0 0 1
    outer loop
      vertex -35 10.15 6
      vertex -31.9259 17.5716 6
      vertex -32.5948 18.3096 6
    endloop
  endfacet
  facet normal 0 0 1
    outer loop
      vertex -30.3878 16.3093 6
      vertex -33.0198 9.95497 6
      vertex -32.0536 9.71294 6
    endloop
  endfacet
  facet normal 0 0 1
    outer loop
      vertex -35.9949 10.1011 6
      vertex -32.5948 18.3096 6
      vertex -33.1882 19.1097 6
    endloop
  endfacet
  facet normal 0 0 1
    outer loop
      vertex -36.9802 9.95497 6
      vertex -33.1882 19.1097 6
      vertex -33.7002 19.9641 6
    endloop
  endfacet
  facet normal 0 0 1
    outer loop
      vertex -31.1878 16.9027 6
      vertex -34.0051 10.1011 6
      vertex -33.0198 9.95497 6
    endloop
  endfacet
  facet normal 0 0 1
    outer loop
      vertex -46.194 19.1342 6
      vertex -33.7002 19.9641 6
      vertex -34.1261 20.8645 6
    endloop
  endfacet
  facet normal 0 0 1
    outer loop
      vertex -44.0961 23.5698 6
      vertex -34.1261 20.8645 6
      vertex -34.4617 21.8023 6
    endloop
  endfacet
  facet normal 0 0 1
    outer loop
      vertex -44.0961 23.5698 6
      vertex -34.4617 21.8023 6
      vertex -34.7037 22.7686 6
    endloop
  endfacet
  facet normal -0 0 1
    outer loop
      vertex -44.0961 23.5698 6
      vertex -34.7037 22.7686 6
      vertex -34.8499 23.7539 6
    endloop
  endfacet
  facet normal 0 0 1
    outer loop
      vertex -31.9259 17.5716 6
      vertex -35 10.15 6
      vertex -34.0051 10.1011 6
    endloop
  endfacet
  facet normal 0 0 1
    outer loop
      vertex -41.5735 27.7785 6
      vertex -34.8499 23.7539 6
      vertex -34.8987 24.7487 6
    endloop
  endfacet
  facet normal 0 0 1
    outer loop
      vertex -9.37738 -31.1158 6
      vertex -15.3714 -28.633 6
      vertex -9.71294 -32.0536 6
    endloop
  endfacet
  facet normal -0 0 1
    outer loop
      vertex -15.7972 -29.5334 6
      vertex -9.71294 -32.0536 6
      vertex -15.3714 -28.633 6
    endloop
  endfacet
  facet normal 0 0 1
    outer loop
      vertex -9.71294 -32.0536 6
      vertex -15.7972 -29.5334 6
      vertex -9.95497 -33.0198 6
    endloop
  endfacet
  facet normal -0 0 1
    outer loop
      vertex -16.3093 -30.3878 6
      vertex -9.95497 -33.0198 6
      vertex -15.7972 -29.5334 6
    endloop
  endfacet
  facet normal 0 0 1
    outer loop
      vertex -9.95497 -33.0198 6
      vertex -16.3093 -30.3878 6
      vertex -10.1011 -34.0051 6
    endloop
  endfacet
  facet normal -0 0 1
    outer loop
      vertex -16.9027 -31.1878 6
      vertex -10.1011 -34.0051 6
      vertex -16.3093 -30.3878 6
    endloop
  endfacet
  facet normal 0 0 1
    outer loop
      vertex -10.1011 -34.0051 6
      vertex -16.9027 -31.1878 6
      vertex -10.15 -35 6
    endloop
  endfacet
  facet normal -0 0 1
    outer loop
      vertex -17.5716 -31.9259 6
      vertex -10.15 -35 6
      vertex -16.9027 -31.1878 6
    endloop
  endfacet
  facet normal -0 0 1
    outer loop
      vertex -18.3096 -32.5948 6
      vertex -10.15 -35 6
      vertex -17.5716 -31.9259 6
    endloop
  endfacet
  facet normal -0 0 1
    outer loop
      vertex -19.1097 -33.1882 6
      vertex -10.15 -35 6
      vertex -18.3096 -32.5948 6
    endloop
  endfacet
  facet normal 0 0 1
    outer loop
      vertex -19.1342 -46.194 6
      vertex -10.15 -35 6
      vertex -19.1097 -33.1882 6
    endloop
  endfacet
  facet normal 0 0 1
    outer loop
      vertex -10.15 -35 6
      vertex -19.1342 -46.194 6
      vertex -14.5142 -47.847 6
    endloop
  endfacet
  facet normal -0 0 1
    outer loop
      vertex -19.9641 -33.7002 6
      vertex -19.1342 -46.194 6
      vertex -19.1097 -33.1882 6
    endloop
  endfacet
  facet normal -0 0 1
    outer loop
      vertex -20.8645 -34.1261 6
      vertex -19.1342 -46.194 6
      vertex -19.9641 -33.7002 6
    endloop
  endfacet
  facet normal 0 0 1
    outer loop
      vertex -23.5698 -44.0961 6
      vertex -20.8645 -34.1261 6
      vertex -21.8023 -34.4617 6
    endloop
  endfacet
  facet normal 0 0 1
    outer loop
      vertex -23.5698 -44.0961 6
      vertex -21.8023 -34.4617 6
      vertex -22.7686 -34.7037 6
    endloop
  endfacet
  facet normal 0 0 1
    outer loop
      vertex -20.8645 -34.1261 6
      vertex -23.5698 -44.0961 6
      vertex -19.1342 -46.194 6
    endloop
  endfacet
  facet normal -0 0 1
    outer loop
      vertex -23.7539 -34.8499 6
      vertex -23.5698 -44.0961 6
      vertex -22.7686 -34.7037 6
    endloop
  endfacet
  facet normal 0 0 1
    outer loop
      vertex -27.7785 -41.5735 6
      vertex -23.7539 -34.8499 6
      vertex -24.7487 -34.8987 6
    endloop
  endfacet
  facet normal 0 0 1
    outer loop
      vertex -27.7785 -41.5735 6
      vertex -24.7487 -34.8987 6
      vertex -25.7436 -34.8499 6
    endloop
  endfacet
  facet normal 0 0 1
    outer loop
      vertex -27.7785 -41.5735 6
      vertex -25.7436 -34.8499 6
      vertex -26.7289 -34.7037 6
    endloop
  endfacet
  facet normal 0 0 1
    outer loop
      vertex -27.7785 -41.5735 6
      vertex -26.7289 -34.7037 6
      vertex -27.6951 -34.4617 6
    endloop
  endfacet
  facet normal 0 0 1
    outer loop
      vertex -23.7539 -34.8499 6
      vertex -27.7785 -41.5735 6
      vertex -23.5698 -44.0961 6
    endloop
  endfacet
  facet normal 0 0 1
    outer loop
      vertex -31.7197 -38.6505 6
      vertex -27.6951 -34.4617 6
      vertex -28.633 -34.1261 6
    endloop
  endfacet
  facet normal 0 0 1
    outer loop
      vertex -31.7197 -38.6505 6
      vertex -28.633 -34.1261 6
      vertex -29.5334 -33.7002 6
    endloop
  endfacet
  facet normal 0 0 1
    outer loop
      vertex -31.7197 -38.6505 6
      vertex -29.5334 -33.7002 6
      vertex -30.3878 -33.1882 6
    endloop
  endfacet
  facet normal 0 0 1
    outer loop
      vertex -35.3553 -35.3553 6
      vertex -30.3878 -33.1882 6
      vertex -31.1878 -32.5948 6
    endloop
  endfacet
  facet normal 0 0 1
    outer loop
      vertex -27.6951 -34.4617 6
      vertex -31.7197 -38.6505 6
      vertex -27.7785 -41.5735 6
    endloop
  endfacet
  facet normal 0 0 1
    outer loop
      vertex -35.3553 -35.3553 6
      vertex -31.1878 -32.5948 6
      vertex -31.9259 -31.9259 6
    endloop
  endfacet
  facet normal 0 0 1
    outer loop
      vertex -35.3553 -35.3553 6
      vertex -31.9259 -31.9259 6
      vertex -32.5948 -31.1878 6
    endloop
  endfacet
  facet normal 0 0 1
    outer loop
      vertex -35.3553 -35.3553 6
      vertex -32.5948 -31.1878 6
      vertex -33.1882 -30.3878 6
    endloop
  endfacet
  facet normal 0 0 1
    outer loop
      vertex -38.6505 -31.7197 6
      vertex -33.1882 -30.3878 6
      vertex -33.7002 -29.5334 6
    endloop
  endfacet
  facet normal 0 0 1
    outer loop
      vertex -38.6505 -31.7197 6
      vertex -33.7002 -29.5334 6
      vertex -34.1261 -28.633 6
    endloop
  endfacet
  facet normal 0 0 1
    outer loop
      vertex -38.6505 -31.7197 6
      vertex -34.1261 -28.633 6
      vertex -34.4617 -27.6951 6
    endloop
  endfacet
  facet normal 0 0 1
    outer loop
      vertex -41.5735 -27.7785 6
      vertex -34.4617 -27.6951 6
      vertex -34.7037 -26.7289 6
    endloop
  endfacet
  facet normal 0 0 1
    outer loop
      vertex -30.3878 -33.1882 6
      vertex -35.3553 -35.3553 6
      vertex -31.7197 -38.6505 6
    endloop
  endfacet
  facet normal 0 0 1
    outer loop
      vertex -41.5735 -27.7785 6
      vertex -34.7037 -26.7289 6
      vertex -34.8499 -25.7436 6
    endloop
  endfacet
  facet normal 0 0 1
    outer loop
      vertex -41.5735 -27.7785 6
      vertex -34.8499 -25.7436 6
      vertex -34.8987 -24.7487 6
    endloop
  endfacet
  facet normal 0 0 1
    outer loop
      vertex -34.1261 -20.8645 6
      vertex -44.0961 -23.5698 6
      vertex -34.4617 -21.8023 6
    endloop
  endfacet
  facet normal 0 0 1
    outer loop
      vertex -34.4617 -21.8023 6
      vertex -44.0961 -23.5698 6
      vertex -34.7037 -22.7686 6
    endloop
  endfacet
  facet normal 0 0 1
    outer loop
      vertex -34.7037 -22.7686 6
      vertex -44.0961 -23.5698 6
      vertex -34.8499 -23.7539 6
    endloop
  endfacet
  facet normal 0 0 1
    outer loop
      vertex -46.194 -19.1342 6
      vertex -36.9802 -9.95497 6
      vertex -37.9464 -9.71294 6
    endloop
  endfacet
  facet normal 0 0 1
    outer loop
      vertex -33.1882 -30.3878 6
      vertex -38.6505 -31.7197 6
      vertex -35.3553 -35.3553 6
    endloop
  endfacet
  facet normal 0 0 1
    outer loop
      vertex -46.194 -19.1342 6
      vertex -37.9464 -9.71294 6
      vertex -38.8842 -9.37738 6
    endloop
  endfacet
  facet normal 0 0 1
    outer loop
      vertex -47.847 -14.5142 6
      vertex -38.8842 -9.37738 6
      vertex -39.7847 -8.9515 6
    endloop
  endfacet
  facet normal 0 0 1
    outer loop
      vertex -47.847 -14.5142 6
      vertex -39.7847 -8.9515 6
      vertex -40.639 -8.43942 6
    endloop
  endfacet
  facet normal 0 0 1
    outer loop
      vertex -47.847 -14.5142 6
      vertex -40.639 -8.43942 6
      vertex -41.4391 -7.84606 6
    endloop
  endfacet
  facet normal 0 0 1
    outer loop
      vertex -34.4617 -27.6951 6
      vertex -41.5735 -27.7785 6
      vertex -38.6505 -31.7197 6
    endloop
  endfacet
  facet normal 0 0 1
    outer loop
      vertex -49.0393 -9.75452 6
      vertex -41.4391 -7.84606 6
      vertex -42.1771 -7.17713 6
    endloop
  endfacet
  facet normal 0 0 1
    outer loop
      vertex -49.0393 -9.75452 6
      vertex -42.1771 -7.17713 6
      vertex -42.8461 -6.43909 6
    endloop
  endfacet
  facet normal 0 0 1
    outer loop
      vertex -49.0393 -9.75452 6
      vertex -42.8461 -6.43909 6
      vertex -43.4394 -5.63904 6
    endloop
  endfacet
  facet normal 0 0 1
    outer loop
      vertex -49.0393 -9.75452 6
      vertex -43.4394 -5.63904 6
      vertex -43.9515 -4.78468 6
    endloop
  endfacet
  facet normal 0 0 1
    outer loop
      vertex -34.8499 -23.7539 6
      vertex -41.5735 -27.7785 6
      vertex -34.8987 -24.7487 6
    endloop
  endfacet
  facet normal 0 0 1
    outer loop
      vertex -49.7592 -4.90086 6
      vertex -43.9515 -4.78468 6
      vertex -44.3774 -3.88424 6
    endloop
  endfacet
  facet normal 0 0 1
    outer loop
      vertex -49.7592 -4.90086 6
      vertex -44.3774 -3.88424 6
      vertex -44.7129 -2.94639 6
    endloop
  endfacet
  facet normal 0 0 1
    outer loop
      vertex -49.7592 -4.90086 6
      vertex -44.7129 -2.94639 6
      vertex -44.955 -1.98017 6
    endloop
  endfacet
  facet normal 0 0 1
    outer loop
      vertex -50 0 6
      vertex -44.955 -1.98017 6
      vertex -45.1011 -0.994873 6
    endloop
  endfacet
  facet normal -0 0 1
    outer loop
      vertex -50 0 6
      vertex -45.1011 -0.994873 6
      vertex -45.15 0 6
    endloop
  endfacet
  facet normal 0 0 1
    outer loop
      vertex -44.7129 2.94639 6
      vertex -49.7592 4.90086 6
      vertex -44.955 1.98017 6
    endloop
  endfacet
  facet normal 0 -0 1
    outer loop
      vertex -41.5735 -27.7785 6
      vertex -34.8499 -23.7539 6
      vertex -44.0961 -23.5698 6
    endloop
  endfacet
  facet normal 0 0 1
    outer loop
      vertex -50 0 6
      vertex -44.955 1.98017 6
      vertex -49.7592 4.90086 6
    endloop
  endfacet
  facet normal 0 0 1
    outer loop
      vertex -38.8842 -9.37738 6
      vertex -47.847 -14.5142 6
      vertex -46.194 -19.1342 6
    endloop
  endfacet
  facet normal 0 0 1
    outer loop
      vertex -44.955 1.98017 6
      vertex -50 0 6
      vertex -45.1011 0.994873 6
    endloop
  endfacet
  facet normal 0 0 1
    outer loop
      vertex -41.4391 -7.84606 6
      vertex -49.0393 -9.75452 6
      vertex -47.847 -14.5142 6
    endloop
  endfacet
  facet normal 0 0 1
    outer loop
      vertex -45.1011 0.994873 6
      vertex -50 0 6
      vertex -45.15 0 6
    endloop
  endfacet
  facet normal 0 0 1
    outer loop
      vertex -43.9515 -4.78468 6
      vertex -49.7592 -4.90086 6
      vertex -49.0393 -9.75452 6
    endloop
  endfacet
  facet normal 0 0 1
    outer loop
      vertex -44.955 -1.98017 6
      vertex -50 0 6
      vertex -49.7592 -4.90086 6
    endloop
  endfacet
  facet normal 0 0 1
    outer loop
      vertex -20.8645 -15.3714 6
      vertex -25.6226 -3.88424 6
      vertex -21.8023 -15.0358 6
    endloop
  endfacet
  facet normal -0 0 1
    outer loop
      vertex -26.0485 -4.78468 6
      vertex -21.8023 -15.0358 6
      vertex -25.6226 -3.88424 6
    endloop
  endfacet
  facet normal 0 0 1
    outer loop
      vertex -21.8023 -15.0358 6
      vertex -26.0485 -4.78468 6
      vertex -22.7686 -14.7938 6
    endloop
  endfacet
  facet normal -0 0 1
    outer loop
      vertex -26.5606 -5.63904 6
      vertex -22.7686 -14.7938 6
      vertex -26.0485 -4.78468 6
    endloop
  endfacet
  facet normal 0 0 1
    outer loop
      vertex -22.7686 -14.7938 6
      vertex -26.5606 -5.63904 6
      vertex -23.7539 -14.6476 6
    endloop
  endfacet
  facet normal -0 0 1
    outer loop
      vertex -27.1539 -6.43909 6
      vertex -23.7539 -14.6476 6
      vertex -26.5606 -5.63904 6
    endloop
  endfacet
  facet normal 0 0 1
    outer loop
      vertex -23.7539 -14.6476 6
      vertex -27.1539 -6.43909 6
      vertex -24.7487 -14.5987 6
    endloop
  endfacet
  facet normal -0 0 1
    outer loop
      vertex -27.8229 -7.17713 6
      vertex -24.7487 -14.5987 6
      vertex -27.1539 -6.43909 6
    endloop
  endfacet
  facet normal 0 0 1
    outer loop
      vertex -24.7487 -14.5987 6
      vertex -27.8229 -7.17713 6
      vertex -25.7436 -14.6476 6
    endloop
  endfacet
  facet normal -0 0 1
    outer loop
      vertex -28.5609 -7.84606 6
      vertex -25.7436 -14.6476 6
      vertex -27.8229 -7.17713 6
    endloop
  endfacet
  facet normal 0 0 1
    outer loop
      vertex -25.7436 -14.6476 6
      vertex -28.5609 -7.84606 6
      vertex -26.7289 -14.7938 6
    endloop
  endfacet
  facet normal -0 0 1
    outer loop
      vertex -29.361 -8.43942 6
      vertex -26.7289 -14.7938 6
      vertex -28.5609 -7.84606 6
    endloop
  endfacet
  facet normal 0 0 1
    outer loop
      vertex -26.7289 -14.7938 6
      vertex -29.361 -8.43942 6
      vertex -27.6951 -15.0358 6
    endloop
  endfacet
  facet normal -0 0 1
    outer loop
      vertex -30.2153 -8.9515 6
      vertex -27.6951 -15.0358 6
      vertex -29.361 -8.43942 6
    endloop
  endfacet
  facet normal 0 0 1
    outer loop
      vertex -27.6951 -15.0358 6
      vertex -30.2153 -8.9515 6
      vertex -28.633 -15.3714 6
    endloop
  endfacet
  facet normal -0 0 1
    outer loop
      vertex -31.1158 -9.37738 6
      vertex -28.633 -15.3714 6
      vertex -30.2153 -8.9515 6
    endloop
  endfacet
  facet normal 0 0 1
    outer loop
      vertex -28.633 -15.3714 6
      vertex -31.1158 -9.37738 6
      vertex -29.5334 -15.7972 6
    endloop
  endfacet
  facet normal -0 0 1
    outer loop
      vertex -32.0536 -9.71294 6
      vertex -29.5334 -15.7972 6
      vertex -31.1158 -9.37738 6
    endloop
  endfacet
  facet normal 0 0 1
    outer loop
      vertex -29.5334 -15.7972 6
      vertex -32.0536 -9.71294 6
      vertex -30.3878 -16.3093 6
    endloop
  endfacet
  facet normal -0 0 1
    outer loop
      vertex -33.0198 -9.95497 6
      vertex -30.3878 -16.3093 6
      vertex -32.0536 -9.71294 6
    endloop
  endfacet
  facet normal 0 0 1
    outer loop
      vertex -30.3878 -16.3093 6
      vertex -33.0198 -9.95497 6
      vertex -31.1878 -16.9027 6
    endloop
  endfacet
  facet normal -0 0 1
    outer loop
      vertex -34.0051 -10.1011 6
      vertex -31.1878 -16.9027 6
      vertex -33.0198 -9.95497 6
    endloop
  endfacet
  facet normal 0 0 1
    outer loop
      vertex -31.1878 -16.9027 6
      vertex -34.0051 -10.1011 6
      vertex -31.9259 -17.5716 6
    endloop
  endfacet
  facet normal -0 0 1
    outer loop
      vertex -35 -10.15 6
      vertex -31.9259 -17.5716 6
      vertex -34.0051 -10.1011 6
    endloop
  endfacet
  facet normal 0 0 1
    outer loop
      vertex -31.9259 -17.5716 6
      vertex -35 -10.15 6
      vertex -32.5948 -18.3096 6
    endloop
  endfacet
  facet normal 0 0 1
    outer loop
      vertex -35.9949 -10.1011 6
      vertex -32.5948 -18.3096 6
      vertex -35 -10.15 6
    endloop
  endfacet
  facet normal 0 0 1
    outer loop
      vertex -32.5948 -18.3096 6
      vertex -35.9949 -10.1011 6
      vertex -33.1882 -19.1097 6
    endloop
  endfacet
  facet normal 0 0 1
    outer loop
      vertex -36.9802 -9.95497 6
      vertex -33.1882 -19.1097 6
      vertex -35.9949 -10.1011 6
    endloop
  endfacet
  facet normal 0 0 1
    outer loop
      vertex -33.1882 -19.1097 6
      vertex -36.9802 -9.95497 6
      vertex -33.7002 -19.9641 6
    endloop
  endfacet
  facet normal -0 0 1
    outer loop
      vertex -46.194 -19.1342 6
      vertex -33.7002 -19.9641 6
      vertex -36.9802 -9.95497 6
    endloop
  endfacet
  facet normal 0 -0 1
    outer loop
      vertex -44.0961 -23.5698 6
      vertex -34.1261 -20.8645 6
      vertex -46.194 -19.1342 6
    endloop
  endfacet
  facet normal 0 0 1
    outer loop
      vertex -33.7002 -19.9641 6
      vertex -46.194 -19.1342 6
      vertex -34.1261 -20.8645 6
    endloop
  endfacet
  facet normal 0 0 1
    outer loop
      vertex -5.74164 -1.74171 6
      vertex -8.86863 -1.13137 6
      vertex -5.54328 -2.2961 6
    endloop
  endfacet
  facet normal -0 0 1
    outer loop
      vertex -8.98497 -1.23682 6
      vertex -5.54328 -2.2961 6
      vertex -8.86863 -1.13137 6
    endloop
  endfacet
  facet normal -0 0 1
    outer loop
      vertex -9.11109 -1.33035 6
      vertex -5.54328 -2.2961 6
      vertex -8.98497 -1.23682 6
    endloop
  endfacet
  facet normal -0 0 1
    outer loop
      vertex -9.24576 -1.41107 6
      vertex -5.54328 -2.2961 6
      vertex -9.11109 -1.33035 6
    endloop
  endfacet
  facet normal 0 0 1
    outer loop
      vertex -5.54328 -2.2961 6
      vertex -9.24576 -1.41107 6
      vertex -5.29153 -2.82838 6
    endloop
  endfacet
  facet normal -0 0 1
    outer loop
      vertex -9.38771 -1.47821 6
      vertex -5.29153 -2.82838 6
      vertex -9.24576 -1.41107 6
    endloop
  endfacet
  facet normal 0 0 1
    outer loop
      vertex -5.29153 -2.82838 6
      vertex -9.38771 -1.47821 6
      vertex -4.98882 -3.33342 6
    endloop
  endfacet
  facet normal -0 0 1
    outer loop
      vertex -9.53554 -1.5311 6
      vertex -4.98882 -3.33342 6
      vertex -9.38771 -1.47821 6
    endloop
  endfacet
  facet normal -0 0 1
    outer loop
      vertex -9.68785 -1.56926 6
      vertex -4.98882 -3.33342 6
      vertex -9.53554 -1.5311 6
    endloop
  endfacet
  facet normal 0 0 1
    outer loop
      vertex -4.98882 -3.33342 6
      vertex -9.68785 -1.56926 6
      vertex -4.63806 -3.80636 6
    endloop
  endfacet
  facet normal -0 0 1
    outer loop
      vertex -9.84317 -1.59229 6
      vertex -4.63806 -3.80636 6
      vertex -9.68785 -1.56926 6
    endloop
  endfacet
  facet normal -0 0 1
    outer loop
      vertex -10 -1.6 6
      vertex -4.63806 -3.80636 6
      vertex -9.84317 -1.59229 6
    endloop
  endfacet
  facet normal 0 0 1
    outer loop
      vertex -4.63806 -3.80636 6
      vertex -10 -1.6 6
      vertex -1.56926 -10.3121 6
    endloop
  endfacet
  facet normal 0 0 1
    outer loop
      vertex -10.1568 -1.59229 6
      vertex -1.56926 -10.3121 6
      vertex -10 -1.6 6
    endloop
  endfacet
  facet normal 0 0 1
    outer loop
      vertex -10.3121 -1.56926 6
      vertex -1.56926 -10.3121 6
      vertex -10.1568 -1.59229 6
    endloop
  endfacet
  facet normal 0 0 1
    outer loop
      vertex -14.5987 -24.7487 6
      vertex -10.3121 -1.56926 6
      vertex -10.4645 -1.5311 6
    endloop
  endfacet
  facet normal 0 0 1
    outer loop
      vertex -10.3121 -1.56926 6
      vertex -14.5987 -24.7487 6
      vertex -1.56926 -10.3121 6
    endloop
  endfacet
  facet normal 0 0 1
    outer loop
      vertex -14.5987 -24.7487 6
      vertex -10.4645 -1.5311 6
      vertex -10.6123 -1.47821 6
    endloop
  endfacet
  facet normal 0 0 1
    outer loop
      vertex -5.63904 -26.5606 6
      vertex -14.5987 -24.7487 6
      vertex -6.43909 -27.1539 6
    endloop
  endfacet
  facet normal 0 0 1
    outer loop
      vertex -14.5987 -24.7487 6
      vertex -10.6123 -1.47821 6
      vertex -10.7542 -1.41107 6
    endloop
  endfacet
  facet normal 0 0 1
    outer loop
      vertex -14.5987 -24.7487 6
      vertex -10.7542 -1.41107 6
      vertex -10.8889 -1.33035 6
    endloop
  endfacet
  facet normal 0 0 1
    outer loop
      vertex -6.43909 -27.1539 6
      vertex -14.5987 -24.7487 6
      vertex -7.17713 -27.8229 6
    endloop
  endfacet
  facet normal 0 0 1
    outer loop
      vertex -14.5987 -24.7487 6
      vertex -10.8889 -1.33035 6
      vertex -11.015 -1.23682 6
    endloop
  endfacet
  facet normal 0 0 1
    outer loop
      vertex -7.17713 -27.8229 6
      vertex -14.5987 -24.7487 6
      vertex -7.84606 -28.5609 6
    endloop
  endfacet
  facet normal 0 0 1
    outer loop
      vertex 3.80636 -4.63806 6
      vertex 1.59229 -9.84317 6
      vertex 1.6 -10 6
    endloop
  endfacet
  facet normal 0 0 1
    outer loop
      vertex 2.2961 -5.54328 6
      vertex 1.56926 -9.68785 6
      vertex 1.59229 -9.84317 6
    endloop
  endfacet
  facet normal 0 0 1
    outer loop
      vertex 2.2961 -5.54328 6
      vertex 1.5311 -9.53554 6
      vertex 1.56926 -9.68785 6
    endloop
  endfacet
  facet normal 0 0 1
    outer loop
      vertex 2.2961 -5.54328 6
      vertex 1.47821 -9.38771 6
      vertex 1.5311 -9.53554 6
    endloop
  endfacet
  facet normal 0 0 1
    outer loop
      vertex 2.2961 -5.54328 6
      vertex 1.41107 -9.24576 6
      vertex 1.47821 -9.38771 6
    endloop
  endfacet
  facet normal 0 0 1
    outer loop
      vertex 2.2961 -5.54328 6
      vertex 1.33035 -9.11109 6
      vertex 1.41107 -9.24576 6
    endloop
  endfacet
  facet normal 0 0 1
    outer loop
      vertex 2.2961 -5.54328 6
      vertex 1.23682 -8.98497 6
      vertex 1.33035 -9.11109 6
    endloop
  endfacet
  facet normal 0 0 1
    outer loop
      vertex 0.888912 -8.66965 6
      vertex 1.74171 -5.74164 6
      vertex 1.17054 -5.88471 6
    endloop
  endfacet
  facet normal 0 0 1
    outer loop
      vertex 1.74171 -5.74164 6
      vertex 1.13137 -8.86863 6
      vertex 1.23682 -8.98497 6
    endloop
  endfacet
  facet normal 0 0 1
    outer loop
      vertex 1.74171 -5.74164 6
      vertex 1.01503 -8.76318 6
      vertex 1.13137 -8.86863 6
    endloop
  endfacet
  facet normal 0 0 1
    outer loop
      vertex 1.74171 -5.74164 6
      vertex 0.888912 -8.66965 6
      vertex 1.01503 -8.76318 6
    endloop
  endfacet
  facet normal 0 0 1
    outer loop
      vertex 1.17054 -5.88471 6
      vertex 0.754234 -8.58893 6
      vertex 0.888912 -8.66965 6
    endloop
  endfacet
  facet normal 0 0 1
    outer loop
      vertex 1.17054 -5.88471 6
      vertex 0.612293 -8.52179 6
      vertex 0.754234 -8.58893 6
    endloop
  endfacet
  facet normal -0 0 1
    outer loop
      vertex 0.588102 -5.97111 6
      vertex 0.612293 -8.52179 6
      vertex 1.17054 -5.88471 6
    endloop
  endfacet
  facet normal 0 0 1
    outer loop
      vertex 0.588102 -5.97111 6
      vertex 0.464455 -8.46889 6
      vertex 0.612293 -8.52179 6
    endloop
  endfacet
  facet normal 0 0 1
    outer loop
      vertex 0.588102 -5.97111 6
      vertex 0.312144 -8.43074 6
      vertex 0.464455 -8.46889 6
    endloop
  endfacet
  facet normal 0 0 1
    outer loop
      vertex 0.588102 -5.97111 6
      vertex 0.156827 -8.4077 6
      vertex 0.312144 -8.43074 6
    endloop
  endfacet
  facet normal -0 0 1
    outer loop
      vertex 0 -6 6
      vertex 0.156827 -8.4077 6
      vertex 0.588102 -5.97111 6
    endloop
  endfacet
  facet normal 0 0 1
    outer loop
      vertex 0 -6 6
      vertex 0 -8.4 6
      vertex 0.156827 -8.4077 6
    endloop
  endfacet
  facet normal 0 0 1
    outer loop
      vertex 0 -6 6
      vertex -0.156827 -8.4077 6
      vertex 0 -8.4 6
    endloop
  endfacet
  facet normal 0 0 1
    outer loop
      vertex -0.588102 -5.97111 6
      vertex -0.156827 -8.4077 6
      vertex 0 -6 6
    endloop
  endfacet
  facet normal 0 0 1
    outer loop
      vertex -0.156827 -8.4077 6
      vertex -0.588102 -5.97111 6
      vertex -0.312144 -8.43074 6
    endloop
  endfacet
  facet normal 0 0 1
    outer loop
      vertex -0.312144 -8.43074 6
      vertex -0.588102 -5.97111 6
      vertex -0.464455 -8.46889 6
    endloop
  endfacet
  facet normal 0 0 1
    outer loop
      vertex -0.588102 -5.97111 6
      vertex -0.612293 -8.52179 6
      vertex -0.464455 -8.46889 6
    endloop
  endfacet
  facet normal 0 0 1
    outer loop
      vertex -1.17054 -5.88471 6
      vertex -0.612293 -8.52179 6
      vertex -0.588102 -5.97111 6
    endloop
  endfacet
  facet normal 0 0 1
    outer loop
      vertex -0.612293 -8.52179 6
      vertex -1.17054 -5.88471 6
      vertex -0.754234 -8.58893 6
    endloop
  endfacet
  facet normal 0 0 1
    outer loop
      vertex -0.754234 -8.58893 6
      vertex -1.17054 -5.88471 6
      vertex -0.888912 -8.66965 6
    endloop
  endfacet
  facet normal 0 0 1
    outer loop
      vertex -1.74171 -5.74164 6
      vertex -0.888912 -8.66965 6
      vertex -1.17054 -5.88471 6
    endloop
  endfacet
  facet normal 0 0 1
    outer loop
      vertex -0.888912 -8.66965 6
      vertex -1.74171 -5.74164 6
      vertex -1.01503 -8.76318 6
    endloop
  endfacet
  facet normal 0 0 1
    outer loop
      vertex -1.01503 -8.76318 6
      vertex -1.74171 -5.74164 6
      vertex -1.13137 -8.86863 6
    endloop
  endfacet
  facet normal 0 0 1
    outer loop
      vertex -1.13137 -8.86863 6
      vertex -1.74171 -5.74164 6
      vertex -1.23682 -8.98497 6
    endloop
  endfacet
  facet normal 0 0 1
    outer loop
      vertex -2.2961 -5.54328 6
      vertex -1.23682 -8.98497 6
      vertex -1.74171 -5.74164 6
    endloop
  endfacet
  facet normal 0 0 1
    outer loop
      vertex -1.23682 -8.98497 6
      vertex -2.2961 -5.54328 6
      vertex -1.33035 -9.11109 6
    endloop
  endfacet
  facet normal 0 0 1
    outer loop
      vertex -1.33035 -9.11109 6
      vertex -2.2961 -5.54328 6
      vertex -1.41107 -9.24576 6
    endloop
  endfacet
  facet normal 0 0 1
    outer loop
      vertex -2.82838 -5.29153 6
      vertex -1.41107 -9.24576 6
      vertex -2.2961 -5.54328 6
    endloop
  endfacet
  facet normal 0 0 1
    outer loop
      vertex -1.41107 -9.24576 6
      vertex -2.82838 -5.29153 6
      vertex -1.47821 -9.38771 6
    endloop
  endfacet
  facet normal 0 0 1
    outer loop
      vertex -3.33342 -4.98882 6
      vertex -1.5311 -9.53554 6
      vertex -2.82838 -5.29153 6
    endloop
  endfacet
  facet normal 0 0 1
    outer loop
      vertex -1.47821 -9.38771 6
      vertex -2.82838 -5.29153 6
      vertex -1.5311 -9.53554 6
    endloop
  endfacet
  facet normal 0 0 1
    outer loop
      vertex 9.53554 -1.5311 6
      vertex 4.98882 -3.33342 6
      vertex 9.68785 -1.56926 6
    endloop
  endfacet
  facet normal 0 0 1
    outer loop
      vertex 4.63806 -3.80636 6
      vertex 9.68785 -1.56926 6
      vertex 4.98882 -3.33342 6
    endloop
  endfacet
  facet normal 0 0 1
    outer loop
      vertex 9.68785 -1.56926 6
      vertex 4.63806 -3.80636 6
      vertex 9.84317 -1.59229 6
    endloop
  endfacet
  facet normal 0 0 1
    outer loop
      vertex 4.24264 -4.24264 6
      vertex 9.84317 -1.59229 6
      vertex 4.63806 -3.80636 6
    endloop
  endfacet
  facet normal 0 0 1
    outer loop
      vertex 1.59229 -10.1568 6
      vertex 9.84317 -1.59229 6
      vertex 4.24264 -4.24264 6
    endloop
  endfacet
  facet normal 0 0 1
    outer loop
      vertex 9.84317 -1.59229 6
      vertex 1.59229 -10.1568 6
      vertex 16.9027 -18.3096 6
    endloop
  endfacet
  facet normal -0 0 1
    outer loop
      vertex 1.56926 -10.3121 6
      vertex 16.9027 -18.3096 6
      vertex 1.59229 -10.1568 6
    endloop
  endfacet
  facet normal 0 0 1
    outer loop
      vertex 16.9027 -18.3096 6
      vertex 1.47821 -10.6123 6
      vertex 16.3093 -19.1097 6
    endloop
  endfacet
  facet normal -0 0 1
    outer loop
      vertex 1.41107 -10.7542 6
      vertex 16.3093 -19.1097 6
      vertex 1.47821 -10.6123 6
    endloop
  endfacet
  facet normal -0 0 1
    outer loop
      vertex 1.5311 -10.4645 6
      vertex 16.9027 -18.3096 6
      vertex 1.56926 -10.3121 6
    endloop
  endfacet
  facet normal 0 0 1
    outer loop
      vertex 16.3093 -19.1097 6
      vertex 1.41107 -10.7542 6
      vertex 15.7972 -19.9641 6
    endloop
  endfacet
  facet normal 0 0 1
    outer loop
      vertex 1.6 -10 6
      vertex 4.24264 -4.24264 6
      vertex 3.80636 -4.63806 6
    endloop
  endfacet
  facet normal 0 0 1
    outer loop
      vertex 1.59229 -9.84317 6
      vertex 3.80636 -4.63806 6
      vertex 3.33342 -4.98882 6
    endloop
  endfacet
  facet normal 0 0 1
    outer loop
      vertex 15.7972 -19.9641 6
      vertex 5.63904 -26.5606 6
      vertex 6.43909 -27.1539 6
    endloop
  endfacet
  facet normal 0 0 1
    outer loop
      vertex 1.59229 -9.84317 6
      vertex 3.33342 -4.98882 6
      vertex 2.82838 -5.29153 6
    endloop
  endfacet
  facet normal 0 0 1
    outer loop
      vertex 1.59229 -9.84317 6
      vertex 2.82838 -5.29153 6
      vertex 2.2961 -5.54328 6
    endloop
  endfacet
  facet normal -0 0 1
    outer loop
      vertex 1.47821 -10.6123 6
      vertex 16.9027 -18.3096 6
      vertex 1.5311 -10.4645 6
    endloop
  endfacet
  facet normal 0 0 1
    outer loop
      vertex 1.23682 -8.98497 6
      vertex 2.2961 -5.54328 6
      vertex 1.74171 -5.74164 6
    endloop
  endfacet
  facet normal 0 0 1
    outer loop
      vertex 4.24264 -4.24264 6
      vertex 1.6 -10 6
      vertex 1.59229 -10.1568 6
    endloop
  endfacet
  facet normal -0 0 1
    outer loop
      vertex 1.33035 -10.8889 6
      vertex 15.7972 -19.9641 6
      vertex 1.41107 -10.7542 6
    endloop
  endfacet
  facet normal 0 0 1
    outer loop
      vertex 15.7972 -19.9641 6
      vertex 4.78468 -26.0485 6
      vertex 5.63904 -26.5606 6
    endloop
  endfacet
  facet normal -0 0 1
    outer loop
      vertex 1.23682 -11.015 6
      vertex 15.7972 -19.9641 6
      vertex 1.33035 -10.8889 6
    endloop
  endfacet
  facet normal -0 0 1
    outer loop
      vertex 1.13137 -11.1314 6
      vertex 15.7972 -19.9641 6
      vertex 1.23682 -11.015 6
    endloop
  endfacet
  facet normal 0 0 1
    outer loop
      vertex 15.7972 -19.9641 6
      vertex 3.88424 -25.6226 6
      vertex 4.78468 -26.0485 6
    endloop
  endfacet
  facet normal 0 0 1
    outer loop
      vertex 15.7972 -19.9641 6
      vertex 1.13137 -11.1314 6
      vertex 3.88424 -25.6226 6
    endloop
  endfacet
  facet normal -0 0 1
    outer loop
      vertex 1.01503 -11.2368 6
      vertex 3.88424 -25.6226 6
      vertex 1.13137 -11.1314 6
    endloop
  endfacet
  facet normal 0 0 1
    outer loop
      vertex 3.88424 -25.6226 6
      vertex 1.01503 -11.2368 6
      vertex 2.94639 -25.2871 6
    endloop
  endfacet
  facet normal -0 0 1
    outer loop
      vertex 0.888912 -11.3304 6
      vertex 2.94639 -25.2871 6
      vertex 1.01503 -11.2368 6
    endloop
  endfacet
  facet normal -0 0 1
    outer loop
      vertex 0.754234 -11.4111 6
      vertex 2.94639 -25.2871 6
      vertex 0.888912 -11.3304 6
    endloop
  endfacet
  facet normal 0 0 1
    outer loop
      vertex 2.94639 -25.2871 6
      vertex 0.754234 -11.4111 6
      vertex 1.98017 -25.045 6
    endloop
  endfacet
  facet normal -0 0 1
    outer loop
      vertex 0.612293 -11.4782 6
      vertex 1.98017 -25.045 6
      vertex 0.754234 -11.4111 6
    endloop
  endfacet
  facet normal -0 0 1
    outer loop
      vertex 0.464455 -11.5311 6
      vertex 1.98017 -25.045 6
      vertex 0.612293 -11.4782 6
    endloop
  endfacet
  facet normal 0 0 1
    outer loop
      vertex 1.98017 -25.045 6
      vertex 0.464455 -11.5311 6
      vertex 0.994873 -24.8989 6
    endloop
  endfacet
  facet normal -0 0 1
    outer loop
      vertex 0.312144 -11.5693 6
      vertex 0.994873 -24.8989 6
      vertex 0.464455 -11.5311 6
    endloop
  endfacet
  facet normal -0 0 1
    outer loop
      vertex 0.156827 -11.5923 6
      vertex 0.994873 -24.8989 6
      vertex 0.312144 -11.5693 6
    endloop
  endfacet
  facet normal 0 0 1
    outer loop
      vertex 0 -24.85 6
      vertex 0.156827 -11.5923 6
      vertex 0 -11.6 6
    endloop
  endfacet
  facet normal 0 0 1
    outer loop
      vertex 0.156827 -11.5923 6
      vertex 0 -24.85 6
      vertex 0.994873 -24.8989 6
    endloop
  endfacet
  facet normal 0 0 1
    outer loop
      vertex -0.156827 -11.5923 6
      vertex 0 -24.85 6
      vertex 0 -11.6 6
    endloop
  endfacet
  facet normal 0 0 1
    outer loop
      vertex -0.994873 -24.8989 6
      vertex -0.156827 -11.5923 6
      vertex -0.312144 -11.5693 6
    endloop
  endfacet
  facet normal 0 0 1
    outer loop
      vertex -0.994873 -24.8989 6
      vertex -0.312144 -11.5693 6
      vertex -0.464455 -11.5311 6
    endloop
  endfacet
  facet normal 0 0 1
    outer loop
      vertex -1.98017 -25.045 6
      vertex -0.464455 -11.5311 6
      vertex -0.612293 -11.4782 6
    endloop
  endfacet
  facet normal 0 0 1
    outer loop
      vertex -1.98017 -25.045 6
      vertex -0.612293 -11.4782 6
      vertex -0.754234 -11.4111 6
    endloop
  endfacet
  facet normal 0 0 1
    outer loop
      vertex -2.94639 -25.2871 6
      vertex -0.754234 -11.4111 6
      vertex -0.888912 -11.3304 6
    endloop
  endfacet
  facet normal 0 0 1
    outer loop
      vertex -0.156827 -11.5923 6
      vertex -0.994873 -24.8989 6
      vertex 0 -24.85 6
    endloop
  endfacet
  facet normal 0 0 1
    outer loop
      vertex -2.94639 -25.2871 6
      vertex -0.888912 -11.3304 6
      vertex -1.01503 -11.2368 6
    endloop
  endfacet
  facet normal 0 0 1
    outer loop
      vertex -3.88424 -25.6226 6
      vertex -1.01503 -11.2368 6
      vertex -1.13137 -11.1314 6
    endloop
  endfacet
  facet normal 0 0 1
    outer loop
      vertex -3.88424 -25.6226 6
      vertex -1.13137 -11.1314 6
      vertex -1.23682 -11.015 6
    endloop
  endfacet
  facet normal 0 0 1
    outer loop
      vertex -14.5987 -24.7487 6
      vertex -1.23682 -11.015 6
      vertex -1.33035 -10.8889 6
    endloop
  endfacet
  facet normal 0 0 1
    outer loop
      vertex -14.5987 -24.7487 6
      vertex -1.33035 -10.8889 6
      vertex -1.41107 -10.7542 6
    endloop
  endfacet
  facet normal 0 0 1
    outer loop
      vertex -14.5987 -24.7487 6
      vertex -1.41107 -10.7542 6
      vertex -1.47821 -10.6123 6
    endloop
  endfacet
  facet normal 0 0 1
    outer loop
      vertex -14.5987 -24.7487 6
      vertex -1.47821 -10.6123 6
      vertex -1.5311 -10.4645 6
    endloop
  endfacet
  facet normal 0 0 1
    outer loop
      vertex -14.5987 -24.7487 6
      vertex -1.5311 -10.4645 6
      vertex -1.56926 -10.3121 6
    endloop
  endfacet
  facet normal 0 0 1
    outer loop
      vertex -4.63806 -3.80636 6
      vertex -1.56926 -10.3121 6
      vertex -1.59229 -10.1568 6
    endloop
  endfacet
  facet normal 0 0 1
    outer loop
      vertex -4.24264 -4.24264 6
      vertex -1.59229 -10.1568 6
      vertex -1.6 -10 6
    endloop
  endfacet
  facet normal 0 0 1
    outer loop
      vertex -0.464455 -11.5311 6
      vertex -1.98017 -25.045 6
      vertex -0.994873 -24.8989 6
    endloop
  endfacet
  facet normal 0 0 1
    outer loop
      vertex -1.5311 -9.53554 6
      vertex -3.33342 -4.98882 6
      vertex -1.56926 -9.68785 6
    endloop
  endfacet
  facet normal 0 0 1
    outer loop
      vertex -3.80636 -4.63806 6
      vertex -1.56926 -9.68785 6
      vertex -3.33342 -4.98882 6
    endloop
  endfacet
  facet normal 0 0 1
    outer loop
      vertex -1.56926 -9.68785 6
      vertex -3.80636 -4.63806 6
      vertex -1.59229 -9.84317 6
    endloop
  endfacet
  facet normal 0 0 1
    outer loop
      vertex -0.754234 -11.4111 6
      vertex -2.94639 -25.2871 6
      vertex -1.98017 -25.045 6
    endloop
  endfacet
  facet normal 0 0 1
    outer loop
      vertex -1.59229 -9.84317 6
      vertex -3.80636 -4.63806 6
      vertex -1.6 -10 6
    endloop
  endfacet
  facet normal 0 0 1
    outer loop
      vertex -4.24264 -4.24264 6
      vertex -1.6 -10 6
      vertex -3.80636 -4.63806 6
    endloop
  endfacet
  facet normal 0 0 1
    outer loop
      vertex -1.01503 -11.2368 6
      vertex -3.88424 -25.6226 6
      vertex -2.94639 -25.2871 6
    endloop
  endfacet
  facet normal 0 0 1
    outer loop
      vertex -1.59229 -10.1568 6
      vertex -4.24264 -4.24264 6
      vertex -4.63806 -3.80636 6
    endloop
  endfacet
  facet normal -0 0 1
    outer loop
      vertex -8.76318 -1.01503 6
      vertex -5.74164 -1.74171 6
      vertex -8.66965 -0.888912 6
    endloop
  endfacet
  facet normal 0 0 1
    outer loop
      vertex -1.23682 -11.015 6
      vertex -4.78468 -26.0485 6
      vertex -3.88424 -25.6226 6
    endloop
  endfacet
  facet normal -0 0 1
    outer loop
      vertex -8.66965 -0.888912 6
      vertex -5.88471 -1.17054 6
      vertex -8.58893 -0.754234 6
    endloop
  endfacet
  facet normal 0 0 1
    outer loop
      vertex -5.97111 -0.588102 6
      vertex -8.52179 -0.612293 6
      vertex -5.88471 -1.17054 6
    endloop
  endfacet
  facet normal 0 0 1
    outer loop
      vertex -8.52179 -0.612293 6
      vertex -5.97111 -0.588102 6
      vertex -8.46889 -0.464455 6
    endloop
  endfacet
  facet normal 0 0 1
    outer loop
      vertex -1.23682 -11.015 6
      vertex -14.5987 -24.7487 6
      vertex -4.78468 -26.0485 6
    endloop
  endfacet
  facet normal -0 0 1
    outer loop
      vertex -8.46889 -0.464455 6
      vertex -5.97111 -0.588102 6
      vertex -8.43074 -0.312144 6
    endloop
  endfacet
  facet normal -0 0 1
    outer loop
      vertex -8.43074 -0.312144 6
      vertex -5.97111 -0.588102 6
      vertex -8.4077 -0.156827 6
    endloop
  endfacet
  facet normal 0 0 1
    outer loop
      vertex -6 0 6
      vertex -8.4077 -0.156827 6
      vertex -5.97111 -0.588102 6
    endloop
  endfacet
  facet normal 0 0 1
    outer loop
      vertex -8.4077 -0.156827 6
      vertex -6 0 6
      vertex -8.4 0 6
    endloop
  endfacet
  facet normal 0 -0 1
    outer loop
      vertex -8.86863 1.13137 6
      vertex -5.74164 1.74171 6
      vertex -8.98497 1.23682 6
    endloop
  endfacet
  facet normal -0 0 1
    outer loop
      vertex -8.58893 -0.754234 6
      vertex -5.88471 -1.17054 6
      vertex -8.52179 -0.612293 6
    endloop
  endfacet
  facet normal 0 0 1
    outer loop
      vertex -14.5987 24.7487 6
      vertex -6.43909 27.1539 6
      vertex -7.17713 27.8229 6
    endloop
  endfacet
  facet normal 0 0 1
    outer loop
      vertex -4.78468 -26.0485 6
      vertex -14.5987 -24.7487 6
      vertex -5.63904 -26.5606 6
    endloop
  endfacet
  facet normal 0 0 1
    outer loop
      vertex -14.5987 24.7487 6
      vertex -7.17713 27.8229 6
      vertex -7.84606 28.5609 6
    endloop
  endfacet
  facet normal -0 0 1
    outer loop
      vertex -8.86863 -1.13137 6
      vertex -5.74164 -1.74171 6
      vertex -8.76318 -1.01503 6
    endloop
  endfacet
  facet normal 0 0 1
    outer loop
      vertex -5.88471 -1.17054 6
      vertex -8.66965 -0.888912 6
      vertex -5.74164 -1.74171 6
    endloop
  endfacet
  facet normal 0 0 1
    outer loop
      vertex -6 0 6
      vertex -8.4077 0.156827 6
      vertex -8.4 0 6
    endloop
  endfacet
  facet normal 0 0 1
    outer loop
      vertex -5.97111 0.588102 6
      vertex -8.4077 0.156827 6
      vertex -6 0 6
    endloop
  endfacet
  facet normal 0 0 1
    outer loop
      vertex -14.5987 24.7487 6
      vertex -7.84606 28.5609 6
      vertex -8.43942 29.361 6
    endloop
  endfacet
  facet normal 0 -0 1
    outer loop
      vertex -8.4077 0.156827 6
      vertex -5.97111 0.588102 6
      vertex -8.43074 0.312144 6
    endloop
  endfacet
  facet normal 0 -0 1
    outer loop
      vertex -8.43074 0.312144 6
      vertex -5.97111 0.588102 6
      vertex -8.46889 0.464455 6
    endloop
  endfacet
  facet normal 0 -0 1
    outer loop
      vertex -8.46889 0.464455 6
      vertex -5.97111 0.588102 6
      vertex -8.52179 0.612293 6
    endloop
  endfacet
  facet normal 0 0 1
    outer loop
      vertex -5.88471 1.17054 6
      vertex -8.52179 0.612293 6
      vertex -5.97111 0.588102 6
    endloop
  endfacet
  facet normal 0 -0 1
    outer loop
      vertex -8.52179 0.612293 6
      vertex -5.88471 1.17054 6
      vertex -8.58893 0.754234 6
    endloop
  endfacet
  facet normal 0 -0 1
    outer loop
      vertex -8.58893 0.754234 6
      vertex -5.88471 1.17054 6
      vertex -8.66965 0.888912 6
    endloop
  endfacet
  facet normal 0 0 1
    outer loop
      vertex -14.5987 24.7487 6
      vertex -8.43942 29.361 6
      vertex -8.9515 30.2153 6
    endloop
  endfacet
  facet normal 0 0 1
    outer loop
      vertex -5.74164 1.74171 6
      vertex -8.66965 0.888912 6
      vertex -5.88471 1.17054 6
    endloop
  endfacet
  facet normal 0 -0 1
    outer loop
      vertex -8.66965 0.888912 6
      vertex -5.74164 1.74171 6
      vertex -8.76318 1.01503 6
    endloop
  endfacet
  facet normal 0 -0 1
    outer loop
      vertex -8.76318 1.01503 6
      vertex -5.74164 1.74171 6
      vertex -8.86863 1.13137 6
    endloop
  endfacet
  facet normal 0 0 1
    outer loop
      vertex -14.5987 24.7487 6
      vertex -8.9515 30.2153 6
      vertex -9.37738 31.1158 6
    endloop
  endfacet
  facet normal 0 0 1
    outer loop
      vertex -14.6476 23.7539 6
      vertex -6.43909 27.1539 6
      vertex -14.5987 24.7487 6
    endloop
  endfacet
  facet normal 0 0 1
    outer loop
      vertex -6.43909 27.1539 6
      vertex -9.38771 1.47821 6
      vertex -9.24576 1.41107 6
    endloop
  endfacet
  facet normal 0 0 1
    outer loop
      vertex -15.0358 21.8023 6
      vertex -6.43909 27.1539 6
      vertex -14.7938 22.7686 6
    endloop
  endfacet
  facet normal 0 0 1
    outer loop
      vertex -14.5987 24.7487 6
      vertex -9.37738 31.1158 6
      vertex -9.71294 32.0536 6
    endloop
  endfacet
  facet normal 0 0 1
    outer loop
      vertex -14.7938 22.7686 6
      vertex -6.43909 27.1539 6
      vertex -14.6476 23.7539 6
    endloop
  endfacet
  facet normal 0 0 1
    outer loop
      vertex -14.5987 24.7487 6
      vertex -9.71294 32.0536 6
      vertex -9.95497 33.0198 6
    endloop
  endfacet
  facet normal 0 0 1
    outer loop
      vertex -15.3714 20.8645 6
      vertex -6.43909 27.1539 6
      vertex -15.0358 21.8023 6
    endloop
  endfacet
  facet normal 0 0 1
    outer loop
      vertex -14.5987 24.7487 6
      vertex -9.95497 33.0198 6
      vertex -10.1011 34.0051 6
    endloop
  endfacet
  facet normal 0 0 1
    outer loop
      vertex -14.5987 24.7487 6
      vertex -10.1011 34.0051 6
      vertex -10.15 35 6
    endloop
  endfacet
  facet normal 0 0 1
    outer loop
      vertex -15.7972 19.9641 6
      vertex -6.43909 27.1539 6
      vertex -15.3714 20.8645 6
    endloop
  endfacet
  facet normal 0 0 1
    outer loop
      vertex 3.33342 4.98882 6
      vertex 1.5311 9.53554 6
      vertex 2.82838 5.29153 6
    endloop
  endfacet
  facet normal -0 0 1
    outer loop
      vertex 1.47821 9.38771 6
      vertex 2.82838 5.29153 6
      vertex 1.5311 9.53554 6
    endloop
  endfacet
  facet normal -0 0 1
    outer loop
      vertex 1.41107 9.24576 6
      vertex 2.82838 5.29153 6
      vertex 1.47821 9.38771 6
    endloop
  endfacet
  facet normal 0 0 1
    outer loop
      vertex 2.82838 5.29153 6
      vertex 1.41107 9.24576 6
      vertex 2.2961 5.54328 6
    endloop
  endfacet
  facet normal -0 0 1
    outer loop
      vertex 1.33035 9.11109 6
      vertex 2.2961 5.54328 6
      vertex 1.41107 9.24576 6
    endloop
  endfacet
  facet normal -0 0 1
    outer loop
      vertex 1.23682 8.98497 6
      vertex 2.2961 5.54328 6
      vertex 1.33035 9.11109 6
    endloop
  endfacet
  facet normal 0 0 1
    outer loop
      vertex 2.2961 5.54328 6
      vertex 1.23682 8.98497 6
      vertex 1.74171 5.74164 6
    endloop
  endfacet
  facet normal -0 0 1
    outer loop
      vertex 1.13137 8.86863 6
      vertex 1.74171 5.74164 6
      vertex 1.23682 8.98497 6
    endloop
  endfacet
  facet normal -0 0 1
    outer loop
      vertex 1.01503 8.76318 6
      vertex 1.74171 5.74164 6
      vertex 1.13137 8.86863 6
    endloop
  endfacet
  facet normal -0 0 1
    outer loop
      vertex 0.888912 8.66965 6
      vertex 1.74171 5.74164 6
      vertex 1.01503 8.76318 6
    endloop
  endfacet
  facet normal 0 0 1
    outer loop
      vertex 1.74171 5.74164 6
      vertex 0.888912 8.66965 6
      vertex 1.17054 5.88471 6
    endloop
  endfacet
  facet normal -0 0 1
    outer loop
      vertex 0.754234 8.58893 6
      vertex 1.17054 5.88471 6
      vertex 0.888912 8.66965 6
    endloop
  endfacet
  facet normal -0 0 1
    outer loop
      vertex 0.612293 8.52179 6
      vertex 1.17054 5.88471 6
      vertex 0.754234 8.58893 6
    endloop
  endfacet
  facet normal 0 0 1
    outer loop
      vertex 0.612293 8.52179 6
      vertex 0.588102 5.97111 6
      vertex 1.17054 5.88471 6
    endloop
  endfacet
  facet normal -0 0 1
    outer loop
      vertex 0.464455 8.46889 6
      vertex 0.588102 5.97111 6
      vertex 0.612293 8.52179 6
    endloop
  endfacet
  facet normal -0 0 1
    outer loop
      vertex 0.312144 8.43074 6
      vertex 0.588102 5.97111 6
      vertex 0.464455 8.46889 6
    endloop
  endfacet
  facet normal -0 0 1
    outer loop
      vertex 0.156827 8.4077 6
      vertex 0.588102 5.97111 6
      vertex 0.312144 8.43074 6
    endloop
  endfacet
  facet normal 0 0 1
    outer loop
      vertex 0 6 6
      vertex 0.156827 8.4077 6
      vertex 0 8.4 6
    endloop
  endfacet
  facet normal 0 0 1
    outer loop
      vertex 0.156827 8.4077 6
      vertex 0 6 6
      vertex 0.588102 5.97111 6
    endloop
  endfacet
  facet normal 0 0 1
    outer loop
      vertex -0.156827 8.4077 6
      vertex 0 6 6
      vertex 0 8.4 6
    endloop
  endfacet
  facet normal 0 0 1
    outer loop
      vertex -0.588102 5.97111 6
      vertex -0.156827 8.4077 6
      vertex -0.312144 8.43074 6
    endloop
  endfacet
  facet normal 0 0 1
    outer loop
      vertex -0.588102 5.97111 6
      vertex -0.312144 8.43074 6
      vertex -0.464455 8.46889 6
    endloop
  endfacet
  facet normal 0 0 1
    outer loop
      vertex -0.156827 8.4077 6
      vertex -0.588102 5.97111 6
      vertex 0 6 6
    endloop
  endfacet
  facet normal 0 0 1
    outer loop
      vertex -0.612293 8.52179 6
      vertex -0.588102 5.97111 6
      vertex -0.464455 8.46889 6
    endloop
  endfacet
  facet normal 0 0 1
    outer loop
      vertex -1.17054 5.88471 6
      vertex -0.612293 8.52179 6
      vertex -0.754234 8.58893 6
    endloop
  endfacet
  facet normal 0 0 1
    outer loop
      vertex -1.17054 5.88471 6
      vertex -0.754234 8.58893 6
      vertex -0.888912 8.66965 6
    endloop
  endfacet
  facet normal 0 0 1
    outer loop
      vertex -1.74171 5.74164 6
      vertex -0.888912 8.66965 6
      vertex -1.01503 8.76318 6
    endloop
  endfacet
  facet normal 0 0 1
    outer loop
      vertex -1.74171 5.74164 6
      vertex -1.01503 8.76318 6
      vertex -1.13137 8.86863 6
    endloop
  endfacet
  facet normal 0 0 1
    outer loop
      vertex -0.612293 8.52179 6
      vertex -1.17054 5.88471 6
      vertex -0.588102 5.97111 6
    endloop
  endfacet
  facet normal 0 0 1
    outer loop
      vertex -1.74171 5.74164 6
      vertex -1.13137 8.86863 6
      vertex -1.23682 8.98497 6
    endloop
  endfacet
  facet normal 0 0 1
    outer loop
      vertex -2.2961 5.54328 6
      vertex -1.23682 8.98497 6
      vertex -1.33035 9.11109 6
    endloop
  endfacet
  facet normal 0 0 1
    outer loop
      vertex -2.2961 5.54328 6
      vertex -1.33035 9.11109 6
      vertex -1.41107 9.24576 6
    endloop
  endfacet
  facet normal 0 0 1
    outer loop
      vertex -2.82838 5.29153 6
      vertex -1.41107 9.24576 6
      vertex -1.47821 9.38771 6
    endloop
  endfacet
  facet normal 0 0 1
    outer loop
      vertex -2.82838 5.29153 6
      vertex -1.47821 9.38771 6
      vertex -1.5311 9.53554 6
    endloop
  endfacet
  facet normal 0 0 1
    outer loop
      vertex -3.33342 4.98882 6
      vertex -1.5311 9.53554 6
      vertex -1.56926 9.68785 6
    endloop
  endfacet
  facet normal 0 0 1
    outer loop
      vertex -3.80636 4.63806 6
      vertex -1.56926 9.68785 6
      vertex -1.59229 9.84317 6
    endloop
  endfacet
  facet normal 0 0 1
    outer loop
      vertex -0.888912 8.66965 6
      vertex -1.74171 5.74164 6
      vertex -1.17054 5.88471 6
    endloop
  endfacet
  facet normal 0 0 1
    outer loop
      vertex -3.80636 4.63806 6
      vertex -1.59229 9.84317 6
      vertex -1.6 10 6
    endloop
  endfacet
  facet normal 0 0 1
    outer loop
      vertex 14.5987 -24.7487 6
      vertex 10.1011 -34.0051 6
      vertex 10.15 -35 6
    endloop
  endfacet
  facet normal 0 0 1
    outer loop
      vertex 9.11109 -1.33035 6
      vertex 5.54328 -2.2961 6
      vertex 9.24576 -1.41107 6
    endloop
  endfacet
  facet normal 0 0 1
    outer loop
      vertex 14.7938 -22.7686 6
      vertex 9.95497 -33.0198 6
      vertex 10.1011 -34.0051 6
    endloop
  endfacet
  facet normal 0 0 1
    outer loop
      vertex 8.98497 -1.23682 6
      vertex 5.54328 -2.2961 6
      vertex 9.11109 -1.33035 6
    endloop
  endfacet
  facet normal 0 0 1
    outer loop
      vertex 14.7938 -22.7686 6
      vertex 9.71294 -32.0536 6
      vertex 9.95497 -33.0198 6
    endloop
  endfacet
  facet normal 0 0 1
    outer loop
      vertex 15.7972 -19.9641 6
      vertex 6.43909 -27.1539 6
      vertex 15.3714 -20.8645 6
    endloop
  endfacet
  facet normal 0 0 1
    outer loop
      vertex 15.3714 -20.8645 6
      vertex 6.43909 -27.1539 6
      vertex 15.0358 -21.8023 6
    endloop
  endfacet
  facet normal 0 0 1
    outer loop
      vertex 15.0358 -21.8023 6
      vertex 6.43909 -27.1539 6
      vertex 14.7938 -22.7686 6
    endloop
  endfacet
  facet normal 0 0 1
    outer loop
      vertex 14.7938 -22.7686 6
      vertex 9.37738 -31.1158 6
      vertex 9.71294 -32.0536 6
    endloop
  endfacet
  facet normal 0 0 1
    outer loop
      vertex 5.54328 -2.2961 6
      vertex 8.98497 -1.23682 6
      vertex 5.74164 -1.74171 6
    endloop
  endfacet
  facet normal 0 0 1
    outer loop
      vertex 8.76318 -1.01503 6
      vertex 5.74164 -1.74171 6
      vertex 8.86863 -1.13137 6
    endloop
  endfacet
  facet normal 0 0 1
    outer loop
      vertex 8.66965 -0.888912 6
      vertex 5.74164 -1.74171 6
      vertex 8.76318 -1.01503 6
    endloop
  endfacet
  facet normal 0 0 1
    outer loop
      vertex 14.7938 -22.7686 6
      vertex 8.9515 -30.2153 6
      vertex 9.37738 -31.1158 6
    endloop
  endfacet
  facet normal 0 0 1
    outer loop
      vertex 5.74164 -1.74171 6
      vertex 8.66965 -0.888912 6
      vertex 5.88471 -1.17054 6
    endloop
  endfacet
  facet normal 0 0 1
    outer loop
      vertex 8.58893 -0.754234 6
      vertex 5.88471 -1.17054 6
      vertex 8.66965 -0.888912 6
    endloop
  endfacet
  facet normal 0 0 1
    outer loop
      vertex 8.52179 -0.612293 6
      vertex 5.88471 -1.17054 6
      vertex 8.58893 -0.754234 6
    endloop
  endfacet
  facet normal 0 0 1
    outer loop
      vertex 5.88471 -1.17054 6
      vertex 8.52179 -0.612293 6
      vertex 5.97111 -0.588102 6
    endloop
  endfacet
  facet normal 0 0 1
    outer loop
      vertex 8.46889 -0.464455 6
      vertex 5.97111 -0.588102 6
      vertex 8.52179 -0.612293 6
    endloop
  endfacet
  facet normal 0 0 1
    outer loop
      vertex 8.43074 -0.312144 6
      vertex 5.97111 -0.588102 6
      vertex 8.46889 -0.464455 6
    endloop
  endfacet
  facet normal 0 0 1
    outer loop
      vertex 14.7938 -22.7686 6
      vertex 8.43942 -29.361 6
      vertex 8.9515 -30.2153 6
    endloop
  endfacet
  facet normal 0 0 1
    outer loop
      vertex 8.4077 -0.156827 6
      vertex 5.97111 -0.588102 6
      vertex 8.43074 -0.312144 6
    endloop
  endfacet
  facet normal 0 0 1
    outer loop
      vertex 5.97111 -0.588102 6
      vertex 8.4077 -0.156827 6
      vertex 6 0 6
    endloop
  endfacet
  facet normal -0 0 1
    outer loop
      vertex 6 0 6
      vertex 8.4077 -0.156827 6
      vertex 8.4 0 6
    endloop
  endfacet
  facet normal -0 -0 1
    outer loop
      vertex 5.88471 1.17054 6
      vertex 8.66965 0.888912 6
      vertex 5.74164 1.74171 6
    endloop
  endfacet
  facet normal 0 0 1
    outer loop
      vertex 8.86863 -1.13137 6
      vertex 5.74164 -1.74171 6
      vertex 8.98497 -1.23682 6
    endloop
  endfacet
  facet normal 0 0 1
    outer loop
      vertex 8.58893 0.754234 6
      vertex 5.88471 1.17054 6
      vertex 8.52179 0.612293 6
    endloop
  endfacet
  facet normal 0 0 1
    outer loop
      vertex 14.7938 -22.7686 6
      vertex 7.84606 -28.5609 6
      vertex 8.43942 -29.361 6
    endloop
  endfacet
  facet normal 0 0 1
    outer loop
      vertex 4.63806 3.80636 6
      vertex 7.17713 27.8229 6
      vertex 6.43909 27.1539 6
    endloop
  endfacet
  facet normal 0 0 1
    outer loop
      vertex 14.7938 -22.7686 6
      vertex 7.17713 -27.8229 6
      vertex 7.84606 -28.5609 6
    endloop
  endfacet
  facet normal 0 0 1
    outer loop
      vertex 14.7938 -22.7686 6
      vertex 6.43909 -27.1539 6
      vertex 7.17713 -27.8229 6
    endloop
  endfacet
  facet normal 0 0 1
    outer loop
      vertex 8.4077 0.156827 6
      vertex 6 0 6
      vertex 8.4 0 6
    endloop
  endfacet
  facet normal 0 -0 1
    outer loop
      vertex 6 0 6
      vertex 8.4077 0.156827 6
      vertex 5.97111 0.588102 6
    endloop
  endfacet
  facet normal 0 0 1
    outer loop
      vertex 8.43074 0.312144 6
      vertex 5.97111 0.588102 6
      vertex 8.4077 0.156827 6
    endloop
  endfacet
  facet normal 0 0 1
    outer loop
      vertex 1.47821 10.6123 6
      vertex 6.43909 27.1539 6
      vertex 5.63904 26.5606 6
    endloop
  endfacet
  facet normal 0 0 1
    outer loop
      vertex 8.46889 0.464455 6
      vertex 5.97111 0.588102 6
      vertex 8.43074 0.312144 6
    endloop
  endfacet
  facet normal 0 0 1
    outer loop
      vertex 8.52179 0.612293 6
      vertex 5.97111 0.588102 6
      vertex 8.46889 0.464455 6
    endloop
  endfacet
  facet normal 0 -0 1
    outer loop
      vertex 5.97111 0.588102 6
      vertex 8.52179 0.612293 6
      vertex 5.88471 1.17054 6
    endloop
  endfacet
  facet normal 0 0 1
    outer loop
      vertex 1.41107 10.7542 6
      vertex 5.63904 26.5606 6
      vertex 4.78468 26.0485 6
    endloop
  endfacet
  facet normal 0 0 1
    outer loop
      vertex 8.66965 0.888912 6
      vertex 5.88471 1.17054 6
      vertex 8.58893 0.754234 6
    endloop
  endfacet
  facet normal 0 0 1
    outer loop
      vertex 6.43909 27.1539 6
      vertex 1.56926 10.3121 6
      vertex 4.63806 3.80636 6
    endloop
  endfacet
  facet normal 0 0 1
    outer loop
      vertex 1.23682 11.015 6
      vertex 4.78468 26.0485 6
      vertex 3.88424 25.6226 6
    endloop
  endfacet
  facet normal -0 -0 1
    outer loop
      vertex 1.59229 10.1568 6
      vertex 4.63806 3.80636 6
      vertex 1.56926 10.3121 6
    endloop
  endfacet
  facet normal 0 0 1
    outer loop
      vertex 4.63806 3.80636 6
      vertex 1.59229 10.1568 6
      vertex 4.24264 4.24264 6
    endloop
  endfacet
  facet normal 0 0 1
    outer loop
      vertex 1.01503 11.2368 6
      vertex 3.88424 25.6226 6
      vertex 2.94639 25.2871 6
    endloop
  endfacet
  facet normal -0 -0 1
    outer loop
      vertex 1.6 10 6
      vertex 4.24264 4.24264 6
      vertex 1.59229 10.1568 6
    endloop
  endfacet
  facet normal 0 0 1
    outer loop
      vertex 4.24264 4.24264 6
      vertex 1.6 10 6
      vertex 3.80636 4.63806 6
    endloop
  endfacet
  facet normal 0 0 1
    outer loop
      vertex 0.754234 11.4111 6
      vertex 2.94639 25.2871 6
      vertex 1.98017 25.045 6
    endloop
  endfacet
  facet normal -0 0 1
    outer loop
      vertex 1.56926 9.68785 6
      vertex 3.80636 4.63806 6
      vertex 1.59229 9.84317 6
    endloop
  endfacet
  facet normal -0 0 1
    outer loop
      vertex 1.5311 9.53554 6
      vertex 3.33342 4.98882 6
      vertex 1.56926 9.68785 6
    endloop
  endfacet
  facet normal 0 0 1
    outer loop
      vertex 3.80636 4.63806 6
      vertex 1.56926 9.68785 6
      vertex 3.33342 4.98882 6
    endloop
  endfacet
  facet normal -0 0 1
    outer loop
      vertex 1.59229 9.84317 6
      vertex 3.80636 4.63806 6
      vertex 1.6 10 6
    endloop
  endfacet
  facet normal 0 0 1
    outer loop
      vertex 6.43909 27.1539 6
      vertex 1.5311 10.4645 6
      vertex 1.56926 10.3121 6
    endloop
  endfacet
  facet normal 0 0 1
    outer loop
      vertex 6.43909 27.1539 6
      vertex 1.47821 10.6123 6
      vertex 1.5311 10.4645 6
    endloop
  endfacet
  facet normal 0 0 1
    outer loop
      vertex 5.63904 26.5606 6
      vertex 1.41107 10.7542 6
      vertex 1.47821 10.6123 6
    endloop
  endfacet
  facet normal 0 0 1
    outer loop
      vertex 4.78468 26.0485 6
      vertex 1.33035 10.8889 6
      vertex 1.41107 10.7542 6
    endloop
  endfacet
  facet normal 0 0 1
    outer loop
      vertex 4.78468 26.0485 6
      vertex 1.23682 11.015 6
      vertex 1.33035 10.8889 6
    endloop
  endfacet
  facet normal 0 0 1
    outer loop
      vertex 3.88424 25.6226 6
      vertex 1.13137 11.1314 6
      vertex 1.23682 11.015 6
    endloop
  endfacet
  facet normal 0 0 1
    outer loop
      vertex 3.88424 25.6226 6
      vertex 1.01503 11.2368 6
      vertex 1.13137 11.1314 6
    endloop
  endfacet
  facet normal 0 0 1
    outer loop
      vertex 0.464455 11.5311 6
      vertex 1.98017 25.045 6
      vertex 0.994873 24.8989 6
    endloop
  endfacet
  facet normal 0 0 1
    outer loop
      vertex 2.94639 25.2871 6
      vertex 0.888912 11.3304 6
      vertex 1.01503 11.2368 6
    endloop
  endfacet
  facet normal 0 0 1
    outer loop
      vertex 2.94639 25.2871 6
      vertex 0.754234 11.4111 6
      vertex 0.888912 11.3304 6
    endloop
  endfacet
  facet normal 0 0 1
    outer loop
      vertex 1.98017 25.045 6
      vertex 0.612293 11.4782 6
      vertex 0.754234 11.4111 6
    endloop
  endfacet
  facet normal 0 0 1
    outer loop
      vertex 1.98017 25.045 6
      vertex 0.464455 11.5311 6
      vertex 0.612293 11.4782 6
    endloop
  endfacet
  facet normal 0 0 1
    outer loop
      vertex 0.994873 24.8989 6
      vertex 0.312144 11.5693 6
      vertex 0.464455 11.5311 6
    endloop
  endfacet
  facet normal 0 0 1
    outer loop
      vertex 0.994873 24.8989 6
      vertex 0.156827 11.5923 6
      vertex 0.312144 11.5693 6
    endloop
  endfacet
  facet normal -0 0 1
    outer loop
      vertex 0 24.85 6
      vertex 0.156827 11.5923 6
      vertex 0.994873 24.8989 6
    endloop
  endfacet
  facet normal 0 0 1
    outer loop
      vertex 0 24.85 6
      vertex 0 11.6 6
      vertex 0.156827 11.5923 6
    endloop
  endfacet
  facet normal 0 0 1
    outer loop
      vertex 0 24.85 6
      vertex -0.156827 11.5923 6
      vertex 0 11.6 6
    endloop
  endfacet
  facet normal 0 0 1
    outer loop
      vertex -0.994873 24.8989 6
      vertex -0.156827 11.5923 6
      vertex 0 24.85 6
    endloop
  endfacet
  facet normal 0 0 1
    outer loop
      vertex -0.156827 11.5923 6
      vertex -0.994873 24.8989 6
      vertex -0.312144 11.5693 6
    endloop
  endfacet
  facet normal 0 0 1
    outer loop
      vertex -0.312144 11.5693 6
      vertex -0.994873 24.8989 6
      vertex -0.464455 11.5311 6
    endloop
  endfacet
  facet normal 0 0 1
    outer loop
      vertex -1.98017 25.045 6
      vertex -0.464455 11.5311 6
      vertex -0.994873 24.8989 6
    endloop
  endfacet
  facet normal 0 0 1
    outer loop
      vertex -0.464455 11.5311 6
      vertex -1.98017 25.045 6
      vertex -0.612293 11.4782 6
    endloop
  endfacet
  facet normal 0 0 1
    outer loop
      vertex -0.612293 11.4782 6
      vertex -1.98017 25.045 6
      vertex -0.754234 11.4111 6
    endloop
  endfacet
  facet normal 0 0 1
    outer loop
      vertex -2.94639 25.2871 6
      vertex -0.754234 11.4111 6
      vertex -1.98017 25.045 6
    endloop
  endfacet
  facet normal 0 0 1
    outer loop
      vertex -0.754234 11.4111 6
      vertex -2.94639 25.2871 6
      vertex -0.888912 11.3304 6
    endloop
  endfacet
  facet normal 0 0 1
    outer loop
      vertex -0.888912 11.3304 6
      vertex -2.94639 25.2871 6
      vertex -1.01503 11.2368 6
    endloop
  endfacet
  facet normal 0 0 1
    outer loop
      vertex -3.88424 25.6226 6
      vertex -1.01503 11.2368 6
      vertex -2.94639 25.2871 6
    endloop
  endfacet
  facet normal 0 0 1
    outer loop
      vertex -1.01503 11.2368 6
      vertex -3.88424 25.6226 6
      vertex -1.13137 11.1314 6
    endloop
  endfacet
  facet normal 0 0 1
    outer loop
      vertex -1.13137 11.1314 6
      vertex -3.88424 25.6226 6
      vertex -1.23682 11.015 6
    endloop
  endfacet
  facet normal 0 0 1
    outer loop
      vertex -4.78468 26.0485 6
      vertex -1.23682 11.015 6
      vertex -3.88424 25.6226 6
    endloop
  endfacet
  facet normal 0 0 1
    outer loop
      vertex -1.23682 11.015 6
      vertex -4.78468 26.0485 6
      vertex -1.33035 10.8889 6
    endloop
  endfacet
  facet normal 0 0 1
    outer loop
      vertex -1.33035 10.8889 6
      vertex -4.78468 26.0485 6
      vertex -1.41107 10.7542 6
    endloop
  endfacet
  facet normal 0 0 1
    outer loop
      vertex -5.63904 26.5606 6
      vertex -1.41107 10.7542 6
      vertex -4.78468 26.0485 6
    endloop
  endfacet
  facet normal 0 0 1
    outer loop
      vertex -1.41107 10.7542 6
      vertex -5.63904 26.5606 6
      vertex -1.47821 10.6123 6
    endloop
  endfacet
  facet normal 0 0 1
    outer loop
      vertex -6.43909 27.1539 6
      vertex -1.47821 10.6123 6
      vertex -5.63904 26.5606 6
    endloop
  endfacet
  facet normal 0 0 1
    outer loop
      vertex -1.47821 10.6123 6
      vertex -6.43909 27.1539 6
      vertex -1.5311 10.4645 6
    endloop
  endfacet
  facet normal 0 0 1
    outer loop
      vertex -1.23682 8.98497 6
      vertex -2.2961 5.54328 6
      vertex -1.74171 5.74164 6
    endloop
  endfacet
  facet normal 0 0 1
    outer loop
      vertex -9.24576 1.41107 6
      vertex -1.5311 10.4645 6
      vertex -6.43909 27.1539 6
    endloop
  endfacet
  facet normal 0 0 1
    outer loop
      vertex -1.41107 9.24576 6
      vertex -2.82838 5.29153 6
      vertex -2.2961 5.54328 6
    endloop
  endfacet
  facet normal 0 0 1
    outer loop
      vertex -1.5311 9.53554 6
      vertex -3.33342 4.98882 6
      vertex -2.82838 5.29153 6
    endloop
  endfacet
  facet normal 0 0 1
    outer loop
      vertex -1.5311 10.4645 6
      vertex -9.24576 1.41107 6
      vertex -1.56926 10.3121 6
    endloop
  endfacet
  facet normal 0 0 1
    outer loop
      vertex -1.56926 9.68785 6
      vertex -3.80636 4.63806 6
      vertex -3.33342 4.98882 6
    endloop
  endfacet
  facet normal 0 0 1
    outer loop
      vertex -9.24576 1.41107 6
      vertex -1.59229 10.1568 6
      vertex -1.56926 10.3121 6
    endloop
  endfacet
  facet normal 0 0 1
    outer loop
      vertex -1.6 10 6
      vertex -4.24264 4.24264 6
      vertex -3.80636 4.63806 6
    endloop
  endfacet
  facet normal 0 0 1
    outer loop
      vertex -9.24576 1.41107 6
      vertex -4.24264 4.24264 6
      vertex -1.59229 10.1568 6
    endloop
  endfacet
  facet normal 0 0 1
    outer loop
      vertex -1.59229 10.1568 6
      vertex -4.24264 4.24264 6
      vertex -1.6 10 6
    endloop
  endfacet
  facet normal 0 0 1
    outer loop
      vertex -4.24264 4.24264 6
      vertex -9.24576 1.41107 6
      vertex -4.63806 3.80636 6
    endloop
  endfacet
  facet normal 0 0 1
    outer loop
      vertex -4.63806 3.80636 6
      vertex -9.24576 1.41107 6
      vertex -4.98882 3.33342 6
    endloop
  endfacet
  facet normal 0 0 1
    outer loop
      vertex -4.98882 3.33342 6
      vertex -9.24576 1.41107 6
      vertex -5.29153 2.82838 6
    endloop
  endfacet
  facet normal 0 0 1
    outer loop
      vertex -5.29153 2.82838 6
      vertex -9.24576 1.41107 6
      vertex -5.54328 2.2961 6
    endloop
  endfacet
  facet normal 0 -0 1
    outer loop
      vertex -9.11109 1.33035 6
      vertex -5.54328 2.2961 6
      vertex -9.24576 1.41107 6
    endloop
  endfacet
  facet normal 0 -0 1
    outer loop
      vertex -8.98497 1.23682 6
      vertex -5.54328 2.2961 6
      vertex -9.11109 1.33035 6
    endloop
  endfacet
  facet normal 0 0 1
    outer loop
      vertex -5.54328 2.2961 6
      vertex -8.98497 1.23682 6
      vertex -5.74164 1.74171 6
    endloop
  endfacet
  facet normal -0 0 1
    outer loop
      vertex 10.6123 -1.47821 6
      vertex 19.1097 -16.3093 6
      vertex 10.7542 -1.41107 6
    endloop
  endfacet
  facet normal 0 0 1
    outer loop
      vertex 19.1097 -16.3093 6
      vertex 10.6123 -1.47821 6
      vertex 18.3096 -16.9027 6
    endloop
  endfacet
  facet normal -0 0 1
    outer loop
      vertex 10.4645 -1.5311 6
      vertex 18.3096 -16.9027 6
      vertex 10.6123 -1.47821 6
    endloop
  endfacet
  facet normal -0 0 1
    outer loop
      vertex 10.3121 -1.56926 6
      vertex 18.3096 -16.9027 6
      vertex 10.4645 -1.5311 6
    endloop
  endfacet
  facet normal 0 0 1
    outer loop
      vertex 18.3096 -16.9027 6
      vertex 10.3121 -1.56926 6
      vertex 17.5716 -17.5716 6
    endloop
  endfacet
  facet normal -0 0 1
    outer loop
      vertex 10.1568 -1.59229 6
      vertex 17.5716 -17.5716 6
      vertex 10.3121 -1.56926 6
    endloop
  endfacet
  facet normal -0 0 1
    outer loop
      vertex 10 -1.6 6
      vertex 17.5716 -17.5716 6
      vertex 10.1568 -1.59229 6
    endloop
  endfacet
  facet normal 0 0 1
    outer loop
      vertex 17.5716 -17.5716 6
      vertex 10 -1.6 6
      vertex 16.9027 -18.3096 6
    endloop
  endfacet
  facet normal 0 0 1
    outer loop
      vertex 9.84317 -1.59229 6
      vertex 16.9027 -18.3096 6
      vertex 10 -1.6 6
    endloop
  endfacet
  facet normal 0 0 1
    outer loop
      vertex 4.98882 -3.33342 6
      vertex 9.53554 -1.5311 6
      vertex 5.29153 -2.82838 6
    endloop
  endfacet
  facet normal 0 0 1
    outer loop
      vertex 9.38771 -1.47821 6
      vertex 5.29153 -2.82838 6
      vertex 9.53554 -1.5311 6
    endloop
  endfacet
  facet normal 0 0 1
    outer loop
      vertex 9.24576 -1.41107 6
      vertex 5.29153 -2.82838 6
      vertex 9.38771 -1.47821 6
    endloop
  endfacet
  facet normal 0 0 1
    outer loop
      vertex 5.29153 -2.82838 6
      vertex 9.24576 -1.41107 6
      vertex 5.54328 -2.2961 6
    endloop
  endfacet
  facet normal 0 0 1
    outer loop
      vertex 10.1011 -34.0051 6
      vertex 14.6476 -23.7539 6
      vertex 14.7938 -22.7686 6
    endloop
  endfacet
  facet normal 0 0 1
    outer loop
      vertex 10.1011 -34.0051 6
      vertex 14.5987 -24.7487 6
      vertex 14.6476 -23.7539 6
    endloop
  endfacet
  facet normal 0 0 1
    outer loop
      vertex 14.5987 -24.7487 6
      vertex 10.15 -35 6
      vertex 14.5142 -47.847 6
    endloop
  endfacet
  facet normal -0 0 1
    outer loop
      vertex 10.1011 -35.9949 6
      vertex 14.5142 -47.847 6
      vertex 10.15 -35 6
    endloop
  endfacet
  facet normal -0 0 1
    outer loop
      vertex 9.95497 -36.9802 6
      vertex 14.5142 -47.847 6
      vertex 10.1011 -35.9949 6
    endloop
  endfacet
  facet normal -0 0 1
    outer loop
      vertex 9.71294 -37.9464 6
      vertex 14.5142 -47.847 6
      vertex 9.95497 -36.9802 6
    endloop
  endfacet
  facet normal -0 0 1
    outer loop
      vertex 9.37738 -38.8842 6
      vertex 14.5142 -47.847 6
      vertex 9.71294 -37.9464 6
    endloop
  endfacet
  facet normal -0 0 1
    outer loop
      vertex 8.9515 -39.7847 6
      vertex 14.5142 -47.847 6
      vertex 9.37738 -38.8842 6
    endloop
  endfacet
  facet normal -0 0 1
    outer loop
      vertex 8.43942 -40.639 6
      vertex 14.5142 -47.847 6
      vertex 8.9515 -39.7847 6
    endloop
  endfacet
  facet normal -0 0 1
    outer loop
      vertex 7.84606 -41.4391 6
      vertex 14.5142 -47.847 6
      vertex 8.43942 -40.639 6
    endloop
  endfacet
  facet normal 0 0 1
    outer loop
      vertex 14.5142 -47.847 6
      vertex 7.84606 -41.4391 6
      vertex 9.75452 -49.0393 6
    endloop
  endfacet
  facet normal -0 0 1
    outer loop
      vertex 7.17713 -42.1771 6
      vertex 9.75452 -49.0393 6
      vertex 7.84606 -41.4391 6
    endloop
  endfacet
  facet normal -0 0 1
    outer loop
      vertex 6.43909 -42.8461 6
      vertex 9.75452 -49.0393 6
      vertex 7.17713 -42.1771 6
    endloop
  endfacet
  facet normal -0 0 1
    outer loop
      vertex 5.63904 -43.4394 6
      vertex 9.75452 -49.0393 6
      vertex 6.43909 -42.8461 6
    endloop
  endfacet
  facet normal -0 0 1
    outer loop
      vertex 4.78468 -43.9515 6
      vertex 9.75452 -49.0393 6
      vertex 5.63904 -43.4394 6
    endloop
  endfacet
  facet normal 0 0 1
    outer loop
      vertex 9.75452 -49.0393 6
      vertex 4.78468 -43.9515 6
      vertex 4.90086 -49.7592 6
    endloop
  endfacet
  facet normal -0 0 1
    outer loop
      vertex 3.88424 -44.3774 6
      vertex 4.90086 -49.7592 6
      vertex 4.78468 -43.9515 6
    endloop
  endfacet
  facet normal -0 0 1
    outer loop
      vertex 2.94639 -44.7129 6
      vertex 4.90086 -49.7592 6
      vertex 3.88424 -44.3774 6
    endloop
  endfacet
  facet normal -0 0 1
    outer loop
      vertex 1.98017 -44.955 6
      vertex 4.90086 -49.7592 6
      vertex 2.94639 -44.7129 6
    endloop
  endfacet
  facet normal 0 0 1
    outer loop
      vertex 0 -50 6
      vertex 1.98017 -44.955 6
      vertex 0.994873 -45.1011 6
    endloop
  endfacet
  facet normal 0 0 1
    outer loop
      vertex 0 -50 6
      vertex 0.994873 -45.1011 6
      vertex 0 -45.15 6
    endloop
  endfacet
  facet normal 0 0 1
    outer loop
      vertex 1.98017 -44.955 6
      vertex 0 -50 6
      vertex 4.90086 -49.7592 6
    endloop
  endfacet
  facet normal 0 0 1
    outer loop
      vertex -0.994873 -45.1011 6
      vertex 0 -50 6
      vertex 0 -45.15 6
    endloop
  endfacet
  facet normal 0 0 1
    outer loop
      vertex -1.98017 -44.955 6
      vertex 0 -50 6
      vertex -0.994873 -45.1011 6
    endloop
  endfacet
  facet normal 0 0 1
    outer loop
      vertex -4.90086 -49.7592 6
      vertex -1.98017 -44.955 6
      vertex -2.94639 -44.7129 6
    endloop
  endfacet
  facet normal 0 0 1
    outer loop
      vertex -4.90086 -49.7592 6
      vertex -2.94639 -44.7129 6
      vertex -3.88424 -44.3774 6
    endloop
  endfacet
  facet normal 0 0 1
    outer loop
      vertex -4.90086 -49.7592 6
      vertex -3.88424 -44.3774 6
      vertex -4.78468 -43.9515 6
    endloop
  endfacet
  facet normal 0 0 1
    outer loop
      vertex -1.98017 -44.955 6
      vertex -4.90086 -49.7592 6
      vertex 0 -50 6
    endloop
  endfacet
  facet normal 0 0 1
    outer loop
      vertex -9.75452 -49.0393 6
      vertex -4.78468 -43.9515 6
      vertex -5.63904 -43.4394 6
    endloop
  endfacet
  facet normal 0 0 1
    outer loop
      vertex -9.75452 -49.0393 6
      vertex -5.63904 -43.4394 6
      vertex -6.43909 -42.8461 6
    endloop
  endfacet
  facet normal 0 0 1
    outer loop
      vertex -9.75452 -49.0393 6
      vertex -6.43909 -42.8461 6
      vertex -7.17713 -42.1771 6
    endloop
  endfacet
  facet normal 0 0 1
    outer loop
      vertex -9.75452 -49.0393 6
      vertex -7.17713 -42.1771 6
      vertex -7.84606 -41.4391 6
    endloop
  endfacet
  facet normal 0 0 1
    outer loop
      vertex -14.5142 -47.847 6
      vertex -7.84606 -41.4391 6
      vertex -8.43942 -40.639 6
    endloop
  endfacet
  facet normal 0 0 1
    outer loop
      vertex -14.5142 -47.847 6
      vertex -8.43942 -40.639 6
      vertex -8.9515 -39.7847 6
    endloop
  endfacet
  facet normal 0 0 1
    outer loop
      vertex -14.5142 -47.847 6
      vertex -8.9515 -39.7847 6
      vertex -9.37738 -38.8842 6
    endloop
  endfacet
  facet normal 0 0 1
    outer loop
      vertex -4.78468 -43.9515 6
      vertex -9.75452 -49.0393 6
      vertex -4.90086 -49.7592 6
    endloop
  endfacet
  facet normal 0 0 1
    outer loop
      vertex -14.5142 -47.847 6
      vertex -9.37738 -38.8842 6
      vertex -9.71294 -37.9464 6
    endloop
  endfacet
  facet normal 0 0 1
    outer loop
      vertex -14.5142 -47.847 6
      vertex -9.71294 -37.9464 6
      vertex -9.95497 -36.9802 6
    endloop
  endfacet
  facet normal 0 0 1
    outer loop
      vertex -14.5142 -47.847 6
      vertex -9.95497 -36.9802 6
      vertex -10.1011 -35.9949 6
    endloop
  endfacet
  facet normal 0 0 1
    outer loop
      vertex -14.5142 -47.847 6
      vertex -10.1011 -35.9949 6
      vertex -10.15 -35 6
    endloop
  endfacet
  facet normal 0 0 1
    outer loop
      vertex -14.5987 -24.7487 6
      vertex -11.015 -1.23682 6
      vertex -11.1314 -1.13137 6
    endloop
  endfacet
  facet normal 0 0 1
    outer loop
      vertex -14.5987 -24.7487 6
      vertex -11.1314 -1.13137 6
      vertex -11.2368 -1.01503 6
    endloop
  endfacet
  facet normal -0 0 1
    outer loop
      vertex -14.6476 -25.7436 6
      vertex -7.84606 -28.5609 6
      vertex -14.5987 -24.7487 6
    endloop
  endfacet
  facet normal 0 0 1
    outer loop
      vertex -14.5987 -24.7487 6
      vertex -11.2368 -1.01503 6
      vertex -11.3304 -0.888912 6
    endloop
  endfacet
  facet normal 0 0 1
    outer loop
      vertex -7.84606 -28.5609 6
      vertex -14.6476 -25.7436 6
      vertex -8.43942 -29.361 6
    endloop
  endfacet
  facet normal 0 0 1
    outer loop
      vertex -14.5987 -24.7487 6
      vertex -11.3304 -0.888912 6
      vertex -11.4111 -0.754234 6
    endloop
  endfacet
  facet normal -0 0 1
    outer loop
      vertex -14.7938 -26.7289 6
      vertex -8.43942 -29.361 6
      vertex -14.6476 -25.7436 6
    endloop
  endfacet
  facet normal 0 0 1
    outer loop
      vertex -14.5987 -24.7487 6
      vertex -11.4111 -0.754234 6
      vertex -11.4782 -0.612293 6
    endloop
  endfacet
  facet normal 0 0 1
    outer loop
      vertex -8.43942 -29.361 6
      vertex -14.7938 -26.7289 6
      vertex -8.9515 -30.2153 6
    endloop
  endfacet
  facet normal 0 0 1
    outer loop
      vertex -14.5987 -24.7487 6
      vertex -11.4782 -0.612293 6
      vertex -11.5311 -0.464455 6
    endloop
  endfacet
  facet normal -0 0 1
    outer loop
      vertex -15.0358 -27.6951 6
      vertex -8.9515 -30.2153 6
      vertex -14.7938 -26.7289 6
    endloop
  endfacet
  facet normal 0 0 1
    outer loop
      vertex -8.9515 -30.2153 6
      vertex -15.0358 -27.6951 6
      vertex -9.37738 -31.1158 6
    endloop
  endfacet
  facet normal -0 0 1
    outer loop
      vertex -15.3714 -28.633 6
      vertex -9.37738 -31.1158 6
      vertex -15.0358 -27.6951 6
    endloop
  endfacet
  facet normal 0 0 1
    outer loop
      vertex -14.5987 -24.7487 6
      vertex -11.5311 -0.464455 6
      vertex -11.5693 -0.312144 6
    endloop
  endfacet
  facet normal 0 0 1
    outer loop
      vertex -14.5987 -24.7487 6
      vertex -11.5693 -0.312144 6
      vertex -11.5923 -0.156827 6
    endloop
  endfacet
  facet normal 0 0 1
    outer loop
      vertex -14.5987 -24.7487 6
      vertex -11.5923 -0.156827 6
      vertex -11.6 0 6
    endloop
  endfacet
  facet normal 0 0 1
    outer loop
      vertex -10.7542 1.41107 6
      vertex -19.1097 16.3093 6
      vertex -10.8889 1.33035 6
    endloop
  endfacet
  facet normal -0 0 1
    outer loop
      vertex -19.9641 15.7972 6
      vertex -10.8889 1.33035 6
      vertex -19.1097 16.3093 6
    endloop
  endfacet
  facet normal 0 0 1
    outer loop
      vertex -7.84606 -41.4391 6
      vertex -14.5142 -47.847 6
      vertex -9.75452 -49.0393 6
    endloop
  endfacet
  facet normal 0 0 1
    outer loop
      vertex -14.5142 47.847 6
      vertex -14.6476 25.7436 6
      vertex -14.5987 24.7487 6
    endloop
  endfacet
  facet normal 0 0 1
    outer loop
      vertex -14.5142 47.847 6
      vertex -14.7938 26.7289 6
      vertex -14.6476 25.7436 6
    endloop
  endfacet
  facet normal 0 0 1
    outer loop
      vertex -14.5142 47.847 6
      vertex -15.0358 27.6951 6
      vertex -14.7938 26.7289 6
    endloop
  endfacet
  facet normal 0 0 1
    outer loop
      vertex -14.5142 47.847 6
      vertex -15.3714 28.633 6
      vertex -15.0358 27.6951 6
    endloop
  endfacet
  facet normal 0 0 1
    outer loop
      vertex -14.5142 47.847 6
      vertex -15.7972 29.5334 6
      vertex -15.3714 28.633 6
    endloop
  endfacet
  facet normal 0 0 1
    outer loop
      vertex -14.5142 47.847 6
      vertex -16.3093 30.3878 6
      vertex -15.7972 29.5334 6
    endloop
  endfacet
  facet normal 0 0 1
    outer loop
      vertex -14.5142 47.847 6
      vertex -16.9027 31.1878 6
      vertex -16.3093 30.3878 6
    endloop
  endfacet
  facet normal 0 0 1
    outer loop
      vertex -14.5142 47.847 6
      vertex -17.5716 31.9259 6
      vertex -16.9027 31.1878 6
    endloop
  endfacet
  facet normal 0 0 1
    outer loop
      vertex -14.5142 47.847 6
      vertex -18.3096 32.5948 6
      vertex -17.5716 31.9259 6
    endloop
  endfacet
  facet normal 0 0 1
    outer loop
      vertex -14.5142 47.847 6
      vertex -19.1097 33.1882 6
      vertex -18.3096 32.5948 6
    endloop
  endfacet
  facet normal -0 0 1
    outer loop
      vertex -19.1342 46.194 6
      vertex -19.1097 33.1882 6
      vertex -14.5142 47.847 6
    endloop
  endfacet
  facet normal 0 0 1
    outer loop
      vertex -19.1342 46.194 6
      vertex -19.9641 33.7002 6
      vertex -19.1097 33.1882 6
    endloop
  endfacet
  facet normal 0 0 1
    outer loop
      vertex -19.1342 46.194 6
      vertex -20.8645 34.1261 6
      vertex -19.9641 33.7002 6
    endloop
  endfacet
  facet normal -0 0 1
    outer loop
      vertex -23.5698 44.0961 6
      vertex -20.8645 34.1261 6
      vertex -19.1342 46.194 6
    endloop
  endfacet
  facet normal 0 0 1
    outer loop
      vertex -20.8645 34.1261 6
      vertex -23.5698 44.0961 6
      vertex -21.8023 34.4617 6
    endloop
  endfacet
  facet normal 0 0 1
    outer loop
      vertex -21.8023 34.4617 6
      vertex -23.5698 44.0961 6
      vertex -22.7686 34.7037 6
    endloop
  endfacet
  facet normal 0 0 1
    outer loop
      vertex -23.5698 44.0961 6
      vertex -23.7539 34.8499 6
      vertex -22.7686 34.7037 6
    endloop
  endfacet
  facet normal -0 0 1
    outer loop
      vertex -27.7785 41.5735 6
      vertex -23.7539 34.8499 6
      vertex -23.5698 44.0961 6
    endloop
  endfacet
  facet normal 0 0 1
    outer loop
      vertex -23.7539 34.8499 6
      vertex -27.7785 41.5735 6
      vertex -24.7487 34.8987 6
    endloop
  endfacet
  facet normal 0 0 1
    outer loop
      vertex -24.7487 34.8987 6
      vertex -27.7785 41.5735 6
      vertex -25.7436 34.8499 6
    endloop
  endfacet
  facet normal 0 0 1
    outer loop
      vertex -25.7436 34.8499 6
      vertex -27.7785 41.5735 6
      vertex -26.7289 34.7037 6
    endloop
  endfacet
  facet normal 0 0 1
    outer loop
      vertex -26.7289 34.7037 6
      vertex -27.7785 41.5735 6
      vertex -27.6951 34.4617 6
    endloop
  endfacet
  facet normal -0 0 1
    outer loop
      vertex -31.7197 38.6505 6
      vertex -27.6951 34.4617 6
      vertex -27.7785 41.5735 6
    endloop
  endfacet
  facet normal 0 0 1
    outer loop
      vertex -27.6951 34.4617 6
      vertex -31.7197 38.6505 6
      vertex -28.633 34.1261 6
    endloop
  endfacet
  facet normal 0 0 1
    outer loop
      vertex -28.633 34.1261 6
      vertex -31.7197 38.6505 6
      vertex -29.5334 33.7002 6
    endloop
  endfacet
  facet normal 0 0 1
    outer loop
      vertex -29.5334 33.7002 6
      vertex -31.7197 38.6505 6
      vertex -30.3878 33.1882 6
    endloop
  endfacet
  facet normal -0 0 1
    outer loop
      vertex -35.3553 35.3553 6
      vertex -30.3878 33.1882 6
      vertex -31.7197 38.6505 6
    endloop
  endfacet
  facet normal 0 0 1
    outer loop
      vertex -30.3878 33.1882 6
      vertex -35.3553 35.3553 6
      vertex -31.1878 32.5948 6
    endloop
  endfacet
  facet normal 0 0 1
    outer loop
      vertex -31.1878 32.5948 6
      vertex -35.3553 35.3553 6
      vertex -31.9259 31.9259 6
    endloop
  endfacet
  facet normal 0 0 1
    outer loop
      vertex -31.9259 31.9259 6
      vertex -35.3553 35.3553 6
      vertex -32.5948 31.1878 6
    endloop
  endfacet
  facet normal 0 0 1
    outer loop
      vertex -32.5948 31.1878 6
      vertex -35.3553 35.3553 6
      vertex -33.1882 30.3878 6
    endloop
  endfacet
  facet normal -0 0 1
    outer loop
      vertex -38.6505 31.7197 6
      vertex -33.1882 30.3878 6
      vertex -35.3553 35.3553 6
    endloop
  endfacet
  facet normal 0 0 1
    outer loop
      vertex -33.1882 30.3878 6
      vertex -38.6505 31.7197 6
      vertex -33.7002 29.5334 6
    endloop
  endfacet
  facet normal 0 0 1
    outer loop
      vertex -33.7002 29.5334 6
      vertex -38.6505 31.7197 6
      vertex -34.1261 28.633 6
    endloop
  endfacet
  facet normal 0 0 1
    outer loop
      vertex -34.1261 28.633 6
      vertex -38.6505 31.7197 6
      vertex -34.4617 27.6951 6
    endloop
  endfacet
  facet normal -0 0 1
    outer loop
      vertex -41.5735 27.7785 6
      vertex -34.4617 27.6951 6
      vertex -38.6505 31.7197 6
    endloop
  endfacet
  facet normal 0 0 1
    outer loop
      vertex -34.4617 27.6951 6
      vertex -41.5735 27.7785 6
      vertex -34.7037 26.7289 6
    endloop
  endfacet
  facet normal 0 0 1
    outer loop
      vertex -34.7037 26.7289 6
      vertex -41.5735 27.7785 6
      vertex -34.8499 25.7436 6
    endloop
  endfacet
  facet normal 0 0 1
    outer loop
      vertex -34.8499 25.7436 6
      vertex -41.5735 27.7785 6
      vertex -34.8987 24.7487 6
    endloop
  endfacet
  facet normal 0 0 1
    outer loop
      vertex -34.8499 23.7539 6
      vertex -41.5735 27.7785 6
      vertex -44.0961 23.5698 6
    endloop
  endfacet
  facet normal 0 0 1
    outer loop
      vertex -34.1261 20.8645 6
      vertex -44.0961 23.5698 6
      vertex -46.194 19.1342 6
    endloop
  endfacet
  facet normal 0 0 1
    outer loop
      vertex -32.5948 18.3096 6
      vertex -35.9949 10.1011 6
      vertex -35 10.15 6
    endloop
  endfacet
  facet normal 0 0 1
    outer loop
      vertex -33.1882 19.1097 6
      vertex -36.9802 9.95497 6
      vertex -35.9949 10.1011 6
    endloop
  endfacet
  facet normal 0 0 1
    outer loop
      vertex -33.7002 19.9641 6
      vertex -46.194 19.1342 6
      vertex -37.9464 9.71294 6
    endloop
  endfacet
  facet normal 0 0 1
    outer loop
      vertex -33.7002 19.9641 6
      vertex -37.9464 9.71294 6
      vertex -36.9802 9.95497 6
    endloop
  endfacet
  facet normal 0 0 1
    outer loop
      vertex -37.9464 9.71294 6
      vertex -46.194 19.1342 6
      vertex -38.8842 9.37738 6
    endloop
  endfacet
  facet normal -0 0 1
    outer loop
      vertex -47.847 14.5142 6
      vertex -38.8842 9.37738 6
      vertex -46.194 19.1342 6
    endloop
  endfacet
  facet normal 0 0 1
    outer loop
      vertex -38.8842 9.37738 6
      vertex -47.847 14.5142 6
      vertex -39.7847 8.9515 6
    endloop
  endfacet
  facet normal 0 0 1
    outer loop
      vertex -39.7847 8.9515 6
      vertex -47.847 14.5142 6
      vertex -40.639 8.43942 6
    endloop
  endfacet
  facet normal 0 0 1
    outer loop
      vertex -40.639 8.43942 6
      vertex -47.847 14.5142 6
      vertex -41.4391 7.84606 6
    endloop
  endfacet
  facet normal -0 0 1
    outer loop
      vertex -49.0393 9.75452 6
      vertex -41.4391 7.84606 6
      vertex -47.847 14.5142 6
    endloop
  endfacet
  facet normal 0 0 1
    outer loop
      vertex -41.4391 7.84606 6
      vertex -49.0393 9.75452 6
      vertex -42.1771 7.17713 6
    endloop
  endfacet
  facet normal 0 0 1
    outer loop
      vertex -42.1771 7.17713 6
      vertex -49.0393 9.75452 6
      vertex -42.8461 6.43909 6
    endloop
  endfacet
  facet normal 0 0 1
    outer loop
      vertex -42.8461 6.43909 6
      vertex -49.0393 9.75452 6
      vertex -43.4394 5.63904 6
    endloop
  endfacet
  facet normal 0 0 1
    outer loop
      vertex -43.4394 5.63904 6
      vertex -49.0393 9.75452 6
      vertex -43.9515 4.78468 6
    endloop
  endfacet
  facet normal -0 0 1
    outer loop
      vertex -49.7592 4.90086 6
      vertex -43.9515 4.78468 6
      vertex -49.0393 9.75452 6
    endloop
  endfacet
  facet normal 0 0 1
    outer loop
      vertex -43.9515 4.78468 6
      vertex -49.7592 4.90086 6
      vertex -44.3774 3.88424 6
    endloop
  endfacet
  facet normal 0 0 1
    outer loop
      vertex -44.3774 3.88424 6
      vertex -49.7592 4.90086 6
      vertex -44.7129 2.94639 6
    endloop
  endfacet
  facet normal -0 0 1
    outer loop
      vertex 8.43942 29.361 6
      vertex 14.7938 26.7289 6
      vertex 8.9515 30.2153 6
    endloop
  endfacet
  facet normal 0 0 1
    outer loop
      vertex 14.7938 26.7289 6
      vertex 8.43942 29.361 6
      vertex 14.6476 25.7436 6
    endloop
  endfacet
  facet normal -0 0 1
    outer loop
      vertex 7.84606 28.5609 6
      vertex 14.6476 25.7436 6
      vertex 8.43942 29.361 6
    endloop
  endfacet
  facet normal 0 0 1
    outer loop
      vertex 14.6476 25.7436 6
      vertex 7.84606 28.5609 6
      vertex 14.5987 24.7487 6
    endloop
  endfacet
  facet normal -0 0 1
    outer loop
      vertex 7.17713 27.8229 6
      vertex 14.5987 24.7487 6
      vertex 7.84606 28.5609 6
    endloop
  endfacet
  facet normal 0 0 1
    outer loop
      vertex 14.5987 24.7487 6
      vertex 7.17713 27.8229 6
      vertex 14.6476 23.7539 6
    endloop
  endfacet
  facet normal 0 0 1
    outer loop
      vertex 14.6476 23.7539 6
      vertex 7.17713 27.8229 6
      vertex 14.7938 22.7686 6
    endloop
  endfacet
  facet normal 0 0 1
    outer loop
      vertex 17.5716 17.5716 6
      vertex 4.63806 3.80636 6
      vertex 10.1568 1.59229 6
    endloop
  endfacet
  facet normal 0 0 1
    outer loop
      vertex 10.1568 1.59229 6
      vertex 4.63806 3.80636 6
      vertex 10 1.6 6
    endloop
  endfacet
  facet normal 0 0 1
    outer loop
      vertex 10 1.6 6
      vertex 4.63806 3.80636 6
      vertex 9.84317 1.59229 6
    endloop
  endfacet
  facet normal 0 0 1
    outer loop
      vertex 9.84317 1.59229 6
      vertex 4.63806 3.80636 6
      vertex 9.68785 1.56926 6
    endloop
  endfacet
  facet normal -0 -0 1
    outer loop
      vertex 4.98882 3.33342 6
      vertex 9.68785 1.56926 6
      vertex 4.63806 3.80636 6
    endloop
  endfacet
  facet normal 0 0 1
    outer loop
      vertex 4.63806 3.80636 6
      vertex 14.7938 22.7686 6
      vertex 7.17713 27.8229 6
    endloop
  endfacet
  facet normal 0 0 1
    outer loop
      vertex 9.68785 1.56926 6
      vertex 4.98882 3.33342 6
      vertex 9.53554 1.5311 6
    endloop
  endfacet
  facet normal 0 0 1
    outer loop
      vertex 9.53554 1.5311 6
      vertex 4.98882 3.33342 6
      vertex 9.38771 1.47821 6
    endloop
  endfacet
  facet normal -0 -0 1
    outer loop
      vertex 5.29153 2.82838 6
      vertex 9.38771 1.47821 6
      vertex 4.98882 3.33342 6
    endloop
  endfacet
  facet normal 0 0 1
    outer loop
      vertex 9.38771 1.47821 6
      vertex 5.29153 2.82838 6
      vertex 9.24576 1.41107 6
    endloop
  endfacet
  facet normal -0 -0 1
    outer loop
      vertex 5.54328 2.2961 6
      vertex 9.24576 1.41107 6
      vertex 5.29153 2.82838 6
    endloop
  endfacet
  facet normal 0 0 1
    outer loop
      vertex 9.24576 1.41107 6
      vertex 5.54328 2.2961 6
      vertex 9.11109 1.33035 6
    endloop
  endfacet
  facet normal 0 0 1
    outer loop
      vertex 9.11109 1.33035 6
      vertex 5.54328 2.2961 6
      vertex 8.98497 1.23682 6
    endloop
  endfacet
  facet normal 0 0 1
    outer loop
      vertex 8.98497 1.23682 6
      vertex 5.54328 2.2961 6
      vertex 8.86863 1.13137 6
    endloop
  endfacet
  facet normal -0 -0 1
    outer loop
      vertex 5.74164 1.74171 6
      vertex 8.86863 1.13137 6
      vertex 5.54328 2.2961 6
    endloop
  endfacet
  facet normal 0 0 1
    outer loop
      vertex 8.86863 1.13137 6
      vertex 5.74164 1.74171 6
      vertex 8.76318 1.01503 6
    endloop
  endfacet
  facet normal 0 0 1
    outer loop
      vertex 8.76318 1.01503 6
      vertex 5.74164 1.74171 6
      vertex 8.66965 0.888912 6
    endloop
  endfacet
  facet normal 0 0 1
    outer loop
      vertex 41.5735 -27.7785 6
      vertex 34.8499 -23.7539 6
      vertex 34.8987 -24.7487 6
    endloop
  endfacet
  facet normal 0 0 1
    outer loop
      vertex 35.9949 -10.1011 6
      vertex 34.7037 -22.7686 6
      vertex 34.8499 -23.7539 6
    endloop
  endfacet
  facet normal 0 0 1
    outer loop
      vertex 35.9949 -10.1011 6
      vertex 34.4617 -21.8023 6
      vertex 34.7037 -22.7686 6
    endloop
  endfacet
  facet normal 0 0 1
    outer loop
      vertex 35.9949 -10.1011 6
      vertex 34.1261 -20.8645 6
      vertex 34.4617 -21.8023 6
    endloop
  endfacet
  facet normal 0 0 1
    outer loop
      vertex 31.9259 -17.5716 6
      vertex 35 -10.15 6
      vertex 34.0051 -10.1011 6
    endloop
  endfacet
  facet normal 0 0 1
    outer loop
      vertex 35.9949 -10.1011 6
      vertex 33.7002 -19.9641 6
      vertex 34.1261 -20.8645 6
    endloop
  endfacet
  facet normal 0 0 1
    outer loop
      vertex 35.9949 -10.1011 6
      vertex 33.1882 -19.1097 6
      vertex 33.7002 -19.9641 6
    endloop
  endfacet
  facet normal 0 0 1
    outer loop
      vertex 31.1878 -16.9027 6
      vertex 34.0051 -10.1011 6
      vertex 33.0198 -9.95497 6
    endloop
  endfacet
  facet normal 0 0 1
    outer loop
      vertex 35.9949 -10.1011 6
      vertex 32.5948 -18.3096 6
      vertex 33.1882 -19.1097 6
    endloop
  endfacet
  facet normal 0 0 1
    outer loop
      vertex 30.3878 -16.3093 6
      vertex 33.0198 -9.95497 6
      vertex 32.0536 -9.71294 6
    endloop
  endfacet
  facet normal 0 0 1
    outer loop
      vertex 35 -10.15 6
      vertex 31.9259 -17.5716 6
      vertex 32.5948 -18.3096 6
    endloop
  endfacet
  facet normal 0 0 1
    outer loop
      vertex 34.0051 -10.1011 6
      vertex 31.1878 -16.9027 6
      vertex 31.9259 -17.5716 6
    endloop
  endfacet
  facet normal 0 0 1
    outer loop
      vertex 29.5334 -15.7972 6
      vertex 32.0536 -9.71294 6
      vertex 31.1158 -9.37738 6
    endloop
  endfacet
  facet normal 0 0 1
    outer loop
      vertex 33.0198 -9.95497 6
      vertex 30.3878 -16.3093 6
      vertex 31.1878 -16.9027 6
    endloop
  endfacet
  facet normal 0 0 1
    outer loop
      vertex 28.633 -15.3714 6
      vertex 31.1158 -9.37738 6
      vertex 30.2153 -8.9515 6
    endloop
  endfacet
  facet normal 0 0 1
    outer loop
      vertex 32.0536 -9.71294 6
      vertex 29.5334 -15.7972 6
      vertex 30.3878 -16.3093 6
    endloop
  endfacet
  facet normal 0 0 1
    outer loop
      vertex 27.6951 -15.0358 6
      vertex 30.2153 -8.9515 6
      vertex 29.361 -8.43942 6
    endloop
  endfacet
  facet normal 0 0 1
    outer loop
      vertex 31.1158 -9.37738 6
      vertex 28.633 -15.3714 6
      vertex 29.5334 -15.7972 6
    endloop
  endfacet
  facet normal 0 0 1
    outer loop
      vertex 26.7289 -14.7938 6
      vertex 29.361 -8.43942 6
      vertex 28.5609 -7.84606 6
    endloop
  endfacet
  facet normal 0 0 1
    outer loop
      vertex 25.7436 -14.6476 6
      vertex 28.5609 -7.84606 6
      vertex 27.8229 -7.17713 6
    endloop
  endfacet
  facet normal 0 0 1
    outer loop
      vertex 30.2153 -8.9515 6
      vertex 27.6951 -15.0358 6
      vertex 28.633 -15.3714 6
    endloop
  endfacet
  facet normal 0 0 1
    outer loop
      vertex 24.7487 -14.5987 6
      vertex 27.8229 -7.17713 6
      vertex 27.1539 -6.43909 6
    endloop
  endfacet
  facet normal 0 0 1
    outer loop
      vertex 29.361 -8.43942 6
      vertex 26.7289 -14.7938 6
      vertex 27.6951 -15.0358 6
    endloop
  endfacet
  facet normal 0 0 1
    outer loop
      vertex 23.7539 -14.6476 6
      vertex 27.1539 -6.43909 6
      vertex 26.5606 -5.63904 6
    endloop
  endfacet
  facet normal 0 0 1
    outer loop
      vertex 22.7686 -14.7938 6
      vertex 26.5606 -5.63904 6
      vertex 26.0485 -4.78468 6
    endloop
  endfacet
  facet normal 0 0 1
    outer loop
      vertex 28.5609 -7.84606 6
      vertex 25.7436 -14.6476 6
      vertex 26.7289 -14.7938 6
    endloop
  endfacet
  facet normal 0 0 1
    outer loop
      vertex 21.8023 -15.0358 6
      vertex 26.0485 -4.78468 6
      vertex 25.6226 -3.88424 6
    endloop
  endfacet
  facet normal -0 0 1
    outer loop
      vertex 11.5311 -0.464455 6
      vertex 24.8989 -0.994873 6
      vertex 11.5693 -0.312144 6
    endloop
  endfacet
  facet normal -0 0 1
    outer loop
      vertex 11.5693 -0.312144 6
      vertex 24.8989 -0.994873 6
      vertex 11.5923 -0.156827 6
    endloop
  endfacet
  facet normal 0 0 1
    outer loop
      vertex 24.85 0 6
      vertex 11.5923 -0.156827 6
      vertex 24.8989 -0.994873 6
    endloop
  endfacet
  facet normal 0 0 1
    outer loop
      vertex 27.8229 -7.17713 6
      vertex 24.7487 -14.5987 6
      vertex 25.7436 -14.6476 6
    endloop
  endfacet
  facet normal 0 0 1
    outer loop
      vertex 11.5923 -0.156827 6
      vertex 24.85 0 6
      vertex 11.6 0 6
    endloop
  endfacet
  facet normal 0 0 1
    outer loop
      vertex 11.1314 1.13137 6
      vertex 25.6226 3.88424 6
      vertex 20.8645 15.3714 6
    endloop
  endfacet
  facet normal 0 -0 1
    outer loop
      vertex 11.2368 1.01503 6
      vertex 25.6226 3.88424 6
      vertex 11.1314 1.13137 6
    endloop
  endfacet
  facet normal 0 0 1
    outer loop
      vertex 24.8989 -0.994873 6
      vertex 11.5311 -0.464455 6
      vertex 25.045 -1.98017 6
    endloop
  endfacet
  facet normal 0 -0 1
    outer loop
      vertex 11.3304 0.888912 6
      vertex 25.2871 2.94639 6
      vertex 11.2368 1.01503 6
    endloop
  endfacet
  facet normal 0 0 1
    outer loop
      vertex 27.1539 -6.43909 6
      vertex 23.7539 -14.6476 6
      vertex 24.7487 -14.5987 6
    endloop
  endfacet
  facet normal 0 0 1
    outer loop
      vertex 25.2871 2.94639 6
      vertex 11.4111 0.754234 6
      vertex 25.045 1.98017 6
    endloop
  endfacet
  facet normal 0 0 1
    outer loop
      vertex 26.5606 -5.63904 6
      vertex 22.7686 -14.7938 6
      vertex 23.7539 -14.6476 6
    endloop
  endfacet
  facet normal 0 -0 1
    outer loop
      vertex 11.4111 0.754234 6
      vertex 25.2871 2.94639 6
      vertex 11.3304 0.888912 6
    endloop
  endfacet
  facet normal 0 0 1
    outer loop
      vertex 26.0485 -4.78468 6
      vertex 21.8023 -15.0358 6
      vertex 22.7686 -14.7938 6
    endloop
  endfacet
  facet normal 0 0 1
    outer loop
      vertex 11.015 1.23682 6
      vertex 20.8645 15.3714 6
      vertex 19.9641 15.7972 6
    endloop
  endfacet
  facet normal 0 0 1
    outer loop
      vertex 25.6226 -3.88424 6
      vertex 20.8645 -15.3714 6
      vertex 21.8023 -15.0358 6
    endloop
  endfacet
  facet normal 0 0 1
    outer loop
      vertex 10.8889 1.33035 6
      vertex 19.9641 15.7972 6
      vertex 19.1097 16.3093 6
    endloop
  endfacet
  facet normal -0 0 1
    outer loop
      vertex 11.4782 -0.612293 6
      vertex 25.045 -1.98017 6
      vertex 11.5311 -0.464455 6
    endloop
  endfacet
  facet normal 0 0 1
    outer loop
      vertex 10.6123 1.47821 6
      vertex 19.1097 16.3093 6
      vertex 18.3096 16.9027 6
    endloop
  endfacet
  facet normal -0 0 1
    outer loop
      vertex 11.4111 -0.754234 6
      vertex 25.045 -1.98017 6
      vertex 11.4782 -0.612293 6
    endloop
  endfacet
  facet normal 0 0 1
    outer loop
      vertex 10.3121 1.56926 6
      vertex 18.3096 16.9027 6
      vertex 17.5716 17.5716 6
    endloop
  endfacet
  facet normal 0 0 1
    outer loop
      vertex 25.045 -1.98017 6
      vertex 11.4111 -0.754234 6
      vertex 25.2871 -2.94639 6
    endloop
  endfacet
  facet normal 0 0 1
    outer loop
      vertex 4.63806 3.80636 6
      vertex 17.5716 17.5716 6
      vertex 16.9027 18.3096 6
    endloop
  endfacet
  facet normal -0 0 1
    outer loop
      vertex 11.3304 -0.888912 6
      vertex 25.2871 -2.94639 6
      vertex 11.4111 -0.754234 6
    endloop
  endfacet
  facet normal 0 0 1
    outer loop
      vertex 4.63806 3.80636 6
      vertex 16.9027 18.3096 6
      vertex 16.3093 19.1097 6
    endloop
  endfacet
  facet normal -0 0 1
    outer loop
      vertex 11.2368 -1.01503 6
      vertex 25.2871 -2.94639 6
      vertex 11.3304 -0.888912 6
    endloop
  endfacet
  facet normal 0 0 1
    outer loop
      vertex 4.63806 3.80636 6
      vertex 16.3093 19.1097 6
      vertex 15.7972 19.9641 6
    endloop
  endfacet
  facet normal 0 0 1
    outer loop
      vertex 25.2871 -2.94639 6
      vertex 11.2368 -1.01503 6
      vertex 25.6226 -3.88424 6
    endloop
  endfacet
  facet normal 0 0 1
    outer loop
      vertex 4.63806 3.80636 6
      vertex 15.7972 19.9641 6
      vertex 15.3714 20.8645 6
    endloop
  endfacet
  facet normal -0 0 1
    outer loop
      vertex 11.1314 -1.13137 6
      vertex 25.6226 -3.88424 6
      vertex 11.2368 -1.01503 6
    endloop
  endfacet
  facet normal 0 0 1
    outer loop
      vertex 4.63806 3.80636 6
      vertex 15.3714 20.8645 6
      vertex 15.0358 21.8023 6
    endloop
  endfacet
  facet normal 0 0 1
    outer loop
      vertex 25.6226 -3.88424 6
      vertex 11.1314 -1.13137 6
      vertex 20.8645 -15.3714 6
    endloop
  endfacet
  facet normal 0 0 1
    outer loop
      vertex 4.63806 3.80636 6
      vertex 15.0358 21.8023 6
      vertex 14.7938 22.7686 6
    endloop
  endfacet
  facet normal -0 0 1
    outer loop
      vertex 11.015 -1.23682 6
      vertex 20.8645 -15.3714 6
      vertex 11.1314 -1.13137 6
    endloop
  endfacet
  facet normal -0 0 1
    outer loop
      vertex 8.9515 30.2153 6
      vertex 15.0358 27.6951 6
      vertex 9.37738 31.1158 6
    endloop
  endfacet
  facet normal 0 0 1
    outer loop
      vertex 20.8645 -15.3714 6
      vertex 11.015 -1.23682 6
      vertex 19.9641 -15.7972 6
    endloop
  endfacet
  facet normal 0 0 1
    outer loop
      vertex 15.3714 28.633 6
      vertex 9.37738 31.1158 6
      vertex 15.0358 27.6951 6
    endloop
  endfacet
  facet normal -0 0 1
    outer loop
      vertex 10.8889 -1.33035 6
      vertex 19.9641 -15.7972 6
      vertex 11.015 -1.23682 6
    endloop
  endfacet
  facet normal -0 0 1
    outer loop
      vertex 44.955 1.98017 6
      vertex 50 0 6
      vertex 49.7592 4.90086 6
    endloop
  endfacet
  facet normal 0 0 1
    outer loop
      vertex 43.9515 4.78468 6
      vertex 49.7592 4.90086 6
      vertex 49.0393 9.75452 6
    endloop
  endfacet
  facet normal 0 0 1
    outer loop
      vertex 50 0 6
      vertex 45.1011 0.994873 6
      vertex 45.15 0 6
    endloop
  endfacet
  facet normal 0 0 1
    outer loop
      vertex 41.4391 7.84606 6
      vertex 49.0393 9.75452 6
      vertex 47.847 14.5142 6
    endloop
  endfacet
  facet normal 0 0 1
    outer loop
      vertex 45.1011 -0.994873 6
      vertex 50 0 6
      vertex 45.15 0 6
    endloop
  endfacet
  facet normal 0 0 1
    outer loop
      vertex 38.8842 9.37738 6
      vertex 47.847 14.5142 6
      vertex 46.194 19.1342 6
    endloop
  endfacet
  facet normal 0 0 1
    outer loop
      vertex 44.955 -1.98017 6
      vertex 50 0 6
      vertex 45.1011 -0.994873 6
    endloop
  endfacet
  facet normal -0 0 1
    outer loop
      vertex 44.7129 -2.94639 6
      vertex 49.7592 -4.90086 6
      vertex 44.955 -1.98017 6
    endloop
  endfacet
  facet normal 0 0 1
    outer loop
      vertex 50 0 6
      vertex 44.955 -1.98017 6
      vertex 49.7592 -4.90086 6
    endloop
  endfacet
  facet normal 0 0 1
    outer loop
      vertex 50 0 6
      vertex 44.955 1.98017 6
      vertex 45.1011 0.994873 6
    endloop
  endfacet
  facet normal 0 0 1
    outer loop
      vertex 49.7592 4.90086 6
      vertex 44.7129 2.94639 6
      vertex 44.955 1.98017 6
    endloop
  endfacet
  facet normal 0 0 1
    outer loop
      vertex 49.7592 4.90086 6
      vertex 44.3774 3.88424 6
      vertex 44.7129 2.94639 6
    endloop
  endfacet
  facet normal -0 0 1
    outer loop
      vertex 34.1261 20.8645 6
      vertex 46.194 19.1342 6
      vertex 44.0961 23.5698 6
    endloop
  endfacet
  facet normal 0 0 1
    outer loop
      vertex 49.7592 4.90086 6
      vertex 43.9515 4.78468 6
      vertex 44.3774 3.88424 6
    endloop
  endfacet
  facet normal 0 0 1
    outer loop
      vertex 49.0393 9.75452 6
      vertex 43.4394 5.63904 6
      vertex 43.9515 4.78468 6
    endloop
  endfacet
  facet normal 0 0 1
    outer loop
      vertex 49.0393 9.75452 6
      vertex 42.8461 6.43909 6
      vertex 43.4394 5.63904 6
    endloop
  endfacet
  facet normal 0 0 1
    outer loop
      vertex 49.0393 9.75452 6
      vertex 42.1771 7.17713 6
      vertex 42.8461 6.43909 6
    endloop
  endfacet
  facet normal -0 0 1
    outer loop
      vertex 34.8499 23.7539 6
      vertex 44.0961 23.5698 6
      vertex 41.5735 27.7785 6
    endloop
  endfacet
  facet normal 0 0 1
    outer loop
      vertex 49.0393 9.75452 6
      vertex 41.4391 7.84606 6
      vertex 42.1771 7.17713 6
    endloop
  endfacet
  facet normal 0 0 1
    outer loop
      vertex 47.847 14.5142 6
      vertex 40.639 8.43942 6
      vertex 41.4391 7.84606 6
    endloop
  endfacet
  facet normal 0 0 1
    outer loop
      vertex 47.847 14.5142 6
      vertex 39.7847 8.9515 6
      vertex 40.639 8.43942 6
    endloop
  endfacet
  facet normal 0 0 1
    outer loop
      vertex 47.847 14.5142 6
      vertex 38.8842 9.37738 6
      vertex 39.7847 8.9515 6
    endloop
  endfacet
  facet normal 0 0 1
    outer loop
      vertex 34.4617 27.6951 6
      vertex 41.5735 27.7785 6
      vertex 38.6505 31.7197 6
    endloop
  endfacet
  facet normal 0 0 1
    outer loop
      vertex 44.0961 23.5698 6
      vertex 34.7037 22.7686 6
      vertex 34.4617 21.8023 6
    endloop
  endfacet
  facet normal 0 0 1
    outer loop
      vertex 34.1261 20.8645 6
      vertex 44.0961 23.5698 6
      vertex 34.4617 21.8023 6
    endloop
  endfacet
  facet normal 0 0 1
    outer loop
      vertex 46.194 19.1342 6
      vertex 34.1261 20.8645 6
      vertex 33.7002 19.9641 6
    endloop
  endfacet
  facet normal 0 0 1
    outer loop
      vertex 33.1882 30.3878 6
      vertex 38.6505 31.7197 6
      vertex 35.3553 35.3553 6
    endloop
  endfacet
  facet normal 0 0 1
    outer loop
      vertex 41.5735 27.7785 6
      vertex 34.8987 24.7487 6
      vertex 34.8499 23.7539 6
    endloop
  endfacet
  facet normal 0 0 1
    outer loop
      vertex 44.0961 23.5698 6
      vertex 34.8499 23.7539 6
      vertex 34.7037 22.7686 6
    endloop
  endfacet
  facet normal 0 0 1
    outer loop
      vertex 41.5735 27.7785 6
      vertex 34.8499 25.7436 6
      vertex 34.8987 24.7487 6
    endloop
  endfacet
  facet normal 0 0 1
    outer loop
      vertex 41.5735 27.7785 6
      vertex 34.7037 26.7289 6
      vertex 34.8499 25.7436 6
    endloop
  endfacet
  facet normal 0 0 1
    outer loop
      vertex 41.5735 27.7785 6
      vertex 34.4617 27.6951 6
      vertex 34.7037 26.7289 6
    endloop
  endfacet
  facet normal 0 0 1
    outer loop
      vertex 38.6505 31.7197 6
      vertex 34.1261 28.633 6
      vertex 34.4617 27.6951 6
    endloop
  endfacet
  facet normal 0 0 1
    outer loop
      vertex 38.6505 31.7197 6
      vertex 33.7002 29.5334 6
      vertex 34.1261 28.633 6
    endloop
  endfacet
  facet normal 0 0 1
    outer loop
      vertex 38.6505 31.7197 6
      vertex 33.1882 30.3878 6
      vertex 33.7002 29.5334 6
    endloop
  endfacet
  facet normal 0 0 1
    outer loop
      vertex 35.3553 35.3553 6
      vertex 32.5948 31.1878 6
      vertex 33.1882 30.3878 6
    endloop
  endfacet
  facet normal 0 0 1
    outer loop
      vertex 35.3553 35.3553 6
      vertex 31.9259 31.9259 6
      vertex 32.5948 31.1878 6
    endloop
  endfacet
  facet normal 0 0 1
    outer loop
      vertex 30.3878 33.1882 6
      vertex 35.3553 35.3553 6
      vertex 31.7197 38.6505 6
    endloop
  endfacet
  facet normal 0 0 1
    outer loop
      vertex 35.3553 35.3553 6
      vertex 31.1878 32.5948 6
      vertex 31.9259 31.9259 6
    endloop
  endfacet
  facet normal 0 0 1
    outer loop
      vertex 35.3553 35.3553 6
      vertex 30.3878 33.1882 6
      vertex 31.1878 32.5948 6
    endloop
  endfacet
  facet normal 0 0 1
    outer loop
      vertex 31.7197 38.6505 6
      vertex 29.5334 33.7002 6
      vertex 30.3878 33.1882 6
    endloop
  endfacet
  facet normal 0 0 1
    outer loop
      vertex 31.7197 38.6505 6
      vertex 28.633 34.1261 6
      vertex 29.5334 33.7002 6
    endloop
  endfacet
  facet normal 0 0 1
    outer loop
      vertex 27.6951 34.4617 6
      vertex 31.7197 38.6505 6
      vertex 27.7785 41.5735 6
    endloop
  endfacet
  facet normal 0 0 1
    outer loop
      vertex 31.7197 38.6505 6
      vertex 27.6951 34.4617 6
      vertex 28.633 34.1261 6
    endloop
  endfacet
  facet normal 0 0 1
    outer loop
      vertex 27.7785 41.5735 6
      vertex 26.7289 34.7037 6
      vertex 27.6951 34.4617 6
    endloop
  endfacet
  facet normal 0 0 1
    outer loop
      vertex 27.7785 41.5735 6
      vertex 25.7436 34.8499 6
      vertex 26.7289 34.7037 6
    endloop
  endfacet
  facet normal 0 0 1
    outer loop
      vertex 27.7785 41.5735 6
      vertex 24.7487 34.8987 6
      vertex 25.7436 34.8499 6
    endloop
  endfacet
  facet normal 0 0 1
    outer loop
      vertex 27.7785 41.5735 6
      vertex 23.7539 34.8499 6
      vertex 24.7487 34.8987 6
    endloop
  endfacet
  facet normal 0 0 1
    outer loop
      vertex 23.5698 44.0961 6
      vertex 23.7539 34.8499 6
      vertex 27.7785 41.5735 6
    endloop
  endfacet
  facet normal 0 0 1
    outer loop
      vertex 23.5698 44.0961 6
      vertex 22.7686 34.7037 6
      vertex 23.7539 34.8499 6
    endloop
  endfacet
  facet normal 0 0 1
    outer loop
      vertex 23.5698 44.0961 6
      vertex 21.8023 34.4617 6
      vertex 22.7686 34.7037 6
    endloop
  endfacet
  facet normal 0 0 1
    outer loop
      vertex 23.5698 44.0961 6
      vertex 20.8645 34.1261 6
      vertex 21.8023 34.4617 6
    endloop
  endfacet
  facet normal 0 0 1
    outer loop
      vertex 19.1342 46.194 6
      vertex 20.8645 34.1261 6
      vertex 23.5698 44.0961 6
    endloop
  endfacet
  facet normal 0 0 1
    outer loop
      vertex 20.8645 34.1261 6
      vertex 19.1342 46.194 6
      vertex 19.9641 33.7002 6
    endloop
  endfacet
  facet normal 0 0 1
    outer loop
      vertex 19.1342 46.194 6
      vertex 19.1097 33.1882 6
      vertex 19.9641 33.7002 6
    endloop
  endfacet
  facet normal -0 0 1
    outer loop
      vertex 10.15 35 6
      vertex 19.1097 33.1882 6
      vertex 19.1342 46.194 6
    endloop
  endfacet
  facet normal 0 0 1
    outer loop
      vertex 19.1097 33.1882 6
      vertex 10.15 35 6
      vertex 18.3096 32.5948 6
    endloop
  endfacet
  facet normal 0 0 1
    outer loop
      vertex 18.3096 32.5948 6
      vertex 10.15 35 6
      vertex 17.5716 31.9259 6
    endloop
  endfacet
  facet normal 0 0 1
    outer loop
      vertex 17.5716 31.9259 6
      vertex 10.15 35 6
      vertex 16.9027 31.1878 6
    endloop
  endfacet
  facet normal -0 0 1
    outer loop
      vertex 10.1011 34.0051 6
      vertex 16.9027 31.1878 6
      vertex 10.15 35 6
    endloop
  endfacet
  facet normal 0 0 1
    outer loop
      vertex 16.9027 31.1878 6
      vertex 10.1011 34.0051 6
      vertex 16.3093 30.3878 6
    endloop
  endfacet
  facet normal -0 0 1
    outer loop
      vertex 9.95497 33.0198 6
      vertex 16.3093 30.3878 6
      vertex 10.1011 34.0051 6
    endloop
  endfacet
  facet normal 0 0 1
    outer loop
      vertex 16.3093 30.3878 6
      vertex 9.95497 33.0198 6
      vertex 15.7972 29.5334 6
    endloop
  endfacet
  facet normal -0 0 1
    outer loop
      vertex 9.37738 31.1158 6
      vertex 15.3714 28.633 6
      vertex 9.71294 32.0536 6
    endloop
  endfacet
  facet normal 0 0 1
    outer loop
      vertex 15.7972 29.5334 6
      vertex 9.71294 32.0536 6
      vertex 15.3714 28.633 6
    endloop
  endfacet
  facet normal -0 0 1
    outer loop
      vertex 9.71294 32.0536 6
      vertex 15.7972 29.5334 6
      vertex 9.95497 33.0198 6
    endloop
  endfacet
  facet normal 0 0 1
    outer loop
      vertex 10.15 35 6
      vertex 19.1342 46.194 6
      vertex 14.5142 47.847 6
    endloop
  endfacet
  facet normal -0 0 1
    outer loop
      vertex 44.3774 -3.88424 6
      vertex 49.7592 -4.90086 6
      vertex 44.7129 -2.94639 6
    endloop
  endfacet
  facet normal -0 0 1
    outer loop
      vertex 43.9515 -4.78468 6
      vertex 49.7592 -4.90086 6
      vertex 44.3774 -3.88424 6
    endloop
  endfacet
  facet normal 0 0 1
    outer loop
      vertex 49.7592 -4.90086 6
      vertex 43.9515 -4.78468 6
      vertex 49.0393 -9.75452 6
    endloop
  endfacet
  facet normal -0 0 1
    outer loop
      vertex 43.4394 -5.63904 6
      vertex 49.0393 -9.75452 6
      vertex 43.9515 -4.78468 6
    endloop
  endfacet
  facet normal -0 0 1
    outer loop
      vertex 42.8461 -6.43909 6
      vertex 49.0393 -9.75452 6
      vertex 43.4394 -5.63904 6
    endloop
  endfacet
  facet normal -0 0 1
    outer loop
      vertex 42.1771 -7.17713 6
      vertex 49.0393 -9.75452 6
      vertex 42.8461 -6.43909 6
    endloop
  endfacet
  facet normal -0 0 1
    outer loop
      vertex 41.4391 -7.84606 6
      vertex 49.0393 -9.75452 6
      vertex 42.1771 -7.17713 6
    endloop
  endfacet
  facet normal 0 0 1
    outer loop
      vertex 49.0393 -9.75452 6
      vertex 41.4391 -7.84606 6
      vertex 47.847 -14.5142 6
    endloop
  endfacet
  facet normal -0 0 1
    outer loop
      vertex 40.639 -8.43942 6
      vertex 47.847 -14.5142 6
      vertex 41.4391 -7.84606 6
    endloop
  endfacet
  facet normal -0 0 1
    outer loop
      vertex 39.7847 -8.9515 6
      vertex 47.847 -14.5142 6
      vertex 40.639 -8.43942 6
    endloop
  endfacet
  facet normal -0 0 1
    outer loop
      vertex 38.8842 -9.37738 6
      vertex 47.847 -14.5142 6
      vertex 39.7847 -8.9515 6
    endloop
  endfacet
  facet normal 0 0 1
    outer loop
      vertex 47.847 -14.5142 6
      vertex 38.8842 -9.37738 6
      vertex 46.194 -19.1342 6
    endloop
  endfacet
  facet normal -0 0 1
    outer loop
      vertex 37.9464 -9.71294 6
      vertex 46.194 -19.1342 6
      vertex 38.8842 -9.37738 6
    endloop
  endfacet
  facet normal -0 0 1
    outer loop
      vertex 36.9802 -9.95497 6
      vertex 46.194 -19.1342 6
      vertex 37.9464 -9.71294 6
    endloop
  endfacet
  facet normal -0 0 1
    outer loop
      vertex 34.8499 -23.7539 6
      vertex 41.5735 -27.7785 6
      vertex 44.0961 -23.5698 6
    endloop
  endfacet
  facet normal 0 0 1
    outer loop
      vertex 34.8499 -23.7539 6
      vertex 46.194 -19.1342 6
      vertex 36.9802 -9.95497 6
    endloop
  endfacet
  facet normal 0 0 1
    outer loop
      vertex 34.8499 -23.7539 6
      vertex 44.0961 -23.5698 6
      vertex 46.194 -19.1342 6
    endloop
  endfacet
  facet normal 0 0 1
    outer loop
      vertex 34.8499 -23.7539 6
      vertex 36.9802 -9.95497 6
      vertex 35.9949 -10.1011 6
    endloop
  endfacet
  facet normal -0 0 1
    outer loop
      vertex 34.8499 -25.7436 6
      vertex 41.5735 -27.7785 6
      vertex 34.8987 -24.7487 6
    endloop
  endfacet
  facet normal 0 0 1
    outer loop
      vertex 32.5948 -18.3096 6
      vertex 35.9949 -10.1011 6
      vertex 35 -10.15 6
    endloop
  endfacet
  facet normal -0 0 1
    outer loop
      vertex 34.7037 -26.7289 6
      vertex 41.5735 -27.7785 6
      vertex 34.8499 -25.7436 6
    endloop
  endfacet
  facet normal -0 0 1
    outer loop
      vertex 34.4617 -27.6951 6
      vertex 41.5735 -27.7785 6
      vertex 34.7037 -26.7289 6
    endloop
  endfacet
  facet normal 0 0 1
    outer loop
      vertex 41.5735 -27.7785 6
      vertex 34.4617 -27.6951 6
      vertex 38.6505 -31.7197 6
    endloop
  endfacet
  facet normal -0 0 1
    outer loop
      vertex 34.1261 -28.633 6
      vertex 38.6505 -31.7197 6
      vertex 34.4617 -27.6951 6
    endloop
  endfacet
  facet normal -0 0 1
    outer loop
      vertex 33.7002 -29.5334 6
      vertex 38.6505 -31.7197 6
      vertex 34.1261 -28.633 6
    endloop
  endfacet
  facet normal -0 0 1
    outer loop
      vertex 33.1882 -30.3878 6
      vertex 38.6505 -31.7197 6
      vertex 33.7002 -29.5334 6
    endloop
  endfacet
  facet normal 0 0 1
    outer loop
      vertex 38.6505 -31.7197 6
      vertex 33.1882 -30.3878 6
      vertex 35.3553 -35.3553 6
    endloop
  endfacet
  facet normal -0 0 1
    outer loop
      vertex 32.5948 -31.1878 6
      vertex 35.3553 -35.3553 6
      vertex 33.1882 -30.3878 6
    endloop
  endfacet
  facet normal -0 0 1
    outer loop
      vertex 31.9259 -31.9259 6
      vertex 35.3553 -35.3553 6
      vertex 32.5948 -31.1878 6
    endloop
  endfacet
  facet normal -0 0 1
    outer loop
      vertex 31.1878 -32.5948 6
      vertex 35.3553 -35.3553 6
      vertex 31.9259 -31.9259 6
    endloop
  endfacet
  facet normal -0 0 1
    outer loop
      vertex 30.3878 -33.1882 6
      vertex 35.3553 -35.3553 6
      vertex 31.1878 -32.5948 6
    endloop
  endfacet
  facet normal 0 0 1
    outer loop
      vertex 35.3553 -35.3553 6
      vertex 30.3878 -33.1882 6
      vertex 31.7197 -38.6505 6
    endloop
  endfacet
  facet normal -0 0 1
    outer loop
      vertex 29.5334 -33.7002 6
      vertex 31.7197 -38.6505 6
      vertex 30.3878 -33.1882 6
    endloop
  endfacet
  facet normal -0 0 1
    outer loop
      vertex 28.633 -34.1261 6
      vertex 31.7197 -38.6505 6
      vertex 29.5334 -33.7002 6
    endloop
  endfacet
  facet normal -0 0 1
    outer loop
      vertex 27.6951 -34.4617 6
      vertex 31.7197 -38.6505 6
      vertex 28.633 -34.1261 6
    endloop
  endfacet
  facet normal 0 0 1
    outer loop
      vertex 31.7197 -38.6505 6
      vertex 27.6951 -34.4617 6
      vertex 27.7785 -41.5735 6
    endloop
  endfacet
  facet normal -0 0 1
    outer loop
      vertex 26.7289 -34.7037 6
      vertex 27.7785 -41.5735 6
      vertex 27.6951 -34.4617 6
    endloop
  endfacet
  facet normal -0 0 1
    outer loop
      vertex 25.7436 -34.8499 6
      vertex 27.7785 -41.5735 6
      vertex 26.7289 -34.7037 6
    endloop
  endfacet
  facet normal -0 0 1
    outer loop
      vertex 24.7487 -34.8987 6
      vertex 27.7785 -41.5735 6
      vertex 25.7436 -34.8499 6
    endloop
  endfacet
  facet normal 0 0 1
    outer loop
      vertex 23.7539 -34.8499 6
      vertex 27.7785 -41.5735 6
      vertex 24.7487 -34.8987 6
    endloop
  endfacet
  facet normal 0 0 1
    outer loop
      vertex 23.7539 -34.8499 6
      vertex 23.5698 -44.0961 6
      vertex 27.7785 -41.5735 6
    endloop
  endfacet
  facet normal 0 0 1
    outer loop
      vertex 22.7686 -34.7037 6
      vertex 23.5698 -44.0961 6
      vertex 23.7539 -34.8499 6
    endloop
  endfacet
  facet normal 0 0 1
    outer loop
      vertex 21.8023 -34.4617 6
      vertex 23.5698 -44.0961 6
      vertex 22.7686 -34.7037 6
    endloop
  endfacet
  facet normal 0 0 1
    outer loop
      vertex 20.8645 -34.1261 6
      vertex 23.5698 -44.0961 6
      vertex 21.8023 -34.4617 6
    endloop
  endfacet
  facet normal 0 0 1
    outer loop
      vertex 19.1342 -46.194 6
      vertex 20.8645 -34.1261 6
      vertex 19.9641 -33.7002 6
    endloop
  endfacet
  facet normal 0 0 1
    outer loop
      vertex 20.8645 -34.1261 6
      vertex 19.1342 -46.194 6
      vertex 23.5698 -44.0961 6
    endloop
  endfacet
  facet normal 0 0 1
    outer loop
      vertex 19.1097 -33.1882 6
      vertex 19.1342 -46.194 6
      vertex 19.9641 -33.7002 6
    endloop
  endfacet
  facet normal 0 0 1
    outer loop
      vertex 14.5142 -47.847 6
      vertex 19.1097 -33.1882 6
      vertex 18.3096 -32.5948 6
    endloop
  endfacet
  facet normal 0 0 1
    outer loop
      vertex 14.5142 -47.847 6
      vertex 18.3096 -32.5948 6
      vertex 17.5716 -31.9259 6
    endloop
  endfacet
  facet normal 0 0 1
    outer loop
      vertex 14.5142 -47.847 6
      vertex 17.5716 -31.9259 6
      vertex 16.9027 -31.1878 6
    endloop
  endfacet
  facet normal 0 0 1
    outer loop
      vertex 14.5142 -47.847 6
      vertex 16.9027 -31.1878 6
      vertex 16.3093 -30.3878 6
    endloop
  endfacet
  facet normal 0 0 1
    outer loop
      vertex 14.5142 -47.847 6
      vertex 16.3093 -30.3878 6
      vertex 15.7972 -29.5334 6
    endloop
  endfacet
  facet normal 0 0 1
    outer loop
      vertex 14.5142 -47.847 6
      vertex 15.7972 -29.5334 6
      vertex 15.3714 -28.633 6
    endloop
  endfacet
  facet normal 0 0 1
    outer loop
      vertex 14.5142 -47.847 6
      vertex 15.3714 -28.633 6
      vertex 15.0358 -27.6951 6
    endloop
  endfacet
  facet normal 0 0 1
    outer loop
      vertex 14.5142 -47.847 6
      vertex 15.0358 -27.6951 6
      vertex 14.7938 -26.7289 6
    endloop
  endfacet
  facet normal 0 0 1
    outer loop
      vertex 19.1097 -33.1882 6
      vertex 14.5142 -47.847 6
      vertex 19.1342 -46.194 6
    endloop
  endfacet
  facet normal 0 0 1
    outer loop
      vertex 14.6476 -25.7436 6
      vertex 14.5142 -47.847 6
      vertex 14.7938 -26.7289 6
    endloop
  endfacet
  facet normal 0 0 1
    outer loop
      vertex 14.5987 -24.7487 6
      vertex 14.5142 -47.847 6
      vertex 14.6476 -25.7436 6
    endloop
  endfacet
  facet normal 0 0 1
    outer loop
      vertex 19.9641 -15.7972 6
      vertex 10.8889 -1.33035 6
      vertex 19.1097 -16.3093 6
    endloop
  endfacet
  facet normal -0 0 1
    outer loop
      vertex 10.7542 -1.41107 6
      vertex 19.1097 -16.3093 6
      vertex 10.8889 -1.33035 6
    endloop
  endfacet
  facet normal 0 0 1
    outer loop
      vertex 24.85 0 6
      vertex 11.5923 0.156827 6
      vertex 11.6 0 6
    endloop
  endfacet
  facet normal 0 0 1
    outer loop
      vertex 24.8989 0.994873 6
      vertex 11.5923 0.156827 6
      vertex 24.85 0 6
    endloop
  endfacet
  facet normal 0 -0 1
    outer loop
      vertex 11.5923 0.156827 6
      vertex 24.8989 0.994873 6
      vertex 11.5693 0.312144 6
    endloop
  endfacet
  facet normal 0 0 1
    outer loop
      vertex 15.0358 27.6951 6
      vertex 8.9515 30.2153 6
      vertex 14.7938 26.7289 6
    endloop
  endfacet
  facet normal 0 -0 1
    outer loop
      vertex 11.5693 0.312144 6
      vertex 24.8989 0.994873 6
      vertex 11.5311 0.464455 6
    endloop
  endfacet
  facet normal 0 0 1
    outer loop
      vertex 25.045 1.98017 6
      vertex 11.5311 0.464455 6
      vertex 24.8989 0.994873 6
    endloop
  endfacet
  facet normal 0 -0 1
    outer loop
      vertex 11.5311 0.464455 6
      vertex 25.045 1.98017 6
      vertex 11.4782 0.612293 6
    endloop
  endfacet
  facet normal 0 -0 1
    outer loop
      vertex 11.4782 0.612293 6
      vertex 25.045 1.98017 6
      vertex 11.4111 0.754234 6
    endloop
  endfacet
  facet normal 0 0 1
    outer loop
      vertex 25.6226 3.88424 6
      vertex 11.2368 1.01503 6
      vertex 25.2871 2.94639 6
    endloop
  endfacet
  facet normal 0 0 1
    outer loop
      vertex 20.8645 15.3714 6
      vertex 11.015 1.23682 6
      vertex 11.1314 1.13137 6
    endloop
  endfacet
  facet normal 0 0 1
    outer loop
      vertex 19.9641 15.7972 6
      vertex 10.8889 1.33035 6
      vertex 11.015 1.23682 6
    endloop
  endfacet
  facet normal 0 0 1
    outer loop
      vertex 19.1097 16.3093 6
      vertex 10.7542 1.41107 6
      vertex 10.8889 1.33035 6
    endloop
  endfacet
  facet normal 0 0 1
    outer loop
      vertex 19.1097 16.3093 6
      vertex 10.6123 1.47821 6
      vertex 10.7542 1.41107 6
    endloop
  endfacet
  facet normal 0 0 1
    outer loop
      vertex 18.3096 16.9027 6
      vertex 10.4645 1.5311 6
      vertex 10.6123 1.47821 6
    endloop
  endfacet
  facet normal 0 0 1
    outer loop
      vertex 18.3096 16.9027 6
      vertex 10.3121 1.56926 6
      vertex 10.4645 1.5311 6
    endloop
  endfacet
  facet normal 0 0 1
    outer loop
      vertex 17.5716 17.5716 6
      vertex 10.1568 1.59229 6
      vertex 10.3121 1.56926 6
    endloop
  endfacet
  facet normal 0 0 1
    outer loop
      vertex 14.5142 47.847 6
      vertex 10.1011 35.9949 6
      vertex 10.15 35 6
    endloop
  endfacet
  facet normal 0 0 1
    outer loop
      vertex 14.5142 47.847 6
      vertex 9.95497 36.9802 6
      vertex 10.1011 35.9949 6
    endloop
  endfacet
  facet normal 0 0 1
    outer loop
      vertex 7.84606 41.4391 6
      vertex 14.5142 47.847 6
      vertex 9.75452 49.0393 6
    endloop
  endfacet
  facet normal 0 0 1
    outer loop
      vertex 14.5142 47.847 6
      vertex 9.71294 37.9464 6
      vertex 9.95497 36.9802 6
    endloop
  endfacet
  facet normal 0 0 1
    outer loop
      vertex 14.5142 47.847 6
      vertex 9.37738 38.8842 6
      vertex 9.71294 37.9464 6
    endloop
  endfacet
  facet normal 0 0 1
    outer loop
      vertex 14.5142 47.847 6
      vertex 8.9515 39.7847 6
      vertex 9.37738 38.8842 6
    endloop
  endfacet
  facet normal 0 0 1
    outer loop
      vertex 14.5142 47.847 6
      vertex 8.43942 40.639 6
      vertex 8.9515 39.7847 6
    endloop
  endfacet
  facet normal 0 0 1
    outer loop
      vertex 14.5142 47.847 6
      vertex 7.84606 41.4391 6
      vertex 8.43942 40.639 6
    endloop
  endfacet
  facet normal 0 0 1
    outer loop
      vertex 9.75452 49.0393 6
      vertex 7.17713 42.1771 6
      vertex 7.84606 41.4391 6
    endloop
  endfacet
  facet normal 0 0 1
    outer loop
      vertex 9.75452 49.0393 6
      vertex 6.43909 42.8461 6
      vertex 7.17713 42.1771 6
    endloop
  endfacet
  facet normal 0 0 1
    outer loop
      vertex 9.75452 49.0393 6
      vertex 5.63904 43.4394 6
      vertex 6.43909 42.8461 6
    endloop
  endfacet
  facet normal 0 0 1
    outer loop
      vertex 4.78468 43.9515 6
      vertex 9.75452 49.0393 6
      vertex 4.90086 49.7592 6
    endloop
  endfacet
  facet normal 0 0 1
    outer loop
      vertex 9.75452 49.0393 6
      vertex 4.78468 43.9515 6
      vertex 5.63904 43.4394 6
    endloop
  endfacet
  facet normal 0 0 1
    outer loop
      vertex 4.90086 49.7592 6
      vertex 3.88424 44.3774 6
      vertex 4.78468 43.9515 6
    endloop
  endfacet
  facet normal 0 0 1
    outer loop
      vertex 4.90086 49.7592 6
      vertex 2.94639 44.7129 6
      vertex 3.88424 44.3774 6
    endloop
  endfacet
  facet normal 0 0 1
    outer loop
      vertex 4.90086 49.7592 6
      vertex 1.98017 44.955 6
      vertex 2.94639 44.7129 6
    endloop
  endfacet
  facet normal 0 0 1
    outer loop
      vertex 0 50 6
      vertex 1.98017 44.955 6
      vertex 4.90086 49.7592 6
    endloop
  endfacet
  facet normal 0 0 1
    outer loop
      vertex 1.98017 44.955 6
      vertex 0 50 6
      vertex 0.994873 45.1011 6
    endloop
  endfacet
  facet normal 0 0 1
    outer loop
      vertex 0 50 6
      vertex 0 45.15 6
      vertex 0.994873 45.1011 6
    endloop
  endfacet
  facet normal 0 0 1
    outer loop
      vertex 0 50 6
      vertex -0.994873 45.1011 6
      vertex 0 45.15 6
    endloop
  endfacet
  facet normal 0 0 1
    outer loop
      vertex 0 50 6
      vertex -1.98017 44.955 6
      vertex -0.994873 45.1011 6
    endloop
  endfacet
  facet normal -0 0 1
    outer loop
      vertex -4.90086 49.7592 6
      vertex -1.98017 44.955 6
      vertex 0 50 6
    endloop
  endfacet
  facet normal 0 0 1
    outer loop
      vertex -1.98017 44.955 6
      vertex -4.90086 49.7592 6
      vertex -2.94639 44.7129 6
    endloop
  endfacet
  facet normal 0 0 1
    outer loop
      vertex -2.94639 44.7129 6
      vertex -4.90086 49.7592 6
      vertex -3.88424 44.3774 6
    endloop
  endfacet
  facet normal 0 0 1
    outer loop
      vertex -3.88424 44.3774 6
      vertex -4.90086 49.7592 6
      vertex -4.78468 43.9515 6
    endloop
  endfacet
  facet normal -0 0 1
    outer loop
      vertex -9.75452 49.0393 6
      vertex -4.78468 43.9515 6
      vertex -4.90086 49.7592 6
    endloop
  endfacet
  facet normal 0 0 1
    outer loop
      vertex -4.78468 43.9515 6
      vertex -9.75452 49.0393 6
      vertex -5.63904 43.4394 6
    endloop
  endfacet
  facet normal 0 0 1
    outer loop
      vertex -5.63904 43.4394 6
      vertex -9.75452 49.0393 6
      vertex -6.43909 42.8461 6
    endloop
  endfacet
  facet normal 0 0 1
    outer loop
      vertex -6.43909 42.8461 6
      vertex -9.75452 49.0393 6
      vertex -7.17713 42.1771 6
    endloop
  endfacet
  facet normal 0 0 1
    outer loop
      vertex -7.17713 42.1771 6
      vertex -9.75452 49.0393 6
      vertex -7.84606 41.4391 6
    endloop
  endfacet
  facet normal -0 0 1
    outer loop
      vertex -14.5142 47.847 6
      vertex -7.84606 41.4391 6
      vertex -9.75452 49.0393 6
    endloop
  endfacet
  facet normal 0 0 1
    outer loop
      vertex -7.84606 41.4391 6
      vertex -14.5142 47.847 6
      vertex -8.43942 40.639 6
    endloop
  endfacet
  facet normal 0 0 1
    outer loop
      vertex -8.43942 40.639 6
      vertex -14.5142 47.847 6
      vertex -8.9515 39.7847 6
    endloop
  endfacet
  facet normal 0 0 1
    outer loop
      vertex -8.9515 39.7847 6
      vertex -14.5142 47.847 6
      vertex -9.37738 38.8842 6
    endloop
  endfacet
  facet normal 0 0 1
    outer loop
      vertex -9.37738 38.8842 6
      vertex -14.5142 47.847 6
      vertex -9.71294 37.9464 6
    endloop
  endfacet
  facet normal 0 0 1
    outer loop
      vertex -9.71294 37.9464 6
      vertex -14.5142 47.847 6
      vertex -9.95497 36.9802 6
    endloop
  endfacet
  facet normal 0 0 1
    outer loop
      vertex -9.95497 36.9802 6
      vertex -14.5142 47.847 6
      vertex -10.1011 35.9949 6
    endloop
  endfacet
  facet normal 0 0 1
    outer loop
      vertex -6.43909 27.1539 6
      vertex -15.7972 19.9641 6
      vertex -9.38771 1.47821 6
    endloop
  endfacet
  facet normal 0 0 1
    outer loop
      vertex -9.38771 1.47821 6
      vertex -15.7972 19.9641 6
      vertex -9.53554 1.5311 6
    endloop
  endfacet
  facet normal -0 0 1
    outer loop
      vertex -16.3093 19.1097 6
      vertex -9.53554 1.5311 6
      vertex -15.7972 19.9641 6
    endloop
  endfacet
  facet normal 0 0 1
    outer loop
      vertex -9.53554 1.5311 6
      vertex -16.3093 19.1097 6
      vertex -9.68785 1.56926 6
    endloop
  endfacet
  facet normal -0 0 1
    outer loop
      vertex -16.9027 18.3096 6
      vertex -9.68785 1.56926 6
      vertex -16.3093 19.1097 6
    endloop
  endfacet
  facet normal 0 0 1
    outer loop
      vertex -9.68785 1.56926 6
      vertex -16.9027 18.3096 6
      vertex -9.84317 1.59229 6
    endloop
  endfacet
  facet normal 0 0 1
    outer loop
      vertex -9.84317 1.59229 6
      vertex -16.9027 18.3096 6
      vertex -10 1.6 6
    endloop
  endfacet
  facet normal 0 0 1
    outer loop
      vertex -10.1011 35.9949 6
      vertex -14.5142 47.847 6
      vertex -10.15 35 6
    endloop
  endfacet
  facet normal 0 0 1
    outer loop
      vertex -14.5987 24.7487 6
      vertex -10.15 35 6
      vertex -14.5142 47.847 6
    endloop
  endfacet
  facet normal -0 0 1
    outer loop
      vertex -17.5716 17.5716 6
      vertex -10 1.6 6
      vertex -16.9027 18.3096 6
    endloop
  endfacet
  facet normal 0 0 1
    outer loop
      vertex -10 1.6 6
      vertex -17.5716 17.5716 6
      vertex -10.1568 1.59229 6
    endloop
  endfacet
  facet normal 0 0 1
    outer loop
      vertex -10.1568 1.59229 6
      vertex -17.5716 17.5716 6
      vertex -10.3121 1.56926 6
    endloop
  endfacet
  facet normal -0 0 1
    outer loop
      vertex -18.3096 16.9027 6
      vertex -10.3121 1.56926 6
      vertex -17.5716 17.5716 6
    endloop
  endfacet
  facet normal 0 0 1
    outer loop
      vertex -10.3121 1.56926 6
      vertex -18.3096 16.9027 6
      vertex -10.4645 1.5311 6
    endloop
  endfacet
  facet normal 0 0 1
    outer loop
      vertex -10.4645 1.5311 6
      vertex -18.3096 16.9027 6
      vertex -10.6123 1.47821 6
    endloop
  endfacet
  facet normal -0 0 1
    outer loop
      vertex -19.1097 16.3093 6
      vertex -10.6123 1.47821 6
      vertex -18.3096 16.9027 6
    endloop
  endfacet
  facet normal 0 0 1
    outer loop
      vertex -10.6123 1.47821 6
      vertex -19.1097 16.3093 6
      vertex -10.7542 1.41107 6
    endloop
  endfacet
  facet normal 0 0 1
    outer loop
      vertex 46.194 19.1342 6
      vertex 37.9464 9.71294 6
      vertex 38.8842 9.37738 6
    endloop
  endfacet
  facet normal 0 0 1
    outer loop
      vertex 46.194 19.1342 6
      vertex 33.7002 19.9641 6
      vertex 37.9464 9.71294 6
    endloop
  endfacet
  facet normal 0 0 1
    outer loop
      vertex 37.9464 9.71294 6
      vertex 33.7002 19.9641 6
      vertex 36.9802 9.95497 6
    endloop
  endfacet
  facet normal -0 0 1
    outer loop
      vertex 33.1882 19.1097 6
      vertex 36.9802 9.95497 6
      vertex 33.7002 19.9641 6
    endloop
  endfacet
  facet normal 0 0 1
    outer loop
      vertex 36.9802 9.95497 6
      vertex 33.1882 19.1097 6
      vertex 35.9949 10.1011 6
    endloop
  endfacet
  facet normal -0 0 1
    outer loop
      vertex 32.5948 18.3096 6
      vertex 35.9949 10.1011 6
      vertex 33.1882 19.1097 6
    endloop
  endfacet
  facet normal 0 0 1
    outer loop
      vertex 35.9949 10.1011 6
      vertex 32.5948 18.3096 6
      vertex 35 10.15 6
    endloop
  endfacet
  facet normal -0 0 1
    outer loop
      vertex 31.9259 17.5716 6
      vertex 35 10.15 6
      vertex 32.5948 18.3096 6
    endloop
  endfacet
  facet normal 0 0 1
    outer loop
      vertex 35 10.15 6
      vertex 31.9259 17.5716 6
      vertex 34.0051 10.1011 6
    endloop
  endfacet
  facet normal -0 0 1
    outer loop
      vertex 31.1878 16.9027 6
      vertex 34.0051 10.1011 6
      vertex 31.9259 17.5716 6
    endloop
  endfacet
  facet normal 0 0 1
    outer loop
      vertex 34.0051 10.1011 6
      vertex 31.1878 16.9027 6
      vertex 33.0198 9.95497 6
    endloop
  endfacet
  facet normal -0 0 1
    outer loop
      vertex 30.3878 16.3093 6
      vertex 33.0198 9.95497 6
      vertex 31.1878 16.9027 6
    endloop
  endfacet
  facet normal 0 0 1
    outer loop
      vertex 33.0198 9.95497 6
      vertex 30.3878 16.3093 6
      vertex 32.0536 9.71294 6
    endloop
  endfacet
  facet normal -0 0 1
    outer loop
      vertex 29.5334 15.7972 6
      vertex 32.0536 9.71294 6
      vertex 30.3878 16.3093 6
    endloop
  endfacet
  facet normal 0 0 1
    outer loop
      vertex 32.0536 9.71294 6
      vertex 29.5334 15.7972 6
      vertex 31.1158 9.37738 6
    endloop
  endfacet
  facet normal -0 0 1
    outer loop
      vertex 28.633 15.3714 6
      vertex 31.1158 9.37738 6
      vertex 29.5334 15.7972 6
    endloop
  endfacet
  facet normal 0 0 1
    outer loop
      vertex 31.1158 9.37738 6
      vertex 28.633 15.3714 6
      vertex 30.2153 8.9515 6
    endloop
  endfacet
  facet normal -0 0 1
    outer loop
      vertex 27.6951 15.0358 6
      vertex 30.2153 8.9515 6
      vertex 28.633 15.3714 6
    endloop
  endfacet
  facet normal 0 0 1
    outer loop
      vertex 30.2153 8.9515 6
      vertex 27.6951 15.0358 6
      vertex 29.361 8.43942 6
    endloop
  endfacet
  facet normal -0 0 1
    outer loop
      vertex 26.7289 14.7938 6
      vertex 29.361 8.43942 6
      vertex 27.6951 15.0358 6
    endloop
  endfacet
  facet normal 0 0 1
    outer loop
      vertex 29.361 8.43942 6
      vertex 26.7289 14.7938 6
      vertex 28.5609 7.84606 6
    endloop
  endfacet
  facet normal -0 0 1
    outer loop
      vertex 25.7436 14.6476 6
      vertex 28.5609 7.84606 6
      vertex 26.7289 14.7938 6
    endloop
  endfacet
  facet normal 0 0 1
    outer loop
      vertex 28.5609 7.84606 6
      vertex 25.7436 14.6476 6
      vertex 27.8229 7.17713 6
    endloop
  endfacet
  facet normal -0 0 1
    outer loop
      vertex 24.7487 14.5987 6
      vertex 27.8229 7.17713 6
      vertex 25.7436 14.6476 6
    endloop
  endfacet
  facet normal 0 0 1
    outer loop
      vertex 27.8229 7.17713 6
      vertex 24.7487 14.5987 6
      vertex 27.1539 6.43909 6
    endloop
  endfacet
  facet normal 0 0 1
    outer loop
      vertex 23.7539 14.6476 6
      vertex 27.1539 6.43909 6
      vertex 24.7487 14.5987 6
    endloop
  endfacet
  facet normal 0 0 1
    outer loop
      vertex 27.1539 6.43909 6
      vertex 23.7539 14.6476 6
      vertex 26.5606 5.63904 6
    endloop
  endfacet
  facet normal 0 0 1
    outer loop
      vertex 22.7686 14.7938 6
      vertex 26.5606 5.63904 6
      vertex 23.7539 14.6476 6
    endloop
  endfacet
  facet normal 0 0 1
    outer loop
      vertex 26.5606 5.63904 6
      vertex 22.7686 14.7938 6
      vertex 26.0485 4.78468 6
    endloop
  endfacet
  facet normal 0 0 1
    outer loop
      vertex 21.8023 15.0358 6
      vertex 26.0485 4.78468 6
      vertex 22.7686 14.7938 6
    endloop
  endfacet
  facet normal 0 0 1
    outer loop
      vertex 20.8645 15.3714 6
      vertex 25.6226 3.88424 6
      vertex 21.8023 15.0358 6
    endloop
  endfacet
  facet normal 0 0 1
    outer loop
      vertex 26.0485 4.78468 6
      vertex 21.8023 15.0358 6
      vertex 25.6226 3.88424 6
    endloop
  endfacet
  facet normal -0.998795 0.049075 0
    outer loop
      vertex -50 0 0
      vertex -49.7592 4.90086 6
      vertex -49.7592 4.90086 0
    endloop
  endfacet
  facet normal -0.998795 0.049075 0
    outer loop
      vertex -49.7592 4.90086 6
      vertex -50 0 0
      vertex -50 0 6
    endloop
  endfacet
  facet normal -0.336879 -0.941548 0
    outer loop
      vertex -19.1342 -46.194 0
      vertex -14.5142 -47.847 6
      vertex -19.1342 -46.194 6
    endloop
  endfacet
  facet normal -0.336879 -0.941548 -0
    outer loop
      vertex -14.5142 -47.847 6
      vertex -19.1342 -46.194 0
      vertex -14.5142 -47.847 0
    endloop
  endfacet
  facet normal 0.671568 -0.740943 0
    outer loop
      vertex 31.7197 -38.6505 0
      vertex 35.3553 -35.3553 6
      vertex 31.7197 -38.6505 6
    endloop
  endfacet
  facet normal 0.671568 -0.740943 0
    outer loop
      vertex 35.3553 -35.3553 6
      vertex 31.7197 -38.6505 0
      vertex 35.3553 -35.3553 0
    endloop
  endfacet
  facet normal -0.146736 -0.989176 0
    outer loop
      vertex 0.588102 5.97111 0
      vertex 1.17054 5.88471 6
      vertex 0.588102 5.97111 6
    endloop
  endfacet
  facet normal -0.146736 -0.989176 -0
    outer loop
      vertex 1.17054 5.88471 6
      vertex 0.588102 5.97111 0
      vertex 1.17054 5.88471 0
    endloop
  endfacet
  facet normal -0.989176 -0.146736 0
    outer loop
      vertex 5.97111 0.588102 0
      vertex 5.88471 1.17054 6
      vertex 5.88471 1.17054 0
    endloop
  endfacet
  facet normal -0.989176 -0.146736 0
    outer loop
      vertex 5.88471 1.17054 6
      vertex 5.97111 0.588102 0
      vertex 5.97111 0.588102 6
    endloop
  endfacet
  facet normal -0.998796 -0.049065 0
    outer loop
      vertex 6 0 0
      vertex 5.97111 0.588102 6
      vertex 5.97111 0.588102 0
    endloop
  endfacet
  facet normal -0.998796 -0.049065 0
    outer loop
      vertex 5.97111 0.588102 6
      vertex 6 0 0
      vertex 6 0 6
    endloop
  endfacet
  facet normal -0.970032 -0.242979 0
    outer loop
      vertex 5.88471 1.17054 0
      vertex 5.74164 1.74171 6
      vertex 5.74164 1.74171 0
    endloop
  endfacet
  facet normal -0.970032 -0.242979 0
    outer loop
      vertex 5.74164 1.74171 6
      vertex 5.88471 1.17054 0
      vertex 5.88471 1.17054 6
    endloop
  endfacet
  facet normal -0.336884 0.941546 0
    outer loop
      vertex 2.2961 -5.54328 0
      vertex 1.74171 -5.74164 6
      vertex 2.2961 -5.54328 6
    endloop
  endfacet
  facet normal -0.336884 0.941546 0
    outer loop
      vertex 1.74171 -5.74164 6
      vertex 2.2961 -5.54328 0
      vertex 1.74171 -5.74164 0
    endloop
  endfacet
  facet normal -0.903989 0.427556 0
    outer loop
      vertex 5.29153 -2.82838 0
      vertex 5.54328 -2.2961 6
      vertex 5.54328 -2.2961 0
    endloop
  endfacet
  facet normal -0.903989 0.427556 0
    outer loop
      vertex 5.54328 -2.2961 6
      vertex 5.29153 -2.82838 0
      vertex 5.29153 -2.82838 6
    endloop
  endfacet
  facet normal 0.336884 0.941546 -0
    outer loop
      vertex -1.74171 -5.74164 0
      vertex -2.2961 -5.54328 6
      vertex -1.74171 -5.74164 6
    endloop
  endfacet
  facet normal 0.336884 0.941546 0
    outer loop
      vertex -2.2961 -5.54328 6
      vertex -1.74171 -5.74164 0
      vertex -2.2961 -5.54328 0
    endloop
  endfacet
  facet normal -0.671558 -0.740952 0
    outer loop
      vertex 3.80636 4.63806 0
      vertex 4.24264 4.24264 6
      vertex 3.80636 4.63806 6
    endloop
  endfacet
  facet normal -0.671558 -0.740952 -0
    outer loop
      vertex 4.24264 4.24264 6
      vertex 3.80636 4.63806 0
      vertex 4.24264 4.24264 0
    endloop
  endfacet
  facet normal 0.740952 -0.671558 0
    outer loop
      vertex -4.63806 3.80636 6
      vertex -4.24264 4.24264 0
      vertex -4.24264 4.24264 6
    endloop
  endfacet
  facet normal 0.740952 -0.671558 0
    outer loop
      vertex -4.24264 4.24264 0
      vertex -4.63806 3.80636 6
      vertex -4.63806 3.80636 0
    endloop
  endfacet
  facet normal 0.146736 0.989176 -0
    outer loop
      vertex -0.588102 -5.97111 0
      vertex -1.17054 -5.88471 6
      vertex -0.588102 -5.97111 6
    endloop
  endfacet
  facet normal 0.146736 0.989176 0
    outer loop
      vertex -1.17054 -5.88471 6
      vertex -0.588102 -5.97111 0
      vertex -1.17054 -5.88471 0
    endloop
  endfacet
  facet normal -0.941546 -0.336884 0
    outer loop
      vertex 5.74164 1.74171 0
      vertex 5.54328 2.2961 6
      vertex 5.54328 2.2961 0
    endloop
  endfacet
  facet normal -0.941546 -0.336884 0
    outer loop
      vertex 5.54328 2.2961 6
      vertex 5.74164 1.74171 0
      vertex 5.74164 1.74171 6
    endloop
  endfacet
  facet normal 0.049065 -0.998796 0
    outer loop
      vertex -0.588102 5.97111 0
      vertex 0 6 6
      vertex -0.588102 5.97111 6
    endloop
  endfacet
  facet normal 0.049065 -0.998796 0
    outer loop
      vertex 0 6 6
      vertex -0.588102 5.97111 0
      vertex 0 6 0
    endloop
  endfacet
  facet normal -0.803204 -0.595703 0
    outer loop
      vertex 4.98882 3.33342 0
      vertex 4.63806 3.80636 6
      vertex 4.63806 3.80636 0
    endloop
  endfacet
  facet normal -0.803204 -0.595703 0
    outer loop
      vertex 4.63806 3.80636 6
      vertex 4.98882 3.33342 0
      vertex 4.98882 3.33342 6
    endloop
  endfacet
  facet normal -0.049065 0.998796 0
    outer loop
      vertex 0.588102 -5.97111 0
      vertex 0 -6 6
      vertex 0.588102 -5.97111 6
    endloop
  endfacet
  facet normal -0.049065 0.998796 0
    outer loop
      vertex 0 -6 6
      vertex 0.588102 -5.97111 0
      vertex 0 -6 0
    endloop
  endfacet
  facet normal -0.049065 -0.998796 0
    outer loop
      vertex 0 6 0
      vertex 0.588102 5.97111 6
      vertex 0 6 6
    endloop
  endfacet
  facet normal -0.049065 -0.998796 -0
    outer loop
      vertex 0.588102 5.97111 6
      vertex 0 6 0
      vertex 0.588102 5.97111 0
    endloop
  endfacet
  facet normal -0.857728 0.514104 0
    outer loop
      vertex 4.98882 -3.33342 0
      vertex 5.29153 -2.82838 6
      vertex 5.29153 -2.82838 0
    endloop
  endfacet
  facet normal -0.857728 0.514104 0
    outer loop
      vertex 5.29153 -2.82838 6
      vertex 4.98882 -3.33342 0
      vertex 4.98882 -3.33342 6
    endloop
  endfacet
  facet normal 0.595703 0.803204 -0
    outer loop
      vertex -3.33342 -4.98882 0
      vertex -3.80636 -4.63806 6
      vertex -3.33342 -4.98882 6
    endloop
  endfacet
  facet normal 0.595703 0.803204 0
    outer loop
      vertex -3.80636 -4.63806 6
      vertex -3.33342 -4.98882 0
      vertex -3.80636 -4.63806 0
    endloop
  endfacet
  facet normal 0.857728 -0.514104 0
    outer loop
      vertex -5.29153 2.82838 6
      vertex -4.98882 3.33342 0
      vertex -4.98882 3.33342 6
    endloop
  endfacet
  facet normal 0.857728 -0.514104 0
    outer loop
      vertex -4.98882 3.33342 0
      vertex -5.29153 2.82838 6
      vertex -5.29153 2.82838 0
    endloop
  endfacet
  facet normal 0.242979 0.970032 -0
    outer loop
      vertex -1.17054 -5.88471 0
      vertex -1.74171 -5.74164 6
      vertex -1.17054 -5.88471 6
    endloop
  endfacet
  facet normal 0.242979 0.970032 0
    outer loop
      vertex -1.74171 -5.74164 6
      vertex -1.17054 -5.88471 0
      vertex -1.74171 -5.74164 0
    endloop
  endfacet
  facet normal -0.857728 -0.514104 0
    outer loop
      vertex 5.29153 2.82838 0
      vertex 4.98882 3.33342 6
      vertex 4.98882 3.33342 0
    endloop
  endfacet
  facet normal -0.857728 -0.514104 0
    outer loop
      vertex 4.98882 3.33342 6
      vertex 5.29153 2.82838 0
      vertex 5.29153 2.82838 6
    endloop
  endfacet
  facet normal 0.998796 0.049065 0
    outer loop
      vertex -5.97111 -0.588102 6
      vertex -6 0 0
      vertex -6 0 6
    endloop
  endfacet
  facet normal 0.998796 0.049065 0
    outer loop
      vertex -6 0 0
      vertex -5.97111 -0.588102 6
      vertex -5.97111 -0.588102 0
    endloop
  endfacet
  facet normal -0.903989 -0.427556 0
    outer loop
      vertex 5.54328 2.2961 0
      vertex 5.29153 2.82838 6
      vertex 5.29153 2.82838 0
    endloop
  endfacet
  facet normal -0.903989 -0.427556 0
    outer loop
      vertex 5.29153 2.82838 6
      vertex 5.54328 2.2961 0
      vertex 5.54328 2.2961 6
    endloop
  endfacet
  facet normal -0.970032 0.242979 0
    outer loop
      vertex 5.74164 -1.74171 0
      vertex 5.88471 -1.17054 6
      vertex 5.88471 -1.17054 0
    endloop
  endfacet
  facet normal -0.970032 0.242979 0
    outer loop
      vertex 5.88471 -1.17054 6
      vertex 5.74164 -1.74171 0
      vertex 5.74164 -1.74171 6
    endloop
  endfacet
  facet normal 0.970032 -0.242979 0
    outer loop
      vertex -5.88471 1.17054 6
      vertex -5.74164 1.74171 0
      vertex -5.74164 1.74171 6
    endloop
  endfacet
  facet normal 0.970032 -0.242979 0
    outer loop
      vertex -5.74164 1.74171 0
      vertex -5.88471 1.17054 6
      vertex -5.88471 1.17054 0
    endloop
  endfacet
  facet normal 0.427556 0.903989 -0
    outer loop
      vertex -2.2961 -5.54328 0
      vertex -2.82838 -5.29153 6
      vertex -2.2961 -5.54328 6
    endloop
  endfacet
  facet normal 0.427556 0.903989 0
    outer loop
      vertex -2.82838 -5.29153 6
      vertex -2.2961 -5.54328 0
      vertex -2.82838 -5.29153 0
    endloop
  endfacet
  facet normal 0.970032 0.242979 0
    outer loop
      vertex -5.74164 -1.74171 6
      vertex -5.88471 -1.17054 0
      vertex -5.88471 -1.17054 6
    endloop
  endfacet
  facet normal 0.970032 0.242979 0
    outer loop
      vertex -5.88471 -1.17054 0
      vertex -5.74164 -1.74171 6
      vertex -5.74164 -1.74171 0
    endloop
  endfacet
  facet normal -0.336884 -0.941546 0
    outer loop
      vertex 1.74171 5.74164 0
      vertex 2.2961 5.54328 6
      vertex 1.74171 5.74164 6
    endloop
  endfacet
  facet normal -0.336884 -0.941546 -0
    outer loop
      vertex 2.2961 5.54328 6
      vertex 1.74171 5.74164 0
      vertex 2.2961 5.54328 0
    endloop
  endfacet
  facet normal -0.989176 0.146736 0
    outer loop
      vertex 5.88471 -1.17054 0
      vertex 5.97111 -0.588102 6
      vertex 5.97111 -0.588102 0
    endloop
  endfacet
  facet normal -0.989176 0.146736 0
    outer loop
      vertex 5.97111 -0.588102 6
      vertex 5.88471 -1.17054 0
      vertex 5.88471 -1.17054 6
    endloop
  endfacet
  facet normal 0.146736 -0.989176 0
    outer loop
      vertex -1.17054 5.88471 0
      vertex -0.588102 5.97111 6
      vertex -1.17054 5.88471 6
    endloop
  endfacet
  facet normal 0.146736 -0.989176 0
    outer loop
      vertex -0.588102 5.97111 6
      vertex -1.17054 5.88471 0
      vertex -0.588102 5.97111 0
    endloop
  endfacet
  facet normal -0.427556 0.903989 0
    outer loop
      vertex 2.82838 -5.29153 0
      vertex 2.2961 -5.54328 6
      vertex 2.82838 -5.29153 6
    endloop
  endfacet
  facet normal -0.427556 0.903989 0
    outer loop
      vertex 2.2961 -5.54328 6
      vertex 2.82838 -5.29153 0
      vertex 2.2961 -5.54328 0
    endloop
  endfacet
  facet normal 0.671558 -0.740952 0
    outer loop
      vertex -4.24264 4.24264 0
      vertex -3.80636 4.63806 6
      vertex -4.24264 4.24264 6
    endloop
  endfacet
  facet normal 0.671558 -0.740952 0
    outer loop
      vertex -3.80636 4.63806 6
      vertex -4.24264 4.24264 0
      vertex -3.80636 4.63806 0
    endloop
  endfacet
  facet normal 0.595703 -0.803204 0
    outer loop
      vertex -3.80636 4.63806 0
      vertex -3.33342 4.98882 6
      vertex -3.80636 4.63806 6
    endloop
  endfacet
  facet normal 0.595703 -0.803204 0
    outer loop
      vertex -3.33342 4.98882 6
      vertex -3.80636 4.63806 0
      vertex -3.33342 4.98882 0
    endloop
  endfacet
  facet normal -0.242979 -0.970032 0
    outer loop
      vertex 1.17054 5.88471 0
      vertex 1.74171 5.74164 6
      vertex 1.17054 5.88471 6
    endloop
  endfacet
  facet normal -0.242979 -0.970032 -0
    outer loop
      vertex 1.74171 5.74164 6
      vertex 1.17054 5.88471 0
      vertex 1.74171 5.74164 0
    endloop
  endfacet
  facet normal -0.998796 0.049065 0
    outer loop
      vertex 5.97111 -0.588102 0
      vertex 6 0 6
      vertex 6 0 0
    endloop
  endfacet
  facet normal -0.998796 0.049065 0
    outer loop
      vertex 6 0 6
      vertex 5.97111 -0.588102 0
      vertex 5.97111 -0.588102 6
    endloop
  endfacet
  facet normal 0.427556 -0.903989 0
    outer loop
      vertex -2.82838 5.29153 0
      vertex -2.2961 5.54328 6
      vertex -2.82838 5.29153 6
    endloop
  endfacet
  facet normal 0.427556 -0.903989 0
    outer loop
      vertex -2.2961 5.54328 6
      vertex -2.82838 5.29153 0
      vertex -2.2961 5.54328 0
    endloop
  endfacet
  facet normal 0.941546 0.336884 0
    outer loop
      vertex -5.54328 -2.2961 6
      vertex -5.74164 -1.74171 0
      vertex -5.74164 -1.74171 6
    endloop
  endfacet
  facet normal 0.941546 0.336884 0
    outer loop
      vertex -5.74164 -1.74171 0
      vertex -5.54328 -2.2961 6
      vertex -5.54328 -2.2961 0
    endloop
  endfacet
  facet normal -0.514104 -0.857728 0
    outer loop
      vertex 2.82838 5.29153 0
      vertex 3.33342 4.98882 6
      vertex 2.82838 5.29153 6
    endloop
  endfacet
  facet normal -0.514104 -0.857728 -0
    outer loop
      vertex 3.33342 4.98882 6
      vertex 2.82838 5.29153 0
      vertex 3.33342 4.98882 0
    endloop
  endfacet
  facet normal -0.595703 -0.803204 0
    outer loop
      vertex 3.33342 4.98882 0
      vertex 3.80636 4.63806 6
      vertex 3.33342 4.98882 6
    endloop
  endfacet
  facet normal -0.595703 -0.803204 -0
    outer loop
      vertex 3.80636 4.63806 6
      vertex 3.33342 4.98882 0
      vertex 3.80636 4.63806 0
    endloop
  endfacet
  facet normal -0.146736 0.989176 0
    outer loop
      vertex 1.17054 -5.88471 0
      vertex 0.588102 -5.97111 6
      vertex 1.17054 -5.88471 6
    endloop
  endfacet
  facet normal -0.146736 0.989176 0
    outer loop
      vertex 0.588102 -5.97111 6
      vertex 1.17054 -5.88471 0
      vertex 0.588102 -5.97111 0
    endloop
  endfacet
  facet normal -0.740952 0.671558 0
    outer loop
      vertex 4.24264 -4.24264 0
      vertex 4.63806 -3.80636 6
      vertex 4.63806 -3.80636 0
    endloop
  endfacet
  facet normal -0.740952 0.671558 0
    outer loop
      vertex 4.63806 -3.80636 6
      vertex 4.24264 -4.24264 0
      vertex 4.24264 -4.24264 6
    endloop
  endfacet
  facet normal -0.803204 0.595703 0
    outer loop
      vertex 4.63806 -3.80636 0
      vertex 4.98882 -3.33342 6
      vertex 4.98882 -3.33342 0
    endloop
  endfacet
  facet normal -0.803204 0.595703 0
    outer loop
      vertex 4.98882 -3.33342 6
      vertex 4.63806 -3.80636 0
      vertex 4.63806 -3.80636 6
    endloop
  endfacet
  facet normal -0.242979 0.970032 0
    outer loop
      vertex 1.74171 -5.74164 0
      vertex 1.17054 -5.88471 6
      vertex 1.74171 -5.74164 6
    endloop
  endfacet
  facet normal -0.242979 0.970032 0
    outer loop
      vertex 1.17054 -5.88471 6
      vertex 1.74171 -5.74164 0
      vertex 1.17054 -5.88471 0
    endloop
  endfacet
  facet normal -0.941546 0.336884 0
    outer loop
      vertex 5.54328 -2.2961 0
      vertex 5.74164 -1.74171 6
      vertex 5.74164 -1.74171 0
    endloop
  endfacet
  facet normal -0.941546 0.336884 0
    outer loop
      vertex 5.74164 -1.74171 6
      vertex 5.54328 -2.2961 0
      vertex 5.54328 -2.2961 6
    endloop
  endfacet
  facet normal 0.242979 -0.970032 0
    outer loop
      vertex -1.74171 5.74164 0
      vertex -1.17054 5.88471 6
      vertex -1.74171 5.74164 6
    endloop
  endfacet
  facet normal 0.242979 -0.970032 0
    outer loop
      vertex -1.17054 5.88471 6
      vertex -1.74171 5.74164 0
      vertex -1.17054 5.88471 0
    endloop
  endfacet
  facet normal 0.903989 0.427556 0
    outer loop
      vertex -5.29153 -2.82838 6
      vertex -5.54328 -2.2961 0
      vertex -5.54328 -2.2961 6
    endloop
  endfacet
  facet normal 0.903989 0.427556 0
    outer loop
      vertex -5.54328 -2.2961 0
      vertex -5.29153 -2.82838 6
      vertex -5.29153 -2.82838 0
    endloop
  endfacet
  facet normal 0.989176 -0.146736 0
    outer loop
      vertex -5.97111 0.588102 6
      vertex -5.88471 1.17054 0
      vertex -5.88471 1.17054 6
    endloop
  endfacet
  facet normal 0.989176 -0.146736 0
    outer loop
      vertex -5.88471 1.17054 0
      vertex -5.97111 0.588102 6
      vertex -5.97111 0.588102 0
    endloop
  endfacet
  facet normal -0.427556 -0.903989 0
    outer loop
      vertex 2.2961 5.54328 0
      vertex 2.82838 5.29153 6
      vertex 2.2961 5.54328 6
    endloop
  endfacet
  facet normal -0.427556 -0.903989 -0
    outer loop
      vertex 2.82838 5.29153 6
      vertex 2.2961 5.54328 0
      vertex 2.82838 5.29153 0
    endloop
  endfacet
  facet normal 0.740952 0.671558 0
    outer loop
      vertex -4.24264 -4.24264 6
      vertex -4.63806 -3.80636 0
      vertex -4.63806 -3.80636 6
    endloop
  endfacet
  facet normal 0.740952 0.671558 0
    outer loop
      vertex -4.63806 -3.80636 0
      vertex -4.24264 -4.24264 6
      vertex -4.24264 -4.24264 0
    endloop
  endfacet
  facet normal 0.857728 0.514104 0
    outer loop
      vertex -4.98882 -3.33342 6
      vertex -5.29153 -2.82838 0
      vertex -5.29153 -2.82838 6
    endloop
  endfacet
  facet normal 0.857728 0.514104 0
    outer loop
      vertex -5.29153 -2.82838 0
      vertex -4.98882 -3.33342 6
      vertex -4.98882 -3.33342 0
    endloop
  endfacet
  facet normal 0.336884 -0.941546 0
    outer loop
      vertex -2.2961 5.54328 0
      vertex -1.74171 5.74164 6
      vertex -2.2961 5.54328 6
    endloop
  endfacet
  facet normal 0.336884 -0.941546 0
    outer loop
      vertex -1.74171 5.74164 6
      vertex -2.2961 5.54328 0
      vertex -1.74171 5.74164 0
    endloop
  endfacet
  facet normal 0.514104 0.857728 -0
    outer loop
      vertex -2.82838 -5.29153 0
      vertex -3.33342 -4.98882 6
      vertex -2.82838 -5.29153 6
    endloop
  endfacet
  facet normal 0.514104 0.857728 0
    outer loop
      vertex -3.33342 -4.98882 6
      vertex -2.82838 -5.29153 0
      vertex -3.33342 -4.98882 0
    endloop
  endfacet
  facet normal 0.941546 -0.336884 0
    outer loop
      vertex -5.74164 1.74171 6
      vertex -5.54328 2.2961 0
      vertex -5.54328 2.2961 6
    endloop
  endfacet
  facet normal 0.941546 -0.336884 0
    outer loop
      vertex -5.54328 2.2961 0
      vertex -5.74164 1.74171 6
      vertex -5.74164 1.74171 0
    endloop
  endfacet
  facet normal -0.595703 0.803204 0
    outer loop
      vertex 3.80636 -4.63806 0
      vertex 3.33342 -4.98882 6
      vertex 3.80636 -4.63806 6
    endloop
  endfacet
  facet normal -0.595703 0.803204 0
    outer loop
      vertex 3.33342 -4.98882 6
      vertex 3.80636 -4.63806 0
      vertex 3.33342 -4.98882 0
    endloop
  endfacet
  facet normal -0.740952 -0.671558 0
    outer loop
      vertex 4.63806 3.80636 0
      vertex 4.24264 4.24264 6
      vertex 4.24264 4.24264 0
    endloop
  endfacet
  facet normal -0.740952 -0.671558 0
    outer loop
      vertex 4.24264 4.24264 6
      vertex 4.63806 3.80636 0
      vertex 4.63806 3.80636 6
    endloop
  endfacet
  facet normal 0.803204 0.595703 0
    outer loop
      vertex -4.63806 -3.80636 6
      vertex -4.98882 -3.33342 0
      vertex -4.98882 -3.33342 6
    endloop
  endfacet
  facet normal 0.803204 0.595703 0
    outer loop
      vertex -4.98882 -3.33342 0
      vertex -4.63806 -3.80636 6
      vertex -4.63806 -3.80636 0
    endloop
  endfacet
  facet normal 0.514104 -0.857728 0
    outer loop
      vertex -3.33342 4.98882 0
      vertex -2.82838 5.29153 6
      vertex -3.33342 4.98882 6
    endloop
  endfacet
  facet normal 0.514104 -0.857728 0
    outer loop
      vertex -2.82838 5.29153 6
      vertex -3.33342 4.98882 0
      vertex -2.82838 5.29153 0
    endloop
  endfacet
  facet normal 0.989176 0.146736 0
    outer loop
      vertex -5.88471 -1.17054 6
      vertex -5.97111 -0.588102 0
      vertex -5.97111 -0.588102 6
    endloop
  endfacet
  facet normal 0.989176 0.146736 0
    outer loop
      vertex -5.97111 -0.588102 0
      vertex -5.88471 -1.17054 6
      vertex -5.88471 -1.17054 0
    endloop
  endfacet
  facet normal 0.903989 -0.427556 0
    outer loop
      vertex -5.54328 2.2961 6
      vertex -5.29153 2.82838 0
      vertex -5.29153 2.82838 6
    endloop
  endfacet
  facet normal 0.903989 -0.427556 0
    outer loop
      vertex -5.29153 2.82838 0
      vertex -5.54328 2.2961 6
      vertex -5.54328 2.2961 0
    endloop
  endfacet
  facet normal -0.514104 0.857728 0
    outer loop
      vertex 3.33342 -4.98882 0
      vertex 2.82838 -5.29153 6
      vertex 3.33342 -4.98882 6
    endloop
  endfacet
  facet normal -0.514104 0.857728 0
    outer loop
      vertex 2.82838 -5.29153 6
      vertex 3.33342 -4.98882 0
      vertex 2.82838 -5.29153 0
    endloop
  endfacet
  facet normal 0.671558 0.740952 -0
    outer loop
      vertex -3.80636 -4.63806 0
      vertex -4.24264 -4.24264 6
      vertex -3.80636 -4.63806 6
    endloop
  endfacet
  facet normal 0.671558 0.740952 0
    outer loop
      vertex -4.24264 -4.24264 6
      vertex -3.80636 -4.63806 0
      vertex -4.24264 -4.24264 0
    endloop
  endfacet
  facet normal 0.803204 -0.595703 0
    outer loop
      vertex -4.98882 3.33342 6
      vertex -4.63806 3.80636 0
      vertex -4.63806 3.80636 6
    endloop
  endfacet
  facet normal 0.803204 -0.595703 0
    outer loop
      vertex -4.63806 3.80636 0
      vertex -4.98882 3.33342 6
      vertex -4.98882 3.33342 0
    endloop
  endfacet
  facet normal 0.049065 0.998796 -0
    outer loop
      vertex 0 -6 0
      vertex -0.588102 -5.97111 6
      vertex 0 -6 6
    endloop
  endfacet
  facet normal 0.049065 0.998796 0
    outer loop
      vertex -0.588102 -5.97111 6
      vertex 0 -6 0
      vertex -0.588102 -5.97111 0
    endloop
  endfacet
  facet normal 0.998796 -0.049065 0
    outer loop
      vertex -6 0 6
      vertex -5.97111 0.588102 0
      vertex -5.97111 0.588102 6
    endloop
  endfacet
  facet normal 0.998796 -0.049065 0
    outer loop
      vertex -5.97111 0.588102 0
      vertex -6 0 6
      vertex -6 0 0
    endloop
  endfacet
  facet normal -0.671558 0.740952 0
    outer loop
      vertex 4.24264 -4.24264 0
      vertex 3.80636 -4.63806 6
      vertex 4.24264 -4.24264 6
    endloop
  endfacet
  facet normal -0.671558 0.740952 0
    outer loop
      vertex 3.80636 -4.63806 6
      vertex 4.24264 -4.24264 0
      vertex 3.80636 -4.63806 0
    endloop
  endfacet
endsolid OpenSCAD_Model
