solid OpenSCAD_Model
  facet normal 0.989176 0.146736 0
    outer loop
      vertex 13.9326 1.37224 12
      vertex 13.731 2.73126 0
      vertex 13.731 2.73126 12
    endloop
  endfacet
  facet normal 0.989176 0.146736 0
    outer loop
      vertex 13.731 2.73126 0
      vertex 13.9326 1.37224 12
      vertex 13.9326 1.37224 0
    endloop
  endfacet
  facet normal 0.998796 0.0490576 0
    outer loop
      vertex 14 0 12
      vertex 13.9326 1.37224 0
      vertex 13.9326 1.37224 12
    endloop
  endfacet
  facet normal 0.998796 0.0490576 0
    outer loop
      vertex 13.9326 1.37224 0
      vertex 14 0 12
      vertex 14 0 0
    endloop
  endfacet
  facet normal 0.970036 0.24296 0
    outer loop
      vertex 13.731 2.73126 12
      vertex 13.3972 4.06398 0
      vertex 13.3972 4.06398 12
    endloop
  endfacet
  facet normal 0.970036 0.24296 0
    outer loop
      vertex 13.3972 4.06398 0
      vertex 13.731 2.73126 12
      vertex 13.731 2.73126 0
    endloop
  endfacet
  facet normal 0.33692 -0.941533 0
    outer loop
      vertex 4.06398 -13.3972 0
      vertex 5.35757 -12.9343 12
      vertex 4.06398 -13.3972 12
    endloop
  endfacet
  facet normal 0.33692 -0.941533 0
    outer loop
      vertex 5.35757 -12.9343 12
      vertex 4.06398 -13.3972 0
      vertex 5.35757 -12.9343 0
    endloop
  endfacet
  facet normal 0.671546 0.740963 -0
    outer loop
      vertex 9.89949 9.89949 0
      vertex 8.88151 10.8221 12
      vertex 9.89949 9.89949 12
    endloop
  endfacet
  facet normal 0.671546 0.740963 0
    outer loop
      vertex 8.88151 10.8221 12
      vertex 9.89949 9.89949 0
      vertex 8.88151 10.8221 0
    endloop
  endfacet
  facet normal 0.941533 0.33692 0
    outer loop
      vertex 13.3972 4.06398 12
      vertex 12.9343 5.35757 0
      vertex 12.9343 5.35757 12
    endloop
  endfacet
  facet normal 0.941533 0.33692 0
    outer loop
      vertex 12.9343 5.35757 0
      vertex 13.3972 4.06398 12
      vertex 13.3972 4.06398 0
    endloop
  endfacet
  facet normal -0.51409 -0.857736 0
    outer loop
      vertex -7.77798 -11.6406 0
      vertex -6.59955 -12.3469 12
      vertex -7.77798 -11.6406 12
    endloop
  endfacet
  facet normal -0.51409 -0.857736 -0
    outer loop
      vertex -6.59955 -12.3469 12
      vertex -7.77798 -11.6406 0
      vertex -6.59955 -12.3469 0
    endloop
  endfacet
  facet normal 0.740963 0.671546 0
    outer loop
      vertex 10.8221 8.88151 12
      vertex 9.89949 9.89949 0
      vertex 9.89949 9.89949 12
    endloop
  endfacet
  facet normal 0.740963 0.671546 0
    outer loop
      vertex 9.89949 9.89949 0
      vertex 10.8221 8.88151 12
      vertex 10.8221 8.88151 0
    endloop
  endfacet
  facet normal 0.51409 -0.857736 0
    outer loop
      vertex 6.59955 -12.3469 0
      vertex 7.77798 -11.6406 12
      vertex 6.59955 -12.3469 12
    endloop
  endfacet
  facet normal 0.51409 -0.857736 0
    outer loop
      vertex 7.77798 -11.6406 12
      vertex 6.59955 -12.3469 0
      vertex 7.77798 -11.6406 0
    endloop
  endfacet
  facet normal -0.427547 0.903993 0
    outer loop
      vertex -5.35757 12.9343 0
      vertex -6.59955 12.3469 12
      vertex -5.35757 12.9343 12
    endloop
  endfacet
  facet normal -0.427547 0.903993 0
    outer loop
      vertex -6.59955 12.3469 12
      vertex -5.35757 12.9343 0
      vertex -6.59955 12.3469 0
    endloop
  endfacet
  facet normal 0.989176 -0.146736 0
    outer loop
      vertex 13.731 -2.73126 12
      vertex 13.9326 -1.37224 0
      vertex 13.9326 -1.37224 12
    endloop
  endfacet
  facet normal 0.989176 -0.146736 0
    outer loop
      vertex 13.9326 -1.37224 0
      vertex 13.731 -2.73126 12
      vertex 13.731 -2.73126 0
    endloop
  endfacet
  facet normal 0.24296 -0.970036 0
    outer loop
      vertex 2.73126 -13.731 0
      vertex 4.06398 -13.3972 12
      vertex 2.73126 -13.731 12
    endloop
  endfacet
  facet normal 0.24296 -0.970036 0
    outer loop
      vertex 4.06398 -13.3972 12
      vertex 2.73126 -13.731 0
      vertex 4.06398 -13.3972 0
    endloop
  endfacet
  facet normal -0.24296 0.970036 0
    outer loop
      vertex -2.73126 13.731 0
      vertex -4.06398 13.3972 12
      vertex -2.73126 13.731 12
    endloop
  endfacet
  facet normal -0.24296 0.970036 0
    outer loop
      vertex -4.06398 13.3972 12
      vertex -2.73126 13.731 0
      vertex -4.06398 13.3972 0
    endloop
  endfacet
  facet normal -0.941533 -0.33692 0
    outer loop
      vertex -12.9343 -5.35757 0
      vertex -13.3972 -4.06398 12
      vertex -13.3972 -4.06398 0
    endloop
  endfacet
  facet normal -0.941533 -0.33692 0
    outer loop
      vertex -13.3972 -4.06398 12
      vertex -12.9343 -5.35757 0
      vertex -12.9343 -5.35757 12
    endloop
  endfacet
  facet normal 0.803184 -0.59573 0
    outer loop
      vertex 10.8221 -8.88151 12
      vertex 11.6406 -7.77798 0
      vertex 11.6406 -7.77798 12
    endloop
  endfacet
  facet normal 0.803184 -0.59573 0
    outer loop
      vertex 11.6406 -7.77798 0
      vertex 10.8221 -8.88151 12
      vertex 10.8221 -8.88151 0
    endloop
  endfacet
  facet normal -0.51409 0.857736 0
    outer loop
      vertex -6.59955 12.3469 0
      vertex -7.77798 11.6406 12
      vertex -6.59955 12.3469 12
    endloop
  endfacet
  facet normal -0.51409 0.857736 0
    outer loop
      vertex -7.77798 11.6406 12
      vertex -6.59955 12.3469 0
      vertex -7.77798 11.6406 0
    endloop
  endfacet
  facet normal -0.146736 -0.989176 0
    outer loop
      vertex -2.73126 -13.731 12
      vertex -1.37224 -13.9326 6.81903
      vertex -1.37224 -13.9326 12
    endloop
  endfacet
  facet normal -0.147428 -0.989073 -0.000185298
    outer loop
      vertex -2.73126 -13.731 12
      vertex -1.41107 -13.9268 6.75423
      vertex -1.37224 -13.9326 6.81903
    endloop
  endfacet
  facet normal -0.146165 -0.98926 0.000139576
    outer loop
      vertex -2.73126 -13.731 12
      vertex -1.47821 -13.9169 6.61229
      vertex -1.41107 -13.9268 6.75423
    endloop
  endfacet
  facet normal -0.147343 -0.989085 -0.000140607
    outer loop
      vertex -2.73126 -13.731 12
      vertex -1.5311 -13.909 6.46445
      vertex -1.47821 -13.9169 6.61229
    endloop
  endfacet
  facet normal -0.145898 -0.9893 0.000179726
    outer loop
      vertex -2.73126 -13.731 12
      vertex -1.56926 -13.9034 6.31214
      vertex -1.5311 -13.909 6.46445
    endloop
  endfacet
  facet normal -0.148228 -0.988953 -0.000306813
    outer loop
      vertex -2.73126 -13.731 12
      vertex -1.59229 -13.8999 6.15683
      vertex -1.56926 -13.9034 6.31214
    endloop
  endfacet
  facet normal -0.145592 -0.989345 0.00021829
    outer loop
      vertex -2.73126 -13.731 12
      vertex -1.6 -13.8988 6
      vertex -1.59229 -13.8999 6.15683
    endloop
  endfacet
  facet normal -0.146725 -0.989177 0
    outer loop
      vertex -2.73126 -13.731 0
      vertex -1.6 -13.8988 6
      vertex -2.73126 -13.731 12
    endloop
  endfacet
  facet normal -0.145592 -0.989345 -0.00021829
    outer loop
      vertex -1.6 -13.8988 6
      vertex -2.73126 -13.731 0
      vertex -1.59229 -13.8999 5.84317
    endloop
  endfacet
  facet normal -0.148228 -0.988953 0.000306802
    outer loop
      vertex -1.59229 -13.8999 5.84317
      vertex -2.73126 -13.731 0
      vertex -1.56926 -13.9034 5.68785
    endloop
  endfacet
  facet normal -0.145898 -0.9893 -0.000179726
    outer loop
      vertex -2.73126 -13.731 0
      vertex -1.5311 -13.909 5.53554
      vertex -1.56926 -13.9034 5.68785
    endloop
  endfacet
  facet normal -0.147343 -0.989085 0.000140611
    outer loop
      vertex -2.73126 -13.731 0
      vertex -1.47821 -13.9169 5.38771
      vertex -1.5311 -13.909 5.53554
    endloop
  endfacet
  facet normal -0.146165 -0.98926 -0.000139572
    outer loop
      vertex -2.73126 -13.731 0
      vertex -1.41107 -13.9268 5.24576
      vertex -1.47821 -13.9169 5.38771
    endloop
  endfacet
  facet normal -0.147428 -0.989073 0.000185307
    outer loop
      vertex -2.73126 -13.731 0
      vertex -1.37224 -13.9326 5.18097
      vertex -1.41107 -13.9268 5.24576
    endloop
  endfacet
  facet normal -0.146736 -0.989176 -0
    outer loop
      vertex -1.37224 -13.9326 5.18097
      vertex -2.73126 -13.731 0
      vertex -1.37224 -13.9326 0
    endloop
  endfacet
  facet normal 0.59573 -0.803184 0
    outer loop
      vertex 7.77798 -11.6406 0
      vertex 8.88151 -10.8221 12
      vertex 7.77798 -11.6406 12
    endloop
  endfacet
  facet normal 0.59573 -0.803184 0
    outer loop
      vertex 8.88151 -10.8221 12
      vertex 7.77798 -11.6406 0
      vertex 8.88151 -10.8221 0
    endloop
  endfacet
  facet normal -0.24296 -0.970036 0
    outer loop
      vertex -4.06398 -13.3972 0
      vertex -2.73126 -13.731 12
      vertex -4.06398 -13.3972 12
    endloop
  endfacet
  facet normal -0.24296 -0.970036 -0
    outer loop
      vertex -2.73126 -13.731 12
      vertex -4.06398 -13.3972 0
      vertex -2.73126 -13.731 0
    endloop
  endfacet
  facet normal 0.903993 -0.427547 0
    outer loop
      vertex 12.3469 -6.59955 12
      vertex 12.9343 -5.35757 0
      vertex 12.9343 -5.35757 12
    endloop
  endfacet
  facet normal 0.903993 -0.427547 0
    outer loop
      vertex 12.9343 -5.35757 0
      vertex 12.3469 -6.59955 12
      vertex 12.3469 -6.59955 0
    endloop
  endfacet
  facet normal 0.51409 0.857736 -0
    outer loop
      vertex 7.77798 11.6406 0
      vertex 6.59955 12.3469 12
      vertex 7.77798 11.6406 12
    endloop
  endfacet
  facet normal 0.51409 0.857736 0
    outer loop
      vertex 6.59955 12.3469 12
      vertex 7.77798 11.6406 0
      vertex 6.59955 12.3469 0
    endloop
  endfacet
  facet normal -0.857736 -0.51409 0
    outer loop
      vertex -11.6406 -7.77798 0
      vertex -12.3469 -6.59955 12
      vertex -12.3469 -6.59955 0
    endloop
  endfacet
  facet normal -0.857736 -0.51409 0
    outer loop
      vertex -12.3469 -6.59955 12
      vertex -11.6406 -7.77798 0
      vertex -11.6406 -7.77798 12
    endloop
  endfacet
  facet normal 0.970036 -0.24296 0
    outer loop
      vertex 13.3972 -4.06398 12
      vertex 13.731 -2.73126 0
      vertex 13.731 -2.73126 12
    endloop
  endfacet
  facet normal 0.970036 -0.24296 0
    outer loop
      vertex 13.731 -2.73126 0
      vertex 13.3972 -4.06398 12
      vertex 13.3972 -4.06398 0
    endloop
  endfacet
  facet normal -0.857736 0.51409 0
    outer loop
      vertex -12.3469 6.59955 0
      vertex -11.6406 7.77798 12
      vertex -11.6406 7.77798 0
    endloop
  endfacet
  facet normal -0.857736 0.51409 0
    outer loop
      vertex -11.6406 7.77798 12
      vertex -12.3469 6.59955 0
      vertex -12.3469 6.59955 12
    endloop
  endfacet
  facet normal 0 0 -1
    outer loop
      vertex -8.58893 0.754234 0
      vertex -3.89953 1.18291 0
      vertex -8.52179 0.612293 0
    endloop
  endfacet
  facet normal 0 0 -1
    outer loop
      vertex -8.66965 0.888912 0
      vertex -3.89953 1.18291 0
      vertex -8.58893 0.754234 0
    endloop
  endfacet
  facet normal -0 0 -1
    outer loop
      vertex -3.89953 1.18291 0
      vertex -8.66965 0.888912 0
      vertex -3.76481 1.55943 0
    endloop
  endfacet
  facet normal 0 0 -1
    outer loop
      vertex -8.76318 1.01503 0
      vertex -3.76481 1.55943 0
      vertex -8.66965 0.888912 0
    endloop
  endfacet
  facet normal -0 0 -1
    outer loop
      vertex -3.76481 1.55943 0
      vertex -8.76318 1.01503 0
      vertex -3.59383 1.92094 0
    endloop
  endfacet
  facet normal 0 0 -1
    outer loop
      vertex -8.86863 1.13137 0
      vertex -3.59383 1.92094 0
      vertex -8.76318 1.01503 0
    endloop
  endfacet
  facet normal 0 0 -1
    outer loop
      vertex -8.98497 1.23682 0
      vertex -3.59383 1.92094 0
      vertex -8.86863 1.13137 0
    endloop
  endfacet
  facet normal -0 0 -1
    outer loop
      vertex -3.59383 1.92094 0
      vertex -8.98497 1.23682 0
      vertex -3.38824 2.26395 0
    endloop
  endfacet
  facet normal 0 0 -1
    outer loop
      vertex -3.38824 2.26395 0
      vertex -8.88151 10.8221 0
      vertex -7.77798 11.6406 0
    endloop
  endfacet
  facet normal 0 0 -1
    outer loop
      vertex -9.11109 1.33035 0
      vertex -3.38824 2.26395 0
      vertex -8.98497 1.23682 0
    endloop
  endfacet
  facet normal 0 0 -1
    outer loop
      vertex -9.24576 1.41107 0
      vertex -3.38824 2.26395 0
      vertex -9.11109 1.33035 0
    endloop
  endfacet
  facet normal 0 0 -1
    outer loop
      vertex -10.8221 8.88151 0
      vertex -3.38824 2.26395 0
      vertex -9.24576 1.41107 0
    endloop
  endfacet
  facet normal 0 0 -1
    outer loop
      vertex -10.8221 8.88151 0
      vertex -9.24576 1.41107 0
      vertex -9.38771 1.47821 0
    endloop
  endfacet
  facet normal 0 0 -1
    outer loop
      vertex -11.6406 7.77798 0
      vertex -9.38771 1.47821 0
      vertex -9.53554 1.5311 0
    endloop
  endfacet
  facet normal 0 0 -1
    outer loop
      vertex -11.6406 7.77798 0
      vertex -9.53554 1.5311 0
      vertex -9.68785 1.56926 0
    endloop
  endfacet
  facet normal 0 0 -1
    outer loop
      vertex -12.3469 6.59955 0
      vertex -9.68785 1.56926 0
      vertex -9.84317 1.59229 0
    endloop
  endfacet
  facet normal 0 0 -1
    outer loop
      vertex -3.38824 2.26395 0
      vertex -9.89949 9.89949 0
      vertex -8.88151 10.8221 0
    endloop
  endfacet
  facet normal 0 0 -1
    outer loop
      vertex -12.3469 6.59955 0
      vertex -9.84317 1.59229 0
      vertex -10 1.6 0
    endloop
  endfacet
  facet normal 0 0 -1
    outer loop
      vertex -12.9343 5.35757 0
      vertex -10 1.6 0
      vertex -10.1568 1.59229 0
    endloop
  endfacet
  facet normal 0 0 -1
    outer loop
      vertex -12.9343 5.35757 0
      vertex -10.1568 1.59229 0
      vertex -10.3121 1.56926 0
    endloop
  endfacet
  facet normal 0 0 -1
    outer loop
      vertex -12.9343 5.35757 0
      vertex -10.3121 1.56926 0
      vertex -10.4645 1.5311 0
    endloop
  endfacet
  facet normal 0 0 -1
    outer loop
      vertex -13.3972 4.06398 0
      vertex -10.4645 1.5311 0
      vertex -10.6123 1.47821 0
    endloop
  endfacet
  facet normal 0 0 -1
    outer loop
      vertex -13.3972 4.06398 0
      vertex -10.6123 1.47821 0
      vertex -10.7542 1.41107 0
    endloop
  endfacet
  facet normal 0 0 -1
    outer loop
      vertex -3.38824 2.26395 0
      vertex -10.8221 8.88151 0
      vertex -9.89949 9.89949 0
    endloop
  endfacet
  facet normal 0 0 -1
    outer loop
      vertex -13.3972 4.06398 0
      vertex -10.7542 1.41107 0
      vertex -10.8889 1.33035 0
    endloop
  endfacet
  facet normal 0 0 -1
    outer loop
      vertex -13.731 2.73126 0
      vertex -10.8889 1.33035 0
      vertex -11.015 1.23682 0
    endloop
  endfacet
  facet normal 0 0 -1
    outer loop
      vertex -13.731 2.73126 0
      vertex -11.015 1.23682 0
      vertex -11.1314 1.13137 0
    endloop
  endfacet
  facet normal 0 0 -1
    outer loop
      vertex -13.731 2.73126 0
      vertex -11.1314 1.13137 0
      vertex -11.2368 1.01503 0
    endloop
  endfacet
  facet normal 0 0 -1
    outer loop
      vertex -13.731 2.73126 0
      vertex -11.2368 1.01503 0
      vertex -11.3304 0.888912 0
    endloop
  endfacet
  facet normal 0 0 -1
    outer loop
      vertex -13.9326 1.37224 0
      vertex -11.3304 0.888912 0
      vertex -11.4111 0.754234 0
    endloop
  endfacet
  facet normal 0 0 -1
    outer loop
      vertex -13.9326 1.37224 0
      vertex -11.4111 0.754234 0
      vertex -11.4782 0.612293 0
    endloop
  endfacet
  facet normal 0 0 -1
    outer loop
      vertex -13.9326 1.37224 0
      vertex -11.4782 0.612293 0
      vertex -11.5311 0.464455 0
    endloop
  endfacet
  facet normal 0 0 -1
    outer loop
      vertex -13.9326 1.37224 0
      vertex -11.5311 0.464455 0
      vertex -11.5693 0.312144 0
    endloop
  endfacet
  facet normal 0 0 -1
    outer loop
      vertex -14 0 0
      vertex -11.5693 0.312144 0
      vertex -11.5923 0.156827 0
    endloop
  endfacet
  facet normal 0 0 -1
    outer loop
      vertex -9.38771 1.47821 0
      vertex -11.6406 7.77798 0
      vertex -10.8221 8.88151 0
    endloop
  endfacet
  facet normal 0 0 -1
    outer loop
      vertex -14 0 0
      vertex -11.5923 0.156827 0
      vertex -11.6 0 0
    endloop
  endfacet
  facet normal -0 0 -1
    outer loop
      vertex -11.4111 -0.754234 0
      vertex -13.9326 -1.37224 0
      vertex -11.4782 -0.612293 0
    endloop
  endfacet
  facet normal -0 0 -1
    outer loop
      vertex -11.4782 -0.612293 0
      vertex -13.9326 -1.37224 0
      vertex -11.5311 -0.464455 0
    endloop
  endfacet
  facet normal 0 0 -1
    outer loop
      vertex -9.68785 1.56926 0
      vertex -12.3469 6.59955 0
      vertex -11.6406 7.77798 0
    endloop
  endfacet
  facet normal -0 0 -1
    outer loop
      vertex -11.5311 -0.464455 0
      vertex -13.9326 -1.37224 0
      vertex -11.5693 -0.312144 0
    endloop
  endfacet
  facet normal 0 0 -1
    outer loop
      vertex -10 1.6 0
      vertex -12.9343 5.35757 0
      vertex -12.3469 6.59955 0
    endloop
  endfacet
  facet normal 0 0 -1
    outer loop
      vertex -14 0 0
      vertex -11.5693 -0.312144 0
      vertex -13.9326 -1.37224 0
    endloop
  endfacet
  facet normal 0 0 -1
    outer loop
      vertex -10.4645 1.5311 0
      vertex -13.3972 4.06398 0
      vertex -12.9343 5.35757 0
    endloop
  endfacet
  facet normal 0 0 -1
    outer loop
      vertex -11.5693 -0.312144 0
      vertex -14 0 0
      vertex -11.5923 -0.156827 0
    endloop
  endfacet
  facet normal 0 0 -1
    outer loop
      vertex -10.8889 1.33035 0
      vertex -13.731 2.73126 0
      vertex -13.3972 4.06398 0
    endloop
  endfacet
  facet normal 0 0 -1
    outer loop
      vertex -11.5923 -0.156827 0
      vertex -14 0 0
      vertex -11.6 0 0
    endloop
  endfacet
  facet normal 0 0 -1
    outer loop
      vertex -11.3304 0.888912 0
      vertex -13.9326 1.37224 0
      vertex -13.731 2.73126 0
    endloop
  endfacet
  facet normal -0 0 -1
    outer loop
      vertex -11.5693 0.312144 0
      vertex -14 0 0
      vertex -13.9326 1.37224 0
    endloop
  endfacet
  facet normal 0 0 -1
    outer loop
      vertex 6.59955 12.3469 0
      vertex 1.59229 9.84317 0
      vertex 1.6 10 0
    endloop
  endfacet
  facet normal 0 0 -1
    outer loop
      vertex 2.26395 3.38824 0
      vertex 1.56926 9.68785 0
      vertex 1.59229 9.84317 0
    endloop
  endfacet
  facet normal 0 0 -1
    outer loop
      vertex 1.01503 8.76318 0
      vertex 1.92094 3.59383 0
      vertex 1.55943 3.76481 0
    endloop
  endfacet
  facet normal 0 0 -1
    outer loop
      vertex 2.26395 3.38824 0
      vertex 1.5311 9.53554 0
      vertex 1.56926 9.68785 0
    endloop
  endfacet
  facet normal 0 0 -1
    outer loop
      vertex 2.26395 3.38824 0
      vertex 1.47821 9.38771 0
      vertex 1.5311 9.53554 0
    endloop
  endfacet
  facet normal 0 0 -1
    outer loop
      vertex 2.26395 3.38824 0
      vertex 1.41107 9.24576 0
      vertex 1.47821 9.38771 0
    endloop
  endfacet
  facet normal 0 0 -1
    outer loop
      vertex 2.26395 3.38824 0
      vertex 1.33035 9.11109 0
      vertex 1.41107 9.24576 0
    endloop
  endfacet
  facet normal 0 0 -1
    outer loop
      vertex 2.26395 3.38824 0
      vertex 1.23682 8.98497 0
      vertex 1.33035 9.11109 0
    endloop
  endfacet
  facet normal 0 0 -1
    outer loop
      vertex 0.888912 8.66965 0
      vertex 1.55943 3.76481 0
      vertex 1.18291 3.89953 0
    endloop
  endfacet
  facet normal 0 0 -1
    outer loop
      vertex 1.92094 3.59383 0
      vertex 1.13137 8.86863 0
      vertex 1.23682 8.98497 0
    endloop
  endfacet
  facet normal 0 0 -1
    outer loop
      vertex 1.92094 3.59383 0
      vertex 1.01503 8.76318 0
      vertex 1.13137 8.86863 0
    endloop
  endfacet
  facet normal 0 0 -1
    outer loop
      vertex 1.55943 3.76481 0
      vertex 0.888912 8.66965 0
      vertex 1.01503 8.76318 0
    endloop
  endfacet
  facet normal 0 0 -1
    outer loop
      vertex 0.612293 8.52179 0
      vertex 1.18291 3.89953 0
      vertex 0.794992 3.9967 0
    endloop
  endfacet
  facet normal 0 0 -1
    outer loop
      vertex 1.18291 3.89953 0
      vertex 0.754234 8.58893 0
      vertex 0.888912 8.66965 0
    endloop
  endfacet
  facet normal 0 0 -1
    outer loop
      vertex 1.18291 3.89953 0
      vertex 0.612293 8.52179 0
      vertex 0.754234 8.58893 0
    endloop
  endfacet
  facet normal 0 0 -1
    outer loop
      vertex 0.794992 3.9967 0
      vertex 0.464455 8.46889 0
      vertex 0.612293 8.52179 0
    endloop
  endfacet
  facet normal 0 0 -1
    outer loop
      vertex 0.39942 4.05538 0
      vertex 0.464455 8.46889 0
      vertex 0.794992 3.9967 0
    endloop
  endfacet
  facet normal 0 0 -1
    outer loop
      vertex 0.39942 4.05538 0
      vertex 0.312144 8.43074 0
      vertex 0.464455 8.46889 0
    endloop
  endfacet
  facet normal 0 0 -1
    outer loop
      vertex 0.39942 4.05538 0
      vertex 0.156827 8.4077 0
      vertex 0.312144 8.43074 0
    endloop
  endfacet
  facet normal 0 0 -1
    outer loop
      vertex 0 4.075 0
      vertex 0.156827 8.4077 0
      vertex 0.39942 4.05538 0
    endloop
  endfacet
  facet normal 0 0 -1
    outer loop
      vertex 0 4.075 0
      vertex 0 8.4 0
      vertex 0.156827 8.4077 0
    endloop
  endfacet
  facet normal 0 0 -1
    outer loop
      vertex 0 4.075 0
      vertex -0.156827 8.4077 0
      vertex 0 8.4 0
    endloop
  endfacet
  facet normal 0 0 -1
    outer loop
      vertex -0.39942 4.05538 0
      vertex -0.156827 8.4077 0
      vertex 0 4.075 0
    endloop
  endfacet
  facet normal -0 0 -1
    outer loop
      vertex -0.156827 8.4077 0
      vertex -0.39942 4.05538 0
      vertex -0.312144 8.43074 0
    endloop
  endfacet
  facet normal 0 0 -1
    outer loop
      vertex -0.39942 4.05538 0
      vertex -0.464455 8.46889 0
      vertex -0.312144 8.43074 0
    endloop
  endfacet
  facet normal 0 0 -1
    outer loop
      vertex -0.794992 3.9967 0
      vertex -0.464455 8.46889 0
      vertex -0.39942 4.05538 0
    endloop
  endfacet
  facet normal -0 0 -1
    outer loop
      vertex -0.464455 8.46889 0
      vertex -0.794992 3.9967 0
      vertex -0.612293 8.52179 0
    endloop
  endfacet
  facet normal 0 0 -1
    outer loop
      vertex -1.18291 3.89953 0
      vertex -0.612293 8.52179 0
      vertex -0.794992 3.9967 0
    endloop
  endfacet
  facet normal -0 0 -1
    outer loop
      vertex -0.612293 8.52179 0
      vertex -1.18291 3.89953 0
      vertex -0.754234 8.58893 0
    endloop
  endfacet
  facet normal -0 0 -1
    outer loop
      vertex -0.754234 8.58893 0
      vertex -1.18291 3.89953 0
      vertex -0.888912 8.66965 0
    endloop
  endfacet
  facet normal 0 0 -1
    outer loop
      vertex -1.55943 3.76481 0
      vertex -0.888912 8.66965 0
      vertex -1.18291 3.89953 0
    endloop
  endfacet
  facet normal -0 0 -1
    outer loop
      vertex -0.888912 8.66965 0
      vertex -1.55943 3.76481 0
      vertex -1.01503 8.76318 0
    endloop
  endfacet
  facet normal 0 0 -1
    outer loop
      vertex -1.92094 3.59383 0
      vertex -1.01503 8.76318 0
      vertex -1.55943 3.76481 0
    endloop
  endfacet
  facet normal -0 0 -1
    outer loop
      vertex -1.01503 8.76318 0
      vertex -1.92094 3.59383 0
      vertex -1.13137 8.86863 0
    endloop
  endfacet
  facet normal -0 0 -1
    outer loop
      vertex -1.13137 8.86863 0
      vertex -1.92094 3.59383 0
      vertex -1.23682 8.98497 0
    endloop
  endfacet
  facet normal 0 0 -1
    outer loop
      vertex -2.26395 3.38824 0
      vertex -1.23682 8.98497 0
      vertex -1.92094 3.59383 0
    endloop
  endfacet
  facet normal -0 0 -1
    outer loop
      vertex -1.23682 8.98497 0
      vertex -2.26395 3.38824 0
      vertex -1.33035 9.11109 0
    endloop
  endfacet
  facet normal 0 0 -1
    outer loop
      vertex -2.58515 3.15002 0
      vertex -1.33035 9.11109 0
      vertex -2.26395 3.38824 0
    endloop
  endfacet
  facet normal -0 0 -1
    outer loop
      vertex -1.33035 9.11109 0
      vertex -2.58515 3.15002 0
      vertex -1.41107 9.24576 0
    endloop
  endfacet
  facet normal 0 0 -1
    outer loop
      vertex -7.77798 11.6406 0
      vertex -1.41107 9.24576 0
      vertex -2.58515 3.15002 0
    endloop
  endfacet
  facet normal 0 0 -1
    outer loop
      vertex -1.41107 9.24576 0
      vertex -7.77798 11.6406 0
      vertex -1.47821 9.38771 0
    endloop
  endfacet
  facet normal 0 0 -1
    outer loop
      vertex -1.47821 9.38771 0
      vertex -7.77798 11.6406 0
      vertex -1.5311 9.53554 0
    endloop
  endfacet
  facet normal 0 0 -1
    outer loop
      vertex 9.11109 1.33035 0
      vertex 3.15002 2.58515 0
      vertex 9.24576 1.41107 0
    endloop
  endfacet
  facet normal 0 0 -1
    outer loop
      vertex 9.24576 1.41107 0
      vertex 3.15002 2.58515 0
      vertex 10.8221 8.88151 0
    endloop
  endfacet
  facet normal -0 0 -1
    outer loop
      vertex 10.8221 8.88151 0
      vertex 3.15002 2.58515 0
      vertex 9.89949 9.89949 0
    endloop
  endfacet
  facet normal 0 0 -1
    outer loop
      vertex 2.88146 2.88146 0
      vertex 9.89949 9.89949 0
      vertex 3.15002 2.58515 0
    endloop
  endfacet
  facet normal -0 0 -1
    outer loop
      vertex 9.89949 9.89949 0
      vertex 2.88146 2.88146 0
      vertex 8.88151 10.8221 0
    endloop
  endfacet
  facet normal 0 0 -1
    outer loop
      vertex 2.58515 3.15002 0
      vertex 8.88151 10.8221 0
      vertex 2.88146 2.88146 0
    endloop
  endfacet
  facet normal 0 0 -1
    outer loop
      vertex 1.59229 9.84317 0
      vertex 8.88151 10.8221 0
      vertex 2.58515 3.15002 0
    endloop
  endfacet
  facet normal 0 0 -1
    outer loop
      vertex 1.59229 9.84317 0
      vertex 7.77798 11.6406 0
      vertex 8.88151 10.8221 0
    endloop
  endfacet
  facet normal -0 0 -1
    outer loop
      vertex 6.59955 12.3469 0
      vertex 1.6 10 0
      vertex 5.35757 12.9343 0
    endloop
  endfacet
  facet normal 0 0 -1
    outer loop
      vertex 1.59229 10.1568 0
      vertex 5.35757 12.9343 0
      vertex 1.6 10 0
    endloop
  endfacet
  facet normal 0 0 -1
    outer loop
      vertex 1.59229 9.84317 0
      vertex 6.59955 12.3469 0
      vertex 7.77798 11.6406 0
    endloop
  endfacet
  facet normal 0 0 -1
    outer loop
      vertex 1.59229 9.84317 0
      vertex 2.58515 3.15002 0
      vertex 2.26395 3.38824 0
    endloop
  endfacet
  facet normal 0 0 -1
    outer loop
      vertex 1.23682 8.98497 0
      vertex 2.26395 3.38824 0
      vertex 1.92094 3.59383 0
    endloop
  endfacet
  facet normal 0 0 -1
    outer loop
      vertex 1.56926 10.3121 0
      vertex 5.35757 12.9343 0
      vertex 1.59229 10.1568 0
    endloop
  endfacet
  facet normal -0 0 -1
    outer loop
      vertex 5.35757 12.9343 0
      vertex 1.56926 10.3121 0
      vertex 4.06398 13.3972 0
    endloop
  endfacet
  facet normal 0 0 -1
    outer loop
      vertex 1.5311 10.4645 0
      vertex 4.06398 13.3972 0
      vertex 1.56926 10.3121 0
    endloop
  endfacet
  facet normal 0 0 -1
    outer loop
      vertex 1.47821 10.6123 0
      vertex 4.06398 13.3972 0
      vertex 1.5311 10.4645 0
    endloop
  endfacet
  facet normal 0 0 -1
    outer loop
      vertex 1.41107 10.7542 0
      vertex 4.06398 13.3972 0
      vertex 1.47821 10.6123 0
    endloop
  endfacet
  facet normal 0 0 -1
    outer loop
      vertex 1.33035 10.8889 0
      vertex 4.06398 13.3972 0
      vertex 1.41107 10.7542 0
    endloop
  endfacet
  facet normal -0 0 -1
    outer loop
      vertex 4.06398 13.3972 0
      vertex 1.33035 10.8889 0
      vertex 2.73126 13.731 0
    endloop
  endfacet
  facet normal 0 0 -1
    outer loop
      vertex 1.23682 11.015 0
      vertex 2.73126 13.731 0
      vertex 1.33035 10.8889 0
    endloop
  endfacet
  facet normal 0 0 -1
    outer loop
      vertex 1.13137 11.1314 0
      vertex 2.73126 13.731 0
      vertex 1.23682 11.015 0
    endloop
  endfacet
  facet normal 0 0 -1
    outer loop
      vertex 1.01503 11.2368 0
      vertex 2.73126 13.731 0
      vertex 1.13137 11.1314 0
    endloop
  endfacet
  facet normal -0 0 -1
    outer loop
      vertex 2.73126 13.731 0
      vertex 1.01503 11.2368 0
      vertex 1.37224 13.9326 0
    endloop
  endfacet
  facet normal 0 0 -1
    outer loop
      vertex 0.888912 11.3304 0
      vertex 1.37224 13.9326 0
      vertex 1.01503 11.2368 0
    endloop
  endfacet
  facet normal 0 0 -1
    outer loop
      vertex 0.754234 11.4111 0
      vertex 1.37224 13.9326 0
      vertex 0.888912 11.3304 0
    endloop
  endfacet
  facet normal 0 0 -1
    outer loop
      vertex 0.612293 11.4782 0
      vertex 1.37224 13.9326 0
      vertex 0.754234 11.4111 0
    endloop
  endfacet
  facet normal 0 0 -1
    outer loop
      vertex 0.464455 11.5311 0
      vertex 1.37224 13.9326 0
      vertex 0.612293 11.4782 0
    endloop
  endfacet
  facet normal 0 0 -1
    outer loop
      vertex 0.312144 11.5693 0
      vertex 1.37224 13.9326 0
      vertex 0.464455 11.5311 0
    endloop
  endfacet
  facet normal 0 0 -1
    outer loop
      vertex 0 14 0
      vertex 0.312144 11.5693 0
      vertex 0.156827 11.5923 0
    endloop
  endfacet
  facet normal 0 0 -1
    outer loop
      vertex 0 14 0
      vertex 0.156827 11.5923 0
      vertex 0 11.6 0
    endloop
  endfacet
  facet normal 0 0 -1
    outer loop
      vertex 0.312144 11.5693 0
      vertex 0 14 0
      vertex 1.37224 13.9326 0
    endloop
  endfacet
  facet normal 0 0 -1
    outer loop
      vertex -0.156827 11.5923 0
      vertex 0 14 0
      vertex 0 11.6 0
    endloop
  endfacet
  facet normal 0 0 -1
    outer loop
      vertex -0.312144 11.5693 0
      vertex 0 14 0
      vertex -0.156827 11.5923 0
    endloop
  endfacet
  facet normal 0 0 -1
    outer loop
      vertex -1.37224 13.9326 0
      vertex -0.312144 11.5693 0
      vertex -0.464455 11.5311 0
    endloop
  endfacet
  facet normal 0 0 -1
    outer loop
      vertex -1.37224 13.9326 0
      vertex -0.464455 11.5311 0
      vertex -0.612293 11.4782 0
    endloop
  endfacet
  facet normal 0 0 -1
    outer loop
      vertex -1.37224 13.9326 0
      vertex -0.612293 11.4782 0
      vertex -0.754234 11.4111 0
    endloop
  endfacet
  facet normal 0 0 -1
    outer loop
      vertex -1.37224 13.9326 0
      vertex -0.754234 11.4111 0
      vertex -0.888912 11.3304 0
    endloop
  endfacet
  facet normal 0 0 -1
    outer loop
      vertex -1.37224 13.9326 0
      vertex -0.888912 11.3304 0
      vertex -1.01503 11.2368 0
    endloop
  endfacet
  facet normal 0 0 -1
    outer loop
      vertex -2.73126 13.731 0
      vertex -1.01503 11.2368 0
      vertex -1.13137 11.1314 0
    endloop
  endfacet
  facet normal 0 0 -1
    outer loop
      vertex -2.73126 13.731 0
      vertex -1.13137 11.1314 0
      vertex -1.23682 11.015 0
    endloop
  endfacet
  facet normal 0 0 -1
    outer loop
      vertex -2.73126 13.731 0
      vertex -1.23682 11.015 0
      vertex -1.33035 10.8889 0
    endloop
  endfacet
  facet normal 0 0 -1
    outer loop
      vertex -0.312144 11.5693 0
      vertex -1.37224 13.9326 0
      vertex 0 14 0
    endloop
  endfacet
  facet normal 0 0 -1
    outer loop
      vertex -4.06398 13.3972 0
      vertex -1.33035 10.8889 0
      vertex -1.41107 10.7542 0
    endloop
  endfacet
  facet normal 0 0 -1
    outer loop
      vertex -4.06398 13.3972 0
      vertex -1.41107 10.7542 0
      vertex -1.47821 10.6123 0
    endloop
  endfacet
  facet normal 0 0 -1
    outer loop
      vertex -4.06398 13.3972 0
      vertex -1.47821 10.6123 0
      vertex -1.5311 10.4645 0
    endloop
  endfacet
  facet normal 0 0 -1
    outer loop
      vertex -4.06398 13.3972 0
      vertex -1.5311 10.4645 0
      vertex -1.56926 10.3121 0
    endloop
  endfacet
  facet normal 0 0 -1
    outer loop
      vertex -5.35757 12.9343 0
      vertex -1.56926 10.3121 0
      vertex -1.59229 10.1568 0
    endloop
  endfacet
  facet normal 0 0 -1
    outer loop
      vertex -1.5311 9.53554 0
      vertex -7.77798 11.6406 0
      vertex -1.56926 9.68785 0
    endloop
  endfacet
  facet normal 0 -0 -1
    outer loop
      vertex -6.59955 12.3469 0
      vertex -1.56926 9.68785 0
      vertex -7.77798 11.6406 0
    endloop
  endfacet
  facet normal 0 0 -1
    outer loop
      vertex -1.56926 9.68785 0
      vertex -6.59955 12.3469 0
      vertex -1.59229 9.84317 0
    endloop
  endfacet
  facet normal 0 0 -1
    outer loop
      vertex -1.59229 9.84317 0
      vertex -6.59955 12.3469 0
      vertex -1.6 10 0
    endloop
  endfacet
  facet normal 0 0 -1
    outer loop
      vertex -1.01503 11.2368 0
      vertex -2.73126 13.731 0
      vertex -1.37224 13.9326 0
    endloop
  endfacet
  facet normal 0 0 -1
    outer loop
      vertex -7.77798 11.6406 0
      vertex -2.58515 3.15002 0
      vertex -2.88146 2.88146 0
    endloop
  endfacet
  facet normal 0 0 -1
    outer loop
      vertex -7.77798 11.6406 0
      vertex -2.88146 2.88146 0
      vertex -3.15002 2.58515 0
    endloop
  endfacet
  facet normal 0 0 -1
    outer loop
      vertex -7.77798 11.6406 0
      vertex -3.15002 2.58515 0
      vertex -3.38824 2.26395 0
    endloop
  endfacet
  facet normal 0 0 -1
    outer loop
      vertex -8.52179 0.612293 0
      vertex -3.9967 0.794992 0
      vertex -8.46889 0.464455 0
    endloop
  endfacet
  facet normal 0 0 -1
    outer loop
      vertex -8.46889 0.464455 0
      vertex -3.9967 0.794992 0
      vertex -8.43074 0.312144 0
    endloop
  endfacet
  facet normal -0 0 -1
    outer loop
      vertex -4.05538 0.39942 0
      vertex -8.43074 0.312144 0
      vertex -3.9967 0.794992 0
    endloop
  endfacet
  facet normal 0 0 -1
    outer loop
      vertex -8.43074 0.312144 0
      vertex -4.05538 0.39942 0
      vertex -8.4077 0.156827 0
    endloop
  endfacet
  facet normal 0 0 -1
    outer loop
      vertex -4.075 0 0
      vertex -8.4077 0.156827 0
      vertex -4.05538 0.39942 0
    endloop
  endfacet
  facet normal 0 0 -1
    outer loop
      vertex -1.33035 10.8889 0
      vertex -4.06398 13.3972 0
      vertex -2.73126 13.731 0
    endloop
  endfacet
  facet normal 0 0 -1
    outer loop
      vertex -8.4077 0.156827 0
      vertex -4.075 0 0
      vertex -8.4 0 0
    endloop
  endfacet
  facet normal 0 0 -1
    outer loop
      vertex -3.15002 -2.58515 0
      vertex -9.11109 -1.33035 0
      vertex -3.38824 -2.26395 0
    endloop
  endfacet
  facet normal -0 0 -1
    outer loop
      vertex -3.9967 0.794992 0
      vertex -8.52179 0.612293 0
      vertex -3.89953 1.18291 0
    endloop
  endfacet
  facet normal 0 -0 -1
    outer loop
      vertex -8.86863 -1.13137 0
      vertex -3.59383 -1.92094 0
      vertex -8.98497 -1.23682 0
    endloop
  endfacet
  facet normal 0 0 -1
    outer loop
      vertex -1.56926 10.3121 0
      vertex -5.35757 12.9343 0
      vertex -4.06398 13.3972 0
    endloop
  endfacet
  facet normal 0 -0 -1
    outer loop
      vertex -8.76318 -1.01503 0
      vertex -3.59383 -1.92094 0
      vertex -8.86863 -1.13137 0
    endloop
  endfacet
  facet normal 0 0 -1
    outer loop
      vertex -1.6 10 0
      vertex -5.35757 12.9343 0
      vertex -1.59229 10.1568 0
    endloop
  endfacet
  facet normal 0 -0 -1
    outer loop
      vertex -5.35757 12.9343 0
      vertex -1.6 10 0
      vertex -6.59955 12.3469 0
    endloop
  endfacet
  facet normal -0 0 -1
    outer loop
      vertex -4.075 0 0
      vertex -8.4077 -0.156827 0
      vertex -8.4 0 0
    endloop
  endfacet
  facet normal 0 0 -1
    outer loop
      vertex -4.05538 -0.39942 0
      vertex -8.4077 -0.156827 0
      vertex -4.075 0 0
    endloop
  endfacet
  facet normal 0 -0 -1
    outer loop
      vertex -8.4077 -0.156827 0
      vertex -4.05538 -0.39942 0
      vertex -8.43074 -0.312144 0
    endloop
  endfacet
  facet normal 0 -0 -1
    outer loop
      vertex -8.43074 -0.312144 0
      vertex -4.05538 -0.39942 0
      vertex -8.46889 -0.464455 0
    endloop
  endfacet
  facet normal 0 0 -1
    outer loop
      vertex -3.9967 -0.794992 0
      vertex -8.46889 -0.464455 0
      vertex -4.05538 -0.39942 0
    endloop
  endfacet
  facet normal 0 -0 -1
    outer loop
      vertex -8.46889 -0.464455 0
      vertex -3.9967 -0.794992 0
      vertex -8.52179 -0.612293 0
    endloop
  endfacet
  facet normal 0 0 -1
    outer loop
      vertex -3.89953 -1.18291 0
      vertex -8.52179 -0.612293 0
      vertex -3.9967 -0.794992 0
    endloop
  endfacet
  facet normal 0 -0 -1
    outer loop
      vertex -8.52179 -0.612293 0
      vertex -3.89953 -1.18291 0
      vertex -8.58893 -0.754234 0
    endloop
  endfacet
  facet normal 0 0 -1
    outer loop
      vertex -3.76481 -1.55943 0
      vertex -8.66965 -0.888912 0
      vertex -3.89953 -1.18291 0
    endloop
  endfacet
  facet normal 0 -0 -1
    outer loop
      vertex -8.58893 -0.754234 0
      vertex -3.89953 -1.18291 0
      vertex -8.66965 -0.888912 0
    endloop
  endfacet
  facet normal 0 0 -1
    outer loop
      vertex -3.59383 -1.92094 0
      vertex -8.76318 -1.01503 0
      vertex -3.76481 -1.55943 0
    endloop
  endfacet
  facet normal 0 -0 -1
    outer loop
      vertex -8.66965 -0.888912 0
      vertex -3.76481 -1.55943 0
      vertex -8.76318 -1.01503 0
    endloop
  endfacet
  facet normal 0 0 -1
    outer loop
      vertex -3.38824 -2.26395 0
      vertex -8.98497 -1.23682 0
      vertex -3.59383 -1.92094 0
    endloop
  endfacet
  facet normal 0 -0 -1
    outer loop
      vertex -8.98497 -1.23682 0
      vertex -3.38824 -2.26395 0
      vertex -9.11109 -1.33035 0
    endloop
  endfacet
  facet normal 0 0 -1
    outer loop
      vertex -9.24576 -1.41107 0
      vertex -10.8221 -8.88151 0
      vertex -9.38771 -1.47821 0
    endloop
  endfacet
  facet normal 0 0 -1
    outer loop
      vertex -11.6406 -7.77798 0
      vertex -9.38771 -1.47821 0
      vertex -10.8221 -8.88151 0
    endloop
  endfacet
  facet normal 0 0 -1
    outer loop
      vertex -9.38771 -1.47821 0
      vertex -11.6406 -7.77798 0
      vertex -9.53554 -1.5311 0
    endloop
  endfacet
  facet normal 0 0 -1
    outer loop
      vertex -9.53554 -1.5311 0
      vertex -11.6406 -7.77798 0
      vertex -9.68785 -1.56926 0
    endloop
  endfacet
  facet normal 0 0 -1
    outer loop
      vertex -12.3469 -6.59955 0
      vertex -9.68785 -1.56926 0
      vertex -11.6406 -7.77798 0
    endloop
  endfacet
  facet normal 0 0 -1
    outer loop
      vertex -9.68785 -1.56926 0
      vertex -12.3469 -6.59955 0
      vertex -9.84317 -1.59229 0
    endloop
  endfacet
  facet normal 0 0 -1
    outer loop
      vertex -9.84317 -1.59229 0
      vertex -12.3469 -6.59955 0
      vertex -10 -1.6 0
    endloop
  endfacet
  facet normal 0 0 -1
    outer loop
      vertex -12.9343 -5.35757 0
      vertex -10 -1.6 0
      vertex -12.3469 -6.59955 0
    endloop
  endfacet
  facet normal -0 0 -1
    outer loop
      vertex -10 -1.6 0
      vertex -12.9343 -5.35757 0
      vertex -10.1568 -1.59229 0
    endloop
  endfacet
  facet normal -0 0 -1
    outer loop
      vertex -10.1568 -1.59229 0
      vertex -12.9343 -5.35757 0
      vertex -10.3121 -1.56926 0
    endloop
  endfacet
  facet normal -0 0 -1
    outer loop
      vertex -10.3121 -1.56926 0
      vertex -12.9343 -5.35757 0
      vertex -10.4645 -1.5311 0
    endloop
  endfacet
  facet normal 0 0 -1
    outer loop
      vertex -13.3972 -4.06398 0
      vertex -10.4645 -1.5311 0
      vertex -12.9343 -5.35757 0
    endloop
  endfacet
  facet normal -0 0 -1
    outer loop
      vertex -10.4645 -1.5311 0
      vertex -13.3972 -4.06398 0
      vertex -10.6123 -1.47821 0
    endloop
  endfacet
  facet normal -0 0 -1
    outer loop
      vertex -10.6123 -1.47821 0
      vertex -13.3972 -4.06398 0
      vertex -10.7542 -1.41107 0
    endloop
  endfacet
  facet normal -0 0 -1
    outer loop
      vertex -10.7542 -1.41107 0
      vertex -13.3972 -4.06398 0
      vertex -10.8889 -1.33035 0
    endloop
  endfacet
  facet normal 0 0 -1
    outer loop
      vertex -13.731 -2.73126 0
      vertex -10.8889 -1.33035 0
      vertex -13.3972 -4.06398 0
    endloop
  endfacet
  facet normal -0 0 -1
    outer loop
      vertex -10.8889 -1.33035 0
      vertex -13.731 -2.73126 0
      vertex -11.015 -1.23682 0
    endloop
  endfacet
  facet normal -0 0 -1
    outer loop
      vertex -11.015 -1.23682 0
      vertex -13.731 -2.73126 0
      vertex -11.1314 -1.13137 0
    endloop
  endfacet
  facet normal -0 0 -1
    outer loop
      vertex -11.1314 -1.13137 0
      vertex -13.731 -2.73126 0
      vertex -11.2368 -1.01503 0
    endloop
  endfacet
  facet normal -0 0 -1
    outer loop
      vertex -11.2368 -1.01503 0
      vertex -13.731 -2.73126 0
      vertex -11.3304 -0.888912 0
    endloop
  endfacet
  facet normal -0 0 -1
    outer loop
      vertex -11.3304 -0.888912 0
      vertex -13.9326 -1.37224 0
      vertex -11.4111 -0.754234 0
    endloop
  endfacet
  facet normal 0 0 -1
    outer loop
      vertex -13.9326 -1.37224 0
      vertex -11.3304 -0.888912 0
      vertex -13.731 -2.73126 0
    endloop
  endfacet
  facet normal 0 0 -1
    outer loop
      vertex 7.77798 -11.6406 0
      vertex 1.47821 -9.38771 0
      vertex 8.88151 -10.8221 0
    endloop
  endfacet
  facet normal 0 0 -1
    outer loop
      vertex 1.41107 -9.24576 0
      vertex 8.88151 -10.8221 0
      vertex 1.47821 -9.38771 0
    endloop
  endfacet
  facet normal 0 0 -1
    outer loop
      vertex 8.88151 -10.8221 0
      vertex 1.41107 -9.24576 0
      vertex 2.58515 -3.15002 0
    endloop
  endfacet
  facet normal 0 0 -1
    outer loop
      vertex 1.33035 -9.11109 0
      vertex 2.58515 -3.15002 0
      vertex 1.41107 -9.24576 0
    endloop
  endfacet
  facet normal 0 0 -1
    outer loop
      vertex 2.58515 -3.15002 0
      vertex 1.33035 -9.11109 0
      vertex 2.26395 -3.38824 0
    endloop
  endfacet
  facet normal 0 0 -1
    outer loop
      vertex 1.23682 -8.98497 0
      vertex 2.26395 -3.38824 0
      vertex 1.33035 -9.11109 0
    endloop
  endfacet
  facet normal 0 0 -1
    outer loop
      vertex 2.26395 -3.38824 0
      vertex 1.23682 -8.98497 0
      vertex 1.92094 -3.59383 0
    endloop
  endfacet
  facet normal 0 0 -1
    outer loop
      vertex 1.13137 -8.86863 0
      vertex 1.92094 -3.59383 0
      vertex 1.23682 -8.98497 0
    endloop
  endfacet
  facet normal 0 0 -1
    outer loop
      vertex 1.01503 -8.76318 0
      vertex 1.92094 -3.59383 0
      vertex 1.13137 -8.86863 0
    endloop
  endfacet
  facet normal 0 0 -1
    outer loop
      vertex 1.92094 -3.59383 0
      vertex 1.01503 -8.76318 0
      vertex 1.55943 -3.76481 0
    endloop
  endfacet
  facet normal 0 0 -1
    outer loop
      vertex 0.888912 -8.66965 0
      vertex 1.55943 -3.76481 0
      vertex 1.01503 -8.76318 0
    endloop
  endfacet
  facet normal 0 0 -1
    outer loop
      vertex 1.55943 -3.76481 0
      vertex 0.888912 -8.66965 0
      vertex 1.18291 -3.89953 0
    endloop
  endfacet
  facet normal 0 0 -1
    outer loop
      vertex 0.754234 -8.58893 0
      vertex 1.18291 -3.89953 0
      vertex 0.888912 -8.66965 0
    endloop
  endfacet
  facet normal 0 0 -1
    outer loop
      vertex 0.612293 -8.52179 0
      vertex 1.18291 -3.89953 0
      vertex 0.754234 -8.58893 0
    endloop
  endfacet
  facet normal 0 0 -1
    outer loop
      vertex 1.18291 -3.89953 0
      vertex 0.612293 -8.52179 0
      vertex 0.794992 -3.9967 0
    endloop
  endfacet
  facet normal 0 0 -1
    outer loop
      vertex 0.464455 -8.46889 0
      vertex 0.794992 -3.9967 0
      vertex 0.612293 -8.52179 0
    endloop
  endfacet
  facet normal 0 0 -1
    outer loop
      vertex 0.464455 -8.46889 0
      vertex 0.39942 -4.05538 0
      vertex 0.794992 -3.9967 0
    endloop
  endfacet
  facet normal 0 0 -1
    outer loop
      vertex 0.312144 -8.43074 0
      vertex 0.39942 -4.05538 0
      vertex 0.464455 -8.46889 0
    endloop
  endfacet
  facet normal 0 0 -1
    outer loop
      vertex 0.156827 -8.4077 0
      vertex 0.39942 -4.05538 0
      vertex 0.312144 -8.43074 0
    endloop
  endfacet
  facet normal 0 0 -1
    outer loop
      vertex 0 -4.075 0
      vertex 0.156827 -8.4077 0
      vertex 0 -8.4 0
    endloop
  endfacet
  facet normal 0 0 -1
    outer loop
      vertex 0.156827 -8.4077 0
      vertex 0 -4.075 0
      vertex 0.39942 -4.05538 0
    endloop
  endfacet
  facet normal 0 0 -1
    outer loop
      vertex -0.156827 -8.4077 0
      vertex 0 -4.075 0
      vertex 0 -8.4 0
    endloop
  endfacet
  facet normal 0 0 -1
    outer loop
      vertex -0.39942 -4.05538 0
      vertex -0.156827 -8.4077 0
      vertex -0.312144 -8.43074 0
    endloop
  endfacet
  facet normal 0 0 -1
    outer loop
      vertex -0.156827 -8.4077 0
      vertex -0.39942 -4.05538 0
      vertex 0 -4.075 0
    endloop
  endfacet
  facet normal 0 0 -1
    outer loop
      vertex -0.464455 -8.46889 0
      vertex -0.39942 -4.05538 0
      vertex -0.312144 -8.43074 0
    endloop
  endfacet
  facet normal 0 0 -1
    outer loop
      vertex -0.794992 -3.9967 0
      vertex -0.464455 -8.46889 0
      vertex -0.612293 -8.52179 0
    endloop
  endfacet
  facet normal 0 0 -1
    outer loop
      vertex -1.18291 -3.89953 0
      vertex -0.612293 -8.52179 0
      vertex -0.754234 -8.58893 0
    endloop
  endfacet
  facet normal 0 0 -1
    outer loop
      vertex -0.464455 -8.46889 0
      vertex -0.794992 -3.9967 0
      vertex -0.39942 -4.05538 0
    endloop
  endfacet
  facet normal 0 0 -1
    outer loop
      vertex -1.18291 -3.89953 0
      vertex -0.754234 -8.58893 0
      vertex -0.888912 -8.66965 0
    endloop
  endfacet
  facet normal 0 0 -1
    outer loop
      vertex -1.55943 -3.76481 0
      vertex -0.888912 -8.66965 0
      vertex -1.01503 -8.76318 0
    endloop
  endfacet
  facet normal 0 0 -1
    outer loop
      vertex -1.92094 -3.59383 0
      vertex -1.01503 -8.76318 0
      vertex -1.13137 -8.86863 0
    endloop
  endfacet
  facet normal 0 0 -1
    outer loop
      vertex -0.612293 -8.52179 0
      vertex -1.18291 -3.89953 0
      vertex -0.794992 -3.9967 0
    endloop
  endfacet
  facet normal 0 0 -1
    outer loop
      vertex -1.92094 -3.59383 0
      vertex -1.13137 -8.86863 0
      vertex -1.23682 -8.98497 0
    endloop
  endfacet
  facet normal 0 0 -1
    outer loop
      vertex -2.26395 -3.38824 0
      vertex -1.23682 -8.98497 0
      vertex -1.33035 -9.11109 0
    endloop
  endfacet
  facet normal 0 0 -1
    outer loop
      vertex -2.58515 -3.15002 0
      vertex -1.33035 -9.11109 0
      vertex -1.41107 -9.24576 0
    endloop
  endfacet
  facet normal 0 0 -1
    outer loop
      vertex -8.88151 -10.8221 0
      vertex -1.47821 -9.38771 0
      vertex -7.77798 -11.6406 0
    endloop
  endfacet
  facet normal 0 0 -1
    outer loop
      vertex -7.77798 -11.6406 0
      vertex -1.56926 -9.68785 0
      vertex -6.59955 -12.3469 0
    endloop
  endfacet
  facet normal 0 0 -1
    outer loop
      vertex -0.888912 -8.66965 0
      vertex -1.55943 -3.76481 0
      vertex -1.18291 -3.89953 0
    endloop
  endfacet
  facet normal -0 0 -1
    outer loop
      vertex -1.59229 -9.84317 0
      vertex -6.59955 -12.3469 0
      vertex -1.56926 -9.68785 0
    endloop
  endfacet
  facet normal -0 0 -1
    outer loop
      vertex -1.6 -10 0
      vertex -6.59955 -12.3469 0
      vertex -1.59229 -9.84317 0
    endloop
  endfacet
  facet normal 0 0 -1
    outer loop
      vertex -6.59955 -12.3469 0
      vertex -1.6 -10 0
      vertex -5.35757 -12.9343 0
    endloop
  endfacet
  facet normal 0 0 -1
    outer loop
      vertex -1.01503 -8.76318 0
      vertex -1.92094 -3.59383 0
      vertex -1.55943 -3.76481 0
    endloop
  endfacet
  facet normal 0 0 -1
    outer loop
      vertex 11.5693 -0.312144 0
      vertex 14 0 0
      vertex 13.9326 -1.37224 0
    endloop
  endfacet
  facet normal 0 0 -1
    outer loop
      vertex 11.3304 -0.888912 0
      vertex 13.9326 -1.37224 0
      vertex 13.731 -2.73126 0
    endloop
  endfacet
  facet normal 0 0 -1
    outer loop
      vertex 14 0 0
      vertex 11.5693 -0.312144 0
      vertex 11.5923 -0.156827 0
    endloop
  endfacet
  facet normal 0 0 -1
    outer loop
      vertex 10.8889 -1.33035 0
      vertex 13.731 -2.73126 0
      vertex 13.3972 -4.06398 0
    endloop
  endfacet
  facet normal 0 0 -1
    outer loop
      vertex 11.5923 0.156827 0
      vertex 14 0 0
      vertex 11.6 0 0
    endloop
  endfacet
  facet normal 0 0 -1
    outer loop
      vertex 10.4645 -1.5311 0
      vertex 13.3972 -4.06398 0
      vertex 12.9343 -5.35757 0
    endloop
  endfacet
  facet normal 0 0 -1
    outer loop
      vertex 11.5693 0.312144 0
      vertex 14 0 0
      vertex 11.5923 0.156827 0
    endloop
  endfacet
  facet normal 0 0 -1
    outer loop
      vertex 10 -1.6 0
      vertex 12.9343 -5.35757 0
      vertex 12.3469 -6.59955 0
    endloop
  endfacet
  facet normal 0 0 -1
    outer loop
      vertex 14 0 0
      vertex 11.5693 0.312144 0
      vertex 13.9326 1.37224 0
    endloop
  endfacet
  facet normal 0 0 -1
    outer loop
      vertex 9.68785 -1.56926 0
      vertex 12.3469 -6.59955 0
      vertex 11.6406 -7.77798 0
    endloop
  endfacet
  facet normal 0 0 -1
    outer loop
      vertex 11.4782 0.612293 0
      vertex 13.9326 1.37224 0
      vertex 11.5311 0.464455 0
    endloop
  endfacet
  facet normal 0 0 -1
    outer loop
      vertex 11.4111 0.754234 0
      vertex 13.9326 1.37224 0
      vertex 11.4782 0.612293 0
    endloop
  endfacet
  facet normal 0 0 -1
    outer loop
      vertex 11.5311 0.464455 0
      vertex 13.9326 1.37224 0
      vertex 11.5693 0.312144 0
    endloop
  endfacet
  facet normal -0 0 -1
    outer loop
      vertex 14 0 0
      vertex 11.5923 -0.156827 0
      vertex 11.6 0 0
    endloop
  endfacet
  facet normal 0 0 -1
    outer loop
      vertex 13.9326 -1.37224 0
      vertex 11.5311 -0.464455 0
      vertex 11.5693 -0.312144 0
    endloop
  endfacet
  facet normal 0 0 -1
    outer loop
      vertex 13.9326 -1.37224 0
      vertex 11.4782 -0.612293 0
      vertex 11.5311 -0.464455 0
    endloop
  endfacet
  facet normal 0 0 -1
    outer loop
      vertex 13.9326 -1.37224 0
      vertex 11.4111 -0.754234 0
      vertex 11.4782 -0.612293 0
    endloop
  endfacet
  facet normal 0 0 -1
    outer loop
      vertex 13.9326 -1.37224 0
      vertex 11.3304 -0.888912 0
      vertex 11.4111 -0.754234 0
    endloop
  endfacet
  facet normal 0 0 -1
    outer loop
      vertex 13.731 -2.73126 0
      vertex 11.2368 -1.01503 0
      vertex 11.3304 -0.888912 0
    endloop
  endfacet
  facet normal 0 0 -1
    outer loop
      vertex 13.731 -2.73126 0
      vertex 11.1314 -1.13137 0
      vertex 11.2368 -1.01503 0
    endloop
  endfacet
  facet normal 0 0 -1
    outer loop
      vertex 13.731 -2.73126 0
      vertex 11.015 -1.23682 0
      vertex 11.1314 -1.13137 0
    endloop
  endfacet
  facet normal 0 0 -1
    outer loop
      vertex 13.731 -2.73126 0
      vertex 10.8889 -1.33035 0
      vertex 11.015 -1.23682 0
    endloop
  endfacet
  facet normal 0 0 -1
    outer loop
      vertex 9.38771 -1.47821 0
      vertex 11.6406 -7.77798 0
      vertex 10.8221 -8.88151 0
    endloop
  endfacet
  facet normal 0 0 -1
    outer loop
      vertex 13.3972 -4.06398 0
      vertex 10.7542 -1.41107 0
      vertex 10.8889 -1.33035 0
    endloop
  endfacet
  facet normal 0 0 -1
    outer loop
      vertex 13.3972 -4.06398 0
      vertex 10.6123 -1.47821 0
      vertex 10.7542 -1.41107 0
    endloop
  endfacet
  facet normal 0 0 -1
    outer loop
      vertex 13.3972 -4.06398 0
      vertex 10.4645 -1.5311 0
      vertex 10.6123 -1.47821 0
    endloop
  endfacet
  facet normal 0 0 -1
    outer loop
      vertex 12.9343 -5.35757 0
      vertex 10.3121 -1.56926 0
      vertex 10.4645 -1.5311 0
    endloop
  endfacet
  facet normal 0 0 -1
    outer loop
      vertex 12.9343 -5.35757 0
      vertex 10.1568 -1.59229 0
      vertex 10.3121 -1.56926 0
    endloop
  endfacet
  facet normal 0 0 -1
    outer loop
      vertex 12.9343 -5.35757 0
      vertex 10 -1.6 0
      vertex 10.1568 -1.59229 0
    endloop
  endfacet
  facet normal 0 0 -1
    outer loop
      vertex 3.15002 -2.58515 0
      vertex 10.8221 -8.88151 0
      vertex 9.89949 -9.89949 0
    endloop
  endfacet
  facet normal 0 0 -1
    outer loop
      vertex 12.3469 -6.59955 0
      vertex 9.84317 -1.59229 0
      vertex 10 -1.6 0
    endloop
  endfacet
  facet normal 0 0 -1
    outer loop
      vertex 12.3469 -6.59955 0
      vertex 9.68785 -1.56926 0
      vertex 9.84317 -1.59229 0
    endloop
  endfacet
  facet normal 0 0 -1
    outer loop
      vertex 11.6406 -7.77798 0
      vertex 9.53554 -1.5311 0
      vertex 9.68785 -1.56926 0
    endloop
  endfacet
  facet normal 0 0 -1
    outer loop
      vertex 11.6406 -7.77798 0
      vertex 9.38771 -1.47821 0
      vertex 9.53554 -1.5311 0
    endloop
  endfacet
  facet normal 0 0 -1
    outer loop
      vertex 10.8221 -8.88151 0
      vertex 9.24576 -1.41107 0
      vertex 9.38771 -1.47821 0
    endloop
  endfacet
  facet normal 0 0 -1
    outer loop
      vertex 10.8221 -8.88151 0
      vertex 3.15002 -2.58515 0
      vertex 9.24576 -1.41107 0
    endloop
  endfacet
  facet normal -0 0 -1
    outer loop
      vertex 9.24576 -1.41107 0
      vertex 3.15002 -2.58515 0
      vertex 9.11109 -1.33035 0
    endloop
  endfacet
  facet normal 0 0 -1
    outer loop
      vertex 2.88146 -2.88146 0
      vertex 9.89949 -9.89949 0
      vertex 8.88151 -10.8221 0
    endloop
  endfacet
  facet normal 0 -0 -1
    outer loop
      vertex 3.38824 -2.26395 0
      vertex 9.11109 -1.33035 0
      vertex 3.15002 -2.58515 0
    endloop
  endfacet
  facet normal -0 0 -1
    outer loop
      vertex 9.11109 -1.33035 0
      vertex 3.38824 -2.26395 0
      vertex 8.98497 -1.23682 0
    endloop
  endfacet
  facet normal 0 -0 -1
    outer loop
      vertex 3.59383 -1.92094 0
      vertex 8.98497 -1.23682 0
      vertex 3.38824 -2.26395 0
    endloop
  endfacet
  facet normal -0 0 -1
    outer loop
      vertex 8.98497 -1.23682 0
      vertex 3.59383 -1.92094 0
      vertex 8.86863 -1.13137 0
    endloop
  endfacet
  facet normal -0 0 -1
    outer loop
      vertex 8.86863 -1.13137 0
      vertex 3.59383 -1.92094 0
      vertex 8.76318 -1.01503 0
    endloop
  endfacet
  facet normal 0 -0 -1
    outer loop
      vertex 3.76481 -1.55943 0
      vertex 8.76318 -1.01503 0
      vertex 3.59383 -1.92094 0
    endloop
  endfacet
  facet normal -0 0 -1
    outer loop
      vertex 8.76318 -1.01503 0
      vertex 3.76481 -1.55943 0
      vertex 8.66965 -0.888912 0
    endloop
  endfacet
  facet normal -0 0 -1
    outer loop
      vertex 8.66965 -0.888912 0
      vertex 3.89953 -1.18291 0
      vertex 8.58893 -0.754234 0
    endloop
  endfacet
  facet normal -0 0 -1
    outer loop
      vertex 8.58893 -0.754234 0
      vertex 3.89953 -1.18291 0
      vertex 8.52179 -0.612293 0
    endloop
  endfacet
  facet normal 0 0 -1
    outer loop
      vertex 1.56926 -9.68785 0
      vertex 6.59955 -12.3469 0
      vertex 1.59229 -9.84317 0
    endloop
  endfacet
  facet normal 0 0 -1
    outer loop
      vertex 11.3304 0.888912 0
      vertex 13.9326 1.37224 0
      vertex 11.4111 0.754234 0
    endloop
  endfacet
  facet normal -0 0 -1
    outer loop
      vertex 13.9326 1.37224 0
      vertex 11.3304 0.888912 0
      vertex 13.731 2.73126 0
    endloop
  endfacet
  facet normal 0 0 -1
    outer loop
      vertex 11.2368 1.01503 0
      vertex 13.731 2.73126 0
      vertex 11.3304 0.888912 0
    endloop
  endfacet
  facet normal 0 0 -1
    outer loop
      vertex 11.1314 1.13137 0
      vertex 13.731 2.73126 0
      vertex 11.2368 1.01503 0
    endloop
  endfacet
  facet normal 0 0 -1
    outer loop
      vertex 11.015 1.23682 0
      vertex 13.731 2.73126 0
      vertex 11.1314 1.13137 0
    endloop
  endfacet
  facet normal 0 0 -1
    outer loop
      vertex 10.8889 1.33035 0
      vertex 13.731 2.73126 0
      vertex 11.015 1.23682 0
    endloop
  endfacet
  facet normal -0 0 -1
    outer loop
      vertex 13.731 2.73126 0
      vertex 10.8889 1.33035 0
      vertex 13.3972 4.06398 0
    endloop
  endfacet
  facet normal 0 0 -1
    outer loop
      vertex 10.7542 1.41107 0
      vertex 13.3972 4.06398 0
      vertex 10.8889 1.33035 0
    endloop
  endfacet
  facet normal 0 0 -1
    outer loop
      vertex 10.6123 1.47821 0
      vertex 13.3972 4.06398 0
      vertex 10.7542 1.41107 0
    endloop
  endfacet
  facet normal 0 0 -1
    outer loop
      vertex 10.4645 1.5311 0
      vertex 13.3972 4.06398 0
      vertex 10.6123 1.47821 0
    endloop
  endfacet
  facet normal -0 0 -1
    outer loop
      vertex 13.3972 4.06398 0
      vertex 10.4645 1.5311 0
      vertex 12.9343 5.35757 0
    endloop
  endfacet
  facet normal 0 0 -1
    outer loop
      vertex 10.3121 1.56926 0
      vertex 12.9343 5.35757 0
      vertex 10.4645 1.5311 0
    endloop
  endfacet
  facet normal 0 0 -1
    outer loop
      vertex 10.1568 1.59229 0
      vertex 12.9343 5.35757 0
      vertex 10.3121 1.56926 0
    endloop
  endfacet
  facet normal 0 0 -1
    outer loop
      vertex 10 1.6 0
      vertex 12.9343 5.35757 0
      vertex 10.1568 1.59229 0
    endloop
  endfacet
  facet normal -0 0 -1
    outer loop
      vertex 12.9343 5.35757 0
      vertex 10 1.6 0
      vertex 12.3469 6.59955 0
    endloop
  endfacet
  facet normal 0 0 -1
    outer loop
      vertex 9.84317 1.59229 0
      vertex 12.3469 6.59955 0
      vertex 10 1.6 0
    endloop
  endfacet
  facet normal 0 0 -1
    outer loop
      vertex 9.68785 1.56926 0
      vertex 12.3469 6.59955 0
      vertex 9.84317 1.59229 0
    endloop
  endfacet
  facet normal -0 0 -1
    outer loop
      vertex 12.3469 6.59955 0
      vertex 9.68785 1.56926 0
      vertex 11.6406 7.77798 0
    endloop
  endfacet
  facet normal 0 0 -1
    outer loop
      vertex 9.53554 1.5311 0
      vertex 11.6406 7.77798 0
      vertex 9.68785 1.56926 0
    endloop
  endfacet
  facet normal 0 0 -1
    outer loop
      vertex 9.38771 1.47821 0
      vertex 11.6406 7.77798 0
      vertex 9.53554 1.5311 0
    endloop
  endfacet
  facet normal -0 0 -1
    outer loop
      vertex 11.6406 7.77798 0
      vertex 9.38771 1.47821 0
      vertex 10.8221 8.88151 0
    endloop
  endfacet
  facet normal 0 0 -1
    outer loop
      vertex 9.24576 1.41107 0
      vertex 10.8221 8.88151 0
      vertex 9.38771 1.47821 0
    endloop
  endfacet
  facet normal 0 0 -1
    outer loop
      vertex 8.98497 1.23682 0
      vertex 3.38824 2.26395 0
      vertex 9.11109 1.33035 0
    endloop
  endfacet
  facet normal 0 0 -1
    outer loop
      vertex 3.38824 2.26395 0
      vertex 8.98497 1.23682 0
      vertex 3.59383 1.92094 0
    endloop
  endfacet
  facet normal 0 0 -1
    outer loop
      vertex 8.66965 0.888912 0
      vertex 3.76481 1.55943 0
      vertex 8.76318 1.01503 0
    endloop
  endfacet
  facet normal 0 0 -1
    outer loop
      vertex 3.59383 1.92094 0
      vertex 8.76318 1.01503 0
      vertex 3.76481 1.55943 0
    endloop
  endfacet
  facet normal 0 0 -1
    outer loop
      vertex 8.58893 0.754234 0
      vertex 3.89953 1.18291 0
      vertex 8.66965 0.888912 0
    endloop
  endfacet
  facet normal 0 0 -1
    outer loop
      vertex 8.52179 0.612293 0
      vertex 3.89953 1.18291 0
      vertex 8.58893 0.754234 0
    endloop
  endfacet
  facet normal 0 0 -1
    outer loop
      vertex 3.89953 1.18291 0
      vertex 8.52179 0.612293 0
      vertex 3.9967 0.794992 0
    endloop
  endfacet
  facet normal 0 0 -1
    outer loop
      vertex 8.46889 0.464455 0
      vertex 3.9967 0.794992 0
      vertex 8.52179 0.612293 0
    endloop
  endfacet
  facet normal 0 0 -1
    outer loop
      vertex 3.9967 0.794992 0
      vertex 8.46889 0.464455 0
      vertex 4.05538 0.39942 0
    endloop
  endfacet
  facet normal 0 0 -1
    outer loop
      vertex 8.43074 0.312144 0
      vertex 4.05538 0.39942 0
      vertex 8.46889 0.464455 0
    endloop
  endfacet
  facet normal 0 0 -1
    outer loop
      vertex 8.4077 0.156827 0
      vertex 4.05538 0.39942 0
      vertex 8.43074 0.312144 0
    endloop
  endfacet
  facet normal 0 0 -1
    outer loop
      vertex 4.05538 0.39942 0
      vertex 8.4077 0.156827 0
      vertex 4.075 0 0
    endloop
  endfacet
  facet normal 0 0 -1
    outer loop
      vertex 4.075 0 0
      vertex 8.4077 0.156827 0
      vertex 8.4 0 0
    endloop
  endfacet
  facet normal 0 -0 -1
    outer loop
      vertex 3.9967 -0.794992 0
      vertex 8.52179 -0.612293 0
      vertex 3.89953 -1.18291 0
    endloop
  endfacet
  facet normal 0 0 -1
    outer loop
      vertex 3.76481 1.55943 0
      vertex 8.66965 0.888912 0
      vertex 3.89953 1.18291 0
    endloop
  endfacet
  facet normal 0 0 -1
    outer loop
      vertex 1.59229 -9.84317 0
      vertex 6.59955 -12.3469 0
      vertex 1.6 -10 0
    endloop
  endfacet
  facet normal 0 0 -1
    outer loop
      vertex 8.76318 1.01503 0
      vertex 3.59383 1.92094 0
      vertex 8.86863 1.13137 0
    endloop
  endfacet
  facet normal 0 0 -1
    outer loop
      vertex 1.6 -10 0
      vertex 6.59955 -12.3469 0
      vertex 5.35757 -12.9343 0
    endloop
  endfacet
  facet normal 0 0 -1
    outer loop
      vertex 8.86863 1.13137 0
      vertex 3.59383 1.92094 0
      vertex 8.98497 1.23682 0
    endloop
  endfacet
  facet normal 0 0 -1
    outer loop
      vertex 3.15002 2.58515 0
      vertex 9.11109 1.33035 0
      vertex 3.38824 2.26395 0
    endloop
  endfacet
  facet normal 0 0 -1
    outer loop
      vertex 1.56926 -10.3121 0
      vertex 5.35757 -12.9343 0
      vertex 4.06398 -13.3972 0
    endloop
  endfacet
  facet normal 0 0 -1
    outer loop
      vertex 8.4077 -0.156827 0
      vertex 4.075 0 0
      vertex 8.4 0 0
    endloop
  endfacet
  facet normal 0 -0 -1
    outer loop
      vertex 4.075 0 0
      vertex 8.4077 -0.156827 0
      vertex 4.05538 -0.39942 0
    endloop
  endfacet
  facet normal -0 0 -1
    outer loop
      vertex 8.43074 -0.312144 0
      vertex 4.05538 -0.39942 0
      vertex 8.4077 -0.156827 0
    endloop
  endfacet
  facet normal 0 -0 -1
    outer loop
      vertex 4.05538 -0.39942 0
      vertex 8.43074 -0.312144 0
      vertex 3.9967 -0.794992 0
    endloop
  endfacet
  facet normal -0 0 -1
    outer loop
      vertex 8.46889 -0.464455 0
      vertex 3.9967 -0.794992 0
      vertex 8.43074 -0.312144 0
    endloop
  endfacet
  facet normal -0 0 -1
    outer loop
      vertex 8.52179 -0.612293 0
      vertex 3.9967 -0.794992 0
      vertex 8.46889 -0.464455 0
    endloop
  endfacet
  facet normal 0 -0 -1
    outer loop
      vertex 3.89953 -1.18291 0
      vertex 8.66965 -0.888912 0
      vertex 3.76481 -1.55943 0
    endloop
  endfacet
  facet normal 0 0 -1
    outer loop
      vertex 6.59955 -12.3469 0
      vertex 1.56926 -9.68785 0
      vertex 7.77798 -11.6406 0
    endloop
  endfacet
  facet normal 0 0 -1
    outer loop
      vertex 1.33035 -10.8889 0
      vertex 4.06398 -13.3972 0
      vertex 2.73126 -13.731 0
    endloop
  endfacet
  facet normal 0 0 -1
    outer loop
      vertex 9.89949 -9.89949 0
      vertex 2.88146 -2.88146 0
      vertex 3.15002 -2.58515 0
    endloop
  endfacet
  facet normal 0 0 -1
    outer loop
      vertex 8.88151 -10.8221 0
      vertex 2.58515 -3.15002 0
      vertex 2.88146 -2.88146 0
    endloop
  endfacet
  facet normal 0 0 -1
    outer loop
      vertex 1.5311 -9.53554 0
      vertex 7.77798 -11.6406 0
      vertex 1.56926 -9.68785 0
    endloop
  endfacet
  facet normal 0 0 -1
    outer loop
      vertex 1.47821 -9.38771 0
      vertex 7.77798 -11.6406 0
      vertex 1.5311 -9.53554 0
    endloop
  endfacet
  facet normal 0 0 -1
    outer loop
      vertex 5.35757 -12.9343 0
      vertex 1.59229 -10.1568 0
      vertex 1.6 -10 0
    endloop
  endfacet
  facet normal 0 0 -1
    outer loop
      vertex 5.35757 -12.9343 0
      vertex 1.56926 -10.3121 0
      vertex 1.59229 -10.1568 0
    endloop
  endfacet
  facet normal 0 0 -1
    outer loop
      vertex 4.06398 -13.3972 0
      vertex 1.5311 -10.4645 0
      vertex 1.56926 -10.3121 0
    endloop
  endfacet
  facet normal 0 0 -1
    outer loop
      vertex 4.06398 -13.3972 0
      vertex 1.47821 -10.6123 0
      vertex 1.5311 -10.4645 0
    endloop
  endfacet
  facet normal 0 0 -1
    outer loop
      vertex 4.06398 -13.3972 0
      vertex 1.41107 -10.7542 0
      vertex 1.47821 -10.6123 0
    endloop
  endfacet
  facet normal 0 0 -1
    outer loop
      vertex 1.01503 -11.2368 0
      vertex 2.73126 -13.731 0
      vertex 1.37224 -13.9326 0
    endloop
  endfacet
  facet normal 0 0 -1
    outer loop
      vertex 4.06398 -13.3972 0
      vertex 1.33035 -10.8889 0
      vertex 1.41107 -10.7542 0
    endloop
  endfacet
  facet normal 0 0 -1
    outer loop
      vertex 2.73126 -13.731 0
      vertex 1.23682 -11.015 0
      vertex 1.33035 -10.8889 0
    endloop
  endfacet
  facet normal 0 0 -1
    outer loop
      vertex 2.73126 -13.731 0
      vertex 1.13137 -11.1314 0
      vertex 1.23682 -11.015 0
    endloop
  endfacet
  facet normal 0 0 -1
    outer loop
      vertex 2.73126 -13.731 0
      vertex 1.01503 -11.2368 0
      vertex 1.13137 -11.1314 0
    endloop
  endfacet
  facet normal 0 0 -1
    outer loop
      vertex 1.37224 -13.9326 0
      vertex 0.888912 -11.3304 0
      vertex 1.01503 -11.2368 0
    endloop
  endfacet
  facet normal 0 0 -1
    outer loop
      vertex 1.37224 -13.9326 0
      vertex 0.754234 -11.4111 0
      vertex 0.888912 -11.3304 0
    endloop
  endfacet
  facet normal 0 0 -1
    outer loop
      vertex 1.37224 -13.9326 0
      vertex 0.612293 -11.4782 0
      vertex 0.754234 -11.4111 0
    endloop
  endfacet
  facet normal 0 0 -1
    outer loop
      vertex 1.37224 -13.9326 0
      vertex 0.464455 -11.5311 0
      vertex 0.612293 -11.4782 0
    endloop
  endfacet
  facet normal 0 0 -1
    outer loop
      vertex 1.37224 -13.9326 0
      vertex 0.312144 -11.5693 0
      vertex 0.464455 -11.5311 0
    endloop
  endfacet
  facet normal 0 0 -1
    outer loop
      vertex 0 -14 0
      vertex 0.312144 -11.5693 0
      vertex 1.37224 -13.9326 0
    endloop
  endfacet
  facet normal 0 0 -1
    outer loop
      vertex 0.312144 -11.5693 0
      vertex 0 -14 0
      vertex 0.156827 -11.5923 0
    endloop
  endfacet
  facet normal 0 0 -1
    outer loop
      vertex 0 -14 0
      vertex 0 -11.6 0
      vertex 0.156827 -11.5923 0
    endloop
  endfacet
  facet normal 0 0 -1
    outer loop
      vertex 0 -14 0
      vertex -0.156827 -11.5923 0
      vertex 0 -11.6 0
    endloop
  endfacet
  facet normal 0 0 -1
    outer loop
      vertex 0 -14 0
      vertex -0.312144 -11.5693 0
      vertex -0.156827 -11.5923 0
    endloop
  endfacet
  facet normal 0 0 -1
    outer loop
      vertex -1.37224 -13.9326 0
      vertex -0.312144 -11.5693 0
      vertex 0 -14 0
    endloop
  endfacet
  facet normal -0 0 -1
    outer loop
      vertex -0.312144 -11.5693 0
      vertex -1.37224 -13.9326 0
      vertex -0.464455 -11.5311 0
    endloop
  endfacet
  facet normal -0 0 -1
    outer loop
      vertex -0.464455 -11.5311 0
      vertex -1.37224 -13.9326 0
      vertex -0.612293 -11.4782 0
    endloop
  endfacet
  facet normal -0 0 -1
    outer loop
      vertex -0.612293 -11.4782 0
      vertex -1.37224 -13.9326 0
      vertex -0.754234 -11.4111 0
    endloop
  endfacet
  facet normal -0 0 -1
    outer loop
      vertex -0.754234 -11.4111 0
      vertex -1.37224 -13.9326 0
      vertex -0.888912 -11.3304 0
    endloop
  endfacet
  facet normal -0 0 -1
    outer loop
      vertex -0.888912 -11.3304 0
      vertex -1.37224 -13.9326 0
      vertex -1.01503 -11.2368 0
    endloop
  endfacet
  facet normal 0 0 -1
    outer loop
      vertex -2.73126 -13.731 0
      vertex -1.01503 -11.2368 0
      vertex -1.37224 -13.9326 0
    endloop
  endfacet
  facet normal -0 0 -1
    outer loop
      vertex -1.01503 -11.2368 0
      vertex -2.73126 -13.731 0
      vertex -1.13137 -11.1314 0
    endloop
  endfacet
  facet normal -0 0 -1
    outer loop
      vertex -1.13137 -11.1314 0
      vertex -2.73126 -13.731 0
      vertex -1.23682 -11.015 0
    endloop
  endfacet
  facet normal -0 0 -1
    outer loop
      vertex -1.23682 -11.015 0
      vertex -2.73126 -13.731 0
      vertex -1.33035 -10.8889 0
    endloop
  endfacet
  facet normal 0 0 -1
    outer loop
      vertex -4.06398 -13.3972 0
      vertex -1.33035 -10.8889 0
      vertex -2.73126 -13.731 0
    endloop
  endfacet
  facet normal -0 0 -1
    outer loop
      vertex -1.33035 -10.8889 0
      vertex -4.06398 -13.3972 0
      vertex -1.41107 -10.7542 0
    endloop
  endfacet
  facet normal -0 0 -1
    outer loop
      vertex -1.41107 -10.7542 0
      vertex -4.06398 -13.3972 0
      vertex -1.47821 -10.6123 0
    endloop
  endfacet
  facet normal -0 0 -1
    outer loop
      vertex -1.47821 -10.6123 0
      vertex -4.06398 -13.3972 0
      vertex -1.5311 -10.4645 0
    endloop
  endfacet
  facet normal 0 0 -1
    outer loop
      vertex -5.35757 -12.9343 0
      vertex -1.6 -10 0
      vertex -1.59229 -10.1568 0
    endloop
  endfacet
  facet normal 0 0 -1
    outer loop
      vertex -1.23682 -8.98497 0
      vertex -2.26395 -3.38824 0
      vertex -1.92094 -3.59383 0
    endloop
  endfacet
  facet normal -0 0 -1
    outer loop
      vertex -1.5311 -10.4645 0
      vertex -4.06398 -13.3972 0
      vertex -1.56926 -10.3121 0
    endloop
  endfacet
  facet normal 0 0 -1
    outer loop
      vertex -5.35757 -12.9343 0
      vertex -1.56926 -10.3121 0
      vertex -4.06398 -13.3972 0
    endloop
  endfacet
  facet normal -0 0 -1
    outer loop
      vertex -1.56926 -10.3121 0
      vertex -5.35757 -12.9343 0
      vertex -1.59229 -10.1568 0
    endloop
  endfacet
  facet normal -0 0 -1
    outer loop
      vertex -1.56926 -9.68785 0
      vertex -7.77798 -11.6406 0
      vertex -1.5311 -9.53554 0
    endloop
  endfacet
  facet normal 0 0 -1
    outer loop
      vertex -1.33035 -9.11109 0
      vertex -2.58515 -3.15002 0
      vertex -2.26395 -3.38824 0
    endloop
  endfacet
  facet normal -0 0 -1
    outer loop
      vertex -1.5311 -9.53554 0
      vertex -7.77798 -11.6406 0
      vertex -1.47821 -9.38771 0
    endloop
  endfacet
  facet normal -0 0 -1
    outer loop
      vertex -1.47821 -9.38771 0
      vertex -8.88151 -10.8221 0
      vertex -1.41107 -9.24576 0
    endloop
  endfacet
  facet normal -0 0 -1
    outer loop
      vertex -1.41107 -9.24576 0
      vertex -8.88151 -10.8221 0
      vertex -2.58515 -3.15002 0
    endloop
  endfacet
  facet normal -0 0 -1
    outer loop
      vertex -2.58515 -3.15002 0
      vertex -8.88151 -10.8221 0
      vertex -2.88146 -2.88146 0
    endloop
  endfacet
  facet normal 0 0 -1
    outer loop
      vertex -9.89949 -9.89949 0
      vertex -2.88146 -2.88146 0
      vertex -8.88151 -10.8221 0
    endloop
  endfacet
  facet normal -0 0 -1
    outer loop
      vertex -2.88146 -2.88146 0
      vertex -9.89949 -9.89949 0
      vertex -3.15002 -2.58515 0
    endloop
  endfacet
  facet normal 0 0 -1
    outer loop
      vertex -10.8221 -8.88151 0
      vertex -3.15002 -2.58515 0
      vertex -9.89949 -9.89949 0
    endloop
  endfacet
  facet normal 0 -0 -1
    outer loop
      vertex -9.24576 -1.41107 0
      vertex -3.15002 -2.58515 0
      vertex -10.8221 -8.88151 0
    endloop
  endfacet
  facet normal 0 -0 -1
    outer loop
      vertex -9.11109 -1.33035 0
      vertex -3.15002 -2.58515 0
      vertex -9.24576 -1.41107 0
    endloop
  endfacet
  facet normal -0.59573 0.803184 0
    outer loop
      vertex -7.77798 11.6406 0
      vertex -8.88151 10.8221 12
      vertex -7.77798 11.6406 12
    endloop
  endfacet
  facet normal -0.59573 0.803184 0
    outer loop
      vertex -8.88151 10.8221 12
      vertex -7.77798 11.6406 0
      vertex -8.88151 10.8221 0
    endloop
  endfacet
  facet normal -0.803184 -0.59573 0
    outer loop
      vertex -10.8221 -8.88151 0
      vertex -11.6406 -7.77798 12
      vertex -11.6406 -7.77798 0
    endloop
  endfacet
  facet normal -0.803184 -0.59573 0
    outer loop
      vertex -11.6406 -7.77798 12
      vertex -10.8221 -8.88151 0
      vertex -10.8221 -8.88151 12
    endloop
  endfacet
  facet normal 0.427547 0.903993 -0
    outer loop
      vertex 6.59955 12.3469 0
      vertex 5.35757 12.9343 12
      vertex 6.59955 12.3469 12
    endloop
  endfacet
  facet normal 0.427547 0.903993 0
    outer loop
      vertex 5.35757 12.9343 12
      vertex 6.59955 12.3469 0
      vertex 5.35757 12.9343 0
    endloop
  endfacet
  facet normal 0.146736 -0.989176 0
    outer loop
      vertex 1.37224 -13.9326 6.81903
      vertex 2.73126 -13.731 12
      vertex 1.37224 -13.9326 12
    endloop
  endfacet
  facet normal 0.147428 -0.989073 -0.000185298
    outer loop
      vertex 1.41107 -13.9268 6.75423
      vertex 2.73126 -13.731 12
      vertex 1.37224 -13.9326 6.81903
    endloop
  endfacet
  facet normal 0.146165 -0.98926 0.000139576
    outer loop
      vertex 1.47821 -13.9169 6.61229
      vertex 2.73126 -13.731 12
      vertex 1.41107 -13.9268 6.75423
    endloop
  endfacet
  facet normal 0.147343 -0.989085 -0.000140607
    outer loop
      vertex 1.5311 -13.909 6.46445
      vertex 2.73126 -13.731 12
      vertex 1.47821 -13.9169 6.61229
    endloop
  endfacet
  facet normal 0.145898 -0.9893 0.000179726
    outer loop
      vertex 1.56926 -13.9034 6.31214
      vertex 2.73126 -13.731 12
      vertex 1.5311 -13.909 6.46445
    endloop
  endfacet
  facet normal 0.148228 -0.988953 -0.000306813
    outer loop
      vertex 1.59229 -13.8999 6.15683
      vertex 2.73126 -13.731 12
      vertex 1.56926 -13.9034 6.31214
    endloop
  endfacet
  facet normal 0.145592 -0.989345 0.00021829
    outer loop
      vertex 1.6 -13.8988 6
      vertex 2.73126 -13.731 12
      vertex 1.59229 -13.8999 6.15683
    endloop
  endfacet
  facet normal 0.145592 -0.989345 -0.00021829
    outer loop
      vertex 2.73126 -13.731 0
      vertex 1.6 -13.8988 6
      vertex 1.59229 -13.8999 5.84317
    endloop
  endfacet
  facet normal 0.148228 -0.988953 0.000306802
    outer loop
      vertex 2.73126 -13.731 0
      vertex 1.59229 -13.8999 5.84317
      vertex 1.56926 -13.9034 5.68785
    endloop
  endfacet
  facet normal 0.146736 -0.989176 0
    outer loop
      vertex 2.73126 -13.731 0
      vertex 1.37224 -13.9326 5.18097
      vertex 1.37224 -13.9326 0
    endloop
  endfacet
  facet normal 0.147428 -0.989073 0.000185307
    outer loop
      vertex 1.37224 -13.9326 5.18097
      vertex 2.73126 -13.731 0
      vertex 1.41107 -13.9268 5.24576
    endloop
  endfacet
  facet normal 0.146165 -0.98926 -0.000139572
    outer loop
      vertex 1.41107 -13.9268 5.24576
      vertex 2.73126 -13.731 0
      vertex 1.47821 -13.9169 5.38771
    endloop
  endfacet
  facet normal 0.147343 -0.989085 0.000140611
    outer loop
      vertex 1.47821 -13.9169 5.38771
      vertex 2.73126 -13.731 0
      vertex 1.5311 -13.909 5.53554
    endloop
  endfacet
  facet normal 0.145898 -0.9893 -0.000179726
    outer loop
      vertex 1.5311 -13.909 5.53554
      vertex 2.73126 -13.731 0
      vertex 1.56926 -13.9034 5.68785
    endloop
  endfacet
  facet normal 0.146725 -0.989177 0
    outer loop
      vertex 1.6 -13.8988 6
      vertex 2.73126 -13.731 0
      vertex 2.73126 -13.731 12
    endloop
  endfacet
  facet normal -0.146736 0.989176 0
    outer loop
      vertex -1.37224 13.9326 0
      vertex -2.73126 13.731 12
      vertex -1.37224 13.9326 12
    endloop
  endfacet
  facet normal -0.146736 0.989176 0
    outer loop
      vertex -2.73126 13.731 12
      vertex -1.37224 13.9326 0
      vertex -2.73126 13.731 0
    endloop
  endfacet
  facet normal -0.903993 -0.427547 0
    outer loop
      vertex -12.3469 -6.59955 0
      vertex -12.9343 -5.35757 12
      vertex -12.9343 -5.35757 0
    endloop
  endfacet
  facet normal -0.903993 -0.427547 0
    outer loop
      vertex -12.9343 -5.35757 12
      vertex -12.3469 -6.59955 0
      vertex -12.3469 -6.59955 12
    endloop
  endfacet
  facet normal 0.998796 -0.0490576 0
    outer loop
      vertex 13.9326 -1.37224 12
      vertex 14 0 0
      vertex 14 0 12
    endloop
  endfacet
  facet normal 0.998796 -0.0490576 0
    outer loop
      vertex 14 0 0
      vertex 13.9326 -1.37224 12
      vertex 13.9326 -1.37224 0
    endloop
  endfacet
  facet normal 0.24296 0.970036 -0
    outer loop
      vertex 4.06398 13.3972 0
      vertex 2.73126 13.731 12
      vertex 4.06398 13.3972 12
    endloop
  endfacet
  facet normal 0.24296 0.970036 0
    outer loop
      vertex 2.73126 13.731 12
      vertex 4.06398 13.3972 0
      vertex 2.73126 13.731 0
    endloop
  endfacet
  facet normal -0.59573 -0.803184 0
    outer loop
      vertex -8.88151 -10.8221 0
      vertex -7.77798 -11.6406 12
      vertex -8.88151 -10.8221 12
    endloop
  endfacet
  facet normal -0.59573 -0.803184 -0
    outer loop
      vertex -7.77798 -11.6406 12
      vertex -8.88151 -10.8221 0
      vertex -7.77798 -11.6406 0
    endloop
  endfacet
  facet normal -0.740963 0.671546 0
    outer loop
      vertex -10.8221 8.88151 0
      vertex -9.89949 9.89949 12
      vertex -9.89949 9.89949 0
    endloop
  endfacet
  facet normal -0.740963 0.671546 0
    outer loop
      vertex -9.89949 9.89949 12
      vertex -10.8221 8.88151 0
      vertex -10.8221 8.88151 12
    endloop
  endfacet
  facet normal 0.857736 -0.51409 0
    outer loop
      vertex 11.6406 -7.77798 12
      vertex 12.3469 -6.59955 0
      vertex 12.3469 -6.59955 12
    endloop
  endfacet
  facet normal 0.857736 -0.51409 0
    outer loop
      vertex 12.3469 -6.59955 0
      vertex 11.6406 -7.77798 12
      vertex 11.6406 -7.77798 0
    endloop
  endfacet
  facet normal 0.59573 0.803184 -0
    outer loop
      vertex 8.88151 10.8221 0
      vertex 7.77798 11.6406 12
      vertex 8.88151 10.8221 12
    endloop
  endfacet
  facet normal 0.59573 0.803184 0
    outer loop
      vertex 7.77798 11.6406 12
      vertex 8.88151 10.8221 0
      vertex 7.77798 11.6406 0
    endloop
  endfacet
  facet normal 0.33692 0.941533 -0
    outer loop
      vertex 5.35757 12.9343 0
      vertex 4.06398 13.3972 12
      vertex 5.35757 12.9343 12
    endloop
  endfacet
  facet normal 0.33692 0.941533 0
    outer loop
      vertex 4.06398 13.3972 12
      vertex 5.35757 12.9343 0
      vertex 4.06398 13.3972 0
    endloop
  endfacet
  facet normal 0.803184 0.59573 0
    outer loop
      vertex 11.6406 7.77798 12
      vertex 10.8221 8.88151 0
      vertex 10.8221 8.88151 12
    endloop
  endfacet
  facet normal 0.803184 0.59573 0
    outer loop
      vertex 10.8221 8.88151 0
      vertex 11.6406 7.77798 12
      vertex 11.6406 7.77798 0
    endloop
  endfacet
  facet normal 0.857736 0.51409 0
    outer loop
      vertex 12.3469 6.59955 12
      vertex 11.6406 7.77798 0
      vertex 11.6406 7.77798 12
    endloop
  endfacet
  facet normal 0.857736 0.51409 0
    outer loop
      vertex 11.6406 7.77798 0
      vertex 12.3469 6.59955 12
      vertex 12.3469 6.59955 0
    endloop
  endfacet
  facet normal -0.427547 -0.903993 0
    outer loop
      vertex -6.59955 -12.3469 0
      vertex -5.35757 -12.9343 12
      vertex -6.59955 -12.3469 12
    endloop
  endfacet
  facet normal -0.427547 -0.903993 -0
    outer loop
      vertex -5.35757 -12.9343 12
      vertex -6.59955 -12.3469 0
      vertex -5.35757 -12.9343 0
    endloop
  endfacet
  facet normal -0.970036 -0.24296 0
    outer loop
      vertex -13.3972 -4.06398 0
      vertex -13.731 -2.73126 12
      vertex -13.731 -2.73126 0
    endloop
  endfacet
  facet normal -0.970036 -0.24296 0
    outer loop
      vertex -13.731 -2.73126 12
      vertex -13.3972 -4.06398 0
      vertex -13.3972 -4.06398 12
    endloop
  endfacet
  facet normal 0.903993 0.427547 0
    outer loop
      vertex 12.9343 5.35757 12
      vertex 12.3469 6.59955 0
      vertex 12.3469 6.59955 12
    endloop
  endfacet
  facet normal 0.903993 0.427547 0
    outer loop
      vertex 12.3469 6.59955 0
      vertex 12.9343 5.35757 12
      vertex 12.9343 5.35757 0
    endloop
  endfacet
  facet normal -0 0 1
    outer loop
      vertex -8.58893 -0.754234 12
      vertex -5.78663 -1.15103 12
      vertex -8.52179 -0.612293 12
    endloop
  endfacet
  facet normal -0 0 1
    outer loop
      vertex -8.66965 -0.888912 12
      vertex -5.78663 -1.15103 12
      vertex -8.58893 -0.754234 12
    endloop
  endfacet
  facet normal 0 0 1
    outer loop
      vertex -5.78663 -1.15103 12
      vertex -8.66965 -0.888912 12
      vertex -5.64595 -1.71268 12
    endloop
  endfacet
  facet normal -0 0 1
    outer loop
      vertex -8.76318 -1.01503 12
      vertex -5.64595 -1.71268 12
      vertex -8.66965 -0.888912 12
    endloop
  endfacet
  facet normal -0 0 1
    outer loop
      vertex -8.86863 -1.13137 12
      vertex -5.64595 -1.71268 12
      vertex -8.76318 -1.01503 12
    endloop
  endfacet
  facet normal 0 0 1
    outer loop
      vertex -5.64595 -1.71268 12
      vertex -8.86863 -1.13137 12
      vertex -5.45089 -2.25783 12
    endloop
  endfacet
  facet normal -0 0 1
    outer loop
      vertex -8.98497 -1.23682 12
      vertex -5.45089 -2.25783 12
      vertex -8.86863 -1.13137 12
    endloop
  endfacet
  facet normal -0 0 1
    outer loop
      vertex -9.11109 -1.33035 12
      vertex -5.45089 -2.25783 12
      vertex -8.98497 -1.23682 12
    endloop
  endfacet
  facet normal 0 0 1
    outer loop
      vertex -5.20333 -2.78124 12
      vertex -8.88151 -10.8221 12
      vertex -7.77798 -11.6406 12
    endloop
  endfacet
  facet normal 0 0 1
    outer loop
      vertex -5.45089 -2.25783 12
      vertex -9.11109 -1.33035 12
      vertex -5.20333 -2.78124 12
    endloop
  endfacet
  facet normal -0 0 1
    outer loop
      vertex -9.24576 -1.41107 12
      vertex -5.20333 -2.78124 12
      vertex -9.11109 -1.33035 12
    endloop
  endfacet
  facet normal -0 0 1
    outer loop
      vertex -9.38771 -1.47821 12
      vertex -5.20333 -2.78124 12
      vertex -9.24576 -1.41107 12
    endloop
  endfacet
  facet normal -0 0 1
    outer loop
      vertex -9.53554 -1.5311 12
      vertex -5.20333 -2.78124 12
      vertex -9.38771 -1.47821 12
    endloop
  endfacet
  facet normal 0 0 1
    outer loop
      vertex -5.20333 -2.78124 12
      vertex -9.53554 -1.5311 12
      vertex -11.6406 -7.77798 12
    endloop
  endfacet
  facet normal 0 0 1
    outer loop
      vertex -11.6406 -7.77798 12
      vertex -9.53554 -1.5311 12
      vertex -9.68785 -1.56926 12
    endloop
  endfacet
  facet normal 0 0 1
    outer loop
      vertex -12.3469 -6.59955 12
      vertex -9.68785 -1.56926 12
      vertex -9.84317 -1.59229 12
    endloop
  endfacet
  facet normal 0 0 1
    outer loop
      vertex -5.20333 -2.78124 12
      vertex -9.89949 -9.89949 12
      vertex -8.88151 -10.8221 12
    endloop
  endfacet
  facet normal 0 0 1
    outer loop
      vertex -12.3469 -6.59955 12
      vertex -9.84317 -1.59229 12
      vertex -10 -1.6 12
    endloop
  endfacet
  facet normal 0 0 1
    outer loop
      vertex -12.9343 -5.35757 12
      vertex -10 -1.6 12
      vertex -10.1568 -1.59229 12
    endloop
  endfacet
  facet normal 0 0 1
    outer loop
      vertex -12.9343 -5.35757 12
      vertex -10.1568 -1.59229 12
      vertex -10.3121 -1.56926 12
    endloop
  endfacet
  facet normal 0 0 1
    outer loop
      vertex -12.9343 -5.35757 12
      vertex -10.3121 -1.56926 12
      vertex -10.4645 -1.5311 12
    endloop
  endfacet
  facet normal 0 0 1
    outer loop
      vertex -13.3972 -4.06398 12
      vertex -10.4645 -1.5311 12
      vertex -10.6123 -1.47821 12
    endloop
  endfacet
  facet normal 0 0 1
    outer loop
      vertex -13.3972 -4.06398 12
      vertex -10.6123 -1.47821 12
      vertex -10.7542 -1.41107 12
    endloop
  endfacet
  facet normal 0 0 1
    outer loop
      vertex -5.20333 -2.78124 12
      vertex -10.8221 -8.88151 12
      vertex -9.89949 -9.89949 12
    endloop
  endfacet
  facet normal 0 0 1
    outer loop
      vertex -13.3972 -4.06398 12
      vertex -10.7542 -1.41107 12
      vertex -10.8889 -1.33035 12
    endloop
  endfacet
  facet normal 0 0 1
    outer loop
      vertex -13.731 -2.73126 12
      vertex -10.8889 -1.33035 12
      vertex -11.015 -1.23682 12
    endloop
  endfacet
  facet normal 0 0 1
    outer loop
      vertex -13.731 -2.73126 12
      vertex -11.015 -1.23682 12
      vertex -11.1314 -1.13137 12
    endloop
  endfacet
  facet normal 0 0 1
    outer loop
      vertex -13.731 -2.73126 12
      vertex -11.1314 -1.13137 12
      vertex -11.2368 -1.01503 12
    endloop
  endfacet
  facet normal 0 0 1
    outer loop
      vertex -13.731 -2.73126 12
      vertex -11.2368 -1.01503 12
      vertex -11.3304 -0.888912 12
    endloop
  endfacet
  facet normal 0 0 1
    outer loop
      vertex -13.9326 -1.37224 12
      vertex -11.3304 -0.888912 12
      vertex -11.4111 -0.754234 12
    endloop
  endfacet
  facet normal 0 0 1
    outer loop
      vertex -13.9326 -1.37224 12
      vertex -11.4111 -0.754234 12
      vertex -11.4782 -0.612293 12
    endloop
  endfacet
  facet normal 0 0 1
    outer loop
      vertex -13.9326 -1.37224 12
      vertex -11.4782 -0.612293 12
      vertex -11.5311 -0.464455 12
    endloop
  endfacet
  facet normal 0 0 1
    outer loop
      vertex -13.9326 -1.37224 12
      vertex -11.5311 -0.464455 12
      vertex -11.5693 -0.312144 12
    endloop
  endfacet
  facet normal 0 0 1
    outer loop
      vertex -14 0 12
      vertex -11.5693 -0.312144 12
      vertex -11.5923 -0.156827 12
    endloop
  endfacet
  facet normal 0 0 1
    outer loop
      vertex -5.20333 -2.78124 12
      vertex -11.6406 -7.77798 12
      vertex -10.8221 -8.88151 12
    endloop
  endfacet
  facet normal -0 0 1
    outer loop
      vertex -14 0 12
      vertex -11.5923 -0.156827 12
      vertex -11.6 0 12
    endloop
  endfacet
  facet normal 0 0 1
    outer loop
      vertex -11.4111 0.754234 12
      vertex -13.9326 1.37224 12
      vertex -11.4782 0.612293 12
    endloop
  endfacet
  facet normal 0 0 1
    outer loop
      vertex -11.4782 0.612293 12
      vertex -13.9326 1.37224 12
      vertex -11.5311 0.464455 12
    endloop
  endfacet
  facet normal 0 0 1
    outer loop
      vertex -9.68785 -1.56926 12
      vertex -12.3469 -6.59955 12
      vertex -11.6406 -7.77798 12
    endloop
  endfacet
  facet normal 0 0 1
    outer loop
      vertex -11.5311 0.464455 12
      vertex -13.9326 1.37224 12
      vertex -11.5693 0.312144 12
    endloop
  endfacet
  facet normal 0 0 1
    outer loop
      vertex -10 -1.6 12
      vertex -12.9343 -5.35757 12
      vertex -12.3469 -6.59955 12
    endloop
  endfacet
  facet normal 0 0 1
    outer loop
      vertex -14 0 12
      vertex -11.5693 0.312144 12
      vertex -13.9326 1.37224 12
    endloop
  endfacet
  facet normal 0 0 1
    outer loop
      vertex -10.4645 -1.5311 12
      vertex -13.3972 -4.06398 12
      vertex -12.9343 -5.35757 12
    endloop
  endfacet
  facet normal 0 0 1
    outer loop
      vertex -11.5693 0.312144 12
      vertex -14 0 12
      vertex -11.5923 0.156827 12
    endloop
  endfacet
  facet normal 0 0 1
    outer loop
      vertex -10.8889 -1.33035 12
      vertex -13.731 -2.73126 12
      vertex -13.3972 -4.06398 12
    endloop
  endfacet
  facet normal 0 0 1
    outer loop
      vertex -11.5923 0.156827 12
      vertex -14 0 12
      vertex -11.6 0 12
    endloop
  endfacet
  facet normal 0 0 1
    outer loop
      vertex -11.3304 -0.888912 12
      vertex -13.9326 -1.37224 12
      vertex -13.731 -2.73126 12
    endloop
  endfacet
  facet normal 0 0 1
    outer loop
      vertex -11.5693 -0.312144 12
      vertex -14 0 12
      vertex -13.9326 -1.37224 12
    endloop
  endfacet
  facet normal 0 0 1
    outer loop
      vertex 6.59955 -12.3469 12
      vertex 1.59229 -9.84317 12
      vertex 1.6 -10 12
    endloop
  endfacet
  facet normal 0 0 1
    outer loop
      vertex 2.25783 -5.45089 12
      vertex 1.56926 -9.68785 12
      vertex 1.59229 -9.84317 12
    endloop
  endfacet
  facet normal 0 0 1
    outer loop
      vertex 2.25783 -5.45089 12
      vertex 1.5311 -9.53554 12
      vertex 1.56926 -9.68785 12
    endloop
  endfacet
  facet normal 0 0 1
    outer loop
      vertex 2.25783 -5.45089 12
      vertex 1.47821 -9.38771 12
      vertex 1.5311 -9.53554 12
    endloop
  endfacet
  facet normal 0 0 1
    outer loop
      vertex 2.25783 -5.45089 12
      vertex 1.41107 -9.24576 12
      vertex 1.47821 -9.38771 12
    endloop
  endfacet
  facet normal 0 0 1
    outer loop
      vertex 2.25783 -5.45089 12
      vertex 1.33035 -9.11109 12
      vertex 1.41107 -9.24576 12
    endloop
  endfacet
  facet normal 0 0 1
    outer loop
      vertex 2.25783 -5.45089 12
      vertex 1.23682 -8.98497 12
      vertex 1.33035 -9.11109 12
    endloop
  endfacet
  facet normal 0 0 1
    outer loop
      vertex 0.888912 -8.66965 12
      vertex 1.71268 -5.64595 12
      vertex 1.15103 -5.78663 12
    endloop
  endfacet
  facet normal 0 0 1
    outer loop
      vertex 2.25783 -5.45089 12
      vertex 1.13137 -8.86863 12
      vertex 1.23682 -8.98497 12
    endloop
  endfacet
  facet normal 0 0 1
    outer loop
      vertex 1.71268 -5.64595 12
      vertex 1.01503 -8.76318 12
      vertex 1.13137 -8.86863 12
    endloop
  endfacet
  facet normal 0 0 1
    outer loop
      vertex 1.71268 -5.64595 12
      vertex 0.888912 -8.66965 12
      vertex 1.01503 -8.76318 12
    endloop
  endfacet
  facet normal 0 0 1
    outer loop
      vertex 1.15103 -5.78663 12
      vertex 0.754234 -8.58893 12
      vertex 0.888912 -8.66965 12
    endloop
  endfacet
  facet normal 0 0 1
    outer loop
      vertex 1.15103 -5.78663 12
      vertex 0.612293 -8.52179 12
      vertex 0.754234 -8.58893 12
    endloop
  endfacet
  facet normal -0 0 1
    outer loop
      vertex 0.5783 -5.87159 12
      vertex 0.612293 -8.52179 12
      vertex 1.15103 -5.78663 12
    endloop
  endfacet
  facet normal 0 0 1
    outer loop
      vertex 0.5783 -5.87159 12
      vertex 0.464455 -8.46889 12
      vertex 0.612293 -8.52179 12
    endloop
  endfacet
  facet normal 0 0 1
    outer loop
      vertex 0.5783 -5.87159 12
      vertex 0.312144 -8.43074 12
      vertex 0.464455 -8.46889 12
    endloop
  endfacet
  facet normal 0 0 1
    outer loop
      vertex 0.5783 -5.87159 12
      vertex 0.156827 -8.4077 12
      vertex 0.312144 -8.43074 12
    endloop
  endfacet
  facet normal -0 0 1
    outer loop
      vertex 0 -5.9 12
      vertex 0.156827 -8.4077 12
      vertex 0.5783 -5.87159 12
    endloop
  endfacet
  facet normal 0 0 1
    outer loop
      vertex 0 -5.9 12
      vertex 0 -8.4 12
      vertex 0.156827 -8.4077 12
    endloop
  endfacet
  facet normal 0 0 1
    outer loop
      vertex 0 -5.9 12
      vertex -0.156827 -8.4077 12
      vertex 0 -8.4 12
    endloop
  endfacet
  facet normal 0 0 1
    outer loop
      vertex -0.5783 -5.87159 12
      vertex -0.156827 -8.4077 12
      vertex 0 -5.9 12
    endloop
  endfacet
  facet normal 0 0 1
    outer loop
      vertex -0.156827 -8.4077 12
      vertex -0.5783 -5.87159 12
      vertex -0.312144 -8.43074 12
    endloop
  endfacet
  facet normal 0 0 1
    outer loop
      vertex -0.312144 -8.43074 12
      vertex -0.5783 -5.87159 12
      vertex -0.464455 -8.46889 12
    endloop
  endfacet
  facet normal 0 0 1
    outer loop
      vertex -0.5783 -5.87159 12
      vertex -0.612293 -8.52179 12
      vertex -0.464455 -8.46889 12
    endloop
  endfacet
  facet normal 0 0 1
    outer loop
      vertex -1.15103 -5.78663 12
      vertex -0.612293 -8.52179 12
      vertex -0.5783 -5.87159 12
    endloop
  endfacet
  facet normal 0 0 1
    outer loop
      vertex -0.612293 -8.52179 12
      vertex -1.15103 -5.78663 12
      vertex -0.754234 -8.58893 12
    endloop
  endfacet
  facet normal 0 0 1
    outer loop
      vertex -0.754234 -8.58893 12
      vertex -1.15103 -5.78663 12
      vertex -0.888912 -8.66965 12
    endloop
  endfacet
  facet normal 0 0 1
    outer loop
      vertex -1.71268 -5.64595 12
      vertex -0.888912 -8.66965 12
      vertex -1.15103 -5.78663 12
    endloop
  endfacet
  facet normal 0 0 1
    outer loop
      vertex -0.888912 -8.66965 12
      vertex -1.71268 -5.64595 12
      vertex -1.01503 -8.76318 12
    endloop
  endfacet
  facet normal 0 0 1
    outer loop
      vertex -1.01503 -8.76318 12
      vertex -1.71268 -5.64595 12
      vertex -1.13137 -8.86863 12
    endloop
  endfacet
  facet normal 0 0 1
    outer loop
      vertex -2.25783 -5.45089 12
      vertex -1.13137 -8.86863 12
      vertex -1.71268 -5.64595 12
    endloop
  endfacet
  facet normal 0 0 1
    outer loop
      vertex -1.13137 -8.86863 12
      vertex -2.25783 -5.45089 12
      vertex -1.23682 -8.98497 12
    endloop
  endfacet
  facet normal 0 0 1
    outer loop
      vertex -1.23682 -8.98497 12
      vertex -2.25783 -5.45089 12
      vertex -1.33035 -9.11109 12
    endloop
  endfacet
  facet normal 0 0 1
    outer loop
      vertex -2.78124 -5.20333 12
      vertex -1.33035 -9.11109 12
      vertex -2.25783 -5.45089 12
    endloop
  endfacet
  facet normal 0 0 1
    outer loop
      vertex -1.33035 -9.11109 12
      vertex -2.78124 -5.20333 12
      vertex -1.41107 -9.24576 12
    endloop
  endfacet
  facet normal 0 0 1
    outer loop
      vertex -1.41107 -9.24576 12
      vertex -2.78124 -5.20333 12
      vertex -1.47821 -9.38771 12
    endloop
  endfacet
  facet normal 0 0 1
    outer loop
      vertex -1.47821 -9.38771 12
      vertex -3.27786 -4.90567 12
      vertex -1.5311 -9.53554 12
    endloop
  endfacet
  facet normal 0 0 1
    outer loop
      vertex -3.27786 -4.90567 12
      vertex -1.47821 -9.38771 12
      vertex -2.78124 -5.20333 12
    endloop
  endfacet
  facet normal 0 0 1
    outer loop
      vertex 9.53554 -1.5311 12
      vertex 4.90567 -3.27786 12
      vertex 11.6406 -7.77798 12
    endloop
  endfacet
  facet normal 0 0 1
    outer loop
      vertex 11.6406 -7.77798 12
      vertex 4.90567 -3.27786 12
      vertex 10.8221 -8.88151 12
    endloop
  endfacet
  facet normal -0 0 1
    outer loop
      vertex 4.56076 -3.74292 12
      vertex 10.8221 -8.88151 12
      vertex 4.90567 -3.27786 12
    endloop
  endfacet
  facet normal 0 0 1
    outer loop
      vertex 10.8221 -8.88151 12
      vertex 4.56076 -3.74292 12
      vertex 9.89949 -9.89949 12
    endloop
  endfacet
  facet normal -0 0 1
    outer loop
      vertex 4.17193 -4.17193 12
      vertex 9.89949 -9.89949 12
      vertex 4.56076 -3.74292 12
    endloop
  endfacet
  facet normal 0 0 1
    outer loop
      vertex 9.89949 -9.89949 12
      vertex 4.17193 -4.17193 12
      vertex 8.88151 -10.8221 12
    endloop
  endfacet
  facet normal -0 0 1
    outer loop
      vertex 3.74292 -4.56076 12
      vertex 8.88151 -10.8221 12
      vertex 4.17193 -4.17193 12
    endloop
  endfacet
  facet normal 0 0 1
    outer loop
      vertex 8.88151 -10.8221 12
      vertex 3.74292 -4.56076 12
      vertex 7.77798 -11.6406 12
    endloop
  endfacet
  facet normal -0 0 1
    outer loop
      vertex 3.27786 -4.90567 12
      vertex 7.77798 -11.6406 12
      vertex 3.74292 -4.56076 12
    endloop
  endfacet
  facet normal -0 0 1
    outer loop
      vertex 1.59229 -9.84317 12
      vertex 7.77798 -11.6406 12
      vertex 3.27786 -4.90567 12
    endloop
  endfacet
  facet normal 0 0 1
    outer loop
      vertex 1.59229 -9.84317 12
      vertex 6.59955 -12.3469 12
      vertex 7.77798 -11.6406 12
    endloop
  endfacet
  facet normal 0 0 1
    outer loop
      vertex 6.59955 -12.3469 12
      vertex 1.6 -10 12
      vertex 5.35757 -12.9343 12
    endloop
  endfacet
  facet normal 0 0 1
    outer loop
      vertex 1.59229 -9.84317 12
      vertex 3.27786 -4.90567 12
      vertex 2.78124 -5.20333 12
    endloop
  endfacet
  facet normal -0 0 1
    outer loop
      vertex 1.59229 -10.1568 12
      vertex 5.35757 -12.9343 12
      vertex 1.6 -10 12
    endloop
  endfacet
  facet normal 0 0 1
    outer loop
      vertex 1.59229 -9.84317 12
      vertex 2.78124 -5.20333 12
      vertex 2.25783 -5.45089 12
    endloop
  endfacet
  facet normal 0 0 1
    outer loop
      vertex 1.13137 -8.86863 12
      vertex 2.25783 -5.45089 12
      vertex 1.71268 -5.64595 12
    endloop
  endfacet
  facet normal -0 0 1
    outer loop
      vertex 1.56926 -10.3121 12
      vertex 5.35757 -12.9343 12
      vertex 1.59229 -10.1568 12
    endloop
  endfacet
  facet normal 0 0 1
    outer loop
      vertex 5.35757 -12.9343 12
      vertex 1.56926 -10.3121 12
      vertex 4.06398 -13.3972 12
    endloop
  endfacet
  facet normal -0 0 1
    outer loop
      vertex 1.5311 -10.4645 12
      vertex 4.06398 -13.3972 12
      vertex 1.56926 -10.3121 12
    endloop
  endfacet
  facet normal -0 0 1
    outer loop
      vertex 1.47821 -10.6123 12
      vertex 4.06398 -13.3972 12
      vertex 1.5311 -10.4645 12
    endloop
  endfacet
  facet normal -0 0 1
    outer loop
      vertex 1.41107 -10.7542 12
      vertex 4.06398 -13.3972 12
      vertex 1.47821 -10.6123 12
    endloop
  endfacet
  facet normal -0 0 1
    outer loop
      vertex 1.33035 -10.8889 12
      vertex 4.06398 -13.3972 12
      vertex 1.41107 -10.7542 12
    endloop
  endfacet
  facet normal 0 0 1
    outer loop
      vertex 4.06398 -13.3972 12
      vertex 1.33035 -10.8889 12
      vertex 2.73126 -13.731 12
    endloop
  endfacet
  facet normal -0 0 1
    outer loop
      vertex 1.23682 -11.015 12
      vertex 2.73126 -13.731 12
      vertex 1.33035 -10.8889 12
    endloop
  endfacet
  facet normal -0 0 1
    outer loop
      vertex 1.13137 -11.1314 12
      vertex 2.73126 -13.731 12
      vertex 1.23682 -11.015 12
    endloop
  endfacet
  facet normal -0 0 1
    outer loop
      vertex 1.01503 -11.2368 12
      vertex 2.73126 -13.731 12
      vertex 1.13137 -11.1314 12
    endloop
  endfacet
  facet normal 0 0 1
    outer loop
      vertex 2.73126 -13.731 12
      vertex 1.01503 -11.2368 12
      vertex 1.37224 -13.9326 12
    endloop
  endfacet
  facet normal -0 0 1
    outer loop
      vertex 0.888912 -11.3304 12
      vertex 1.37224 -13.9326 12
      vertex 1.01503 -11.2368 12
    endloop
  endfacet
  facet normal -0 0 1
    outer loop
      vertex 0.754234 -11.4111 12
      vertex 1.37224 -13.9326 12
      vertex 0.888912 -11.3304 12
    endloop
  endfacet
  facet normal -0 0 1
    outer loop
      vertex 0.612293 -11.4782 12
      vertex 1.37224 -13.9326 12
      vertex 0.754234 -11.4111 12
    endloop
  endfacet
  facet normal -0 0 1
    outer loop
      vertex 0.464455 -11.5311 12
      vertex 1.37224 -13.9326 12
      vertex 0.612293 -11.4782 12
    endloop
  endfacet
  facet normal -0 0 1
    outer loop
      vertex 0.312144 -11.5693 12
      vertex 1.37224 -13.9326 12
      vertex 0.464455 -11.5311 12
    endloop
  endfacet
  facet normal 0 0 1
    outer loop
      vertex 0 -14 12
      vertex 0.312144 -11.5693 12
      vertex 0.156827 -11.5923 12
    endloop
  endfacet
  facet normal 0 0 1
    outer loop
      vertex 0 -14 12
      vertex 0.156827 -11.5923 12
      vertex 0 -11.6 12
    endloop
  endfacet
  facet normal 0 0 1
    outer loop
      vertex 0.312144 -11.5693 12
      vertex 0 -14 12
      vertex 1.37224 -13.9326 12
    endloop
  endfacet
  facet normal 0 0 1
    outer loop
      vertex -0.156827 -11.5923 12
      vertex 0 -14 12
      vertex 0 -11.6 12
    endloop
  endfacet
  facet normal 0 0 1
    outer loop
      vertex -0.312144 -11.5693 12
      vertex 0 -14 12
      vertex -0.156827 -11.5923 12
    endloop
  endfacet
  facet normal 0 0 1
    outer loop
      vertex -1.37224 -13.9326 12
      vertex -0.312144 -11.5693 12
      vertex -0.464455 -11.5311 12
    endloop
  endfacet
  facet normal 0 0 1
    outer loop
      vertex -1.37224 -13.9326 12
      vertex -0.464455 -11.5311 12
      vertex -0.612293 -11.4782 12
    endloop
  endfacet
  facet normal 0 0 1
    outer loop
      vertex -1.37224 -13.9326 12
      vertex -0.612293 -11.4782 12
      vertex -0.754234 -11.4111 12
    endloop
  endfacet
  facet normal 0 0 1
    outer loop
      vertex -1.37224 -13.9326 12
      vertex -0.754234 -11.4111 12
      vertex -0.888912 -11.3304 12
    endloop
  endfacet
  facet normal 0 0 1
    outer loop
      vertex -1.37224 -13.9326 12
      vertex -0.888912 -11.3304 12
      vertex -1.01503 -11.2368 12
    endloop
  endfacet
  facet normal 0 0 1
    outer loop
      vertex -2.73126 -13.731 12
      vertex -1.01503 -11.2368 12
      vertex -1.13137 -11.1314 12
    endloop
  endfacet
  facet normal 0 0 1
    outer loop
      vertex -2.73126 -13.731 12
      vertex -1.13137 -11.1314 12
      vertex -1.23682 -11.015 12
    endloop
  endfacet
  facet normal 0 0 1
    outer loop
      vertex -2.73126 -13.731 12
      vertex -1.23682 -11.015 12
      vertex -1.33035 -10.8889 12
    endloop
  endfacet
  facet normal 0 0 1
    outer loop
      vertex -0.312144 -11.5693 12
      vertex -1.37224 -13.9326 12
      vertex 0 -14 12
    endloop
  endfacet
  facet normal 0 0 1
    outer loop
      vertex -4.06398 -13.3972 12
      vertex -1.33035 -10.8889 12
      vertex -1.41107 -10.7542 12
    endloop
  endfacet
  facet normal 0 0 1
    outer loop
      vertex -4.06398 -13.3972 12
      vertex -1.41107 -10.7542 12
      vertex -1.47821 -10.6123 12
    endloop
  endfacet
  facet normal 0 0 1
    outer loop
      vertex -4.06398 -13.3972 12
      vertex -1.47821 -10.6123 12
      vertex -1.5311 -10.4645 12
    endloop
  endfacet
  facet normal 0 0 1
    outer loop
      vertex -4.06398 -13.3972 12
      vertex -1.5311 -10.4645 12
      vertex -1.56926 -10.3121 12
    endloop
  endfacet
  facet normal 0 0 1
    outer loop
      vertex -5.35757 -12.9343 12
      vertex -1.56926 -10.3121 12
      vertex -1.59229 -10.1568 12
    endloop
  endfacet
  facet normal 0 0 1
    outer loop
      vertex -7.77798 -11.6406 12
      vertex -1.5311 -9.53554 12
      vertex -3.27786 -4.90567 12
    endloop
  endfacet
  facet normal 0 0 1
    outer loop
      vertex -1.5311 -9.53554 12
      vertex -7.77798 -11.6406 12
      vertex -1.56926 -9.68785 12
    endloop
  endfacet
  facet normal 0 -0 1
    outer loop
      vertex -6.59955 -12.3469 12
      vertex -1.56926 -9.68785 12
      vertex -7.77798 -11.6406 12
    endloop
  endfacet
  facet normal 0 0 1
    outer loop
      vertex -1.01503 -11.2368 12
      vertex -2.73126 -13.731 12
      vertex -1.37224 -13.9326 12
    endloop
  endfacet
  facet normal 0 0 1
    outer loop
      vertex -1.56926 -9.68785 12
      vertex -6.59955 -12.3469 12
      vertex -1.59229 -9.84317 12
    endloop
  endfacet
  facet normal 0 0 1
    outer loop
      vertex -1.59229 -9.84317 12
      vertex -6.59955 -12.3469 12
      vertex -1.6 -10 12
    endloop
  endfacet
  facet normal 0 0 1
    outer loop
      vertex -7.77798 -11.6406 12
      vertex -3.27786 -4.90567 12
      vertex -3.74292 -4.56076 12
    endloop
  endfacet
  facet normal 0 0 1
    outer loop
      vertex -1.33035 -10.8889 12
      vertex -4.06398 -13.3972 12
      vertex -2.73126 -13.731 12
    endloop
  endfacet
  facet normal 0 0 1
    outer loop
      vertex -7.77798 -11.6406 12
      vertex -3.74292 -4.56076 12
      vertex -4.17193 -4.17193 12
    endloop
  endfacet
  facet normal 0 0 1
    outer loop
      vertex -7.77798 -11.6406 12
      vertex -4.17193 -4.17193 12
      vertex -4.56076 -3.74292 12
    endloop
  endfacet
  facet normal 0 0 1
    outer loop
      vertex -7.77798 -11.6406 12
      vertex -4.56076 -3.74292 12
      vertex -4.90567 -3.27786 12
    endloop
  endfacet
  facet normal 0 0 1
    outer loop
      vertex -7.77798 -11.6406 12
      vertex -4.90567 -3.27786 12
      vertex -5.20333 -2.78124 12
    endloop
  endfacet
  facet normal 0 0 1
    outer loop
      vertex -1.56926 -10.3121 12
      vertex -5.35757 -12.9343 12
      vertex -4.06398 -13.3972 12
    endloop
  endfacet
  facet normal 0 0 1
    outer loop
      vertex -8.52179 -0.612293 12
      vertex -5.87159 -0.5783 12
      vertex -8.46889 -0.464455 12
    endloop
  endfacet
  facet normal -0 0 1
    outer loop
      vertex -8.46889 -0.464455 12
      vertex -5.87159 -0.5783 12
      vertex -8.43074 -0.312144 12
    endloop
  endfacet
  facet normal -0 0 1
    outer loop
      vertex -8.43074 -0.312144 12
      vertex -5.87159 -0.5783 12
      vertex -8.4077 -0.156827 12
    endloop
  endfacet
  facet normal 0 0 1
    outer loop
      vertex -5.9 0 12
      vertex -8.4077 -0.156827 12
      vertex -5.87159 -0.5783 12
    endloop
  endfacet
  facet normal 0 0 1
    outer loop
      vertex -8.4077 -0.156827 12
      vertex -5.9 0 12
      vertex -8.4 0 12
    endloop
  endfacet
  facet normal 0 -0 1
    outer loop
      vertex -9.38771 1.47821 12
      vertex -4.90567 3.27786 12
      vertex -9.53554 1.5311 12
    endloop
  endfacet
  facet normal 0 0 1
    outer loop
      vertex -5.87159 -0.5783 12
      vertex -8.52179 -0.612293 12
      vertex -5.78663 -1.15103 12
    endloop
  endfacet
  facet normal 0 0 1
    outer loop
      vertex -4.90567 3.27786 12
      vertex -9.38771 1.47821 12
      vertex -5.20333 2.78124 12
    endloop
  endfacet
  facet normal 0 0 1
    outer loop
      vertex -1.6 -10 12
      vertex -5.35757 -12.9343 12
      vertex -1.59229 -10.1568 12
    endloop
  endfacet
  facet normal 0 -0 1
    outer loop
      vertex -5.35757 -12.9343 12
      vertex -1.6 -10 12
      vertex -6.59955 -12.3469 12
    endloop
  endfacet
  facet normal 0 0 1
    outer loop
      vertex -5.9 0 12
      vertex -8.4077 0.156827 12
      vertex -8.4 0 12
    endloop
  endfacet
  facet normal 0 0 1
    outer loop
      vertex -5.87159 0.5783 12
      vertex -8.4077 0.156827 12
      vertex -5.9 0 12
    endloop
  endfacet
  facet normal 0 -0 1
    outer loop
      vertex -8.4077 0.156827 12
      vertex -5.87159 0.5783 12
      vertex -8.43074 0.312144 12
    endloop
  endfacet
  facet normal 0 -0 1
    outer loop
      vertex -8.43074 0.312144 12
      vertex -5.87159 0.5783 12
      vertex -8.46889 0.464455 12
    endloop
  endfacet
  facet normal 0 -0 1
    outer loop
      vertex -8.46889 0.464455 12
      vertex -5.87159 0.5783 12
      vertex -8.52179 0.612293 12
    endloop
  endfacet
  facet normal 0 0 1
    outer loop
      vertex -5.78663 1.15103 12
      vertex -8.52179 0.612293 12
      vertex -5.87159 0.5783 12
    endloop
  endfacet
  facet normal 0 -0 1
    outer loop
      vertex -8.52179 0.612293 12
      vertex -5.78663 1.15103 12
      vertex -8.58893 0.754234 12
    endloop
  endfacet
  facet normal 0 -0 1
    outer loop
      vertex -8.58893 0.754234 12
      vertex -5.78663 1.15103 12
      vertex -8.66965 0.888912 12
    endloop
  endfacet
  facet normal 0 -0 1
    outer loop
      vertex -8.66965 0.888912 12
      vertex -5.64595 1.71268 12
      vertex -8.76318 1.01503 12
    endloop
  endfacet
  facet normal 0 0 1
    outer loop
      vertex -5.64595 1.71268 12
      vertex -8.66965 0.888912 12
      vertex -5.78663 1.15103 12
    endloop
  endfacet
  facet normal 0 0 1
    outer loop
      vertex -5.45089 2.25783 12
      vertex -8.86863 1.13137 12
      vertex -5.64595 1.71268 12
    endloop
  endfacet
  facet normal 0 -0 1
    outer loop
      vertex -8.76318 1.01503 12
      vertex -5.64595 1.71268 12
      vertex -8.86863 1.13137 12
    endloop
  endfacet
  facet normal 0 -0 1
    outer loop
      vertex -8.86863 1.13137 12
      vertex -5.45089 2.25783 12
      vertex -8.98497 1.23682 12
    endloop
  endfacet
  facet normal 0 -0 1
    outer loop
      vertex -8.98497 1.23682 12
      vertex -5.45089 2.25783 12
      vertex -9.11109 1.33035 12
    endloop
  endfacet
  facet normal 0 0 1
    outer loop
      vertex -5.20333 2.78124 12
      vertex -9.11109 1.33035 12
      vertex -5.45089 2.25783 12
    endloop
  endfacet
  facet normal 0 -0 1
    outer loop
      vertex -9.11109 1.33035 12
      vertex -5.20333 2.78124 12
      vertex -9.24576 1.41107 12
    endloop
  endfacet
  facet normal 0 -0 1
    outer loop
      vertex -9.24576 1.41107 12
      vertex -5.20333 2.78124 12
      vertex -9.38771 1.47821 12
    endloop
  endfacet
  facet normal 0 0 1
    outer loop
      vertex -9.53554 1.5311 12
      vertex -11.6406 7.77798 12
      vertex -9.68785 1.56926 12
    endloop
  endfacet
  facet normal -0 0 1
    outer loop
      vertex -12.3469 6.59955 12
      vertex -9.68785 1.56926 12
      vertex -11.6406 7.77798 12
    endloop
  endfacet
  facet normal 0 0 1
    outer loop
      vertex -9.68785 1.56926 12
      vertex -12.3469 6.59955 12
      vertex -9.84317 1.59229 12
    endloop
  endfacet
  facet normal 0 0 1
    outer loop
      vertex -9.84317 1.59229 12
      vertex -12.3469 6.59955 12
      vertex -10 1.6 12
    endloop
  endfacet
  facet normal -0 0 1
    outer loop
      vertex -12.9343 5.35757 12
      vertex -10 1.6 12
      vertex -12.3469 6.59955 12
    endloop
  endfacet
  facet normal 0 0 1
    outer loop
      vertex -10 1.6 12
      vertex -12.9343 5.35757 12
      vertex -10.1568 1.59229 12
    endloop
  endfacet
  facet normal 0 0 1
    outer loop
      vertex -10.1568 1.59229 12
      vertex -12.9343 5.35757 12
      vertex -10.3121 1.56926 12
    endloop
  endfacet
  facet normal 0 0 1
    outer loop
      vertex -10.3121 1.56926 12
      vertex -12.9343 5.35757 12
      vertex -10.4645 1.5311 12
    endloop
  endfacet
  facet normal -0 0 1
    outer loop
      vertex -13.3972 4.06398 12
      vertex -10.4645 1.5311 12
      vertex -12.9343 5.35757 12
    endloop
  endfacet
  facet normal 0 0 1
    outer loop
      vertex -10.4645 1.5311 12
      vertex -13.3972 4.06398 12
      vertex -10.6123 1.47821 12
    endloop
  endfacet
  facet normal 0 0 1
    outer loop
      vertex -10.6123 1.47821 12
      vertex -13.3972 4.06398 12
      vertex -10.7542 1.41107 12
    endloop
  endfacet
  facet normal 0 0 1
    outer loop
      vertex -10.7542 1.41107 12
      vertex -13.3972 4.06398 12
      vertex -10.8889 1.33035 12
    endloop
  endfacet
  facet normal -0 0 1
    outer loop
      vertex -13.731 2.73126 12
      vertex -10.8889 1.33035 12
      vertex -13.3972 4.06398 12
    endloop
  endfacet
  facet normal 0 0 1
    outer loop
      vertex -10.8889 1.33035 12
      vertex -13.731 2.73126 12
      vertex -11.015 1.23682 12
    endloop
  endfacet
  facet normal 0 0 1
    outer loop
      vertex -11.015 1.23682 12
      vertex -13.731 2.73126 12
      vertex -11.1314 1.13137 12
    endloop
  endfacet
  facet normal 0 0 1
    outer loop
      vertex -11.1314 1.13137 12
      vertex -13.731 2.73126 12
      vertex -11.2368 1.01503 12
    endloop
  endfacet
  facet normal 0 0 1
    outer loop
      vertex -11.2368 1.01503 12
      vertex -13.731 2.73126 12
      vertex -11.3304 0.888912 12
    endloop
  endfacet
  facet normal 0 0 1
    outer loop
      vertex -11.3304 0.888912 12
      vertex -13.9326 1.37224 12
      vertex -11.4111 0.754234 12
    endloop
  endfacet
  facet normal -0 0 1
    outer loop
      vertex -13.9326 1.37224 12
      vertex -11.3304 0.888912 12
      vertex -13.731 2.73126 12
    endloop
  endfacet
  facet normal -0 0 1
    outer loop
      vertex 1.47821 9.38771 12
      vertex 3.27786 4.90567 12
      vertex 1.5311 9.53554 12
    endloop
  endfacet
  facet normal 0 0 1
    outer loop
      vertex 3.27786 4.90567 12
      vertex 1.47821 9.38771 12
      vertex 2.78124 5.20333 12
    endloop
  endfacet
  facet normal -0 0 1
    outer loop
      vertex 1.41107 9.24576 12
      vertex 2.78124 5.20333 12
      vertex 1.47821 9.38771 12
    endloop
  endfacet
  facet normal -0 0 1
    outer loop
      vertex 1.33035 9.11109 12
      vertex 2.78124 5.20333 12
      vertex 1.41107 9.24576 12
    endloop
  endfacet
  facet normal 0 0 1
    outer loop
      vertex 2.78124 5.20333 12
      vertex 1.33035 9.11109 12
      vertex 2.25783 5.45089 12
    endloop
  endfacet
  facet normal -0 0 1
    outer loop
      vertex 1.23682 8.98497 12
      vertex 2.25783 5.45089 12
      vertex 1.33035 9.11109 12
    endloop
  endfacet
  facet normal -0 0 1
    outer loop
      vertex 1.13137 8.86863 12
      vertex 2.25783 5.45089 12
      vertex 1.23682 8.98497 12
    endloop
  endfacet
  facet normal 0 0 1
    outer loop
      vertex 2.25783 5.45089 12
      vertex 1.13137 8.86863 12
      vertex 1.71268 5.64595 12
    endloop
  endfacet
  facet normal -0 0 1
    outer loop
      vertex 1.01503 8.76318 12
      vertex 1.71268 5.64595 12
      vertex 1.13137 8.86863 12
    endloop
  endfacet
  facet normal -0 0 1
    outer loop
      vertex 0.888912 8.66965 12
      vertex 1.71268 5.64595 12
      vertex 1.01503 8.76318 12
    endloop
  endfacet
  facet normal 0 0 1
    outer loop
      vertex 1.71268 5.64595 12
      vertex 0.888912 8.66965 12
      vertex 1.15103 5.78663 12
    endloop
  endfacet
  facet normal -0 0 1
    outer loop
      vertex 0.754234 8.58893 12
      vertex 1.15103 5.78663 12
      vertex 0.888912 8.66965 12
    endloop
  endfacet
  facet normal -0 0 1
    outer loop
      vertex 0.612293 8.52179 12
      vertex 1.15103 5.78663 12
      vertex 0.754234 8.58893 12
    endloop
  endfacet
  facet normal 0 0 1
    outer loop
      vertex 0.612293 8.52179 12
      vertex 0.5783 5.87159 12
      vertex 1.15103 5.78663 12
    endloop
  endfacet
  facet normal -0 0 1
    outer loop
      vertex 0.464455 8.46889 12
      vertex 0.5783 5.87159 12
      vertex 0.612293 8.52179 12
    endloop
  endfacet
  facet normal -0 0 1
    outer loop
      vertex 0.312144 8.43074 12
      vertex 0.5783 5.87159 12
      vertex 0.464455 8.46889 12
    endloop
  endfacet
  facet normal -0 0 1
    outer loop
      vertex 0.156827 8.4077 12
      vertex 0.5783 5.87159 12
      vertex 0.312144 8.43074 12
    endloop
  endfacet
  facet normal 0 0 1
    outer loop
      vertex 0 5.9 12
      vertex 0.156827 8.4077 12
      vertex 0 8.4 12
    endloop
  endfacet
  facet normal 0 0 1
    outer loop
      vertex 0.156827 8.4077 12
      vertex 0 5.9 12
      vertex 0.5783 5.87159 12
    endloop
  endfacet
  facet normal 0 0 1
    outer loop
      vertex -0.156827 8.4077 12
      vertex 0 5.9 12
      vertex 0 8.4 12
    endloop
  endfacet
  facet normal 0 0 1
    outer loop
      vertex -0.5783 5.87159 12
      vertex -0.156827 8.4077 12
      vertex -0.312144 8.43074 12
    endloop
  endfacet
  facet normal 0 0 1
    outer loop
      vertex -0.5783 5.87159 12
      vertex -0.312144 8.43074 12
      vertex -0.464455 8.46889 12
    endloop
  endfacet
  facet normal 0 0 1
    outer loop
      vertex -0.156827 8.4077 12
      vertex -0.5783 5.87159 12
      vertex 0 5.9 12
    endloop
  endfacet
  facet normal 0 0 1
    outer loop
      vertex -0.612293 8.52179 12
      vertex -0.5783 5.87159 12
      vertex -0.464455 8.46889 12
    endloop
  endfacet
  facet normal 0 0 1
    outer loop
      vertex -1.15103 5.78663 12
      vertex -0.612293 8.52179 12
      vertex -0.754234 8.58893 12
    endloop
  endfacet
  facet normal 0 0 1
    outer loop
      vertex -1.15103 5.78663 12
      vertex -0.754234 8.58893 12
      vertex -0.888912 8.66965 12
    endloop
  endfacet
  facet normal 0 0 1
    outer loop
      vertex -1.71268 5.64595 12
      vertex -0.888912 8.66965 12
      vertex -1.01503 8.76318 12
    endloop
  endfacet
  facet normal 0 0 1
    outer loop
      vertex -1.71268 5.64595 12
      vertex -1.01503 8.76318 12
      vertex -1.13137 8.86863 12
    endloop
  endfacet
  facet normal 0 0 1
    outer loop
      vertex -0.612293 8.52179 12
      vertex -1.15103 5.78663 12
      vertex -0.5783 5.87159 12
    endloop
  endfacet
  facet normal 0 0 1
    outer loop
      vertex -2.25783 5.45089 12
      vertex -1.13137 8.86863 12
      vertex -1.23682 8.98497 12
    endloop
  endfacet
  facet normal 0 0 1
    outer loop
      vertex -2.25783 5.45089 12
      vertex -1.23682 8.98497 12
      vertex -1.33035 9.11109 12
    endloop
  endfacet
  facet normal 0 0 1
    outer loop
      vertex -2.78124 5.20333 12
      vertex -1.33035 9.11109 12
      vertex -1.41107 9.24576 12
    endloop
  endfacet
  facet normal 0 0 1
    outer loop
      vertex -2.78124 5.20333 12
      vertex -1.41107 9.24576 12
      vertex -1.47821 9.38771 12
    endloop
  endfacet
  facet normal 0 0 1
    outer loop
      vertex -3.27786 4.90567 12
      vertex -1.47821 9.38771 12
      vertex -1.5311 9.53554 12
    endloop
  endfacet
  facet normal -0 0 1
    outer loop
      vertex -7.77798 11.6406 12
      vertex -1.56926 9.68785 12
      vertex -6.59955 12.3469 12
    endloop
  endfacet
  facet normal 0 0 1
    outer loop
      vertex -6.59955 12.3469 12
      vertex -1.56926 9.68785 12
      vertex -1.59229 9.84317 12
    endloop
  endfacet
  facet normal 0 0 1
    outer loop
      vertex -0.888912 8.66965 12
      vertex -1.71268 5.64595 12
      vertex -1.15103 5.78663 12
    endloop
  endfacet
  facet normal 0 0 1
    outer loop
      vertex -6.59955 12.3469 12
      vertex -1.59229 9.84317 12
      vertex -1.6 10 12
    endloop
  endfacet
  facet normal -0 0 1
    outer loop
      vertex 11.5693 0.312144 12
      vertex 14 0 12
      vertex 13.9326 1.37224 12
    endloop
  endfacet
  facet normal 0 0 1
    outer loop
      vertex 11.3304 0.888912 12
      vertex 13.9326 1.37224 12
      vertex 13.731 2.73126 12
    endloop
  endfacet
  facet normal 0 0 1
    outer loop
      vertex 14 0 12
      vertex 11.5693 0.312144 12
      vertex 11.5923 0.156827 12
    endloop
  endfacet
  facet normal 0 0 1
    outer loop
      vertex 10.8889 1.33035 12
      vertex 13.731 2.73126 12
      vertex 13.3972 4.06398 12
    endloop
  endfacet
  facet normal 0 0 1
    outer loop
      vertex 11.5923 -0.156827 12
      vertex 14 0 12
      vertex 11.6 0 12
    endloop
  endfacet
  facet normal 0 0 1
    outer loop
      vertex 10.4645 1.5311 12
      vertex 13.3972 4.06398 12
      vertex 12.9343 5.35757 12
    endloop
  endfacet
  facet normal 0 0 1
    outer loop
      vertex 11.5693 -0.312144 12
      vertex 14 0 12
      vertex 11.5923 -0.156827 12
    endloop
  endfacet
  facet normal 0 0 1
    outer loop
      vertex 10 1.6 12
      vertex 12.9343 5.35757 12
      vertex 12.3469 6.59955 12
    endloop
  endfacet
  facet normal 0 0 1
    outer loop
      vertex 14 0 12
      vertex 11.5693 -0.312144 12
      vertex 13.9326 -1.37224 12
    endloop
  endfacet
  facet normal 0 0 1
    outer loop
      vertex 9.68785 1.56926 12
      vertex 12.3469 6.59955 12
      vertex 11.6406 7.77798 12
    endloop
  endfacet
  facet normal -0 0 1
    outer loop
      vertex 11.4782 -0.612293 12
      vertex 13.9326 -1.37224 12
      vertex 11.5311 -0.464455 12
    endloop
  endfacet
  facet normal -0 0 1
    outer loop
      vertex 11.4111 -0.754234 12
      vertex 13.9326 -1.37224 12
      vertex 11.4782 -0.612293 12
    endloop
  endfacet
  facet normal -0 0 1
    outer loop
      vertex 11.5311 -0.464455 12
      vertex 13.9326 -1.37224 12
      vertex 11.5693 -0.312144 12
    endloop
  endfacet
  facet normal 0 0 1
    outer loop
      vertex 14 0 12
      vertex 11.5923 0.156827 12
      vertex 11.6 0 12
    endloop
  endfacet
  facet normal 0 0 1
    outer loop
      vertex 13.9326 1.37224 12
      vertex 11.5311 0.464455 12
      vertex 11.5693 0.312144 12
    endloop
  endfacet
  facet normal 0 0 1
    outer loop
      vertex 13.9326 1.37224 12
      vertex 11.4782 0.612293 12
      vertex 11.5311 0.464455 12
    endloop
  endfacet
  facet normal 0 0 1
    outer loop
      vertex 13.9326 1.37224 12
      vertex 11.4111 0.754234 12
      vertex 11.4782 0.612293 12
    endloop
  endfacet
  facet normal 0 0 1
    outer loop
      vertex 13.9326 1.37224 12
      vertex 11.3304 0.888912 12
      vertex 11.4111 0.754234 12
    endloop
  endfacet
  facet normal 0 0 1
    outer loop
      vertex 13.731 2.73126 12
      vertex 11.2368 1.01503 12
      vertex 11.3304 0.888912 12
    endloop
  endfacet
  facet normal 0 0 1
    outer loop
      vertex 13.731 2.73126 12
      vertex 11.1314 1.13137 12
      vertex 11.2368 1.01503 12
    endloop
  endfacet
  facet normal 0 0 1
    outer loop
      vertex 13.731 2.73126 12
      vertex 11.015 1.23682 12
      vertex 11.1314 1.13137 12
    endloop
  endfacet
  facet normal 0 0 1
    outer loop
      vertex 13.731 2.73126 12
      vertex 10.8889 1.33035 12
      vertex 11.015 1.23682 12
    endloop
  endfacet
  facet normal 0 0 1
    outer loop
      vertex 4.90567 3.27786 12
      vertex 11.6406 7.77798 12
      vertex 10.8221 8.88151 12
    endloop
  endfacet
  facet normal 0 0 1
    outer loop
      vertex 13.3972 4.06398 12
      vertex 10.7542 1.41107 12
      vertex 10.8889 1.33035 12
    endloop
  endfacet
  facet normal 0 0 1
    outer loop
      vertex 13.3972 4.06398 12
      vertex 10.6123 1.47821 12
      vertex 10.7542 1.41107 12
    endloop
  endfacet
  facet normal 0 0 1
    outer loop
      vertex 13.3972 4.06398 12
      vertex 10.4645 1.5311 12
      vertex 10.6123 1.47821 12
    endloop
  endfacet
  facet normal 0 0 1
    outer loop
      vertex 12.9343 5.35757 12
      vertex 10.3121 1.56926 12
      vertex 10.4645 1.5311 12
    endloop
  endfacet
  facet normal 0 0 1
    outer loop
      vertex 12.9343 5.35757 12
      vertex 10.1568 1.59229 12
      vertex 10.3121 1.56926 12
    endloop
  endfacet
  facet normal 0 0 1
    outer loop
      vertex 12.9343 5.35757 12
      vertex 10 1.6 12
      vertex 10.1568 1.59229 12
    endloop
  endfacet
  facet normal 0 0 1
    outer loop
      vertex 4.56076 3.74292 12
      vertex 10.8221 8.88151 12
      vertex 9.89949 9.89949 12
    endloop
  endfacet
  facet normal 0 0 1
    outer loop
      vertex 12.3469 6.59955 12
      vertex 9.84317 1.59229 12
      vertex 10 1.6 12
    endloop
  endfacet
  facet normal 0 0 1
    outer loop
      vertex 12.3469 6.59955 12
      vertex 9.68785 1.56926 12
      vertex 9.84317 1.59229 12
    endloop
  endfacet
  facet normal 0 0 1
    outer loop
      vertex 11.6406 7.77798 12
      vertex 9.53554 1.5311 12
      vertex 9.68785 1.56926 12
    endloop
  endfacet
  facet normal 0 0 1
    outer loop
      vertex 11.6406 7.77798 12
      vertex 4.90567 3.27786 12
      vertex 9.53554 1.5311 12
    endloop
  endfacet
  facet normal 0 0 1
    outer loop
      vertex 9.53554 1.5311 12
      vertex 4.90567 3.27786 12
      vertex 9.38771 1.47821 12
    endloop
  endfacet
  facet normal -0 -0 1
    outer loop
      vertex 5.20333 2.78124 12
      vertex 9.38771 1.47821 12
      vertex 4.90567 3.27786 12
    endloop
  endfacet
  facet normal 0 0 1
    outer loop
      vertex 9.38771 1.47821 12
      vertex 5.20333 2.78124 12
      vertex 9.24576 1.41107 12
    endloop
  endfacet
  facet normal 0 0 1
    outer loop
      vertex 4.17193 4.17193 12
      vertex 9.89949 9.89949 12
      vertex 8.88151 10.8221 12
    endloop
  endfacet
  facet normal 0 0 1
    outer loop
      vertex 9.24576 1.41107 12
      vertex 5.20333 2.78124 12
      vertex 9.11109 1.33035 12
    endloop
  endfacet
  facet normal -0 -0 1
    outer loop
      vertex 5.45089 2.25783 12
      vertex 9.11109 1.33035 12
      vertex 5.20333 2.78124 12
    endloop
  endfacet
  facet normal 0 0 1
    outer loop
      vertex 9.11109 1.33035 12
      vertex 5.45089 2.25783 12
      vertex 8.98497 1.23682 12
    endloop
  endfacet
  facet normal 0 0 1
    outer loop
      vertex 8.98497 1.23682 12
      vertex 5.45089 2.25783 12
      vertex 8.86863 1.13137 12
    endloop
  endfacet
  facet normal -0 -0 1
    outer loop
      vertex 5.64595 1.71268 12
      vertex 8.86863 1.13137 12
      vertex 5.45089 2.25783 12
    endloop
  endfacet
  facet normal 0 0 1
    outer loop
      vertex 8.76318 1.01503 12
      vertex 5.64595 1.71268 12
      vertex 8.66965 0.888912 12
    endloop
  endfacet
  facet normal -0 -0 1
    outer loop
      vertex 5.78663 1.15103 12
      vertex 8.66965 0.888912 12
      vertex 5.64595 1.71268 12
    endloop
  endfacet
  facet normal 0 0 1
    outer loop
      vertex 8.66965 0.888912 12
      vertex 5.78663 1.15103 12
      vertex 8.58893 0.754234 12
    endloop
  endfacet
  facet normal 0 0 1
    outer loop
      vertex 8.58893 0.754234 12
      vertex 5.78663 1.15103 12
      vertex 8.52179 0.612293 12
    endloop
  endfacet
  facet normal 0 0 1
    outer loop
      vertex 3.74292 4.56076 12
      vertex 8.88151 10.8221 12
      vertex 7.77798 11.6406 12
    endloop
  endfacet
  facet normal -0 0 1
    outer loop
      vertex 11.3304 -0.888912 12
      vertex 13.9326 -1.37224 12
      vertex 11.4111 -0.754234 12
    endloop
  endfacet
  facet normal 0 0 1
    outer loop
      vertex 13.9326 -1.37224 12
      vertex 11.3304 -0.888912 12
      vertex 13.731 -2.73126 12
    endloop
  endfacet
  facet normal -0 0 1
    outer loop
      vertex 11.2368 -1.01503 12
      vertex 13.731 -2.73126 12
      vertex 11.3304 -0.888912 12
    endloop
  endfacet
  facet normal -0 0 1
    outer loop
      vertex 11.1314 -1.13137 12
      vertex 13.731 -2.73126 12
      vertex 11.2368 -1.01503 12
    endloop
  endfacet
  facet normal -0 0 1
    outer loop
      vertex 11.015 -1.23682 12
      vertex 13.731 -2.73126 12
      vertex 11.1314 -1.13137 12
    endloop
  endfacet
  facet normal -0 0 1
    outer loop
      vertex 10.8889 -1.33035 12
      vertex 13.731 -2.73126 12
      vertex 11.015 -1.23682 12
    endloop
  endfacet
  facet normal 0 0 1
    outer loop
      vertex 13.731 -2.73126 12
      vertex 10.8889 -1.33035 12
      vertex 13.3972 -4.06398 12
    endloop
  endfacet
  facet normal -0 0 1
    outer loop
      vertex 10.7542 -1.41107 12
      vertex 13.3972 -4.06398 12
      vertex 10.8889 -1.33035 12
    endloop
  endfacet
  facet normal -0 0 1
    outer loop
      vertex 10.6123 -1.47821 12
      vertex 13.3972 -4.06398 12
      vertex 10.7542 -1.41107 12
    endloop
  endfacet
  facet normal -0 0 1
    outer loop
      vertex 10.4645 -1.5311 12
      vertex 13.3972 -4.06398 12
      vertex 10.6123 -1.47821 12
    endloop
  endfacet
  facet normal 0 0 1
    outer loop
      vertex 13.3972 -4.06398 12
      vertex 10.4645 -1.5311 12
      vertex 12.9343 -5.35757 12
    endloop
  endfacet
  facet normal -0 0 1
    outer loop
      vertex 10.3121 -1.56926 12
      vertex 12.9343 -5.35757 12
      vertex 10.4645 -1.5311 12
    endloop
  endfacet
  facet normal -0 0 1
    outer loop
      vertex 10.1568 -1.59229 12
      vertex 12.9343 -5.35757 12
      vertex 10.3121 -1.56926 12
    endloop
  endfacet
  facet normal -0 0 1
    outer loop
      vertex 10 -1.6 12
      vertex 12.9343 -5.35757 12
      vertex 10.1568 -1.59229 12
    endloop
  endfacet
  facet normal 0 0 1
    outer loop
      vertex 12.9343 -5.35757 12
      vertex 10 -1.6 12
      vertex 12.3469 -6.59955 12
    endloop
  endfacet
  facet normal 0 0 1
    outer loop
      vertex 9.84317 -1.59229 12
      vertex 12.3469 -6.59955 12
      vertex 10 -1.6 12
    endloop
  endfacet
  facet normal 0 0 1
    outer loop
      vertex 9.68785 -1.56926 12
      vertex 12.3469 -6.59955 12
      vertex 9.84317 -1.59229 12
    endloop
  endfacet
  facet normal 0 0 1
    outer loop
      vertex 12.3469 -6.59955 12
      vertex 9.68785 -1.56926 12
      vertex 11.6406 -7.77798 12
    endloop
  endfacet
  facet normal 0 0 1
    outer loop
      vertex 9.53554 -1.5311 12
      vertex 11.6406 -7.77798 12
      vertex 9.68785 -1.56926 12
    endloop
  endfacet
  facet normal 0 0 1
    outer loop
      vertex 9.24576 -1.41107 12
      vertex 5.20333 -2.78124 12
      vertex 9.38771 -1.47821 12
    endloop
  endfacet
  facet normal 0 0 1
    outer loop
      vertex 9.11109 -1.33035 12
      vertex 5.20333 -2.78124 12
      vertex 9.24576 -1.41107 12
    endloop
  endfacet
  facet normal 0 0 1
    outer loop
      vertex 5.20333 -2.78124 12
      vertex 9.11109 -1.33035 12
      vertex 5.45089 -2.25783 12
    endloop
  endfacet
  facet normal 0 0 1
    outer loop
      vertex 8.98497 -1.23682 12
      vertex 5.45089 -2.25783 12
      vertex 9.11109 -1.33035 12
    endloop
  endfacet
  facet normal 0 0 1
    outer loop
      vertex 8.86863 -1.13137 12
      vertex 5.45089 -2.25783 12
      vertex 8.98497 -1.23682 12
    endloop
  endfacet
  facet normal 0 0 1
    outer loop
      vertex 8.76318 -1.01503 12
      vertex 5.64595 -1.71268 12
      vertex 8.86863 -1.13137 12
    endloop
  endfacet
  facet normal 0 0 1
    outer loop
      vertex 5.45089 -2.25783 12
      vertex 8.86863 -1.13137 12
      vertex 5.64595 -1.71268 12
    endloop
  endfacet
  facet normal 0 0 1
    outer loop
      vertex 5.64595 -1.71268 12
      vertex 8.66965 -0.888912 12
      vertex 5.78663 -1.15103 12
    endloop
  endfacet
  facet normal 0 0 1
    outer loop
      vertex 8.58893 -0.754234 12
      vertex 5.78663 -1.15103 12
      vertex 8.66965 -0.888912 12
    endloop
  endfacet
  facet normal 0 0 1
    outer loop
      vertex 8.52179 -0.612293 12
      vertex 5.78663 -1.15103 12
      vertex 8.58893 -0.754234 12
    endloop
  endfacet
  facet normal 0 0 1
    outer loop
      vertex 5.78663 -1.15103 12
      vertex 8.52179 -0.612293 12
      vertex 5.87159 -0.5783 12
    endloop
  endfacet
  facet normal 0 0 1
    outer loop
      vertex 8.46889 -0.464455 12
      vertex 5.87159 -0.5783 12
      vertex 8.52179 -0.612293 12
    endloop
  endfacet
  facet normal 0 0 1
    outer loop
      vertex 8.43074 -0.312144 12
      vertex 5.87159 -0.5783 12
      vertex 8.46889 -0.464455 12
    endloop
  endfacet
  facet normal 0 0 1
    outer loop
      vertex 8.4077 -0.156827 12
      vertex 5.87159 -0.5783 12
      vertex 8.43074 -0.312144 12
    endloop
  endfacet
  facet normal 0 0 1
    outer loop
      vertex 5.87159 -0.5783 12
      vertex 8.4077 -0.156827 12
      vertex 5.9 0 12
    endloop
  endfacet
  facet normal -0 0 1
    outer loop
      vertex 5.9 0 12
      vertex 8.4077 -0.156827 12
      vertex 8.4 0 12
    endloop
  endfacet
  facet normal 0 -0 1
    outer loop
      vertex 5.87159 0.5783 12
      vertex 8.52179 0.612293 12
      vertex 5.78663 1.15103 12
    endloop
  endfacet
  facet normal 0 0 1
    outer loop
      vertex 8.66965 -0.888912 12
      vertex 5.64595 -1.71268 12
      vertex 8.76318 -1.01503 12
    endloop
  endfacet
  facet normal 0 0 1
    outer loop
      vertex 1.59229 9.84317 12
      vertex 6.59955 12.3469 12
      vertex 1.6 10 12
    endloop
  endfacet
  facet normal 0 0 1
    outer loop
      vertex 4.90567 -3.27786 12
      vertex 9.38771 -1.47821 12
      vertex 5.20333 -2.78124 12
    endloop
  endfacet
  facet normal 0 0 1
    outer loop
      vertex 9.38771 -1.47821 12
      vertex 4.90567 -3.27786 12
      vertex 9.53554 -1.5311 12
    endloop
  endfacet
  facet normal 0 0 1
    outer loop
      vertex 8.4077 0.156827 12
      vertex 5.9 0 12
      vertex 8.4 0 12
    endloop
  endfacet
  facet normal 0 -0 1
    outer loop
      vertex 5.9 0 12
      vertex 8.4077 0.156827 12
      vertex 5.87159 0.5783 12
    endloop
  endfacet
  facet normal 0 0 1
    outer loop
      vertex 8.43074 0.312144 12
      vertex 5.87159 0.5783 12
      vertex 8.4077 0.156827 12
    endloop
  endfacet
  facet normal 0 0 1
    outer loop
      vertex 8.46889 0.464455 12
      vertex 5.87159 0.5783 12
      vertex 8.43074 0.312144 12
    endloop
  endfacet
  facet normal 0 0 1
    outer loop
      vertex 1.6 10 12
      vertex 6.59955 12.3469 12
      vertex 5.35757 12.9343 12
    endloop
  endfacet
  facet normal 0 0 1
    outer loop
      vertex 8.52179 0.612293 12
      vertex 5.87159 0.5783 12
      vertex 8.46889 0.464455 12
    endloop
  endfacet
  facet normal 0 0 1
    outer loop
      vertex 8.86863 1.13137 12
      vertex 5.64595 1.71268 12
      vertex 8.76318 1.01503 12
    endloop
  endfacet
  facet normal 0 0 1
    outer loop
      vertex 10.8221 8.88151 12
      vertex 4.56076 3.74292 12
      vertex 4.90567 3.27786 12
    endloop
  endfacet
  facet normal 0 0 1
    outer loop
      vertex 9.89949 9.89949 12
      vertex 4.17193 4.17193 12
      vertex 4.56076 3.74292 12
    endloop
  endfacet
  facet normal 0 0 1
    outer loop
      vertex 1.56926 10.3121 12
      vertex 5.35757 12.9343 12
      vertex 4.06398 13.3972 12
    endloop
  endfacet
  facet normal 0 0 1
    outer loop
      vertex 8.88151 10.8221 12
      vertex 3.74292 4.56076 12
      vertex 4.17193 4.17193 12
    endloop
  endfacet
  facet normal 0 0 1
    outer loop
      vertex 1.56926 9.68785 12
      vertex 6.59955 12.3469 12
      vertex 1.59229 9.84317 12
    endloop
  endfacet
  facet normal 0 0 1
    outer loop
      vertex 7.77798 11.6406 12
      vertex 3.27786 4.90567 12
      vertex 3.74292 4.56076 12
    endloop
  endfacet
  facet normal 0 0 1
    outer loop
      vertex 1.33035 10.8889 12
      vertex 4.06398 13.3972 12
      vertex 2.73126 13.731 12
    endloop
  endfacet
  facet normal 0 0 1
    outer loop
      vertex 6.59955 12.3469 12
      vertex 1.56926 9.68785 12
      vertex 7.77798 11.6406 12
    endloop
  endfacet
  facet normal 0 0 1
    outer loop
      vertex 1.5311 9.53554 12
      vertex 7.77798 11.6406 12
      vertex 1.56926 9.68785 12
    endloop
  endfacet
  facet normal 0 0 1
    outer loop
      vertex 7.77798 11.6406 12
      vertex 1.5311 9.53554 12
      vertex 3.27786 4.90567 12
    endloop
  endfacet
  facet normal 0 0 1
    outer loop
      vertex 5.35757 12.9343 12
      vertex 1.59229 10.1568 12
      vertex 1.6 10 12
    endloop
  endfacet
  facet normal 0 0 1
    outer loop
      vertex 5.35757 12.9343 12
      vertex 1.56926 10.3121 12
      vertex 1.59229 10.1568 12
    endloop
  endfacet
  facet normal 0 0 1
    outer loop
      vertex 4.06398 13.3972 12
      vertex 1.5311 10.4645 12
      vertex 1.56926 10.3121 12
    endloop
  endfacet
  facet normal 0 0 1
    outer loop
      vertex 4.06398 13.3972 12
      vertex 1.47821 10.6123 12
      vertex 1.5311 10.4645 12
    endloop
  endfacet
  facet normal 0 0 1
    outer loop
      vertex 4.06398 13.3972 12
      vertex 1.41107 10.7542 12
      vertex 1.47821 10.6123 12
    endloop
  endfacet
  facet normal 0 0 1
    outer loop
      vertex 1.01503 11.2368 12
      vertex 2.73126 13.731 12
      vertex 1.37224 13.9326 12
    endloop
  endfacet
  facet normal 0 0 1
    outer loop
      vertex 4.06398 13.3972 12
      vertex 1.33035 10.8889 12
      vertex 1.41107 10.7542 12
    endloop
  endfacet
  facet normal 0 0 1
    outer loop
      vertex 2.73126 13.731 12
      vertex 1.23682 11.015 12
      vertex 1.33035 10.8889 12
    endloop
  endfacet
  facet normal 0 0 1
    outer loop
      vertex 2.73126 13.731 12
      vertex 1.13137 11.1314 12
      vertex 1.23682 11.015 12
    endloop
  endfacet
  facet normal 0 0 1
    outer loop
      vertex 2.73126 13.731 12
      vertex 1.01503 11.2368 12
      vertex 1.13137 11.1314 12
    endloop
  endfacet
  facet normal 0 0 1
    outer loop
      vertex 1.37224 13.9326 12
      vertex 0.888912 11.3304 12
      vertex 1.01503 11.2368 12
    endloop
  endfacet
  facet normal 0 0 1
    outer loop
      vertex 1.37224 13.9326 12
      vertex 0.754234 11.4111 12
      vertex 0.888912 11.3304 12
    endloop
  endfacet
  facet normal 0 0 1
    outer loop
      vertex 1.37224 13.9326 12
      vertex 0.612293 11.4782 12
      vertex 0.754234 11.4111 12
    endloop
  endfacet
  facet normal 0 0 1
    outer loop
      vertex 1.37224 13.9326 12
      vertex 0.464455 11.5311 12
      vertex 0.612293 11.4782 12
    endloop
  endfacet
  facet normal 0 0 1
    outer loop
      vertex 1.37224 13.9326 12
      vertex 0.312144 11.5693 12
      vertex 0.464455 11.5311 12
    endloop
  endfacet
  facet normal 0 0 1
    outer loop
      vertex 0 14 12
      vertex 0.312144 11.5693 12
      vertex 1.37224 13.9326 12
    endloop
  endfacet
  facet normal 0 0 1
    outer loop
      vertex 0.312144 11.5693 12
      vertex 0 14 12
      vertex 0.156827 11.5923 12
    endloop
  endfacet
  facet normal 0 0 1
    outer loop
      vertex 0 14 12
      vertex 0 11.6 12
      vertex 0.156827 11.5923 12
    endloop
  endfacet
  facet normal 0 0 1
    outer loop
      vertex 0 14 12
      vertex -0.156827 11.5923 12
      vertex 0 11.6 12
    endloop
  endfacet
  facet normal 0 0 1
    outer loop
      vertex 0 14 12
      vertex -0.312144 11.5693 12
      vertex -0.156827 11.5923 12
    endloop
  endfacet
  facet normal -0 0 1
    outer loop
      vertex -1.37224 13.9326 12
      vertex -0.312144 11.5693 12
      vertex 0 14 12
    endloop
  endfacet
  facet normal 0 0 1
    outer loop
      vertex -0.312144 11.5693 12
      vertex -1.37224 13.9326 12
      vertex -0.464455 11.5311 12
    endloop
  endfacet
  facet normal 0 0 1
    outer loop
      vertex -0.464455 11.5311 12
      vertex -1.37224 13.9326 12
      vertex -0.612293 11.4782 12
    endloop
  endfacet
  facet normal 0 0 1
    outer loop
      vertex -0.612293 11.4782 12
      vertex -1.37224 13.9326 12
      vertex -0.754234 11.4111 12
    endloop
  endfacet
  facet normal 0 0 1
    outer loop
      vertex -0.754234 11.4111 12
      vertex -1.37224 13.9326 12
      vertex -0.888912 11.3304 12
    endloop
  endfacet
  facet normal 0 0 1
    outer loop
      vertex -0.888912 11.3304 12
      vertex -1.37224 13.9326 12
      vertex -1.01503 11.2368 12
    endloop
  endfacet
  facet normal -0 0 1
    outer loop
      vertex -2.73126 13.731 12
      vertex -1.01503 11.2368 12
      vertex -1.37224 13.9326 12
    endloop
  endfacet
  facet normal 0 0 1
    outer loop
      vertex -1.01503 11.2368 12
      vertex -2.73126 13.731 12
      vertex -1.13137 11.1314 12
    endloop
  endfacet
  facet normal 0 0 1
    outer loop
      vertex -1.13137 11.1314 12
      vertex -2.73126 13.731 12
      vertex -1.23682 11.015 12
    endloop
  endfacet
  facet normal 0 0 1
    outer loop
      vertex -1.23682 11.015 12
      vertex -2.73126 13.731 12
      vertex -1.33035 10.8889 12
    endloop
  endfacet
  facet normal -0 0 1
    outer loop
      vertex -4.06398 13.3972 12
      vertex -1.33035 10.8889 12
      vertex -2.73126 13.731 12
    endloop
  endfacet
  facet normal 0 0 1
    outer loop
      vertex -1.33035 10.8889 12
      vertex -4.06398 13.3972 12
      vertex -1.41107 10.7542 12
    endloop
  endfacet
  facet normal 0 0 1
    outer loop
      vertex -1.41107 10.7542 12
      vertex -4.06398 13.3972 12
      vertex -1.47821 10.6123 12
    endloop
  endfacet
  facet normal 0 0 1
    outer loop
      vertex -1.47821 10.6123 12
      vertex -4.06398 13.3972 12
      vertex -1.5311 10.4645 12
    endloop
  endfacet
  facet normal 0 0 1
    outer loop
      vertex -1.13137 8.86863 12
      vertex -2.25783 5.45089 12
      vertex -1.71268 5.64595 12
    endloop
  endfacet
  facet normal 0 0 1
    outer loop
      vertex -5.35757 12.9343 12
      vertex -1.6 10 12
      vertex -1.59229 10.1568 12
    endloop
  endfacet
  facet normal 0 0 1
    outer loop
      vertex -1.5311 10.4645 12
      vertex -4.06398 13.3972 12
      vertex -1.56926 10.3121 12
    endloop
  endfacet
  facet normal -0 0 1
    outer loop
      vertex -5.35757 12.9343 12
      vertex -1.56926 10.3121 12
      vertex -4.06398 13.3972 12
    endloop
  endfacet
  facet normal 0 0 1
    outer loop
      vertex -1.56926 10.3121 12
      vertex -5.35757 12.9343 12
      vertex -1.59229 10.1568 12
    endloop
  endfacet
  facet normal 0 0 1
    outer loop
      vertex -1.6 10 12
      vertex -5.35757 12.9343 12
      vertex -6.59955 12.3469 12
    endloop
  endfacet
  facet normal 0 0 1
    outer loop
      vertex -1.33035 9.11109 12
      vertex -2.78124 5.20333 12
      vertex -2.25783 5.45089 12
    endloop
  endfacet
  facet normal 0 0 1
    outer loop
      vertex -1.56926 9.68785 12
      vertex -7.77798 11.6406 12
      vertex -1.5311 9.53554 12
    endloop
  endfacet
  facet normal 0 0 1
    outer loop
      vertex -1.47821 9.38771 12
      vertex -3.27786 4.90567 12
      vertex -2.78124 5.20333 12
    endloop
  endfacet
  facet normal 0 0 1
    outer loop
      vertex -1.5311 9.53554 12
      vertex -7.77798 11.6406 12
      vertex -3.27786 4.90567 12
    endloop
  endfacet
  facet normal 0 0 1
    outer loop
      vertex -3.27786 4.90567 12
      vertex -7.77798 11.6406 12
      vertex -3.74292 4.56076 12
    endloop
  endfacet
  facet normal -0 0 1
    outer loop
      vertex -8.88151 10.8221 12
      vertex -3.74292 4.56076 12
      vertex -7.77798 11.6406 12
    endloop
  endfacet
  facet normal 0 0 1
    outer loop
      vertex -3.74292 4.56076 12
      vertex -8.88151 10.8221 12
      vertex -4.17193 4.17193 12
    endloop
  endfacet
  facet normal -0 0 1
    outer loop
      vertex -9.89949 9.89949 12
      vertex -4.17193 4.17193 12
      vertex -8.88151 10.8221 12
    endloop
  endfacet
  facet normal 0 0 1
    outer loop
      vertex -4.17193 4.17193 12
      vertex -9.89949 9.89949 12
      vertex -4.56076 3.74292 12
    endloop
  endfacet
  facet normal -0 0 1
    outer loop
      vertex -10.8221 8.88151 12
      vertex -4.56076 3.74292 12
      vertex -9.89949 9.89949 12
    endloop
  endfacet
  facet normal 0 0 1
    outer loop
      vertex -4.56076 3.74292 12
      vertex -10.8221 8.88151 12
      vertex -4.90567 3.27786 12
    endloop
  endfacet
  facet normal -0 0 1
    outer loop
      vertex -11.6406 7.77798 12
      vertex -4.90567 3.27786 12
      vertex -10.8221 8.88151 12
    endloop
  endfacet
  facet normal 0 -0 1
    outer loop
      vertex -9.53554 1.5311 12
      vertex -4.90567 3.27786 12
      vertex -11.6406 7.77798 12
    endloop
  endfacet
  facet normal 0.427547 -0.903993 0
    outer loop
      vertex 5.35757 -12.9343 0
      vertex 6.59955 -12.3469 12
      vertex 5.35757 -12.9343 12
    endloop
  endfacet
  facet normal 0.427547 -0.903993 0
    outer loop
      vertex 6.59955 -12.3469 12
      vertex 5.35757 -12.9343 0
      vertex 6.59955 -12.3469 0
    endloop
  endfacet
  facet normal 0.146736 0.989176 -0
    outer loop
      vertex 2.73126 13.731 0
      vertex 1.37224 13.9326 12
      vertex 2.73126 13.731 12
    endloop
  endfacet
  facet normal 0.146736 0.989176 0
    outer loop
      vertex 1.37224 13.9326 12
      vertex 2.73126 13.731 0
      vertex 1.37224 13.9326 0
    endloop
  endfacet
  facet normal -0.671546 0.740963 0
    outer loop
      vertex -8.88151 10.8221 0
      vertex -9.89949 9.89949 12
      vertex -8.88151 10.8221 12
    endloop
  endfacet
  facet normal -0.671546 0.740963 0
    outer loop
      vertex -9.89949 9.89949 12
      vertex -8.88151 10.8221 0
      vertex -9.89949 9.89949 0
    endloop
  endfacet
  facet normal -0.989176 0.146736 0
    outer loop
      vertex -13.9326 1.37224 0
      vertex -13.731 2.73126 12
      vertex -13.731 2.73126 0
    endloop
  endfacet
  facet normal -0.989176 0.146736 0
    outer loop
      vertex -13.731 2.73126 12
      vertex -13.9326 1.37224 0
      vertex -13.9326 1.37224 12
    endloop
  endfacet
  facet normal -0.941533 0.33692 0
    outer loop
      vertex -13.3972 4.06398 0
      vertex -12.9343 5.35757 12
      vertex -12.9343 5.35757 0
    endloop
  endfacet
  facet normal -0.941533 0.33692 0
    outer loop
      vertex -12.9343 5.35757 12
      vertex -13.3972 4.06398 0
      vertex -13.3972 4.06398 12
    endloop
  endfacet
  facet normal -0.33692 0.941533 0
    outer loop
      vertex -4.06398 13.3972 0
      vertex -5.35757 12.9343 12
      vertex -4.06398 13.3972 12
    endloop
  endfacet
  facet normal -0.33692 0.941533 0
    outer loop
      vertex -5.35757 12.9343 12
      vertex -4.06398 13.3972 0
      vertex -5.35757 12.9343 0
    endloop
  endfacet
  facet normal -0.998796 -0.0490576 0
    outer loop
      vertex -13.9326 -1.37224 0
      vertex -14 0 12
      vertex -14 0 0
    endloop
  endfacet
  facet normal -0.998796 -0.0490576 0
    outer loop
      vertex -14 0 12
      vertex -13.9326 -1.37224 0
      vertex -13.9326 -1.37224 12
    endloop
  endfacet
  facet normal 0.671546 -0.740963 0
    outer loop
      vertex 8.88151 -10.8221 0
      vertex 9.89949 -9.89949 12
      vertex 8.88151 -10.8221 12
    endloop
  endfacet
  facet normal 0.671546 -0.740963 0
    outer loop
      vertex 9.89949 -9.89949 12
      vertex 8.88151 -10.8221 0
      vertex 9.89949 -9.89949 0
    endloop
  endfacet
  facet normal -0.0490576 0.998796 0
    outer loop
      vertex 0 14 0
      vertex -1.37224 13.9326 12
      vertex 0 14 12
    endloop
  endfacet
  facet normal -0.0490576 0.998796 0
    outer loop
      vertex -1.37224 13.9326 12
      vertex 0 14 0
      vertex -1.37224 13.9326 0
    endloop
  endfacet
  facet normal -0.803184 0.59573 0
    outer loop
      vertex -11.6406 7.77798 0
      vertex -10.8221 8.88151 12
      vertex -10.8221 8.88151 0
    endloop
  endfacet
  facet normal -0.803184 0.59573 0
    outer loop
      vertex -10.8221 8.88151 12
      vertex -11.6406 7.77798 0
      vertex -11.6406 7.77798 12
    endloop
  endfacet
  facet normal -0.740963 -0.671546 0
    outer loop
      vertex -9.89949 -9.89949 0
      vertex -10.8221 -8.88151 12
      vertex -10.8221 -8.88151 0
    endloop
  endfacet
  facet normal -0.740963 -0.671546 0
    outer loop
      vertex -10.8221 -8.88151 12
      vertex -9.89949 -9.89949 0
      vertex -9.89949 -9.89949 12
    endloop
  endfacet
  facet normal 0.0490396 -0.998797 0
    outer loop
      vertex 0.156827 -13.9923 7.59229
      vertex 0 -14 12
      vertex 0 -14 7.6
    endloop
  endfacet
  facet normal 0.0488728 -0.998805 -5.94856e-06
    outer loop
      vertex 0.312144 -13.9847 7.56926
      vertex 0 -14 12
      vertex 0.156827 -13.9923 7.59229
    endloop
  endfacet
  facet normal 0.0490576 -0.998796 7.10218e-06
    outer loop
      vertex 0 -14 12
      vertex 0.312144 -13.9847 7.56926
      vertex 1.37224 -13.9326 12
    endloop
  endfacet
  facet normal 0.0491764 -0.99879 -2.13872e-05
    outer loop
      vertex 0.464455 -13.9772 7.5311
      vertex 1.37224 -13.9326 12
      vertex 0.312144 -13.9847 7.56926
    endloop
  endfacet
  facet normal 0.0493016 -0.998784 -4.68688e-05
    outer loop
      vertex 0.612293 -13.9699 7.47821
      vertex 1.37224 -13.9326 12
      vertex 0.464455 -13.9772 7.5311
    endloop
  endfacet
  facet normal 0.0492392 -0.998787 -3.63702e-05
    outer loop
      vertex 0.754234 -13.9629 7.41107
      vertex 1.37224 -13.9326 12
      vertex 0.612293 -13.9699 7.47821
    endloop
  endfacet
  facet normal 0.0489487 -0.998801 2.84695e-06
    outer loop
      vertex 0.888912 -13.9563 7.33035
      vertex 1.37224 -13.9326 12
      vertex 0.754234 -13.9629 7.41107
    endloop
  endfacet
  facet normal 0.0490921 -0.998794 -1.20287e-05
    outer loop
      vertex 1.01503 -13.9501 7.23682
      vertex 1.37224 -13.9326 12
      vertex 0.888912 -13.9563 7.33035
    endloop
  endfacet
  facet normal 0.0489354 -0.998802 -2.4809e-07
    outer loop
      vertex 1.13137 -13.9444 7.13137
      vertex 1.37224 -13.9326 12
      vertex 1.01503 -13.9501 7.23682
    endloop
  endfacet
  facet normal 0.0492359 -0.998787 -1.51528e-05
    outer loop
      vertex 1.23682 -13.9392 7.01503
      vertex 1.37224 -13.9326 12
      vertex 1.13137 -13.9444 7.13137
    endloop
  endfacet
  facet normal 0.049107 -0.998794 -1.16427e-05
    outer loop
      vertex 1.33035 -13.9346 6.88891
      vertex 1.37224 -13.9326 12
      vertex 1.23682 -13.9392 7.01503
    endloop
  endfacet
  facet normal 0.0476898 -0.998862 0
    outer loop
      vertex 1.37224 -13.9326 12
      vertex 1.33035 -13.9346 6.88891
      vertex 1.37224 -13.9326 6.81903
    endloop
  endfacet
  facet normal 0.0490396 -0.998797 0
    outer loop
      vertex 0 -14 0
      vertex 0.156827 -13.9923 4.4077
      vertex 0 -14 4.4
    endloop
  endfacet
  facet normal 0.0488728 -0.998805 5.94859e-06
    outer loop
      vertex 0 -14 0
      vertex 0.312144 -13.9847 4.43074
      vertex 0.156827 -13.9923 4.4077
    endloop
  endfacet
  facet normal 0.0490576 -0.998796 -7.10218e-06
    outer loop
      vertex 1.37224 -13.9326 0
      vertex 0.312144 -13.9847 4.43074
      vertex 0 -14 0
    endloop
  endfacet
  facet normal 0.0491764 -0.99879 2.13876e-05
    outer loop
      vertex 0.312144 -13.9847 4.43074
      vertex 1.37224 -13.9326 0
      vertex 0.464455 -13.9772 4.46889
    endloop
  endfacet
  facet normal 0.0493016 -0.998784 4.68683e-05
    outer loop
      vertex 0.464455 -13.9772 4.46889
      vertex 1.37224 -13.9326 0
      vertex 0.612293 -13.9699 4.52179
    endloop
  endfacet
  facet normal 0.0492392 -0.998787 3.63702e-05
    outer loop
      vertex 0.612293 -13.9699 4.52179
      vertex 1.37224 -13.9326 0
      vertex 0.754234 -13.9629 4.58893
    endloop
  endfacet
  facet normal 0.0489487 -0.998801 -2.84695e-06
    outer loop
      vertex 0.754234 -13.9629 4.58893
      vertex 1.37224 -13.9326 0
      vertex 0.888912 -13.9563 4.66965
    endloop
  endfacet
  facet normal 0.0490921 -0.998794 1.20287e-05
    outer loop
      vertex 0.888912 -13.9563 4.66965
      vertex 1.37224 -13.9326 0
      vertex 1.01503 -13.9501 4.76318
    endloop
  endfacet
  facet normal 0.0489354 -0.998802 2.4809e-07
    outer loop
      vertex 1.01503 -13.9501 4.76318
      vertex 1.37224 -13.9326 0
      vertex 1.13137 -13.9444 4.86863
    endloop
  endfacet
  facet normal 0.0492359 -0.998787 1.51528e-05
    outer loop
      vertex 1.13137 -13.9444 4.86863
      vertex 1.37224 -13.9326 0
      vertex 1.23682 -13.9392 4.98497
    endloop
  endfacet
  facet normal 0.049107 -0.998794 1.16427e-05
    outer loop
      vertex 1.23682 -13.9392 4.98497
      vertex 1.37224 -13.9326 0
      vertex 1.33035 -13.9346 5.11109
    endloop
  endfacet
  facet normal 0.0476898 -0.998862 0
    outer loop
      vertex 1.33035 -13.9346 5.11109
      vertex 1.37224 -13.9326 0
      vertex 1.37224 -13.9326 5.18097
    endloop
  endfacet
  facet normal -0.989176 -0.146736 0
    outer loop
      vertex -13.731 -2.73126 0
      vertex -13.9326 -1.37224 12
      vertex -13.9326 -1.37224 0
    endloop
  endfacet
  facet normal -0.989176 -0.146736 0
    outer loop
      vertex -13.9326 -1.37224 12
      vertex -13.731 -2.73126 0
      vertex -13.731 -2.73126 12
    endloop
  endfacet
  facet normal 0.0490576 0.998796 -0
    outer loop
      vertex 1.37224 13.9326 0
      vertex 0 14 12
      vertex 1.37224 13.9326 12
    endloop
  endfacet
  facet normal 0.0490576 0.998796 0
    outer loop
      vertex 0 14 12
      vertex 1.37224 13.9326 0
      vertex 0 14 0
    endloop
  endfacet
  facet normal -0.970036 0.24296 0
    outer loop
      vertex -13.731 2.73126 0
      vertex -13.3972 4.06398 12
      vertex -13.3972 4.06398 0
    endloop
  endfacet
  facet normal -0.970036 0.24296 0
    outer loop
      vertex -13.3972 4.06398 12
      vertex -13.731 2.73126 0
      vertex -13.731 2.73126 12
    endloop
  endfacet
  facet normal -0.903993 0.427547 0
    outer loop
      vertex -12.9343 5.35757 0
      vertex -12.3469 6.59955 12
      vertex -12.3469 6.59955 0
    endloop
  endfacet
  facet normal -0.903993 0.427547 0
    outer loop
      vertex -12.3469 6.59955 12
      vertex -12.9343 5.35757 0
      vertex -12.9343 5.35757 12
    endloop
  endfacet
  facet normal 0.941533 -0.33692 0
    outer loop
      vertex 12.9343 -5.35757 12
      vertex 13.3972 -4.06398 0
      vertex 13.3972 -4.06398 12
    endloop
  endfacet
  facet normal 0.941533 -0.33692 0
    outer loop
      vertex 13.3972 -4.06398 0
      vertex 12.9343 -5.35757 12
      vertex 12.9343 -5.35757 0
    endloop
  endfacet
  facet normal -0.671546 -0.740963 0
    outer loop
      vertex -9.89949 -9.89949 0
      vertex -8.88151 -10.8221 12
      vertex -9.89949 -9.89949 12
    endloop
  endfacet
  facet normal -0.671546 -0.740963 -0
    outer loop
      vertex -8.88151 -10.8221 12
      vertex -9.89949 -9.89949 0
      vertex -8.88151 -10.8221 0
    endloop
  endfacet
  facet normal -0.0490576 -0.998796 7.10218e-06
    outer loop
      vertex -0.312144 -13.9847 7.56926
      vertex 0 -14 12
      vertex -1.37224 -13.9326 12
    endloop
  endfacet
  facet normal -0.0490396 -0.998797 -0
    outer loop
      vertex 0 -14 12
      vertex -0.156827 -13.9923 7.59229
      vertex 0 -14 7.6
    endloop
  endfacet
  facet normal -0.0488728 -0.998805 -5.94856e-06
    outer loop
      vertex 0 -14 12
      vertex -0.312144 -13.9847 7.56926
      vertex -0.156827 -13.9923 7.59229
    endloop
  endfacet
  facet normal -0.0491764 -0.99879 -2.13872e-05
    outer loop
      vertex -1.37224 -13.9326 12
      vertex -0.464455 -13.9772 7.5311
      vertex -0.312144 -13.9847 7.56926
    endloop
  endfacet
  facet normal -0.0493016 -0.998784 -4.68688e-05
    outer loop
      vertex -1.37224 -13.9326 12
      vertex -0.612293 -13.9699 7.47821
      vertex -0.464455 -13.9772 7.5311
    endloop
  endfacet
  facet normal -0.0492392 -0.998787 -3.63702e-05
    outer loop
      vertex -1.37224 -13.9326 12
      vertex -0.754234 -13.9629 7.41107
      vertex -0.612293 -13.9699 7.47821
    endloop
  endfacet
  facet normal -0.0489487 -0.998801 2.84695e-06
    outer loop
      vertex -1.37224 -13.9326 12
      vertex -0.888912 -13.9563 7.33035
      vertex -0.754234 -13.9629 7.41107
    endloop
  endfacet
  facet normal -0.0490921 -0.998794 -1.20287e-05
    outer loop
      vertex -1.37224 -13.9326 12
      vertex -1.01503 -13.9501 7.23682
      vertex -0.888912 -13.9563 7.33035
    endloop
  endfacet
  facet normal -0.0489354 -0.998802 -2.4809e-07
    outer loop
      vertex -1.37224 -13.9326 12
      vertex -1.13137 -13.9444 7.13137
      vertex -1.01503 -13.9501 7.23682
    endloop
  endfacet
  facet normal -0.0492359 -0.998787 -1.51528e-05
    outer loop
      vertex -1.37224 -13.9326 12
      vertex -1.23682 -13.9392 7.01503
      vertex -1.13137 -13.9444 7.13137
    endloop
  endfacet
  facet normal -0.049107 -0.998794 -1.16427e-05
    outer loop
      vertex -1.37224 -13.9326 12
      vertex -1.33035 -13.9346 6.88891
      vertex -1.23682 -13.9392 7.01503
    endloop
  endfacet
  facet normal -0.0476898 -0.998862 0
    outer loop
      vertex -1.33035 -13.9346 6.88891
      vertex -1.37224 -13.9326 12
      vertex -1.37224 -13.9326 6.81903
    endloop
  endfacet
  facet normal -0.0476898 -0.998862 0
    outer loop
      vertex -1.37224 -13.9326 0
      vertex -1.33035 -13.9346 5.11109
      vertex -1.37224 -13.9326 5.18097
    endloop
  endfacet
  facet normal -0.049107 -0.998794 1.16427e-05
    outer loop
      vertex -1.37224 -13.9326 0
      vertex -1.23682 -13.9392 4.98497
      vertex -1.33035 -13.9346 5.11109
    endloop
  endfacet
  facet normal -0.0492359 -0.998787 1.51528e-05
    outer loop
      vertex -1.37224 -13.9326 0
      vertex -1.13137 -13.9444 4.86863
      vertex -1.23682 -13.9392 4.98497
    endloop
  endfacet
  facet normal -0.0489354 -0.998802 2.4809e-07
    outer loop
      vertex -1.37224 -13.9326 0
      vertex -1.01503 -13.9501 4.76318
      vertex -1.13137 -13.9444 4.86863
    endloop
  endfacet
  facet normal -0.0490921 -0.998794 1.20287e-05
    outer loop
      vertex -1.37224 -13.9326 0
      vertex -0.888912 -13.9563 4.66965
      vertex -1.01503 -13.9501 4.76318
    endloop
  endfacet
  facet normal -0.0489487 -0.998801 -2.84695e-06
    outer loop
      vertex -1.37224 -13.9326 0
      vertex -0.754234 -13.9629 4.58893
      vertex -0.888912 -13.9563 4.66965
    endloop
  endfacet
  facet normal -0.0492392 -0.998787 3.63702e-05
    outer loop
      vertex -1.37224 -13.9326 0
      vertex -0.612293 -13.9699 4.52179
      vertex -0.754234 -13.9629 4.58893
    endloop
  endfacet
  facet normal -0.0493016 -0.998784 4.68683e-05
    outer loop
      vertex -1.37224 -13.9326 0
      vertex -0.464455 -13.9772 4.46889
      vertex -0.612293 -13.9699 4.52179
    endloop
  endfacet
  facet normal -0.0491764 -0.99879 2.13876e-05
    outer loop
      vertex -1.37224 -13.9326 0
      vertex -0.312144 -13.9847 4.43074
      vertex -0.464455 -13.9772 4.46889
    endloop
  endfacet
  facet normal -0.0490576 -0.998796 -7.10218e-06
    outer loop
      vertex 0 -14 0
      vertex -0.312144 -13.9847 4.43074
      vertex -1.37224 -13.9326 0
    endloop
  endfacet
  facet normal -0.0488728 -0.998805 5.94859e-06
    outer loop
      vertex -0.312144 -13.9847 4.43074
      vertex 0 -14 0
      vertex -0.156827 -13.9923 4.4077
    endloop
  endfacet
  facet normal -0.0490396 -0.998797 0
    outer loop
      vertex -0.156827 -13.9923 4.4077
      vertex 0 -14 0
      vertex 0 -14 4.4
    endloop
  endfacet
  facet normal -0.998796 0.0490576 0
    outer loop
      vertex -14 0 0
      vertex -13.9326 1.37224 12
      vertex -13.9326 1.37224 0
    endloop
  endfacet
  facet normal -0.998796 0.0490576 0
    outer loop
      vertex -13.9326 1.37224 12
      vertex -14 0 0
      vertex -14 0 12
    endloop
  endfacet
  facet normal -0.33692 -0.941533 0
    outer loop
      vertex -5.35757 -12.9343 0
      vertex -4.06398 -13.3972 12
      vertex -5.35757 -12.9343 12
    endloop
  endfacet
  facet normal -0.33692 -0.941533 -0
    outer loop
      vertex -4.06398 -13.3972 12
      vertex -5.35757 -12.9343 0
      vertex -4.06398 -13.3972 0
    endloop
  endfacet
  facet normal 0.740963 -0.671546 0
    outer loop
      vertex 9.89949 -9.89949 12
      vertex 10.8221 -8.88151 0
      vertex 10.8221 -8.88151 12
    endloop
  endfacet
  facet normal 0.740963 -0.671546 0
    outer loop
      vertex 10.8221 -8.88151 0
      vertex 9.89949 -9.89949 12
      vertex 9.89949 -9.89949 0
    endloop
  endfacet
  facet normal 0.989176 0.146736 0
    outer loop
      vertex 5.87159 0.5783 18
      vertex 5.78663 1.15103 12
      vertex 5.78663 1.15103 18
    endloop
  endfacet
  facet normal 0.989176 0.146736 0
    outer loop
      vertex 5.78663 1.15103 12
      vertex 5.87159 0.5783 18
      vertex 5.87159 0.5783 12
    endloop
  endfacet
  facet normal 0.998795 0.0490676 0
    outer loop
      vertex 5.9 0 18
      vertex 5.87159 0.5783 12
      vertex 5.87159 0.5783 18
    endloop
  endfacet
  facet normal 0.998795 0.0490676 0
    outer loop
      vertex 5.87159 0.5783 12
      vertex 5.9 0 18
      vertex 5.9 0 12
    endloop
  endfacet
  facet normal 0.970034 0.24297 0
    outer loop
      vertex 5.78663 1.15103 18
      vertex 5.64595 1.71268 12
      vertex 5.64595 1.71268 18
    endloop
  endfacet
  facet normal 0.970034 0.24297 0
    outer loop
      vertex 5.64595 1.71268 12
      vertex 5.78663 1.15103 18
      vertex 5.78663 1.15103 12
    endloop
  endfacet
  facet normal 0.740953 0.671557 0
    outer loop
      vertex 4.56076 3.74292 18
      vertex 4.17193 4.17193 12
      vertex 4.17193 4.17193 18
    endloop
  endfacet
  facet normal 0.740953 0.671557 0
    outer loop
      vertex 4.17193 4.17193 12
      vertex 4.56076 3.74292 18
      vertex 4.56076 3.74292 12
    endloop
  endfacet
  facet normal -0.857731 0.514099 0
    outer loop
      vertex -5.20333 2.78124 12
      vertex -4.90567 3.27786 18
      vertex -4.90567 3.27786 12
    endloop
  endfacet
  facet normal -0.857731 0.514099 0
    outer loop
      vertex -4.90567 3.27786 18
      vertex -5.20333 2.78124 12
      vertex -5.20333 2.78124 18
    endloop
  endfacet
  facet normal -0.427563 0.903986 0
    outer loop
      vertex -2.25783 5.45089 12
      vertex -2.78124 5.20333 18
      vertex -2.25783 5.45089 18
    endloop
  endfacet
  facet normal -0.427563 0.903986 0
    outer loop
      vertex -2.78124 5.20333 18
      vertex -2.25783 5.45089 12
      vertex -2.78124 5.20333 12
    endloop
  endfacet
  facet normal 0.146736 -0.989176 0
    outer loop
      vertex 0.5783 -5.87159 12
      vertex 1.15103 -5.78663 18
      vertex 0.5783 -5.87159 18
    endloop
  endfacet
  facet normal 0.146736 -0.989176 0
    outer loop
      vertex 1.15103 -5.78663 18
      vertex 0.5783 -5.87159 12
      vertex 1.15103 -5.78663 12
    endloop
  endfacet
  facet normal 0.336893 0.941543 -0
    outer loop
      vertex 2.25783 5.45089 12
      vertex 1.71268 5.64595 18
      vertex 2.25783 5.45089 18
    endloop
  endfacet
  facet normal 0.336893 0.941543 0
    outer loop
      vertex 1.71268 5.64595 18
      vertex 2.25783 5.45089 12
      vertex 1.71268 5.64595 12
    endloop
  endfacet
  facet normal 0.514099 0.857731 -0
    outer loop
      vertex 3.27786 4.90567 12
      vertex 2.78124 5.20333 18
      vertex 3.27786 4.90567 18
    endloop
  endfacet
  facet normal 0.514099 0.857731 0
    outer loop
      vertex 2.78124 5.20333 18
      vertex 3.27786 4.90567 12
      vertex 2.78124 5.20333 12
    endloop
  endfacet
  facet normal 0.998795 -0.0490676 0
    outer loop
      vertex 5.87159 -0.5783 18
      vertex 5.9 0 12
      vertex 5.9 0 18
    endloop
  endfacet
  facet normal 0.998795 -0.0490676 0
    outer loop
      vertex 5.9 0 12
      vertex 5.87159 -0.5783 18
      vertex 5.87159 -0.5783 12
    endloop
  endfacet
  facet normal -0.514099 -0.857731 0
    outer loop
      vertex -3.27786 -4.90567 12
      vertex -2.78124 -5.20333 18
      vertex -3.27786 -4.90567 18
    endloop
  endfacet
  facet normal -0.514099 -0.857731 -0
    outer loop
      vertex -2.78124 -5.20333 18
      vertex -3.27786 -4.90567 12
      vertex -2.78124 -5.20333 12
    endloop
  endfacet
  facet normal 0.803209 -0.595697 0
    outer loop
      vertex 4.56076 -3.74292 18
      vertex 4.90567 -3.27786 12
      vertex 4.90567 -3.27786 18
    endloop
  endfacet
  facet normal 0.803209 -0.595697 0
    outer loop
      vertex 4.90567 -3.27786 12
      vertex 4.56076 -3.74292 18
      vertex 4.56076 -3.74292 12
    endloop
  endfacet
  facet normal 0.0490676 0.998795 -0
    outer loop
      vertex 0.5783 5.87159 12
      vertex 0 5.9 18
      vertex 0.5783 5.87159 18
    endloop
  endfacet
  facet normal 0.0490676 0.998795 0
    outer loop
      vertex 0 5.9 18
      vertex 0.5783 5.87159 12
      vertex 0 5.9 12
    endloop
  endfacet
  facet normal -0.740953 -0.671557 0
    outer loop
      vertex -4.17193 -4.17193 12
      vertex -4.56076 -3.74292 18
      vertex -4.56076 -3.74292 12
    endloop
  endfacet
  facet normal -0.740953 -0.671557 0
    outer loop
      vertex -4.56076 -3.74292 18
      vertex -4.17193 -4.17193 12
      vertex -4.17193 -4.17193 18
    endloop
  endfacet
  facet normal -0.514099 0.857731 0
    outer loop
      vertex -2.78124 5.20333 12
      vertex -3.27786 4.90567 18
      vertex -2.78124 5.20333 18
    endloop
  endfacet
  facet normal -0.514099 0.857731 0
    outer loop
      vertex -3.27786 4.90567 18
      vertex -2.78124 5.20333 12
      vertex -3.27786 4.90567 12
    endloop
  endfacet
  facet normal -0.427563 -0.903986 0
    outer loop
      vertex -2.78124 -5.20333 12
      vertex -2.25783 -5.45089 18
      vertex -2.78124 -5.20333 18
    endloop
  endfacet
  facet normal -0.427563 -0.903986 -0
    outer loop
      vertex -2.25783 -5.45089 18
      vertex -2.78124 -5.20333 12
      vertex -2.25783 -5.45089 12
    endloop
  endfacet
  facet normal 0.24297 -0.970034 0
    outer loop
      vertex 1.15103 -5.78663 12
      vertex 1.71268 -5.64595 18
      vertex 1.15103 -5.78663 18
    endloop
  endfacet
  facet normal 0.24297 -0.970034 0
    outer loop
      vertex 1.71268 -5.64595 18
      vertex 1.15103 -5.78663 12
      vertex 1.71268 -5.64595 12
    endloop
  endfacet
  facet normal 0.514099 -0.857731 0
    outer loop
      vertex 2.78124 -5.20333 12
      vertex 3.27786 -4.90567 18
      vertex 2.78124 -5.20333 18
    endloop
  endfacet
  facet normal 0.514099 -0.857731 0
    outer loop
      vertex 3.27786 -4.90567 18
      vertex 2.78124 -5.20333 12
      vertex 3.27786 -4.90567 12
    endloop
  endfacet
  facet normal 0.941543 -0.336893 0
    outer loop
      vertex 5.45089 -2.25783 18
      vertex 5.64595 -1.71268 12
      vertex 5.64595 -1.71268 18
    endloop
  endfacet
  facet normal 0.941543 -0.336893 0
    outer loop
      vertex 5.64595 -1.71268 12
      vertex 5.45089 -2.25783 18
      vertex 5.45089 -2.25783 12
    endloop
  endfacet
  facet normal -0.740953 0.671557 0
    outer loop
      vertex -4.56076 3.74292 12
      vertex -4.17193 4.17193 18
      vertex -4.17193 4.17193 12
    endloop
  endfacet
  facet normal -0.740953 0.671557 0
    outer loop
      vertex -4.17193 4.17193 18
      vertex -4.56076 3.74292 12
      vertex -4.56076 3.74292 18
    endloop
  endfacet
  facet normal -0.0490676 0.998795 0
    outer loop
      vertex 0 5.9 12
      vertex -0.5783 5.87159 18
      vertex 0 5.9 18
    endloop
  endfacet
  facet normal -0.0490676 0.998795 0
    outer loop
      vertex -0.5783 5.87159 18
      vertex 0 5.9 12
      vertex -0.5783 5.87159 12
    endloop
  endfacet
  facet normal -0.671557 0.740953 0
    outer loop
      vertex -3.74292 4.56076 12
      vertex -4.17193 4.17193 18
      vertex -3.74292 4.56076 18
    endloop
  endfacet
  facet normal -0.671557 0.740953 0
    outer loop
      vertex -4.17193 4.17193 18
      vertex -3.74292 4.56076 12
      vertex -4.17193 4.17193 12
    endloop
  endfacet
  facet normal -0.146736 0.989176 0
    outer loop
      vertex -0.5783 5.87159 12
      vertex -1.15103 5.78663 18
      vertex -0.5783 5.87159 18
    endloop
  endfacet
  facet normal -0.146736 0.989176 0
    outer loop
      vertex -1.15103 5.78663 18
      vertex -0.5783 5.87159 12
      vertex -1.15103 5.78663 12
    endloop
  endfacet
  facet normal 0.857731 -0.514099 0
    outer loop
      vertex 4.90567 -3.27786 18
      vertex 5.20333 -2.78124 12
      vertex 5.20333 -2.78124 18
    endloop
  endfacet
  facet normal 0.857731 -0.514099 0
    outer loop
      vertex 5.20333 -2.78124 12
      vertex 4.90567 -3.27786 18
      vertex 4.90567 -3.27786 12
    endloop
  endfacet
  facet normal 0.427563 -0.903986 0
    outer loop
      vertex 2.25783 -5.45089 12
      vertex 2.78124 -5.20333 18
      vertex 2.25783 -5.45089 18
    endloop
  endfacet
  facet normal 0.427563 -0.903986 0
    outer loop
      vertex 2.78124 -5.20333 18
      vertex 2.25783 -5.45089 12
      vertex 2.78124 -5.20333 12
    endloop
  endfacet
  facet normal 0.671557 0.740953 -0
    outer loop
      vertex 4.17193 4.17193 12
      vertex 3.74292 4.56076 18
      vertex 4.17193 4.17193 18
    endloop
  endfacet
  facet normal 0.671557 0.740953 0
    outer loop
      vertex 3.74292 4.56076 18
      vertex 4.17193 4.17193 12
      vertex 3.74292 4.56076 12
    endloop
  endfacet
  facet normal -0.24297 0.970034 0
    outer loop
      vertex -1.15103 5.78663 12
      vertex -1.71268 5.64595 18
      vertex -1.15103 5.78663 18
    endloop
  endfacet
  facet normal -0.24297 0.970034 0
    outer loop
      vertex -1.71268 5.64595 18
      vertex -1.15103 5.78663 12
      vertex -1.71268 5.64595 12
    endloop
  endfacet
  facet normal 0.427563 0.903986 -0
    outer loop
      vertex 2.78124 5.20333 12
      vertex 2.25783 5.45089 18
      vertex 2.78124 5.20333 18
    endloop
  endfacet
  facet normal 0.427563 0.903986 0
    outer loop
      vertex 2.25783 5.45089 18
      vertex 2.78124 5.20333 12
      vertex 2.25783 5.45089 12
    endloop
  endfacet
  facet normal -0.803209 0.595697 0
    outer loop
      vertex -4.90567 3.27786 12
      vertex -4.56076 3.74292 18
      vertex -4.56076 3.74292 12
    endloop
  endfacet
  facet normal -0.803209 0.595697 0
    outer loop
      vertex -4.56076 3.74292 18
      vertex -4.90567 3.27786 12
      vertex -4.90567 3.27786 18
    endloop
  endfacet
  facet normal 0.0490676 -0.998795 0
    outer loop
      vertex 0 -5.9 12
      vertex 0.5783 -5.87159 18
      vertex 0 -5.9 18
    endloop
  endfacet
  facet normal 0.0490676 -0.998795 0
    outer loop
      vertex 0.5783 -5.87159 18
      vertex 0 -5.9 12
      vertex 0.5783 -5.87159 12
    endloop
  endfacet
  facet normal 0.803209 0.595697 0
    outer loop
      vertex 4.90567 3.27786 18
      vertex 4.56076 3.74292 12
      vertex 4.56076 3.74292 18
    endloop
  endfacet
  facet normal 0.803209 0.595697 0
    outer loop
      vertex 4.56076 3.74292 12
      vertex 4.90567 3.27786 18
      vertex 4.90567 3.27786 12
    endloop
  endfacet
  facet normal 0.903986 -0.427563 0
    outer loop
      vertex 5.20333 -2.78124 18
      vertex 5.45089 -2.25783 12
      vertex 5.45089 -2.25783 18
    endloop
  endfacet
  facet normal 0.903986 -0.427563 0
    outer loop
      vertex 5.45089 -2.25783 12
      vertex 5.20333 -2.78124 18
      vertex 5.20333 -2.78124 12
    endloop
  endfacet
  facet normal -0.24297 -0.970034 0
    outer loop
      vertex -1.71268 -5.64595 12
      vertex -1.15103 -5.78663 18
      vertex -1.71268 -5.64595 18
    endloop
  endfacet
  facet normal -0.24297 -0.970034 -0
    outer loop
      vertex -1.15103 -5.78663 18
      vertex -1.71268 -5.64595 12
      vertex -1.15103 -5.78663 12
    endloop
  endfacet
  facet normal -0.671557 -0.740953 0
    outer loop
      vertex -4.17193 -4.17193 12
      vertex -3.74292 -4.56076 18
      vertex -4.17193 -4.17193 18
    endloop
  endfacet
  facet normal -0.671557 -0.740953 -0
    outer loop
      vertex -3.74292 -4.56076 18
      vertex -4.17193 -4.17193 12
      vertex -3.74292 -4.56076 12
    endloop
  endfacet
  facet normal -0.998795 0.0490676 0
    outer loop
      vertex -5.9 0 12
      vertex -5.87159 0.5783 18
      vertex -5.87159 0.5783 12
    endloop
  endfacet
  facet normal -0.998795 0.0490676 0
    outer loop
      vertex -5.87159 0.5783 18
      vertex -5.9 0 12
      vertex -5.9 0 18
    endloop
  endfacet
  facet normal 0.336893 -0.941543 0
    outer loop
      vertex 1.71268 -5.64595 12
      vertex 2.25783 -5.45089 18
      vertex 1.71268 -5.64595 18
    endloop
  endfacet
  facet normal 0.336893 -0.941543 0
    outer loop
      vertex 2.25783 -5.45089 18
      vertex 1.71268 -5.64595 12
      vertex 2.25783 -5.45089 12
    endloop
  endfacet
  facet normal 0.671557 -0.740953 0
    outer loop
      vertex 3.74292 -4.56076 12
      vertex 4.17193 -4.17193 18
      vertex 3.74292 -4.56076 18
    endloop
  endfacet
  facet normal 0.671557 -0.740953 0
    outer loop
      vertex 4.17193 -4.17193 18
      vertex 3.74292 -4.56076 12
      vertex 4.17193 -4.17193 12
    endloop
  endfacet
  facet normal 0.970034 -0.24297 0
    outer loop
      vertex 5.64595 -1.71268 18
      vertex 5.78663 -1.15103 12
      vertex 5.78663 -1.15103 18
    endloop
  endfacet
  facet normal 0.970034 -0.24297 0
    outer loop
      vertex 5.78663 -1.15103 12
      vertex 5.64595 -1.71268 18
      vertex 5.64595 -1.71268 12
    endloop
  endfacet
  facet normal 0.740953 -0.671557 0
    outer loop
      vertex 4.17193 -4.17193 18
      vertex 4.56076 -3.74292 12
      vertex 4.56076 -3.74292 18
    endloop
  endfacet
  facet normal 0.740953 -0.671557 0
    outer loop
      vertex 4.56076 -3.74292 12
      vertex 4.17193 -4.17193 18
      vertex 4.17193 -4.17193 12
    endloop
  endfacet
  facet normal 0.941543 0.336893 0
    outer loop
      vertex 5.64595 1.71268 18
      vertex 5.45089 2.25783 12
      vertex 5.45089 2.25783 18
    endloop
  endfacet
  facet normal 0.941543 0.336893 0
    outer loop
      vertex 5.45089 2.25783 12
      vertex 5.64595 1.71268 18
      vertex 5.64595 1.71268 12
    endloop
  endfacet
  facet normal 0.595697 0.803209 -0
    outer loop
      vertex 3.74292 4.56076 12
      vertex 3.27786 4.90567 18
      vertex 3.74292 4.56076 18
    endloop
  endfacet
  facet normal 0.595697 0.803209 0
    outer loop
      vertex 3.27786 4.90567 18
      vertex 3.74292 4.56076 12
      vertex 3.27786 4.90567 12
    endloop
  endfacet
  facet normal -0.903986 0.427563 0
    outer loop
      vertex -5.45089 2.25783 12
      vertex -5.20333 2.78124 18
      vertex -5.20333 2.78124 12
    endloop
  endfacet
  facet normal -0.903986 0.427563 0
    outer loop
      vertex -5.20333 2.78124 18
      vertex -5.45089 2.25783 12
      vertex -5.45089 2.25783 18
    endloop
  endfacet
  facet normal -0.970034 -0.24297 0
    outer loop
      vertex -5.64595 -1.71268 12
      vertex -5.78663 -1.15103 18
      vertex -5.78663 -1.15103 12
    endloop
  endfacet
  facet normal -0.970034 -0.24297 0
    outer loop
      vertex -5.78663 -1.15103 18
      vertex -5.64595 -1.71268 12
      vertex -5.64595 -1.71268 18
    endloop
  endfacet
  facet normal 0.903986 0.427563 0
    outer loop
      vertex 5.45089 2.25783 18
      vertex 5.20333 2.78124 12
      vertex 5.20333 2.78124 18
    endloop
  endfacet
  facet normal 0.903986 0.427563 0
    outer loop
      vertex 5.20333 2.78124 12
      vertex 5.45089 2.25783 18
      vertex 5.45089 2.25783 12
    endloop
  endfacet
  facet normal 0.989176 -0.146736 0
    outer loop
      vertex 5.78663 -1.15103 18
      vertex 5.87159 -0.5783 12
      vertex 5.87159 -0.5783 18
    endloop
  endfacet
  facet normal 0.989176 -0.146736 0
    outer loop
      vertex 5.87159 -0.5783 12
      vertex 5.78663 -1.15103 18
      vertex 5.78663 -1.15103 12
    endloop
  endfacet
  facet normal 0.857731 0.514099 0
    outer loop
      vertex 5.20333 2.78124 18
      vertex 4.90567 3.27786 12
      vertex 4.90567 3.27786 18
    endloop
  endfacet
  facet normal 0.857731 0.514099 0
    outer loop
      vertex 4.90567 3.27786 12
      vertex 5.20333 2.78124 18
      vertex 5.20333 2.78124 12
    endloop
  endfacet
  facet normal -0.336893 0.941543 0
    outer loop
      vertex -1.71268 5.64595 12
      vertex -2.25783 5.45089 18
      vertex -1.71268 5.64595 18
    endloop
  endfacet
  facet normal -0.336893 0.941543 0
    outer loop
      vertex -2.25783 5.45089 18
      vertex -1.71268 5.64595 12
      vertex -2.25783 5.45089 12
    endloop
  endfacet
  facet normal -0.803209 -0.595697 0
    outer loop
      vertex -4.56076 -3.74292 12
      vertex -4.90567 -3.27786 18
      vertex -4.90567 -3.27786 12
    endloop
  endfacet
  facet normal -0.803209 -0.595697 0
    outer loop
      vertex -4.90567 -3.27786 18
      vertex -4.56076 -3.74292 12
      vertex -4.56076 -3.74292 18
    endloop
  endfacet
  facet normal -0.857731 -0.514099 0
    outer loop
      vertex -4.90567 -3.27786 12
      vertex -5.20333 -2.78124 18
      vertex -5.20333 -2.78124 12
    endloop
  endfacet
  facet normal -0.857731 -0.514099 0
    outer loop
      vertex -5.20333 -2.78124 18
      vertex -4.90567 -3.27786 12
      vertex -4.90567 -3.27786 18
    endloop
  endfacet
  facet normal -0.989176 -0.146736 0
    outer loop
      vertex -5.78663 -1.15103 12
      vertex -5.87159 -0.5783 18
      vertex -5.87159 -0.5783 12
    endloop
  endfacet
  facet normal -0.989176 -0.146736 0
    outer loop
      vertex -5.87159 -0.5783 18
      vertex -5.78663 -1.15103 12
      vertex -5.78663 -1.15103 18
    endloop
  endfacet
  facet normal -0.0490676 -0.998795 0
    outer loop
      vertex -0.5783 -5.87159 12
      vertex 0 -5.9 18
      vertex -0.5783 -5.87159 18
    endloop
  endfacet
  facet normal -0.0490676 -0.998795 -0
    outer loop
      vertex 0 -5.9 18
      vertex -0.5783 -5.87159 12
      vertex 0 -5.9 12
    endloop
  endfacet
  facet normal -0.970034 0.24297 0
    outer loop
      vertex -5.78663 1.15103 12
      vertex -5.64595 1.71268 18
      vertex -5.64595 1.71268 12
    endloop
  endfacet
  facet normal -0.970034 0.24297 0
    outer loop
      vertex -5.64595 1.71268 18
      vertex -5.78663 1.15103 12
      vertex -5.78663 1.15103 18
    endloop
  endfacet
  facet normal -0.595697 0.803209 0
    outer loop
      vertex -3.27786 4.90567 12
      vertex -3.74292 4.56076 18
      vertex -3.27786 4.90567 18
    endloop
  endfacet
  facet normal -0.595697 0.803209 0
    outer loop
      vertex -3.74292 4.56076 18
      vertex -3.27786 4.90567 12
      vertex -3.74292 4.56076 12
    endloop
  endfacet
  facet normal -0.903986 -0.427563 0
    outer loop
      vertex -5.20333 -2.78124 12
      vertex -5.45089 -2.25783 18
      vertex -5.45089 -2.25783 12
    endloop
  endfacet
  facet normal -0.903986 -0.427563 0
    outer loop
      vertex -5.45089 -2.25783 18
      vertex -5.20333 -2.78124 12
      vertex -5.20333 -2.78124 18
    endloop
  endfacet
  facet normal -0.989176 0.146736 0
    outer loop
      vertex -5.87159 0.5783 12
      vertex -5.78663 1.15103 18
      vertex -5.78663 1.15103 12
    endloop
  endfacet
  facet normal -0.989176 0.146736 0
    outer loop
      vertex -5.78663 1.15103 18
      vertex -5.87159 0.5783 12
      vertex -5.87159 0.5783 18
    endloop
  endfacet
  facet normal 0.24297 0.970034 -0
    outer loop
      vertex 1.71268 5.64595 12
      vertex 1.15103 5.78663 18
      vertex 1.71268 5.64595 18
    endloop
  endfacet
  facet normal 0.24297 0.970034 0
    outer loop
      vertex 1.15103 5.78663 18
      vertex 1.71268 5.64595 12
      vertex 1.15103 5.78663 12
    endloop
  endfacet
  facet normal -0.941543 -0.336893 0
    outer loop
      vertex -5.45089 -2.25783 12
      vertex -5.64595 -1.71268 18
      vertex -5.64595 -1.71268 12
    endloop
  endfacet
  facet normal -0.941543 -0.336893 0
    outer loop
      vertex -5.64595 -1.71268 18
      vertex -5.45089 -2.25783 12
      vertex -5.45089 -2.25783 18
    endloop
  endfacet
  facet normal 0.595697 -0.803209 0
    outer loop
      vertex 3.27786 -4.90567 12
      vertex 3.74292 -4.56076 18
      vertex 3.27786 -4.90567 18
    endloop
  endfacet
  facet normal 0.595697 -0.803209 0
    outer loop
      vertex 3.74292 -4.56076 18
      vertex 3.27786 -4.90567 12
      vertex 3.74292 -4.56076 12
    endloop
  endfacet
  facet normal -0.941543 0.336893 0
    outer loop
      vertex -5.64595 1.71268 12
      vertex -5.45089 2.25783 18
      vertex -5.45089 2.25783 12
    endloop
  endfacet
  facet normal -0.941543 0.336893 0
    outer loop
      vertex -5.45089 2.25783 18
      vertex -5.64595 1.71268 12
      vertex -5.64595 1.71268 18
    endloop
  endfacet
  facet normal -0.146736 -0.989176 0
    outer loop
      vertex -1.15103 -5.78663 12
      vertex -0.5783 -5.87159 18
      vertex -1.15103 -5.78663 18
    endloop
  endfacet
  facet normal -0.146736 -0.989176 -0
    outer loop
      vertex -0.5783 -5.87159 18
      vertex -1.15103 -5.78663 12
      vertex -0.5783 -5.87159 12
    endloop
  endfacet
  facet normal -0.595697 -0.803209 0
    outer loop
      vertex -3.74292 -4.56076 12
      vertex -3.27786 -4.90567 18
      vertex -3.74292 -4.56076 18
    endloop
  endfacet
  facet normal -0.595697 -0.803209 -0
    outer loop
      vertex -3.27786 -4.90567 18
      vertex -3.74292 -4.56076 12
      vertex -3.27786 -4.90567 12
    endloop
  endfacet
  facet normal -0.998795 -0.0490676 0
    outer loop
      vertex -5.87159 -0.5783 12
      vertex -5.9 0 18
      vertex -5.9 0 12
    endloop
  endfacet
  facet normal -0.998795 -0.0490676 0
    outer loop
      vertex -5.9 0 18
      vertex -5.87159 -0.5783 12
      vertex -5.87159 -0.5783 18
    endloop
  endfacet
  facet normal 0.146736 0.989176 -0
    outer loop
      vertex 1.15103 5.78663 12
      vertex 0.5783 5.87159 18
      vertex 1.15103 5.78663 18
    endloop
  endfacet
  facet normal 0.146736 0.989176 0
    outer loop
      vertex 0.5783 5.87159 18
      vertex 1.15103 5.78663 12
      vertex 0.5783 5.87159 12
    endloop
  endfacet
  facet normal -0.336893 -0.941543 0
    outer loop
      vertex -2.25783 -5.45089 12
      vertex -1.71268 -5.64595 18
      vertex -2.25783 -5.45089 18
    endloop
  endfacet
  facet normal -0.336893 -0.941543 -0
    outer loop
      vertex -1.71268 -5.64595 18
      vertex -2.25783 -5.45089 12
      vertex -1.71268 -5.64595 12
    endloop
  endfacet
  facet normal 0 0 1
    outer loop
      vertex 4.075 0 18
      vertex 5.9 0 18
      vertex 5.87159 0.5783 18
    endloop
  endfacet
  facet normal 0 0 1
    outer loop
      vertex 4.05538 0.39942 18
      vertex 5.87159 0.5783 18
      vertex 5.78663 1.15103 18
    endloop
  endfacet
  facet normal 0 0 1
    outer loop
      vertex 5.9 0 18
      vertex 4.075 0 18
      vertex 5.87159 -0.5783 18
    endloop
  endfacet
  facet normal 0 0 1
    outer loop
      vertex 3.9967 0.794992 18
      vertex 5.78663 1.15103 18
      vertex 5.64595 1.71268 18
    endloop
  endfacet
  facet normal -0 0 1
    outer loop
      vertex 4.05538 -0.39942 18
      vertex 5.87159 -0.5783 18
      vertex 4.075 0 18
    endloop
  endfacet
  facet normal 0 0 1
    outer loop
      vertex 3.89953 1.18291 18
      vertex 5.64595 1.71268 18
      vertex 5.45089 2.25783 18
    endloop
  endfacet
  facet normal 0 0 1
    outer loop
      vertex 5.87159 -0.5783 18
      vertex 4.05538 -0.39942 18
      vertex 5.78663 -1.15103 18
    endloop
  endfacet
  facet normal 0 0 1
    outer loop
      vertex 3.76481 1.55943 18
      vertex 5.45089 2.25783 18
      vertex 5.20333 2.78124 18
    endloop
  endfacet
  facet normal -0 0 1
    outer loop
      vertex 3.9967 -0.794992 18
      vertex 5.78663 -1.15103 18
      vertex 4.05538 -0.39942 18
    endloop
  endfacet
  facet normal 0 0 1
    outer loop
      vertex 3.59383 1.92094 18
      vertex 5.20333 2.78124 18
      vertex 4.90567 3.27786 18
    endloop
  endfacet
  facet normal 0 0 1
    outer loop
      vertex 5.78663 -1.15103 18
      vertex 3.9967 -0.794992 18
      vertex 5.64595 -1.71268 18
    endloop
  endfacet
  facet normal 0 0 1
    outer loop
      vertex 3.38824 2.26395 18
      vertex 4.90567 3.27786 18
      vertex 4.56076 3.74292 18
    endloop
  endfacet
  facet normal -0 0 1
    outer loop
      vertex 3.89953 -1.18291 18
      vertex 5.64595 -1.71268 18
      vertex 3.9967 -0.794992 18
    endloop
  endfacet
  facet normal 0 0 1
    outer loop
      vertex 3.15002 2.58515 18
      vertex 4.56076 3.74292 18
      vertex 4.17193 4.17193 18
    endloop
  endfacet
  facet normal 0 0 1
    outer loop
      vertex 5.64595 -1.71268 18
      vertex 3.89953 -1.18291 18
      vertex 5.45089 -2.25783 18
    endloop
  endfacet
  facet normal -0 0 1
    outer loop
      vertex 3.76481 -1.55943 18
      vertex 5.45089 -2.25783 18
      vertex 3.89953 -1.18291 18
    endloop
  endfacet
  facet normal 0 0 1
    outer loop
      vertex 5.87159 0.5783 18
      vertex 4.05538 0.39942 18
      vertex 4.075 0 18
    endloop
  endfacet
  facet normal 0 0 1
    outer loop
      vertex 5.78663 1.15103 18
      vertex 3.9967 0.794992 18
      vertex 4.05538 0.39942 18
    endloop
  endfacet
  facet normal 0 0 1
    outer loop
      vertex 5.64595 1.71268 18
      vertex 3.89953 1.18291 18
      vertex 3.9967 0.794992 18
    endloop
  endfacet
  facet normal 0 0 1
    outer loop
      vertex 5.45089 2.25783 18
      vertex 3.76481 1.55943 18
      vertex 3.89953 1.18291 18
    endloop
  endfacet
  facet normal 0 0 1
    outer loop
      vertex 2.88146 2.88146 18
      vertex 4.17193 4.17193 18
      vertex 3.74292 4.56076 18
    endloop
  endfacet
  facet normal 0 0 1
    outer loop
      vertex 5.20333 2.78124 18
      vertex 3.59383 1.92094 18
      vertex 3.76481 1.55943 18
    endloop
  endfacet
  facet normal 0 0 1
    outer loop
      vertex 4.90567 3.27786 18
      vertex 3.38824 2.26395 18
      vertex 3.59383 1.92094 18
    endloop
  endfacet
  facet normal 0 0 1
    outer loop
      vertex 2.58515 3.15002 18
      vertex 3.74292 4.56076 18
      vertex 3.27786 4.90567 18
    endloop
  endfacet
  facet normal 0 0 1
    outer loop
      vertex 4.56076 3.74292 18
      vertex 3.15002 2.58515 18
      vertex 3.38824 2.26395 18
    endloop
  endfacet
  facet normal 0 0 1
    outer loop
      vertex 4.17193 4.17193 18
      vertex 2.88146 2.88146 18
      vertex 3.15002 2.58515 18
    endloop
  endfacet
  facet normal 0 0 1
    outer loop
      vertex 2.26395 3.38824 18
      vertex 3.27786 4.90567 18
      vertex 2.78124 5.20333 18
    endloop
  endfacet
  facet normal 0 0 1
    outer loop
      vertex 3.74292 4.56076 18
      vertex 2.58515 3.15002 18
      vertex 2.88146 2.88146 18
    endloop
  endfacet
  facet normal 0 0 1
    outer loop
      vertex 3.27786 4.90567 18
      vertex 2.26395 3.38824 18
      vertex 2.58515 3.15002 18
    endloop
  endfacet
  facet normal 0 0 1
    outer loop
      vertex 1.92094 3.59383 18
      vertex 2.78124 5.20333 18
      vertex 2.25783 5.45089 18
    endloop
  endfacet
  facet normal 0 0 1
    outer loop
      vertex 2.78124 5.20333 18
      vertex 1.92094 3.59383 18
      vertex 2.26395 3.38824 18
    endloop
  endfacet
  facet normal 0 0 1
    outer loop
      vertex 1.55943 3.76481 18
      vertex 2.25783 5.45089 18
      vertex 1.71268 5.64595 18
    endloop
  endfacet
  facet normal 0 0 1
    outer loop
      vertex 2.25783 5.45089 18
      vertex 1.55943 3.76481 18
      vertex 1.92094 3.59383 18
    endloop
  endfacet
  facet normal 0 0 1
    outer loop
      vertex 1.71268 5.64595 18
      vertex 1.18291 3.89953 18
      vertex 1.55943 3.76481 18
    endloop
  endfacet
  facet normal 0 0 1
    outer loop
      vertex 1.15103 5.78663 18
      vertex 1.18291 3.89953 18
      vertex 1.71268 5.64595 18
    endloop
  endfacet
  facet normal 0 0 1
    outer loop
      vertex 1.15103 5.78663 18
      vertex 0.794992 3.9967 18
      vertex 1.18291 3.89953 18
    endloop
  endfacet
  facet normal 0 0 1
    outer loop
      vertex 0.5783 5.87159 18
      vertex 0.794992 3.9967 18
      vertex 1.15103 5.78663 18
    endloop
  endfacet
  facet normal 0 0 1
    outer loop
      vertex 0.5783 5.87159 18
      vertex 0.39942 4.05538 18
      vertex 0.794992 3.9967 18
    endloop
  endfacet
  facet normal 0 0 1
    outer loop
      vertex 0 5.9 18
      vertex 0.39942 4.05538 18
      vertex 0.5783 5.87159 18
    endloop
  endfacet
  facet normal 0 0 1
    outer loop
      vertex 0 5.9 18
      vertex 0 4.075 18
      vertex 0.39942 4.05538 18
    endloop
  endfacet
  facet normal 0 0 1
    outer loop
      vertex 0 5.9 18
      vertex -0.39942 4.05538 18
      vertex 0 4.075 18
    endloop
  endfacet
  facet normal -0 0 1
    outer loop
      vertex -0.5783 5.87159 18
      vertex -0.39942 4.05538 18
      vertex 0 5.9 18
    endloop
  endfacet
  facet normal 0 0 1
    outer loop
      vertex -0.5783 5.87159 18
      vertex -0.794992 3.9967 18
      vertex -0.39942 4.05538 18
    endloop
  endfacet
  facet normal -0 0 1
    outer loop
      vertex -1.15103 5.78663 18
      vertex -0.794992 3.9967 18
      vertex -0.5783 5.87159 18
    endloop
  endfacet
  facet normal 0 0 1
    outer loop
      vertex -1.15103 5.78663 18
      vertex -1.18291 3.89953 18
      vertex -0.794992 3.9967 18
    endloop
  endfacet
  facet normal -0 0 1
    outer loop
      vertex -1.71268 5.64595 18
      vertex -1.18291 3.89953 18
      vertex -1.15103 5.78663 18
    endloop
  endfacet
  facet normal 0 0 1
    outer loop
      vertex -1.18291 3.89953 18
      vertex -1.71268 5.64595 18
      vertex -1.55943 3.76481 18
    endloop
  endfacet
  facet normal -0 0 1
    outer loop
      vertex -2.25783 5.45089 18
      vertex -1.55943 3.76481 18
      vertex -1.71268 5.64595 18
    endloop
  endfacet
  facet normal 0 0 1
    outer loop
      vertex -1.55943 3.76481 18
      vertex -2.25783 5.45089 18
      vertex -1.92094 3.59383 18
    endloop
  endfacet
  facet normal -0 0 1
    outer loop
      vertex -2.78124 5.20333 18
      vertex -1.92094 3.59383 18
      vertex -2.25783 5.45089 18
    endloop
  endfacet
  facet normal 0 0 1
    outer loop
      vertex -1.92094 3.59383 18
      vertex -2.78124 5.20333 18
      vertex -2.26395 3.38824 18
    endloop
  endfacet
  facet normal -0 0 1
    outer loop
      vertex -3.27786 4.90567 18
      vertex -2.26395 3.38824 18
      vertex -2.78124 5.20333 18
    endloop
  endfacet
  facet normal 0 0 1
    outer loop
      vertex -2.26395 3.38824 18
      vertex -3.27786 4.90567 18
      vertex -2.58515 3.15002 18
    endloop
  endfacet
  facet normal -0 0 1
    outer loop
      vertex -3.74292 4.56076 18
      vertex -2.58515 3.15002 18
      vertex -3.27786 4.90567 18
    endloop
  endfacet
  facet normal 0 0 1
    outer loop
      vertex -2.58515 3.15002 18
      vertex -3.74292 4.56076 18
      vertex -2.88146 2.88146 18
    endloop
  endfacet
  facet normal -0 0 1
    outer loop
      vertex -4.17193 4.17193 18
      vertex -2.88146 2.88146 18
      vertex -3.74292 4.56076 18
    endloop
  endfacet
  facet normal 0 0 1
    outer loop
      vertex -2.88146 2.88146 18
      vertex -4.17193 4.17193 18
      vertex -3.15002 2.58515 18
    endloop
  endfacet
  facet normal -0 0 1
    outer loop
      vertex -4.56076 3.74292 18
      vertex -3.15002 2.58515 18
      vertex -4.17193 4.17193 18
    endloop
  endfacet
  facet normal 0 0 1
    outer loop
      vertex -3.15002 2.58515 18
      vertex -4.56076 3.74292 18
      vertex -3.38824 2.26395 18
    endloop
  endfacet
  facet normal -0 0 1
    outer loop
      vertex -4.90567 3.27786 18
      vertex -3.38824 2.26395 18
      vertex -4.56076 3.74292 18
    endloop
  endfacet
  facet normal 0 0 1
    outer loop
      vertex -3.38824 2.26395 18
      vertex -4.90567 3.27786 18
      vertex -3.59383 1.92094 18
    endloop
  endfacet
  facet normal -0 0 1
    outer loop
      vertex -5.20333 2.78124 18
      vertex -3.59383 1.92094 18
      vertex -4.90567 3.27786 18
    endloop
  endfacet
  facet normal -0 0 1
    outer loop
      vertex -5.45089 2.25783 18
      vertex -3.76481 1.55943 18
      vertex -5.20333 2.78124 18
    endloop
  endfacet
  facet normal 0 0 1
    outer loop
      vertex -3.59383 1.92094 18
      vertex -5.20333 2.78124 18
      vertex -3.76481 1.55943 18
    endloop
  endfacet
  facet normal 0 0 1
    outer loop
      vertex 5.45089 -2.25783 18
      vertex 3.76481 -1.55943 18
      vertex 5.20333 -2.78124 18
    endloop
  endfacet
  facet normal -0 0 1
    outer loop
      vertex 3.59383 -1.92094 18
      vertex 5.20333 -2.78124 18
      vertex 3.76481 -1.55943 18
    endloop
  endfacet
  facet normal 0 0 1
    outer loop
      vertex 5.20333 -2.78124 18
      vertex 3.59383 -1.92094 18
      vertex 4.90567 -3.27786 18
    endloop
  endfacet
  facet normal -0 0 1
    outer loop
      vertex 3.38824 -2.26395 18
      vertex 4.90567 -3.27786 18
      vertex 3.59383 -1.92094 18
    endloop
  endfacet
  facet normal 0 0 1
    outer loop
      vertex 4.90567 -3.27786 18
      vertex 3.38824 -2.26395 18
      vertex 4.56076 -3.74292 18
    endloop
  endfacet
  facet normal -0 0 1
    outer loop
      vertex 3.15002 -2.58515 18
      vertex 4.56076 -3.74292 18
      vertex 3.38824 -2.26395 18
    endloop
  endfacet
  facet normal 0 0 1
    outer loop
      vertex 4.56076 -3.74292 18
      vertex 3.15002 -2.58515 18
      vertex 4.17193 -4.17193 18
    endloop
  endfacet
  facet normal -0 0 1
    outer loop
      vertex 2.88146 -2.88146 18
      vertex 4.17193 -4.17193 18
      vertex 3.15002 -2.58515 18
    endloop
  endfacet
  facet normal 0 0 1
    outer loop
      vertex 4.17193 -4.17193 18
      vertex 2.88146 -2.88146 18
      vertex 3.74292 -4.56076 18
    endloop
  endfacet
  facet normal -0 0 1
    outer loop
      vertex 2.58515 -3.15002 18
      vertex 3.74292 -4.56076 18
      vertex 2.88146 -2.88146 18
    endloop
  endfacet
  facet normal 0 0 1
    outer loop
      vertex 3.74292 -4.56076 18
      vertex 2.58515 -3.15002 18
      vertex 3.27786 -4.90567 18
    endloop
  endfacet
  facet normal -0 0 1
    outer loop
      vertex 2.26395 -3.38824 18
      vertex 3.27786 -4.90567 18
      vertex 2.58515 -3.15002 18
    endloop
  endfacet
  facet normal 0 0 1
    outer loop
      vertex 3.27786 -4.90567 18
      vertex 2.26395 -3.38824 18
      vertex 2.78124 -5.20333 18
    endloop
  endfacet
  facet normal -0 0 1
    outer loop
      vertex 1.92094 -3.59383 18
      vertex 2.78124 -5.20333 18
      vertex 2.26395 -3.38824 18
    endloop
  endfacet
  facet normal 0 0 1
    outer loop
      vertex 2.78124 -5.20333 18
      vertex 1.92094 -3.59383 18
      vertex 2.25783 -5.45089 18
    endloop
  endfacet
  facet normal -0 0 1
    outer loop
      vertex 1.55943 -3.76481 18
      vertex 2.25783 -5.45089 18
      vertex 1.92094 -3.59383 18
    endloop
  endfacet
  facet normal 0 0 1
    outer loop
      vertex 2.25783 -5.45089 18
      vertex 1.55943 -3.76481 18
      vertex 1.71268 -5.64595 18
    endloop
  endfacet
  facet normal -0 0 1
    outer loop
      vertex 1.18291 -3.89953 18
      vertex 1.71268 -5.64595 18
      vertex 1.55943 -3.76481 18
    endloop
  endfacet
  facet normal 0 0 1
    outer loop
      vertex 1.18291 -3.89953 18
      vertex 1.15103 -5.78663 18
      vertex 1.71268 -5.64595 18
    endloop
  endfacet
  facet normal -0 0 1
    outer loop
      vertex 0.794992 -3.9967 18
      vertex 1.15103 -5.78663 18
      vertex 1.18291 -3.89953 18
    endloop
  endfacet
  facet normal 0 0 1
    outer loop
      vertex 0.794992 -3.9967 18
      vertex 0.5783 -5.87159 18
      vertex 1.15103 -5.78663 18
    endloop
  endfacet
  facet normal -0 0 1
    outer loop
      vertex 0.39942 -4.05538 18
      vertex 0.5783 -5.87159 18
      vertex 0.794992 -3.9967 18
    endloop
  endfacet
  facet normal -0 0 1
    outer loop
      vertex 0 -4.075 18
      vertex 0.5783 -5.87159 18
      vertex 0.39942 -4.05538 18
    endloop
  endfacet
  facet normal 0 0 1
    outer loop
      vertex 0 -4.075 18
      vertex 0 -5.9 18
      vertex 0.5783 -5.87159 18
    endloop
  endfacet
  facet normal 0 0 1
    outer loop
      vertex -0.39942 -4.05538 18
      vertex 0 -5.9 18
      vertex 0 -4.075 18
    endloop
  endfacet
  facet normal 0 0 1
    outer loop
      vertex -0.39942 -4.05538 18
      vertex -0.5783 -5.87159 18
      vertex 0 -5.9 18
    endloop
  endfacet
  facet normal 0 0 1
    outer loop
      vertex -0.794992 -3.9967 18
      vertex -0.5783 -5.87159 18
      vertex -0.39942 -4.05538 18
    endloop
  endfacet
  facet normal 0 0 1
    outer loop
      vertex -0.794992 -3.9967 18
      vertex -1.15103 -5.78663 18
      vertex -0.5783 -5.87159 18
    endloop
  endfacet
  facet normal 0 0 1
    outer loop
      vertex -1.18291 -3.89953 18
      vertex -1.15103 -5.78663 18
      vertex -0.794992 -3.9967 18
    endloop
  endfacet
  facet normal 0 0 1
    outer loop
      vertex -1.71268 -5.64595 18
      vertex -1.18291 -3.89953 18
      vertex -1.55943 -3.76481 18
    endloop
  endfacet
  facet normal 0 0 1
    outer loop
      vertex -1.18291 -3.89953 18
      vertex -1.71268 -5.64595 18
      vertex -1.15103 -5.78663 18
    endloop
  endfacet
  facet normal 0 0 1
    outer loop
      vertex -2.25783 -5.45089 18
      vertex -1.55943 -3.76481 18
      vertex -1.92094 -3.59383 18
    endloop
  endfacet
  facet normal 0 0 1
    outer loop
      vertex -1.55943 -3.76481 18
      vertex -2.25783 -5.45089 18
      vertex -1.71268 -5.64595 18
    endloop
  endfacet
  facet normal 0 0 1
    outer loop
      vertex -2.78124 -5.20333 18
      vertex -1.92094 -3.59383 18
      vertex -2.26395 -3.38824 18
    endloop
  endfacet
  facet normal 0 0 1
    outer loop
      vertex -3.27786 -4.90567 18
      vertex -2.26395 -3.38824 18
      vertex -2.58515 -3.15002 18
    endloop
  endfacet
  facet normal 0 0 1
    outer loop
      vertex -1.92094 -3.59383 18
      vertex -2.78124 -5.20333 18
      vertex -2.25783 -5.45089 18
    endloop
  endfacet
  facet normal 0 0 1
    outer loop
      vertex -3.74292 -4.56076 18
      vertex -2.58515 -3.15002 18
      vertex -2.88146 -2.88146 18
    endloop
  endfacet
  facet normal 0 0 1
    outer loop
      vertex -4.17193 -4.17193 18
      vertex -2.88146 -2.88146 18
      vertex -3.15002 -2.58515 18
    endloop
  endfacet
  facet normal 0 0 1
    outer loop
      vertex -2.26395 -3.38824 18
      vertex -3.27786 -4.90567 18
      vertex -2.78124 -5.20333 18
    endloop
  endfacet
  facet normal 0 0 1
    outer loop
      vertex -4.56076 -3.74292 18
      vertex -3.15002 -2.58515 18
      vertex -3.38824 -2.26395 18
    endloop
  endfacet
  facet normal 0 0 1
    outer loop
      vertex -4.90567 -3.27786 18
      vertex -3.38824 -2.26395 18
      vertex -3.59383 -1.92094 18
    endloop
  endfacet
  facet normal 0 0 1
    outer loop
      vertex -2.58515 -3.15002 18
      vertex -3.74292 -4.56076 18
      vertex -3.27786 -4.90567 18
    endloop
  endfacet
  facet normal 0 0 1
    outer loop
      vertex -5.20333 -2.78124 18
      vertex -3.59383 -1.92094 18
      vertex -3.76481 -1.55943 18
    endloop
  endfacet
  facet normal 0 0 1
    outer loop
      vertex -5.45089 -2.25783 18
      vertex -3.76481 -1.55943 18
      vertex -3.89953 -1.18291 18
    endloop
  endfacet
  facet normal 0 0 1
    outer loop
      vertex -5.64595 -1.71268 18
      vertex -3.89953 -1.18291 18
      vertex -3.9967 -0.794992 18
    endloop
  endfacet
  facet normal 0 0 1
    outer loop
      vertex -5.78663 -1.15103 18
      vertex -3.9967 -0.794992 18
      vertex -4.05538 -0.39942 18
    endloop
  endfacet
  facet normal 0 0 1
    outer loop
      vertex -2.88146 -2.88146 18
      vertex -4.17193 -4.17193 18
      vertex -3.74292 -4.56076 18
    endloop
  endfacet
  facet normal 0 0 1
    outer loop
      vertex -5.87159 -0.5783 18
      vertex -4.05538 -0.39942 18
      vertex -4.075 0 18
    endloop
  endfacet
  facet normal 0 0 1
    outer loop
      vertex -3.76481 1.55943 18
      vertex -5.45089 2.25783 18
      vertex -3.89953 1.18291 18
    endloop
  endfacet
  facet normal -0 0 1
    outer loop
      vertex -5.64595 1.71268 18
      vertex -3.89953 1.18291 18
      vertex -5.45089 2.25783 18
    endloop
  endfacet
  facet normal 0 0 1
    outer loop
      vertex -3.15002 -2.58515 18
      vertex -4.56076 -3.74292 18
      vertex -4.17193 -4.17193 18
    endloop
  endfacet
  facet normal 0 0 1
    outer loop
      vertex -3.89953 1.18291 18
      vertex -5.64595 1.71268 18
      vertex -3.9967 0.794992 18
    endloop
  endfacet
  facet normal 0 0 1
    outer loop
      vertex -3.38824 -2.26395 18
      vertex -4.90567 -3.27786 18
      vertex -4.56076 -3.74292 18
    endloop
  endfacet
  facet normal -0 0 1
    outer loop
      vertex -5.78663 1.15103 18
      vertex -3.9967 0.794992 18
      vertex -5.64595 1.71268 18
    endloop
  endfacet
  facet normal 0 0 1
    outer loop
      vertex -3.59383 -1.92094 18
      vertex -5.20333 -2.78124 18
      vertex -4.90567 -3.27786 18
    endloop
  endfacet
  facet normal 0 0 1
    outer loop
      vertex -3.9967 0.794992 18
      vertex -5.78663 1.15103 18
      vertex -4.05538 0.39942 18
    endloop
  endfacet
  facet normal 0 0 1
    outer loop
      vertex -3.76481 -1.55943 18
      vertex -5.45089 -2.25783 18
      vertex -5.20333 -2.78124 18
    endloop
  endfacet
  facet normal -0 0 1
    outer loop
      vertex -5.87159 0.5783 18
      vertex -4.05538 0.39942 18
      vertex -5.78663 1.15103 18
    endloop
  endfacet
  facet normal 0 0 1
    outer loop
      vertex -3.89953 -1.18291 18
      vertex -5.64595 -1.71268 18
      vertex -5.45089 -2.25783 18
    endloop
  endfacet
  facet normal 0 0 1
    outer loop
      vertex -4.05538 0.39942 18
      vertex -5.87159 0.5783 18
      vertex -4.075 0 18
    endloop
  endfacet
  facet normal 0 0 1
    outer loop
      vertex -3.9967 -0.794992 18
      vertex -5.78663 -1.15103 18
      vertex -5.64595 -1.71268 18
    endloop
  endfacet
  facet normal 0 0 1
    outer loop
      vertex -5.9 0 18
      vertex -4.075 0 18
      vertex -5.87159 0.5783 18
    endloop
  endfacet
  facet normal 0 0 1
    outer loop
      vertex -4.05538 -0.39942 18
      vertex -5.87159 -0.5783 18
      vertex -5.78663 -1.15103 18
    endloop
  endfacet
  facet normal 0 0 1
    outer loop
      vertex -4.075 0 18
      vertex -5.9 0 18
      vertex -5.87159 -0.5783 18
    endloop
  endfacet
  facet normal -0.989213 -0.146487 0
    outer loop
      vertex 11.5923 0.156827 0
      vertex 11.5693 0.312144 12
      vertex 11.5693 0.312144 0
    endloop
  endfacet
  facet normal -0.989213 -0.146487 0
    outer loop
      vertex 11.5693 0.312144 12
      vertex 11.5923 0.156827 0
      vertex 11.5923 0.156827 12
    endloop
  endfacet
  facet normal -0.998797 -0.0490396 0
    outer loop
      vertex 11.6 0 0
      vertex 11.5923 0.156827 12
      vertex 11.5923 0.156827 0
    endloop
  endfacet
  facet normal -0.998797 -0.0490396 0
    outer loop
      vertex 11.5923 0.156827 12
      vertex 11.6 0 0
      vertex 11.6 0 12
    endloop
  endfacet
  facet normal -0.969959 -0.243268 0
    outer loop
      vertex 11.5693 0.312144 0
      vertex 11.5311 0.464455 12
      vertex 11.5311 0.464455 0
    endloop
  endfacet
  facet normal -0.969959 -0.243268 0
    outer loop
      vertex 11.5311 0.464455 12
      vertex 11.5693 0.312144 0
      vertex 11.5693 0.312144 12
    endloop
  endfacet
  facet normal -0.427692 -0.903925 0
    outer loop
      vertex 10.6123 1.47821 0
      vertex 10.7542 1.41107 12
      vertex 10.6123 1.47821 12
    endloop
  endfacet
  facet normal -0.427692 -0.903925 -0
    outer loop
      vertex 10.7542 1.41107 12
      vertex 10.6123 1.47821 0
      vertex 10.7542 1.41107 0
    endloop
  endfacet
  facet normal 0.24303 0.970019 -0
    outer loop
      vertex 9.68785 -1.56926 0
      vertex 9.53554 -1.5311 12
      vertex 9.68785 -1.56926 12
    endloop
  endfacet
  facet normal 0.24303 0.970019 0
    outer loop
      vertex 9.53554 -1.5311 12
      vertex 9.68785 -1.56926 0
      vertex 9.53554 -1.5311 0
    endloop
  endfacet
  facet normal 0.857737 0.514089 0
    outer loop
      vertex 8.66965 -0.888912 12
      vertex 8.58893 -0.754234 0
      vertex 8.58893 -0.754234 12
    endloop
  endfacet
  facet normal 0.857737 0.514089 0
    outer loop
      vertex 8.58893 -0.754234 0
      vertex 8.66965 -0.888912 12
      vertex 8.66965 -0.888912 0
    endloop
  endfacet
  facet normal -0.146689 0.989183 0
    outer loop
      vertex 10.3121 -1.56926 0
      vertex 10.1568 -1.59229 12
      vertex 10.3121 -1.56926 12
    endloop
  endfacet
  facet normal -0.146689 0.989183 0
    outer loop
      vertex 10.1568 -1.59229 12
      vertex 10.3121 -1.56926 0
      vertex 10.1568 -1.59229 0
    endloop
  endfacet
  facet normal -0.741092 -0.671404 0
    outer loop
      vertex 11.2368 1.01503 0
      vertex 11.1314 1.13137 12
      vertex 11.1314 1.13137 0
    endloop
  endfacet
  facet normal -0.741092 -0.671404 0
    outer loop
      vertex 11.1314 1.13137 12
      vertex 11.2368 1.01503 0
      vertex 11.2368 1.01503 12
    endloop
  endfacet
  facet normal 0.514112 -0.857723 0
    outer loop
      vertex 9.11109 1.33035 0
      vertex 9.24576 1.41107 12
      vertex 9.11109 1.33035 12
    endloop
  endfacet
  facet normal 0.514112 -0.857723 0
    outer loop
      vertex 9.24576 1.41107 12
      vertex 9.11109 1.33035 0
      vertex 9.24576 1.41107 0
    endloop
  endfacet
  facet normal -0.741092 0.671404 0
    outer loop
      vertex 11.1314 -1.13137 0
      vertex 11.2368 -1.01503 12
      vertex 11.2368 -1.01503 0
    endloop
  endfacet
  facet normal -0.741092 0.671404 0
    outer loop
      vertex 11.2368 -1.01503 12
      vertex 11.1314 -1.13137 0
      vertex 11.1314 -1.13137 12
    endloop
  endfacet
  facet normal -0.514027 0.857774 0
    outer loop
      vertex 10.8889 -1.33035 0
      vertex 10.7542 -1.41107 12
      vertex 10.8889 -1.33035 12
    endloop
  endfacet
  facet normal -0.514027 0.857774 0
    outer loop
      vertex 10.7542 -1.41107 12
      vertex 10.8889 -1.33035 0
      vertex 10.7542 -1.41107 0
    endloop
  endfacet
  facet normal -0.242895 -0.970053 0
    outer loop
      vertex 10.3121 1.56926 0
      vertex 10.4645 1.5311 12
      vertex 10.3121 1.56926 12
    endloop
  endfacet
  facet normal -0.242895 -0.970053 -0
    outer loop
      vertex 10.4645 1.5311 12
      vertex 10.3121 1.56926 0
      vertex 10.4645 1.5311 0
    endloop
  endfacet
  facet normal 0.989176 -0.146736 0
    outer loop
      vertex 8.4077 0.156827 12
      vertex 8.43074 0.312144 0
      vertex 8.43074 0.312144 12
    endloop
  endfacet
  facet normal 0.989176 -0.146736 0
    outer loop
      vertex 8.43074 0.312144 0
      vertex 8.4077 0.156827 12
      vertex 8.4077 0.156827 0
    endloop
  endfacet
  facet normal -0.857793 -0.513995 0
    outer loop
      vertex 11.4111 0.754234 0
      vertex 11.3304 0.888912 12
      vertex 11.3304 0.888912 0
    endloop
  endfacet
  facet normal -0.857793 -0.513995 0
    outer loop
      vertex 11.3304 0.888912 12
      vertex 11.4111 0.754234 0
      vertex 11.4111 0.754234 12
    endloop
  endfacet
  facet normal -0.969959 0.243268 0
    outer loop
      vertex 11.5311 -0.464455 0
      vertex 11.5693 -0.312144 12
      vertex 11.5693 -0.312144 0
    endloop
  endfacet
  facet normal -0.969959 0.243268 0
    outer loop
      vertex 11.5693 -0.312144 12
      vertex 11.5311 -0.464455 0
      vertex 11.5311 -0.464455 12
    endloop
  endfacet
  facet normal 0.146671 0.989185 -0
    outer loop
      vertex 9.84317 -1.59229 0
      vertex 9.68785 -1.56926 12
      vertex 9.84317 -1.59229 12
    endloop
  endfacet
  facet normal 0.146671 0.989185 0
    outer loop
      vertex 9.68785 -1.56926 12
      vertex 9.84317 -1.59229 0
      vertex 9.68785 -1.56926 0
    endloop
  endfacet
  facet normal 0.998797 0.0490396 0
    outer loop
      vertex 8.4077 -0.156827 12
      vertex 8.4 0 0
      vertex 8.4 0 12
    endloop
  endfacet
  facet normal 0.998797 0.0490396 0
    outer loop
      vertex 8.4 0 0
      vertex 8.4077 -0.156827 12
      vertex 8.4077 -0.156827 0
    endloop
  endfacet
  facet normal -0.146689 -0.989183 0
    outer loop
      vertex 10.1568 1.59229 0
      vertex 10.3121 1.56926 12
      vertex 10.1568 1.59229 12
    endloop
  endfacet
  facet normal -0.146689 -0.989183 -0
    outer loop
      vertex 10.3121 1.56926 12
      vertex 10.1568 1.59229 0
      vertex 10.3121 1.56926 0
    endloop
  endfacet
  facet normal -0.941539 -0.336905 0
    outer loop
      vertex 11.5311 0.464455 0
      vertex 11.4782 0.612293 12
      vertex 11.4782 0.612293 0
    endloop
  endfacet
  facet normal -0.941539 -0.336905 0
    outer loop
      vertex 11.4782 0.612293 12
      vertex 11.5311 0.464455 0
      vertex 11.5311 0.464455 12
    endloop
  endfacet
  facet normal -0.671388 -0.741106 0
    outer loop
      vertex 11.015 1.23682 0
      vertex 11.1314 1.13137 12
      vertex 11.015 1.23682 12
    endloop
  endfacet
  facet normal -0.671388 -0.741106 -0
    outer loop
      vertex 11.1314 1.13137 12
      vertex 11.015 1.23682 0
      vertex 11.1314 1.13137 0
    endloop
  endfacet
  facet normal 0.740933 -0.671578 0
    outer loop
      vertex 8.76318 1.01503 12
      vertex 8.86863 1.13137 0
      vertex 8.86863 1.13137 12
    endloop
  endfacet
  facet normal 0.740933 -0.671578 0
    outer loop
      vertex 8.86863 1.13137 0
      vertex 8.76318 1.01503 12
      vertex 8.76318 1.01503 0
    endloop
  endfacet
  facet normal 0.970034 0.242969 0
    outer loop
      vertex 8.46889 -0.464455 12
      vertex 8.43074 -0.312144 0
      vertex 8.43074 -0.312144 12
    endloop
  endfacet
  facet normal 0.970034 0.242969 0
    outer loop
      vertex 8.43074 -0.312144 0
      vertex 8.46889 -0.464455 12
      vertex 8.46889 -0.464455 0
    endloop
  endfacet
  facet normal 0.336865 -0.941553 0
    outer loop
      vertex 9.38771 1.47821 0
      vertex 9.53554 1.5311 12
      vertex 9.38771 1.47821 12
    endloop
  endfacet
  facet normal 0.336865 -0.941553 0
    outer loop
      vertex 9.53554 1.5311 12
      vertex 9.38771 1.47821 0
      vertex 9.53554 1.5311 0
    endloop
  endfacet
  facet normal 0.941539 0.336905 0
    outer loop
      vertex 8.52179 -0.612293 12
      vertex 8.46889 -0.464455 0
      vertex 8.46889 -0.464455 12
    endloop
  endfacet
  facet normal 0.941539 0.336905 0
    outer loop
      vertex 8.46889 -0.464455 0
      vertex 8.52179 -0.612293 12
      vertex 8.52179 -0.612293 0
    endloop
  endfacet
  facet normal -0.336926 -0.941531 0
    outer loop
      vertex 10.4645 1.5311 0
      vertex 10.6123 1.47821 12
      vertex 10.4645 1.5311 12
    endloop
  endfacet
  facet normal -0.336926 -0.941531 -0
    outer loop
      vertex 10.6123 1.47821 12
      vertex 10.4645 1.5311 0
      vertex 10.6123 1.47821 0
    endloop
  endfacet
  facet normal 0.803224 -0.595677 0
    outer loop
      vertex 8.66965 0.888912 12
      vertex 8.76318 1.01503 0
      vertex 8.76318 1.01503 12
    endloop
  endfacet
  facet normal 0.803224 -0.595677 0
    outer loop
      vertex 8.76318 1.01503 0
      vertex 8.66965 0.888912 12
      vertex 8.66965 0.888912 0
    endloop
  endfacet
  facet normal -0.803011 -0.595964 0
    outer loop
      vertex 11.3304 0.888912 0
      vertex 11.2368 1.01503 12
      vertex 11.2368 1.01503 0
    endloop
  endfacet
  facet normal -0.803011 -0.595964 0
    outer loop
      vertex 11.2368 1.01503 12
      vertex 11.3304 0.888912 0
      vertex 11.3304 0.888912 12
    endloop
  endfacet
  facet normal 0.970034 -0.242969 0
    outer loop
      vertex 8.43074 0.312144 12
      vertex 8.46889 0.464455 0
      vertex 8.46889 0.464455 12
    endloop
  endfacet
  facet normal 0.970034 -0.242969 0
    outer loop
      vertex 8.46889 0.464455 0
      vertex 8.43074 0.312144 12
      vertex 8.43074 0.312144 0
    endloop
  endfacet
  facet normal 0.671578 -0.740933 0
    outer loop
      vertex 8.86863 1.13137 0
      vertex 8.98497 1.23682 12
      vertex 8.86863 1.13137 12
    endloop
  endfacet
  facet normal 0.671578 -0.740933 0
    outer loop
      vertex 8.98497 1.23682 12
      vertex 8.86863 1.13137 0
      vertex 8.98497 1.23682 0
    endloop
  endfacet
  facet normal -0.427692 0.903925 0
    outer loop
      vertex 10.7542 -1.41107 0
      vertex 10.6123 -1.47821 12
      vertex 10.7542 -1.41107 12
    endloop
  endfacet
  facet normal -0.427692 0.903925 0
    outer loop
      vertex 10.6123 -1.47821 12
      vertex 10.7542 -1.41107 0
      vertex 10.6123 -1.47821 0
    endloop
  endfacet
  facet normal 0.24303 -0.970019 0
    outer loop
      vertex 9.53554 1.5311 0
      vertex 9.68785 1.56926 12
      vertex 9.53554 1.5311 12
    endloop
  endfacet
  facet normal 0.24303 -0.970019 0
    outer loop
      vertex 9.68785 1.56926 12
      vertex 9.53554 1.5311 0
      vertex 9.68785 1.56926 0
    endloop
  endfacet
  facet normal 0.941539 -0.336905 0
    outer loop
      vertex 8.46889 0.464455 12
      vertex 8.52179 0.612293 0
      vertex 8.52179 0.612293 12
    endloop
  endfacet
  facet normal 0.941539 -0.336905 0
    outer loop
      vertex 8.52179 0.612293 0
      vertex 8.46889 0.464455 12
      vertex 8.46889 0.464455 0
    endloop
  endfacet
  facet normal -0.514027 -0.857774 0
    outer loop
      vertex 10.7542 1.41107 0
      vertex 10.8889 1.33035 12
      vertex 10.7542 1.41107 12
    endloop
  endfacet
  facet normal -0.514027 -0.857774 -0
    outer loop
      vertex 10.8889 1.33035 12
      vertex 10.7542 1.41107 0
      vertex 10.8889 1.33035 0
    endloop
  endfacet
  facet normal 0.514112 0.857723 -0
    outer loop
      vertex 9.24576 -1.41107 0
      vertex 9.11109 -1.33035 12
      vertex 9.24576 -1.41107 12
    endloop
  endfacet
  facet normal 0.514112 0.857723 0
    outer loop
      vertex 9.11109 -1.33035 12
      vertex 9.24576 -1.41107 0
      vertex 9.11109 -1.33035 0
    endloop
  endfacet
  facet normal 0.595671 -0.803229 0
    outer loop
      vertex 8.98497 1.23682 0
      vertex 9.11109 1.33035 12
      vertex 8.98497 1.23682 12
    endloop
  endfacet
  facet normal 0.595671 -0.803229 0
    outer loop
      vertex 9.11109 1.33035 12
      vertex 8.98497 1.23682 0
      vertex 9.11109 1.33035 0
    endloop
  endfacet
  facet normal -0.0491116 0.998793 0
    outer loop
      vertex 10.1568 -1.59229 0
      vertex 10 -1.6 12
      vertex 10.1568 -1.59229 12
    endloop
  endfacet
  facet normal -0.0491116 0.998793 0
    outer loop
      vertex 10 -1.6 12
      vertex 10.1568 -1.59229 0
      vertex 10 -1.6 0
    endloop
  endfacet
  facet normal -0.941539 0.336905 0
    outer loop
      vertex 11.4782 -0.612293 0
      vertex 11.5311 -0.464455 12
      vertex 11.5311 -0.464455 0
    endloop
  endfacet
  facet normal -0.941539 0.336905 0
    outer loop
      vertex 11.5311 -0.464455 12
      vertex 11.4782 -0.612293 0
      vertex 11.4782 -0.612293 12
    endloop
  endfacet
  facet normal -0.803011 0.595964 0
    outer loop
      vertex 11.2368 -1.01503 0
      vertex 11.3304 -0.888912 12
      vertex 11.3304 -0.888912 0
    endloop
  endfacet
  facet normal -0.803011 0.595964 0
    outer loop
      vertex 11.3304 -0.888912 12
      vertex 11.2368 -1.01503 0
      vertex 11.2368 -1.01503 12
    endloop
  endfacet
  facet normal -0.989213 0.146487 0
    outer loop
      vertex 11.5693 -0.312144 0
      vertex 11.5923 -0.156827 12
      vertex 11.5923 -0.156827 0
    endloop
  endfacet
  facet normal -0.989213 0.146487 0
    outer loop
      vertex 11.5923 -0.156827 12
      vertex 11.5693 -0.312144 0
      vertex 11.5693 -0.312144 12
    endloop
  endfacet
  facet normal 0.857737 -0.514089 0
    outer loop
      vertex 8.58893 0.754234 12
      vertex 8.66965 0.888912 0
      vertex 8.66965 0.888912 12
    endloop
  endfacet
  facet normal 0.857737 -0.514089 0
    outer loop
      vertex 8.66965 0.888912 0
      vertex 8.58893 0.754234 12
      vertex 8.58893 0.754234 0
    endloop
  endfacet
  facet normal -0.904071 -0.427383 0
    outer loop
      vertex 11.4782 0.612293 0
      vertex 11.4111 0.754234 12
      vertex 11.4111 0.754234 0
    endloop
  endfacet
  facet normal -0.904071 -0.427383 0
    outer loop
      vertex 11.4111 0.754234 12
      vertex 11.4782 0.612293 0
      vertex 11.4782 0.612293 12
    endloop
  endfacet
  facet normal 0.427569 -0.903983 0
    outer loop
      vertex 9.24576 1.41107 0
      vertex 9.38771 1.47821 12
      vertex 9.24576 1.41107 12
    endloop
  endfacet
  facet normal 0.427569 -0.903983 0
    outer loop
      vertex 9.38771 1.47821 12
      vertex 9.24576 1.41107 0
      vertex 9.38771 1.47821 0
    endloop
  endfacet
  facet normal -0.595732 0.803184 0
    outer loop
      vertex 11.015 -1.23682 0
      vertex 10.8889 -1.33035 12
      vertex 11.015 -1.23682 12
    endloop
  endfacet
  facet normal -0.595732 0.803184 0
    outer loop
      vertex 10.8889 -1.33035 12
      vertex 11.015 -1.23682 0
      vertex 10.8889 -1.33035 0
    endloop
  endfacet
  facet normal -0.595732 -0.803184 0
    outer loop
      vertex 10.8889 1.33035 0
      vertex 11.015 1.23682 12
      vertex 10.8889 1.33035 12
    endloop
  endfacet
  facet normal -0.595732 -0.803184 -0
    outer loop
      vertex 11.015 1.23682 12
      vertex 10.8889 1.33035 0
      vertex 11.015 1.23682 0
    endloop
  endfacet
  facet normal 0.671578 0.740933 -0
    outer loop
      vertex 8.98497 -1.23682 0
      vertex 8.86863 -1.13137 12
      vertex 8.98497 -1.23682 12
    endloop
  endfacet
  facet normal 0.671578 0.740933 0
    outer loop
      vertex 8.86863 -1.13137 12
      vertex 8.98497 -1.23682 0
      vertex 8.86863 -1.13137 0
    endloop
  endfacet
  facet normal -0.998797 0.0490396 0
    outer loop
      vertex 11.5923 -0.156827 0
      vertex 11.6 0 12
      vertex 11.6 0 0
    endloop
  endfacet
  facet normal -0.998797 0.0490396 0
    outer loop
      vertex 11.6 0 12
      vertex 11.5923 -0.156827 0
      vertex 11.5923 -0.156827 12
    endloop
  endfacet
  facet normal 0.803224 0.595677 0
    outer loop
      vertex 8.76318 -1.01503 12
      vertex 8.66965 -0.888912 0
      vertex 8.66965 -0.888912 12
    endloop
  endfacet
  facet normal 0.803224 0.595677 0
    outer loop
      vertex 8.66965 -0.888912 0
      vertex 8.76318 -1.01503 12
      vertex 8.76318 -1.01503 0
    endloop
  endfacet
  facet normal 0.903972 0.427591 0
    outer loop
      vertex 8.58893 -0.754234 12
      vertex 8.52179 -0.612293 0
      vertex 8.52179 -0.612293 12
    endloop
  endfacet
  facet normal 0.903972 0.427591 0
    outer loop
      vertex 8.52179 -0.612293 0
      vertex 8.58893 -0.754234 12
      vertex 8.58893 -0.754234 0
    endloop
  endfacet
  facet normal -0.0491116 -0.998793 0
    outer loop
      vertex 10 1.6 0
      vertex 10.1568 1.59229 12
      vertex 10 1.6 12
    endloop
  endfacet
  facet normal -0.0491116 -0.998793 -0
    outer loop
      vertex 10.1568 1.59229 12
      vertex 10 1.6 0
      vertex 10.1568 1.59229 0
    endloop
  endfacet
  facet normal 0.0491022 -0.998794 0
    outer loop
      vertex 9.84317 1.59229 0
      vertex 10 1.6 12
      vertex 9.84317 1.59229 12
    endloop
  endfacet
  facet normal 0.0491022 -0.998794 0
    outer loop
      vertex 10 1.6 12
      vertex 9.84317 1.59229 0
      vertex 10 1.6 0
    endloop
  endfacet
  facet normal 0.427569 0.903983 -0
    outer loop
      vertex 9.38771 -1.47821 0
      vertex 9.24576 -1.41107 12
      vertex 9.38771 -1.47821 12
    endloop
  endfacet
  facet normal 0.427569 0.903983 0
    outer loop
      vertex 9.24576 -1.41107 12
      vertex 9.38771 -1.47821 0
      vertex 9.24576 -1.41107 0
    endloop
  endfacet
  facet normal 0.146671 -0.989185 0
    outer loop
      vertex 9.68785 1.56926 0
      vertex 9.84317 1.59229 12
      vertex 9.68785 1.56926 12
    endloop
  endfacet
  facet normal 0.146671 -0.989185 0
    outer loop
      vertex 9.84317 1.59229 12
      vertex 9.68785 1.56926 0
      vertex 9.84317 1.59229 0
    endloop
  endfacet
  facet normal 0.989176 0.146736 0
    outer loop
      vertex 8.43074 -0.312144 12
      vertex 8.4077 -0.156827 0
      vertex 8.4077 -0.156827 12
    endloop
  endfacet
  facet normal 0.989176 0.146736 0
    outer loop
      vertex 8.4077 -0.156827 0
      vertex 8.43074 -0.312144 12
      vertex 8.43074 -0.312144 0
    endloop
  endfacet
  facet normal -0.336926 0.941531 0
    outer loop
      vertex 10.6123 -1.47821 0
      vertex 10.4645 -1.5311 12
      vertex 10.6123 -1.47821 12
    endloop
  endfacet
  facet normal -0.336926 0.941531 0
    outer loop
      vertex 10.4645 -1.5311 12
      vertex 10.6123 -1.47821 0
      vertex 10.4645 -1.5311 0
    endloop
  endfacet
  facet normal -0.242895 0.970053 0
    outer loop
      vertex 10.4645 -1.5311 0
      vertex 10.3121 -1.56926 12
      vertex 10.4645 -1.5311 12
    endloop
  endfacet
  facet normal -0.242895 0.970053 0
    outer loop
      vertex 10.3121 -1.56926 12
      vertex 10.4645 -1.5311 0
      vertex 10.3121 -1.56926 0
    endloop
  endfacet
  facet normal 0.903972 -0.427591 0
    outer loop
      vertex 8.52179 0.612293 12
      vertex 8.58893 0.754234 0
      vertex 8.58893 0.754234 12
    endloop
  endfacet
  facet normal 0.903972 -0.427591 0
    outer loop
      vertex 8.58893 0.754234 0
      vertex 8.52179 0.612293 12
      vertex 8.52179 0.612293 0
    endloop
  endfacet
  facet normal 0.740933 0.671578 0
    outer loop
      vertex 8.86863 -1.13137 12
      vertex 8.76318 -1.01503 0
      vertex 8.76318 -1.01503 12
    endloop
  endfacet
  facet normal 0.740933 0.671578 0
    outer loop
      vertex 8.76318 -1.01503 0
      vertex 8.86863 -1.13137 12
      vertex 8.86863 -1.13137 0
    endloop
  endfacet
  facet normal 0.595671 0.803229 -0
    outer loop
      vertex 9.11109 -1.33035 0
      vertex 8.98497 -1.23682 12
      vertex 9.11109 -1.33035 12
    endloop
  endfacet
  facet normal 0.595671 0.803229 0
    outer loop
      vertex 8.98497 -1.23682 12
      vertex 9.11109 -1.33035 0
      vertex 8.98497 -1.23682 0
    endloop
  endfacet
  facet normal -0.904071 0.427383 0
    outer loop
      vertex 11.4111 -0.754234 0
      vertex 11.4782 -0.612293 12
      vertex 11.4782 -0.612293 0
    endloop
  endfacet
  facet normal -0.904071 0.427383 0
    outer loop
      vertex 11.4782 -0.612293 12
      vertex 11.4111 -0.754234 0
      vertex 11.4111 -0.754234 12
    endloop
  endfacet
  facet normal -0.857793 0.513995 0
    outer loop
      vertex 11.3304 -0.888912 0
      vertex 11.4111 -0.754234 12
      vertex 11.4111 -0.754234 0
    endloop
  endfacet
  facet normal -0.857793 0.513995 0
    outer loop
      vertex 11.4111 -0.754234 12
      vertex 11.3304 -0.888912 0
      vertex 11.3304 -0.888912 12
    endloop
  endfacet
  facet normal 0.0491022 0.998794 -0
    outer loop
      vertex 10 -1.6 0
      vertex 9.84317 -1.59229 12
      vertex 10 -1.6 12
    endloop
  endfacet
  facet normal 0.0491022 0.998794 0
    outer loop
      vertex 9.84317 -1.59229 12
      vertex 10 -1.6 0
      vertex 9.84317 -1.59229 0
    endloop
  endfacet
  facet normal 0.998797 -0.0490396 0
    outer loop
      vertex 8.4 0 12
      vertex 8.4077 0.156827 0
      vertex 8.4077 0.156827 12
    endloop
  endfacet
  facet normal 0.998797 -0.0490396 0
    outer loop
      vertex 8.4077 0.156827 0
      vertex 8.4 0 12
      vertex 8.4 0 0
    endloop
  endfacet
  facet normal 0.336865 0.941553 -0
    outer loop
      vertex 9.53554 -1.5311 0
      vertex 9.38771 -1.47821 12
      vertex 9.53554 -1.5311 12
    endloop
  endfacet
  facet normal 0.336865 0.941553 0
    outer loop
      vertex 9.38771 -1.47821 12
      vertex 9.53554 -1.5311 0
      vertex 9.38771 -1.47821 0
    endloop
  endfacet
  facet normal -0.671388 0.741106 0
    outer loop
      vertex 11.1314 -1.13137 0
      vertex 11.015 -1.23682 12
      vertex 11.1314 -1.13137 12
    endloop
  endfacet
  facet normal -0.671388 0.741106 0
    outer loop
      vertex 11.015 -1.23682 12
      vertex 11.1314 -1.13137 0
      vertex 11.015 -1.23682 0
    endloop
  endfacet
  facet normal 0.146487 -0.989213 0
    outer loop
      vertex -0.312144 11.5693 0
      vertex -0.156827 11.5923 12
      vertex -0.312144 11.5693 12
    endloop
  endfacet
  facet normal 0.146487 -0.989213 0
    outer loop
      vertex -0.156827 11.5923 12
      vertex -0.312144 11.5693 0
      vertex -0.156827 11.5923 0
    endloop
  endfacet
  facet normal 0.0490396 -0.998797 0
    outer loop
      vertex -0.156827 11.5923 0
      vertex 0 11.6 12
      vertex -0.156827 11.5923 12
    endloop
  endfacet
  facet normal 0.0490396 -0.998797 0
    outer loop
      vertex 0 11.6 12
      vertex -0.156827 11.5923 0
      vertex 0 11.6 0
    endloop
  endfacet
  facet normal 0.243268 -0.969959 0
    outer loop
      vertex -0.464455 11.5311 0
      vertex -0.312144 11.5693 12
      vertex -0.464455 11.5311 12
    endloop
  endfacet
  facet normal 0.243268 -0.969959 0
    outer loop
      vertex -0.312144 11.5693 12
      vertex -0.464455 11.5311 0
      vertex -0.312144 11.5693 0
    endloop
  endfacet
  facet normal -0.941531 -0.336926 0
    outer loop
      vertex 1.5311 10.4645 0
      vertex 1.47821 10.6123 12
      vertex 1.47821 10.6123 0
    endloop
  endfacet
  facet normal -0.941531 -0.336926 0
    outer loop
      vertex 1.47821 10.6123 12
      vertex 1.5311 10.4645 0
      vertex 1.5311 10.4645 12
    endloop
  endfacet
  facet normal 0.903925 -0.427692 0
    outer loop
      vertex -1.47821 10.6123 12
      vertex -1.41107 10.7542 0
      vertex -1.41107 10.7542 12
    endloop
  endfacet
  facet normal 0.903925 -0.427692 0
    outer loop
      vertex -1.41107 10.7542 0
      vertex -1.47821 10.6123 12
      vertex -1.47821 10.6123 0
    endloop
  endfacet
  facet normal -0.970019 0.24303 0
    outer loop
      vertex 1.5311 9.53554 0
      vertex 1.56926 9.68785 12
      vertex 1.56926 9.68785 0
    endloop
  endfacet
  facet normal -0.970019 0.24303 0
    outer loop
      vertex 1.56926 9.68785 12
      vertex 1.5311 9.53554 0
      vertex 1.5311 9.53554 12
    endloop
  endfacet
  facet normal -0.514089 0.857737 0
    outer loop
      vertex 0.888912 8.66965 0
      vertex 0.754234 8.58893 12
      vertex 0.888912 8.66965 12
    endloop
  endfacet
  facet normal -0.514089 0.857737 0
    outer loop
      vertex 0.754234 8.58893 12
      vertex 0.888912 8.66965 0
      vertex 0.754234 8.58893 0
    endloop
  endfacet
  facet normal -0.989183 -0.146689 0
    outer loop
      vertex 1.59229 10.1568 0
      vertex 1.56926 10.3121 12
      vertex 1.56926 10.3121 0
    endloop
  endfacet
  facet normal -0.989183 -0.146689 0
    outer loop
      vertex 1.56926 10.3121 12
      vertex 1.59229 10.1568 0
      vertex 1.59229 10.1568 12
    endloop
  endfacet
  facet normal 0.671404 -0.741092 0
    outer loop
      vertex -1.13137 11.1314 0
      vertex -1.01503 11.2368 12
      vertex -1.13137 11.1314 12
    endloop
  endfacet
  facet normal 0.671404 -0.741092 0
    outer loop
      vertex -1.01503 11.2368 12
      vertex -1.13137 11.1314 0
      vertex -1.01503 11.2368 0
    endloop
  endfacet
  facet normal 0.595677 0.803224 -0
    outer loop
      vertex -0.888912 8.66965 0
      vertex -1.01503 8.76318 12
      vertex -0.888912 8.66965 12
    endloop
  endfacet
  facet normal 0.595677 0.803224 0
    outer loop
      vertex -1.01503 8.76318 12
      vertex -0.888912 8.66965 0
      vertex -1.01503 8.76318 0
    endloop
  endfacet
  facet normal 0.857723 0.514112 0
    outer loop
      vertex -1.33035 9.11109 12
      vertex -1.41107 9.24576 0
      vertex -1.41107 9.24576 12
    endloop
  endfacet
  facet normal 0.857723 0.514112 0
    outer loop
      vertex -1.41107 9.24576 0
      vertex -1.33035 9.11109 12
      vertex -1.33035 9.11109 0
    endloop
  endfacet
  facet normal 0.970053 -0.242895 0
    outer loop
      vertex -1.56926 10.3121 12
      vertex -1.5311 10.4645 0
      vertex -1.5311 10.4645 12
    endloop
  endfacet
  facet normal 0.970053 -0.242895 0
    outer loop
      vertex -1.5311 10.4645 0
      vertex -1.56926 10.3121 12
      vertex -1.56926 10.3121 0
    endloop
  endfacet
  facet normal 0.513995 -0.857793 0
    outer loop
      vertex -0.888912 11.3304 0
      vertex -0.754234 11.4111 12
      vertex -0.888912 11.3304 12
    endloop
  endfacet
  facet normal 0.513995 -0.857793 0
    outer loop
      vertex -0.754234 11.4111 12
      vertex -0.888912 11.3304 0
      vertex -0.754234 11.4111 0
    endloop
  endfacet
  facet normal -0.989185 0.146671 0
    outer loop
      vertex 1.56926 9.68785 0
      vertex 1.59229 9.84317 12
      vertex 1.59229 9.84317 0
    endloop
  endfacet
  facet normal -0.989185 0.146671 0
    outer loop
      vertex 1.59229 9.84317 12
      vertex 1.56926 9.68785 0
      vertex 1.56926 9.68785 12
    endloop
  endfacet
  facet normal 0.146736 0.989176 -0
    outer loop
      vertex -0.156827 8.4077 0
      vertex -0.312144 8.43074 12
      vertex -0.156827 8.4077 12
    endloop
  endfacet
  facet normal 0.146736 0.989176 0
    outer loop
      vertex -0.312144 8.43074 12
      vertex -0.156827 8.4077 0
      vertex -0.312144 8.43074 0
    endloop
  endfacet
  facet normal 0.336905 0.941539 -0
    outer loop
      vertex -0.464455 8.46889 0
      vertex -0.612293 8.52179 12
      vertex -0.464455 8.46889 12
    endloop
  endfacet
  facet normal 0.336905 0.941539 0
    outer loop
      vertex -0.612293 8.52179 12
      vertex -0.464455 8.46889 0
      vertex -0.612293 8.52179 0
    endloop
  endfacet
  facet normal 0.740933 0.671578 0
    outer loop
      vertex -1.13137 8.86863 12
      vertex -1.23682 8.98497 0
      vertex -1.23682 8.98497 12
    endloop
  endfacet
  facet normal 0.740933 0.671578 0
    outer loop
      vertex -1.23682 8.98497 0
      vertex -1.13137 8.86863 12
      vertex -1.13137 8.86863 0
    endloop
  endfacet
  facet normal -0.0490396 0.998797 0
    outer loop
      vertex 0.156827 8.4077 0
      vertex 0 8.4 12
      vertex 0.156827 8.4077 12
    endloop
  endfacet
  facet normal -0.0490396 0.998797 0
    outer loop
      vertex 0 8.4 12
      vertex 0.156827 8.4077 0
      vertex 0 8.4 0
    endloop
  endfacet
  facet normal -0.146487 -0.989213 0
    outer loop
      vertex 0.156827 11.5923 0
      vertex 0.312144 11.5693 12
      vertex 0.156827 11.5923 12
    endloop
  endfacet
  facet normal -0.146487 -0.989213 -0
    outer loop
      vertex 0.312144 11.5693 12
      vertex 0.156827 11.5923 0
      vertex 0.312144 11.5693 0
    endloop
  endfacet
  facet normal 0.989183 -0.146689 0
    outer loop
      vertex -1.59229 10.1568 12
      vertex -1.56926 10.3121 0
      vertex -1.56926 10.3121 12
    endloop
  endfacet
  facet normal 0.989183 -0.146689 0
    outer loop
      vertex -1.56926 10.3121 0
      vertex -1.59229 10.1568 12
      vertex -1.59229 10.1568 0
    endloop
  endfacet
  facet normal 0.336905 -0.941539 0
    outer loop
      vertex -0.612293 11.4782 0
      vertex -0.464455 11.5311 12
      vertex -0.612293 11.4782 12
    endloop
  endfacet
  facet normal 0.336905 -0.941539 0
    outer loop
      vertex -0.464455 11.5311 12
      vertex -0.612293 11.4782 0
      vertex -0.464455 11.5311 0
    endloop
  endfacet
  facet normal 0.741106 -0.671388 0
    outer loop
      vertex -1.23682 11.015 12
      vertex -1.13137 11.1314 0
      vertex -1.13137 11.1314 12
    endloop
  endfacet
  facet normal 0.741106 -0.671388 0
    outer loop
      vertex -1.13137 11.1314 0
      vertex -1.23682 11.015 12
      vertex -1.23682 11.015 0
    endloop
  endfacet
  facet normal -0.242969 0.970034 0
    outer loop
      vertex 0.464455 8.46889 0
      vertex 0.312144 8.43074 12
      vertex 0.464455 8.46889 12
    endloop
  endfacet
  facet normal -0.242969 0.970034 0
    outer loop
      vertex 0.312144 8.43074 12
      vertex 0.464455 8.46889 0
      vertex 0.312144 8.43074 0
    endloop
  endfacet
  facet normal -0.336905 0.941539 0
    outer loop
      vertex 0.612293 8.52179 0
      vertex 0.464455 8.46889 12
      vertex 0.612293 8.52179 12
    endloop
  endfacet
  facet normal -0.336905 0.941539 0
    outer loop
      vertex 0.464455 8.46889 12
      vertex 0.612293 8.52179 0
      vertex 0.464455 8.46889 0
    endloop
  endfacet
  facet normal 0.941531 -0.336926 0
    outer loop
      vertex -1.5311 10.4645 12
      vertex -1.47821 10.6123 0
      vertex -1.47821 10.6123 12
    endloop
  endfacet
  facet normal 0.941531 -0.336926 0
    outer loop
      vertex -1.47821 10.6123 0
      vertex -1.5311 10.4645 12
      vertex -1.5311 10.4645 0
    endloop
  endfacet
  facet normal 0.514089 0.857737 -0
    outer loop
      vertex -0.754234 8.58893 0
      vertex -0.888912 8.66965 12
      vertex -0.754234 8.58893 12
    endloop
  endfacet
  facet normal 0.514089 0.857737 0
    outer loop
      vertex -0.888912 8.66965 12
      vertex -0.754234 8.58893 0
      vertex -0.888912 8.66965 0
    endloop
  endfacet
  facet normal 0.595964 -0.803011 0
    outer loop
      vertex -1.01503 11.2368 0
      vertex -0.888912 11.3304 12
      vertex -1.01503 11.2368 12
    endloop
  endfacet
  facet normal 0.595964 -0.803011 0
    outer loop
      vertex -0.888912 11.3304 12
      vertex -1.01503 11.2368 0
      vertex -0.888912 11.3304 0
    endloop
  endfacet
  facet normal 0.242969 0.970034 -0
    outer loop
      vertex -0.312144 8.43074 0
      vertex -0.464455 8.46889 12
      vertex -0.312144 8.43074 12
    endloop
  endfacet
  facet normal 0.242969 0.970034 0
    outer loop
      vertex -0.464455 8.46889 12
      vertex -0.312144 8.43074 0
      vertex -0.464455 8.46889 0
    endloop
  endfacet
  facet normal -0.857774 -0.514027 0
    outer loop
      vertex 1.41107 10.7542 0
      vertex 1.33035 10.8889 12
      vertex 1.33035 10.8889 0
    endloop
  endfacet
  facet normal -0.857774 -0.514027 0
    outer loop
      vertex 1.33035 10.8889 12
      vertex 1.41107 10.7542 0
      vertex 1.41107 10.7542 12
    endloop
  endfacet
  facet normal -0.903925 -0.427692 0
    outer loop
      vertex 1.47821 10.6123 0
      vertex 1.41107 10.7542 12
      vertex 1.41107 10.7542 0
    endloop
  endfacet
  facet normal -0.903925 -0.427692 0
    outer loop
      vertex 1.41107 10.7542 12
      vertex 1.47821 10.6123 0
      vertex 1.47821 10.6123 12
    endloop
  endfacet
  facet normal 0.970019 0.24303 0
    outer loop
      vertex -1.5311 9.53554 12
      vertex -1.56926 9.68785 0
      vertex -1.56926 9.68785 12
    endloop
  endfacet
  facet normal 0.970019 0.24303 0
    outer loop
      vertex -1.56926 9.68785 0
      vertex -1.5311 9.53554 12
      vertex -1.5311 9.53554 0
    endloop
  endfacet
  facet normal -0.243268 -0.969959 0
    outer loop
      vertex 0.312144 11.5693 0
      vertex 0.464455 11.5311 12
      vertex 0.312144 11.5693 12
    endloop
  endfacet
  facet normal -0.243268 -0.969959 -0
    outer loop
      vertex 0.464455 11.5311 12
      vertex 0.312144 11.5693 0
      vertex 0.464455 11.5311 0
    endloop
  endfacet
  facet normal 0.857774 -0.514027 0
    outer loop
      vertex -1.41107 10.7542 12
      vertex -1.33035 10.8889 0
      vertex -1.33035 10.8889 12
    endloop
  endfacet
  facet normal 0.857774 -0.514027 0
    outer loop
      vertex -1.33035 10.8889 0
      vertex -1.41107 10.7542 12
      vertex -1.41107 10.7542 0
    endloop
  endfacet
  facet normal -0.857723 0.514112 0
    outer loop
      vertex 1.33035 9.11109 0
      vertex 1.41107 9.24576 12
      vertex 1.41107 9.24576 0
    endloop
  endfacet
  facet normal -0.857723 0.514112 0
    outer loop
      vertex 1.41107 9.24576 12
      vertex 1.33035 9.11109 0
      vertex 1.33035 9.11109 12
    endloop
  endfacet
  facet normal 0.803229 0.595671 0
    outer loop
      vertex -1.23682 8.98497 12
      vertex -1.33035 9.11109 0
      vertex -1.33035 9.11109 12
    endloop
  endfacet
  facet normal 0.803229 0.595671 0
    outer loop
      vertex -1.33035 9.11109 0
      vertex -1.23682 8.98497 12
      vertex -1.23682 8.98497 0
    endloop
  endfacet
  facet normal -0.998793 -0.0491116 0
    outer loop
      vertex 1.6 10 0
      vertex 1.59229 10.1568 12
      vertex 1.59229 10.1568 0
    endloop
  endfacet
  facet normal -0.998793 -0.0491116 0
    outer loop
      vertex 1.59229 10.1568 12
      vertex 1.6 10 0
      vertex 1.6 10 12
    endloop
  endfacet
  facet normal -0.336905 -0.941539 0
    outer loop
      vertex 0.464455 11.5311 0
      vertex 0.612293 11.4782 12
      vertex 0.464455 11.5311 12
    endloop
  endfacet
  facet normal -0.336905 -0.941539 -0
    outer loop
      vertex 0.612293 11.4782 12
      vertex 0.464455 11.5311 0
      vertex 0.612293 11.4782 0
    endloop
  endfacet
  facet normal -0.595964 -0.803011 0
    outer loop
      vertex 0.888912 11.3304 0
      vertex 1.01503 11.2368 12
      vertex 0.888912 11.3304 12
    endloop
  endfacet
  facet normal -0.595964 -0.803011 -0
    outer loop
      vertex 1.01503 11.2368 12
      vertex 0.888912 11.3304 0
      vertex 1.01503 11.2368 0
    endloop
  endfacet
  facet normal -0.671404 -0.741092 0
    outer loop
      vertex 1.01503 11.2368 0
      vertex 1.13137 11.1314 12
      vertex 1.01503 11.2368 12
    endloop
  endfacet
  facet normal -0.671404 -0.741092 -0
    outer loop
      vertex 1.13137 11.1314 12
      vertex 1.01503 11.2368 0
      vertex 1.13137 11.1314 0
    endloop
  endfacet
  facet normal 0.941553 0.336865 0
    outer loop
      vertex -1.47821 9.38771 12
      vertex -1.5311 9.53554 0
      vertex -1.5311 9.53554 12
    endloop
  endfacet
  facet normal 0.941553 0.336865 0
    outer loop
      vertex -1.5311 9.53554 0
      vertex -1.47821 9.38771 12
      vertex -1.47821 9.38771 0
    endloop
  endfacet
  facet normal -0.941553 0.336865 0
    outer loop
      vertex 1.47821 9.38771 0
      vertex 1.5311 9.53554 12
      vertex 1.5311 9.53554 0
    endloop
  endfacet
  facet normal -0.941553 0.336865 0
    outer loop
      vertex 1.5311 9.53554 12
      vertex 1.47821 9.38771 0
      vertex 1.47821 9.38771 12
    endloop
  endfacet
  facet normal 0.427383 -0.904071 0
    outer loop
      vertex -0.754234 11.4111 0
      vertex -0.612293 11.4782 12
      vertex -0.754234 11.4111 12
    endloop
  endfacet
  facet normal 0.427383 -0.904071 0
    outer loop
      vertex -0.612293 11.4782 12
      vertex -0.754234 11.4111 0
      vertex -0.612293 11.4782 0
    endloop
  endfacet
  facet normal 0.903983 0.427569 0
    outer loop
      vertex -1.41107 9.24576 12
      vertex -1.47821 9.38771 0
      vertex -1.47821 9.38771 12
    endloop
  endfacet
  facet normal 0.903983 0.427569 0
    outer loop
      vertex -1.47821 9.38771 0
      vertex -1.41107 9.24576 12
      vertex -1.41107 9.24576 0
    endloop
  endfacet
  facet normal 0.803184 -0.595732 0
    outer loop
      vertex -1.33035 10.8889 12
      vertex -1.23682 11.015 0
      vertex -1.23682 11.015 12
    endloop
  endfacet
  facet normal 0.803184 -0.595732 0
    outer loop
      vertex -1.23682 11.015 0
      vertex -1.33035 10.8889 12
      vertex -1.33035 10.8889 0
    endloop
  endfacet
  facet normal -0.740933 0.671578 0
    outer loop
      vertex 1.13137 8.86863 0
      vertex 1.23682 8.98497 12
      vertex 1.23682 8.98497 0
    endloop
  endfacet
  facet normal -0.740933 0.671578 0
    outer loop
      vertex 1.23682 8.98497 12
      vertex 1.13137 8.86863 0
      vertex 1.13137 8.86863 12
    endloop
  endfacet
  facet normal -0.595677 0.803224 0
    outer loop
      vertex 1.01503 8.76318 0
      vertex 0.888912 8.66965 12
      vertex 1.01503 8.76318 12
    endloop
  endfacet
  facet normal -0.595677 0.803224 0
    outer loop
      vertex 0.888912 8.66965 12
      vertex 1.01503 8.76318 0
      vertex 0.888912 8.66965 0
    endloop
  endfacet
  facet normal -0.427591 0.903972 0
    outer loop
      vertex 0.754234 8.58893 0
      vertex 0.612293 8.52179 12
      vertex 0.754234 8.58893 12
    endloop
  endfacet
  facet normal -0.427591 0.903972 0
    outer loop
      vertex 0.612293 8.52179 12
      vertex 0.754234 8.58893 0
      vertex 0.612293 8.52179 0
    endloop
  endfacet
  facet normal 0.998793 -0.0491116 0
    outer loop
      vertex -1.6 10 12
      vertex -1.59229 10.1568 0
      vertex -1.59229 10.1568 12
    endloop
  endfacet
  facet normal 0.998793 -0.0491116 0
    outer loop
      vertex -1.59229 10.1568 0
      vertex -1.6 10 12
      vertex -1.6 10 0
    endloop
  endfacet
  facet normal 0.998794 0.0491022 0
    outer loop
      vertex -1.59229 9.84317 12
      vertex -1.6 10 0
      vertex -1.6 10 12
    endloop
  endfacet
  facet normal 0.998794 0.0491022 0
    outer loop
      vertex -1.6 10 0
      vertex -1.59229 9.84317 12
      vertex -1.59229 9.84317 0
    endloop
  endfacet
  facet normal -0.903983 0.427569 0
    outer loop
      vertex 1.41107 9.24576 0
      vertex 1.47821 9.38771 12
      vertex 1.47821 9.38771 0
    endloop
  endfacet
  facet normal -0.903983 0.427569 0
    outer loop
      vertex 1.47821 9.38771 12
      vertex 1.41107 9.24576 0
      vertex 1.41107 9.24576 12
    endloop
  endfacet
  facet normal -0.803184 -0.595732 0
    outer loop
      vertex 1.33035 10.8889 0
      vertex 1.23682 11.015 12
      vertex 1.23682 11.015 0
    endloop
  endfacet
  facet normal -0.803184 -0.595732 0
    outer loop
      vertex 1.23682 11.015 12
      vertex 1.33035 10.8889 0
      vertex 1.33035 10.8889 12
    endloop
  endfacet
  facet normal 0.989185 0.146671 0
    outer loop
      vertex -1.56926 9.68785 12
      vertex -1.59229 9.84317 0
      vertex -1.59229 9.84317 12
    endloop
  endfacet
  facet normal 0.989185 0.146671 0
    outer loop
      vertex -1.59229 9.84317 0
      vertex -1.56926 9.68785 12
      vertex -1.56926 9.68785 0
    endloop
  endfacet
  facet normal -0.146736 0.989176 0
    outer loop
      vertex 0.312144 8.43074 0
      vertex 0.156827 8.4077 12
      vertex 0.312144 8.43074 12
    endloop
  endfacet
  facet normal -0.146736 0.989176 0
    outer loop
      vertex 0.156827 8.4077 12
      vertex 0.312144 8.43074 0
      vertex 0.156827 8.4077 0
    endloop
  endfacet
  facet normal -0.970053 -0.242895 0
    outer loop
      vertex 1.56926 10.3121 0
      vertex 1.5311 10.4645 12
      vertex 1.5311 10.4645 0
    endloop
  endfacet
  facet normal -0.970053 -0.242895 0
    outer loop
      vertex 1.5311 10.4645 12
      vertex 1.56926 10.3121 0
      vertex 1.56926 10.3121 12
    endloop
  endfacet
  facet normal 0.427591 0.903972 -0
    outer loop
      vertex -0.612293 8.52179 0
      vertex -0.754234 8.58893 12
      vertex -0.612293 8.52179 12
    endloop
  endfacet
  facet normal 0.427591 0.903972 0
    outer loop
      vertex -0.754234 8.58893 12
      vertex -0.612293 8.52179 0
      vertex -0.754234 8.58893 0
    endloop
  endfacet
  facet normal -0.671578 0.740933 0
    outer loop
      vertex 1.13137 8.86863 0
      vertex 1.01503 8.76318 12
      vertex 1.13137 8.86863 12
    endloop
  endfacet
  facet normal -0.671578 0.740933 0
    outer loop
      vertex 1.01503 8.76318 12
      vertex 1.13137 8.86863 0
      vertex 1.01503 8.76318 0
    endloop
  endfacet
  facet normal -0.803229 0.595671 0
    outer loop
      vertex 1.23682 8.98497 0
      vertex 1.33035 9.11109 12
      vertex 1.33035 9.11109 0
    endloop
  endfacet
  facet normal -0.803229 0.595671 0
    outer loop
      vertex 1.33035 9.11109 12
      vertex 1.23682 8.98497 0
      vertex 1.23682 8.98497 12
    endloop
  endfacet
  facet normal -0.513995 -0.857793 0
    outer loop
      vertex 0.754234 11.4111 0
      vertex 0.888912 11.3304 12
      vertex 0.754234 11.4111 12
    endloop
  endfacet
  facet normal -0.513995 -0.857793 -0
    outer loop
      vertex 0.888912 11.3304 12
      vertex 0.754234 11.4111 0
      vertex 0.888912 11.3304 0
    endloop
  endfacet
  facet normal 0.671578 0.740933 -0
    outer loop
      vertex -1.01503 8.76318 0
      vertex -1.13137 8.86863 12
      vertex -1.01503 8.76318 12
    endloop
  endfacet
  facet normal 0.671578 0.740933 0
    outer loop
      vertex -1.13137 8.86863 12
      vertex -1.01503 8.76318 0
      vertex -1.13137 8.86863 0
    endloop
  endfacet
  facet normal -0.427383 -0.904071 0
    outer loop
      vertex 0.612293 11.4782 0
      vertex 0.754234 11.4111 12
      vertex 0.612293 11.4782 12
    endloop
  endfacet
  facet normal -0.427383 -0.904071 -0
    outer loop
      vertex 0.754234 11.4111 12
      vertex 0.612293 11.4782 0
      vertex 0.754234 11.4111 0
    endloop
  endfacet
  facet normal -0.0490396 -0.998797 0
    outer loop
      vertex 0 11.6 0
      vertex 0.156827 11.5923 12
      vertex 0 11.6 12
    endloop
  endfacet
  facet normal -0.0490396 -0.998797 -0
    outer loop
      vertex 0.156827 11.5923 12
      vertex 0 11.6 0
      vertex 0.156827 11.5923 0
    endloop
  endfacet
  facet normal -0.998794 0.0491022 0
    outer loop
      vertex 1.59229 9.84317 0
      vertex 1.6 10 12
      vertex 1.6 10 0
    endloop
  endfacet
  facet normal -0.998794 0.0491022 0
    outer loop
      vertex 1.6 10 12
      vertex 1.59229 9.84317 0
      vertex 1.59229 9.84317 12
    endloop
  endfacet
  facet normal 0.0490396 0.998797 -0
    outer loop
      vertex 0 8.4 0
      vertex -0.156827 8.4077 12
      vertex 0 8.4 12
    endloop
  endfacet
  facet normal 0.0490396 0.998797 0
    outer loop
      vertex -0.156827 8.4077 12
      vertex 0 8.4 0
      vertex -0.156827 8.4077 0
    endloop
  endfacet
  facet normal -0.741106 -0.671388 0
    outer loop
      vertex 1.23682 11.015 0
      vertex 1.13137 11.1314 12
      vertex 1.13137 11.1314 0
    endloop
  endfacet
  facet normal -0.741106 -0.671388 0
    outer loop
      vertex 1.13137 11.1314 12
      vertex 1.23682 11.015 0
      vertex 1.23682 11.015 12
    endloop
  endfacet
  facet normal 0.969959 0.243268 0
    outer loop
      vertex -11.5311 -0.464455 12
      vertex -11.5693 -0.312144 0
      vertex -11.5693 -0.312144 12
    endloop
  endfacet
  facet normal 0.969959 0.243268 0
    outer loop
      vertex -11.5693 -0.312144 0
      vertex -11.5311 -0.464455 12
      vertex -11.5311 -0.464455 0
    endloop
  endfacet
  facet normal 0.336926 -0.941531 0
    outer loop
      vertex -10.6123 1.47821 0
      vertex -10.4645 1.5311 12
      vertex -10.6123 1.47821 12
    endloop
  endfacet
  facet normal 0.336926 -0.941531 0
    outer loop
      vertex -10.4645 1.5311 12
      vertex -10.6123 1.47821 0
      vertex -10.4645 1.5311 0
    endloop
  endfacet
  facet normal 0.904071 0.427383 0
    outer loop
      vertex -11.4111 -0.754234 12
      vertex -11.4782 -0.612293 0
      vertex -11.4782 -0.612293 12
    endloop
  endfacet
  facet normal 0.904071 0.427383 0
    outer loop
      vertex -11.4782 -0.612293 0
      vertex -11.4111 -0.754234 12
      vertex -11.4111 -0.754234 0
    endloop
  endfacet
  facet normal 0.998797 0.0490396 0
    outer loop
      vertex -11.5923 -0.156827 12
      vertex -11.6 0 0
      vertex -11.6 0 12
    endloop
  endfacet
  facet normal 0.998797 0.0490396 0
    outer loop
      vertex -11.6 0 0
      vertex -11.5923 -0.156827 12
      vertex -11.5923 -0.156827 0
    endloop
  endfacet
  facet normal 0.242895 0.970053 -0
    outer loop
      vertex -10.3121 -1.56926 0
      vertex -10.4645 -1.5311 12
      vertex -10.3121 -1.56926 12
    endloop
  endfacet
  facet normal 0.242895 0.970053 0
    outer loop
      vertex -10.4645 -1.5311 12
      vertex -10.3121 -1.56926 0
      vertex -10.4645 -1.5311 0
    endloop
  endfacet
  facet normal -0.24303 -0.970019 0
    outer loop
      vertex -9.68785 1.56926 0
      vertex -9.53554 1.5311 12
      vertex -9.68785 1.56926 12
    endloop
  endfacet
  facet normal -0.24303 -0.970019 -0
    outer loop
      vertex -9.53554 1.5311 12
      vertex -9.68785 1.56926 0
      vertex -9.53554 1.5311 0
    endloop
  endfacet
  facet normal -0.857737 -0.514089 0
    outer loop
      vertex -8.58893 0.754234 0
      vertex -8.66965 0.888912 12
      vertex -8.66965 0.888912 0
    endloop
  endfacet
  facet normal -0.857737 -0.514089 0
    outer loop
      vertex -8.66965 0.888912 12
      vertex -8.58893 0.754234 0
      vertex -8.58893 0.754234 12
    endloop
  endfacet
  facet normal 0.146689 -0.989183 0
    outer loop
      vertex -10.3121 1.56926 0
      vertex -10.1568 1.59229 12
      vertex -10.3121 1.56926 12
    endloop
  endfacet
  facet normal 0.146689 -0.989183 0
    outer loop
      vertex -10.1568 1.59229 12
      vertex -10.3121 1.56926 0
      vertex -10.1568 1.59229 0
    endloop
  endfacet
  facet normal -0.803224 0.595677 0
    outer loop
      vertex -8.76318 -1.01503 0
      vertex -8.66965 -0.888912 12
      vertex -8.66965 -0.888912 0
    endloop
  endfacet
  facet normal -0.803224 0.595677 0
    outer loop
      vertex -8.66965 -0.888912 12
      vertex -8.76318 -1.01503 0
      vertex -8.76318 -1.01503 12
    endloop
  endfacet
  facet normal -0.514112 0.857723 0
    outer loop
      vertex -9.11109 -1.33035 0
      vertex -9.24576 -1.41107 12
      vertex -9.11109 -1.33035 12
    endloop
  endfacet
  facet normal -0.514112 0.857723 0
    outer loop
      vertex -9.24576 -1.41107 12
      vertex -9.11109 -1.33035 0
      vertex -9.24576 -1.41107 0
    endloop
  endfacet
  facet normal -0.941539 -0.336905 0
    outer loop
      vertex -8.46889 0.464455 0
      vertex -8.52179 0.612293 12
      vertex -8.52179 0.612293 0
    endloop
  endfacet
  facet normal -0.941539 -0.336905 0
    outer loop
      vertex -8.52179 0.612293 12
      vertex -8.46889 0.464455 0
      vertex -8.46889 0.464455 12
    endloop
  endfacet
  facet normal 0.857793 0.513995 0
    outer loop
      vertex -11.3304 -0.888912 12
      vertex -11.4111 -0.754234 0
      vertex -11.4111 -0.754234 12
    endloop
  endfacet
  facet normal 0.857793 0.513995 0
    outer loop
      vertex -11.4111 -0.754234 0
      vertex -11.3304 -0.888912 12
      vertex -11.3304 -0.888912 0
    endloop
  endfacet
  facet normal 0.803011 0.595964 0
    outer loop
      vertex -11.2368 -1.01503 12
      vertex -11.3304 -0.888912 0
      vertex -11.3304 -0.888912 12
    endloop
  endfacet
  facet normal 0.803011 0.595964 0
    outer loop
      vertex -11.3304 -0.888912 0
      vertex -11.2368 -1.01503 12
      vertex -11.2368 -1.01503 0
    endloop
  endfacet
  facet normal -0.989176 0.146736 0
    outer loop
      vertex -8.43074 -0.312144 0
      vertex -8.4077 -0.156827 12
      vertex -8.4077 -0.156827 0
    endloop
  endfacet
  facet normal -0.989176 0.146736 0
    outer loop
      vertex -8.4077 -0.156827 12
      vertex -8.43074 -0.312144 0
      vertex -8.43074 -0.312144 12
    endloop
  endfacet
  facet normal -0.941539 0.336905 0
    outer loop
      vertex -8.52179 -0.612293 0
      vertex -8.46889 -0.464455 12
      vertex -8.46889 -0.464455 0
    endloop
  endfacet
  facet normal -0.941539 0.336905 0
    outer loop
      vertex -8.46889 -0.464455 12
      vertex -8.52179 -0.612293 0
      vertex -8.52179 -0.612293 12
    endloop
  endfacet
  facet normal -0.671578 0.740933 0
    outer loop
      vertex -8.86863 -1.13137 0
      vertex -8.98497 -1.23682 12
      vertex -8.86863 -1.13137 12
    endloop
  endfacet
  facet normal -0.671578 0.740933 0
    outer loop
      vertex -8.98497 -1.23682 12
      vertex -8.86863 -1.13137 0
      vertex -8.98497 -1.23682 0
    endloop
  endfacet
  facet normal -0.998797 -0.0490396 0
    outer loop
      vertex -8.4 0 0
      vertex -8.4077 0.156827 12
      vertex -8.4077 0.156827 0
    endloop
  endfacet
  facet normal -0.998797 -0.0490396 0
    outer loop
      vertex -8.4077 0.156827 12
      vertex -8.4 0 0
      vertex -8.4 0 12
    endloop
  endfacet
  facet normal 0.989213 -0.146487 0
    outer loop
      vertex -11.5923 0.156827 12
      vertex -11.5693 0.312144 0
      vertex -11.5693 0.312144 12
    endloop
  endfacet
  facet normal 0.989213 -0.146487 0
    outer loop
      vertex -11.5693 0.312144 0
      vertex -11.5923 0.156827 12
      vertex -11.5923 0.156827 0
    endloop
  endfacet
  facet normal 0.595732 0.803184 -0
    outer loop
      vertex -10.8889 -1.33035 0
      vertex -11.015 -1.23682 12
      vertex -10.8889 -1.33035 12
    endloop
  endfacet
  facet normal 0.595732 0.803184 0
    outer loop
      vertex -11.015 -1.23682 12
      vertex -10.8889 -1.33035 0
      vertex -11.015 -1.23682 0
    endloop
  endfacet
  facet normal 0.941539 0.336905 0
    outer loop
      vertex -11.4782 -0.612293 12
      vertex -11.5311 -0.464455 0
      vertex -11.5311 -0.464455 12
    endloop
  endfacet
  facet normal 0.941539 0.336905 0
    outer loop
      vertex -11.5311 -0.464455 0
      vertex -11.4782 -0.612293 12
      vertex -11.4782 -0.612293 0
    endloop
  endfacet
  facet normal 0.671388 0.741106 -0
    outer loop
      vertex -11.015 -1.23682 0
      vertex -11.1314 -1.13137 12
      vertex -11.015 -1.23682 12
    endloop
  endfacet
  facet normal 0.671388 0.741106 0
    outer loop
      vertex -11.1314 -1.13137 12
      vertex -11.015 -1.23682 0
      vertex -11.1314 -1.13137 0
    endloop
  endfacet
  facet normal -0.970034 -0.242969 0
    outer loop
      vertex -8.43074 0.312144 0
      vertex -8.46889 0.464455 12
      vertex -8.46889 0.464455 0
    endloop
  endfacet
  facet normal -0.970034 -0.242969 0
    outer loop
      vertex -8.46889 0.464455 12
      vertex -8.43074 0.312144 0
      vertex -8.43074 0.312144 12
    endloop
  endfacet
  facet normal 0.741092 0.671404 0
    outer loop
      vertex -11.1314 -1.13137 12
      vertex -11.2368 -1.01503 0
      vertex -11.2368 -1.01503 12
    endloop
  endfacet
  facet normal 0.741092 0.671404 0
    outer loop
      vertex -11.2368 -1.01503 0
      vertex -11.1314 -1.13137 12
      vertex -11.1314 -1.13137 0
    endloop
  endfacet
  facet normal -0.989176 -0.146736 0
    outer loop
      vertex -8.4077 0.156827 0
      vertex -8.43074 0.312144 12
      vertex -8.43074 0.312144 0
    endloop
  endfacet
  facet normal -0.989176 -0.146736 0
    outer loop
      vertex -8.43074 0.312144 12
      vertex -8.4077 0.156827 0
      vertex -8.4077 0.156827 12
    endloop
  endfacet
  facet normal 0.336926 0.941531 -0
    outer loop
      vertex -10.4645 -1.5311 0
      vertex -10.6123 -1.47821 12
      vertex -10.4645 -1.5311 12
    endloop
  endfacet
  facet normal 0.336926 0.941531 0
    outer loop
      vertex -10.6123 -1.47821 12
      vertex -10.4645 -1.5311 0
      vertex -10.6123 -1.47821 0
    endloop
  endfacet
  facet normal 0.989213 0.146487 0
    outer loop
      vertex -11.5693 -0.312144 12
      vertex -11.5923 -0.156827 0
      vertex -11.5923 -0.156827 12
    endloop
  endfacet
  facet normal 0.989213 0.146487 0
    outer loop
      vertex -11.5923 -0.156827 0
      vertex -11.5693 -0.312144 12
      vertex -11.5693 -0.312144 0
    endloop
  endfacet
  facet normal -0.857737 0.514089 0
    outer loop
      vertex -8.66965 -0.888912 0
      vertex -8.58893 -0.754234 12
      vertex -8.58893 -0.754234 0
    endloop
  endfacet
  facet normal -0.857737 0.514089 0
    outer loop
      vertex -8.58893 -0.754234 12
      vertex -8.66965 -0.888912 0
      vertex -8.66965 -0.888912 12
    endloop
  endfacet
  facet normal -0.970034 0.242969 0
    outer loop
      vertex -8.46889 -0.464455 0
      vertex -8.43074 -0.312144 12
      vertex -8.43074 -0.312144 0
    endloop
  endfacet
  facet normal -0.970034 0.242969 0
    outer loop
      vertex -8.43074 -0.312144 12
      vertex -8.46889 -0.464455 0
      vertex -8.46889 -0.464455 12
    endloop
  endfacet
  facet normal 0.514027 -0.857774 0
    outer loop
      vertex -10.8889 1.33035 0
      vertex -10.7542 1.41107 12
      vertex -10.8889 1.33035 12
    endloop
  endfacet
  facet normal 0.514027 -0.857774 0
    outer loop
      vertex -10.7542 1.41107 12
      vertex -10.8889 1.33035 0
      vertex -10.7542 1.41107 0
    endloop
  endfacet
  facet normal 0.427692 -0.903925 0
    outer loop
      vertex -10.7542 1.41107 0
      vertex -10.6123 1.47821 12
      vertex -10.7542 1.41107 12
    endloop
  endfacet
  facet normal 0.427692 -0.903925 0
    outer loop
      vertex -10.6123 1.47821 12
      vertex -10.7542 1.41107 0
      vertex -10.6123 1.47821 0
    endloop
  endfacet
  facet normal -0.146671 0.989185 0
    outer loop
      vertex -9.68785 -1.56926 0
      vertex -9.84317 -1.59229 12
      vertex -9.68785 -1.56926 12
    endloop
  endfacet
  facet normal -0.146671 0.989185 0
    outer loop
      vertex -9.84317 -1.59229 12
      vertex -9.68785 -1.56926 0
      vertex -9.84317 -1.59229 0
    endloop
  endfacet
  facet normal -0.24303 0.970019 0
    outer loop
      vertex -9.53554 -1.5311 0
      vertex -9.68785 -1.56926 12
      vertex -9.53554 -1.5311 12
    endloop
  endfacet
  facet normal -0.24303 0.970019 0
    outer loop
      vertex -9.68785 -1.56926 12
      vertex -9.53554 -1.5311 0
      vertex -9.68785 -1.56926 0
    endloop
  endfacet
  facet normal 0.969959 -0.243268 0
    outer loop
      vertex -11.5693 0.312144 12
      vertex -11.5311 0.464455 0
      vertex -11.5311 0.464455 12
    endloop
  endfacet
  facet normal 0.969959 -0.243268 0
    outer loop
      vertex -11.5311 0.464455 0
      vertex -11.5693 0.312144 12
      vertex -11.5693 0.312144 0
    endloop
  endfacet
  facet normal 0.514027 0.857774 -0
    outer loop
      vertex -10.7542 -1.41107 0
      vertex -10.8889 -1.33035 12
      vertex -10.7542 -1.41107 12
    endloop
  endfacet
  facet normal 0.514027 0.857774 0
    outer loop
      vertex -10.8889 -1.33035 12
      vertex -10.7542 -1.41107 0
      vertex -10.8889 -1.33035 0
    endloop
  endfacet
  facet normal 0.427692 0.903925 -0
    outer loop
      vertex -10.6123 -1.47821 0
      vertex -10.7542 -1.41107 12
      vertex -10.6123 -1.47821 12
    endloop
  endfacet
  facet normal 0.427692 0.903925 0
    outer loop
      vertex -10.7542 -1.41107 12
      vertex -10.6123 -1.47821 0
      vertex -10.7542 -1.41107 0
    endloop
  endfacet
  facet normal -0.595671 0.803229 0
    outer loop
      vertex -8.98497 -1.23682 0
      vertex -9.11109 -1.33035 12
      vertex -8.98497 -1.23682 12
    endloop
  endfacet
  facet normal -0.595671 0.803229 0
    outer loop
      vertex -9.11109 -1.33035 12
      vertex -8.98497 -1.23682 0
      vertex -9.11109 -1.33035 0
    endloop
  endfacet
  facet normal 0.0491116 -0.998793 0
    outer loop
      vertex -10.1568 1.59229 0
      vertex -10 1.6 12
      vertex -10.1568 1.59229 12
    endloop
  endfacet
  facet normal 0.0491116 -0.998793 0
    outer loop
      vertex -10 1.6 12
      vertex -10.1568 1.59229 0
      vertex -10 1.6 0
    endloop
  endfacet
  facet normal 0.941539 -0.336905 0
    outer loop
      vertex -11.5311 0.464455 12
      vertex -11.4782 0.612293 0
      vertex -11.4782 0.612293 12
    endloop
  endfacet
  facet normal 0.941539 -0.336905 0
    outer loop
      vertex -11.4782 0.612293 0
      vertex -11.5311 0.464455 12
      vertex -11.5311 0.464455 0
    endloop
  endfacet
  facet normal 0.803011 -0.595964 0
    outer loop
      vertex -11.3304 0.888912 12
      vertex -11.2368 1.01503 0
      vertex -11.2368 1.01503 12
    endloop
  endfacet
  facet normal 0.803011 -0.595964 0
    outer loop
      vertex -11.2368 1.01503 0
      vertex -11.3304 0.888912 12
      vertex -11.3304 0.888912 0
    endloop
  endfacet
  facet normal 0.741092 -0.671404 0
    outer loop
      vertex -11.2368 1.01503 12
      vertex -11.1314 1.13137 0
      vertex -11.1314 1.13137 12
    endloop
  endfacet
  facet normal 0.741092 -0.671404 0
    outer loop
      vertex -11.1314 1.13137 0
      vertex -11.2368 1.01503 12
      vertex -11.2368 1.01503 0
    endloop
  endfacet
  facet normal -0.336865 0.941553 0
    outer loop
      vertex -9.38771 -1.47821 0
      vertex -9.53554 -1.5311 12
      vertex -9.38771 -1.47821 12
    endloop
  endfacet
  facet normal -0.336865 0.941553 0
    outer loop
      vertex -9.53554 -1.5311 12
      vertex -9.38771 -1.47821 0
      vertex -9.53554 -1.5311 0
    endloop
  endfacet
  facet normal -0.427569 0.903983 0
    outer loop
      vertex -9.24576 -1.41107 0
      vertex -9.38771 -1.47821 12
      vertex -9.24576 -1.41107 12
    endloop
  endfacet
  facet normal -0.427569 0.903983 0
    outer loop
      vertex -9.38771 -1.47821 12
      vertex -9.24576 -1.41107 0
      vertex -9.38771 -1.47821 0
    endloop
  endfacet
  facet normal -0.671578 -0.740933 0
    outer loop
      vertex -8.98497 1.23682 0
      vertex -8.86863 1.13137 12
      vertex -8.98497 1.23682 12
    endloop
  endfacet
  facet normal -0.671578 -0.740933 -0
    outer loop
      vertex -8.86863 1.13137 12
      vertex -8.98497 1.23682 0
      vertex -8.86863 1.13137 0
    endloop
  endfacet
  facet normal 0.146689 0.989183 -0
    outer loop
      vertex -10.1568 -1.59229 0
      vertex -10.3121 -1.56926 12
      vertex -10.1568 -1.59229 12
    endloop
  endfacet
  facet normal 0.146689 0.989183 0
    outer loop
      vertex -10.3121 -1.56926 12
      vertex -10.1568 -1.59229 0
      vertex -10.3121 -1.56926 0
    endloop
  endfacet
  facet normal -0.903972 -0.427591 0
    outer loop
      vertex -8.52179 0.612293 0
      vertex -8.58893 0.754234 12
      vertex -8.58893 0.754234 0
    endloop
  endfacet
  facet normal -0.903972 -0.427591 0
    outer loop
      vertex -8.58893 0.754234 12
      vertex -8.52179 0.612293 0
      vertex -8.52179 0.612293 12
    endloop
  endfacet
  facet normal -0.803224 -0.595677 0
    outer loop
      vertex -8.66965 0.888912 0
      vertex -8.76318 1.01503 12
      vertex -8.76318 1.01503 0
    endloop
  endfacet
  facet normal -0.803224 -0.595677 0
    outer loop
      vertex -8.76318 1.01503 12
      vertex -8.66965 0.888912 0
      vertex -8.66965 0.888912 12
    endloop
  endfacet
  facet normal -0.0491022 0.998794 0
    outer loop
      vertex -9.84317 -1.59229 0
      vertex -10 -1.6 12
      vertex -9.84317 -1.59229 12
    endloop
  endfacet
  facet normal -0.0491022 0.998794 0
    outer loop
      vertex -10 -1.6 12
      vertex -9.84317 -1.59229 0
      vertex -10 -1.6 0
    endloop
  endfacet
  facet normal -0.427569 -0.903983 0
    outer loop
      vertex -9.38771 1.47821 0
      vertex -9.24576 1.41107 12
      vertex -9.38771 1.47821 12
    endloop
  endfacet
  facet normal -0.427569 -0.903983 -0
    outer loop
      vertex -9.24576 1.41107 12
      vertex -9.38771 1.47821 0
      vertex -9.24576 1.41107 0
    endloop
  endfacet
  facet normal -0.514112 -0.857723 0
    outer loop
      vertex -9.24576 1.41107 0
      vertex -9.11109 1.33035 12
      vertex -9.24576 1.41107 12
    endloop
  endfacet
  facet normal -0.514112 -0.857723 -0
    outer loop
      vertex -9.11109 1.33035 12
      vertex -9.24576 1.41107 0
      vertex -9.11109 1.33035 0
    endloop
  endfacet
  facet normal 0.595732 -0.803184 0
    outer loop
      vertex -11.015 1.23682 0
      vertex -10.8889 1.33035 12
      vertex -11.015 1.23682 12
    endloop
  endfacet
  facet normal 0.595732 -0.803184 0
    outer loop
      vertex -10.8889 1.33035 12
      vertex -11.015 1.23682 0
      vertex -10.8889 1.33035 0
    endloop
  endfacet
  facet normal 0.242895 -0.970053 0
    outer loop
      vertex -10.4645 1.5311 0
      vertex -10.3121 1.56926 12
      vertex -10.4645 1.5311 12
    endloop
  endfacet
  facet normal 0.242895 -0.970053 0
    outer loop
      vertex -10.3121 1.56926 12
      vertex -10.4645 1.5311 0
      vertex -10.3121 1.56926 0
    endloop
  endfacet
  facet normal -0.903972 0.427591 0
    outer loop
      vertex -8.58893 -0.754234 0
      vertex -8.52179 -0.612293 12
      vertex -8.52179 -0.612293 0
    endloop
  endfacet
  facet normal -0.903972 0.427591 0
    outer loop
      vertex -8.52179 -0.612293 12
      vertex -8.58893 -0.754234 0
      vertex -8.58893 -0.754234 12
    endloop
  endfacet
  facet normal -0.740933 -0.671578 0
    outer loop
      vertex -8.76318 1.01503 0
      vertex -8.86863 1.13137 12
      vertex -8.86863 1.13137 0
    endloop
  endfacet
  facet normal -0.740933 -0.671578 0
    outer loop
      vertex -8.86863 1.13137 12
      vertex -8.76318 1.01503 0
      vertex -8.76318 1.01503 12
    endloop
  endfacet
  facet normal 0.857793 -0.513995 0
    outer loop
      vertex -11.4111 0.754234 12
      vertex -11.3304 0.888912 0
      vertex -11.3304 0.888912 12
    endloop
  endfacet
  facet normal 0.857793 -0.513995 0
    outer loop
      vertex -11.3304 0.888912 0
      vertex -11.4111 0.754234 12
      vertex -11.4111 0.754234 0
    endloop
  endfacet
  facet normal -0.740933 0.671578 0
    outer loop
      vertex -8.86863 -1.13137 0
      vertex -8.76318 -1.01503 12
      vertex -8.76318 -1.01503 0
    endloop
  endfacet
  facet normal -0.740933 0.671578 0
    outer loop
      vertex -8.76318 -1.01503 12
      vertex -8.86863 -1.13137 0
      vertex -8.86863 -1.13137 12
    endloop
  endfacet
  facet normal -0.595671 -0.803229 0
    outer loop
      vertex -9.11109 1.33035 0
      vertex -8.98497 1.23682 12
      vertex -9.11109 1.33035 12
    endloop
  endfacet
  facet normal -0.595671 -0.803229 -0
    outer loop
      vertex -8.98497 1.23682 12
      vertex -9.11109 1.33035 0
      vertex -8.98497 1.23682 0
    endloop
  endfacet
  facet normal 0.904071 -0.427383 0
    outer loop
      vertex -11.4782 0.612293 12
      vertex -11.4111 0.754234 0
      vertex -11.4111 0.754234 12
    endloop
  endfacet
  facet normal 0.904071 -0.427383 0
    outer loop
      vertex -11.4111 0.754234 0
      vertex -11.4782 0.612293 12
      vertex -11.4782 0.612293 0
    endloop
  endfacet
  facet normal 0.998797 -0.0490396 0
    outer loop
      vertex -11.6 0 12
      vertex -11.5923 0.156827 0
      vertex -11.5923 0.156827 12
    endloop
  endfacet
  facet normal 0.998797 -0.0490396 0
    outer loop
      vertex -11.5923 0.156827 0
      vertex -11.6 0 12
      vertex -11.6 0 0
    endloop
  endfacet
  facet normal 0.0491116 0.998793 -0
    outer loop
      vertex -10 -1.6 0
      vertex -10.1568 -1.59229 12
      vertex -10 -1.6 12
    endloop
  endfacet
  facet normal 0.0491116 0.998793 0
    outer loop
      vertex -10.1568 -1.59229 12
      vertex -10 -1.6 0
      vertex -10.1568 -1.59229 0
    endloop
  endfacet
  facet normal -0.0491022 -0.998794 0
    outer loop
      vertex -10 1.6 0
      vertex -9.84317 1.59229 12
      vertex -10 1.6 12
    endloop
  endfacet
  facet normal -0.0491022 -0.998794 -0
    outer loop
      vertex -9.84317 1.59229 12
      vertex -10 1.6 0
      vertex -9.84317 1.59229 0
    endloop
  endfacet
  facet normal -0.146671 -0.989185 0
    outer loop
      vertex -9.84317 1.59229 0
      vertex -9.68785 1.56926 12
      vertex -9.84317 1.59229 12
    endloop
  endfacet
  facet normal -0.146671 -0.989185 -0
    outer loop
      vertex -9.68785 1.56926 12
      vertex -9.84317 1.59229 0
      vertex -9.68785 1.56926 0
    endloop
  endfacet
  facet normal -0.998797 0.0490396 0
    outer loop
      vertex -8.4077 -0.156827 0
      vertex -8.4 0 12
      vertex -8.4 0 0
    endloop
  endfacet
  facet normal -0.998797 0.0490396 0
    outer loop
      vertex -8.4 0 12
      vertex -8.4077 -0.156827 0
      vertex -8.4077 -0.156827 12
    endloop
  endfacet
  facet normal -0.336865 -0.941553 0
    outer loop
      vertex -9.53554 1.5311 0
      vertex -9.38771 1.47821 12
      vertex -9.53554 1.5311 12
    endloop
  endfacet
  facet normal -0.336865 -0.941553 -0
    outer loop
      vertex -9.38771 1.47821 12
      vertex -9.53554 1.5311 0
      vertex -9.38771 1.47821 0
    endloop
  endfacet
  facet normal 0.671388 -0.741106 0
    outer loop
      vertex -11.1314 1.13137 0
      vertex -11.015 1.23682 12
      vertex -11.1314 1.13137 12
    endloop
  endfacet
  facet normal 0.671388 -0.741106 0
    outer loop
      vertex -11.015 1.23682 12
      vertex -11.1314 1.13137 0
      vertex -11.015 1.23682 0
    endloop
  endfacet
  facet normal -0.243268 0.969959 0
    outer loop
      vertex 0.464455 -11.5311 0
      vertex 0.312144 -11.5693 4.43074
      vertex 0.464455 -11.5311 4.46889
    endloop
  endfacet
  facet normal -0.243268 0.969959 0
    outer loop
      vertex 0.312144 -11.5693 4.43074
      vertex 0.464455 -11.5311 0
      vertex 0.312144 -11.5693 0
    endloop
  endfacet
  facet normal -0.243268 0.969959 0
    outer loop
      vertex 0.464455 -11.5311 12
      vertex 0.312144 -11.5693 7.56926
      vertex 0.312144 -11.5693 12
    endloop
  endfacet
  facet normal -0.243268 0.969959 0
    outer loop
      vertex 0.312144 -11.5693 7.56926
      vertex 0.464455 -11.5311 12
      vertex 0.464455 -11.5311 7.5311
    endloop
  endfacet
  facet normal -0.427383 0.904071 0
    outer loop
      vertex 0.754234 -11.4111 0
      vertex 0.612293 -11.4782 4.52179
      vertex 0.754234 -11.4111 4.58893
    endloop
  endfacet
  facet normal -0.427383 0.904071 0
    outer loop
      vertex 0.612293 -11.4782 4.52179
      vertex 0.754234 -11.4111 0
      vertex 0.612293 -11.4782 0
    endloop
  endfacet
  facet normal -0.427383 0.904071 0
    outer loop
      vertex 0.754234 -11.4111 12
      vertex 0.612293 -11.4782 7.47821
      vertex 0.612293 -11.4782 12
    endloop
  endfacet
  facet normal -0.427383 0.904071 0
    outer loop
      vertex 0.612293 -11.4782 7.47821
      vertex 0.754234 -11.4111 12
      vertex 0.754234 -11.4111 7.41107
    endloop
  endfacet
  facet normal -0.0490396 0.998797 0
    outer loop
      vertex 0.156827 -11.5923 0
      vertex 0 -11.6 4.4
      vertex 0.156827 -11.5923 4.4077
    endloop
  endfacet
  facet normal -0.0490396 0.998797 0
    outer loop
      vertex 0 -11.6 4.4
      vertex 0.156827 -11.5923 0
      vertex 0 -11.6 0
    endloop
  endfacet
  facet normal -0.0490396 0.998797 0
    outer loop
      vertex 0.156827 -11.5923 12
      vertex 0 -11.6 7.6
      vertex 0 -11.6 12
    endloop
  endfacet
  facet normal -0.0490396 0.998797 0
    outer loop
      vertex 0 -11.6 7.6
      vertex 0.156827 -11.5923 12
      vertex 0.156827 -11.5923 7.59229
    endloop
  endfacet
  facet normal -0.970053 0.242895 0
    outer loop
      vertex 1.5311 -10.4645 5.53554
      vertex 1.56926 -10.3121 0
      vertex 1.5311 -10.4645 0
    endloop
  endfacet
  facet normal -0.970053 0.242895 0
    outer loop
      vertex 1.56926 -10.3121 0
      vertex 1.5311 -10.4645 5.53554
      vertex 1.56926 -10.3121 5.68785
    endloop
  endfacet
  facet normal -0.970053 0.242895 0
    outer loop
      vertex 1.5311 -10.4645 6.46445
      vertex 1.56926 -10.3121 12
      vertex 1.56926 -10.3121 6.31214
    endloop
  endfacet
  facet normal -0.970053 0.242895 0
    outer loop
      vertex 1.56926 -10.3121 12
      vertex 1.5311 -10.4645 6.46445
      vertex 1.5311 -10.4645 12
    endloop
  endfacet
  facet normal 0.970019 -0.24303 0
    outer loop
      vertex -1.56926 -9.68785 12
      vertex -1.5311 -9.53554 6.46445
      vertex -1.5311 -9.53554 12
    endloop
  endfacet
  facet normal 0.970019 -0.24303 0
    outer loop
      vertex -1.5311 -9.53554 6.46445
      vertex -1.56926 -9.68785 12
      vertex -1.56926 -9.68785 6.31214
    endloop
  endfacet
  facet normal 0.970019 -0.24303 0
    outer loop
      vertex -1.56926 -9.68785 0
      vertex -1.5311 -9.53554 5.53554
      vertex -1.56926 -9.68785 5.68785
    endloop
  endfacet
  facet normal 0.970019 -0.24303 0
    outer loop
      vertex -1.5311 -9.53554 5.53554
      vertex -1.56926 -9.68785 0
      vertex -1.5311 -9.53554 0
    endloop
  endfacet
  facet normal 0.514089 -0.857737 0
    outer loop
      vertex -0.888912 -8.66965 0
      vertex -0.754234 -8.58893 4.58893
      vertex -0.888912 -8.66965 4.66965
    endloop
  endfacet
  facet normal 0.514089 -0.857737 0
    outer loop
      vertex -0.754234 -8.58893 4.58893
      vertex -0.888912 -8.66965 0
      vertex -0.754234 -8.58893 0
    endloop
  endfacet
  facet normal 0.514089 -0.857737 0
    outer loop
      vertex -0.888912 -8.66965 12
      vertex -0.754234 -8.58893 7.41107
      vertex -0.754234 -8.58893 12
    endloop
  endfacet
  facet normal 0.514089 -0.857737 0
    outer loop
      vertex -0.754234 -8.58893 7.41107
      vertex -0.888912 -8.66965 12
      vertex -0.888912 -8.66965 7.33035
    endloop
  endfacet
  facet normal 0.989183 0.146689 0
    outer loop
      vertex -1.56926 -10.3121 5.68785
      vertex -1.59229 -10.1568 0
      vertex -1.59229 -10.1568 5.84317
    endloop
  endfacet
  facet normal 0.989183 0.146689 0
    outer loop
      vertex -1.59229 -10.1568 0
      vertex -1.56926 -10.3121 5.68785
      vertex -1.56926 -10.3121 0
    endloop
  endfacet
  facet normal 0.989183 0.146689 -0
    outer loop
      vertex -1.56926 -10.3121 6.31214
      vertex -1.59229 -10.1568 12
      vertex -1.56926 -10.3121 12
    endloop
  endfacet
  facet normal 0.989183 0.146689 0
    outer loop
      vertex -1.59229 -10.1568 12
      vertex -1.56926 -10.3121 6.31214
      vertex -1.59229 -10.1568 6.15683
    endloop
  endfacet
  facet normal -0.857723 -0.514112 0
    outer loop
      vertex 1.41107 -9.24576 0
      vertex 1.33035 -9.11109 5.11109
      vertex 1.33035 -9.11109 0
    endloop
  endfacet
  facet normal -0.857723 -0.514112 0
    outer loop
      vertex 1.33035 -9.11109 5.11109
      vertex 1.41107 -9.24576 0
      vertex 1.41107 -9.24576 5.24576
    endloop
  endfacet
  facet normal -0.857723 -0.514112 -0
    outer loop
      vertex 1.41107 -9.24576 12
      vertex 1.33035 -9.11109 6.88891
      vertex 1.41107 -9.24576 6.75423
    endloop
  endfacet
  facet normal -0.857723 -0.514112 0
    outer loop
      vertex 1.33035 -9.11109 6.88891
      vertex 1.41107 -9.24576 12
      vertex 1.33035 -9.11109 12
    endloop
  endfacet
  facet normal 0.336905 -0.941539 0
    outer loop
      vertex -0.612293 -8.52179 0
      vertex -0.464455 -8.46889 4.46889
      vertex -0.612293 -8.52179 4.52179
    endloop
  endfacet
  facet normal 0.336905 -0.941539 0
    outer loop
      vertex -0.464455 -8.46889 4.46889
      vertex -0.612293 -8.52179 0
      vertex -0.464455 -8.46889 0
    endloop
  endfacet
  facet normal 0.336905 -0.941539 0
    outer loop
      vertex -0.612293 -8.52179 12
      vertex -0.464455 -8.46889 7.5311
      vertex -0.464455 -8.46889 12
    endloop
  endfacet
  facet normal 0.336905 -0.941539 0
    outer loop
      vertex -0.464455 -8.46889 7.5311
      vertex -0.612293 -8.52179 12
      vertex -0.612293 -8.52179 7.47821
    endloop
  endfacet
  facet normal 0.671404 0.741092 0
    outer loop
      vertex -1.13137 -11.1314 0
      vertex -1.01503 -11.2368 4.76318
      vertex -1.01503 -11.2368 0
    endloop
  endfacet
  facet normal 0.671404 0.741092 0
    outer loop
      vertex -1.01503 -11.2368 4.76318
      vertex -1.13137 -11.1314 0
      vertex -1.13137 -11.1314 4.86863
    endloop
  endfacet
  facet normal 0.671404 0.741092 -0
    outer loop
      vertex -1.01503 -11.2368 7.23682
      vertex -1.13137 -11.1314 12
      vertex -1.01503 -11.2368 12
    endloop
  endfacet
  facet normal 0.671404 0.741092 0
    outer loop
      vertex -1.13137 -11.1314 12
      vertex -1.01503 -11.2368 7.23682
      vertex -1.13137 -11.1314 7.13137
    endloop
  endfacet
  facet normal 0.857774 0.514027 0
    outer loop
      vertex -1.33035 -10.8889 5.11109
      vertex -1.41107 -10.7542 0
      vertex -1.41107 -10.7542 5.24576
    endloop
  endfacet
  facet normal 0.857774 0.514027 0
    outer loop
      vertex -1.41107 -10.7542 0
      vertex -1.33035 -10.8889 5.11109
      vertex -1.33035 -10.8889 0
    endloop
  endfacet
  facet normal 0.857774 0.514027 -0
    outer loop
      vertex -1.33035 -10.8889 6.88891
      vertex -1.41107 -10.7542 12
      vertex -1.33035 -10.8889 12
    endloop
  endfacet
  facet normal 0.857774 0.514027 0
    outer loop
      vertex -1.41107 -10.7542 12
      vertex -1.33035 -10.8889 6.88891
      vertex -1.41107 -10.7542 6.75423
    endloop
  endfacet
  facet normal -0.146736 -0.989176 0
    outer loop
      vertex 0.312144 -8.43074 0
      vertex 0.156827 -8.4077 4.4077
      vertex 0.156827 -8.4077 0
    endloop
  endfacet
  facet normal -0.146736 -0.989176 0
    outer loop
      vertex 0.156827 -8.4077 4.4077
      vertex 0.312144 -8.43074 0
      vertex 0.312144 -8.43074 4.43074
    endloop
  endfacet
  facet normal -0.146736 -0.989176 0
    outer loop
      vertex 0.156827 -8.4077 7.59229
      vertex 0.312144 -8.43074 12
      vertex 0.156827 -8.4077 12
    endloop
  endfacet
  facet normal -0.146736 -0.989176 -0
    outer loop
      vertex 0.312144 -8.43074 12
      vertex 0.156827 -8.4077 7.59229
      vertex 0.312144 -8.43074 7.56926
    endloop
  endfacet
  facet normal -0.513995 0.857793 0
    outer loop
      vertex 0.888912 -11.3304 0
      vertex 0.754234 -11.4111 4.58893
      vertex 0.888912 -11.3304 4.66965
    endloop
  endfacet
  facet normal -0.513995 0.857793 0
    outer loop
      vertex 0.754234 -11.4111 4.58893
      vertex 0.888912 -11.3304 0
      vertex 0.754234 -11.4111 0
    endloop
  endfacet
  facet normal -0.513995 0.857793 0
    outer loop
      vertex 0.888912 -11.3304 12
      vertex 0.754234 -11.4111 7.41107
      vertex 0.754234 -11.4111 12
    endloop
  endfacet
  facet normal -0.513995 0.857793 0
    outer loop
      vertex 0.754234 -11.4111 7.41107
      vertex 0.888912 -11.3304 12
      vertex 0.888912 -11.3304 7.33035
    endloop
  endfacet
  facet normal -0.595964 0.803011 0
    outer loop
      vertex 1.01503 -11.2368 0
      vertex 0.888912 -11.3304 4.66965
      vertex 1.01503 -11.2368 4.76318
    endloop
  endfacet
  facet normal -0.595964 0.803011 0
    outer loop
      vertex 0.888912 -11.3304 4.66965
      vertex 1.01503 -11.2368 0
      vertex 0.888912 -11.3304 0
    endloop
  endfacet
  facet normal -0.595964 0.803011 0
    outer loop
      vertex 1.01503 -11.2368 12
      vertex 0.888912 -11.3304 7.33035
      vertex 0.888912 -11.3304 12
    endloop
  endfacet
  facet normal -0.595964 0.803011 0
    outer loop
      vertex 0.888912 -11.3304 7.33035
      vertex 1.01503 -11.2368 12
      vertex 1.01503 -11.2368 7.23682
    endloop
  endfacet
  facet normal 0.243268 0.969959 0
    outer loop
      vertex -0.464455 -11.5311 0
      vertex -0.312144 -11.5693 4.43074
      vertex -0.312144 -11.5693 0
    endloop
  endfacet
  facet normal 0.243268 0.969959 0
    outer loop
      vertex -0.312144 -11.5693 4.43074
      vertex -0.464455 -11.5311 0
      vertex -0.464455 -11.5311 4.46889
    endloop
  endfacet
  facet normal 0.243268 0.969959 -0
    outer loop
      vertex -0.312144 -11.5693 7.56926
      vertex -0.464455 -11.5311 12
      vertex -0.312144 -11.5693 12
    endloop
  endfacet
  facet normal 0.243268 0.969959 0
    outer loop
      vertex -0.464455 -11.5311 12
      vertex -0.312144 -11.5693 7.56926
      vertex -0.464455 -11.5311 7.5311
    endloop
  endfacet
  facet normal 0.0490396 -0.998797 0
    outer loop
      vertex -0.156827 -8.4077 0
      vertex 0 -8.4 4.4
      vertex -0.156827 -8.4077 4.4077
    endloop
  endfacet
  facet normal 0.0490396 -0.998797 0
    outer loop
      vertex 0 -8.4 4.4
      vertex -0.156827 -8.4077 0
      vertex 0 -8.4 0
    endloop
  endfacet
  facet normal 0.0490396 -0.998797 0
    outer loop
      vertex -0.156827 -8.4077 12
      vertex 0 -8.4 7.6
      vertex 0 -8.4 12
    endloop
  endfacet
  facet normal 0.0490396 -0.998797 0
    outer loop
      vertex 0 -8.4 7.6
      vertex -0.156827 -8.4077 12
      vertex -0.156827 -8.4077 7.59229
    endloop
  endfacet
  facet normal -0.803184 0.595732 0
    outer loop
      vertex 1.23682 -11.015 4.98497
      vertex 1.33035 -10.8889 0
      vertex 1.23682 -11.015 0
    endloop
  endfacet
  facet normal -0.803184 0.595732 0
    outer loop
      vertex 1.33035 -10.8889 0
      vertex 1.23682 -11.015 4.98497
      vertex 1.33035 -10.8889 5.11109
    endloop
  endfacet
  facet normal -0.803184 0.595732 0
    outer loop
      vertex 1.23682 -11.015 7.01503
      vertex 1.33035 -10.8889 12
      vertex 1.33035 -10.8889 6.88891
    endloop
  endfacet
  facet normal -0.803184 0.595732 0
    outer loop
      vertex 1.33035 -10.8889 12
      vertex 1.23682 -11.015 7.01503
      vertex 1.23682 -11.015 12
    endloop
  endfacet
  facet normal -0.336905 0.941539 0
    outer loop
      vertex 0.612293 -11.4782 0
      vertex 0.464455 -11.5311 4.46889
      vertex 0.612293 -11.4782 4.52179
    endloop
  endfacet
  facet normal -0.336905 0.941539 0
    outer loop
      vertex 0.464455 -11.5311 4.46889
      vertex 0.612293 -11.4782 0
      vertex 0.464455 -11.5311 0
    endloop
  endfacet
  facet normal -0.336905 0.941539 0
    outer loop
      vertex 0.612293 -11.4782 12
      vertex 0.464455 -11.5311 7.5311
      vertex 0.464455 -11.5311 12
    endloop
  endfacet
  facet normal -0.336905 0.941539 0
    outer loop
      vertex 0.464455 -11.5311 7.5311
      vertex 0.612293 -11.4782 12
      vertex 0.612293 -11.4782 7.47821
    endloop
  endfacet
  facet normal -0.741106 0.671388 0
    outer loop
      vertex 1.13137 -11.1314 4.86863
      vertex 1.23682 -11.015 0
      vertex 1.13137 -11.1314 0
    endloop
  endfacet
  facet normal -0.741106 0.671388 0
    outer loop
      vertex 1.23682 -11.015 0
      vertex 1.13137 -11.1314 4.86863
      vertex 1.23682 -11.015 4.98497
    endloop
  endfacet
  facet normal -0.741106 0.671388 0
    outer loop
      vertex 1.13137 -11.1314 7.13137
      vertex 1.23682 -11.015 12
      vertex 1.23682 -11.015 7.01503
    endloop
  endfacet
  facet normal -0.741106 0.671388 0
    outer loop
      vertex 1.23682 -11.015 12
      vertex 1.13137 -11.1314 7.13137
      vertex 1.13137 -11.1314 12
    endloop
  endfacet
  facet normal -0.671578 -0.740933 0
    outer loop
      vertex 1.13137 -8.86863 0
      vertex 1.01503 -8.76318 4.76318
      vertex 1.01503 -8.76318 0
    endloop
  endfacet
  facet normal -0.671578 -0.740933 0
    outer loop
      vertex 1.01503 -8.76318 4.76318
      vertex 1.13137 -8.86863 0
      vertex 1.13137 -8.86863 4.86863
    endloop
  endfacet
  facet normal -0.671578 -0.740933 0
    outer loop
      vertex 1.01503 -8.76318 7.23682
      vertex 1.13137 -8.86863 12
      vertex 1.01503 -8.76318 12
    endloop
  endfacet
  facet normal -0.671578 -0.740933 -0
    outer loop
      vertex 1.13137 -8.86863 12
      vertex 1.01503 -8.76318 7.23682
      vertex 1.13137 -8.86863 7.13137
    endloop
  endfacet
  facet normal 0.242969 -0.970034 0
    outer loop
      vertex -0.464455 -8.46889 0
      vertex -0.312144 -8.43074 4.43074
      vertex -0.464455 -8.46889 4.46889
    endloop
  endfacet
  facet normal 0.242969 -0.970034 0
    outer loop
      vertex -0.312144 -8.43074 4.43074
      vertex -0.464455 -8.46889 0
      vertex -0.312144 -8.43074 0
    endloop
  endfacet
  facet normal 0.242969 -0.970034 0
    outer loop
      vertex -0.464455 -8.46889 12
      vertex -0.312144 -8.43074 7.56926
      vertex -0.312144 -8.43074 12
    endloop
  endfacet
  facet normal 0.242969 -0.970034 0
    outer loop
      vertex -0.312144 -8.43074 7.56926
      vertex -0.464455 -8.46889 12
      vertex -0.464455 -8.46889 7.5311
    endloop
  endfacet
  facet normal -0.671404 0.741092 0
    outer loop
      vertex 1.13137 -11.1314 0
      vertex 1.01503 -11.2368 4.76318
      vertex 1.13137 -11.1314 4.86863
    endloop
  endfacet
  facet normal -0.671404 0.741092 0
    outer loop
      vertex 1.01503 -11.2368 4.76318
      vertex 1.13137 -11.1314 0
      vertex 1.01503 -11.2368 0
    endloop
  endfacet
  facet normal -0.671404 0.741092 0
    outer loop
      vertex 1.13137 -11.1314 12
      vertex 1.01503 -11.2368 7.23682
      vertex 1.01503 -11.2368 12
    endloop
  endfacet
  facet normal -0.671404 0.741092 0
    outer loop
      vertex 1.01503 -11.2368 7.23682
      vertex 1.13137 -11.1314 12
      vertex 1.13137 -11.1314 7.13137
    endloop
  endfacet
  facet normal -0.941553 -0.336865 0
    outer loop
      vertex 1.5311 -9.53554 0
      vertex 1.47821 -9.38771 5.38771
      vertex 1.47821 -9.38771 0
    endloop
  endfacet
  facet normal -0.941553 -0.336865 0
    outer loop
      vertex 1.47821 -9.38771 5.38771
      vertex 1.5311 -9.53554 0
      vertex 1.5311 -9.53554 5.53554
    endloop
  endfacet
  facet normal -0.941553 -0.336865 -0
    outer loop
      vertex 1.5311 -9.53554 12
      vertex 1.47821 -9.38771 6.61229
      vertex 1.5311 -9.53554 6.46445
    endloop
  endfacet
  facet normal -0.941553 -0.336865 0
    outer loop
      vertex 1.47821 -9.38771 6.61229
      vertex 1.5311 -9.53554 12
      vertex 1.47821 -9.38771 12
    endloop
  endfacet
  facet normal 0.146736 -0.989176 0
    outer loop
      vertex -0.312144 -8.43074 0
      vertex -0.156827 -8.4077 4.4077
      vertex -0.312144 -8.43074 4.43074
    endloop
  endfacet
  facet normal 0.146736 -0.989176 0
    outer loop
      vertex -0.156827 -8.4077 4.4077
      vertex -0.312144 -8.43074 0
      vertex -0.156827 -8.4077 0
    endloop
  endfacet
  facet normal 0.146736 -0.989176 0
    outer loop
      vertex -0.312144 -8.43074 12
      vertex -0.156827 -8.4077 7.59229
      vertex -0.156827 -8.4077 12
    endloop
  endfacet
  facet normal 0.146736 -0.989176 0
    outer loop
      vertex -0.156827 -8.4077 7.59229
      vertex -0.312144 -8.43074 12
      vertex -0.312144 -8.43074 7.56926
    endloop
  endfacet
  facet normal -0.941531 0.336926 0
    outer loop
      vertex 1.47821 -10.6123 5.38771
      vertex 1.5311 -10.4645 0
      vertex 1.47821 -10.6123 0
    endloop
  endfacet
  facet normal -0.941531 0.336926 0
    outer loop
      vertex 1.5311 -10.4645 0
      vertex 1.47821 -10.6123 5.38771
      vertex 1.5311 -10.4645 5.53554
    endloop
  endfacet
  facet normal -0.941531 0.336926 0
    outer loop
      vertex 1.47821 -10.6123 6.61229
      vertex 1.5311 -10.4645 12
      vertex 1.5311 -10.4645 6.46445
    endloop
  endfacet
  facet normal -0.941531 0.336926 0
    outer loop
      vertex 1.5311 -10.4645 12
      vertex 1.47821 -10.6123 6.61229
      vertex 1.47821 -10.6123 12
    endloop
  endfacet
  facet normal -0.146487 0.989213 0
    outer loop
      vertex 0.312144 -11.5693 0
      vertex 0.156827 -11.5923 4.4077
      vertex 0.312144 -11.5693 4.43074
    endloop
  endfacet
  facet normal -0.146487 0.989213 0
    outer loop
      vertex 0.156827 -11.5923 4.4077
      vertex 0.312144 -11.5693 0
      vertex 0.156827 -11.5923 0
    endloop
  endfacet
  facet normal -0.146487 0.989213 0
    outer loop
      vertex 0.312144 -11.5693 12
      vertex 0.156827 -11.5923 7.59229
      vertex 0.156827 -11.5923 12
    endloop
  endfacet
  facet normal -0.146487 0.989213 0
    outer loop
      vertex 0.156827 -11.5923 7.59229
      vertex 0.312144 -11.5693 12
      vertex 0.312144 -11.5693 7.56926
    endloop
  endfacet
  facet normal -0.595677 -0.803224 0
    outer loop
      vertex 1.01503 -8.76318 0
      vertex 0.888912 -8.66965 4.66965
      vertex 0.888912 -8.66965 0
    endloop
  endfacet
  facet normal -0.595677 -0.803224 0
    outer loop
      vertex 0.888912 -8.66965 4.66965
      vertex 1.01503 -8.76318 0
      vertex 1.01503 -8.76318 4.76318
    endloop
  endfacet
  facet normal -0.595677 -0.803224 0
    outer loop
      vertex 0.888912 -8.66965 7.33035
      vertex 1.01503 -8.76318 12
      vertex 0.888912 -8.66965 12
    endloop
  endfacet
  facet normal -0.595677 -0.803224 -0
    outer loop
      vertex 1.01503 -8.76318 12
      vertex 0.888912 -8.66965 7.33035
      vertex 1.01503 -8.76318 7.23682
    endloop
  endfacet
  facet normal -0.242969 -0.970034 0
    outer loop
      vertex 0.464455 -8.46889 0
      vertex 0.312144 -8.43074 4.43074
      vertex 0.312144 -8.43074 0
    endloop
  endfacet
  facet normal -0.242969 -0.970034 0
    outer loop
      vertex 0.312144 -8.43074 4.43074
      vertex 0.464455 -8.46889 0
      vertex 0.464455 -8.46889 4.46889
    endloop
  endfacet
  facet normal -0.242969 -0.970034 0
    outer loop
      vertex 0.312144 -8.43074 7.56926
      vertex 0.464455 -8.46889 12
      vertex 0.312144 -8.43074 12
    endloop
  endfacet
  facet normal -0.242969 -0.970034 -0
    outer loop
      vertex 0.464455 -8.46889 12
      vertex 0.312144 -8.43074 7.56926
      vertex 0.464455 -8.46889 7.5311
    endloop
  endfacet
  facet normal -0.740933 -0.671578 0
    outer loop
      vertex 1.23682 -8.98497 0
      vertex 1.13137 -8.86863 4.86863
      vertex 1.13137 -8.86863 0
    endloop
  endfacet
  facet normal -0.740933 -0.671578 0
    outer loop
      vertex 1.13137 -8.86863 4.86863
      vertex 1.23682 -8.98497 0
      vertex 1.23682 -8.98497 4.98497
    endloop
  endfacet
  facet normal -0.740933 -0.671578 -0
    outer loop
      vertex 1.23682 -8.98497 12
      vertex 1.13137 -8.86863 7.13137
      vertex 1.23682 -8.98497 7.01503
    endloop
  endfacet
  facet normal -0.740933 -0.671578 0
    outer loop
      vertex 1.13137 -8.86863 7.13137
      vertex 1.23682 -8.98497 12
      vertex 1.13137 -8.86863 12
    endloop
  endfacet
  facet normal 0.903925 0.427692 0
    outer loop
      vertex -1.41107 -10.7542 5.24576
      vertex -1.47821 -10.6123 0
      vertex -1.47821 -10.6123 5.38771
    endloop
  endfacet
  facet normal 0.903925 0.427692 0
    outer loop
      vertex -1.47821 -10.6123 0
      vertex -1.41107 -10.7542 5.24576
      vertex -1.41107 -10.7542 0
    endloop
  endfacet
  facet normal 0.903925 0.427692 -0
    outer loop
      vertex -1.41107 -10.7542 6.75423
      vertex -1.47821 -10.6123 12
      vertex -1.41107 -10.7542 12
    endloop
  endfacet
  facet normal 0.903925 0.427692 0
    outer loop
      vertex -1.47821 -10.6123 12
      vertex -1.41107 -10.7542 6.75423
      vertex -1.47821 -10.6123 6.61229
    endloop
  endfacet
  facet normal -0.970019 -0.24303 0
    outer loop
      vertex 1.56926 -9.68785 0
      vertex 1.5311 -9.53554 5.53554
      vertex 1.5311 -9.53554 0
    endloop
  endfacet
  facet normal -0.970019 -0.24303 0
    outer loop
      vertex 1.5311 -9.53554 5.53554
      vertex 1.56926 -9.68785 0
      vertex 1.56926 -9.68785 5.68785
    endloop
  endfacet
  facet normal -0.970019 -0.24303 -0
    outer loop
      vertex 1.56926 -9.68785 12
      vertex 1.5311 -9.53554 6.46445
      vertex 1.56926 -9.68785 6.31214
    endloop
  endfacet
  facet normal -0.970019 -0.24303 0
    outer loop
      vertex 1.5311 -9.53554 6.46445
      vertex 1.56926 -9.68785 12
      vertex 1.5311 -9.53554 12
    endloop
  endfacet
  facet normal -0.336905 -0.941539 0
    outer loop
      vertex 0.612293 -8.52179 0
      vertex 0.464455 -8.46889 4.46889
      vertex 0.464455 -8.46889 0
    endloop
  endfacet
  facet normal -0.336905 -0.941539 0
    outer loop
      vertex 0.464455 -8.46889 4.46889
      vertex 0.612293 -8.52179 0
      vertex 0.612293 -8.52179 4.52179
    endloop
  endfacet
  facet normal -0.336905 -0.941539 0
    outer loop
      vertex 0.464455 -8.46889 7.5311
      vertex 0.612293 -8.52179 12
      vertex 0.464455 -8.46889 12
    endloop
  endfacet
  facet normal -0.336905 -0.941539 -0
    outer loop
      vertex 0.612293 -8.52179 12
      vertex 0.464455 -8.46889 7.5311
      vertex 0.612293 -8.52179 7.47821
    endloop
  endfacet
  facet normal -0.857774 0.514027 0
    outer loop
      vertex 1.33035 -10.8889 5.11109
      vertex 1.41107 -10.7542 0
      vertex 1.33035 -10.8889 0
    endloop
  endfacet
  facet normal -0.857774 0.514027 0
    outer loop
      vertex 1.41107 -10.7542 0
      vertex 1.33035 -10.8889 5.11109
      vertex 1.41107 -10.7542 5.24576
    endloop
  endfacet
  facet normal -0.857774 0.514027 0
    outer loop
      vertex 1.33035 -10.8889 6.88891
      vertex 1.41107 -10.7542 12
      vertex 1.41107 -10.7542 6.75423
    endloop
  endfacet
  facet normal -0.857774 0.514027 0
    outer loop
      vertex 1.41107 -10.7542 12
      vertex 1.33035 -10.8889 6.88891
      vertex 1.33035 -10.8889 12
    endloop
  endfacet
  facet normal -0.903925 0.427692 0
    outer loop
      vertex 1.41107 -10.7542 5.24576
      vertex 1.47821 -10.6123 0
      vertex 1.41107 -10.7542 0
    endloop
  endfacet
  facet normal -0.903925 0.427692 0
    outer loop
      vertex 1.47821 -10.6123 0
      vertex 1.41107 -10.7542 5.24576
      vertex 1.47821 -10.6123 5.38771
    endloop
  endfacet
  facet normal -0.903925 0.427692 0
    outer loop
      vertex 1.41107 -10.7542 6.75423
      vertex 1.47821 -10.6123 12
      vertex 1.47821 -10.6123 6.61229
    endloop
  endfacet
  facet normal -0.903925 0.427692 0
    outer loop
      vertex 1.47821 -10.6123 12
      vertex 1.41107 -10.7542 6.75423
      vertex 1.41107 -10.7542 12
    endloop
  endfacet
  facet normal -0.803229 -0.595671 0
    outer loop
      vertex 1.33035 -9.11109 0
      vertex 1.23682 -8.98497 4.98497
      vertex 1.23682 -8.98497 0
    endloop
  endfacet
  facet normal -0.803229 -0.595671 0
    outer loop
      vertex 1.23682 -8.98497 4.98497
      vertex 1.33035 -9.11109 0
      vertex 1.33035 -9.11109 5.11109
    endloop
  endfacet
  facet normal -0.803229 -0.595671 -0
    outer loop
      vertex 1.33035 -9.11109 12
      vertex 1.23682 -8.98497 7.01503
      vertex 1.33035 -9.11109 6.88891
    endloop
  endfacet
  facet normal -0.803229 -0.595671 0
    outer loop
      vertex 1.23682 -8.98497 7.01503
      vertex 1.33035 -9.11109 12
      vertex 1.23682 -8.98497 12
    endloop
  endfacet
  facet normal 0.998793 0.0491116 -0
    outer loop
      vertex -1.59229 -10.1568 6.15683
      vertex -1.6 -10 12
      vertex -1.59229 -10.1568 12
    endloop
  endfacet
  facet normal 0.998793 0.0491116 0
    outer loop
      vertex -1.6 -10 12
      vertex -1.59229 -10.1568 6.15683
      vertex -1.6 -10 6
    endloop
  endfacet
  facet normal 0.998793 0.0491116 0
    outer loop
      vertex -1.59229 -10.1568 5.84317
      vertex -1.6 -10 0
      vertex -1.6 -10 6
    endloop
  endfacet
  facet normal 0.998793 0.0491116 0
    outer loop
      vertex -1.6 -10 0
      vertex -1.59229 -10.1568 5.84317
      vertex -1.59229 -10.1568 0
    endloop
  endfacet
  facet normal 0.336905 0.941539 0
    outer loop
      vertex -0.612293 -11.4782 0
      vertex -0.464455 -11.5311 4.46889
      vertex -0.464455 -11.5311 0
    endloop
  endfacet
  facet normal 0.336905 0.941539 0
    outer loop
      vertex -0.464455 -11.5311 4.46889
      vertex -0.612293 -11.4782 0
      vertex -0.612293 -11.4782 4.52179
    endloop
  endfacet
  facet normal 0.336905 0.941539 -0
    outer loop
      vertex -0.464455 -11.5311 7.5311
      vertex -0.612293 -11.4782 12
      vertex -0.464455 -11.5311 12
    endloop
  endfacet
  facet normal 0.336905 0.941539 0
    outer loop
      vertex -0.612293 -11.4782 12
      vertex -0.464455 -11.5311 7.5311
      vertex -0.612293 -11.4782 7.47821
    endloop
  endfacet
  facet normal 0.595964 0.803011 0
    outer loop
      vertex -1.01503 -11.2368 0
      vertex -0.888912 -11.3304 4.66965
      vertex -0.888912 -11.3304 0
    endloop
  endfacet
  facet normal 0.595964 0.803011 0
    outer loop
      vertex -0.888912 -11.3304 4.66965
      vertex -1.01503 -11.2368 0
      vertex -1.01503 -11.2368 4.76318
    endloop
  endfacet
  facet normal 0.595964 0.803011 -0
    outer loop
      vertex -0.888912 -11.3304 7.33035
      vertex -1.01503 -11.2368 12
      vertex -0.888912 -11.3304 12
    endloop
  endfacet
  facet normal 0.595964 0.803011 0
    outer loop
      vertex -1.01503 -11.2368 12
      vertex -0.888912 -11.3304 7.33035
      vertex -1.01503 -11.2368 7.23682
    endloop
  endfacet
  facet normal 0.146487 0.989213 0
    outer loop
      vertex -0.312144 -11.5693 0
      vertex -0.156827 -11.5923 4.4077
      vertex -0.156827 -11.5923 0
    endloop
  endfacet
  facet normal 0.146487 0.989213 0
    outer loop
      vertex -0.156827 -11.5923 4.4077
      vertex -0.312144 -11.5693 0
      vertex -0.312144 -11.5693 4.43074
    endloop
  endfacet
  facet normal 0.146487 0.989213 -0
    outer loop
      vertex -0.156827 -11.5923 7.59229
      vertex -0.312144 -11.5693 12
      vertex -0.156827 -11.5923 12
    endloop
  endfacet
  facet normal 0.146487 0.989213 0
    outer loop
      vertex -0.312144 -11.5693 12
      vertex -0.156827 -11.5923 7.59229
      vertex -0.312144 -11.5693 7.56926
    endloop
  endfacet
  facet normal -0.514089 -0.857737 0
    outer loop
      vertex 0.888912 -8.66965 0
      vertex 0.754234 -8.58893 4.58893
      vertex 0.754234 -8.58893 0
    endloop
  endfacet
  facet normal -0.514089 -0.857737 0
    outer loop
      vertex 0.754234 -8.58893 4.58893
      vertex 0.888912 -8.66965 0
      vertex 0.888912 -8.66965 4.66965
    endloop
  endfacet
  facet normal -0.514089 -0.857737 0
    outer loop
      vertex 0.754234 -8.58893 7.41107
      vertex 0.888912 -8.66965 12
      vertex 0.754234 -8.58893 12
    endloop
  endfacet
  facet normal -0.514089 -0.857737 -0
    outer loop
      vertex 0.888912 -8.66965 12
      vertex 0.754234 -8.58893 7.41107
      vertex 0.888912 -8.66965 7.33035
    endloop
  endfacet
  facet normal -0.903983 -0.427569 0
    outer loop
      vertex 1.47821 -9.38771 0
      vertex 1.41107 -9.24576 5.24576
      vertex 1.41107 -9.24576 0
    endloop
  endfacet
  facet normal -0.903983 -0.427569 0
    outer loop
      vertex 1.41107 -9.24576 5.24576
      vertex 1.47821 -9.38771 0
      vertex 1.47821 -9.38771 5.38771
    endloop
  endfacet
  facet normal -0.903983 -0.427569 -0
    outer loop
      vertex 1.47821 -9.38771 12
      vertex 1.41107 -9.24576 6.75423
      vertex 1.47821 -9.38771 6.61229
    endloop
  endfacet
  facet normal -0.903983 -0.427569 0
    outer loop
      vertex 1.41107 -9.24576 6.75423
      vertex 1.47821 -9.38771 12
      vertex 1.41107 -9.24576 12
    endloop
  endfacet
  facet normal 0.803184 0.595732 0
    outer loop
      vertex -1.23682 -11.015 4.98497
      vertex -1.33035 -10.8889 0
      vertex -1.33035 -10.8889 5.11109
    endloop
  endfacet
  facet normal 0.803184 0.595732 0
    outer loop
      vertex -1.33035 -10.8889 0
      vertex -1.23682 -11.015 4.98497
      vertex -1.23682 -11.015 0
    endloop
  endfacet
  facet normal 0.803184 0.595732 -0
    outer loop
      vertex -1.23682 -11.015 7.01503
      vertex -1.33035 -10.8889 12
      vertex -1.23682 -11.015 12
    endloop
  endfacet
  facet normal 0.803184 0.595732 0
    outer loop
      vertex -1.33035 -10.8889 12
      vertex -1.23682 -11.015 7.01503
      vertex -1.33035 -10.8889 6.88891
    endloop
  endfacet
  facet normal 0.740933 -0.671578 0
    outer loop
      vertex -1.23682 -8.98497 0
      vertex -1.13137 -8.86863 4.86863
      vertex -1.23682 -8.98497 4.98497
    endloop
  endfacet
  facet normal 0.740933 -0.671578 0
    outer loop
      vertex -1.13137 -8.86863 4.86863
      vertex -1.23682 -8.98497 0
      vertex -1.13137 -8.86863 0
    endloop
  endfacet
  facet normal 0.740933 -0.671578 0
    outer loop
      vertex -1.23682 -8.98497 12
      vertex -1.13137 -8.86863 7.13137
      vertex -1.13137 -8.86863 12
    endloop
  endfacet
  facet normal 0.740933 -0.671578 0
    outer loop
      vertex -1.13137 -8.86863 7.13137
      vertex -1.23682 -8.98497 12
      vertex -1.23682 -8.98497 7.01503
    endloop
  endfacet
  facet normal -0.989183 0.146689 0
    outer loop
      vertex 1.56926 -10.3121 5.68785
      vertex 1.59229 -10.1568 0
      vertex 1.56926 -10.3121 0
    endloop
  endfacet
  facet normal -0.989183 0.146689 0
    outer loop
      vertex 1.59229 -10.1568 0
      vertex 1.56926 -10.3121 5.68785
      vertex 1.59229 -10.1568 5.84317
    endloop
  endfacet
  facet normal -0.989183 0.146689 0
    outer loop
      vertex 1.56926 -10.3121 6.31214
      vertex 1.59229 -10.1568 12
      vertex 1.59229 -10.1568 6.15683
    endloop
  endfacet
  facet normal -0.989183 0.146689 0
    outer loop
      vertex 1.59229 -10.1568 12
      vertex 1.56926 -10.3121 6.31214
      vertex 1.56926 -10.3121 12
    endloop
  endfacet
  facet normal 0.0490396 0.998797 0
    outer loop
      vertex -0.156827 -11.5923 0
      vertex 0 -11.6 4.4
      vertex 0 -11.6 0
    endloop
  endfacet
  facet normal 0.0490396 0.998797 0
    outer loop
      vertex 0 -11.6 4.4
      vertex -0.156827 -11.5923 0
      vertex -0.156827 -11.5923 4.4077
    endloop
  endfacet
  facet normal 0.0490396 0.998797 -0
    outer loop
      vertex 0 -11.6 7.6
      vertex -0.156827 -11.5923 12
      vertex 0 -11.6 12
    endloop
  endfacet
  facet normal 0.0490396 0.998797 0
    outer loop
      vertex -0.156827 -11.5923 12
      vertex 0 -11.6 7.6
      vertex -0.156827 -11.5923 7.59229
    endloop
  endfacet
  facet normal 0.427591 -0.903972 0
    outer loop
      vertex -0.754234 -8.58893 0
      vertex -0.612293 -8.52179 4.52179
      vertex -0.754234 -8.58893 4.58893
    endloop
  endfacet
  facet normal 0.427591 -0.903972 0
    outer loop
      vertex -0.612293 -8.52179 4.52179
      vertex -0.754234 -8.58893 0
      vertex -0.612293 -8.52179 0
    endloop
  endfacet
  facet normal 0.427591 -0.903972 0
    outer loop
      vertex -0.754234 -8.58893 12
      vertex -0.612293 -8.52179 7.47821
      vertex -0.612293 -8.52179 12
    endloop
  endfacet
  facet normal 0.427591 -0.903972 0
    outer loop
      vertex -0.612293 -8.52179 7.47821
      vertex -0.754234 -8.58893 12
      vertex -0.754234 -8.58893 7.41107
    endloop
  endfacet
  facet normal 0.595677 -0.803224 0
    outer loop
      vertex -1.01503 -8.76318 0
      vertex -0.888912 -8.66965 4.66965
      vertex -1.01503 -8.76318 4.76318
    endloop
  endfacet
  facet normal 0.595677 -0.803224 0
    outer loop
      vertex -0.888912 -8.66965 4.66965
      vertex -1.01503 -8.76318 0
      vertex -0.888912 -8.66965 0
    endloop
  endfacet
  facet normal 0.595677 -0.803224 0
    outer loop
      vertex -1.01503 -8.76318 12
      vertex -0.888912 -8.66965 7.33035
      vertex -0.888912 -8.66965 12
    endloop
  endfacet
  facet normal 0.595677 -0.803224 0
    outer loop
      vertex -0.888912 -8.66965 7.33035
      vertex -1.01503 -8.76318 12
      vertex -1.01503 -8.76318 7.23682
    endloop
  endfacet
  facet normal -0.998794 -0.0491022 -0
    outer loop
      vertex 1.6 -10 12
      vertex 1.59229 -9.84317 6.15683
      vertex 1.6 -10 6
    endloop
  endfacet
  facet normal -0.998794 -0.0491022 0
    outer loop
      vertex 1.59229 -9.84317 6.15683
      vertex 1.6 -10 12
      vertex 1.59229 -9.84317 12
    endloop
  endfacet
  facet normal -0.998794 -0.0491022 0
    outer loop
      vertex 1.6 -10 0
      vertex 1.59229 -9.84317 5.84317
      vertex 1.59229 -9.84317 0
    endloop
  endfacet
  facet normal -0.998794 -0.0491022 0
    outer loop
      vertex 1.59229 -9.84317 5.84317
      vertex 1.6 -10 0
      vertex 1.6 -10 6
    endloop
  endfacet
  facet normal 0.903983 -0.427569 0
    outer loop
      vertex -1.47821 -9.38771 0
      vertex -1.41107 -9.24576 5.24576
      vertex -1.47821 -9.38771 5.38771
    endloop
  endfacet
  facet normal 0.903983 -0.427569 0
    outer loop
      vertex -1.41107 -9.24576 5.24576
      vertex -1.47821 -9.38771 0
      vertex -1.41107 -9.24576 0
    endloop
  endfacet
  facet normal 0.903983 -0.427569 0
    outer loop
      vertex -1.47821 -9.38771 12
      vertex -1.41107 -9.24576 6.75423
      vertex -1.41107 -9.24576 12
    endloop
  endfacet
  facet normal 0.903983 -0.427569 0
    outer loop
      vertex -1.41107 -9.24576 6.75423
      vertex -1.47821 -9.38771 12
      vertex -1.47821 -9.38771 6.61229
    endloop
  endfacet
  facet normal 0.857723 -0.514112 0
    outer loop
      vertex -1.41107 -9.24576 0
      vertex -1.33035 -9.11109 5.11109
      vertex -1.41107 -9.24576 5.24576
    endloop
  endfacet
  facet normal 0.857723 -0.514112 0
    outer loop
      vertex -1.33035 -9.11109 5.11109
      vertex -1.41107 -9.24576 0
      vertex -1.33035 -9.11109 0
    endloop
  endfacet
  facet normal 0.857723 -0.514112 0
    outer loop
      vertex -1.41107 -9.24576 12
      vertex -1.33035 -9.11109 6.88891
      vertex -1.33035 -9.11109 12
    endloop
  endfacet
  facet normal 0.857723 -0.514112 0
    outer loop
      vertex -1.33035 -9.11109 6.88891
      vertex -1.41107 -9.24576 12
      vertex -1.41107 -9.24576 6.75423
    endloop
  endfacet
  facet normal -0.989185 -0.146671 0
    outer loop
      vertex 1.59229 -9.84317 0
      vertex 1.56926 -9.68785 5.68785
      vertex 1.56926 -9.68785 0
    endloop
  endfacet
  facet normal -0.989185 -0.146671 0
    outer loop
      vertex 1.56926 -9.68785 5.68785
      vertex 1.59229 -9.84317 0
      vertex 1.59229 -9.84317 5.84317
    endloop
  endfacet
  facet normal -0.989185 -0.146671 -0
    outer loop
      vertex 1.59229 -9.84317 12
      vertex 1.56926 -9.68785 6.31214
      vertex 1.59229 -9.84317 6.15683
    endloop
  endfacet
  facet normal -0.989185 -0.146671 0
    outer loop
      vertex 1.56926 -9.68785 6.31214
      vertex 1.59229 -9.84317 12
      vertex 1.56926 -9.68785 12
    endloop
  endfacet
  facet normal 0.941531 0.336926 0
    outer loop
      vertex -1.47821 -10.6123 5.38771
      vertex -1.5311 -10.4645 0
      vertex -1.5311 -10.4645 5.53554
    endloop
  endfacet
  facet normal 0.941531 0.336926 0
    outer loop
      vertex -1.5311 -10.4645 0
      vertex -1.47821 -10.6123 5.38771
      vertex -1.47821 -10.6123 0
    endloop
  endfacet
  facet normal 0.941531 0.336926 -0
    outer loop
      vertex -1.47821 -10.6123 6.61229
      vertex -1.5311 -10.4645 12
      vertex -1.47821 -10.6123 12
    endloop
  endfacet
  facet normal 0.941531 0.336926 0
    outer loop
      vertex -1.5311 -10.4645 12
      vertex -1.47821 -10.6123 6.61229
      vertex -1.5311 -10.4645 6.46445
    endloop
  endfacet
  facet normal 0.970053 0.242895 -0
    outer loop
      vertex -1.5311 -10.4645 6.46445
      vertex -1.56926 -10.3121 12
      vertex -1.5311 -10.4645 12
    endloop
  endfacet
  facet normal 0.970053 0.242895 0
    outer loop
      vertex -1.56926 -10.3121 12
      vertex -1.5311 -10.4645 6.46445
      vertex -1.56926 -10.3121 6.31214
    endloop
  endfacet
  facet normal 0.970053 0.242895 0
    outer loop
      vertex -1.5311 -10.4645 5.53554
      vertex -1.56926 -10.3121 0
      vertex -1.56926 -10.3121 5.68785
    endloop
  endfacet
  facet normal 0.970053 0.242895 0
    outer loop
      vertex -1.56926 -10.3121 0
      vertex -1.5311 -10.4645 5.53554
      vertex -1.5311 -10.4645 0
    endloop
  endfacet
  facet normal -0.427591 -0.903972 0
    outer loop
      vertex 0.754234 -8.58893 0
      vertex 0.612293 -8.52179 4.52179
      vertex 0.612293 -8.52179 0
    endloop
  endfacet
  facet normal -0.427591 -0.903972 0
    outer loop
      vertex 0.612293 -8.52179 4.52179
      vertex 0.754234 -8.58893 0
      vertex 0.754234 -8.58893 4.58893
    endloop
  endfacet
  facet normal -0.427591 -0.903972 0
    outer loop
      vertex 0.612293 -8.52179 7.47821
      vertex 0.754234 -8.58893 12
      vertex 0.612293 -8.52179 12
    endloop
  endfacet
  facet normal -0.427591 -0.903972 -0
    outer loop
      vertex 0.754234 -8.58893 12
      vertex 0.612293 -8.52179 7.47821
      vertex 0.754234 -8.58893 7.41107
    endloop
  endfacet
  facet normal 0.671578 -0.740933 0
    outer loop
      vertex -1.13137 -8.86863 0
      vertex -1.01503 -8.76318 4.76318
      vertex -1.13137 -8.86863 4.86863
    endloop
  endfacet
  facet normal 0.671578 -0.740933 0
    outer loop
      vertex -1.01503 -8.76318 4.76318
      vertex -1.13137 -8.86863 0
      vertex -1.01503 -8.76318 0
    endloop
  endfacet
  facet normal 0.671578 -0.740933 0
    outer loop
      vertex -1.13137 -8.86863 12
      vertex -1.01503 -8.76318 7.23682
      vertex -1.01503 -8.76318 12
    endloop
  endfacet
  facet normal 0.671578 -0.740933 0
    outer loop
      vertex -1.01503 -8.76318 7.23682
      vertex -1.13137 -8.86863 12
      vertex -1.13137 -8.86863 7.13137
    endloop
  endfacet
  facet normal 0.427383 0.904071 0
    outer loop
      vertex -0.754234 -11.4111 0
      vertex -0.612293 -11.4782 4.52179
      vertex -0.612293 -11.4782 0
    endloop
  endfacet
  facet normal 0.427383 0.904071 0
    outer loop
      vertex -0.612293 -11.4782 4.52179
      vertex -0.754234 -11.4111 0
      vertex -0.754234 -11.4111 4.58893
    endloop
  endfacet
  facet normal 0.427383 0.904071 -0
    outer loop
      vertex -0.612293 -11.4782 7.47821
      vertex -0.754234 -11.4111 12
      vertex -0.612293 -11.4782 12
    endloop
  endfacet
  facet normal 0.427383 0.904071 0
    outer loop
      vertex -0.754234 -11.4111 12
      vertex -0.612293 -11.4782 7.47821
      vertex -0.754234 -11.4111 7.41107
    endloop
  endfacet
  facet normal 0.513995 0.857793 0
    outer loop
      vertex -0.888912 -11.3304 0
      vertex -0.754234 -11.4111 4.58893
      vertex -0.754234 -11.4111 0
    endloop
  endfacet
  facet normal 0.513995 0.857793 0
    outer loop
      vertex -0.754234 -11.4111 4.58893
      vertex -0.888912 -11.3304 0
      vertex -0.888912 -11.3304 4.66965
    endloop
  endfacet
  facet normal 0.513995 0.857793 -0
    outer loop
      vertex -0.754234 -11.4111 7.41107
      vertex -0.888912 -11.3304 12
      vertex -0.754234 -11.4111 12
    endloop
  endfacet
  facet normal 0.513995 0.857793 0
    outer loop
      vertex -0.888912 -11.3304 12
      vertex -0.754234 -11.4111 7.41107
      vertex -0.888912 -11.3304 7.33035
    endloop
  endfacet
  facet normal 0.803229 -0.595671 0
    outer loop
      vertex -1.33035 -9.11109 0
      vertex -1.23682 -8.98497 4.98497
      vertex -1.33035 -9.11109 5.11109
    endloop
  endfacet
  facet normal 0.803229 -0.595671 0
    outer loop
      vertex -1.23682 -8.98497 4.98497
      vertex -1.33035 -9.11109 0
      vertex -1.23682 -8.98497 0
    endloop
  endfacet
  facet normal 0.803229 -0.595671 0
    outer loop
      vertex -1.33035 -9.11109 12
      vertex -1.23682 -8.98497 7.01503
      vertex -1.23682 -8.98497 12
    endloop
  endfacet
  facet normal 0.803229 -0.595671 0
    outer loop
      vertex -1.23682 -8.98497 7.01503
      vertex -1.33035 -9.11109 12
      vertex -1.33035 -9.11109 6.88891
    endloop
  endfacet
  facet normal -0.998793 0.0491116 0
    outer loop
      vertex 1.59229 -10.1568 6.15683
      vertex 1.6 -10 12
      vertex 1.6 -10 6
    endloop
  endfacet
  facet normal -0.998793 0.0491116 0
    outer loop
      vertex 1.6 -10 12
      vertex 1.59229 -10.1568 6.15683
      vertex 1.59229 -10.1568 12
    endloop
  endfacet
  facet normal -0.998793 0.0491116 0
    outer loop
      vertex 1.59229 -10.1568 5.84317
      vertex 1.6 -10 0
      vertex 1.59229 -10.1568 0
    endloop
  endfacet
  facet normal -0.998793 0.0491116 0
    outer loop
      vertex 1.6 -10 0
      vertex 1.59229 -10.1568 5.84317
      vertex 1.6 -10 6
    endloop
  endfacet
  facet normal 0.998794 -0.0491022 0
    outer loop
      vertex -1.6 -10 12
      vertex -1.59229 -9.84317 6.15683
      vertex -1.59229 -9.84317 12
    endloop
  endfacet
  facet normal 0.998794 -0.0491022 0
    outer loop
      vertex -1.59229 -9.84317 6.15683
      vertex -1.6 -10 12
      vertex -1.6 -10 6
    endloop
  endfacet
  facet normal 0.998794 -0.0491022 0
    outer loop
      vertex -1.6 -10 0
      vertex -1.59229 -9.84317 5.84317
      vertex -1.6 -10 6
    endloop
  endfacet
  facet normal 0.998794 -0.0491022 0
    outer loop
      vertex -1.59229 -9.84317 5.84317
      vertex -1.6 -10 0
      vertex -1.59229 -9.84317 0
    endloop
  endfacet
  facet normal 0.989185 -0.146671 0
    outer loop
      vertex -1.59229 -9.84317 0
      vertex -1.56926 -9.68785 5.68785
      vertex -1.59229 -9.84317 5.84317
    endloop
  endfacet
  facet normal 0.989185 -0.146671 0
    outer loop
      vertex -1.56926 -9.68785 5.68785
      vertex -1.59229 -9.84317 0
      vertex -1.56926 -9.68785 0
    endloop
  endfacet
  facet normal 0.989185 -0.146671 0
    outer loop
      vertex -1.59229 -9.84317 12
      vertex -1.56926 -9.68785 6.31214
      vertex -1.56926 -9.68785 12
    endloop
  endfacet
  facet normal 0.989185 -0.146671 0
    outer loop
      vertex -1.56926 -9.68785 6.31214
      vertex -1.59229 -9.84317 12
      vertex -1.59229 -9.84317 6.15683
    endloop
  endfacet
  facet normal -0.0490396 -0.998797 0
    outer loop
      vertex 0.156827 -8.4077 0
      vertex 0 -8.4 4.4
      vertex 0 -8.4 0
    endloop
  endfacet
  facet normal -0.0490396 -0.998797 0
    outer loop
      vertex 0 -8.4 4.4
      vertex 0.156827 -8.4077 0
      vertex 0.156827 -8.4077 4.4077
    endloop
  endfacet
  facet normal -0.0490396 -0.998797 0
    outer loop
      vertex 0 -8.4 7.6
      vertex 0.156827 -8.4077 12
      vertex 0 -8.4 12
    endloop
  endfacet
  facet normal -0.0490396 -0.998797 -0
    outer loop
      vertex 0.156827 -8.4077 12
      vertex 0 -8.4 7.6
      vertex 0.156827 -8.4077 7.59229
    endloop
  endfacet
  facet normal 0.941553 -0.336865 0
    outer loop
      vertex -1.5311 -9.53554 0
      vertex -1.47821 -9.38771 5.38771
      vertex -1.5311 -9.53554 5.53554
    endloop
  endfacet
  facet normal 0.941553 -0.336865 0
    outer loop
      vertex -1.47821 -9.38771 5.38771
      vertex -1.5311 -9.53554 0
      vertex -1.47821 -9.38771 0
    endloop
  endfacet
  facet normal 0.941553 -0.336865 0
    outer loop
      vertex -1.5311 -9.53554 12
      vertex -1.47821 -9.38771 6.61229
      vertex -1.47821 -9.38771 12
    endloop
  endfacet
  facet normal 0.941553 -0.336865 0
    outer loop
      vertex -1.47821 -9.38771 6.61229
      vertex -1.5311 -9.53554 12
      vertex -1.5311 -9.53554 6.46445
    endloop
  endfacet
  facet normal 0.741106 0.671388 0
    outer loop
      vertex -1.13137 -11.1314 4.86863
      vertex -1.23682 -11.015 0
      vertex -1.23682 -11.015 4.98497
    endloop
  endfacet
  facet normal 0.741106 0.671388 0
    outer loop
      vertex -1.23682 -11.015 0
      vertex -1.13137 -11.1314 4.86863
      vertex -1.13137 -11.1314 0
    endloop
  endfacet
  facet normal 0.741106 0.671388 -0
    outer loop
      vertex -1.13137 -11.1314 7.13137
      vertex -1.23682 -11.015 12
      vertex -1.13137 -11.1314 12
    endloop
  endfacet
  facet normal 0.741106 0.671388 0
    outer loop
      vertex -1.23682 -11.015 12
      vertex -1.13137 -11.1314 7.13137
      vertex -1.23682 -11.015 7.01503
    endloop
  endfacet
  facet normal -0.989176 -0.146736 0
    outer loop
      vertex 4.05538 0.39942 0
      vertex 3.9967 0.794992 18
      vertex 3.9967 0.794992 0
    endloop
  endfacet
  facet normal -0.989176 -0.146736 0
    outer loop
      vertex 3.9967 0.794992 18
      vertex 4.05538 0.39942 0
      vertex 4.05538 0.39942 18
    endloop
  endfacet
  facet normal -0.998796 -0.0490621 0
    outer loop
      vertex 4.075 0 0
      vertex 4.05538 0.39942 18
      vertex 4.05538 0.39942 0
    endloop
  endfacet
  facet normal -0.998796 -0.0490621 0
    outer loop
      vertex 4.05538 0.39942 18
      vertex 4.075 0 0
      vertex 4.075 0 18
    endloop
  endfacet
  facet normal -0.97003 -0.242984 0
    outer loop
      vertex 3.9967 0.794992 0
      vertex 3.89953 1.18291 18
      vertex 3.89953 1.18291 0
    endloop
  endfacet
  facet normal -0.97003 -0.242984 0
    outer loop
      vertex 3.89953 1.18291 18
      vertex 3.9967 0.794992 0
      vertex 3.9967 0.794992 18
    endloop
  endfacet
  facet normal -0.336989 0.941509 0
    outer loop
      vertex 1.55943 -3.76481 0
      vertex 1.5311 -3.77495 5.53554
      vertex 1.55943 -3.76481 5.64865
    endloop
  endfacet
  facet normal -0.336824 0.941568 9.54369e-07
    outer loop
      vertex 1.55943 -3.76481 0
      vertex 1.47821 -3.79387 5.38771
      vertex 1.5311 -3.77495 5.53554
    endloop
  endfacet
  facet normal -0.336852 0.941557 4.64144e-07
    outer loop
      vertex 1.55943 -3.76481 0
      vertex 1.41107 -3.81789 5.24576
      vertex 1.47821 -3.79387 5.38771
    endloop
  endfacet
  facet normal -0.336967 0.941516 -3.19092e-06
    outer loop
      vertex 1.55943 -3.76481 0
      vertex 1.33035 -3.84678 5.11109
      vertex 1.41107 -3.81789 5.24576
    endloop
  endfacet
  facet normal -0.336844 0.941561 3.04107e-06
    outer loop
      vertex 1.55943 -3.76481 0
      vertex 1.23682 -3.88024 4.98497
      vertex 1.33035 -3.84678 5.11109
    endloop
  endfacet
  facet normal -0.3369 0.941541 -1.03203e-06
    outer loop
      vertex 1.55943 -3.76481 0
      vertex 1.18291 -3.89953 4.92549
      vertex 1.23682 -3.88024 4.98497
    endloop
  endfacet
  facet normal -0.336888 0.941545 0
    outer loop
      vertex 1.18291 -3.89953 4.92549
      vertex 1.55943 -3.76481 0
      vertex 1.18291 -3.89953 0
    endloop
  endfacet
  facet normal -0.336888 0.941545 0
    outer loop
      vertex 1.55943 -3.76481 18
      vertex 1.18291 -3.89953 7.07451
      vertex 1.18291 -3.89953 18
    endloop
  endfacet
  facet normal -0.3369 0.94154 4.86025e-07
    outer loop
      vertex 1.55943 -3.76481 18
      vertex 1.23682 -3.88024 7.01503
      vertex 1.18291 -3.89953 7.07451
    endloop
  endfacet
  facet normal -0.336842 0.941561 -1.44331e-06
    outer loop
      vertex 1.55943 -3.76481 18
      vertex 1.33035 -3.84678 6.88891
      vertex 1.23682 -3.88024 7.01503
    endloop
  endfacet
  facet normal -0.33697 0.941516 1.52511e-06
    outer loop
      vertex 1.55943 -3.76481 18
      vertex 1.41107 -3.81789 6.75423
      vertex 1.33035 -3.84678 6.88891
    endloop
  endfacet
  facet normal -0.336852 0.941558 -2.23227e-07
    outer loop
      vertex 1.55943 -3.76481 18
      vertex 1.47821 -3.79387 6.61229
      vertex 1.41107 -3.81789 6.75423
    endloop
  endfacet
  facet normal -0.336822 0.941568 -4.61355e-07
    outer loop
      vertex 1.55943 -3.76481 18
      vertex 1.5311 -3.77495 6.46445
      vertex 1.47821 -3.79387 6.61229
    endloop
  endfacet
  facet normal -0.336989 0.941509 0
    outer loop
      vertex 1.5311 -3.77495 6.46445
      vertex 1.55943 -3.76481 18
      vertex 1.55943 -3.76481 6.35135
    endloop
  endfacet
  facet normal 0.671559 -0.740951 0
    outer loop
      vertex -2.88146 2.88146 0
      vertex -2.58515 3.15002 18
      vertex -2.88146 2.88146 18
    endloop
  endfacet
  facet normal 0.671559 -0.740951 0
    outer loop
      vertex -2.58515 3.15002 18
      vertex -2.88146 2.88146 0
      vertex -2.58515 3.15002 0
    endloop
  endfacet
  facet normal 0.97003 0.242984 0
    outer loop
      vertex -3.89953 -1.18291 18
      vertex -3.9967 -0.794992 0
      vertex -3.9967 -0.794992 18
    endloop
  endfacet
  facet normal 0.97003 0.242984 0
    outer loop
      vertex -3.9967 -0.794992 0
      vertex -3.89953 -1.18291 18
      vertex -3.89953 -1.18291 0
    endloop
  endfacet
  facet normal -0.427552 -0.903991 0
    outer loop
      vertex 1.55943 3.76481 0
      vertex 1.92094 3.59383 18
      vertex 1.55943 3.76481 18
    endloop
  endfacet
  facet normal -0.427552 -0.903991 -0
    outer loop
      vertex 1.92094 3.59383 18
      vertex 1.55943 3.76481 0
      vertex 1.92094 3.59383 0
    endloop
  endfacet
  facet normal 0.242984 0.97003 0
    outer loop
      vertex -1.18291 -3.89953 0
      vertex -0.794992 -3.9967 4.61335
      vertex -0.794992 -3.9967 0
    endloop
  endfacet
  facet normal 0.24302 0.970021 -3.20581e-06
    outer loop
      vertex -0.794992 -3.9967 4.61335
      vertex -1.18291 -3.89953 0
      vertex -0.888912 -3.97317 4.66965
    endloop
  endfacet
  facet normal 0.242973 0.970033 -1.05906e-07
    outer loop
      vertex -0.888912 -3.97317 4.66965
      vertex -1.18291 -3.89953 0
      vertex -1.01503 -3.94158 4.76318
    endloop
  endfacet
  facet normal 0.242967 0.970034 1.25187e-07
    outer loop
      vertex -1.01503 -3.94158 4.76318
      vertex -1.18291 -3.89953 0
      vertex -1.13137 -3.91244 4.86863
    endloop
  endfacet
  facet normal 0.242978 0.970032 0
    outer loop
      vertex -1.13137 -3.91244 4.86863
      vertex -1.18291 -3.89953 0
      vertex -1.18291 -3.89953 4.92549
    endloop
  endfacet
  facet normal 0.242984 0.97003 -0
    outer loop
      vertex -0.794992 -3.9967 7.38664
      vertex -1.18291 -3.89953 18
      vertex -0.794992 -3.9967 18
    endloop
  endfacet
  facet normal 0.243021 0.970021 1.43234e-06
    outer loop
      vertex -0.888912 -3.97317 7.33035
      vertex -1.18291 -3.89953 18
      vertex -0.794992 -3.9967 7.38664
    endloop
  endfacet
  facet normal 0.242974 0.970033 4.75433e-08
    outer loop
      vertex -1.01503 -3.94158 7.23682
      vertex -1.18291 -3.89953 18
      vertex -0.888912 -3.97317 7.33035
    endloop
  endfacet
  facet normal 0.242967 0.970034 -5.63738e-08
    outer loop
      vertex -1.13137 -3.91244 7.13137
      vertex -1.18291 -3.89953 18
      vertex -1.01503 -3.94158 7.23682
    endloop
  endfacet
  facet normal 0.242978 0.970032 0
    outer loop
      vertex -1.18291 -3.89953 18
      vertex -1.13137 -3.91244 7.13137
      vertex -1.18291 -3.89953 7.07451
    endloop
  endfacet
  facet normal 0.146736 0.989176 0
    outer loop
      vertex -0.794992 -3.9967 0
      vertex -0.39942 -4.05538 4.4526
      vertex -0.39942 -4.05538 0
    endloop
  endfacet
  facet normal 0.146774 0.98917 -3.39504e-06
    outer loop
      vertex -0.39942 -4.05538 4.4526
      vertex -0.794992 -3.9967 0
      vertex -0.464455 -4.04573 4.46889
    endloop
  endfacet
  facet normal 0.146732 0.989176 -2.61488e-07
    outer loop
      vertex -0.464455 -4.04573 4.46889
      vertex -0.794992 -3.9967 0
      vertex -0.612293 -4.0238 4.52179
    endloop
  endfacet
  facet normal 0.146697 0.989181 1.1904e-06
    outer loop
      vertex -0.612293 -4.0238 4.52179
      vertex -0.794992 -3.9967 0
      vertex -0.754234 -4.00275 4.58893
    endloop
  endfacet
  facet normal 0.146828 0.989162 0
    outer loop
      vertex -0.754234 -4.00275 4.58893
      vertex -0.794992 -3.9967 0
      vertex -0.794992 -3.9967 4.61335
    endloop
  endfacet
  facet normal 0.146736 0.989176 -0
    outer loop
      vertex -0.39942 -4.05538 7.54739
      vertex -0.794992 -3.9967 18
      vertex -0.39942 -4.05538 18
    endloop
  endfacet
  facet normal 0.146774 0.98917 1.46452e-06
    outer loop
      vertex -0.464455 -4.04573 7.5311
      vertex -0.794992 -3.9967 18
      vertex -0.39942 -4.05538 7.54739
    endloop
  endfacet
  facet normal 0.146732 0.989176 1.13296e-07
    outer loop
      vertex -0.612293 -4.0238 7.47821
      vertex -0.794992 -3.9967 18
      vertex -0.464455 -4.04573 7.5311
    endloop
  endfacet
  facet normal 0.146697 0.989181 -5.17111e-07
    outer loop
      vertex -0.754234 -4.00275 7.41107
      vertex -0.794992 -3.9967 18
      vertex -0.612293 -4.0238 7.47821
    endloop
  endfacet
  facet normal 0.146828 0.989162 0
    outer loop
      vertex -0.794992 -3.9967 18
      vertex -0.754234 -4.00275 7.41107
      vertex -0.794992 -3.9967 7.38664
    endloop
  endfacet
  facet normal -0.242984 -0.97003 0
    outer loop
      vertex 0.794992 3.9967 0
      vertex 1.18291 3.89953 18
      vertex 0.794992 3.9967 18
    endloop
  endfacet
  facet normal -0.242984 -0.97003 -0
    outer loop
      vertex 1.18291 3.89953 18
      vertex 0.794992 3.9967 0
      vertex 1.18291 3.89953 0
    endloop
  endfacet
  facet normal 0.740951 -0.671559 0
    outer loop
      vertex -3.15002 2.58515 18
      vertex -2.88146 2.88146 0
      vertex -2.88146 2.88146 18
    endloop
  endfacet
  facet normal 0.740951 -0.671559 0
    outer loop
      vertex -2.88146 2.88146 0
      vertex -3.15002 2.58515 18
      vertex -3.15002 2.58515 0
    endloop
  endfacet
  facet normal 0.336888 -0.941545 0
    outer loop
      vertex -1.55943 3.76481 0
      vertex -1.18291 3.89953 18
      vertex -1.55943 3.76481 18
    endloop
  endfacet
  facet normal 0.336888 -0.941545 0
    outer loop
      vertex -1.18291 3.89953 18
      vertex -1.55943 3.76481 0
      vertex -1.18291 3.89953 0
    endloop
  endfacet
  facet normal -0.048981 0.9988 0
    outer loop
      vertex 0.39942 -4.05538 0
      vertex 0.312144 -4.05966 4.43074
      vertex 0.39942 -4.05538 4.4526
    endloop
  endfacet
  facet normal -0.0491299 0.998792 -2.94043e-06
    outer loop
      vertex 0.39942 -4.05538 0
      vertex 0.156827 -4.0673 4.4077
      vertex 0.312144 -4.05966 4.43074
    endloop
  endfacet
  facet normal -0.0490397 0.998797 2.03436e-06
    outer loop
      vertex 0.39942 -4.05538 0
      vertex 0 -4.075 4.4
      vertex 0.156827 -4.0673 4.4077
    endloop
  endfacet
  facet normal -0.0490621 0.998796 0
    outer loop
      vertex 0 -4.075 4.4
      vertex 0.39942 -4.05538 0
      vertex 0 -4.075 0
    endloop
  endfacet
  facet normal -0.0490621 0.998796 0
    outer loop
      vertex 0.39942 -4.05538 18
      vertex 0 -4.075 7.6
      vertex 0 -4.075 18
    endloop
  endfacet
  facet normal -0.0490397 0.998797 -8.62896e-07
    outer loop
      vertex 0.39942 -4.05538 18
      vertex 0.156827 -4.0673 7.59229
      vertex 0 -4.075 7.6
    endloop
  endfacet
  facet normal -0.0491301 0.998792 1.25112e-06
    outer loop
      vertex 0.39942 -4.05538 18
      vertex 0.312144 -4.05966 7.56926
      vertex 0.156827 -4.0673 7.59229
    endloop
  endfacet
  facet normal -0.048981 0.9988 0
    outer loop
      vertex 0.312144 -4.05966 7.56926
      vertex 0.39942 -4.05538 18
      vertex 0.39942 -4.05538 7.54739
    endloop
  endfacet
  facet normal 0.0490621 -0.998796 0
    outer loop
      vertex -0.39942 4.05538 0
      vertex 0 4.075 18
      vertex -0.39942 4.05538 18
    endloop
  endfacet
  facet normal 0.0490621 -0.998796 0
    outer loop
      vertex 0 4.075 18
      vertex -0.39942 4.05538 0
      vertex 0 4.075 0
    endloop
  endfacet
  facet normal 0.595702 0.803205 -0
    outer loop
      vertex -2.26395 -3.38824 0
      vertex -2.58515 -3.15002 18
      vertex -2.26395 -3.38824 18
    endloop
  endfacet
  facet normal 0.595702 0.803205 0
    outer loop
      vertex -2.58515 -3.15002 18
      vertex -2.26395 -3.38824 0
      vertex -2.58515 -3.15002 0
    endloop
  endfacet
  facet normal 0.903991 0.427552 0
    outer loop
      vertex -3.59383 -1.92094 18
      vertex -3.76481 -1.55943 0
      vertex -3.76481 -1.55943 18
    endloop
  endfacet
  facet normal 0.903991 0.427552 0
    outer loop
      vertex -3.76481 -1.55943 0
      vertex -3.59383 -1.92094 18
      vertex -3.59383 -1.92094 0
    endloop
  endfacet
  facet normal 0.146736 -0.989176 0
    outer loop
      vertex -0.794992 3.9967 0
      vertex -0.39942 4.05538 18
      vertex -0.794992 3.9967 18
    endloop
  endfacet
  facet normal 0.146736 -0.989176 0
    outer loop
      vertex -0.39942 4.05538 18
      vertex -0.794992 3.9967 0
      vertex -0.39942 4.05538 0
    endloop
  endfacet
  facet normal -0.595702 0.803205 0
    outer loop
      vertex 2.58515 -3.15002 0
      vertex 2.26395 -3.38824 18
      vertex 2.58515 -3.15002 18
    endloop
  endfacet
  facet normal -0.595702 0.803205 0
    outer loop
      vertex 2.26395 -3.38824 18
      vertex 2.58515 -3.15002 0
      vertex 2.26395 -3.38824 0
    endloop
  endfacet
  facet normal -0.514099 -0.857731 0
    outer loop
      vertex 1.92094 3.59383 0
      vertex 2.26395 3.38824 18
      vertex 1.92094 3.59383 18
    endloop
  endfacet
  facet normal -0.514099 -0.857731 -0
    outer loop
      vertex 2.26395 3.38824 18
      vertex 1.92094 3.59383 0
      vertex 2.26395 3.38824 0
    endloop
  endfacet
  facet normal 0.998796 0.0490621 0
    outer loop
      vertex -4.05538 -0.39942 18
      vertex -4.075 0 0
      vertex -4.075 0 18
    endloop
  endfacet
  facet normal 0.998796 0.0490621 0
    outer loop
      vertex -4.075 0 0
      vertex -4.05538 -0.39942 18
      vertex -4.05538 -0.39942 0
    endloop
  endfacet
  facet normal 0.336888 0.941545 0
    outer loop
      vertex -1.55943 -3.76481 0
      vertex -1.18291 -3.89953 4.92549
      vertex -1.18291 -3.89953 0
    endloop
  endfacet
  facet normal 0.3369 0.941541 -1.03203e-06
    outer loop
      vertex -1.18291 -3.89953 4.92549
      vertex -1.55943 -3.76481 0
      vertex -1.23682 -3.88024 4.98497
    endloop
  endfacet
  facet normal 0.336844 0.941561 3.04107e-06
    outer loop
      vertex -1.23682 -3.88024 4.98497
      vertex -1.55943 -3.76481 0
      vertex -1.33035 -3.84678 5.11109
    endloop
  endfacet
  facet normal 0.336967 0.941516 -3.19092e-06
    outer loop
      vertex -1.33035 -3.84678 5.11109
      vertex -1.55943 -3.76481 0
      vertex -1.41107 -3.81789 5.24576
    endloop
  endfacet
  facet normal 0.336852 0.941557 4.64144e-07
    outer loop
      vertex -1.41107 -3.81789 5.24576
      vertex -1.55943 -3.76481 0
      vertex -1.47821 -3.79387 5.38771
    endloop
  endfacet
  facet normal 0.336824 0.941568 9.54369e-07
    outer loop
      vertex -1.47821 -3.79387 5.38771
      vertex -1.55943 -3.76481 0
      vertex -1.5311 -3.77495 5.53554
    endloop
  endfacet
  facet normal 0.336989 0.941509 0
    outer loop
      vertex -1.5311 -3.77495 5.53554
      vertex -1.55943 -3.76481 0
      vertex -1.55943 -3.76481 5.64865
    endloop
  endfacet
  facet normal 0.336888 0.941545 -0
    outer loop
      vertex -1.18291 -3.89953 7.07451
      vertex -1.55943 -3.76481 18
      vertex -1.18291 -3.89953 18
    endloop
  endfacet
  facet normal 0.3369 0.94154 4.86025e-07
    outer loop
      vertex -1.23682 -3.88024 7.01503
      vertex -1.55943 -3.76481 18
      vertex -1.18291 -3.89953 7.07451
    endloop
  endfacet
  facet normal 0.336842 0.941561 -1.44331e-06
    outer loop
      vertex -1.33035 -3.84678 6.88891
      vertex -1.55943 -3.76481 18
      vertex -1.23682 -3.88024 7.01503
    endloop
  endfacet
  facet normal 0.33697 0.941516 1.52511e-06
    outer loop
      vertex -1.41107 -3.81789 6.75423
      vertex -1.55943 -3.76481 18
      vertex -1.33035 -3.84678 6.88891
    endloop
  endfacet
  facet normal 0.336852 0.941558 -2.23227e-07
    outer loop
      vertex -1.47821 -3.79387 6.61229
      vertex -1.55943 -3.76481 18
      vertex -1.41107 -3.81789 6.75423
    endloop
  endfacet
  facet normal 0.336822 0.941568 -4.61355e-07
    outer loop
      vertex -1.5311 -3.77495 6.46445
      vertex -1.55943 -3.76481 18
      vertex -1.47821 -3.79387 6.61229
    endloop
  endfacet
  facet normal 0.336989 0.941509 0
    outer loop
      vertex -1.55943 -3.76481 18
      vertex -1.5311 -3.77495 6.46445
      vertex -1.55943 -3.76481 6.35135
    endloop
  endfacet
  facet normal 0.903991 -0.427552 0
    outer loop
      vertex -3.76481 1.55943 18
      vertex -3.59383 1.92094 0
      vertex -3.59383 1.92094 18
    endloop
  endfacet
  facet normal 0.903991 -0.427552 0
    outer loop
      vertex -3.59383 1.92094 0
      vertex -3.76481 1.55943 18
      vertex -3.76481 1.55943 0
    endloop
  endfacet
  facet normal -0.97003 0.242984 0
    outer loop
      vertex 3.89953 -1.18291 0
      vertex 3.9967 -0.794992 18
      vertex 3.9967 -0.794992 0
    endloop
  endfacet
  facet normal -0.97003 0.242984 0
    outer loop
      vertex 3.9967 -0.794992 18
      vertex 3.89953 -1.18291 0
      vertex 3.89953 -1.18291 18
    endloop
  endfacet
  facet normal -0.671559 -0.740951 0
    outer loop
      vertex 2.58515 3.15002 0
      vertex 2.88146 2.88146 18
      vertex 2.58515 3.15002 18
    endloop
  endfacet
  facet normal -0.671559 -0.740951 -0
    outer loop
      vertex 2.88146 2.88146 18
      vertex 2.58515 3.15002 0
      vertex 2.88146 2.88146 0
    endloop
  endfacet
  facet normal -0.595702 -0.803205 0
    outer loop
      vertex 2.26395 3.38824 0
      vertex 2.58515 3.15002 18
      vertex 2.26395 3.38824 18
    endloop
  endfacet
  facet normal -0.595702 -0.803205 -0
    outer loop
      vertex 2.58515 3.15002 18
      vertex 2.26395 3.38824 0
      vertex 2.58515 3.15002 0
    endloop
  endfacet
  facet normal 0.595702 -0.803205 0
    outer loop
      vertex -2.58515 3.15002 0
      vertex -2.26395 3.38824 18
      vertex -2.58515 3.15002 18
    endloop
  endfacet
  facet normal 0.595702 -0.803205 0
    outer loop
      vertex -2.26395 3.38824 18
      vertex -2.58515 3.15002 0
      vertex -2.26395 3.38824 0
    endloop
  endfacet
  facet normal -0.514099 0.857731 0
    outer loop
      vertex 2.26395 -3.38824 0
      vertex 1.92094 -3.59383 18
      vertex 2.26395 -3.38824 18
    endloop
  endfacet
  facet normal -0.514099 0.857731 0
    outer loop
      vertex 1.92094 -3.59383 18
      vertex 2.26395 -3.38824 0
      vertex 1.92094 -3.59383 0
    endloop
  endfacet
  facet normal -0.740951 -0.671559 0
    outer loop
      vertex 3.15002 2.58515 0
      vertex 2.88146 2.88146 18
      vertex 2.88146 2.88146 0
    endloop
  endfacet
  facet normal -0.740951 -0.671559 0
    outer loop
      vertex 2.88146 2.88146 18
      vertex 3.15002 2.58515 0
      vertex 3.15002 2.58515 18
    endloop
  endfacet
  facet normal -0.803205 -0.595702 0
    outer loop
      vertex 3.38824 2.26395 0
      vertex 3.15002 2.58515 18
      vertex 3.15002 2.58515 0
    endloop
  endfacet
  facet normal -0.803205 -0.595702 0
    outer loop
      vertex 3.15002 2.58515 18
      vertex 3.38824 2.26395 0
      vertex 3.38824 2.26395 18
    endloop
  endfacet
  facet normal -0.989176 0.146736 0
    outer loop
      vertex 3.9967 -0.794992 0
      vertex 4.05538 -0.39942 18
      vertex 4.05538 -0.39942 0
    endloop
  endfacet
  facet normal -0.989176 0.146736 0
    outer loop
      vertex 4.05538 -0.39942 18
      vertex 3.9967 -0.794992 0
      vertex 3.9967 -0.794992 18
    endloop
  endfacet
  facet normal 0.941545 -0.336888 0
    outer loop
      vertex -3.89953 1.18291 18
      vertex -3.76481 1.55943 0
      vertex -3.76481 1.55943 18
    endloop
  endfacet
  facet normal 0.941545 -0.336888 0
    outer loop
      vertex -3.76481 1.55943 0
      vertex -3.89953 1.18291 18
      vertex -3.89953 1.18291 0
    endloop
  endfacet
  facet normal -0.903991 0.427552 0
    outer loop
      vertex 3.59383 -1.92094 0
      vertex 3.76481 -1.55943 18
      vertex 3.76481 -1.55943 0
    endloop
  endfacet
  facet normal -0.903991 0.427552 0
    outer loop
      vertex 3.76481 -1.55943 18
      vertex 3.59383 -1.92094 0
      vertex 3.59383 -1.92094 18
    endloop
  endfacet
  facet normal -0.998796 0.0490621 0
    outer loop
      vertex 4.05538 -0.39942 0
      vertex 4.075 0 18
      vertex 4.075 0 0
    endloop
  endfacet
  facet normal -0.998796 0.0490621 0
    outer loop
      vertex 4.075 0 18
      vertex 4.05538 -0.39942 0
      vertex 4.05538 -0.39942 18
    endloop
  endfacet
  facet normal -0.242978 0.970032 0
    outer loop
      vertex 1.18291 -3.89953 0
      vertex 1.13137 -3.91244 4.86863
      vertex 1.18291 -3.89953 4.92549
    endloop
  endfacet
  facet normal -0.242967 0.970034 1.25187e-07
    outer loop
      vertex 1.18291 -3.89953 0
      vertex 1.01503 -3.94158 4.76318
      vertex 1.13137 -3.91244 4.86863
    endloop
  endfacet
  facet normal -0.242973 0.970033 -1.05906e-07
    outer loop
      vertex 1.18291 -3.89953 0
      vertex 0.888912 -3.97317 4.66965
      vertex 1.01503 -3.94158 4.76318
    endloop
  endfacet
  facet normal -0.24302 0.970021 -3.20581e-06
    outer loop
      vertex 1.18291 -3.89953 0
      vertex 0.794992 -3.9967 4.61335
      vertex 0.888912 -3.97317 4.66965
    endloop
  endfacet
  facet normal -0.242984 0.97003 0
    outer loop
      vertex 0.794992 -3.9967 4.61335
      vertex 1.18291 -3.89953 0
      vertex 0.794992 -3.9967 0
    endloop
  endfacet
  facet normal -0.242984 0.97003 0
    outer loop
      vertex 1.18291 -3.89953 18
      vertex 0.794992 -3.9967 7.38664
      vertex 0.794992 -3.9967 18
    endloop
  endfacet
  facet normal -0.243021 0.970021 1.43234e-06
    outer loop
      vertex 1.18291 -3.89953 18
      vertex 0.888912 -3.97317 7.33035
      vertex 0.794992 -3.9967 7.38664
    endloop
  endfacet
  facet normal -0.242974 0.970033 4.75433e-08
    outer loop
      vertex 1.18291 -3.89953 18
      vertex 1.01503 -3.94158 7.23682
      vertex 0.888912 -3.97317 7.33035
    endloop
  endfacet
  facet normal -0.242967 0.970034 -5.63738e-08
    outer loop
      vertex 1.18291 -3.89953 18
      vertex 1.13137 -3.91244 7.13137
      vertex 1.01503 -3.94158 7.23682
    endloop
  endfacet
  facet normal -0.242978 0.970032 0
    outer loop
      vertex 1.13137 -3.91244 7.13137
      vertex 1.18291 -3.89953 18
      vertex 1.18291 -3.89953 7.07451
    endloop
  endfacet
  facet normal -0.146828 0.989162 0
    outer loop
      vertex 0.794992 -3.9967 0
      vertex 0.754234 -4.00275 4.58893
      vertex 0.794992 -3.9967 4.61335
    endloop
  endfacet
  facet normal -0.146697 0.989181 1.1904e-06
    outer loop
      vertex 0.794992 -3.9967 0
      vertex 0.612293 -4.0238 4.52179
      vertex 0.754234 -4.00275 4.58893
    endloop
  endfacet
  facet normal -0.146732 0.989176 -2.61488e-07
    outer loop
      vertex 0.794992 -3.9967 0
      vertex 0.464455 -4.04573 4.46889
      vertex 0.612293 -4.0238 4.52179
    endloop
  endfacet
  facet normal -0.146774 0.98917 -3.39504e-06
    outer loop
      vertex 0.794992 -3.9967 0
      vertex 0.39942 -4.05538 4.4526
      vertex 0.464455 -4.04573 4.46889
    endloop
  endfacet
  facet normal -0.146736 0.989176 0
    outer loop
      vertex 0.39942 -4.05538 4.4526
      vertex 0.794992 -3.9967 0
      vertex 0.39942 -4.05538 0
    endloop
  endfacet
  facet normal -0.146736 0.989176 0
    outer loop
      vertex 0.794992 -3.9967 18
      vertex 0.39942 -4.05538 7.54739
      vertex 0.39942 -4.05538 18
    endloop
  endfacet
  facet normal -0.146774 0.98917 1.46452e-06
    outer loop
      vertex 0.794992 -3.9967 18
      vertex 0.464455 -4.04573 7.5311
      vertex 0.39942 -4.05538 7.54739
    endloop
  endfacet
  facet normal -0.146732 0.989176 1.13296e-07
    outer loop
      vertex 0.794992 -3.9967 18
      vertex 0.612293 -4.0238 7.47821
      vertex 0.464455 -4.04573 7.5311
    endloop
  endfacet
  facet normal -0.146697 0.989181 -5.17111e-07
    outer loop
      vertex 0.794992 -3.9967 18
      vertex 0.754234 -4.00275 7.41107
      vertex 0.612293 -4.0238 7.47821
    endloop
  endfacet
  facet normal -0.146828 0.989162 0
    outer loop
      vertex 0.754234 -4.00275 7.41107
      vertex 0.794992 -3.9967 18
      vertex 0.794992 -3.9967 7.38664
    endloop
  endfacet
  facet normal -0.941545 -0.336888 0
    outer loop
      vertex 3.89953 1.18291 0
      vertex 3.76481 1.55943 18
      vertex 3.76481 1.55943 0
    endloop
  endfacet
  facet normal -0.941545 -0.336888 0
    outer loop
      vertex 3.76481 1.55943 18
      vertex 3.89953 1.18291 0
      vertex 3.89953 1.18291 18
    endloop
  endfacet
  facet normal -0.803205 0.595702 0
    outer loop
      vertex 3.15002 -2.58515 0
      vertex 3.38824 -2.26395 18
      vertex 3.38824 -2.26395 0
    endloop
  endfacet
  facet normal -0.803205 0.595702 0
    outer loop
      vertex 3.38824 -2.26395 18
      vertex 3.15002 -2.58515 0
      vertex 3.15002 -2.58515 18
    endloop
  endfacet
  facet normal -0.857731 0.514099 0
    outer loop
      vertex 3.38824 -2.26395 0
      vertex 3.59383 -1.92094 18
      vertex 3.59383 -1.92094 0
    endloop
  endfacet
  facet normal -0.857731 0.514099 0
    outer loop
      vertex 3.59383 -1.92094 18
      vertex 3.38824 -2.26395 0
      vertex 3.38824 -2.26395 18
    endloop
  endfacet
  facet normal -0.427552 0.903991 0
    outer loop
      vertex 1.92094 -3.59383 18
      vertex 1.55943 -3.76481 6.35135
      vertex 1.55943 -3.76481 18
    endloop
  endfacet
  facet normal -0.427605 0.903966 2.02386e-06
    outer loop
      vertex 1.92094 -3.59383 18
      vertex 1.56926 -3.76016 6.31214
      vertex 1.55943 -3.76481 6.35135
    endloop
  endfacet
  facet normal -0.427491 0.90402 -2.19087e-06
    outer loop
      vertex 1.92094 -3.59383 18
      vertex 1.59229 -3.74927 6.15683
      vertex 1.56926 -3.76016 6.31214
    endloop
  endfacet
  facet normal -0.427766 0.90389 7.15061e-06
    outer loop
      vertex 1.92094 -3.59383 18
      vertex 1.6 -3.74562 6
      vertex 1.59229 -3.74927 6.15683
    endloop
  endfacet
  facet normal -0.427547 0.903993 0
    outer loop
      vertex 1.92094 -3.59383 0
      vertex 1.6 -3.74562 6
      vertex 1.92094 -3.59383 18
    endloop
  endfacet
  facet normal -0.427709 0.903916 -1.05755e-05
    outer loop
      vertex 1.92094 -3.59383 0
      vertex 1.59229 -3.74927 5.84317
      vertex 1.6 -3.74562 6
    endloop
  endfacet
  facet normal -0.4275 0.904015 3.8218e-06
    outer loop
      vertex 1.92094 -3.59383 0
      vertex 1.56926 -3.76016 5.68785
      vertex 1.59229 -3.74927 5.84317
    endloop
  endfacet
  facet normal -0.4276 0.903968 -3.73663e-06
    outer loop
      vertex 1.92094 -3.59383 0
      vertex 1.55943 -3.76481 5.64865
      vertex 1.56926 -3.76016 5.68785
    endloop
  endfacet
  facet normal -0.427552 0.903991 0
    outer loop
      vertex 1.55943 -3.76481 5.64865
      vertex 1.92094 -3.59383 0
      vertex 1.55943 -3.76481 0
    endloop
  endfacet
  facet normal -0.0490621 -0.998796 0
    outer loop
      vertex 0 4.075 0
      vertex 0.39942 4.05538 18
      vertex 0 4.075 18
    endloop
  endfacet
  facet normal -0.0490621 -0.998796 -0
    outer loop
      vertex 0.39942 4.05538 18
      vertex 0 4.075 0
      vertex 0.39942 4.05538 0
    endloop
  endfacet
  facet normal -0.941545 0.336888 0
    outer loop
      vertex 3.76481 -1.55943 0
      vertex 3.89953 -1.18291 18
      vertex 3.89953 -1.18291 0
    endloop
  endfacet
  facet normal -0.941545 0.336888 0
    outer loop
      vertex 3.89953 -1.18291 18
      vertex 3.76481 -1.55943 0
      vertex 3.76481 -1.55943 18
    endloop
  endfacet
  facet normal 0.242984 -0.97003 0
    outer loop
      vertex -1.18291 3.89953 0
      vertex -0.794992 3.9967 18
      vertex -1.18291 3.89953 18
    endloop
  endfacet
  facet normal 0.242984 -0.97003 0
    outer loop
      vertex -0.794992 3.9967 18
      vertex -1.18291 3.89953 0
      vertex -0.794992 3.9967 0
    endloop
  endfacet
  facet normal -0.903991 -0.427552 0
    outer loop
      vertex 3.76481 1.55943 0
      vertex 3.59383 1.92094 18
      vertex 3.59383 1.92094 0
    endloop
  endfacet
  facet normal -0.903991 -0.427552 0
    outer loop
      vertex 3.59383 1.92094 18
      vertex 3.76481 1.55943 0
      vertex 3.76481 1.55943 18
    endloop
  endfacet
  facet normal 0.427552 -0.903991 0
    outer loop
      vertex -1.92094 3.59383 0
      vertex -1.55943 3.76481 18
      vertex -1.92094 3.59383 18
    endloop
  endfacet
  facet normal 0.427552 -0.903991 0
    outer loop
      vertex -1.55943 3.76481 18
      vertex -1.92094 3.59383 0
      vertex -1.55943 3.76481 0
    endloop
  endfacet
  facet normal -0.146736 -0.989176 0
    outer loop
      vertex 0.39942 4.05538 0
      vertex 0.794992 3.9967 18
      vertex 0.39942 4.05538 18
    endloop
  endfacet
  facet normal -0.146736 -0.989176 -0
    outer loop
      vertex 0.794992 3.9967 18
      vertex 0.39942 4.05538 0
      vertex 0.794992 3.9967 0
    endloop
  endfacet
  facet normal 0.857731 0.514099 0
    outer loop
      vertex -3.38824 -2.26395 18
      vertex -3.59383 -1.92094 0
      vertex -3.59383 -1.92094 18
    endloop
  endfacet
  facet normal 0.857731 0.514099 0
    outer loop
      vertex -3.59383 -1.92094 0
      vertex -3.38824 -2.26395 18
      vertex -3.38824 -2.26395 0
    endloop
  endfacet
  facet normal -0.857731 -0.514099 0
    outer loop
      vertex 3.59383 1.92094 0
      vertex 3.38824 2.26395 18
      vertex 3.38824 2.26395 0
    endloop
  endfacet
  facet normal -0.857731 -0.514099 0
    outer loop
      vertex 3.38824 2.26395 18
      vertex 3.59383 1.92094 0
      vertex 3.59383 1.92094 18
    endloop
  endfacet
  facet normal 0.514099 -0.857731 0
    outer loop
      vertex -2.26395 3.38824 0
      vertex -1.92094 3.59383 18
      vertex -2.26395 3.38824 18
    endloop
  endfacet
  facet normal 0.514099 -0.857731 0
    outer loop
      vertex -1.92094 3.59383 18
      vertex -2.26395 3.38824 0
      vertex -1.92094 3.59383 0
    endloop
  endfacet
  facet normal 0.740951 0.671559 0
    outer loop
      vertex -2.88146 -2.88146 18
      vertex -3.15002 -2.58515 0
      vertex -3.15002 -2.58515 18
    endloop
  endfacet
  facet normal 0.740951 0.671559 0
    outer loop
      vertex -3.15002 -2.58515 0
      vertex -2.88146 -2.88146 18
      vertex -2.88146 -2.88146 0
    endloop
  endfacet
  facet normal 0.427552 0.903991 -0
    outer loop
      vertex -1.55943 -3.76481 6.35135
      vertex -1.92094 -3.59383 18
      vertex -1.55943 -3.76481 18
    endloop
  endfacet
  facet normal 0.427605 0.903966 2.02386e-06
    outer loop
      vertex -1.56926 -3.76016 6.31214
      vertex -1.92094 -3.59383 18
      vertex -1.55943 -3.76481 6.35135
    endloop
  endfacet
  facet normal 0.427491 0.90402 -2.19087e-06
    outer loop
      vertex -1.59229 -3.74927 6.15683
      vertex -1.92094 -3.59383 18
      vertex -1.56926 -3.76016 6.31214
    endloop
  endfacet
  facet normal 0.427766 0.90389 7.15061e-06
    outer loop
      vertex -1.6 -3.74562 6
      vertex -1.92094 -3.59383 18
      vertex -1.59229 -3.74927 6.15683
    endloop
  endfacet
  facet normal 0.427552 0.903991 0
    outer loop
      vertex -1.92094 -3.59383 0
      vertex -1.55943 -3.76481 5.64865
      vertex -1.55943 -3.76481 0
    endloop
  endfacet
  facet normal 0.4276 0.903968 -3.73663e-06
    outer loop
      vertex -1.55943 -3.76481 5.64865
      vertex -1.92094 -3.59383 0
      vertex -1.56926 -3.76016 5.68785
    endloop
  endfacet
  facet normal 0.4275 0.904015 3.8218e-06
    outer loop
      vertex -1.56926 -3.76016 5.68785
      vertex -1.92094 -3.59383 0
      vertex -1.59229 -3.74927 5.84317
    endloop
  endfacet
  facet normal 0.427709 0.903916 -1.05755e-05
    outer loop
      vertex -1.59229 -3.74927 5.84317
      vertex -1.92094 -3.59383 0
      vertex -1.6 -3.74562 6
    endloop
  endfacet
  facet normal 0.427547 0.903993 0
    outer loop
      vertex -1.6 -3.74562 6
      vertex -1.92094 -3.59383 0
      vertex -1.92094 -3.59383 18
    endloop
  endfacet
  facet normal 0.941545 0.336888 0
    outer loop
      vertex -3.76481 -1.55943 18
      vertex -3.89953 -1.18291 0
      vertex -3.89953 -1.18291 18
    endloop
  endfacet
  facet normal 0.941545 0.336888 0
    outer loop
      vertex -3.89953 -1.18291 0
      vertex -3.76481 -1.55943 18
      vertex -3.76481 -1.55943 0
    endloop
  endfacet
  facet normal 0.514099 0.857731 -0
    outer loop
      vertex -1.92094 -3.59383 0
      vertex -2.26395 -3.38824 18
      vertex -1.92094 -3.59383 18
    endloop
  endfacet
  facet normal 0.514099 0.857731 0
    outer loop
      vertex -2.26395 -3.38824 18
      vertex -1.92094 -3.59383 0
      vertex -2.26395 -3.38824 0
    endloop
  endfacet
  facet normal 0.97003 -0.242984 0
    outer loop
      vertex -3.9967 0.794992 18
      vertex -3.89953 1.18291 0
      vertex -3.89953 1.18291 18
    endloop
  endfacet
  facet normal 0.97003 -0.242984 0
    outer loop
      vertex -3.89953 1.18291 0
      vertex -3.9967 0.794992 18
      vertex -3.9967 0.794992 0
    endloop
  endfacet
  facet normal 0.989176 -0.146736 0
    outer loop
      vertex -4.05538 0.39942 18
      vertex -3.9967 0.794992 0
      vertex -3.9967 0.794992 18
    endloop
  endfacet
  facet normal 0.989176 -0.146736 0
    outer loop
      vertex -3.9967 0.794992 0
      vertex -4.05538 0.39942 18
      vertex -4.05538 0.39942 0
    endloop
  endfacet
  facet normal -0.336888 -0.941545 0
    outer loop
      vertex 1.18291 3.89953 0
      vertex 1.55943 3.76481 18
      vertex 1.18291 3.89953 18
    endloop
  endfacet
  facet normal -0.336888 -0.941545 -0
    outer loop
      vertex 1.55943 3.76481 18
      vertex 1.18291 3.89953 0
      vertex 1.55943 3.76481 0
    endloop
  endfacet
  facet normal 0.803205 0.595702 0
    outer loop
      vertex -3.15002 -2.58515 18
      vertex -3.38824 -2.26395 0
      vertex -3.38824 -2.26395 18
    endloop
  endfacet
  facet normal 0.803205 0.595702 0
    outer loop
      vertex -3.38824 -2.26395 0
      vertex -3.15002 -2.58515 18
      vertex -3.15002 -2.58515 0
    endloop
  endfacet
  facet normal 0.989176 0.146736 0
    outer loop
      vertex -3.9967 -0.794992 18
      vertex -4.05538 -0.39942 0
      vertex -4.05538 -0.39942 18
    endloop
  endfacet
  facet normal 0.989176 0.146736 0
    outer loop
      vertex -4.05538 -0.39942 0
      vertex -3.9967 -0.794992 18
      vertex -3.9967 -0.794992 0
    endloop
  endfacet
  facet normal 0.671559 0.740951 -0
    outer loop
      vertex -2.58515 -3.15002 0
      vertex -2.88146 -2.88146 18
      vertex -2.58515 -3.15002 18
    endloop
  endfacet
  facet normal 0.671559 0.740951 0
    outer loop
      vertex -2.88146 -2.88146 18
      vertex -2.58515 -3.15002 0
      vertex -2.88146 -2.88146 0
    endloop
  endfacet
  facet normal 0.803205 -0.595702 0
    outer loop
      vertex -3.38824 2.26395 18
      vertex -3.15002 2.58515 0
      vertex -3.15002 2.58515 18
    endloop
  endfacet
  facet normal 0.803205 -0.595702 0
    outer loop
      vertex -3.15002 2.58515 0
      vertex -3.38824 2.26395 18
      vertex -3.38824 2.26395 0
    endloop
  endfacet
  facet normal 0.857731 -0.514099 0
    outer loop
      vertex -3.59383 1.92094 18
      vertex -3.38824 2.26395 0
      vertex -3.38824 2.26395 18
    endloop
  endfacet
  facet normal 0.857731 -0.514099 0
    outer loop
      vertex -3.38824 2.26395 0
      vertex -3.59383 1.92094 18
      vertex -3.59383 1.92094 0
    endloop
  endfacet
  facet normal 0.0490396 0.998797 -0
    outer loop
      vertex 0 -4.075 0
      vertex -0.156827 -4.0673 4.4077
      vertex 0 -4.075 4.4
    endloop
  endfacet
  facet normal 0.0490621 0.998796 8.00921e-07
    outer loop
      vertex -0.39942 -4.05538 0
      vertex -0.156827 -4.0673 4.4077
      vertex 0 -4.075 0
    endloop
  endfacet
  facet normal 0.0491299 0.998792 -2.94043e-06
    outer loop
      vertex -0.156827 -4.0673 4.4077
      vertex -0.39942 -4.05538 0
      vertex -0.312144 -4.05966 4.43074
    endloop
  endfacet
  facet normal 0.048981 0.9988 0
    outer loop
      vertex -0.312144 -4.05966 4.43074
      vertex -0.39942 -4.05538 0
      vertex -0.39942 -4.05538 4.4526
    endloop
  endfacet
  facet normal 0.0490621 0.998796 -0
    outer loop
      vertex 0 -4.075 7.6
      vertex -0.39942 -4.05538 18
      vertex 0 -4.075 18
    endloop
  endfacet
  facet normal 0.0490397 0.998797 -8.62896e-07
    outer loop
      vertex -0.156827 -4.0673 7.59229
      vertex -0.39942 -4.05538 18
      vertex 0 -4.075 7.6
    endloop
  endfacet
  facet normal 0.0491301 0.998792 1.25112e-06
    outer loop
      vertex -0.312144 -4.05966 7.56926
      vertex -0.39942 -4.05538 18
      vertex -0.156827 -4.0673 7.59229
    endloop
  endfacet
  facet normal 0.048981 0.9988 0
    outer loop
      vertex -0.39942 -4.05538 18
      vertex -0.312144 -4.05966 7.56926
      vertex -0.39942 -4.05538 7.54739
    endloop
  endfacet
  facet normal 0.998796 -0.0490621 0
    outer loop
      vertex -4.075 0 18
      vertex -4.05538 0.39942 0
      vertex -4.05538 0.39942 18
    endloop
  endfacet
  facet normal 0.998796 -0.0490621 0
    outer loop
      vertex -4.05538 0.39942 0
      vertex -4.075 0 18
      vertex -4.075 0 0
    endloop
  endfacet
  facet normal -0.740951 0.671559 0
    outer loop
      vertex 2.88146 -2.88146 0
      vertex 3.15002 -2.58515 18
      vertex 3.15002 -2.58515 0
    endloop
  endfacet
  facet normal -0.740951 0.671559 0
    outer loop
      vertex 3.15002 -2.58515 18
      vertex 2.88146 -2.88146 0
      vertex 2.88146 -2.88146 18
    endloop
  endfacet
  facet normal -0.671559 0.740951 0
    outer loop
      vertex 2.88146 -2.88146 0
      vertex 2.58515 -3.15002 18
      vertex 2.88146 -2.88146 18
    endloop
  endfacet
  facet normal -0.671559 0.740951 0
    outer loop
      vertex 2.58515 -3.15002 18
      vertex 2.88146 -2.88146 0
      vertex 2.58515 -3.15002 0
    endloop
  endfacet
  facet normal -0.85774 0 -0.514084
    outer loop
      vertex 1.41107 -13.9268 6.75423
      vertex 1.33035 -10.8889 6.88891
      vertex 1.41107 -10.7542 6.75423
    endloop
  endfacet
  facet normal -0.857654 -0.00320908 -0.514218
    outer loop
      vertex 1.33035 -13.9346 6.88891
      vertex 1.41107 -13.9268 6.75423
      vertex 1.37224 -13.9326 6.81903
    endloop
  endfacet
  facet normal -0.85774 0 -0.514084
    outer loop
      vertex 1.41107 -13.9268 6.75423
      vertex 1.33035 -13.9346 6.88891
      vertex 1.33035 -10.8889 6.88891
    endloop
  endfacet
  facet normal -0.85774 0 -0.514084
    outer loop
      vertex 1.41107 -3.81789 6.75423
      vertex 1.33035 -9.11109 6.88891
      vertex 1.33035 -3.84678 6.88891
    endloop
  endfacet
  facet normal -0.85774 0 -0.514084
    outer loop
      vertex 1.33035 -9.11109 6.88891
      vertex 1.41107 -3.81789 6.75423
      vertex 1.41107 -9.24576 6.75423
    endloop
  endfacet
  facet normal -0.998794 0 -0.0491022
    outer loop
      vertex 1.6 -13.8988 6
      vertex 1.59229 -10.1568 6.15683
      vertex 1.6 -10 6
    endloop
  endfacet
  facet normal -0.998794 -0 -0.0491022
    outer loop
      vertex 1.59229 -10.1568 6.15683
      vertex 1.6 -13.8988 6
      vertex 1.59229 -13.8999 6.15683
    endloop
  endfacet
  facet normal -0.998794 0 -0.0491022
    outer loop
      vertex 1.6 -3.74562 6
      vertex 1.59229 -9.84317 6.15683
      vertex 1.59229 -3.74927 6.15683
    endloop
  endfacet
  facet normal -0.998794 0 -0.0491022
    outer loop
      vertex 1.59229 -9.84317 6.15683
      vertex 1.6 -3.74562 6
      vertex 1.6 -10 6
    endloop
  endfacet
  facet normal 0.94156 0 -0.336845
    outer loop
      vertex -1.47821 -10.6123 6.61229
      vertex -1.5311 -13.909 6.46445
      vertex -1.5311 -10.4645 6.46445
    endloop
  endfacet
  facet normal 0.94156 0 -0.336845
    outer loop
      vertex -1.5311 -13.909 6.46445
      vertex -1.47821 -10.6123 6.61229
      vertex -1.47821 -13.9169 6.61229
    endloop
  endfacet
  facet normal 0.94156 0 -0.336845
    outer loop
      vertex -1.47821 -9.38771 6.61229
      vertex -1.5311 -3.77495 6.46445
      vertex -1.47821 -3.79387 6.61229
    endloop
  endfacet
  facet normal 0.94156 0 -0.336845
    outer loop
      vertex -1.5311 -3.77495 6.46445
      vertex -1.47821 -9.38771 6.61229
      vertex -1.5311 -9.53554 6.46445
    endloop
  endfacet
  facet normal -0.243029 0 -0.970019
    outer loop
      vertex 0.312144 -8.43074 7.56926
      vertex 0.464455 -4.04573 7.5311
      vertex 0.464455 -8.46889 7.5311
    endloop
  endfacet
  facet normal -0.242974 -2.01526e-06 -0.970033
    outer loop
      vertex 0.464455 -4.04573 7.5311
      vertex 0.312144 -8.43074 7.56926
      vertex 0.39942 -4.05538 7.54739
    endloop
  endfacet
  facet normal -0.243069 0 -0.970009
    outer loop
      vertex 0.39942 -4.05538 7.54739
      vertex 0.312144 -8.43074 7.56926
      vertex 0.312144 -4.05966 7.56926
    endloop
  endfacet
  facet normal -0.243029 -0 -0.970019
    outer loop
      vertex 0.312144 -11.5693 7.56926
      vertex 0.464455 -13.9772 7.5311
      vertex 0.312144 -13.9847 7.56926
    endloop
  endfacet
  facet normal -0.243029 0 -0.970019
    outer loop
      vertex 0.464455 -13.9772 7.5311
      vertex 0.312144 -11.5693 7.56926
      vertex 0.464455 -11.5311 7.5311
    endloop
  endfacet
  facet normal -0.595677 -0 -0.803224
    outer loop
      vertex 0.888912 -11.3304 7.33035
      vertex 1.01503 -13.9501 7.23682
      vertex 0.888912 -13.9563 7.33035
    endloop
  endfacet
  facet normal -0.595677 0 -0.803224
    outer loop
      vertex 1.01503 -13.9501 7.23682
      vertex 0.888912 -11.3304 7.33035
      vertex 1.01503 -11.2368 7.23682
    endloop
  endfacet
  facet normal -0.595677 0 -0.803224
    outer loop
      vertex 0.888912 -8.66965 7.33035
      vertex 1.01503 -3.94158 7.23682
      vertex 1.01503 -8.76318 7.23682
    endloop
  endfacet
  facet normal -0.595677 0 -0.803224
    outer loop
      vertex 1.01503 -3.94158 7.23682
      vertex 0.888912 -8.66965 7.33035
      vertex 0.888912 -3.97317 7.33035
    endloop
  endfacet
  facet normal 0.998794 -0 0.0491022
    outer loop
      vertex -1.6 -13.8988 6
      vertex -1.59229 -10.1568 5.84317
      vertex -1.6 -10 6
    endloop
  endfacet
  facet normal 0.998794 0 0.0491022
    outer loop
      vertex -1.59229 -10.1568 5.84317
      vertex -1.6 -13.8988 6
      vertex -1.59229 -13.8999 5.84317
    endloop
  endfacet
  facet normal 0.998794 0 0.0491022
    outer loop
      vertex -1.6 -3.74562 6
      vertex -1.59229 -9.84317 5.84317
      vertex -1.59229 -3.74927 5.84317
    endloop
  endfacet
  facet normal 0.998794 0 0.0491022
    outer loop
      vertex -1.59229 -9.84317 5.84317
      vertex -1.6 -3.74562 6
      vertex -1.6 -10 6
    endloop
  endfacet
  facet normal -0.336849 -0 -0.941559
    outer loop
      vertex 0.464455 -11.5311 7.5311
      vertex 0.612293 -13.9699 7.47821
      vertex 0.464455 -13.9772 7.5311
    endloop
  endfacet
  facet normal -0.336849 0 -0.941559
    outer loop
      vertex 0.612293 -13.9699 7.47821
      vertex 0.464455 -11.5311 7.5311
      vertex 0.612293 -11.4782 7.47821
    endloop
  endfacet
  facet normal -0.336849 0 -0.941559
    outer loop
      vertex 0.464455 -8.46889 7.5311
      vertex 0.612293 -4.0238 7.47821
      vertex 0.612293 -8.52179 7.47821
    endloop
  endfacet
  facet normal -0.336849 0 -0.941559
    outer loop
      vertex 0.612293 -4.0238 7.47821
      vertex 0.464455 -8.46889 7.5311
      vertex 0.464455 -4.04573 7.5311
    endloop
  endfacet
  facet normal 0.336849 0 -0.941559
    outer loop
      vertex -0.612293 -13.9699 7.47821
      vertex -0.464455 -11.5311 7.5311
      vertex -0.464455 -13.9772 7.5311
    endloop
  endfacet
  facet normal 0.336849 0 -0.941559
    outer loop
      vertex -0.464455 -11.5311 7.5311
      vertex -0.612293 -13.9699 7.47821
      vertex -0.612293 -11.4782 7.47821
    endloop
  endfacet
  facet normal 0.336849 0 -0.941559
    outer loop
      vertex -0.612293 -4.0238 7.47821
      vertex -0.464455 -8.46889 7.5311
      vertex -0.612293 -8.52179 7.47821
    endloop
  endfacet
  facet normal 0.336849 0 -0.941559
    outer loop
      vertex -0.464455 -8.46889 7.5311
      vertex -0.612293 -4.0238 7.47821
      vertex -0.464455 -4.04573 7.5311
    endloop
  endfacet
  facet normal -0.903983 0 0.427569
    outer loop
      vertex 1.41107 -10.7542 5.24576
      vertex 1.47821 -13.9169 5.38771
      vertex 1.47821 -10.6123 5.38771
    endloop
  endfacet
  facet normal -0.903983 0 0.427569
    outer loop
      vertex 1.47821 -13.9169 5.38771
      vertex 1.41107 -10.7542 5.24576
      vertex 1.41107 -13.9268 5.24576
    endloop
  endfacet
  facet normal -0.903983 0 0.427569
    outer loop
      vertex 1.41107 -9.24576 5.24576
      vertex 1.47821 -3.79387 5.38771
      vertex 1.41107 -3.81789 5.24576
    endloop
  endfacet
  facet normal -0.903983 0 0.427569
    outer loop
      vertex 1.47821 -3.79387 5.38771
      vertex 1.41107 -9.24576 5.24576
      vertex 1.47821 -9.38771 5.38771
    endloop
  endfacet
  facet normal 0.740918 0 0.671595
    outer loop
      vertex -1.18291 -3.89953 4.92549
      vertex -1.13137 -8.86863 4.86863
      vertex -1.13137 -3.91244 4.86863
    endloop
  endfacet
  facet normal 0.740948 6.95995e-07 0.671562
    outer loop
      vertex -1.23682 -3.88024 4.98497
      vertex -1.13137 -8.86863 4.86863
      vertex -1.18291 -3.89953 4.92549
    endloop
  endfacet
  facet normal 0.740933 0 0.671578
    outer loop
      vertex -1.13137 -8.86863 4.86863
      vertex -1.23682 -3.88024 4.98497
      vertex -1.23682 -8.98497 4.98497
    endloop
  endfacet
  facet normal 0.740933 -0 0.671578
    outer loop
      vertex -1.23682 -13.9392 4.98497
      vertex -1.13137 -11.1314 4.86863
      vertex -1.23682 -11.015 4.98497
    endloop
  endfacet
  facet normal 0.740933 0 0.671578
    outer loop
      vertex -1.13137 -11.1314 4.86863
      vertex -1.23682 -13.9392 4.98497
      vertex -1.13137 -13.9444 4.86863
    endloop
  endfacet
  facet normal -0.989184 0 -0.14668
    outer loop
      vertex 1.59229 -13.8999 6.15683
      vertex 1.56926 -10.3121 6.31214
      vertex 1.59229 -10.1568 6.15683
    endloop
  endfacet
  facet normal -0.989184 -0 -0.14668
    outer loop
      vertex 1.56926 -10.3121 6.31214
      vertex 1.59229 -13.8999 6.15683
      vertex 1.56926 -13.9034 6.31214
    endloop
  endfacet
  facet normal -0.989184 0 -0.14668
    outer loop
      vertex 1.59229 -3.74927 6.15683
      vertex 1.56926 -9.68785 6.31214
      vertex 1.56926 -3.76016 6.31214
    endloop
  endfacet
  facet normal -0.989184 0 -0.14668
    outer loop
      vertex 1.56926 -9.68785 6.31214
      vertex 1.59229 -3.74927 6.15683
      vertex 1.59229 -9.84317 6.15683
    endloop
  endfacet
  facet normal 0.671578 0 -0.740933
    outer loop
      vertex -1.13137 -13.9444 7.13137
      vertex -1.01503 -11.2368 7.23682
      vertex -1.01503 -13.9501 7.23682
    endloop
  endfacet
  facet normal 0.671578 0 -0.740933
    outer loop
      vertex -1.01503 -11.2368 7.23682
      vertex -1.13137 -13.9444 7.13137
      vertex -1.13137 -11.1314 7.13137
    endloop
  endfacet
  facet normal 0.671578 0 -0.740933
    outer loop
      vertex -1.13137 -3.91244 7.13137
      vertex -1.01503 -8.76318 7.23682
      vertex -1.13137 -8.86863 7.13137
    endloop
  endfacet
  facet normal 0.671578 0 -0.740933
    outer loop
      vertex -1.01503 -8.76318 7.23682
      vertex -1.13137 -3.91244 7.13137
      vertex -1.01503 -3.94158 7.23682
    endloop
  endfacet
  facet normal -0.146674 -0 -0.989185
    outer loop
      vertex 0.156827 -11.5923 7.59229
      vertex 0.312144 -13.9847 7.56926
      vertex 0.156827 -13.9923 7.59229
    endloop
  endfacet
  facet normal -0.146674 0 -0.989185
    outer loop
      vertex 0.312144 -13.9847 7.56926
      vertex 0.156827 -11.5923 7.59229
      vertex 0.312144 -11.5693 7.56926
    endloop
  endfacet
  facet normal -0.146674 0 -0.989185
    outer loop
      vertex 0.156827 -8.4077 7.59229
      vertex 0.312144 -4.05966 7.56926
      vertex 0.312144 -8.43074 7.56926
    endloop
  endfacet
  facet normal -0.146674 0 -0.989185
    outer loop
      vertex 0.312144 -4.05966 7.56926
      vertex 0.156827 -8.4077 7.59229
      vertex 0.156827 -4.0673 7.59229
    endloop
  endfacet
  facet normal -0.941553 0 0.336865
    outer loop
      vertex 1.47821 -10.6123 5.38771
      vertex 1.5311 -13.909 5.53554
      vertex 1.5311 -10.4645 5.53554
    endloop
  endfacet
  facet normal -0.941553 0 0.336865
    outer loop
      vertex 1.5311 -13.909 5.53554
      vertex 1.47821 -10.6123 5.38771
      vertex 1.47821 -13.9169 5.38771
    endloop
  endfacet
  facet normal -0.941553 0 0.336865
    outer loop
      vertex 1.47821 -9.38771 5.38771
      vertex 1.5311 -3.77495 5.53554
      vertex 1.47821 -3.79387 5.38771
    endloop
  endfacet
  facet normal -0.941553 0 0.336865
    outer loop
      vertex 1.5311 -3.77495 5.53554
      vertex 1.47821 -9.38771 5.38771
      vertex 1.5311 -9.53554 5.53554
    endloop
  endfacet
  facet normal 0.803229 0 -0.595671
    outer loop
      vertex -1.23682 -11.015 7.01503
      vertex -1.33035 -13.9346 6.88891
      vertex -1.33035 -10.8889 6.88891
    endloop
  endfacet
  facet normal 0.803229 0 -0.595671
    outer loop
      vertex -1.33035 -13.9346 6.88891
      vertex -1.23682 -11.015 7.01503
      vertex -1.23682 -13.9392 7.01503
    endloop
  endfacet
  facet normal 0.803229 0 -0.595671
    outer loop
      vertex -1.23682 -8.98497 7.01503
      vertex -1.33035 -3.84678 6.88891
      vertex -1.23682 -3.88024 7.01503
    endloop
  endfacet
  facet normal 0.803229 0 -0.595671
    outer loop
      vertex -1.33035 -3.84678 6.88891
      vertex -1.23682 -8.98497 7.01503
      vertex -1.33035 -9.11109 6.88891
    endloop
  endfacet
  facet normal 0.857723 -0 0.514112
    outer loop
      vertex -1.41107 -13.9268 5.24576
      vertex -1.33035 -10.8889 5.11109
      vertex -1.41107 -10.7542 5.24576
    endloop
  endfacet
  facet normal 0.857673 -0.00190588 0.514192
    outer loop
      vertex -1.33035 -13.9346 5.11109
      vertex -1.41107 -13.9268 5.24576
      vertex -1.37224 -13.9326 5.18097
    endloop
  endfacet
  facet normal 0.857723 0 0.514112
    outer loop
      vertex -1.41107 -13.9268 5.24576
      vertex -1.33035 -13.9346 5.11109
      vertex -1.33035 -10.8889 5.11109
    endloop
  endfacet
  facet normal 0.857723 0 0.514112
    outer loop
      vertex -1.41107 -3.81789 5.24576
      vertex -1.33035 -9.11109 5.11109
      vertex -1.33035 -3.84678 5.11109
    endloop
  endfacet
  facet normal 0.857723 0 0.514112
    outer loop
      vertex -1.33035 -9.11109 5.11109
      vertex -1.41107 -3.81789 5.24576
      vertex -1.41107 -9.24576 5.24576
    endloop
  endfacet
  facet normal -0.0491031 -0 -0.998794
    outer loop
      vertex 0 -11.6 7.6
      vertex 0.156827 -13.9923 7.59229
      vertex 0 -14 7.6
    endloop
  endfacet
  facet normal -0.0491031 0 -0.998794
    outer loop
      vertex 0.156827 -13.9923 7.59229
      vertex 0 -11.6 7.6
      vertex 0.156827 -11.5923 7.59229
    endloop
  endfacet
  facet normal -0.0491031 0 -0.998794
    outer loop
      vertex 0 -8.4 7.6
      vertex 0.156827 -4.0673 7.59229
      vertex 0.156827 -8.4077 7.59229
    endloop
  endfacet
  facet normal -0.0491031 0 -0.998794
    outer loop
      vertex 0.156827 -4.0673 7.59229
      vertex 0 -8.4 7.6
      vertex 0 -4.075 7.6
    endloop
  endfacet
  facet normal 0.595677 0 -0.803224
    outer loop
      vertex -1.01503 -13.9501 7.23682
      vertex -0.888912 -11.3304 7.33035
      vertex -0.888912 -13.9563 7.33035
    endloop
  endfacet
  facet normal 0.595677 0 -0.803224
    outer loop
      vertex -0.888912 -11.3304 7.33035
      vertex -1.01503 -13.9501 7.23682
      vertex -1.01503 -11.2368 7.23682
    endloop
  endfacet
  facet normal 0.595677 0 -0.803224
    outer loop
      vertex -1.01503 -3.94158 7.23682
      vertex -0.888912 -8.66965 7.33035
      vertex -1.01503 -8.76318 7.23682
    endloop
  endfacet
  facet normal 0.595677 0 -0.803224
    outer loop
      vertex -0.888912 -8.66965 7.33035
      vertex -1.01503 -3.94158 7.23682
      vertex -0.888912 -3.97317 7.33035
    endloop
  endfacet
  facet normal -0.740918 0 -0.671595
    outer loop
      vertex 1.18291 -3.89953 7.07451
      vertex 1.13137 -8.86863 7.13137
      vertex 1.13137 -3.91244 7.13137
    endloop
  endfacet
  facet normal -0.740948 6.95995e-07 -0.671562
    outer loop
      vertex 1.23682 -3.88024 7.01503
      vertex 1.13137 -8.86863 7.13137
      vertex 1.18291 -3.89953 7.07451
    endloop
  endfacet
  facet normal -0.740933 0 -0.671578
    outer loop
      vertex 1.13137 -8.86863 7.13137
      vertex 1.23682 -3.88024 7.01503
      vertex 1.23682 -8.98497 7.01503
    endloop
  endfacet
  facet normal -0.740933 0 -0.671578
    outer loop
      vertex 1.23682 -13.9392 7.01503
      vertex 1.13137 -11.1314 7.13137
      vertex 1.23682 -11.015 7.01503
    endloop
  endfacet
  facet normal -0.740933 -0 -0.671578
    outer loop
      vertex 1.13137 -11.1314 7.13137
      vertex 1.23682 -13.9392 7.01503
      vertex 1.13137 -13.9444 7.13137
    endloop
  endfacet
  facet normal 0.989184 0 -0.14668
    outer loop
      vertex -1.56926 -10.3121 6.31214
      vertex -1.59229 -13.8999 6.15683
      vertex -1.59229 -10.1568 6.15683
    endloop
  endfacet
  facet normal 0.989184 0 -0.14668
    outer loop
      vertex -1.59229 -13.8999 6.15683
      vertex -1.56926 -10.3121 6.31214
      vertex -1.56926 -13.9034 6.31214
    endloop
  endfacet
  facet normal 0.989184 0 -0.14668
    outer loop
      vertex -1.56926 -9.68785 6.31214
      vertex -1.59229 -3.74927 6.15683
      vertex -1.56926 -3.76016 6.31214
    endloop
  endfacet
  facet normal 0.989184 0 -0.14668
    outer loop
      vertex -1.59229 -3.74927 6.15683
      vertex -1.56926 -9.68785 6.31214
      vertex -1.59229 -9.84317 6.15683
    endloop
  endfacet
  facet normal -0.803229 0 0.595671
    outer loop
      vertex 1.23682 -11.015 4.98497
      vertex 1.33035 -13.9346 5.11109
      vertex 1.33035 -10.8889 5.11109
    endloop
  endfacet
  facet normal -0.803229 0 0.595671
    outer loop
      vertex 1.33035 -13.9346 5.11109
      vertex 1.23682 -11.015 4.98497
      vertex 1.23682 -13.9392 4.98497
    endloop
  endfacet
  facet normal -0.803229 0 0.595671
    outer loop
      vertex 1.23682 -8.98497 4.98497
      vertex 1.33035 -3.84678 5.11109
      vertex 1.23682 -3.88024 4.98497
    endloop
  endfacet
  facet normal -0.803229 0 0.595671
    outer loop
      vertex 1.33035 -3.84678 5.11109
      vertex 1.23682 -8.98497 4.98497
      vertex 1.33035 -9.11109 5.11109
    endloop
  endfacet
  facet normal 0.970031 0 -0.24298
    outer loop
      vertex -1.5311 -9.53554 6.46445
      vertex -1.55943 -3.76481 6.35135
      vertex -1.5311 -3.77495 6.46445
    endloop
  endfacet
  facet normal 0.969982 -4.09787e-06 -0.243176
    outer loop
      vertex -1.5311 -9.53554 6.46445
      vertex -1.56926 -3.76016 6.31214
      vertex -1.55943 -3.76481 6.35135
    endloop
  endfacet
  facet normal 0.970019 0 -0.24303
    outer loop
      vertex -1.56926 -3.76016 6.31214
      vertex -1.5311 -9.53554 6.46445
      vertex -1.56926 -9.68785 6.31214
    endloop
  endfacet
  facet normal 0.970019 0 -0.24303
    outer loop
      vertex -1.5311 -10.4645 6.46445
      vertex -1.56926 -13.9034 6.31214
      vertex -1.56926 -10.3121 6.31214
    endloop
  endfacet
  facet normal 0.970019 0 -0.24303
    outer loop
      vertex -1.56926 -13.9034 6.31214
      vertex -1.5311 -10.4645 6.46445
      vertex -1.5311 -13.909 6.46445
    endloop
  endfacet
  facet normal -0.998794 0 0.0491022
    outer loop
      vertex 1.59229 -10.1568 5.84317
      vertex 1.6 -13.8988 6
      vertex 1.6 -10 6
    endloop
  endfacet
  facet normal -0.998794 0 0.0491022
    outer loop
      vertex 1.6 -13.8988 6
      vertex 1.59229 -10.1568 5.84317
      vertex 1.59229 -13.8999 5.84317
    endloop
  endfacet
  facet normal -0.998794 0 0.0491022
    outer loop
      vertex 1.59229 -9.84317 5.84317
      vertex 1.6 -3.74562 6
      vertex 1.59229 -3.74927 5.84317
    endloop
  endfacet
  facet normal -0.998794 0 0.0491022
    outer loop
      vertex 1.6 -3.74562 6
      vertex 1.59229 -9.84317 5.84317
      vertex 1.6 -10 6
    endloop
  endfacet
  facet normal -0.970031 0 -0.24298
    outer loop
      vertex 1.55943 -3.76481 6.35135
      vertex 1.5311 -9.53554 6.46445
      vertex 1.5311 -3.77495 6.46445
    endloop
  endfacet
  facet normal -0.969982 -4.09787e-06 -0.243176
    outer loop
      vertex 1.56926 -3.76016 6.31214
      vertex 1.5311 -9.53554 6.46445
      vertex 1.55943 -3.76481 6.35135
    endloop
  endfacet
  facet normal -0.970019 0 -0.24303
    outer loop
      vertex 1.5311 -9.53554 6.46445
      vertex 1.56926 -3.76016 6.31214
      vertex 1.56926 -9.68785 6.31214
    endloop
  endfacet
  facet normal -0.970019 0 -0.24303
    outer loop
      vertex 1.56926 -13.9034 6.31214
      vertex 1.5311 -10.4645 6.46445
      vertex 1.56926 -10.3121 6.31214
    endloop
  endfacet
  facet normal -0.970019 -0 -0.24303
    outer loop
      vertex 1.5311 -10.4645 6.46445
      vertex 1.56926 -13.9034 6.31214
      vertex 1.5311 -13.909 6.46445
    endloop
  endfacet
  facet normal -0.514089 0 -0.857737
    outer loop
      vertex 0.754234 -8.58893 7.41107
      vertex 0.888912 -3.97317 7.33035
      vertex 0.888912 -8.66965 7.33035
    endloop
  endfacet
  facet normal -0.514079 -3.94207e-07 -0.857743
    outer loop
      vertex 0.888912 -3.97317 7.33035
      vertex 0.754234 -8.58893 7.41107
      vertex 0.794992 -3.9967 7.38664
    endloop
  endfacet
  facet normal -0.514112 0 -0.857723
    outer loop
      vertex 0.794992 -3.9967 7.38664
      vertex 0.754234 -8.58893 7.41107
      vertex 0.754234 -4.00275 7.41107
    endloop
  endfacet
  facet normal -0.514089 -0 -0.857737
    outer loop
      vertex 0.754234 -11.4111 7.41107
      vertex 0.888912 -13.9563 7.33035
      vertex 0.754234 -13.9629 7.41107
    endloop
  endfacet
  facet normal -0.514089 0 -0.857737
    outer loop
      vertex 0.888912 -13.9563 7.33035
      vertex 0.754234 -11.4111 7.41107
      vertex 0.888912 -11.3304 7.33035
    endloop
  endfacet
  facet normal 0.427591 0 -0.903972
    outer loop
      vertex -0.754234 -13.9629 7.41107
      vertex -0.612293 -11.4782 7.47821
      vertex -0.612293 -13.9699 7.47821
    endloop
  endfacet
  facet normal 0.427591 0 -0.903972
    outer loop
      vertex -0.612293 -11.4782 7.47821
      vertex -0.754234 -13.9629 7.41107
      vertex -0.754234 -11.4111 7.41107
    endloop
  endfacet
  facet normal 0.427591 0 -0.903972
    outer loop
      vertex -0.754234 -4.00275 7.41107
      vertex -0.612293 -8.52179 7.47821
      vertex -0.754234 -8.58893 7.41107
    endloop
  endfacet
  facet normal 0.427591 0 -0.903972
    outer loop
      vertex -0.612293 -8.52179 7.47821
      vertex -0.754234 -4.00275 7.41107
      vertex -0.612293 -4.0238 7.47821
    endloop
  endfacet
  facet normal -0.803229 0 -0.595671
    outer loop
      vertex 1.33035 -13.9346 6.88891
      vertex 1.23682 -11.015 7.01503
      vertex 1.33035 -10.8889 6.88891
    endloop
  endfacet
  facet normal -0.803229 -0 -0.595671
    outer loop
      vertex 1.23682 -11.015 7.01503
      vertex 1.33035 -13.9346 6.88891
      vertex 1.23682 -13.9392 7.01503
    endloop
  endfacet
  facet normal -0.803229 0 -0.595671
    outer loop
      vertex 1.33035 -3.84678 6.88891
      vertex 1.23682 -8.98497 7.01503
      vertex 1.23682 -3.88024 7.01503
    endloop
  endfacet
  facet normal -0.803229 0 -0.595671
    outer loop
      vertex 1.23682 -8.98497 7.01503
      vertex 1.33035 -3.84678 6.88891
      vertex 1.33035 -9.11109 6.88891
    endloop
  endfacet
  facet normal 0.336905 -0 0.941539
    outer loop
      vertex -0.612293 -13.9699 4.52179
      vertex -0.464455 -11.5311 4.46889
      vertex -0.612293 -11.4782 4.52179
    endloop
  endfacet
  facet normal 0.336905 0 0.941539
    outer loop
      vertex -0.464455 -11.5311 4.46889
      vertex -0.612293 -13.9699 4.52179
      vertex -0.464455 -13.9772 4.46889
    endloop
  endfacet
  facet normal 0.336905 0 0.941539
    outer loop
      vertex -0.612293 -4.0238 4.52179
      vertex -0.464455 -8.46889 4.46889
      vertex -0.464455 -4.04573 4.46889
    endloop
  endfacet
  facet normal 0.336905 0 0.941539
    outer loop
      vertex -0.464455 -8.46889 4.46889
      vertex -0.612293 -4.0238 4.52179
      vertex -0.612293 -8.52179 4.52179
    endloop
  endfacet
  facet normal -0.336905 0 0.941539
    outer loop
      vertex 0.464455 -11.5311 4.46889
      vertex 0.612293 -13.9699 4.52179
      vertex 0.612293 -11.4782 4.52179
    endloop
  endfacet
  facet normal -0.336905 0 0.941539
    outer loop
      vertex 0.612293 -13.9699 4.52179
      vertex 0.464455 -11.5311 4.46889
      vertex 0.464455 -13.9772 4.46889
    endloop
  endfacet
  facet normal -0.336905 0 0.941539
    outer loop
      vertex 0.464455 -8.46889 4.46889
      vertex 0.612293 -4.0238 4.52179
      vertex 0.464455 -4.04573 4.46889
    endloop
  endfacet
  facet normal -0.336905 0 0.941539
    outer loop
      vertex 0.612293 -4.0238 4.52179
      vertex 0.464455 -8.46889 4.46889
      vertex 0.612293 -8.52179 4.52179
    endloop
  endfacet
  facet normal -0.903971 0 -0.427594
    outer loop
      vertex 1.47821 -13.9169 6.61229
      vertex 1.41107 -10.7542 6.75423
      vertex 1.47821 -10.6123 6.61229
    endloop
  endfacet
  facet normal -0.903971 -0 -0.427594
    outer loop
      vertex 1.41107 -10.7542 6.75423
      vertex 1.47821 -13.9169 6.61229
      vertex 1.41107 -13.9268 6.75423
    endloop
  endfacet
  facet normal -0.903971 0 -0.427594
    outer loop
      vertex 1.47821 -3.79387 6.61229
      vertex 1.41107 -9.24576 6.75423
      vertex 1.41107 -3.81789 6.75423
    endloop
  endfacet
  facet normal -0.903971 0 -0.427594
    outer loop
      vertex 1.41107 -9.24576 6.75423
      vertex 1.47821 -3.79387 6.61229
      vertex 1.47821 -9.38771 6.61229
    endloop
  endfacet
  facet normal -0.671578 0 0.740933
    outer loop
      vertex 1.01503 -11.2368 4.76318
      vertex 1.13137 -13.9444 4.86863
      vertex 1.13137 -11.1314 4.86863
    endloop
  endfacet
  facet normal -0.671578 0 0.740933
    outer loop
      vertex 1.13137 -13.9444 4.86863
      vertex 1.01503 -11.2368 4.76318
      vertex 1.01503 -13.9501 4.76318
    endloop
  endfacet
  facet normal -0.671578 0 0.740933
    outer loop
      vertex 1.01503 -8.76318 4.76318
      vertex 1.13137 -3.91244 4.86863
      vertex 1.01503 -3.94158 4.76318
    endloop
  endfacet
  facet normal -0.671578 0 0.740933
    outer loop
      vertex 1.13137 -3.91244 4.86863
      vertex 1.01503 -8.76318 4.76318
      vertex 1.13137 -8.86863 4.86863
    endloop
  endfacet
  facet normal 0.513957 0 0.857816
    outer loop
      vertex -0.794992 -3.9967 4.61335
      vertex -0.754234 -8.58893 4.58893
      vertex -0.754234 -4.00275 4.58893
    endloop
  endfacet
  facet normal 0.514147 2.29003e-06 0.857702
    outer loop
      vertex -0.888912 -3.97317 4.66965
      vertex -0.754234 -8.58893 4.58893
      vertex -0.794992 -3.9967 4.61335
    endloop
  endfacet
  facet normal 0.514089 0 0.857737
    outer loop
      vertex -0.754234 -8.58893 4.58893
      vertex -0.888912 -3.97317 4.66965
      vertex -0.888912 -8.66965 4.66965
    endloop
  endfacet
  facet normal 0.514089 -0 0.857737
    outer loop
      vertex -0.888912 -13.9563 4.66965
      vertex -0.754234 -11.4111 4.58893
      vertex -0.888912 -11.3304 4.66965
    endloop
  endfacet
  facet normal 0.514089 0 0.857737
    outer loop
      vertex -0.754234 -11.4111 4.58893
      vertex -0.888912 -13.9563 4.66965
      vertex -0.754234 -13.9629 4.58893
    endloop
  endfacet
  facet normal 0.903983 -0 0.427569
    outer loop
      vertex -1.47821 -13.9169 5.38771
      vertex -1.41107 -10.7542 5.24576
      vertex -1.47821 -10.6123 5.38771
    endloop
  endfacet
  facet normal 0.903983 0 0.427569
    outer loop
      vertex -1.41107 -10.7542 5.24576
      vertex -1.47821 -13.9169 5.38771
      vertex -1.41107 -13.9268 5.24576
    endloop
  endfacet
  facet normal 0.903983 0 0.427569
    outer loop
      vertex -1.47821 -3.79387 5.38771
      vertex -1.41107 -9.24576 5.24576
      vertex -1.41107 -3.81789 5.24576
    endloop
  endfacet
  facet normal 0.903983 0 0.427569
    outer loop
      vertex -1.41107 -9.24576 5.24576
      vertex -1.47821 -3.79387 5.38771
      vertex -1.47821 -9.38771 5.38771
    endloop
  endfacet
  facet normal -0.0490396 0 0.998797
    outer loop
      vertex 0 -11.6 4.4
      vertex 0.156827 -13.9923 4.4077
      vertex 0.156827 -11.5923 4.4077
    endloop
  endfacet
  facet normal -0.0490396 0 0.998797
    outer loop
      vertex 0.156827 -13.9923 4.4077
      vertex 0 -11.6 4.4
      vertex 0 -14 4.4
    endloop
  endfacet
  facet normal -0.0490396 0 0.998797
    outer loop
      vertex 0 -4.075 4.4
      vertex 0.156827 -8.4077 4.4077
      vertex 0.156827 -4.0673 4.4077
    endloop
  endfacet
  facet normal -0.0490396 0 0.998797
    outer loop
      vertex 0.156827 -8.4077 4.4077
      vertex 0 -4.075 4.4
      vertex 0 -8.4 4.4
    endloop
  endfacet
  facet normal 0.903971 0 -0.427594
    outer loop
      vertex -1.41107 -10.7542 6.75423
      vertex -1.47821 -13.9169 6.61229
      vertex -1.47821 -10.6123 6.61229
    endloop
  endfacet
  facet normal 0.903971 0 -0.427594
    outer loop
      vertex -1.47821 -13.9169 6.61229
      vertex -1.41107 -10.7542 6.75423
      vertex -1.41107 -13.9268 6.75423
    endloop
  endfacet
  facet normal 0.903971 0 -0.427594
    outer loop
      vertex -1.41107 -9.24576 6.75423
      vertex -1.47821 -3.79387 6.61229
      vertex -1.41107 -3.81789 6.75423
    endloop
  endfacet
  facet normal 0.903971 0 -0.427594
    outer loop
      vertex -1.47821 -3.79387 6.61229
      vertex -1.41107 -9.24576 6.75423
      vertex -1.47821 -9.38771 6.61229
    endloop
  endfacet
  facet normal 0.242964 0 0.970035
    outer loop
      vertex -0.39942 -4.05538 4.4526
      vertex -0.312144 -8.43074 4.43074
      vertex -0.312144 -4.05966 4.43074
    endloop
  endfacet
  facet normal 0.242974 2.0836e-07 0.970033
    outer loop
      vertex -0.464455 -4.04573 4.46889
      vertex -0.312144 -8.43074 4.43074
      vertex -0.39942 -4.05538 4.4526
    endloop
  endfacet
  facet normal 0.242969 0 0.970034
    outer loop
      vertex -0.312144 -8.43074 4.43074
      vertex -0.464455 -4.04573 4.46889
      vertex -0.464455 -8.46889 4.46889
    endloop
  endfacet
  facet normal 0.242969 -0 0.970034
    outer loop
      vertex -0.464455 -13.9772 4.46889
      vertex -0.312144 -11.5693 4.43074
      vertex -0.464455 -11.5311 4.46889
    endloop
  endfacet
  facet normal 0.242969 0 0.970034
    outer loop
      vertex -0.312144 -11.5693 4.43074
      vertex -0.464455 -13.9772 4.46889
      vertex -0.312144 -13.9847 4.43074
    endloop
  endfacet
  facet normal 0.146736 -0 0.989176
    outer loop
      vertex -0.312144 -13.9847 4.43074
      vertex -0.156827 -11.5923 4.4077
      vertex -0.312144 -11.5693 4.43074
    endloop
  endfacet
  facet normal 0.146736 0 0.989176
    outer loop
      vertex -0.156827 -11.5923 4.4077
      vertex -0.312144 -13.9847 4.43074
      vertex -0.156827 -13.9923 4.4077
    endloop
  endfacet
  facet normal 0.146736 0 0.989176
    outer loop
      vertex -0.312144 -4.05966 4.43074
      vertex -0.156827 -8.4077 4.4077
      vertex -0.156827 -4.0673 4.4077
    endloop
  endfacet
  facet normal 0.146736 0 0.989176
    outer loop
      vertex -0.156827 -8.4077 4.4077
      vertex -0.312144 -4.05966 4.43074
      vertex -0.312144 -8.43074 4.43074
    endloop
  endfacet
  facet normal -0.94156 0 -0.336845
    outer loop
      vertex 1.5311 -13.909 6.46445
      vertex 1.47821 -10.6123 6.61229
      vertex 1.5311 -10.4645 6.46445
    endloop
  endfacet
  facet normal -0.94156 -0 -0.336845
    outer loop
      vertex 1.47821 -10.6123 6.61229
      vertex 1.5311 -13.909 6.46445
      vertex 1.47821 -13.9169 6.61229
    endloop
  endfacet
  facet normal -0.94156 0 -0.336845
    outer loop
      vertex 1.5311 -3.77495 6.46445
      vertex 1.47821 -9.38771 6.61229
      vertex 1.47821 -3.79387 6.61229
    endloop
  endfacet
  facet normal -0.94156 0 -0.336845
    outer loop
      vertex 1.47821 -9.38771 6.61229
      vertex 1.5311 -3.77495 6.46445
      vertex 1.5311 -9.53554 6.46445
    endloop
  endfacet
  facet normal 0.243069 0 -0.970009
    outer loop
      vertex -0.312144 -8.43074 7.56926
      vertex -0.39942 -4.05538 7.54739
      vertex -0.312144 -4.05966 7.56926
    endloop
  endfacet
  facet normal 0.243029 0 -0.970019
    outer loop
      vertex -0.464455 -4.04573 7.5311
      vertex -0.312144 -8.43074 7.56926
      vertex -0.464455 -8.46889 7.5311
    endloop
  endfacet
  facet normal 0.242974 -2.01526e-06 -0.970033
    outer loop
      vertex -0.312144 -8.43074 7.56926
      vertex -0.464455 -4.04573 7.5311
      vertex -0.39942 -4.05538 7.54739
    endloop
  endfacet
  facet normal 0.243029 0 -0.970019
    outer loop
      vertex -0.464455 -13.9772 7.5311
      vertex -0.312144 -11.5693 7.56926
      vertex -0.312144 -13.9847 7.56926
    endloop
  endfacet
  facet normal 0.243029 0 -0.970019
    outer loop
      vertex -0.312144 -11.5693 7.56926
      vertex -0.464455 -13.9772 7.5311
      vertex -0.464455 -11.5311 7.5311
    endloop
  endfacet
  facet normal 0.514112 0 -0.857723
    outer loop
      vertex -0.754234 -8.58893 7.41107
      vertex -0.794992 -3.9967 7.38664
      vertex -0.754234 -4.00275 7.41107
    endloop
  endfacet
  facet normal 0.514089 0 -0.857737
    outer loop
      vertex -0.888912 -3.97317 7.33035
      vertex -0.754234 -8.58893 7.41107
      vertex -0.888912 -8.66965 7.33035
    endloop
  endfacet
  facet normal 0.514079 -3.94207e-07 -0.857743
    outer loop
      vertex -0.754234 -8.58893 7.41107
      vertex -0.888912 -3.97317 7.33035
      vertex -0.794992 -3.9967 7.38664
    endloop
  endfacet
  facet normal 0.514089 0 -0.857737
    outer loop
      vertex -0.888912 -13.9563 7.33035
      vertex -0.754234 -11.4111 7.41107
      vertex -0.754234 -13.9629 7.41107
    endloop
  endfacet
  facet normal 0.514089 0 -0.857737
    outer loop
      vertex -0.754234 -11.4111 7.41107
      vertex -0.888912 -13.9563 7.33035
      vertex -0.888912 -11.3304 7.33035
    endloop
  endfacet
  facet normal -0.242974 2.0836e-07 0.970033
    outer loop
      vertex 0.312144 -8.43074 4.43074
      vertex 0.464455 -4.04573 4.46889
      vertex 0.39942 -4.05538 4.4526
    endloop
  endfacet
  facet normal -0.242964 0 0.970035
    outer loop
      vertex 0.312144 -8.43074 4.43074
      vertex 0.39942 -4.05538 4.4526
      vertex 0.312144 -4.05966 4.43074
    endloop
  endfacet
  facet normal -0.242969 0 0.970034
    outer loop
      vertex 0.464455 -4.04573 4.46889
      vertex 0.312144 -8.43074 4.43074
      vertex 0.464455 -8.46889 4.46889
    endloop
  endfacet
  facet normal -0.242969 0 0.970034
    outer loop
      vertex 0.312144 -11.5693 4.43074
      vertex 0.464455 -13.9772 4.46889
      vertex 0.464455 -11.5311 4.46889
    endloop
  endfacet
  facet normal -0.242969 0 0.970034
    outer loop
      vertex 0.464455 -13.9772 4.46889
      vertex 0.312144 -11.5693 4.43074
      vertex 0.312144 -13.9847 4.43074
    endloop
  endfacet
  facet normal -0.146736 0 0.989176
    outer loop
      vertex 0.156827 -11.5923 4.4077
      vertex 0.312144 -13.9847 4.43074
      vertex 0.312144 -11.5693 4.43074
    endloop
  endfacet
  facet normal -0.146736 0 0.989176
    outer loop
      vertex 0.312144 -13.9847 4.43074
      vertex 0.156827 -11.5923 4.4077
      vertex 0.156827 -13.9923 4.4077
    endloop
  endfacet
  facet normal -0.146736 0 0.989176
    outer loop
      vertex 0.156827 -8.4077 4.4077
      vertex 0.312144 -4.05966 4.43074
      vertex 0.156827 -4.0673 4.4077
    endloop
  endfacet
  facet normal -0.146736 0 0.989176
    outer loop
      vertex 0.312144 -4.05966 4.43074
      vertex 0.156827 -8.4077 4.4077
      vertex 0.312144 -8.43074 4.43074
    endloop
  endfacet
  facet normal 0.803229 -0 0.595671
    outer loop
      vertex -1.33035 -13.9346 5.11109
      vertex -1.23682 -11.015 4.98497
      vertex -1.33035 -10.8889 5.11109
    endloop
  endfacet
  facet normal 0.803229 0 0.595671
    outer loop
      vertex -1.23682 -11.015 4.98497
      vertex -1.33035 -13.9346 5.11109
      vertex -1.23682 -13.9392 4.98497
    endloop
  endfacet
  facet normal 0.803229 0 0.595671
    outer loop
      vertex -1.33035 -3.84678 5.11109
      vertex -1.23682 -8.98497 4.98497
      vertex -1.23682 -3.88024 4.98497
    endloop
  endfacet
  facet normal 0.803229 0 0.595671
    outer loop
      vertex -1.23682 -8.98497 4.98497
      vertex -1.33035 -3.84678 5.11109
      vertex -1.33035 -9.11109 5.11109
    endloop
  endfacet
  facet normal 0.740918 0 -0.671595
    outer loop
      vertex -1.13137 -8.86863 7.13137
      vertex -1.18291 -3.89953 7.07451
      vertex -1.13137 -3.91244 7.13137
    endloop
  endfacet
  facet normal 0.740948 6.95995e-07 -0.671562
    outer loop
      vertex -1.13137 -8.86863 7.13137
      vertex -1.23682 -3.88024 7.01503
      vertex -1.18291 -3.89953 7.07451
    endloop
  endfacet
  facet normal 0.740933 0 -0.671578
    outer loop
      vertex -1.23682 -3.88024 7.01503
      vertex -1.13137 -8.86863 7.13137
      vertex -1.23682 -8.98497 7.01503
    endloop
  endfacet
  facet normal 0.740933 0 -0.671578
    outer loop
      vertex -1.13137 -11.1314 7.13137
      vertex -1.23682 -13.9392 7.01503
      vertex -1.23682 -11.015 7.01503
    endloop
  endfacet
  facet normal 0.740933 0 -0.671578
    outer loop
      vertex -1.23682 -13.9392 7.01503
      vertex -1.13137 -11.1314 7.13137
      vertex -1.13137 -13.9444 7.13137
    endloop
  endfacet
  facet normal -0.427591 -0 -0.903972
    outer loop
      vertex 0.612293 -11.4782 7.47821
      vertex 0.754234 -13.9629 7.41107
      vertex 0.612293 -13.9699 7.47821
    endloop
  endfacet
  facet normal -0.427591 0 -0.903972
    outer loop
      vertex 0.754234 -13.9629 7.41107
      vertex 0.612293 -11.4782 7.47821
      vertex 0.754234 -11.4111 7.41107
    endloop
  endfacet
  facet normal -0.427591 0 -0.903972
    outer loop
      vertex 0.612293 -8.52179 7.47821
      vertex 0.754234 -4.00275 7.41107
      vertex 0.754234 -8.58893 7.41107
    endloop
  endfacet
  facet normal -0.427591 0 -0.903972
    outer loop
      vertex 0.754234 -4.00275 7.41107
      vertex 0.612293 -8.52179 7.47821
      vertex 0.612293 -4.0238 7.47821
    endloop
  endfacet
  facet normal -0.427591 0 0.903972
    outer loop
      vertex 0.612293 -11.4782 4.52179
      vertex 0.754234 -13.9629 4.58893
      vertex 0.754234 -11.4111 4.58893
    endloop
  endfacet
  facet normal -0.427591 0 0.903972
    outer loop
      vertex 0.754234 -13.9629 4.58893
      vertex 0.612293 -11.4782 4.52179
      vertex 0.612293 -13.9699 4.52179
    endloop
  endfacet
  facet normal -0.427591 0 0.903972
    outer loop
      vertex 0.612293 -8.52179 4.52179
      vertex 0.754234 -4.00275 4.58893
      vertex 0.612293 -4.0238 4.52179
    endloop
  endfacet
  facet normal -0.427591 0 0.903972
    outer loop
      vertex 0.754234 -4.00275 4.58893
      vertex 0.612293 -8.52179 4.52179
      vertex 0.754234 -8.58893 4.58893
    endloop
  endfacet
  facet normal -0.989185 0 0.146671
    outer loop
      vertex 1.56926 -10.3121 5.68785
      vertex 1.59229 -13.8999 5.84317
      vertex 1.59229 -10.1568 5.84317
    endloop
  endfacet
  facet normal -0.989185 0 0.146671
    outer loop
      vertex 1.59229 -13.8999 5.84317
      vertex 1.56926 -10.3121 5.68785
      vertex 1.56926 -13.9034 5.68785
    endloop
  endfacet
  facet normal -0.989185 0 0.146671
    outer loop
      vertex 1.56926 -9.68785 5.68785
      vertex 1.59229 -3.74927 5.84317
      vertex 1.56926 -3.76016 5.68785
    endloop
  endfacet
  facet normal -0.989185 0 0.146671
    outer loop
      vertex 1.59229 -3.74927 5.84317
      vertex 1.56926 -9.68785 5.68785
      vertex 1.59229 -9.84317 5.84317
    endloop
  endfacet
  facet normal -0.970036 0 0.242959
    outer loop
      vertex 1.5311 -9.53554 5.53554
      vertex 1.55943 -3.76481 5.64865
      vertex 1.5311 -3.77495 5.53554
    endloop
  endfacet
  facet normal -0.969967 -5.73892e-06 0.243235
    outer loop
      vertex 1.5311 -9.53554 5.53554
      vertex 1.56926 -3.76016 5.68785
      vertex 1.55943 -3.76481 5.64865
    endloop
  endfacet
  facet normal -0.970019 0 0.24303
    outer loop
      vertex 1.56926 -3.76016 5.68785
      vertex 1.5311 -9.53554 5.53554
      vertex 1.56926 -9.68785 5.68785
    endloop
  endfacet
  facet normal -0.970019 0 0.24303
    outer loop
      vertex 1.5311 -10.4645 5.53554
      vertex 1.56926 -13.9034 5.68785
      vertex 1.56926 -10.3121 5.68785
    endloop
  endfacet
  facet normal -0.970019 0 0.24303
    outer loop
      vertex 1.56926 -13.9034 5.68785
      vertex 1.5311 -10.4645 5.53554
      vertex 1.5311 -13.909 5.53554
    endloop
  endfacet
  facet normal 0.146674 0 -0.989185
    outer loop
      vertex -0.312144 -13.9847 7.56926
      vertex -0.156827 -11.5923 7.59229
      vertex -0.156827 -13.9923 7.59229
    endloop
  endfacet
  facet normal 0.146674 0 -0.989185
    outer loop
      vertex -0.156827 -11.5923 7.59229
      vertex -0.312144 -13.9847 7.56926
      vertex -0.312144 -11.5693 7.56926
    endloop
  endfacet
  facet normal 0.146674 0 -0.989185
    outer loop
      vertex -0.312144 -4.05966 7.56926
      vertex -0.156827 -8.4077 7.59229
      vertex -0.312144 -8.43074 7.56926
    endloop
  endfacet
  facet normal 0.146674 0 -0.989185
    outer loop
      vertex -0.156827 -8.4077 7.59229
      vertex -0.312144 -4.05966 7.56926
      vertex -0.156827 -4.0673 7.59229
    endloop
  endfacet
  facet normal 0.941553 -0 0.336865
    outer loop
      vertex -1.5311 -13.909 5.53554
      vertex -1.47821 -10.6123 5.38771
      vertex -1.5311 -10.4645 5.53554
    endloop
  endfacet
  facet normal 0.941553 0 0.336865
    outer loop
      vertex -1.47821 -10.6123 5.38771
      vertex -1.5311 -13.909 5.53554
      vertex -1.47821 -13.9169 5.38771
    endloop
  endfacet
  facet normal 0.941553 0 0.336865
    outer loop
      vertex -1.5311 -3.77495 5.53554
      vertex -1.47821 -9.38771 5.38771
      vertex -1.47821 -3.79387 5.38771
    endloop
  endfacet
  facet normal 0.941553 0 0.336865
    outer loop
      vertex -1.47821 -9.38771 5.38771
      vertex -1.5311 -3.77495 5.53554
      vertex -1.5311 -9.53554 5.53554
    endloop
  endfacet
  facet normal 0.0490396 -0 0.998797
    outer loop
      vertex -0.156827 -13.9923 4.4077
      vertex 0 -11.6 4.4
      vertex -0.156827 -11.5923 4.4077
    endloop
  endfacet
  facet normal 0.0490396 0 0.998797
    outer loop
      vertex 0 -11.6 4.4
      vertex -0.156827 -13.9923 4.4077
      vertex 0 -14 4.4
    endloop
  endfacet
  facet normal 0.0490396 0 0.998797
    outer loop
      vertex -0.156827 -4.0673 4.4077
      vertex 0 -8.4 4.4
      vertex 0 -4.075 4.4
    endloop
  endfacet
  facet normal 0.0490396 0 0.998797
    outer loop
      vertex 0 -8.4 4.4
      vertex -0.156827 -4.0673 4.4077
      vertex -0.156827 -8.4077 4.4077
    endloop
  endfacet
  facet normal 0.998794 0 -0.0491022
    outer loop
      vertex -1.59229 -10.1568 6.15683
      vertex -1.6 -13.8988 6
      vertex -1.6 -10 6
    endloop
  endfacet
  facet normal 0.998794 0 -0.0491022
    outer loop
      vertex -1.6 -13.8988 6
      vertex -1.59229 -10.1568 6.15683
      vertex -1.59229 -13.8999 6.15683
    endloop
  endfacet
  facet normal 0.998794 0 -0.0491022
    outer loop
      vertex -1.59229 -9.84317 6.15683
      vertex -1.6 -3.74562 6
      vertex -1.59229 -3.74927 6.15683
    endloop
  endfacet
  facet normal 0.998794 0 -0.0491022
    outer loop
      vertex -1.6 -3.74562 6
      vertex -1.59229 -9.84317 6.15683
      vertex -1.6 -10 6
    endloop
  endfacet
  facet normal 0.970036 0 0.242959
    outer loop
      vertex -1.55943 -3.76481 5.64865
      vertex -1.5311 -9.53554 5.53554
      vertex -1.5311 -3.77495 5.53554
    endloop
  endfacet
  facet normal 0.969967 -5.73892e-06 0.243235
    outer loop
      vertex -1.56926 -3.76016 5.68785
      vertex -1.5311 -9.53554 5.53554
      vertex -1.55943 -3.76481 5.64865
    endloop
  endfacet
  facet normal 0.970019 0 0.24303
    outer loop
      vertex -1.5311 -9.53554 5.53554
      vertex -1.56926 -3.76016 5.68785
      vertex -1.56926 -9.68785 5.68785
    endloop
  endfacet
  facet normal 0.970019 -0 0.24303
    outer loop
      vertex -1.56926 -13.9034 5.68785
      vertex -1.5311 -10.4645 5.53554
      vertex -1.56926 -10.3121 5.68785
    endloop
  endfacet
  facet normal 0.970019 0 0.24303
    outer loop
      vertex -1.5311 -10.4645 5.53554
      vertex -1.56926 -13.9034 5.68785
      vertex -1.5311 -13.909 5.53554
    endloop
  endfacet
  facet normal -0.595677 0 0.803224
    outer loop
      vertex 0.888912 -11.3304 4.66965
      vertex 1.01503 -13.9501 4.76318
      vertex 1.01503 -11.2368 4.76318
    endloop
  endfacet
  facet normal -0.595677 0 0.803224
    outer loop
      vertex 1.01503 -13.9501 4.76318
      vertex 0.888912 -11.3304 4.66965
      vertex 0.888912 -13.9563 4.66965
    endloop
  endfacet
  facet normal -0.595677 0 0.803224
    outer loop
      vertex 0.888912 -8.66965 4.66965
      vertex 1.01503 -3.94158 4.76318
      vertex 0.888912 -3.97317 4.66965
    endloop
  endfacet
  facet normal -0.595677 0 0.803224
    outer loop
      vertex 1.01503 -3.94158 4.76318
      vertex 0.888912 -8.66965 4.66965
      vertex 1.01503 -8.76318 4.76318
    endloop
  endfacet
  facet normal -0.671578 -0 -0.740933
    outer loop
      vertex 1.01503 -11.2368 7.23682
      vertex 1.13137 -13.9444 7.13137
      vertex 1.01503 -13.9501 7.23682
    endloop
  endfacet
  facet normal -0.671578 0 -0.740933
    outer loop
      vertex 1.13137 -13.9444 7.13137
      vertex 1.01503 -11.2368 7.23682
      vertex 1.13137 -11.1314 7.13137
    endloop
  endfacet
  facet normal -0.671578 0 -0.740933
    outer loop
      vertex 1.01503 -8.76318 7.23682
      vertex 1.13137 -3.91244 7.13137
      vertex 1.13137 -8.86863 7.13137
    endloop
  endfacet
  facet normal -0.671578 0 -0.740933
    outer loop
      vertex 1.13137 -3.91244 7.13137
      vertex 1.01503 -8.76318 7.23682
      vertex 1.01503 -3.94158 7.23682
    endloop
  endfacet
  facet normal 0.0491031 0 -0.998794
    outer loop
      vertex -0.156827 -13.9923 7.59229
      vertex 0 -11.6 7.6
      vertex 0 -14 7.6
    endloop
  endfacet
  facet normal 0.0491031 0 -0.998794
    outer loop
      vertex 0 -11.6 7.6
      vertex -0.156827 -13.9923 7.59229
      vertex -0.156827 -11.5923 7.59229
    endloop
  endfacet
  facet normal 0.0491031 0 -0.998794
    outer loop
      vertex -0.156827 -8.4077 7.59229
      vertex 0 -4.075 7.6
      vertex 0 -8.4 7.6
    endloop
  endfacet
  facet normal 0.0491031 0 -0.998794
    outer loop
      vertex 0 -4.075 7.6
      vertex -0.156827 -8.4077 7.59229
      vertex -0.156827 -4.0673 7.59229
    endloop
  endfacet
  facet normal -0.740918 0 0.671595
    outer loop
      vertex 1.13137 -8.86863 4.86863
      vertex 1.18291 -3.89953 4.92549
      vertex 1.13137 -3.91244 4.86863
    endloop
  endfacet
  facet normal -0.740948 6.95995e-07 0.671562
    outer loop
      vertex 1.13137 -8.86863 4.86863
      vertex 1.23682 -3.88024 4.98497
      vertex 1.18291 -3.89953 4.92549
    endloop
  endfacet
  facet normal -0.740933 0 0.671578
    outer loop
      vertex 1.23682 -3.88024 4.98497
      vertex 1.13137 -8.86863 4.86863
      vertex 1.23682 -8.98497 4.98497
    endloop
  endfacet
  facet normal -0.740933 0 0.671578
    outer loop
      vertex 1.13137 -11.1314 4.86863
      vertex 1.23682 -13.9392 4.98497
      vertex 1.23682 -11.015 4.98497
    endloop
  endfacet
  facet normal -0.740933 0 0.671578
    outer loop
      vertex 1.23682 -13.9392 4.98497
      vertex 1.13137 -11.1314 4.86863
      vertex 1.13137 -13.9444 4.86863
    endloop
  endfacet
  facet normal -0.514147 2.29003e-06 0.857702
    outer loop
      vertex 0.754234 -8.58893 4.58893
      vertex 0.888912 -3.97317 4.66965
      vertex 0.794992 -3.9967 4.61335
    endloop
  endfacet
  facet normal -0.513957 0 0.857816
    outer loop
      vertex 0.754234 -8.58893 4.58893
      vertex 0.794992 -3.9967 4.61335
      vertex 0.754234 -4.00275 4.58893
    endloop
  endfacet
  facet normal -0.514089 0 0.857737
    outer loop
      vertex 0.888912 -3.97317 4.66965
      vertex 0.754234 -8.58893 4.58893
      vertex 0.888912 -8.66965 4.66965
    endloop
  endfacet
  facet normal -0.514089 0 0.857737
    outer loop
      vertex 0.754234 -11.4111 4.58893
      vertex 0.888912 -13.9563 4.66965
      vertex 0.888912 -11.3304 4.66965
    endloop
  endfacet
  facet normal -0.514089 0 0.857737
    outer loop
      vertex 0.888912 -13.9563 4.66965
      vertex 0.754234 -11.4111 4.58893
      vertex 0.754234 -13.9629 4.58893
    endloop
  endfacet
  facet normal 0.427591 -0 0.903972
    outer loop
      vertex -0.754234 -13.9629 4.58893
      vertex -0.612293 -11.4782 4.52179
      vertex -0.754234 -11.4111 4.58893
    endloop
  endfacet
  facet normal 0.427591 0 0.903972
    outer loop
      vertex -0.612293 -11.4782 4.52179
      vertex -0.754234 -13.9629 4.58893
      vertex -0.612293 -13.9699 4.52179
    endloop
  endfacet
  facet normal 0.427591 0 0.903972
    outer loop
      vertex -0.754234 -4.00275 4.58893
      vertex -0.612293 -8.52179 4.52179
      vertex -0.612293 -4.0238 4.52179
    endloop
  endfacet
  facet normal 0.427591 0 0.903972
    outer loop
      vertex -0.612293 -8.52179 4.52179
      vertex -0.754234 -4.00275 4.58893
      vertex -0.754234 -8.58893 4.58893
    endloop
  endfacet
  facet normal 0.671578 -0 0.740933
    outer loop
      vertex -1.13137 -13.9444 4.86863
      vertex -1.01503 -11.2368 4.76318
      vertex -1.13137 -11.1314 4.86863
    endloop
  endfacet
  facet normal 0.671578 0 0.740933
    outer loop
      vertex -1.01503 -11.2368 4.76318
      vertex -1.13137 -13.9444 4.86863
      vertex -1.01503 -13.9501 4.76318
    endloop
  endfacet
  facet normal 0.671578 0 0.740933
    outer loop
      vertex -1.13137 -3.91244 4.86863
      vertex -1.01503 -8.76318 4.76318
      vertex -1.01503 -3.94158 4.76318
    endloop
  endfacet
  facet normal 0.671578 0 0.740933
    outer loop
      vertex -1.01503 -8.76318 4.76318
      vertex -1.13137 -3.91244 4.86863
      vertex -1.13137 -8.86863 4.86863
    endloop
  endfacet
  facet normal -0.857723 0 0.514112
    outer loop
      vertex 1.33035 -10.8889 5.11109
      vertex 1.41107 -13.9268 5.24576
      vertex 1.41107 -10.7542 5.24576
    endloop
  endfacet
  facet normal -0.857723 0 0.514112
    outer loop
      vertex 1.33035 -13.9346 5.11109
      vertex 1.41107 -13.9268 5.24576
      vertex 1.33035 -10.8889 5.11109
    endloop
  endfacet
  facet normal -0.857673 -0.00190588 0.514192
    outer loop
      vertex 1.41107 -13.9268 5.24576
      vertex 1.33035 -13.9346 5.11109
      vertex 1.37224 -13.9326 5.18097
    endloop
  endfacet
  facet normal -0.857723 0 0.514112
    outer loop
      vertex 1.33035 -9.11109 5.11109
      vertex 1.41107 -3.81789 5.24576
      vertex 1.33035 -3.84678 5.11109
    endloop
  endfacet
  facet normal -0.857723 0 0.514112
    outer loop
      vertex 1.41107 -3.81789 5.24576
      vertex 1.33035 -9.11109 5.11109
      vertex 1.41107 -9.24576 5.24576
    endloop
  endfacet
  facet normal 0.989185 -0 0.146671
    outer loop
      vertex -1.59229 -13.8999 5.84317
      vertex -1.56926 -10.3121 5.68785
      vertex -1.59229 -10.1568 5.84317
    endloop
  endfacet
  facet normal 0.989185 0 0.146671
    outer loop
      vertex -1.56926 -10.3121 5.68785
      vertex -1.59229 -13.8999 5.84317
      vertex -1.56926 -13.9034 5.68785
    endloop
  endfacet
  facet normal 0.989185 0 0.146671
    outer loop
      vertex -1.59229 -3.74927 5.84317
      vertex -1.56926 -9.68785 5.68785
      vertex -1.56926 -3.76016 5.68785
    endloop
  endfacet
  facet normal 0.989185 0 0.146671
    outer loop
      vertex -1.56926 -9.68785 5.68785
      vertex -1.59229 -3.74927 5.84317
      vertex -1.59229 -9.84317 5.84317
    endloop
  endfacet
  facet normal 0.85774 0 -0.514084
    outer loop
      vertex -1.33035 -10.8889 6.88891
      vertex -1.41107 -13.9268 6.75423
      vertex -1.41107 -10.7542 6.75423
    endloop
  endfacet
  facet normal 0.85774 0 -0.514084
    outer loop
      vertex -1.33035 -13.9346 6.88891
      vertex -1.41107 -13.9268 6.75423
      vertex -1.33035 -10.8889 6.88891
    endloop
  endfacet
  facet normal 0.857654 -0.00320908 -0.514218
    outer loop
      vertex -1.41107 -13.9268 6.75423
      vertex -1.33035 -13.9346 6.88891
      vertex -1.37224 -13.9326 6.81903
    endloop
  endfacet
  facet normal 0.85774 0 -0.514084
    outer loop
      vertex -1.33035 -9.11109 6.88891
      vertex -1.41107 -3.81789 6.75423
      vertex -1.33035 -3.84678 6.88891
    endloop
  endfacet
  facet normal 0.85774 0 -0.514084
    outer loop
      vertex -1.41107 -3.81789 6.75423
      vertex -1.33035 -9.11109 6.88891
      vertex -1.41107 -9.24576 6.75423
    endloop
  endfacet
  facet normal 0.595677 -0 0.803224
    outer loop
      vertex -1.01503 -13.9501 4.76318
      vertex -0.888912 -11.3304 4.66965
      vertex -1.01503 -11.2368 4.76318
    endloop
  endfacet
  facet normal 0.595677 0 0.803224
    outer loop
      vertex -0.888912 -11.3304 4.66965
      vertex -1.01503 -13.9501 4.76318
      vertex -0.888912 -13.9563 4.66965
    endloop
  endfacet
  facet normal 0.595677 0 0.803224
    outer loop
      vertex -1.01503 -3.94158 4.76318
      vertex -0.888912 -8.66965 4.66965
      vertex -0.888912 -3.97317 4.66965
    endloop
  endfacet
  facet normal 0.595677 0 0.803224
    outer loop
      vertex -0.888912 -8.66965 4.66965
      vertex -1.01503 -3.94158 4.76318
      vertex -1.01503 -8.76318 4.76318
    endloop
  endfacet
endsolid OpenSCAD_Model
